epoch,train_loss,val_loss,train_recon_loss,val_recon_loss,train_kl_loss,val_kl_loss,train_age_loss,val_age_loss,train_site_loss,val_site_loss,train_age_mae,val_age_mae,train_site_acc,val_site_acc,train_age_r2,val_age_r2,current_beta,current_grl_alpha,current_lr
1,65.68902355302718,112.51970789982722,1.261228443607684e-05,2.0075024278479377e-05,104.86512164654245,108.01201872044184,3.006497587989922,5.36511017247586,2.2235271643154584,2.086840859623657,3.006497587989922,5.36511017247586,40.619765494137354,37.79264214046823,-0.2144312858581543,-1.9784693717956543,0.0,0.0,0.0001
2,62.075468660798705,93.98711203890899,2.5234206953563515e-05,3.222399829251436e-05,109.12138341140108,110.66574433495767,2.865722084364899,4.482959560726,1.9042089274979916,1.7309113617326104,2.865722084364899,4.482959560726,40.117252931323286,42.14046822742475,-0.07927191257476807,-1.3428823947906494,0.0,0.025,0.0001
3,63.27948727759484,72.3467961186948,3.6477837413221824e-05,4.1039132518556754e-05,111.28819311963055,112.40155621276651,2.9280855064615734,3.4316663542718793,1.8868190633192334,1.4850596624074572,2.9280855064615734,3.4316663542718793,39.86599664991625,48.82943143812709,-0.15741217136383057,-0.5653345584869385,0.0,0.05,0.0001
4,62.166591765692885,70.19247260460487,4.448660041713172e-05,4.926631599207203e-05,113.04863036138129,114.89947974163553,2.8800346447994163,3.2812940843129237,1.8260033000853393,1.826242454075893,2.8800346447994163,3.2812940843129237,42.71356783919598,33.44481605351171,-0.10907649993896484,-0.4462629556655884,0.0,0.075,0.0001
5,62.29378025176337,72.76223190971042,5.7395782701552566e-05,6.884167058549878e-05,117.17016082712554,120.13612603024895,2.891748398392644,3.4251725394590244,1.783065835834548,1.702962479862481,2.891748398392644,3.4251725394590244,40.7035175879397,36.78929765886287,-0.08503401279449463,-0.5726801156997681,0.0,0.1,0.0001
6,61.69156768773269,76.72869041213224,7.2045492211519e-05,7.69644020054019e-05,120.56773183493559,121.79964135721774,2.864078903917092,3.6700416336888853,1.7634189230712813,1.3305269531581714,2.864078903917092,3.6700416336888853,38.19095477386934,49.163879598662206,-0.08445370197296143,-0.7770965099334717,0.0,0.125,0.0001
7,62.25285734243728,71.44959075315342,8.879834355837532e-05,0.00010478006697058939,123.96185104651268,126.22308747664742,2.9088636231382488,3.3740213268177963,1.6295232471309515,1.5868270839735816,2.9088636231382488,3.3740213268177963,41.038525963149084,40.802675585284284,-0.12025332450866699,-0.5255101919174194,0.0,0.15,0.0001
8,61.37772502292141,66.6717933093425,0.00011190713168854296,0.00012499968151220847,127.42850283522102,129.62125429899797,2.8640642441696857,3.1476084085611196,1.6376802995176971,1.4868508553425206,2.8640642441696857,3.1476084085611196,41.79229480737018,45.1505016722408,-0.06970632076263428,-0.307034969329834,0.0,0.17500000000000002,0.0001
9,61.48125869265353,64.5130589973169,0.0001371412375312801,0.00014306773591426866,130.78443338723238,131.61541018278703,2.8691583298758245,3.0311916049906245,1.638139512670699,1.5545452900953516,2.8691583298758245,3.0311916049906245,39.36348408710218,44.481605351170565,-0.095367431640625,-0.1592336893081665,0.0,0.2,0.0001
10,61.977478704660186,64.96281963845958,0.0001455141002097022,0.0001407263113885034,131.96372515552207,130.28562335266318,2.8982673801569083,3.0721209591447707,1.6036881176470912,1.4070339960398084,2.8982673801569083,3.0721209591447707,39.949748743718594,42.14046822742475,-0.09984219074249268,-0.2271207571029663,0.0,0.22499999999999998,0.0001
11,61.05841755827068,70.22439751258263,0.00013045490009771032,0.0001237703922666441,128.93358716852902,127.17971171503481,2.842932403187456,3.2982980200279517,1.6788642979546808,1.7023848518480027,2.842932403187456,3.2982980200279517,40.53601340033501,40.802675585284284,-0.07989084720611572,-0.460734486579895,0.0,0.25,0.0001
12,62.249182568522954,67.1126288347021,0.00012193318916905134,0.00012240190733298908,125.97843221284236,124.80368488528657,2.894260335008503,3.165911019047766,1.744614196782136,1.5167837469872822,2.894260335008503,3.165911019047766,39.36348408710218,39.79933110367893,-0.12542057037353516,-0.36021971702575684,0.0,0.275,0.0001
13,61.507893547939894,65.25313999341881,0.00012072687640767061,0.00012101932027942523,123.78369589187392,122.64259126593038,2.8578553119895846,3.088906048931007,1.739348746624025,1.3890399932861328,2.8578553119895846,3.088906048931007,42.629815745393635,45.819397993311036,-0.060254573822021484,-0.22993624210357666,0.0,0.3,0.0001
14,62.25317699106495,64.50631738107738,0.00012343598029910082,0.0001236994378580198,122.71440865725928,122.38793728423357,2.8830374768830622,3.0326852702775526,1.8359833650253525,1.5400555432839538,2.8830374768830622,3.0326852702775526,39.61474036850921,44.14715719063545,-0.08007633686065674,-0.1856069564819336,0.0,0.325,0.0001
15,63.06377496511693,67.20645797372264,0.00012545318779936512,0.00012988004122703432,121.56089372491118,121.88405956153487,2.88725403844811,3.0994322690676688,2.1264740833685027,2.086086259637788,2.88725403844811,3.0994322690676688,42.3785594639866,42.474916387959865,-0.107718825340271,-0.27354300022125244,0.0,0.35000000000000003,0.0001
16,64.65948410928749,71.505308833808,0.00014814158069017427,0.0001744988790431362,124.3016299913876,128.36535277095527,2.887834816522135,3.169131631436555,2.759929672158144,3.247674985872862,2.887834816522135,3.169131631436555,41.87604690117253,43.812709030100336,-0.10657751560211182,-0.31365299224853516,0.0,0.375,0.0001
17,67.3239451141613,72.59993271843645,0.0002010777309225713,0.00023929306471807553,131.49737474706703,135.9760665638391,2.9148659238863233,3.161130246510075,3.6090418817210237,3.749017883702664,2.9148659238863233,3.161130246510075,41.20603015075377,43.812709030100336,-0.12154757976531982,-0.3357740640640259,0.0,0.4,0.0001
18,68.21640509217228,76.78502884676624,0.0002739026915251591,0.0003125023951031342,139.7332775173475,143.62550869434574,2.889125141865844,3.3264382092849067,4.171369766669857,4.100005652194836,2.889125141865844,3.3264382092849067,41.37353433835846,43.812709030100336,-0.09701776504516602,-0.48983585834503174,0.0,0.425,0.0001
19,70.04050538847395,82.0294450230423,0.00033526790846635275,0.0003715459796417828,145.5364181799705,148.82385789750012,2.92860569866059,3.533275066012124,4.584674609965416,4.5426058258898685,2.92860569866059,3.533275066012124,41.37353433835846,43.812709030100336,-0.131026029586792,-0.6509392261505127,0.0,0.44999999999999996,0.0001
20,70.80621187091872,78.0973925128031,0.00040466612820331025,0.0004508934932975815,151.81248167411766,156.75819320423548,2.909097441476793,3.2810716501446473,5.04646760215312,4.98677601224204,2.909097441476793,3.2810716501446473,41.37353433835846,43.812709030100336,-0.13159465789794922,-0.43950462341308594,0.0,0.47500000000000003,0.0001
21,71.42361446361446,75.08539341444953,0.0004749706628657503,0.0005001758192556857,158.38759811120218,160.45384007074364,2.910588364704969,3.1122195497404372,5.2809394120770685,5.132400381923918,2.910588364704969,3.1122195497404372,41.37353433835846,43.812709030100336,-0.12583708763122559,-0.29198241233825684,0.0,0.5,5e-05
22,70.99590535379535,75.73319070873453,0.0005215051302364973,0.0005487970991081942,162.20739107115983,164.83343015945078,2.863114202441882,3.1308615534600603,5.489276503398391,5.241992987119234,2.863114202441882,3.1308615534600603,41.37353433835846,43.812709030100336,-0.06943440437316895,-0.29954981803894043,0.0,0.525,5e-05
23,71.04388621983615,76.7465064007303,0.0005742782041261992,0.000613510469870212,167.1048924431729,170.46784131104332,2.853589620222798,3.167246338515776,5.584243601091344,5.35572347832364,2.853589620222798,3.167246338515776,41.37353433835846,43.812709030100336,-0.07274937629699707,-0.33815789222717285,0.0,0.55,5e-05
24,71.75733421236227,77.19370734173319,0.0006405931171669408,0.0006701168857271905,172.3329562086556,174.41415093973728,2.875682378733777,3.168838389342445,5.692349740608254,5.521415397873691,2.875682378733777,3.168838389342445,41.37353433835846,43.812709030100336,-0.08941638469696045,-0.3452798128128052,0.0,0.575,5e-05
25,72.92704551862911,75.96868097822005,0.0006869575922327487,0.0007045880430393594,175.88781173424906,177.94499140200406,2.917422255878672,3.099593235896184,5.8259440123336,5.585089278460346,2.917422255878672,3.099593235896184,41.37353433835846,43.812709030100336,-0.09377527236938477,-0.2690305709838867,0.0,0.6,5e-05
26,72.94933404714817,76.32969229197423,0.0007216954174595051,0.0007395645337612259,179.3022863493493,180.82493004432092,2.8944738681991296,3.1019430104705403,6.018169562021892,5.710416434999294,2.8944738681991296,3.1019430104705403,41.37353433835846,43.812709030100336,-0.11956620216369629,-0.2662982940673828,0.0,0.625,5e-05
27,72.44338078075518,76.10827307557581,0.0007503452239686022,0.000764904520591179,182.0489281633591,183.5016891326394,2.8685933764855465,3.0911752938426855,6.022602410372378,5.707787410072658,2.8685933764855465,3.0911752938426855,41.37353433835846,43.812709030100336,-0.0724794864654541,-0.2568783760070801,0.0,0.65,5e-05
28,73.14510868142797,75.8702502043351,0.0007881867790780337,0.0008178806396895852,184.62601592353042,186.58984196385413,2.8817759522640927,3.0636387078658394,6.197529893424643,5.8324478047348585,2.8817759522640927,3.0636387078658394,41.37353433835846,43.812709030100336,-0.0705406665802002,-0.21321594715118408,0.0,0.6749999999999999,5e-05
29,72.977144557627,75.8524625899401,0.0008394264073385677,0.0008632596771008519,188.02657020351594,189.9885100808032,2.8686266113166234,3.0595149515464555,6.235129530505719,5.85795983821652,2.8686266113166234,3.0595149515464555,41.37353433835846,43.812709030100336,-0.08492159843444824,-0.22161781787872314,0.0,0.7000000000000001,5e-05
30,73.73223138294827,77.62497478982677,0.0008954835397119586,0.0009303654473583311,192.12329344374052,194.46500669753672,2.907872933638555,3.134690689003986,6.222744833883928,5.96502024353946,2.907872933638555,3.134690689003986,41.37353433835846,43.812709030100336,-0.10752105712890625,-0.28968989849090576,0.0,0.725,5e-05
31,74.3941482722859,77.82977971105672,0.0009471571969548537,0.0009750068788478979,195.66743965085027,197.3459195038148,2.924258142659812,3.1387123575178677,6.356017042444379,6.0144138288338445,2.924258142659812,3.1387123575178677,41.37353433835846,43.812709030100336,-0.13405907154083252,-0.30590951442718506,0.0,0.75,5e-05
32,74.03302525914893,78.08012252348323,0.000990853982258407,0.0010172377576441022,198.38358456405564,200.0992337230057,2.893137611935486,3.1346978814306867,6.460182612465454,6.146327781039337,2.893137611935486,3.1346978814306867,41.37353433835846,43.812709030100336,-0.08724474906921387,-0.30523765087127686,0.0,0.775,2.5e-05
33,72.83534162767369,77.70683069133439,0.0010365460542228753,0.0010636762161443266,201.4677815908563,203.1667674903487,2.8351749627035066,3.1107650010482124,6.4444449167555105,6.18810343662632,2.8351749627035066,3.1107650010482124,41.37353433835846,43.812709030100336,-0.08876693248748779,-0.2634305953979492,0.0,0.8,2.5e-05
34,74.20238687844332,77.48204188522288,0.0010778138254514866,0.001094106675116314,203.94056895909398,205.0115302350609,2.894555687305316,3.097575206022996,6.515886715708466,6.2034622418840595,2.894555687305316,3.097575206022996,41.37353433835846,43.812709030100336,-0.09826481342315674,-0.2624237537384033,0.0,0.825,2.5e-05
35,73.23710415071778,77.81430250186985,0.0011085511177038802,0.0011218341357887639,205.7261176692381,206.6453896206757,2.8461224749260015,3.1090899390919153,6.516992948362775,6.244026818801727,2.8461224749260015,3.1090899390919153,41.37353433835846,43.812709030100336,-0.08251595497131348,-0.2730584144592285,0.0,0.85,2.5e-05
36,74.29447221356621,77.87376694695207,0.001132256840667695,0.0011404798320186229,207.3138175721544,208.01140750132276,2.8875514179018875,3.1108402990577213,6.608319063681853,6.253660068065426,2.8875514179018875,3.1108402990577213,41.37353433835846,43.812709030100336,-0.09612154960632324,-0.2847321033477783,0.0,0.875,2.5e-05
37,74.18063584524184,78.90143365764298,0.0011490388005859589,0.0011653275837199793,208.57077315185137,209.3695133170954,2.880455214374229,3.1596774193754165,6.6194206953448065,6.273830688119333,2.880455214374229,3.1596774193754165,41.37353433835846,43.812709030100336,-0.09518682956695557,-0.31923651695251465,0.0,0.8999999999999999,2.5e-05
38,74.38371500497686,79.1328648340742,0.001173962692112367,0.001194026414227102,210.2890632156551,211.72089235439748,2.889658135185689,3.1653340237595167,6.6268294995753605,6.32092155182242,2.889658135185689,3.1653340237595167,41.37353433835846,43.812709030100336,-0.1071251630783081,-0.3191033601760864,0.0,0.925,2.5e-05
39,74.43282904696824,78.33670143459155,0.0012114300683898917,0.0012359730101168705,212.60505326109714,213.71162935084723,2.883971318527682,3.1243404369290455,6.691669719702435,6.330068854583945,2.883971318527682,3.1243404369290455,41.37353433835846,43.812709030100336,-0.08166563510894775,-0.2924991846084595,0.0,0.9500000000000001,2.5e-05
40,74.00294892073077,78.10682698635752,0.0012405744187886417,0.0012583273659961729,214.5624153482255,215.69317009456978,2.856206758537484,3.10284328779648,6.741600639656361,6.409918647944727,2.856206758537484,3.10284328779648,41.37353433835846,43.812709030100336,-0.0706484317779541,-0.2603261470794678,0.0,0.9750000000000001,2.5e-05
41,74.410794665466,77.92623250699761,0.0012578481406213674,0.0012706580017397436,216.28503719566257,217.08580083432406,2.8686353573248016,3.088838043021518,6.805171952974457,6.449622721975065,2.8686353573248016,3.088838043021518,41.37353433835846,43.812709030100336,-0.08733057975769043,-0.2547738552093506,0.0,1.0,2.5e-05
42,75.01835100694717,78.50513731277108,0.0012741231615382123,0.0012725232411207115,217.62481855587345,218.27051444675612,2.905658003872563,3.1113502748036463,6.751883176902631,6.501072504049958,2.905658003872563,3.1113502748036463,41.37353433835846,43.812709030100336,-0.11226832866668701,-0.27853238582611084,0.0,1.025,2.5e-05
43,75.37472904786792,77.86056413937573,0.001285212522589444,0.0012894715314861823,218.57361028981168,219.05005576857755,2.9096166512474944,3.076080752056977,6.862677135659222,6.52526456297042,2.9096166512474944,3.076080752056977,41.37353433835846,43.812709030100336,-0.12793946266174316,-0.2532440423965454,0.0,1.05,1.25e-05
44,74.61911028633565,77.96716471898516,0.0012898248687801474,0.0013050582305836587,219.5940799681186,220.41703490190284,2.8744091875788755,3.0801963216086294,6.842051962112861,6.534853943215564,2.8744091875788755,3.0801963216086294,41.37353433835846,43.812709030100336,-0.09789776802062988,-0.24121737480163574,0.0,1.075,1.25e-05
45,74.26762469369962,78.0101536269172,0.0013218460675918653,0.001329631158026141,221.01639565830453,221.65435546058475,2.859630615866963,3.0805256885030996,6.819429461480785,6.549217520748891,2.859630615866963,3.0805256885030996,41.37353433835846,43.812709030100336,-0.10046613216400146,-0.2399061918258667,0.0,1.1,1.25e-05
46,74.85060398223213,78.46322542528644,0.0013371951721290398,0.0013413356304056569,222.0298849134589,222.46557198719037,2.881535433045584,3.1013324747117466,6.877260118672996,6.563900869426918,2.881535433045584,3.1013324747117466,41.37353433835846,43.812709030100336,-0.09291994571685791,-0.2531139850616455,0.0,1.125,1.25e-05
47,74.34257952052744,78.11147305797972,0.0013472689089476064,0.0013563273603837925,222.88745679487934,223.3185216591111,2.8570635706136374,3.0794167207634966,6.869745096369605,6.598403984886348,2.8570635706136374,3.0794167207634966,41.37353433835846,43.812709030100336,-0.08539557456970215,-0.24493885040283203,0.0,1.15,1.25e-05
48,75.07304441110173,78.0910434276364,0.0013565318401547234,0.001363367630312076,223.76606379881176,224.47723557079914,2.8913131594857577,3.075412163367638,6.887860552949123,6.622212307907666,2.8913131594857577,3.075412163367638,41.37353433835846,43.812709030100336,-0.08127057552337646,-0.24377763271331787,0.0,1.175,1.25e-05
49,74.84209213384632,77.94749810464405,0.001373295093476273,0.0013837097200991766,225.02208984477235,225.63121196019608,2.8761936671769797,3.0627606090494623,6.916301202534431,6.665844585584558,2.8761936671769797,3.0627606090494623,41.37353433835846,43.812709030100336,-0.09627914428710938,-0.22360491752624512,0.0,1.2,1.25e-05
50,75.1720925080317,78.37767891261889,0.0013826441104013716,0.0013869032131377172,226.24101799177365,227.02316074945458,2.8847185734728074,3.0840546151866084,6.98002710693845,6.667538142124546,2.8847185734728074,3.0840546151866084,41.37353433835846,43.812709030100336,-0.09037911891937256,-0.23170125484466553,0.0,1.225,1.25e-05
51,74.64697058596204,78.61830697968652,0.001398822011689732,0.0014085643223944715,227.63137536232594,228.32718681411998,2.8695780176613197,3.09463713639556,6.890973877068141,6.678957722258807,2.8695780176613197,3.09463713639556,41.37353433835846,43.812709030100336,-0.10165274143218994,-0.2544456720352173,0.0,1.25,1.25e-05
52,75.33140418277912,78.84489499605618,0.0014191142810271488,0.0014249722104999283,228.90678771257,229.56878003787037,2.89638915253644,3.1058651125151977,6.950095907527598,6.6796375118370435,2.89638915253644,3.1058651125151977,41.37353433835846,43.812709030100336,-0.10888814926147461,-0.2616610527038574,0.0,1.2750000000000001,1.25e-05
53,75.2518876425585,78.27564060887366,0.0014307874877324057,0.001436732276451827,230.04283814294453,230.66327511586474,2.888642099035445,3.075595729725815,6.980172620546479,6.69399554115474,2.888642099035445,3.075595729725815,41.37353433835846,43.812709030100336,-0.10082149505615234,-0.24136900901794434,0.0,1.3,1.25e-05
54,74.45326368373443,78.10761914205392,0.001442294789539023,0.001445661159543738,230.9192709611289,231.14775095655767,2.850281171862604,3.0664124759941993,6.967517499747987,6.700182732929753,2.850281171862604,3.0664124759941993,41.37353433835846,43.812709030100336,-0.07844018936157227,-0.23237812519073486,0.0,1.325,6.25e-06
55,75.64715045820328,78.29566292140795,0.0014426550621999869,0.0014453649004597378,231.3910996326849,231.69231437759655,2.91316339518357,3.0752323766217184,6.942012176641468,6.704843455732467,2.91316339518357,3.0752323766217184,41.37353433835846,43.812709030100336,-0.11695742607116699,-0.22777366638183594,0.0,1.3499999999999999,6.25e-06
56,75.38883448206201,78.13575116926212,0.0014509087378920447,0.0014494466591458207,232.02616187116408,232.36669110454446,2.8840566080818624,3.0692566860479653,7.071473247841175,6.688653113451291,2.8840566080818624,3.0692566860479653,41.37353433835846,43.812709030100336,-0.10782432556152344,-0.2247236967086792,0.0,1.375,6.25e-06
57,74.61872719360557,78.16898940478679,0.001456689973669111,0.001452914699616166,232.59517157217564,232.8201005610335,2.8590352347548085,3.068602357819726,6.963555884720692,6.7071535993977935,2.8590352347548085,3.068602357819726,41.37353433835846,43.812709030100336,-0.08387696743011475,-0.22568416595458984,0.0,1.4000000000000001,6.25e-06
58,75.34765773242842,78.13943915223597,0.0014555645030977788,0.001451078496708295,232.95825928858977,233.04838995790004,2.890617182506389,3.0673344956592574,7.002480887887466,6.705490174500839,2.890617182506389,3.0673344956592574,41.37353433835846,43.812709030100336,-0.10576450824737549,-0.22447121143341064,0.0,1.425,6.25e-06
59,74.94368070413918,78.35223580044648,0.0014527318250369186,0.0014538107576926417,233.24027703315568,233.46257121108448,2.872158579690572,3.077805236031778,6.988582083927327,6.70682097916619,2.872158579690572,3.077805236031778,41.37353433835846,43.812709030100336,-0.08654546737670898,-0.23784101009368896,0.0,1.45,6.25e-06
60,76.1070108078233,78.31484888389357,0.0014545757351193571,0.001456432072149845,233.66484131166084,233.82758890107323,2.923832157349067,3.075282713242598,7.040509981126641,6.712026103284447,2.923832157349067,3.075282713242598,41.37353433835846,43.812709030100336,-0.1214371919631958,-0.23976433277130127,0.0,1.4749999999999999,6.25e-06
61,75.37643228144302,78.39467944907504,0.0014606397374731237,0.0014583830278597299,233.94784050051692,234.02317274214832,2.8834437645060733,3.078811299442049,7.071337961871021,6.715714969762591,2.8834437645060733,3.078811299442049,41.37353433835846,43.812709030100336,-0.11170768737792969,-0.2440488338470459,0.0,1.5,6.25e-06
62,76.02429516151722,78.79320426609205,0.0014584148638075221,0.0014626540782484523,234.14304854043166,234.28666579842965,2.9142681238439616,3.095621556342645,7.083905918114948,6.740607236141345,2.9142681238439616,3.095621556342645,41.37353433835846,43.812709030100336,-0.11799359321594238,-0.2525235414505005,0.0,1.5250000000000001,6.25e-06
63,75.16711885845241,78.65158346424933,0.001466240792362085,0.001460383109667379,234.46919023012197,234.58661781744814,2.8763897131435834,3.0902904323909595,7.0439995121915935,6.72662629889804,2.8763897131435834,3.0902904323909595,41.37353433835846,43.812709030100336,-0.08455204963684082,-0.2496933937072754,0.0,1.55,6.25e-06
64,75.77078230456891,78.63816739085526,0.0014661281048655634,0.0014665747566746678,234.83589985143,235.10181654097644,2.910342183744089,3.086531982772725,7.013845476473197,6.751276665308005,2.910342183744089,3.086531982772725,41.37353433835846,43.812709030100336,-0.10622131824493408,-0.24162089824676514,0.0,1.575,6.25e-06
65,75.06713056963692,78.58761221589053,0.0014747411667461346,0.0014702784170842042,235.24383670161518,235.34695097754232,2.868692049429045,3.0851152054840902,7.065517767390214,6.742360485038629,2.868692049429045,3.0851152054840902,41.37353433835846,43.812709030100336,-0.08851969242095947,-0.24600279331207275,0.0,1.6,3.125e-06
66,75.2208790355791,78.71450565810187,0.0014701353624335162,0.0014769865023159113,235.51418410513668,235.64843780619643,2.874563378105611,3.0860633172319085,7.080083625799847,6.785479290429565,2.874563378105611,3.0860633172319085,41.37353433835846,43.812709030100336,-0.08874356746673584,-0.24373996257781982,0.0,1.625,3.125e-06
67,75.22898802126272,78.40752331787925,0.0014790168850662396,0.0014777467889792245,235.78885163733707,235.8846479435031,2.872924609000559,3.0735045101331626,7.096365753729739,6.763151573895611,2.872924609000559,3.0735045101331626,41.37353433835846,43.812709030100336,-0.0817716121673584,-0.23158645629882812,0.0,1.65,3.125e-06
68,76.12583099058526,78.55605071204961,0.0014814971686829149,0.0014875217322976543,236.07543337005666,236.23359088196005,2.9194786209157564,3.0789477753400005,7.082650911468557,6.778937733691672,2.9194786209157564,3.0789477753400005,41.37353433835846,43.812709030100336,-0.10971307754516602,-0.235223650932312,0.0,1.675,3.125e-06
69,75.49690360959052,78.40458403622426,0.0014841150713950345,0.00148900874764238,236.42314283412506,236.61093501980886,2.8876040297337315,3.0712519226265593,7.0860562492255585,6.779906307973192,2.8876040297337315,3.0712519226265593,41.37353433835846,43.812709030100336,-0.08639013767242432,-0.22384405136108398,0.0,1.7,3.125e-06
70,74.01427532560263,78.27662750550337,0.001487756048140414,0.0014897469792477661,236.78918017414546,236.9581254939969,2.814391886568948,3.0656529549372236,7.078672524872338,6.7735098500714255,2.814391886568948,3.0656529549372236,41.37353433835846,43.812709030100336,-0.08048105239868164,-0.22475719451904297,0.0,1.725,3.125e-06
71,74.49194766608514,78.43479495861857,0.0014906011855657176,0.0014910306520666615,237.11201037434077,237.24538148605703,2.846743072496986,3.0716398495894213,7.010909726671637,6.788871653502602,2.846743072496986,3.0716398495894213,41.37353433835846,43.812709030100336,-0.08052229881286621,-0.22700119018554688,0.0,1.75,3.125e-06
72,74.85040729209607,78.62135024054793,0.0014924286385776609,0.0014918253898782575,237.34872472306193,237.40237084838458,2.849907870668063,3.08209783576404,7.128960082279378,6.7798238470402845,2.849907870668063,3.08209783576404,41.37353433835846,43.812709030100336,-0.09273552894592285,-0.22982442378997803,0.0,1.775,3.125e-06
73,75.35816400933705,78.60096858097957,0.0014950314289430028,0.0014976422562509974,237.54908356275192,237.65953533466046,2.878595608163319,3.0777158035482453,7.102540139976258,6.806679824522905,2.878595608163319,3.0777158035482453,41.37353433835846,43.812709030100336,-0.08827042579650879,-0.233362078666687,0.0,1.7999999999999998,3.125e-06
74,75.7031574984092,78.40877203797815,0.0014988137409090996,0.001498523118039811,237.80205549946183,237.9186547320822,2.8954847310256318,3.0692178309960507,7.105394837844312,6.797778003590562,2.8954847310256318,3.0692178309960507,41.37353433835846,43.812709030100336,-0.11246931552886963,-0.2273489236831665,0.0,1.8250000000000002,3.125e-06
75,75.13462492209582,78.42063329690276,0.0015005455600016655,0.001494203275614683,238.063808703143,238.1550665507747,2.8609094683648753,3.071794926920862,7.154570480487255,6.781940595760792,2.8609094683648753,3.071794926920862,41.37353433835846,43.812709030100336,-0.06910312175750732,-0.23216652870178223,0.0,1.85,3.125e-06
76,75.1774951545038,78.50899548993063,0.0014973405984166379,0.0014995052268959108,238.2296576571824,238.23379327780427,2.875280624658019,3.0735692706793847,7.05677467614562,6.803047789379107,2.875280624658019,3.0735692706793847,41.37353433835846,43.812709030100336,-0.09177529811859131,-0.23021841049194336,0.0,1.875,1.5625e-06
77,75.47581910048697,78.57577769812134,0.0015008510291261265,0.0014982616262554027,238.31483934872114,238.34935053694608,2.892029848929426,3.0779518323598496,7.042082022981628,6.794710687171655,2.892029848929426,3.0779518323598496,41.37353433835846,43.812709030100336,-0.08281683921813965,-0.23590481281280518,0.0,1.9000000000000001,1.5625e-06
78,75.60188399527341,78.50706078774952,0.001498805318445816,0.0015043697123692985,238.45666493682606,238.495793422329,2.884790442097726,3.0755606479070656,7.150440046735345,6.786303438869209,2.884790442097726,3.0755606479070656,41.37353433835846,43.812709030100336,-0.0920494794845581,-0.23700761795043945,0.0,1.9249999999999998,1.5625e-06
79,74.94759205318176,78.45969347491312,0.001502384492305343,0.0014976468548508841,238.59369279871035,238.66099844329733,2.8659940424876,3.072799525532037,7.03906475718896,6.789499010130713,2.8659940424876,3.072799525532037,41.37353433835846,43.812709030100336,-0.07315397262573242,-0.22148334980010986,0.0,1.9500000000000002,1.5625e-06
80,75.15851794934552,78.43179058470454,0.0015041031018663915,0.0015052685858276875,238.77933779513617,238.8288300683267,2.8710062108447203,3.068720422859575,7.083324229497606,6.810910213751139,2.8710062108447203,3.068720422859575,41.37353433835846,43.812709030100336,-0.09624409675598145,-0.23064815998077393,0.0,1.9749999999999999,1.5625e-06
81,75.65695369343462,78.74286210178133,0.0015048292563788256,0.0015053154864071254,238.9285598064787,238.97541946870427,2.8973960181576524,3.0836249394560338,7.071574239075883,6.816103756627111,2.8973960181576524,3.0836249394560338,41.37353433835846,43.812709030100336,-0.09812819957733154,-0.23540186882019043,0.0,2.0,1.5625e-06
82,74.85104252545278,78.43739729661208,0.0015103154736953216,0.0015045084385512813,239.04171525453603,239.0421708020877,2.8493471113680995,3.0681213224213257,7.133557682260996,6.817952916773665,2.8493471113680995,3.0681213224213257,41.37353433835846,43.812709030100336,-0.0796288251876831,-0.2263108491897583,0.0,2.0250000000000004,1.5625e-06
83,75.14420915408749,78.43045949776436,0.0015075631284465392,0.0015077228384578357,239.12955407121873,239.1650281414938,2.8652876146274995,3.067083443287623,7.123321497260625,6.823454600114089,2.8652876146274995,3.067083443287623,41.37353433835846,43.812709030100336,-0.09789037704467773,-0.2328503131866455,0.0,2.05,1.5625e-06
84,75.25709619314426,78.35700506510145,0.0015082248729159134,0.0015131019166418442,239.26916825951045,239.32210905655572,2.868814745540395,3.064082793168798,7.140254388103133,6.818034626568441,2.868814745540395,3.064082793168798,41.37353433835846,43.812709030100336,-0.10439884662628174,-0.23283874988555908,0.0,2.075,1.5625e-06
85,75.56985959255915,78.64385578066211,0.0015108000685599705,0.0015093707752080764,239.41968890370634,239.47196322539978,2.8847891789185542,3.0784680516424787,7.137543419497696,6.8177231960870746,2.8847891789185542,3.0784680516424787,41.37353433835846,43.812709030100336,-0.09608423709869385,-0.23455417156219482,0.0,2.1,1.5625e-06
86,75.0051107358693,78.46100840999131,0.0015122962632361594,0.0015092276384817268,239.59199145650945,239.65530048485186,2.8606735366073686,3.073087855724985,7.104557589270561,6.78762797607626,2.8606735366073686,3.073087855724985,41.37353433835846,43.812709030100336,-0.08239555358886719,-0.230932354927063,0.0,2.125,1.5625e-06
87,74.35918443127093,78.18807462864497,0.001512302920749564,0.0015101744458515408,239.7267924553186,239.7332188022575,2.8270436603220266,3.0579965497339052,7.115225760780986,6.799175680281725,2.8270436603220266,3.0579965497339052,41.37353433835846,43.812709030100336,-0.06043660640716553,-0.2270599603652954,0.0,2.15,7.8125e-07
88,75.35514497996574,78.53563067586127,0.0015125096355560212,0.001515411862162842,239.8106629389215,239.8191365525874,2.86961257397829,3.07201672477467,7.173057867654005,6.8259945139039715,2.86961257397829,3.07201672477467,41.37353433835846,43.812709030100336,-0.09716010093688965,-0.2376958131790161,0.0,2.175,7.8125e-07
89,75.48878820218033,78.70566502701877,0.0015173779644143816,0.001518719717097098,239.89314666185746,239.9074905548606,2.8828947635950954,3.0820911050241526,7.120218326498316,6.813385448328229,2.8828947635950954,3.0820911050241526,41.37353433835846,43.812709030100336,-0.0992056131362915,-0.23469805717468262,0.0,2.2,7.8125e-07
90,75.6842842038153,78.52845335485146,0.0015154377501957132,0.0015128571625774023,239.98061530594052,239.99555208850464,2.8979194599579725,3.0726369416035935,7.078234395389781,6.818182580048424,2.8979194599579725,3.0726369416035935,41.37353433835846,43.812709030100336,-0.10728561878204346,-0.2331528663635254,0.0,2.225,7.8125e-07
91,75.75667609082195,78.82397455834226,0.0015150361633555374,0.0015196848682511013,240.0720660339049,240.08471863405362,2.896060695999631,3.0839708951803355,7.122064439495604,6.8456642157258,2.896060695999631,3.0839708951803355,41.37353433835846,43.812709030100336,-0.0952674150466919,-0.24058127403259277,0.0,2.25,7.8125e-07
92,75.69672600827624,78.97089220129925,0.0015177130861008163,0.001520080252450869,240.16617470490473,240.1831599717156,2.8998702395102085,3.0931843012870357,7.067587088100875,6.830720202978638,2.8998702395102085,3.0931843012870357,41.37353433835846,43.812709030100336,-0.11447298526763916,-0.24088788032531738,0.0,2.275,7.8125e-07
93,75.61198173535729,78.6494088571606,0.0015182503394960383,0.0015189591464259502,240.25476046103728,240.26052963614066,2.884240320180129,3.0761620057466437,7.158724540442079,6.838314797965978,2.884240320180129,3.0761620057466437,41.37353433835846,43.812709030100336,-0.11306405067443848,-0.24023175239562988,0.0,2.3,7.8125e-07
94,75.15023812656626,78.5460015746662,0.001517910355471162,0.0015175203429877659,240.3337441193598,240.34092880810383,2.862691745486491,3.073842468070346,7.146417533133297,6.815520402978495,2.862691745486491,3.073842468070346,41.37353433835846,43.812709030100336,-0.09005928039550781,-0.23447883129119873,0.0,2.325,7.8125e-07
95,75.37307893890431,78.60934769748445,0.001520044708521522,0.0015187829512523419,240.41536376544178,240.42287325141422,2.8729761753050327,3.075254415588634,7.15326186360626,6.82955218796746,2.8729761753050327,3.075254415588634,41.37353433835846,43.812709030100336,-0.08970630168914795,-0.22907662391662598,0.0,2.35,7.8125e-07
96,75.56757965599073,78.66062235752476,0.001521203403089701,0.0015223151712170661,240.48847465579036,240.48794754691747,2.8788084332867085,3.0782188755214013,7.184394358789901,6.826319960846152,2.8788084332867085,3.0782188755214013,41.37353433835846,43.812709030100336,-0.09144473075866699,-0.23350870609283447,0.0,2.375,7.8125e-07
97,75.01610625249457,78.72355764127495,0.0015222923510350673,0.001522291325154188,240.567439630403,240.58813558214882,2.857287744780881,3.082096162847053,7.135962292976315,6.820476244923263,2.857287744780881,3.082096162847053,41.37353433835846,43.812709030100336,-0.07330584526062012,-0.23614084720611572,0.0,2.4,7.8125e-07
98,75.19189440345444,78.57945782205333,0.0015262641939701171,0.0015233910173788217,240.6509026506638,240.64462356822546,2.867956471003879,3.073824720637854,7.1208963162535595,6.828998581621559,2.867956471003879,3.073824720637854,41.37353433835846,43.812709030100336,-0.08923172950744629,-0.23687291145324707,0.0,2.425,3.90625e-07
99,75.50360369402759,78.65601808171607,0.001523636589786178,0.001526059895087295,240.7059597098448,240.70146470085834,2.880656843808428,3.079115905091914,7.143998574172232,6.817272203821801,2.880656843808428,3.079115905091914,41.37353433835846,43.812709030100336,-0.10296487808227539,-0.240838885307312,0.0,2.45,3.90625e-07
100,75.19031215392964,78.49841943951355,0.0015235039377444652,0.0015271054592488154,240.76522418202666,240.75308217332514,2.8584029502804755,3.071521916118354,7.196713709551685,6.814975802316315,2.8584029502804755,3.071521916118354,41.37353433835846,43.812709030100336,-0.07809567451477051,-0.2362504005432129,0.0,2.475,3.90625e-07
101,75.21142773652197,78.6792576002038,0.0015226086563394847,0.0015228974339349763,240.81564826901433,240.80760417415146,2.860891638089664,3.0797069272070026,7.18525695002059,6.821864439093548,2.860891638089664,3.0797069272070026,41.37353433835846,43.812709030100336,-0.09705841541290283,-0.23539435863494873,0.0,2.5,3.90625e-07
102,75.9229929427206,78.30881951883883,0.0015262268295268243,0.0015231688821495178,240.86990642707352,240.8657076015919,2.906629392250099,3.062029674300382,7.103952598731522,6.8151044845581055,2.906629392250099,3.062029674300382,41.37353433835846,43.812709030100336,-0.10599744319915771,-0.22750365734100342,0.0,2.525,3.90625e-07
103,75.46947752730532,78.29801792923024,0.001525612867794544,0.0015240486167732588,240.9263213395673,240.91445330871787,2.880343414431241,3.0621557554672396,7.132838464861539,6.809769647974633,2.880343414431241,3.0621557554672396,41.37353433835846,43.812709030100336,-0.08176302909851074,-0.23058342933654785,0.0,2.5500000000000003,3.90625e-07
104,75.19261826302737,78.60516189013835,0.0015252408748211799,0.0015305000844794672,240.969908108863,240.94663884089545,2.867351912174193,3.07404739083255,7.12603016394866,6.8374411238475785,2.867351912174193,3.07404739083255,41.37353433835846,43.812709030100336,-0.09028470516204834,-0.23179543018341064,0.0,2.5749999999999997,3.90625e-07
105,75.81812272319442,78.59224945884883,0.0015243081669627347,0.001528271530789127,241.00401740657225,240.99031163856736,2.896653363852445,3.0746222044711926,7.141827919575038,6.8276954398904754,2.896653363852445,3.0746222044711926,41.37353433835846,43.812709030100336,-0.10894012451171875,-0.23100197315216064,0.0,2.6,3.90625e-07
106,75.58546723792301,78.28334106649443,0.0015268501358799375,0.0015236652657906696,241.0512261318801,241.04375899196867,2.8847537515950163,3.060332649926278,7.14394209253129,6.818487055724281,2.8847537515950163,3.060332649926278,41.37353433835846,43.812709030100336,-0.07649838924407959,-0.22187674045562744,0.0,2.625,3.90625e-07
107,75.54676763895569,78.30092643814342,0.0015276180842729095,0.0015235720354172847,241.10435966351125,241.09158876348897,2.8856168248545586,3.0614806664827277,7.121551584758151,6.816336716297877,2.8856168248545586,3.0614806664827277,41.37353433835846,43.812709030100336,-0.10501241683959961,-0.2245692014694214,0.0,2.65,3.90625e-07
108,76.1254593866754,78.82492846230599,0.0015283380206081536,0.0015289939131687418,241.14616046439065,241.1318806932124,2.917929337052644,3.08283155498696,7.094521969007687,6.855085615330316,2.917929337052644,3.08283155498696,41.37353433835846,43.812709030100336,-0.11475503444671631,-0.23731613159179688,0.0,2.6750000000000003,3.90625e-07
109,75.56607695919784,78.6658210371649,0.0015284354327374467,0.0015237700535968744,241.18096197949382,241.1552765504971,2.8884975219292057,3.080178671457297,7.106222812454504,6.8127089997996455,2.8884975219292057,3.080178671457297,41.37353433835846,43.812709030100336,-0.09112250804901123,-0.23158061504364014,0.0,2.6999999999999997,1.953125e-07
110,76.3894812553572,78.60161026664402,0.0015289600101226265,0.0015254251154320296,241.20382468065424,241.17646636452562,2.920134633030724,3.075684549816476,7.182483510156373,6.822964067044466,2.920134633030724,3.075684549816476,41.37353433835846,43.812709030100336,-0.1178663969039917,-0.23311388492584229,0.0,2.725,1.953125e-07
111,76.00198000040486,78.36485119567666,0.0015282476117282208,0.0015261010469301887,241.22680572049703,241.20374913040212,2.9062830463326357,3.063855673557141,7.138301889301345,6.822885069958741,2.9062830463326357,3.063855673557141,41.37353433835846,43.812709030100336,-0.11626303195953369,-0.23499703407287598,0.0,2.75,1.953125e-07
112,76.68218595418499,78.70874987956273,0.0015293258535589904,0.0015247915777997628,241.25541109375817,241.23436239491338,2.938060676232854,3.0812944393094166,7.156154362600253,6.820944521339442,2.938060676232854,3.0812944393094166,41.37353433835846,43.812709030100336,-0.13211631774902344,-0.23522305488586426,0.0,2.775,1.953125e-07
113,75.98752140319927,78.45613598265376,0.0015309597242707809,0.00152659709378454,241.28885825714673,241.2724570590118,2.8950966422881312,3.0680774852982333,7.221988434368242,6.825620997310881,2.8950966422881312,3.0680774852982333,41.37353433835846,43.812709030100336,-0.11075091361999512,-0.22821056842803955,0.0,2.8000000000000003,1.953125e-07
114,75.52911684940409,78.32686579267317,0.0015285233539955026,0.0015291368030478873,241.3233774718727,241.29861286890548,2.878341995491654,3.0637818953664007,7.17268283962205,6.8082586546805395,2.878341995491654,3.0637818953664007,41.37353433835846,43.812709030100336,-0.10047519207000732,-0.2313375473022461,0.0,2.8249999999999997,1.953125e-07
115,74.4564745086721,78.769924967584,0.0015298010137125575,0.0015322315984757548,241.34626928486017,241.31923458647967,2.833041939104422,3.083639168021671,7.1060159529872875,6.8265976172227125,2.833041939104422,3.083639168021671,41.37353433835846,43.812709030100336,-0.08053028583526611,-0.23627567291259766,0.0,2.85,1.953125e-07
116,75.45976290551063,78.71294997607585,0.0015295087426145822,0.0015350367401237523,241.36828388361076,241.34411595577382,2.8821395330093615,3.079750144760744,7.114553122464536,6.834898192746982,2.8821395330093615,3.079750144760744,41.37353433835846,43.812709030100336,-0.08721029758453369,-0.2433542013168335,0.0,2.875,1.953125e-07
117,75.68670739919895,78.42660052959735,0.0015296407993196492,0.0015335557733142256,241.3961857934693,241.36970938487994,2.8915560013884476,3.067784996734415,7.129997516197575,6.816093731883377,2.8915560013884476,3.067784996734415,41.37353433835846,43.812709030100336,-0.12018775939941406,-0.2298414707183838,0.0,2.9,1.953125e-07
118,74.97651356708265,78.78635881098616,0.0015308953972979506,0.0015332266761544457,241.41908529974907,241.3899582062278,2.8659864829812616,3.0848788026981926,7.050465928849263,6.823247113754119,2.8659864829812616,3.0848788026981926,41.37353433835846,43.812709030100336,-0.0933603048324585,-0.23983800411224365,0.0,2.9250000000000003,1.953125e-07
119,76.0442696703938,78.25439534777382,0.0015328694384551327,0.001530670271999511,241.43769798087115,241.40952211718096,2.899925898467276,3.0596583710865035,7.206037361617863,6.812245864931955,2.899925898467276,3.0596583710865035,41.37353433835846,43.812709030100336,-0.09007406234741211,-0.2272655963897705,0.0,2.9499999999999997,1.953125e-07
120,75.63607738245672,78.41149154714118,0.0015335707649139303,0.0015281680714413772,241.45355710232477,241.41970631270902,2.8925796777159722,3.0691879321898905,7.101524621398005,6.7988682128115245,2.8925796777159722,3.0691879321898905,41.37353433835846,43.812709030100336,-0.09487807750701904,-0.2265763282775879,0.0,2.975,9.765625e-08
121,75.31526184082031,78.61631984136575,0.0015339597831893607,0.0015317061308609402,241.46526913027867,241.4327177219965,2.875181776394996,3.074947610746658,7.112378934320294,6.834694455698581,2.875181776394996,3.074947610746658,41.37353433835846,43.812709030100336,-0.0726161003112793,-0.2267826795578003,0.0,3.0,9.765625e-08
122,75.30908370537175,78.71669088000039,0.001531336038846092,0.0015381064875686797,241.47754588678254,241.44531908322338,2.881601305662887,3.0778591704607807,7.058572326672936,6.851496257909564,2.881601305662887,3.0778591704607807,41.37353433835846,43.812709030100336,-0.07875847816467285,-0.23968994617462158,0.0,3.025,9.765625e-08
123,75.24270297614373,78.67782781594573,0.0015333860301782363,0.0015296216915520438,241.49010448359965,241.4582325096513,2.8658093699258775,3.0808528665714836,7.158338919756201,6.812073492286197,2.8658093699258775,3.0808528665714836,41.37353433835846,43.812709030100336,-0.0882803201675415,-0.23110783100128174,0.0,3.0500000000000003,9.765625e-08
124,74.33441682237277,78.43213931692883,0.0015323554435542081,0.0015336149056787824,241.5025747481303,241.47090832764488,2.8351289031892963,3.0668885317135812,7.040476665624622,6.825478263523268,2.8351289031892963,3.0668885317135812,41.37353433835846,43.812709030100336,-0.07962727546691895,-0.22750723361968994,0.0,3.0749999999999997,9.765625e-08
125,75.86112747320179,78.6966870668341,0.0015339748774010882,0.0015348654741072485,241.5160269425742,241.48523775949127,2.9007703219626215,3.0806964958790553,7.126016388386738,6.820823851237727,2.9007703219626215,3.0806964958790553,41.37353433835846,43.812709030100336,-0.11035239696502686,-0.23931121826171875,0.0,3.1,9.765625e-08
126,74.74292431804203,78.76387758797227,0.001530128092601758,0.0015314084463706084,241.52956506674812,241.49788249854657,2.8460128646799467,3.082777299211177,7.116825983951639,6.8310817141198,2.8460128646799467,3.082777299211177,41.37353433835846,43.812709030100336,-0.08787596225738525,-0.24178004264831543,0.0,3.125,9.765625e-08
127,75.17818997892702,78.80207411341843,0.0015305953780485558,0.0015318060802283345,241.54327011747375,241.5133832338263,2.871989402739047,3.0836502086358726,7.083116494630849,6.8393724355410574,2.871989402739047,3.0836502086358726,41.37353433835846,43.812709030100336,-0.09611046314239502,-0.24201130867004395,0.0,3.15,9.765625e-08
128,75.41535314563131,78.50177032572769,0.0015336333286918862,0.0015331482717979164,241.55883921969877,241.52894306501815,2.875227109471358,3.0679516242100644,7.152055027097513,6.844829444502508,2.875227109471358,3.0679516242100644,41.37353433835846,43.812709030100336,-0.08860993385314941,-0.2282193899154663,0.0,3.175,9.765625e-08
129,75.21414215241245,78.57086436804322,0.0015335641495206422,0.001529707206976927,241.5748756191439,241.5435372036835,2.8707365750068394,3.072964834927715,7.107495900574242,6.832390233425791,2.8707365750068394,3.072964834927715,41.37353433835846,43.812709030100336,-0.09238755702972412,-0.22867608070373535,0.0,3.2,9.765625e-08
130,75.42926946796564,78.74649744448455,0.0015303050409659269,0.0015355317914129598,241.5880308678402,241.5571918296176,2.880287595330371,3.082476476363115,7.117164900155124,6.826503472982043,2.880287595330371,3.082476476363115,41.37353433835846,43.812709030100336,-0.08808386325836182,-0.24191713333129883,0.0,3.225,9.765625e-08
131,75.55859852955369,78.54200897727124,0.0015334916645052595,0.0015362193484799967,241.5988489403397,241.56368130585022,2.8901147918285837,3.0725963944974155,7.090253465738728,6.823742888842936,2.8901147918285837,3.0725963944974155,41.37353433835846,43.812709030100336,-0.09800517559051514,-0.23164689540863037,0.0,3.25,4.8828125e-08
132,75.67143869320152,78.63100793130421,0.0015310415800370689,0.001533800633670918,241.60483761888054,241.56850951331913,2.8942926313409854,3.0761673035828965,7.101985798808598,6.830795120634762,2.8942926313409854,3.0761673035828965,41.37353433835846,43.812709030100336,-0.10308408737182617,-0.23107051849365234,0.0,3.275,4.8828125e-08
133,76.54538859714016,78.57688714987458,0.0015347365385866795,0.0015313666061588555,241.61056201621716,241.5762735832495,2.921822641363096,3.0751593942227573,7.231296563268307,6.817228766986758,2.921822641363096,3.0751593942227573,41.37353433835846,43.812709030100336,-0.12689900398254395,-0.2324756383895874,0.0,3.3,4.8828125e-08
134,75.52790497695182,78.49341254090784,0.0015342274822694073,0.0015306732345553096,241.61844651623187,241.58416671497767,2.8843625446460157,3.0702525764006037,7.123987892764298,6.82310022558257,2.8843625446460157,3.0702525764006037,41.37353433835846,43.812709030100336,-0.10185492038726807,-0.23260879516601562,0.0,3.325,4.8828125e-08
135,75.23826273242433,78.60920628576375,0.0015346203323054303,0.0015350062334692,241.62692897164044,241.59285534504664,2.8732257755956856,3.074063255635392,7.097222010294597,6.838896038540231,2.8732257755956856,3.074063255635392,41.37353433835846,43.812709030100336,-0.09611523151397705,-0.24002563953399658,0.0,3.35,4.8828125e-08
136,75.76433375372959,78.68459557370598,0.0015320224690187091,0.0015378861970744753,241.63520902445168,241.6008178813003,2.892904941760116,3.0771696774855903,7.150238115384151,6.844177636813161,2.892904941760116,3.0771696774855903,41.37353433835846,43.812709030100336,-0.11753225326538086,-0.2335749864578247,0.0,3.375,4.8828125e-08
137,75.77312780025616,78.35875449292237,0.0015368077955076119,0.0015264135126622524,241.64365937761724,241.6080942313408,2.889384260129689,3.063041038736452,7.1818817704167195,6.82696305629003,2.889384260129689,3.063041038736452,41.37353433835846,43.812709030100336,-0.10198211669921875,-0.22616827487945557,0.0,3.4,4.8828125e-08
138,75.99764120079564,78.29344833016795,0.001534853666440476,0.0015322791438169751,241.6505524908478,241.61533965554125,2.9055498624766494,3.060434738529167,7.142378759943261,6.821642333448532,2.9055498624766494,3.060434738529167,41.37353433835846,43.812709030100336,-0.11408519744873047,-0.22554147243499756,0.0,3.425,4.8828125e-08
139,76.52743361583308,78.54612859515441,0.0015328821768653478,0.0015294569724373344,241.6577124411936,241.6220600549194,2.9221402021309038,3.0724952850852123,7.221588387161843,6.826252269106964,2.9221402021309038,3.0724952850852123,41.37353433835846,43.812709030100336,-0.1147468090057373,-0.22890174388885498,0.0,3.45,4.8828125e-08
140,75.56595295917249,78.65457951982683,0.001535073301787652,0.001531936072535738,241.66390211658063,241.62793274946435,2.8868940639336107,3.0778137122508276,7.118948069050084,6.827066466162436,2.8868940639336107,3.0778137122508276,41.37353433835846,43.812709030100336,-0.0856332778930664,-0.23302888870239258,0.0,3.475,4.8828125e-08
141,75.68831909281924,78.46867174129422,0.0015351861275395555,0.0015317038555059544,241.6711505014493,241.6373257334017,2.889539485001684,3.067586338240965,7.146730100289861,6.834524208885371,2.889539485001684,3.067586338240965,41.37353433835846,43.812709030100336,-0.09789621829986572,-0.22958076000213623,0.0,3.5,4.8828125e-08
142,76.08423697569063,78.74756951475622,0.0015360875695965672,0.001531570346988613,241.67919518041052,241.64348599743286,2.910071028736568,3.082728585271931,7.140837811545111,6.824946355660225,2.910071028736568,3.082728585271931,41.37353433835846,43.812709030100336,-0.10025262832641602,-0.23597395420074463,0.0,3.525,2.44140625e-08
143,75.58204238099269,78.76443598820613,0.0015312985765125284,0.0015300021594060105,241.6845952326329,241.64791125039193,2.883875721463406,3.083874771826243,7.149560689526786,6.8225373536049325,2.883875721463406,3.083874771826243,41.37353433835846,43.812709030100336,-0.09107649326324463,-0.23177945613861084,0.0,3.55,2.44140625e-08
144,75.11688942965151,78.6592739960023,0.0015327967806692724,0.0015312732484683792,241.68891439006555,241.6520291841947,2.860075940638531,3.0754731857657034,7.1538859404111825,6.84767424063539,2.860075940638531,3.0754731857657034,41.37353433835846,43.812709030100336,-0.08791577816009521,-0.2307809591293335,0.0,3.575,2.44140625e-08
145,75.7842732082859,78.45804396919583,0.001534124955470975,0.0015325607754520599,241.69283597553195,241.65598100643095,2.890215075395415,3.071607364858672,7.179715506395503,6.798098379154269,2.890215075395415,3.071607364858672,41.37353433835846,43.812709030100336,-0.09219872951507568,-0.23111951351165771,0.0,3.5999999999999996,2.44140625e-08
146,74.9772883148449,78.63831775882173,0.001537054771100369,0.0015328829811362668,241.6970742383794,241.66051516325578,2.8622011100027827,3.0784987550116703,7.08101006768257,6.815073754875158,2.8622011100027827,3.0784987550116703,41.37353433835846,43.812709030100336,-0.0795743465423584,-0.23330485820770264,0.0,3.625,2.44140625e-08
147,75.5746576254891,78.59150996893943,0.0015348393028957684,0.0015389174643442981,241.70184349175074,241.6647875221278,2.8899419351638462,3.0718786923781685,7.098048413019484,6.849264162439965,2.8899419351638462,3.0718786923781685,41.37353433835846,43.812709030100336,-0.09548985958099365,-0.23374557495117188,0.0,3.6500000000000004,2.44140625e-08
148,75.73384449509919,78.40753564228581,0.0015370235606790887,0.0015377715015067505,241.7056427001953,241.6685696605057,2.89224065368499,3.0642029361980017,7.1433172896878805,6.837090047306839,2.89224065368499,3.0642029361980017,41.37353433835846,43.812709030100336,-0.10960757732391357,-0.2277621030807495,0.0,3.675,2.44140625e-08
149,75.68451556488498,78.81475600430798,0.001536203823847949,0.0015357394043175523,241.70902521845883,241.6715669153526,2.8868078167115026,3.084171906761501,7.1670544526884505,6.840240658724986,2.8868078167115026,3.084171906761501,41.37353433835846,43.812709030100336,-0.10705912113189697,-0.23864221572875977,0.0,3.7,2.44140625e-08
150,75.48982602986858,78.41187676777409,0.0015343197534044882,0.001532212375931093,241.7122346759841,241.67532057746197,2.8705047774354817,3.0662088123053612,7.219617508963324,6.822822393780966,2.8705047774354817,3.0662088123053612,41.37353433835846,43.812709030100336,-0.088814377784729,-0.23278284072875977,0.0,3.7249999999999996,2.44140625e-08
151,75.07691040550245,78.43729969649809,0.0015367585986266084,0.0015306796837305295,241.71626366083348,241.67929225143382,2.8615375950907542,3.0662487669533314,7.126169406788633,6.832686028751641,2.8615375950907542,3.0662487669533314,41.37353433835846,43.812709030100336,-0.08844184875488281,-0.22776007652282715,0.0,3.75,2.44140625e-08
152,74.06979252545278,78.92771472739535,0.0015350545103657036,0.001541396427781237,241.7199114315474,241.68213707148828,2.812762759638392,3.08636857833352,7.113534723694001,6.867806964096018,2.812762759638392,3.08636857833352,41.37353433835846,43.812709030100336,-0.06310021877288818,-0.23711085319519043,0.0,3.775,2.44140625e-08
153,75.47786779100173,78.6041254662351,0.0015355505363569538,0.0015390401337775448,241.72243219883597,241.6842492655368,2.874748372951744,3.0741870706296686,7.180875469092748,6.835841132645623,2.874748372951744,3.0741870706296686,41.37353433835846,43.812709030100336,-0.09501278400421143,-0.23438489437103271,0.0,3.8000000000000003,1.220703125e-08
154,74.87547361032048,78.94346914642232,0.00153363371713296,0.0015360336302215837,241.72444814812997,241.68595814784635,2.846194204573256,3.0885463207461763,7.168366591934383,6.856730381381951,2.846194204573256,3.0885463207461763,41.37353433835846,43.812709030100336,-0.08356118202209473,-0.2449101209640503,0.0,3.825,1.220703125e-08
155,74.90264895134037,78.76331204315491,0.0015348959291023102,0.0015293135024283242,241.72628229546987,241.68758440815085,2.8542770117371528,3.082563247967723,7.114564340517949,6.832584835613851,2.8542770117371528,3.082563247967723,41.37353433835846,43.812709030100336,-0.07552778720855713,-0.2409456968307495,0.0,3.8499999999999996,1.220703125e-08
156,75.26248243066733,78.7975453405476,0.0015346515936218515,0.001537413985381233,241.7278606983485,241.6891255968789,2.8617330727665067,3.0823509565563905,7.1988527946536065,6.847910385068045,2.8617330727665067,3.0823509565563905,41.37353433835846,43.812709030100336,-0.08588588237762451,-0.23680496215820312,0.0,3.8750000000000004,1.220703125e-08
157,75.0703619057609,78.47729086477223,0.001537634058811794,0.0015337386742439807,241.72954788080213,241.69119002428343,2.8583062086472757,3.069894537877877,7.149394397959238,6.819489734228638,2.8583062086472757,3.069894537877877,41.37353433835846,43.812709030100336,-0.09010612964630127,-0.23617982864379883,0.0,3.9000000000000004,1.220703125e-08
158,75.1037050946873,78.64761309161234,0.001533770282835492,0.0015411457116170522,241.7314321239989,241.69278142922698,2.8523016678827693,3.075106473272062,7.210798511153689,6.845863139748972,2.8523016678827693,3.075106473272062,41.37353433835846,43.812709030100336,-0.0933448076248169,-0.23824572563171387,0.0,3.925,1.220703125e-08
159,74.40589044721082,78.70243468013496,0.0015354663429242032,0.001537134427029054,241.7330312553163,241.6941437992364,2.824305616231819,3.077058579212048,7.155627862492598,6.852209422899329,2.824305616231819,3.077058579212048,41.37353433835846,43.812709030100336,-0.06436598300933838,-0.23234915733337402,0.0,3.9499999999999997,1.220703125e-08
160,76.22816004665253,78.34034042613563,0.001537614443902569,0.001530230418704201,241.73437704472886,241.69569366353014,2.911111026153692,3.0641012933341956,7.190074673050413,6.811083852646742,2.911111026153692,3.0641012933341956,41.37353433835846,43.812709030100336,-0.10940766334533691,-0.22860240936279297,0.0,3.975,1.220703125e-08
161,75.94746655794843,78.4316635131836,0.0015338255491082742,0.001530264253513171,241.7358971472761,241.69724562016617,2.897063057226951,3.068022319704394,7.1902112369761,6.81624354965312,2.897063057226951,3.068022319704394,41.37353433835846,43.812709030100336,-0.09848892688751221,-0.23043906688690186,0.0,4.0,1.220703125e-08
162,75.5365160458052,78.40425566606298,0.0015340757373349127,0.001534769260542573,241.73738803575986,241.6987736424475,2.877656266517575,3.063764028325926,7.181083750285495,6.8393129154192565,2.877656266517575,3.063764028325926,41.37353433835846,43.812709030100336,-0.0863804817199707,-0.2242753505706787,0.0,4.0249999999999995,1.220703125e-08
163,75.53272628145201,78.77458611938069,0.0015346126410941683,0.0015330916655290387,241.73897157601974,241.70045210924437,2.884830959278535,3.08505939480453,7.122166574500514,6.817093967195339,2.884830959278535,3.08505939480453,41.37353433835846,43.812709030100336,-0.09892845153808594,-0.23481953144073486,0.0,4.050000000000001,1.220703125e-08
164,76.0575302737442,78.83130357416975,0.0015342858835658561,0.0015403784781906219,241.7408509629855,241.70238987338982,2.8984259273139275,3.085411425816973,7.22333014710265,6.8369064012100065,2.8984259273139275,3.085411425816973,41.37353433835846,43.812709030100336,-0.11231815814971924,-0.23926901817321777,0.0,4.075,1.220703125e-08
165,75.55455736578809,78.49116983062846,0.0015364139252287683,0.0015321359755533644,241.7428155895853,241.70466996515077,2.8834462265672793,3.0687530040740967,7.141961415608724,6.8341881678654595,2.8834462265672793,3.0687530040740967,41.37353433835846,43.812709030100336,-0.09418702125549316,-0.22735047340393066,0.0,4.1,1.220703125e-08
166,75.40313600575305,78.52882068850923,0.0015384500539725899,0.0015376349770928107,241.74491629289022,241.70688677631492,2.8831052065294993,3.070564848922168,7.084105325503964,6.83470799691701,2.8831052065294993,3.070564848922168,41.37353433835846,43.812709030100336,-0.09509336948394775,-0.2309931516647339,0.0,4.125,1.220703125e-08
167,75.59596114422209,78.70101836852007,0.0015327561119418448,0.0015339187426604704,241.74700764156066,241.70871573866012,2.885764834070126,3.079793807256182,7.140003822556692,6.829785380475099,2.885764834070126,3.079793807256182,41.37353433835846,43.812709030100336,-0.09833645820617676,-0.23450922966003418,0.0,4.15,1.220703125e-08
168,74.97828398278011,78.48275532291885,0.0015349313556302458,0.0015332262934244746,241.74864879205597,241.71014792145695,2.861923452997128,3.0703700976228236,7.083646907678601,6.817875472996945,2.861923452997128,3.0703700976228236,41.37353433835846,43.812709030100336,-0.08567237854003906,-0.2220369577407837,0.0,4.175,1.220703125e-08
169,75.3633307707769,78.51363824442477,0.0015361309952416163,0.001534777289695639,241.75023138662877,241.71195294944738,2.8670884312896474,3.0701624701254344,7.196335913148557,6.831878469141829,2.8670884312896474,3.0701624701254344,41.37353433835846,43.812709030100336,-0.08587563037872314,-0.23008131980895996,0.0,4.2,1.220703125e-08
170,74.83071452129626,78.57813931468338,0.0015329003415555636,0.0015360017881002963,241.7526900963967,241.7146646250849,2.8449618504874072,3.0707852720815603,7.160327857063843,6.852684923637671,2.8449618504874072,3.0707852720815603,41.37353433835846,43.812709030100336,-0.08389341831207275,-0.23666751384735107,0.0,4.2250000000000005,1.220703125e-08
171,75.09853093388492,78.86294032578485,0.001535247633439587,0.0015339922653604611,241.75495800740356,241.71705576408667,2.8612812380095822,3.0884050748818694,7.136881119042784,6.825663797831456,2.8612812380095822,3.0884050748818694,41.37353433835846,43.812709030100336,-0.10460960865020752,-0.2431119680404663,0.0,4.25,1.220703125e-08
172,75.5600712071711,78.53435952687343,0.0015365858889891575,0.001539272983109946,241.7574870814031,241.71926818643524,2.8797022389806495,3.0700163689744113,7.1741179525353,6.841299827282246,2.8797022389806495,3.0700163689744113,41.37353433835846,43.812709030100336,-0.093658447265625,-0.2299346923828125,0.0,4.2749999999999995,1.220703125e-08
173,75.90962550228764,78.58300893522026,0.0015358325484765684,0.0015339275699787864,241.75960053870426,241.7213326648725,2.8980354028730537,3.073555171290369,7.1672797346833965,6.832490056653485,2.8980354028730537,3.073555171290369,41.37353433835846,43.812709030100336,-0.09364867210388184,-0.23126542568206787,0.0,4.3,1.220703125e-08
174,75.96400753257662,78.71361072246845,0.0015352774615020458,0.001536432332842047,241.76146880745688,241.72314861386914,2.8942994148886982,3.078511167928128,7.218925670163715,6.845063598658329,2.8942994148886982,3.078511167928128,41.37353433835846,43.812709030100336,-0.09993851184844971,-0.23064911365509033,0.0,4.325,1.220703125e-08
175,75.60240638515658,78.46566213652441,0.0015353166648004223,0.0015323417713666292,241.76354921682795,241.72547458406277,2.8889408702626698,3.068638078345104,7.117152660536007,6.8249007467442135,2.8889408702626698,3.068638078345104,41.37353433835846,43.812709030100336,-0.09750974178314209,-0.22852671146392822,0.0,4.35,1.220703125e-08
176,74.21020421550502,78.20693791111975,0.0015346796046692872,0.0015335066892661429,241.76581344732287,241.72755626053316,2.8201717935015806,3.055858316230136,7.110429852452111,6.823640946161787,2.8201717935015806,3.055858316230136,41.37353433835846,43.812709030100336,-0.05496549606323242,-0.21913909912109375,0.0,4.375,1.220703125e-08
177,75.05448836896886,78.52150560461956,0.0015365536544250458,0.001532815193934958,241.76778249564882,241.7293916530035,2.857196741168024,3.0713299476980764,7.15192958058624,6.82569929269644,2.857196741168024,3.0713299476980764,41.37353433835846,43.812709030100336,-0.08080470561981201,-0.23099887371063232,0.0,4.4,1.220703125e-08
178,75.04502342134664,78.79843672940564,0.0015345176374165332,0.0015397832606666812,241.76949710302816,241.73071702427688,2.8617392193332587,3.0852325249675125,7.111819663439165,6.82519614975588,2.8617392193332587,3.0852325249675125,41.37353433835846,43.812709030100336,-0.08973145484924316,-0.23782885074615479,0.0,4.425,1.220703125e-08
179,75.8552232930808,78.76941548223081,0.0015340555933892252,0.001535363423320337,241.77104447714646,241.73302549024092,2.901786508672002,3.081610698763742,7.115524274420299,6.842597494157261,2.901786508672002,3.081610698763742,41.37353433835846,43.812709030100336,-0.10192680358886719,-0.23946285247802734,0.0,4.45,1.220703125e-08
180,75.0971473425477,78.43999889463086,0.00153570604031684,0.0015309341150619414,241.77365822847963,241.7358309130206,2.872814337013155,3.067901075484362,7.04405895070215,6.820541633810088,2.872814337013155,3.067901075484362,41.37353433835846,43.812709030100336,-0.09411156177520752,-0.22962141036987305,0.0,4.475,1.220703125e-08
181,74.5104630308934,78.36982142725915,0.0015342836051795575,0.0015340527121669124,241.7763813472473,241.7380849780845,2.8303448834411262,3.0626232073857236,7.149152119954427,6.834669741499783,2.8303448834411262,3.0626232073857236,41.37353433835846,43.812709030100336,-0.08001410961151123,-0.22399187088012695,0.0,4.5,1.220703125e-08
182,76.13055934937955,78.71034478024895,0.0015344747692780255,0.0015363454079741368,241.77867522631058,241.7407858347813,2.9072750832766943,3.080404515250471,7.181746711283672,6.828612364255465,2.9072750832766943,3.080404515250471,41.37353433835846,43.812709030100336,-0.10474395751953125,-0.24464404582977295,0.0,4.525,1.220703125e-08
183,75.49544490641685,78.55164066684685,0.001535532411446848,0.0015322293418095164,241.78135829395185,241.74357804008153,2.8807236062022707,3.0708807774610745,7.1401043816826855,6.841352459579008,2.8807236062022707,3.0708807774610745,41.37353433835846,43.812709030100336,-0.11262238025665283,-0.22826611995697021,0.0,4.55,1.220703125e-08
184,75.86486775511673,78.48320553374529,0.0015356208976214656,0.0015409397363139435,241.7842324415044,241.7458058743174,2.902042873341035,3.0674190465423177,7.117318773189781,6.841602518406999,2.902042873341035,3.0674190465423177,41.37353433835846,43.812709030100336,-0.12141335010528564,-0.22812223434448242,0.0,4.575,1.220703125e-08
185,75.33834095097068,78.44455262251124,0.0015366048974467057,0.0015330226499319425,241.78624200102072,241.74754323289545,2.8738831858738783,3.067212502693253,7.131977673950707,6.827856677830419,2.8738831858738783,3.067212502693253,41.37353433835846,43.812709030100336,-0.0977092981338501,-0.23368823528289795,0.0,4.6,1.220703125e-08
186,75.21864602553785,78.57268641545222,0.0015336261004119038,0.001531465276904454,241.7883674711039,241.7501526899561,2.8624742510330736,3.0736374727459657,7.175395588579289,6.827723300576609,2.8624742510330736,3.0736374727459657,41.37353433835846,43.812709030100336,-0.08816349506378174,-0.22737610340118408,0.0,4.625,1.220703125e-08
187,75.29502761304079,78.18148252557353,0.0015359453299633498,0.001537105642464697,241.7905470498243,241.75172209978902,2.87312938260473,3.0554207503596276,7.120688071802034,6.816929227133659,2.87312938260473,3.0554207503596276,41.37353433835846,43.812709030100336,-0.08249104022979736,-0.222586989402771,0.0,4.65,1.220703125e-08
188,75.80214677104598,78.72924835307144,0.001535097217043765,0.0015388229530130242,241.79241754221957,241.75393901301865,2.892236884115529,3.079889438622771,7.170682431864779,6.840272043859679,2.892236884115529,3.079889438622771,41.37353433835846,43.812709030100336,-0.11376476287841797,-0.23736858367919922,0.0,4.675,1.220703125e-08
189,75.76227855842117,78.35368352271243,0.0015361164117363006,0.0015308037318482396,241.79507604755548,241.7566877894577,2.900240834633909,3.0632144854618955,7.0906958348387645,6.823512326116147,2.900240834633909,3.0632144854618955,41.37353433835846,43.812709030100336,-0.1108330488204956,-0.22383224964141846,0.0,4.7,1.220703125e-08
190,75.04482702514035,78.46430262434842,0.001534769391692501,0.0015315871598529178,241.79758349854743,241.7588218765514,2.8533817499726264,3.066465813180675,7.1785980548890596,6.841741139274776,2.8533817499726264,3.066465813180675,41.37353433835846,43.812709030100336,-0.0879133939743042,-0.2302842140197754,0.0,4.725,1.220703125e-08
191,75.42907658613707,78.68150615373185,0.0015363148509148802,0.0015356148780793898,241.79923333914036,241.7600599818405,2.874845001965112,3.077186903427277,7.160579916220813,6.842821602837298,2.874845001965112,3.077186903427277,41.37353433835846,43.812709030100336,-0.08813917636871338,-0.23711645603179932,0.0,4.75,1.220703125e-08
192,75.56570451183734,78.71203939890782,0.001537202363498384,0.001533393075309669,241.800667844226,241.76176651664403,2.8883498701418264,3.080469007874811,7.107184748753431,6.828796074143222,2.8883498701418264,3.080469007874811,41.37353433835846,43.812709030100336,-0.11071085929870605,-0.23654866218566895,0.0,4.775,1.220703125e-08
193,75.90855939344345,78.31271566435645,0.001533973411582036,0.0015368514229390882,241.8027744261264,241.7645764303048,2.895929618496791,3.0605340075732075,7.183714895392183,6.828519559624203,2.895929618496791,3.0605340075732075,41.37353433835846,43.812709030100336,-0.11757493019104004,-0.23025405406951904,0.0,4.8,1.220703125e-08
194,75.78072859414259,78.85519669446658,0.0015348458194237833,0.0015374307951307466,241.80542843305884,241.76722497844378,2.8782763868520407,3.084901595992787,7.273801841927533,6.850567053791671,2.8782763868520407,3.084901595992787,41.37353433835846,43.812709030100336,-0.09490406513214111,-0.23955047130584717,0.0,4.825,1.220703125e-08
195,75.6640951134252,78.69873143837205,0.0015329383339005923,0.001537165332766231,241.80819068282494,241.76989327625287,2.8872395703940334,3.0785990407235646,7.155457622042453,6.838401958695224,2.8872395703940334,3.0785990407235646,41.37353433835846,43.812709030100336,-0.09052586555480957,-0.2376168966293335,0.0,4.85,1.220703125e-08
196,75.11684095679816,78.54763962353353,0.0015343628366285907,0.0015342413715669343,241.81083101563317,241.77280785806204,2.860425159559777,3.070756634740925,7.151060171462783,6.840728134614568,2.860425159559777,3.070756634740925,41.37353433835846,43.812709030100336,-0.08447909355163574,-0.23330605030059814,0.0,4.875,1.220703125e-08
197,75.70899757628065,78.61086880482958,0.0015347281668235358,0.001532892841007872,241.81385971912786,241.77560889202616,2.8860440893189194,3.0733474823942153,7.1829691300639755,6.845305082391337,2.8860440893189194,3.0733474823942153,41.37353433835846,43.812709030100336,-0.1019129753112793,-0.22868895530700684,0.0,4.9,1.220703125e-08
198,76.83606539778972,78.75232043314139,0.0015351617745072324,0.0015321189828098668,241.81616701672425,241.7770957308868,2.9471215383091964,3.08262344905764,7.145172317223732,6.827682879457505,2.9471215383091964,3.08262344905764,41.37353433835846,43.812709030100336,-0.13201868534088135,-0.2424454689025879,0.0,4.925,1.220703125e-08
199,74.99420125121048,78.50934924887973,0.0015385963537120314,0.0015346448246333561,241.81789667841977,241.7790422216307,2.855867605512865,3.069806209774719,7.138431078624885,6.833011866413231,2.855867605512865,3.069806209774719,41.37353433835846,43.812709030100336,-0.08667182922363281,-0.23516738414764404,0.0,4.95,1.220703125e-08
200,76.15590891366827,78.6936278327253,0.0015345954443866283,0.0015399073593997488,241.81990028266333,241.78108904274012,2.9114321232640763,3.07964163719611,7.1586300683780335,6.827997496295533,2.9114321232640763,3.07964163719611,41.37353433835846,43.812709030100336,-0.11333954334259033,-0.24275362491607666,0.0,4.975,1.220703125e-08
201,75.39236703230507,78.7595262814525,0.0015378074191660439,0.0015319348445292998,241.82212351634473,241.78317066817777,2.8711763342820618,3.0829000935506663,7.175233511070111,6.828353623482695,2.8711763342820618,3.0829000935506663,41.37353433835846,43.812709030100336,-0.08673763275146484,-0.23576176166534424,0.0,5.0,1.220703125e-08
202,75.75904649386254,78.9394941042897,0.001534086002748291,0.0015370790748529908,241.82411119726234,241.7852545900887,2.887072490487666,3.0919108143618272,7.194766662028966,6.828214611895507,2.887072490487666,3.0919108143618272,41.37353433835846,43.812709030100336,-0.10983133316040039,-0.2414613962173462,0.0,5.025,1.220703125e-08
203,74.6349709157768,78.83028605789644,0.0015340094307166098,0.0015410369800958148,241.82646887186584,241.78810808570887,2.838426254901854,3.0836268165039775,7.13430619199871,6.850769877035083,2.838426254901854,3.0836268165039775,41.37353433835846,43.812709030100336,-0.0719308853149414,-0.24307024478912354,0.0,5.05,1.220703125e-08
204,75.60047870425123,78.80109895431876,0.0015373012562667704,0.001535935382308893,241.8291523995711,241.79038603409478,2.877810846421387,3.0833173212797744,7.205405664204353,6.841612222601339,2.877810846421387,3.0833173212797744,41.37353433835846,43.812709030100336,-0.08058440685272217,-0.24220538139343262,0.0,5.075,1.220703125e-08
205,75.79213940797739,78.52994016819575,0.0015352178584172747,0.0015380534967937098,241.8310508791925,241.7919401851386,2.889739491432356,3.069217966551765,7.186658540562768,6.845929109133207,2.889739491432356,3.069217966551765,41.37353433835846,43.812709030100336,-0.09332919120788574,-0.23101568222045898,0.0,5.1000000000000005,1.220703125e-08
206,75.97684863424381,78.65959887042094,0.0015373224366403231,0.0015359533799619081,241.83307656650766,241.79464772712427,2.894971810393597,3.0761746674477055,7.218666163720877,6.842154931862617,2.894971810393597,3.0761746674477055,41.37353433835846,43.812709030100336,-0.10159337520599365,-0.23200690746307373,0.0,5.125,1.220703125e-08
207,76.10823253331272,78.61525412467013,0.0015377988455773422,0.0015340657974048254,241.83588702075645,241.79742676597775,2.915510615312075,3.076166530117941,7.10690545476661,6.824496377670645,2.915510615312075,3.076166530117941,41.37353433835846,43.812709030100336,-0.10183203220367432,-0.24138987064361572,0.0,5.1499999999999995,1.220703125e-08
208,75.62622438363694,78.717200186739,0.0015383365693138647,0.0015335231595034135,241.8381655132351,241.79937096024835,2.8839647805870476,3.0792304153825127,7.166465280044019,6.840767678608464,2.8839647805870476,3.0792304153825127,41.37353433835846,43.812709030100336,-0.11572635173797607,-0.23034143447875977,0.0,5.175,1.220703125e-08
209,75.57245848126946,78.45005609518708,0.0015357801442266983,0.001533099022665899,241.8402183443258,241.80136986161554,2.8800302809806326,3.063518332797149,7.176454472182384,6.859610284849952,2.8800302809806326,3.063518332797149,41.37353433835846,43.812709030100336,-0.08399951457977295,-0.2231816053390503,0.0,5.2,1.220703125e-08
210,74.4544603612954,78.53898572124366,0.001535241569312823,0.0015323181464539273,241.84228099011497,241.80377870897783,2.8315297718623174,3.071984334135534,7.117265330686841,6.827462422807878,2.8315297718623174,3.071984334135534,41.37353433835846,43.812709030100336,-0.07013249397277832,-0.23251831531524658,0.0,5.225,1.220703125e-08
211,75.94503104307344,78.57338987624765,0.001537257372175454,0.001535667643810694,241.84463940593267,241.8057906747263,2.903625562562415,3.0731040020052807,7.136709769966215,6.83223831055555,2.903625562562415,3.0731040020052807,41.37353433835846,43.812709030100336,-0.1046442985534668,-0.23416900634765625,0.0,5.25,1.220703125e-08
212,75.90332777576032,78.78938768061506,0.0015348955632812989,0.0015365582432155574,241.846166000494,241.8069502916623,2.8932873144421345,3.082305345248219,7.202753082192324,6.845020614738847,2.8932873144421345,3.082305345248219,41.37353433835846,43.812709030100336,-0.0920490026473999,-0.2366936206817627,0.0,5.275,1.220703125e-08
213,75.85695453944119,78.55456815993905,0.0015364222889968897,0.0015309301853634692,241.8473698857242,241.80817308712963,2.902192789106513,3.072755279349643,7.112948900091788,6.827538949590064,2.902192789106513,3.072755279349643,41.37353433835846,43.812709030100336,-0.11008059978485107,-0.23261713981628418,0.0,5.3,1.220703125e-08
214,76.17544624673661,78.33196179444175,0.0015385267777146905,0.001536393553691365,241.8489680969136,241.81000434594807,2.9046204960725617,3.06168868868646,7.22090601721401,6.826983898379731,2.9046204960725617,3.06168868868646,41.37353433835846,43.812709030100336,-0.11182105541229248,-0.22819733619689941,0.0,5.324999999999999,1.220703125e-08
215,75.36901116810452,78.69207850427532,0.0015382897208243533,0.001533720443760322,241.85081267237064,241.81253965243846,2.874325761044245,3.0796527750914713,7.140692037553643,6.827339170768508,2.874325761044245,3.0796527750914713,41.37353433835846,43.812709030100336,-0.08254706859588623,-0.23619234561920166,0.0,5.3500000000000005,1.220703125e-08
216,74.4098208761295,78.50677377962349,0.0015375564448922322,0.0015309991869440047,241.85357451319095,241.81507261142283,2.8309091539239164,3.071498996836685,7.104354736193939,6.818470848045221,2.8309091539239164,3.071498996836685,41.37353433835846,43.812709030100336,-0.06276929378509521,-0.22841691970825195,0.0,5.375,1.220703125e-08
217,76.32639454597205,78.60686944559664,0.0015379919191210888,0.001539955929896629,241.85564372767155,241.8173197870669,2.9258192472122424,3.0761275299416737,7.1117000731591204,6.821406869983992,2.9258192472122424,3.0761275299416737,41.37353433835846,43.812709030100336,-0.12236583232879639,-0.2426837682723999,0.0,5.3999999999999995,1.220703125e-08
218,76.17613649607902,78.48685616075394,0.0015370879539521021,0.0015361573361016088,241.85802374093777,241.819495108614,2.9136759555918887,3.0663235171582786,7.1487509353676035,6.851864719071915,2.9136759555918887,3.0663235171582786,41.37353433835846,43.812709030100336,-0.10872268676757812,-0.22547340393066406,0.0,5.425000000000001,1.220703125e-08
219,74.7145960310995,78.61079825206744,0.0015339675451858184,0.0015331146339994908,241.86074279580683,241.82293481731097,2.8431036624077777,3.075138316106637,7.128737388943108,6.830947529910799,2.8431036624077777,3.075138316106637,41.37353433835846,43.812709030100336,-0.0812525749206543,-0.2403944730758667,0.0,5.45,1.220703125e-08
220,75.79382630928077,78.78629310633427,0.001537096447395582,0.0015346934792295995,241.86384595299086,241.82564215516567,2.8877690812850516,3.082945251145889,7.203080652546842,6.838677873579555,2.8877690812850516,3.082945251145889,41.37353433835846,43.812709030100336,-0.10965156555175781,-0.23979687690734863,0.0,5.475,1.220703125e-08
221,75.52657406294166,78.42265904149085,0.0015358158868505078,0.0015366394205149699,241.86626517393282,241.82803987739078,2.8801548109581723,3.066515427369338,7.15710461519072,6.824647919390114,2.8801548109581723,3.066515427369338,41.37353433835846,43.812709030100336,-0.09050428867340088,-0.23196208477020264,0.0,5.5,1.220703125e-08
222,75.59569902276274,78.6706976236707,0.001534490478131452,0.0015341666691397694,241.86863429901788,241.83059447425663,2.888156120900932,3.0795621154300346,7.120754408077579,6.819507820550415,2.888156120900932,3.0795621154300346,41.37353433835846,43.812709030100336,-0.11407077312469482,-0.24039602279663086,0.0,5.525,1.220703125e-08
223,75.52554083589334,78.53372692503658,0.0015363402343300519,0.0015367952223717667,241.87152981398694,241.833615714491,2.8861936831993473,3.0737569539443306,7.108376356025836,6.811140768504063,2.8861936831993473,3.0737569539443306,41.37353433835846,43.812709030100336,-0.10390126705169678,-0.23730158805847168,0.0,5.55,1.220703125e-08
224,75.19010308040447,78.53388890295125,0.0015344765079028319,0.0015398876883251512,241.87430471551278,241.8356561054753,2.865601906624671,3.069050994605125,7.138949751254901,6.848829011055937,2.865601906624671,3.069050994605125,41.37353433835846,43.812709030100336,-0.08548533916473389,-0.23062872886657715,0.0,5.574999999999999,1.220703125e-08
225,75.54350664148379,78.39259728779362,0.001535670501078593,0.0015305689712020764,241.8765478597414,241.83784903331744,2.8829502747885547,3.067582566602573,7.14151511919159,6.8041342955369215,2.8829502747885547,3.067582566602573,41.37353433835846,43.812709030100336,-0.0952681303024292,-0.22704875469207764,0.0,5.6000000000000005,1.220703125e-08
226,75.11033556249673,78.68246204797241,0.001535626467421863,0.0015335548836519835,241.8789462755673,241.84036004822389,2.8591142890840717,3.079733719395156,7.15893421939869,6.822846061808608,2.8591142890840717,3.079733719395156,41.37353433835846,43.812709030100336,-0.07664477825164795,-0.24131107330322266,0.0,5.625,1.220703125e-08
227,75.49351026065385,78.44849604986184,0.0015361727514870503,0.0015374122555040595,241.88165950295914,241.84366441809613,2.878571881321407,3.0664417313094123,7.156539713318025,6.83556383509301,2.878571881321407,3.0664417313094123,41.37353433835846,43.812709030100336,-0.09477555751800537,-0.2345573902130127,0.0,5.6499999999999995,1.220703125e-08
228,75.87244401225692,78.59416989737929,0.0015375413313754515,0.0015382487280138559,241.88452851313042,241.84601416954627,2.906972463007149,3.0750956551287087,7.080897419097236,6.824596500715683,2.906972463007149,3.0750956551287087,41.37353433835846,43.812709030100336,-0.11268377304077148,-0.2329639196395874,0.0,5.675000000000001,1.220703125e-08
229,75.5178133966136,78.662337363763,0.0015370057294397947,0.001533668575478238,241.88641807262223,241.8481679042446,2.884121758654289,3.078582385710649,7.12185537795126,6.824006332601592,2.884121758654289,3.078582385710649,41.37353433835846,43.812709030100336,-0.09945905208587646,-0.23127281665802002,0.0,5.7,1.220703125e-08
230,75.73384400947609,78.63961506208847,0.0015366249674871888,0.001532407818567693,241.8885785842461,241.85047841151822,2.8990868827206406,3.0777389740066785,7.08854900372887,6.82167435808724,2.8990868827206406,3.0777389740066785,41.37353433835846,43.812709030100336,-0.09835600852966309,-0.2336742877960205,0.0,5.725,1.220703125e-08
231,75.08197098161708,78.53860078129082,0.0015383120439010649,0.0015323621829828392,241.89094885949115,241.85250354371342,2.8546225150026867,3.071853797172623,7.18350186978952,6.82835117072166,2.8546225150026867,3.071853797172623,41.37353433835846,43.812709030100336,-0.08162617683410645,-0.23791897296905518,0.0,5.75,1.220703125e-08
232,76.20286921720009,78.63557855102131,0.0015368120679694229,0.0015326306191942715,241.89306249570606,241.85491438135256,2.915339321347337,3.076697969117691,7.1461381592742566,6.828384967153288,2.915339321347337,3.076697969117691,41.37353433835846,43.812709030100336,-0.10654890537261963,-0.23247110843658447,0.0,5.775,1.220703125e-08
233,75.55716831839864,78.51794989850609,0.0015377321058628421,0.0015340682658768667,241.8955682853558,241.8576500423776,2.8891093207763467,3.0687714691544854,7.097690376205061,6.844736438929835,2.8891093207763467,3.0687714691544854,41.37353433835846,43.812709030100336,-0.10867524147033691,-0.22737538814544678,0.0,5.8,1.220703125e-08
234,75.53962040426742,78.68750469501202,0.0015353608031724417,0.001542582546117837,241.8981014999313,241.85972763622883,2.8785487667000673,3.0758391271865486,7.175175056585315,6.855947467395693,2.8785487667000673,3.0758391271865486,41.37353433835846,43.812709030100336,-0.10379445552825928,-0.23149585723876953,0.0,5.824999999999999,1.220703125e-08
235,75.21684202516897,78.39272162906302,0.0015346655412304092,0.0015338498411426027,241.9000634683836,241.86157389867265,2.863589304775449,3.0644691955285728,7.165745287884021,6.829064485620097,2.863589304775449,3.0644691955285728,41.37353433835846,43.812709030100336,-0.07742774486541748,-0.22999465465545654,0.0,5.8500000000000005,1.220703125e-08
236,75.70877297559575,78.6415078408742,0.0015345525351030068,0.0015389885446586238,241.90251008869217,241.86432063380212,2.8875117214081474,3.076589402546452,7.171138840903788,6.831576412736771,2.8875117214081474,3.076589402546452,41.37353433835846,43.812709030100336,-0.08838927745819092,-0.23274636268615723,0.0,5.875,1.220703125e-08
237,75.85823075695453,78.57083691242946,0.0015351926760476587,0.0015430640698687788,241.90507134161203,241.86696469106005,2.897437370003168,3.071012506516881,7.151511291363331,6.847890415319232,2.897437370003168,3.071012506516881,41.37353433835846,43.812709030100336,-0.10647141933441162,-0.23508572578430176,0.0,5.8999999999999995,1.220703125e-08
238,75.37902987941825,78.62805430944947,0.0015369295325891505,0.001537538956255842,241.90739213441884,241.86897022668336,2.8710817743585735,3.0776479443578815,7.1706619837775305,6.817739308079748,2.8710817743585735,3.0776479443578815,41.37353433835846,43.812709030100336,-0.09008920192718506,-0.23381757736206055,0.0,5.925000000000001,1.220703125e-08
239,76.17620475168404,78.49455562323631,0.0015381789839182243,0.0015385046813101275,241.9094188185393,241.87137463419734,2.9119330410981297,3.0670627726360307,7.162711753717419,6.849011464262487,2.9119330410981297,3.0670627726360307,41.37353433835846,43.812709030100336,-0.10856103897094727,-0.2272430658340454,0.0,5.95,1.220703125e-08
240,76.05506912308122,78.68365654578575,0.001537757818828925,0.0015383516812080323,241.9121324037587,241.87447466898124,2.9096077638654854,3.077747031597788,7.132863085473602,6.83918039296383,2.9096077638654854,3.077747031597788,41.37353433835846,43.812709030100336,-0.13483142852783203,-0.23632264137268066,0.0,5.975,1.220703125e-08
241,75.02512902750242,78.57821463900665,0.001536937255000499,0.0015341224869943682,241.91500800818056,241.87656073426723,2.8599401422880804,3.0743385836432213,7.118234717466524,6.824304607799619,2.8599401422880804,3.0743385836432213,41.37353433835846,43.812709030100336,-0.09912121295928955,-0.2373124361038208,0.0,6.0,1.220703125e-08
242,75.5120676829787,78.67090058087506,0.0015345541775925475,0.0015416504448454167,241.91708458368504,241.87899800686534,2.870985497182338,3.0752331165964386,7.22466600041094,6.854163305416554,2.870985497182338,3.0752331165964386,41.37353433835846,43.812709030100336,-0.09898185729980469,-0.23249375820159912,0.0,6.025,1.220703125e-08
243,75.61031217591048,78.43794120354796,0.0015372217652720199,0.0015325345411230141,241.91938858415614,241.88084656578243,2.8811223574818876,3.0659559745852367,7.182847686748409,6.835269498984551,2.8811223574818876,3.0659559745852367,41.37353433835846,43.812709030100336,-0.0803232192993164,-0.2293837070465088,0.0,6.05,1.220703125e-08
244,75.50964531826614,78.73441465243846,0.0015341599069775972,0.001533567201093861,241.92164100634193,241.88375231892766,2.8797412138288743,3.0792359309052943,7.153655056977392,6.847610218469116,2.8797412138288743,3.0792359309052943,41.37353433835846,43.812709030100336,-0.09606468677520752,-0.23245131969451904,0.0,6.075,1.220703125e-08
245,75.4357756545995,78.17976374291257,0.0015359701636720017,0.0015369702989459786,241.92435239347782,241.88580791766827,2.8738440696518226,3.0539897389236503,7.171269804988075,6.827690604538423,2.8738440696518226,3.0539897389236503,41.37353433835846,43.812709030100336,-0.09589052200317383,-0.22392964363098145,0.0,6.1000000000000005,1.220703125e-08
246,75.19615158004378,78.8033569233872,0.0015375174284043723,0.0015346382240014132,241.92638073894048,241.88841956913672,2.862856878108116,3.0828075480700337,7.163305523008158,6.846604596013608,2.862856878108116,3.0828075480700337,41.37353433835846,43.812709030100336,-0.08770549297332764,-0.23481357097625732,0.0,6.125,1.220703125e-08
247,75.38123422491691,78.4625487311628,0.00153827720003474,0.0015365666239506824,241.92932473954244,241.8909940687709,2.8794919621804653,3.067246290353628,7.104252573233753,6.834757246700019,2.8794919621804653,3.067246290353628,41.37353433835846,43.812709030100336,-0.10369610786437988,-0.2298414707183838,0.0,6.1499999999999995,1.220703125e-08
248,75.17150843123495,78.62519930836349,0.0015362367356489327,0.0015404720142028951,241.93188785827738,241.89356178105078,2.8710189808153825,3.0742810577851873,7.088161260838085,6.843507576945633,2.8710189808153825,3.0742810577851873,41.37353433835846,43.812709030100336,-0.09617769718170166,-0.2319408655166626,0.0,6.175,1.220703125e-08
249,75.08457355083932,78.65055444009327,0.001539194500900593,0.0015342872839788579,241.93424108559563,241.8959683319398,2.8621385524820044,3.0752947633481744,7.124407643648847,6.84558982912912,2.8621385524820044,3.0752947633481744,41.37353433835846,43.812709030100336,-0.08613204956054688,-0.23342514038085938,0.0,6.2,1.220703125e-08
250,76.00338030740045,78.77895291433686,0.0015347460497379727,0.001536568592888082,241.9366558336932,241.8983923360257,2.899939626105866,3.081711281103434,7.189557787960698,6.845596948196258,2.899939626105866,3.081711281103434,41.37353433835846,43.812709030100336,-0.11190497875213623,-0.23432564735412598,0.0,6.225,1.220703125e-08
251,75.86464444516692,78.66752650028089,0.0015369837327939857,0.0015339844312711951,241.9395557703884,241.9013939286554,2.8992447637433383,3.0781999654993166,7.139596319278481,6.829130879213977,2.8992447637433383,3.0781999654993166,41.37353433835846,43.812709030100336,-0.09388017654418945,-0.23380708694458008,7.686158073360571e-08,6.25,1.220703125e-08
252,75.55661981988392,78.5012894442249,0.0015374239069258348,0.0015343807312195815,241.94200320858852,241.9035127059273,2.8820046080616453,3.070707140160245,7.154303950081319,6.822575518120093,2.8820046080616453,3.070707140160245,41.37353433835846,43.812709030100336,-0.10245764255523682,-0.23503446578979492,7.820305289716022e-08,6.275,1.220703125e-08
253,75.55142522457257,78.42438861757617,0.0015365795027215028,0.0015400932396273052,241.94425455729166,241.90600856411018,2.8794022145582803,3.0627846000186576,7.173052104873274,6.855150945210537,2.8794022145582803,3.0627846000186576,41.37353433835846,43.812709030100336,-0.08919107913970947,-0.22499310970306396,7.957125088584327e-08,6.3,1.220703125e-08
254,75.88002747706632,78.60465962591778,0.0015351631980111676,0.0015403017340178125,241.94686999552613,241.90836949173024,2.9019805302771693,3.0734622039922503,7.123877656320032,6.841835765136923,2.9019805302771693,3.0734622039922503,41.37353433835846,43.812709030100336,-0.10833191871643066,-0.23278677463531494,8.096669950664396e-08,6.325,1.220703125e-08
255,75.9148103723574,78.76729981795602,0.0015374148514908012,0.0015398140939849624,241.9491165646756,241.9103749763208,2.904340061909789,3.085481728997119,7.11889594523751,6.810740000428165,2.904340061909789,3.085481728997119,41.37353433835846,43.812709030100336,-0.10655522346496582,-0.24308419227600098,8.238993356235597e-08,6.35,1.220703125e-08
256,74.86847676543934,78.5990275507388,0.0015415767121161497,0.0015374161828664384,241.95112604751458,241.91264414707553,2.846886745449686,3.0757007598876953,7.159956626955988,6.821698037278293,2.846886745449686,3.0757007598876953,41.37353433835846,43.812709030100336,-0.08541476726531982,-0.23703241348266602,8.38414980293769e-08,6.375,1.220703125e-08
257,74.88212288963535,78.80932387540173,0.0015386972052608327,0.0015386083516849823,241.953475389848,241.91500277822232,2.8487071403905975,3.0860266653590376,7.150874565993521,6.823199801620432,2.8487071403905975,3.0860266653590376,41.37353433835846,43.812709030100336,-0.0680229663848877,-0.23509836196899414,8.53219482381502e-08,6.4,1.220703125e-08
258,75.41262561791706,78.6332636038994,0.0015348742499173785,0.0015372477723347852,241.95552875768,241.91695830176107,2.872869059069073,3.075005095140591,7.169810792708916,6.840958110464856,2.872869059069073,3.075005095140591,41.37353433835846,43.812709030100336,-0.08645689487457275,-0.23214709758758545,8.683185005626828e-08,6.425,1.220703125e-08
259,75.36438772945947,78.57101654767193,0.0015377411560328611,0.001532816701883257,241.95725361426273,241.91848208832502,2.8669337491493927,3.073430235967987,7.197975190640294,6.828693884272241,2.8669337491493927,3.073430235967987,41.37353433835846,43.812709030100336,-0.0953291654586792,-0.23613691329956055,8.837178007425181e-08,6.45,1.220703125e-08
260,75.69160695291644,78.66180810322331,0.0015348508701327457,0.0015365096629849544,241.95902074561445,241.9203785159516,2.8843372279475483,3.076270801167823,7.189657774402868,6.842255241496108,2.8843372279475483,3.076270801167823,41.37353433835846,43.812709030100336,-0.09161901473999023,-0.23496723175048828,8.994232579402025e-08,6.475,1.220703125e-08
261,74.38304630196474,78.69876009325519,0.0015377734260870709,0.0015370530503830034,241.96060242005927,241.92188040947036,2.813856036619126,3.0781737378608423,7.230059261098379,6.8418074993784215,2.813856036619126,3.0781737378608423,41.37353433835846,43.812709030100336,-0.0639272928237915,-0.2354954481124878,9.154408582006738e-08,6.5,1.220703125e-08
262,76.26717300031652,78.64299942577962,0.001538370781378443,0.0015339238828446804,241.962270228707,241.92395790125613,2.9149147553659565,3.0792758528604156,7.175235043019306,6.810711828761276,2.9149147553659565,3.0792758528604156,41.37353433835846,43.812709030100336,-0.1252150535583496,-0.23968589305877686,9.31776700533536e-08,6.525,1.220703125e-08
263,76.03896934982122,78.6073289954144,0.001540663630866962,0.0015379748596065369,241.96464280427202,241.9267960870545,2.9070953188629405,3.0744675960030445,7.146490831071608,6.834878248514539,2.9070953188629405,3.0744675960030445,41.37353433835846,43.812709030100336,-0.1217721700668335,-0.23429453372955322,9.484369988792708e-08,6.55,1.220703125e-08
264,75.05193497547552,78.49648047609871,0.0015376412010965385,0.0015369856100915667,241.9676118016842,241.92938130356396,2.8602861946751323,3.071487579058644,7.126174306150657,6.814387106177799,2.8602861946751323,3.071487579058644,41.37353433835846,43.812709030100336,-0.08696544170379639,-0.23507189750671387,9.65428084102835e-08,6.575,1.220703125e-08
265,75.86166749887131,78.73308274897444,0.0015387083713817012,0.0015420708482163058,241.9700390481869,241.93180949233448,2.8923197343720863,3.080013320597518,7.193790273650407,6.840781089055498,2.8923197343720863,3.080013320597518,41.37353433835846,43.812709030100336,-0.10208785533905029,-0.23681414127349854,9.827564060147114e-08,6.6,1.220703125e-08
266,75.20140493575053,78.67488445167159,0.0015375708298869992,0.001533597436761577,241.97260219248096,241.9344664098427,2.8657910029093423,3.0772091170218476,7.141923654418894,6.84000212532222,2.8657910029093423,3.0772091170218476,41.37353433835846,43.812709030100336,-0.08738172054290771,-0.234710693359375,1.0004285354194985e-07,6.625,1.220703125e-08
267,74.4870052497391,78.50513108677688,0.0015349550832958402,0.001539510981192233,241.97465934306135,241.93625857758283,2.841267500291118,3.070276942141479,7.052372825405306,6.827510562628807,2.841267500291118,3.070276942141479,41.37353433835846,43.812709030100336,-0.061279892921447754,-0.234552264213562,1.0184511661920808e-07,6.65,1.220703125e-08
268,75.15762352104763,78.60396540204817,0.0015361074573115464,0.0015336631133024859,241.97664267893012,241.93866487330817,2.8651061944626086,3.0757437438071773,7.129900585666573,6.823355650822056,2.8651061944626086,3.0757437438071773,41.37353433835846,43.812709030100336,-0.08767008781433105,-0.23390352725982666,1.036831117381418e-07,6.675,1.220703125e-08
269,75.65309647858842,78.73816959036633,0.0015391116350315125,0.001535281003608577,241.97918946539338,241.94140706652382,2.883476298059051,3.0812680091347584,7.181105801408215,6.8328315581765064,2.883476298059051,3.0812680091347584,41.37353433835846,43.812709030100336,-0.09977388381958008,-0.2345430850982666,1.0555753353419574e-07,6.7,1.220703125e-08
270,75.85906513412195,78.70362142097193,0.0015388447315536652,0.0015350780177263413,241.9819517662777,241.94436528132513,2.896694561943936,3.0784436308819316,7.157748747910287,6.841608541865014,2.896694561943936,3.0784436308819316,41.37353433835846,43.812709030100336,-0.10427117347717285,-0.23370838165283203,1.0746908958926806e-07,6.725,1.220703125e-08
271,75.30650735979704,78.54537882214805,0.0015381574648287352,0.0015342273160715565,241.98486082757537,241.9474278070456,2.8638385336602754,3.0731809218990365,7.199579229306935,6.820419254111606,2.8638385336602754,3.0731809218990365,41.37353433835846,43.812709030100336,-0.1012125015258789,-0.23156118392944336,1.0941850065037414e-07,6.75,1.220703125e-08
272,74.79833802905314,78.7288860461385,0.001537488955205659,0.0015406134117076978,241.98794289849312,241.94994989605652,2.840695352410551,3.081042020217232,7.181462086624836,6.830883522097483,2.840695352410551,3.081042020217232,41.37353433835846,43.812709030100336,-0.08135080337524414,-0.2402188777923584,1.1140650085106727e-07,6.775,1.220703125e-08
273,75.0273535902576,78.7760270542923,0.0015393635230778499,0.0015413439030569035,241.99038847087814,241.9524983179609,2.864815302629966,3.082680012470105,7.080093283948787,6.8366289728859995,2.864815302629966,3.082680012470105,41.37353433835846,43.812709030100336,-0.09601414203643799,-0.2384430170059204,1.1343383793560651e-07,6.8,1.220703125e-08
274,74.9437872345124,78.61290215329582,0.0015366870049586896,0.0015370851428556352,241.99277006880922,241.9547391655453,2.849565819879273,3.073716962616579,7.168683619954479,6.843117305666308,2.849565819879273,3.073716962616579,41.37353433835846,43.812709030100336,-0.08068692684173584,-0.23481249809265137,1.1550127348586497e-07,6.825,1.220703125e-08
275,75.72153222421106,78.6227709409784,0.0015393104043460047,0.0015372598452655518,241.99476472736404,241.95674465013587,2.8863942762914814,3.0764308789103327,7.185133218365897,6.825352971769097,2.8863942762914814,3.0764308789103327,41.37353433835846,43.812709030100336,-0.09590685367584229,-0.22539770603179932,1.1760958315096473e-07,6.85,1.220703125e-08
276,74.86247160127215,78.4885531524352,0.0015365339010654383,0.0015350365361049272,241.99688667028994,241.9586059672378,2.848217734140367,3.068818084372326,7.14694272653142,6.832584315717819,2.848217734140367,3.068818084372326,41.37353433835846,43.812709030100336,-0.07443666458129883,-0.23331475257873535,1.1975955687962586e-07,6.875,1.220703125e-08
277,75.29992719231738,78.66880162982238,0.0015366893699252275,0.0015326450924610215,241.99891731607255,241.96090121572232,2.8661505145643225,3.0780694731900526,7.178461611570425,6.830691659729617,2.8661505145643225,3.0780694731900526,41.37353433835846,43.812709030100336,-0.08554649353027344,-0.23801088333129883,1.2195199915521024e-07,6.9,1.220703125e-08
278,74.73079470533821,78.78182710373282,0.001537731810632026,0.001541662595256615,242.00129755937076,241.96317696970044,2.8433689448102633,3.0812418357185694,7.133052470496351,6.850451828245335,2.8433689448102633,3.0812418357185694,41.37353433835846,43.812709030100336,-0.07914197444915771,-0.23638248443603516,1.2418772923344254e-07,6.925,1.220703125e-08
279,75.3747918466028,78.50849358293922,0.0015370293465400836,0.0015377184920430333,242.0035021093423,241.9653394309972,2.878858943281062,3.068872490854168,7.106736303773557,6.840103793702396,2.878858943281062,3.068872490854168,41.37353433835846,43.812709030100336,-0.10600996017456055,-0.22655940055847168,1.264675813827826e-07,6.95,1.220703125e-08
280,75.6561104216967,78.70305666716203,0.001538038111433786,0.001538154775008908,242.00564360498782,241.96758017651612,2.8835766618974645,3.0779313650418283,7.181514016347914,6.845453804551957,2.8835766618974645,3.0779313650418283,41.37353433835846,43.812709030100336,-0.10044002532958984,-0.23444271087646484,1.2879240512742607e-07,6.9750000000000005,1.220703125e-08
281,75.4386433740357,78.54754773908634,0.001538429482975722,0.001540750811767319,242.00829216782972,241.97034421174422,2.879770404729412,3.069542923101215,7.124973977630462,6.850335677730598,2.879770404729412,3.069542923101215,41.37353433835846,43.812709030100336,-0.09302008152008057,-0.23335111141204834,1.3116306549289963e-07,7.0,1.220703125e-08
282,75.82526134446239,78.44858163176572,0.0015393325837073188,0.0015379035577526858,242.0108789031829,241.97249998775214,2.890100721937528,3.067307954647868,7.196971307048446,6.828651889112083,2.890100721937528,3.067307954647868,41.37353433835846,43.812709030100336,-0.10140275955200195,-0.23146116733551025,1.3358044325422267e-07,7.0249999999999995,1.220703125e-08
283,76.11339266216335,78.75333940384779,0.0015367017690345046,0.001536712526222286,242.01259011120052,241.9738382703086,2.9054794271587325,3.080963653066884,7.1892149061014505,6.8413200346522505,2.9054794271587325,3.080963653066884,41.37353433835846,43.812709030100336,-0.11601054668426514,-0.2339339256286621,1.3604543518659354e-07,7.05,1.220703125e-08
284,75.27421242667603,78.66934637879847,0.0015399026648582924,0.0015353791794917207,242.01406315942506,241.97575888745362,2.8721609578859466,3.076954500332325,7.120064836051596,6.839805169249059,2.8721609578859466,3.076954500332325,41.37353433835846,43.812709030100336,-0.10326027870178223,-0.23702025413513184,1.3855895431856455e-07,7.075,1.220703125e-08
285,75.1979402577258,78.13436042504965,0.0015373636030091263,0.0015411601584080768,242.01620243142798,241.97824821344585,2.8663329834514726,3.052181705583298,7.136199625293214,6.823945501576299,2.8663329834514726,3.052181705583298,41.37353433835846,43.812709030100336,-0.09716272354125977,-0.22408592700958252,1.4112193018765697e-07,7.1,1.220703125e-08
286,75.7069768346534,78.74653809206143,0.0015395925695410426,0.0015451828267792843,242.0183820612666,241.97983068766004,2.8915528092951432,3.0801484417357172,7.1380368341353275,6.84505337616273,2.8915528092951432,3.0801484417357172,41.37353433835846,43.812709030100336,-0.09804236888885498,-0.2296464443206787,1.4373530909837114e-07,7.125,1.220703125e-08
287,75.68493671513083,78.36859079826635,0.0015388150485716075,0.0015411893019521216,242.02039358883448,241.9822394839896,2.8899416631989343,3.062487256168123,7.142116230336865,6.835194281511083,2.8899416631989343,3.062487256168123,41.37353433835846,43.812709030100336,-0.10568618774414062,-0.2297956943511963,1.464000543825354e-07,7.15,1.220703125e-08
288,76.05743928331027,78.39699745816132,0.0015405797517750806,0.0015348688474261392,242.0227964519456,241.9850732809724,2.909095623984409,3.0659423528307657,7.137871717488147,6.818966632702677,2.909095623984409,3.0659423528307657,41.37353433835846,43.812709030100336,-0.10641777515411377,-0.23257958889007568,1.4911714666193896e-07,7.175,1.220703125e-08
289,75.65965033296365,78.86688227318601,0.0015362442815847932,0.0015405067063581485,242.02541043331075,241.98707866349747,2.8854106886303006,3.0848854728367017,7.168270050381096,6.8553294529484265,2.8854106886303006,3.0848854728367017,41.37353433835846,43.812709030100336,-0.08734667301177979,-0.24447870254516602,1.5188758411318434e-07,7.199999999999999,1.220703125e-08
290,75.08108691753854,78.55402848872053,0.001540652240300473,0.0015400496940673593,242.02729805031015,241.98916253437565,2.865662634272871,3.0716977948727817,7.09479276698638,6.835693989310376,2.865662634272871,3.0716977948727817,41.37353433835846,43.812709030100336,-0.07457172870635986,-0.2316908836364746,1.5471238273469427e-07,7.2250000000000005,1.220703125e-08
291,75.30361082246355,78.67096983230233,0.0015405698738277733,0.001537295610855729,242.02944565458313,241.991292385752,2.862069879944001,3.0773533235824226,7.212545356558795,6.837247803857095,2.862069879944001,3.0773533235824226,41.37353433835846,43.812709030100336,-0.08260905742645264,-0.2365109920501709,1.5759257661579785e-07,7.25,1.220703125e-08
292,74.78173161032211,78.90983905600864,0.0015375230824450027,0.0015336250704105782,242.03161416620864,241.9934677583318,2.8397610135613576,3.0891258046778547,7.182288365547781,6.838645499685536,2.8397610135613576,3.0891258046778547,41.37353433835846,43.812709030100336,-0.07542765140533447,-0.24302208423614502,1.605292182078223e-07,7.2749999999999995,1.220703125e-08
293,75.14054623960051,78.85343754490881,0.0015345539888320257,0.001538705920573187,242.03387808999423,241.99578918661163,2.8690146952617908,3.0846642339508668,7.091808127398467,6.851733556957947,2.8690146952617908,3.0846642339508668,41.37353433835846,43.812709030100336,-0.08564507961273193,-0.24375581741333008,1.6352337859710274e-07,7.300000000000001,1.220703125e-08
294,74.5581777882536,78.64522149331593,0.001535480632758707,0.001534623582925286,242.0365303844663,241.99905691497702,2.829762260718162,3.078791808922554,7.172873254197726,6.8154610184124085,2.829762260718162,3.078791808922554,41.37353433835846,43.812709030100336,-0.05768382549285889,-0.23626744747161865,1.6657614777982512e-07,7.325,1.220703125e-08
295,75.36149787583344,78.66661969953556,0.001538625715333201,0.0015354202713748833,242.03933434670094,242.00153521789755,2.872173782169719,3.0794895795675425,7.154883418250923,6.818431015397394,2.872173782169719,3.0794895795675425,41.37353433835846,43.812709030100336,-0.09078025817871094,-0.2350982427597046,1.6968863493860383e-07,7.35,1.220703125e-08
296,75.80311231756929,78.65395533839197,0.0015348784309239369,0.0015396714139648755,242.04194306288932,242.0038610860257,2.8920566676250057,3.077263570549496,7.1724953451747675,6.831140393796175,2.8920566676250057,3.077263570549496,41.37353433835846,43.812709030100336,-0.09904229640960693,-0.23870444297790527,1.7286196872069496e-07,7.375,1.220703125e-08
297,76.03288915688468,79.098345600243,0.0015356472441442996,0.0015405988765344722,242.04424455856758,242.00603661170373,2.9107072648890253,3.0987064503507074,7.1151952408066945,6.837344399264026,2.9107072648890253,3.0987064503507074,41.37353433835846,43.812709030100336,-0.12073934078216553,-0.25437188148498535,1.7609729751773744e-07,7.4,1.220703125e-08
298,76.35421534399292,78.79166458282981,0.001536472329060224,0.0015358817167922755,242.0461617730171,242.00795712678328,2.9250663676653277,3.0848924108970923,7.128846265163453,6.825221760217163,2.9250663676653277,3.0848924108970923,41.37353433835846,43.812709030100336,-0.11971187591552734,-0.24413514137268066,1.7939578974690566e-07,7.425,1.220703125e-08
299,75.79257193202749,78.90144470623106,0.0015363663345672053,0.0015380959517873798,242.04897644451916,242.01113738503344,2.8957619718970165,3.0879636345101042,7.138624033137183,6.844544581346288,2.8957619718970165,3.0879636345101042,41.37353433835846,43.812709030100336,-0.11314082145690918,-0.24651575088500977,1.8275863413335522e-07,7.449999999999999,1.220703125e-08
300,75.71663063854429,78.78437335674579,0.001537734253403779,0.0015385253351013547,242.0517110904457,242.01380313120558,2.892368831826215,3.081488906739149,7.135382136308168,6.84951091530331,2.892368831826215,3.081488906739149,41.37353433835846,43.812709030100336,-0.10615575313568115,-0.2409827709197998,1.8618703999382946e-07,7.4750000000000005,1.220703125e-08
301,74.49291690589995,78.649062242795,0.0015380897286614806,0.0015385712654233277,242.05435226670463,242.01601764589648,2.834541104746424,3.076527653729238,7.1085150669168184,6.835077118315426,2.834541104746424,3.076527653729238,41.37353433835846,43.812709030100336,-0.06873869895935059,-0.23630964756011963,1.896822375212947e-07,7.5,1.220703125e-08
302,75.80552981327128,78.5102295891497,0.0015355841526948852,0.001535198982979442,242.05639556424703,242.0180361948683,2.897128925850643,3.069775267986948,7.132876956882189,6.83358919022474,2.897128925850643,3.069775267986948,41.37353433835846,43.812709030100336,-0.09325850009918213,-0.2332538366317749,1.932454780704554e-07,7.525,1.220703125e-08
303,75.64227237413876,79.00795554476836,0.0015388913895276498,0.0015384691516653849,242.05835086177143,242.0200938859512,2.8897678149205754,3.095003195829615,7.12643569518174,6.8308288357329605,2.8897678149205754,3.095003195829615,41.37353433835846,43.812709030100336,-0.09950041770935059,-0.24264299869537354,1.968780344440025e-07,7.55,1.220703125e-08
304,75.80955610163447,78.31784483740562,0.0015387819903252187,0.001534125915211454,242.06039490052802,242.02195561131506,2.88078519447365,3.0618138624274214,7.265210609340189,6.820334751869125,2.88078519447365,3.0618138624274214,41.37353433835846,43.812709030100336,-0.1052396297454834,-0.23402798175811768,2.0058120117942898e-07,7.575,1.220703125e-08
305,76.29376655208006,78.8118877091934,0.0015378951204634917,0.0015380748089739312,242.06215914370028,242.02396538265572,2.9181357652098687,3.085167726944123,7.16009790973248,6.8310884919054935,2.9181357652098687,3.085167726944123,41.37353433835846,43.812709030100336,-0.11215317249298096,-0.23882269859313965,2.0435629483624843e-07,7.6000000000000005,1.220703125e-08
306,75.11761410711598,78.64621714206045,0.0015402614200250612,0.0015360311816063363,242.06431201315007,242.02644149116847,2.8666338988484648,3.077150467646162,7.101631956883212,6.828974680757044,2.8666338988484648,3.077150467646162,41.37353433835846,43.812709030100336,-0.06908965110778809,-0.23524868488311768,2.082046542834343e-07,7.625,1.220703125e-08
307,75.33904047827026,78.70635731164428,0.0015405888177401432,0.0015375157125157158,242.06673018616848,242.02870856958089,2.8671669804271143,3.0784506215698344,7.185934870287002,6.842618408011752,2.8671669804271143,3.0784506215698344,41.37353433835846,43.812709030100336,-0.09299623966217041,-0.2329235076904297,2.121276409868962e-07,7.65,1.220703125e-08
308,75.2934182964178,78.4239052609855,0.0015401640712709433,0.0015372741647394854,242.0691138288284,242.0317844658791,2.8660585169416777,3.0669636367555446,7.176556846803956,6.821531750286702,2.8660585169416777,3.0669636367555446,41.37353433835846,43.812709030100336,-0.07640242576599121,-0.23202455043792725,2.161266392967929e-07,7.675000000000001,1.220703125e-08
309,74.9754129151004,78.7955537623785,0.0015363910048654056,0.0015391566507194352,242.07218876875424,242.0348687825793,2.857884358321402,3.0842408775087184,7.114777255896947,6.831960202858201,2.857884358321402,3.0842408775087184,41.37353433835846,43.812709030100336,-0.10033941268920898,-0.2384939193725586,2.2020305673447817e-07,7.699999999999999,1.220703125e-08
310,75.91103755369458,78.46975355881911,0.0015388553731230834,0.0015369695404943166,242.07551196432195,242.03857891376202,2.9008553191844744,3.066400843719176,7.145240042477197,6.844377830275723,2.9008553191844744,3.066400843719176,41.37353433835846,43.812709030100336,-0.1067054271697998,-0.22904181480407715,2.2435832427885914e-07,7.7250000000000005,1.220703125e-08
311,75.77028335239021,78.87526498749902,0.0015376705672027202,0.0015394311958151468,242.07923914719268,242.04180300913526,2.8903031385124627,3.0861667215226087,7.173364610528227,6.848433300005552,2.8903031385124627,3.0861667215226087,41.37353433835846,43.812709030100336,-0.09637606143951416,-0.24646878242492676,2.285938966519435e-07,7.750000000000001,1.220703125e-08
312,75.84739613493083,79.0551494483565,0.0015378031223291654,0.001534962107000692,242.08226953758867,242.0450681858637,2.899328617993711,3.095911061085985,7.132004241847513,6.842469169144646,2.899328617993711,3.095911061085985,41.37353433835846,43.812709030100336,-0.11616802215576172,-0.24451053142547607,2.3291125260333201e-07,7.7749999999999995,1.220703125e-08
313,75.23326564514058,78.61995383170138,0.0015379881550256832,0.0015339013002189904,242.08590473322013,242.04889385516827,2.8691744165404556,3.0765718839639007,7.127583853563472,6.823111569203661,2.8691744165404556,3.0765718839639007,41.37353433835846,43.812709030100336,-0.09544003009796143,-0.23618841171264648,2.3731189519341197e-07,7.800000000000001,1.220703125e-08
314,75.02207399812376,78.50087689556007,0.0015405793763990428,0.0015350057771522864,242.08948727708366,242.0520089446103,2.8541855400730816,3.0721004694999263,7.162997780932454,6.811245135240331,2.8541855400730816,3.0721004694999263,41.37353433835846,43.812709030100336,-0.09279239177703857,-0.22918736934661865,2.4179735207498437e-07,7.824999999999999,1.220703125e-08
315,75.37653666485095,78.63644337733852,0.0015408415672988622,0.001536766337744742,242.09226634474456,242.054400287743,2.878050407971968,3.074801275961375,7.113860476955497,6.843848615984454,2.878050407971968,3.074801275961375,41.37353433835846,43.812709030100336,-0.0980294942855835,-0.23520874977111816,2.4636917577305756e-07,7.85,1.220703125e-08
316,75.96424565403106,78.71040456510308,0.001537912212455742,0.0015432862825785145,242.0948265753,242.05682434286163,2.9053676791326883,3.0788132123723875,7.130429447595797,6.841285605095701,2.9053676791326883,3.0788132123723875,41.37353433835846,43.812709030100336,-0.10012364387512207,-0.23967933654785156,2.510289439625153e-07,7.875,1.220703125e-08
317,75.48124169584494,78.68974503226902,0.00153801017253655,0.0015381370580764518,242.09750938735016,242.06022072476287,2.881065553955896,3.0784868595990846,7.1316435037545824,6.835674689366267,2.881065553955896,3.0784868595990846,41.37353433835846,43.812709030100336,-0.09315824508666992,-0.23624885082244873,2.557782597433671e-07,7.8999999999999995,1.220703125e-08
318,75.41756404704185,78.77108246666133,0.0015386573528056618,0.0015326090021538594,242.10082396949755,242.0627471515566,2.872024637171172,3.0822285561258576,7.178494448637842,6.838319413239342,2.872024637171172,3.0822285561258576,41.37353433835846,43.812709030100336,-0.09211671352386475,-0.23835086822509766,2.606187519132634e-07,7.925,1.220703125e-08
319,75.56716784759982,78.41953019872557,0.0015399754842995998,0.0015334496469264942,242.10271588042752,242.06429701585037,2.885651717832939,3.0663219168034686,7.129307151839162,6.824941990766238,2.885651717832939,3.0663219168034686,41.37353433835846,43.812709030100336,-0.09628856182098389,-0.2270289659500122,2.655520752369569e-07,7.95,1.220703125e-08
320,76.0497874351003,78.84597229718365,0.0015383378598274322,0.0015456682518062285,242.10428950375248,242.0662827507708,2.9054708844253567,3.0841125038555233,7.163814404901348,6.85309775457733,2.9054708844253567,3.0841125038555233,41.37353433835846,43.812709030100336,-0.10489380359649658,-0.23967993259429932,2.705799107123656e-07,7.975,1.220703125e-08
321,74.51806456599404,78.77752654927231,0.0015385074412662355,0.0015361766590982874,242.10642356169683,242.06823572267257,2.831734539875433,3.08317872752314,7.141014698961472,6.8332641148646935,2.831734539875433,3.08317872752314,41.37353433835846,43.812709030100336,-0.06252181529998779,-0.2366044521331787,2.7570396583289e-07,8.0,1.220703125e-08
322,75.63464048759423,78.54524532050193,0.0015386908882183696,0.0015390699232514188,242.1082070508794,242.069940318232,2.883256768461448,3.0732942688026554,7.175465388913051,6.81940535159414,2.883256768461448,3.0732942688026554,41.37353433835846,43.812709030100336,-0.09720051288604736,-0.23412621021270752,2.809259748456128e-07,8.025,1.220703125e-08
323,75.7202500897636,78.40704917269805,0.0015349400846343768,0.0015323781677020283,242.11009223976328,242.07218774903976,2.8842962375238312,3.0640610340845624,7.2014235036457,6.8380452813113415,2.8842962375238312,3.0640610340845624,41.37353433835846,43.812709030100336,-0.09242987632751465,-0.22887396812438965,2.862476990050033e-07,8.049999999999999,1.220703125e-08
324,75.45285751112742,78.65810422355116,0.0015402635129658471,0.0015417331444990375,242.1125385278034,242.07492973812447,2.875835333637257,3.073625570156901,7.16211017052732,6.86187488817451,2.875835333637257,3.073625570156901,41.37353433835846,43.812709030100336,-0.09272539615631104,-0.2353905439376831,2.9167092682172433e-07,8.075,1.220703125e-08
325,74.9575863299857,78.70361728732004,0.0015392021408267133,0.0015415653405729743,242.1154586050778,242.07765452917602,2.854705943933484,3.0775092915946423,7.133044288386053,6.849009638247282,2.854705943933484,3.0775092915946423,41.37353433835846,43.812709030100336,-0.09516334533691406,-0.23676764965057373,2.9719747430613447e-07,8.100000000000001,1.220703125e-08
326,76.00995299884023,78.52208939364124,0.0015383786108450874,0.0015346952386972896,242.11779800491718,242.08001295619187,2.903485006223771,3.069479579510896,7.16376458779851,6.840690391119507,2.903485006223771,3.069479579510896,41.37353433835846,43.812709030100336,-0.10430669784545898,-0.23389995098114014,3.028291852060497e-07,8.125,1.220703125e-08
327,76.48071301842056,78.66853597889776,0.0015400837195438132,0.0015315490246853203,242.12054750068702,242.08252192978875,2.9315932012682584,3.0780872836160817,7.127190079521294,6.830432993911182,2.9315932012682584,3.0780872836160817,41.37353433835846,43.812709030100336,-0.1200406551361084,-0.23456788063049316,3.085679312383262e-07,8.15,1.220703125e-08
328,74.89032156223827,78.46882364024286,0.0015413614373710287,0.0015395793668228049,242.1227387088028,242.0845293536234,2.848869923970208,3.069421107952411,7.152808230126922,6.819815055183742,2.848869923970208,3.069421107952411,41.37353433835846,43.812709030100336,-0.08743596076965332,-0.22977542877197266,3.144156123137952e-07,8.175,1.220703125e-08
329,75.99308278452811,78.47994112250797,0.0015416664496092267,0.0015431233840592729,242.1246412267637,242.08650636194542,2.9079853250353382,3.0692100469085286,7.120986683684178,6.825918741449464,2.9079853250353382,3.0692100469085286,41.37353433835846,43.812709030100336,-0.12557923793792725,-0.23627066612243652,3.203741567550776e-07,8.2,1.220703125e-08
330,75.34869067832653,78.5051870186592,0.0015389063989141429,0.0015415684004659986,242.12679762337075,242.0889739479907,2.873965787727829,3.068870156106343,7.135407312830888,6.838748880852027,2.873965787727829,3.068870156106343,41.37353433835846,43.812709030100336,-0.098274827003479,-0.23788225650787354,3.264455215067735e-07,8.225,1.220703125e-08
331,75.93600606998207,78.46832260080804,0.0015395588874879294,0.0015371651447107111,242.1295060712089,242.09157432122373,2.905225608816099,3.068348772948402,7.1202488488687745,6.828210513328629,2.905225608816099,3.068348772948402,41.37353433835846,43.812709030100336,-0.11737334728240967,-0.23456931114196777,3.3263169233752085e-07,8.25,1.220703125e-08
332,75.5331241984663,78.85400625375601,0.001540144434521658,0.0015348601217278868,242.13214039762616,242.09392397060842,2.884981604277389,3.087639480928912,7.121043187689342,6.828175133287308,2.884981604277389,3.087639480928912,41.37353433835846,43.812709030100336,-0.10238337516784668,-0.24820899963378906,3.389346840333813e-07,8.275,1.220703125e-08
333,75.67427034873259,78.49432015817699,0.0015404128625137199,0.0015397417490654018,242.13444253228218,242.09635011806935,2.8904936485354424,3.068848740695711,7.133401992133314,6.834586641062861,2.8904936485354424,3.068848740695711,41.37353433835846,43.812709030100336,-0.09713220596313477,-0.2324889898300171,3.4535654058201064e-07,8.3,1.220703125e-08
334,75.56030904747533,78.82186634484741,0.0015378807302037101,0.0015402779292259178,242.13715915903575,242.09905327123943,2.8769606944903656,3.0850993829427353,7.196101454634163,6.835597641093276,2.8769606944903656,3.0850993829427353,41.37353433835846,43.812709030100336,-0.09602344036102295,-0.24084234237670898,3.5189933534703495e-07,8.325000000000001,1.220703125e-08
335,75.89016691683925,78.81810234860832,0.001540573101866697,0.001538953428113067,242.13968025859276,242.1020200085082,2.8890313479169527,3.083197598473284,7.231456703876131,6.849314233531123,2.8890313479169527,3.083197598473284,41.37353433835846,43.812709030100336,-0.09810376167297363,-0.23593604564666748,3.5856517123205126e-07,8.35,1.220703125e-08
336,75.57517959364695,78.70306580202237,0.001538179149863683,0.0015394473187531964,242.14252240613877,242.10469672671928,2.8779527969296455,3.079450218972554,7.194108691447145,6.83327417150389,2.8779527969296455,3.079450218972554,41.37353433835846,43.812709030100336,-0.10059499740600586,-0.23669445514678955,3.653561808336355e-07,8.375,1.220703125e-08
337,75.72307529161922,78.51715572701649,0.001537429951162544,0.0015305956622373848,242.14489636189575,242.1066322454242,2.889933143628502,3.0710885476906564,7.157429858867447,6.825872826337017,2.889933143628502,3.0710885476906564,41.37353433835846,43.812709030100336,-0.0905153751373291,-0.2318974733352661,3.722745265827369e-07,8.4,1.220703125e-08
338,75.71221463764134,78.66232953023751,0.0015398293945757388,0.0015396348151680468,242.14681843257628,242.10863977132433,2.8877297170597505,3.077351102860875,7.17069288633976,6.833768492159636,2.8877297170597505,3.077351102860875,41.37353433835846,43.812709030100336,-0.11007559299468994,-0.2382105588912964,3.7932240087380364e-07,8.424999999999999,1.220703125e-08
339,76.29163934397738,78.57947851582914,0.0015394427673969186,0.0015327810371344455,242.14906344262,242.1112816852072,2.9182139010085932,3.0737654532875904,7.158591471724773,6.829368961295954,2.9182139010085932,3.0737654532875904,41.37353433835846,43.812709030100336,-0.1157156229019165,-0.2293468713760376,3.8650202618097316e-07,8.450000000000001,1.220703125e-08
340,75.29401769590139,78.61776559887124,0.001538668952217728,0.0015403229145981047,242.151930075794,242.11423546016016,2.863430103864302,3.075969161795932,7.197818965368734,6.826993779593885,2.863430103864302,3.075969161795932,41.37353433835846,43.812709030100336,-0.09048581123352051,-0.24171686172485352,3.9381565516063813e-07,8.475,1.220703125e-08
341,75.21470399278293,78.59796709041531,0.0015413084050244223,0.0015373127570026944,242.15470620415718,242.1170492012764,2.8701971000562763,3.078127471100925,7.111935552440496,6.801829878701813,2.8701971000562763,3.078127471100925,41.37353433835846,43.812709030100336,-0.09140908718109131,-0.23693132400512695,4.0126557073967593e-07,8.5,1.220703125e-08
342,75.34450561676792,78.69267022888796,0.0015403595150462422,0.0015442488270416158,242.15745023027736,242.1199898097826,2.871077782344978,3.078165590962439,7.156817717368479,6.839350982653257,2.871077782344978,3.078165590962439,41.37353433835846,43.812709030100336,-0.09886741638183594,-0.23758602142333984,4.088540861886098e-07,8.525,1.220703125e-08
343,75.20754337790024,78.31707712639135,0.0015379843675302127,0.0015387238586558197,242.1601910103905,242.12239625860616,2.855186136923044,3.061898859049564,7.229184400695852,6.819289374909672,2.855186136923044,3.061898859049564,41.37353433835846,43.812709030100336,-0.08319723606109619,-0.23003625869750977,4.1658354517895025e-07,8.549999999999999,1.220703125e-08
344,75.59564585981258,78.35354744391297,0.0015400536024905555,0.0015372718177443015,242.16280161795305,242.12511666084214,2.8824259935311938,3.0629688880116643,7.166488552412995,6.82532799602751,2.8824259935311938,3.0629688880116643,41.37353433835846,43.812709030100336,-0.07892298698425293,-0.22890937328338623,4.244563218239416e-07,8.575,1.220703125e-08
345,76.27198328884003,78.32487102495787,0.0015391148999255382,0.0015439861796696648,242.1654954970981,242.12785466937316,2.9186595680326275,3.059343022247621,7.1471615764164245,6.842810988027515,2.9186595680326275,3.059343022247621,41.37353433835846,43.812709030100336,-0.12313258647918701,-0.22623896598815918,4.3247482070191764e-07,8.6,1.220703125e-08
346,75.29316132511924,78.58567626340732,0.001539074000902474,0.0015350888404577821,242.1684450440271,242.13099588757774,2.8647654819328783,3.0748518940597074,7.186785146818688,6.823133310745392,2.8647654819328783,3.0748518940597074,41.37353433835846,43.812709030100336,-0.10336542129516602,-0.22713971138000488,4.4064147686145036e-07,8.625,1.220703125e-08
347,75.09228712430152,78.605340708857,0.0015407881441711756,0.0015395793726630384,242.17187515335468,242.13396267587925,2.8584543823996182,3.0746141652199737,7.156909732563013,6.8328636800963745,2.8584543823996182,3.0746141652199737,41.37353433835846,43.812709030100336,-0.08136153221130371,-0.22916030883789062,4.4895875580745184e-07,8.65,1.220703125e-08
348,75.49138407491559,78.57208045270531,0.0015403555501002813,0.0015386184914984481,242.17452374175565,242.13697304614013,2.8791635787267382,3.0747088094220114,7.150877859923908,6.818808539655296,2.8791635787267382,3.0747088094220114,41.37353433835846,43.812709030100336,-0.10067486763000488,-0.24107766151428223,4.574291534673695e-07,8.675,1.220703125e-08
349,75.72265915095906,78.57056478034693,0.0015402384074264435,0.001534718314628039,242.17735587013027,242.13959311801057,2.894696508021011,3.0738954942760657,7.119124426114898,6.824738760855684,2.894696508021011,3.0738954942760657,41.37353433835846,43.812709030100336,-0.09692633152008057,-0.2371598482131958,4.6605519613659287e-07,8.7,1.220703125e-08
350,76.07170981657964,78.49768931411182,0.001538710370917229,0.0015403550304316706,242.18019656080696,242.14251188450433,2.908784110741799,3.0685069999567243,7.146054604944073,6.838650494514899,2.908784110741799,3.0685069999567243,41.37353433835846,43.812709030100336,-0.10267865657806396,-0.23841726779937744,4.7483944040216745e-07,8.725,1.220703125e-08
351,75.4345348364544,78.68356328345462,0.0015380069786227204,0.0015341765317368168,242.18300241441582,242.14526504975896,2.878697329829486,3.0783209705033827,7.131883172333939,6.834536719880375,2.878697329829486,3.0783209705033827,41.37353433835846,43.812709030100336,-0.09241914749145508,-0.23131215572357178,4.837844730438922e-07,8.75,1.220703125e-08
352,75.23278703801397,78.52328503969122,0.0015423129801365424,0.0015362833204514107,242.18573171848828,242.14765424951662,2.8686208529288644,3.069782718766892,7.131761898347481,6.83871305586901,2.8686208529288644,3.069782718766892,41.37353433835846,43.812709030100336,-0.09835553169250488,-0.22839736938476562,4.928929109118531e-07,8.774999999999999,1.220703125e-08
353,75.35421645581422,78.4918190946547,0.0015410896768197541,0.0015348141049704575,242.1881722301694,242.15033127392414,2.8683989343531366,3.069806818180658,7.182117708963365,6.825946313481666,2.8683989343531366,3.069806818180658,41.37353433835846,43.812709030100336,-0.09761989116668701,-0.2319859266281128,5.021674007794261e-07,8.8,1.220703125e-08
354,76.14085553039857,78.64150664160483,0.0015370007664810747,0.0015403469973851156,242.1907666332558,242.1528073824369,2.910752917454271,3.07351702033078,7.157972784697311,6.856095463934551,2.910752917454271,3.07351702033078,41.37353433835846,43.812709030100336,-0.10845017433166504,-0.2367415428161621,5.116106191707625e-07,8.825000000000001,1.220703125e-08
355,75.86268259173063,79.12584676072748,0.0015367918579185528,0.0015386106780446742,242.19366217378396,242.15592874890586,2.90649137345191,3.097807156999773,7.0807970684377395,6.855522962716909,2.90649137345191,3.097807156999773,41.37353433835846,43.812709030100336,-0.11360514163970947,-0.24676334857940674,5.212252721617455e-07,8.85,1.220703125e-08
356,75.4380907860633,78.7200962181474,0.0015410911307437735,0.0015404285013482573,242.19654345232837,242.15859480127443,2.874108604849683,3.0783099211179294,7.169987325492616,6.849185288151769,2.874108604849683,3.0783099211179294,41.37353433835846,43.812709030100336,-0.08888077735900879,-0.24141645431518555,5.310140951533931e-07,8.875,1.220703125e-08
357,75.54340721654333,79.0245581789559,0.0015393730574342075,0.0015391434381644314,242.19942968934026,242.1616855991325,2.8749395315371564,3.095106792290474,7.2054789182129415,6.836604799315284,2.8749395315371564,3.095106792290474,41.37353433835846,43.812709030100336,-0.0910102128982544,-0.24361002445220947,5.409798526166566e-07,8.9,1.220703125e-08
358,75.25500007769969,78.65787467828962,0.0015394480181764344,0.0015374127266162315,242.20236295511575,242.16506233342915,2.872516293022501,3.0773293110837905,7.109501032773374,6.832162809212471,2.872516293022501,3.0773293110837905,41.37353433835846,43.812709030100336,-0.09455597400665283,-0.23238396644592285,5.511253378075482e-07,8.924999999999999,1.220703125e-08
359,75.78467231379881,78.5546388657994,0.0015384822606516243,0.0015404933271618143,242.20575715389285,242.16842355377298,2.8930214980938525,3.0728648601965762,7.157335179135628,6.826557800522616,2.8930214980938525,3.0728648601965762,41.37353433835846,43.812709030100336,-0.10594284534454346,-0.23932647705078125,5.614533724515136e-07,8.95,1.220703125e-08
360,75.81632313177214,78.77661609968612,0.0015383360287723703,0.001541164120033159,242.2093069565356,242.1714754646837,2.895767217505118,3.084193674616989,7.148029390491633,6.824713182289863,2.895767217505118,3.084193674616989,41.37353433835846,43.812709030100336,-0.11378884315490723,-0.2398509979248047,5.719668063959419e-07,8.975000000000001,1.220703125e-08
361,75.61639215159457,78.53507332179858,0.0015409930569776514,0.0015364252361796025,242.21226015841742,242.17452298677884,2.876356142449818,3.0697591631707537,7.223323408283381,6.84360833630514,2.876356142449818,3.0697591631707537,41.37353433835846,43.812709030100336,-0.10496830940246582,-0.2308882474899292,5.826685172296986e-07,9.0,1.220703125e-08
362,75.80959556490133,78.66298218794093,0.0015411875395952932,0.0015402730974060387,242.21541011433305,242.17752478353952,2.8904717767258585,3.076916489712769,7.1876767188859745,6.8374817267708154,2.8904717767258585,3.076916489712769,41.37353433835846,43.812709030100336,-0.09734141826629639,-0.2351522445678711,5.935614098685384e-07,9.025,1.220703125e-08
363,75.83023597806742,78.65181704109727,0.0015368006930029771,0.001538281042804711,242.21799373147476,242.18012546296902,2.896309064261278,3.0758842760105196,7.149268885154021,6.841286839450084,2.896309064261278,3.0758842760105196,41.37353433835846,43.812709030100336,-0.0966041088104248,-0.23523080348968506,6.0464841610525e-07,9.05,1.220703125e-08
364,75.22900744618683,78.36546241479574,0.001540071059523815,0.0015431534340075625,242.2206179876024,242.1827347158987,2.866933266321818,3.063117737754133,7.143756531790473,6.8288393546905,2.866933266321818,3.063117737754133,41.37353433835846,43.812709030100336,-0.07600045204162598,-0.22872889041900635,6.159324941233648e-07,9.075,1.220703125e-08
365,75.55589988363448,78.91334245356428,0.001538366180145723,0.0015421269798688716,242.22335000094057,242.1853830599067,2.883071726091343,3.0886685026927934,7.145418540117529,6.843591219605411,2.883071726091343,3.0886685026927934,41.37353433835846,43.812709030100336,-0.0936436653137207,-0.24828088283538818,6.274166279732498e-07,9.1,1.220703125e-08
366,75.14838780030932,78.5463703117243,0.0015403190346893355,0.00154372259007337,242.2260186276843,242.18789427894413,2.8571882375720357,3.071517386165351,7.18946442212691,6.833997677002463,2.8571882375720357,3.071517386165351,41.37353433835846,43.812709030100336,-0.08099651336669922,-0.23551583290100098,6.391038270093949e-07,9.125,1.220703125e-08
367,74.72829257064129,78.43780139935853,0.0015398941599097807,0.0015359968398650952,242.22840922242233,242.19019197700015,2.8357139919670784,3.065265860445922,7.193223100211752,6.840643554228206,2.8357139919670784,3.065265860445922,41.37353433835846,43.812709030100336,-0.07255148887634277,-0.2316281795501709,6.509971252876876e-07,9.15,1.220703125e-08
368,76.07285549093531,78.69309502541022,0.0015406156412342959,0.001542380718548586,242.23071268615212,242.19239352937527,2.9095871248836294,3.0787533294397056,7.140056202759096,6.834808962002247,2.9095871248836294,3.0787533294397056,41.37353433835846,43.812709030100336,-0.12026643753051758,-0.2379159927368164,6.630995809214706e-07,9.175,1.220703125e-08
369,75.95657496875654,78.62617347232474,0.0015372106886563988,0.0015433683538230067,242.23293551088778,242.1944491791486,2.8987125032511187,3.0737856941478308,7.180566298103013,6.847771797690503,2.8987125032511187,3.0737856941478308,41.37353433835846,43.812709030100336,-0.09840238094329834,-0.240525484085083,6.754142753951556e-07,9.2,1.220703125e-08
370,75.60234220622972,78.58412497019688,0.0015413310473170164,0.0015423975080519567,242.2350182205788,242.19701025717234,2.8832702752533472,3.0735854456655956,7.162378191348895,6.832560481833774,2.8832702752533472,3.0735854456655956,41.37353433835846,43.812709030100336,-0.11214125156402588,-0.23172354698181152,6.87944312834175e-07,9.225,1.220703125e-08
371,75.8228438487604,78.94227508238725,0.0015381162089546847,0.0015412466873081531,242.2374387705945,242.19968284173154,2.8979586872024155,3.0905360202725514,7.133094549578439,6.840223849816466,2.8979586872024155,3.0905360202725514,41.37353433835846,43.812709030100336,-0.10572493076324463,-0.24705886840820312,7.006928192300347e-07,9.25,1.220703125e-08
372,75.25021615339882,78.44339828746375,0.0015392821947880202,0.0015387621970635442,242.2401766114099,242.20174737120152,2.8738737385876014,3.064734045079719,7.096713018976464,6.8471079622224025,2.8738737385876014,3.064734045079719,41.37353433835846,43.812709030100336,-0.07509589195251465,-0.23641765117645264,7.136629416192427e-07,9.274999999999999,1.220703125e-08
373,74.99737010808846,78.76686065571762,0.0015417651930072,0.0015412938281158639,242.24273400490407,242.20471614977987,2.8588386612321863,3.078989304826411,7.115834534867125,6.86242923927945,2.8588386612321863,3.078989304826411,41.37353433835846,43.812709030100336,-0.07434916496276855,-0.23601031303405762,7.268578472148759e-07,9.3,1.220703125e-08
374,75.06360867754299,78.6968034214798,0.0015387470906887398,0.0015414668314071703,242.24570484257222,242.20802296922358,2.8599900260842226,3.0792224104189154,7.133141413006551,6.832538920501403,2.8599900260842226,3.0792224104189154,41.37353433835846,43.812709030100336,-0.08049190044403076,-0.23853445053100586,7.402807224895582e-07,9.325000000000001,1.220703125e-08
375,75.34343373156473,79.04017725915813,0.0015406718973298144,0.001533860163560704,242.24885012117062,242.21051673506415,2.881233637057357,3.096207864308437,7.0751057342069235,6.834064089733621,2.881233637057357,3.096207864308437,41.37353433835846,43.812709030100336,-0.10513675212860107,-0.2392178773880005,7.539347722086205e-07,9.35,1.220703125e-08
376,75.38431869839104,78.37016053981206,0.0015389814686616711,0.001534728801351377,242.25105290756355,242.21283178425153,2.8812468151750674,3.0647203356127277,7.091367017883352,6.817949403488516,2.8812468151750674,3.0647203356127277,41.37353433835846,43.812709030100336,-0.08987963199615479,-0.23252618312835693,7.678232184122231e-07,9.375,1.220703125e-08
377,75.72766241076803,78.43699855230325,0.0015396724458568583,0.001539141200576289,242.2534671189198,242.21526441287037,2.8918755597604977,3.0651868330595087,7.143667502219553,6.840916247670866,2.8918755597604977,3.0651868330595087,41.37353433835846,43.812709030100336,-0.10351669788360596,-0.2308100461959839,7.819492993452324e-07,9.4,1.220703125e-08
378,75.31923071064142,78.5976083812905,0.0015397233289075232,0.0015364639000830095,242.25622694057037,242.2181941514031,2.8613573502455925,3.075724679092101,7.224438607393198,6.8208771198489595,2.8613573502455925,3.075724679092101,41.37353433835846,43.812709030100336,-0.08797311782836914,-0.2369617223739624,7.96316268333647e-07,9.424999999999999,1.220703125e-08
379,76.00936856421593,78.61101748871565,0.001540470546598186,0.0015351989716883238,242.25889086443775,242.22052001953125,2.899556648791136,3.075044893500797,7.194892456783122,6.831687681651036,2.899556648791136,3.075044893500797,41.37353433835846,43.812709030100336,-0.12141108512878418,-0.23169219493865967,8.109273926063953e-07,9.45,1.220703125e-08
380,75.15046481031868,78.70298591026894,0.0015391685714839117,0.0015376837722440079,242.26085500541444,242.22230739019386,2.864539487477723,3.0779977131846756,7.131476507714046,6.844830983458554,2.864539487477723,3.0779977131846756,41.37353433835846,43.812709030100336,-0.09524345397949219,-0.23387658596038818,8.257859520613308e-07,9.475000000000001,1.220703125e-08
381,74.66887811759808,78.6982570890599,0.0015379248832007699,0.0015390525139045955,242.2629226607893,242.2244982256937,2.8463775045308637,3.0788398147825413,7.084146791966117,6.836191741917843,2.8463775045308637,3.0788398147825413,41.37353433835846,43.812709030100336,-0.0827171802520752,-0.23345983028411865,8.408952379742847e-07,9.5,1.220703125e-08
382,74.99013082226317,78.65593313772145,0.00154070637615513,0.0015368562025862146,242.26522625231462,242.2268176636967,2.85438814594518,3.075275752855384,7.14853870928587,6.847786769420407,2.85438814594518,3.075275752855384,41.37353433835846,43.812709030100336,-0.09585344791412354,-0.24170219898223877,8.562585516500506e-07,9.525,1.220703125e-08
383,75.95062370875372,78.41967388140318,0.0015413876676735416,0.0015401715754584276,242.2673191345317,242.22920028023097,2.89772436566888,3.063698538171009,7.186038656250716,6.845875850090613,2.89772436566888,3.063698538171009,41.37353433835846,43.812709030100336,-0.10337412357330322,-0.2277129888534546,8.718792030142078e-07,9.55,1.220703125e-08
384,75.46470583303889,78.63196206491527,0.0015401280848964599,0.0015425205734530371,242.27002786352008,242.23250265982637,2.8777749905833847,3.076364505251116,7.151274209046484,6.829442800885459,2.8777749905833847,3.076364505251116,41.37353433835846,43.812709030100336,-0.10776126384735107,-0.240736722946167,8.877605091447196e-07,9.575,1.220703125e-08
385,75.75754503668652,78.87272628733147,0.0015395229264635161,0.001537561454003471,242.2734624201329,242.23578319740935,2.8898929906650204,3.088268879663984,7.171470549438068,6.830551587618315,2.8898929906650204,3.088268879663984,41.37353433835846,43.812709030100336,-0.09510493278503418,-0.23814499378204346,9.03905792742279e-07,9.6,1.220703125e-08
386,75.40364447870047,78.79272813063402,0.0015422611996933969,0.0015382422414611414,242.27681237608942,242.23901816275605,2.8812123495130684,3.08249622124892,7.099331890917703,6.844726130316489,2.8812123495130684,3.08249622124892,41.37353433835846,43.812709030100336,-0.08549082279205322,-0.23790323734283447,9.203183805384132e-07,9.625,1.220703125e-08
387,75.2473383125548,78.66585405534725,0.001540545102324293,0.0015414971239198262,242.27974421055472,242.2416625262104,2.8612228989401456,3.078050703508001,7.196736907639496,6.829510920023838,2.8612228989401456,3.078050703508001,41.37353433835846,43.812709030100336,-0.07343673706054688,-0.23842322826385498,9.370016016403986e-07,9.65,1.220703125e-08
388,75.8483636367261,78.61148050875967,0.0015410720489660225,0.001537814916245465,242.2830789332813,242.2453091726654,2.8921672163696543,3.0758547328387613,7.189586010809919,6.825358342964912,2.8921672163696543,3.0758547328387613,41.37353433835846,43.812709030100336,-0.10347890853881836,-0.23738861083984375,9.539587858120916e-07,9.675,1.220703125e-08
389,75.59665324660003,78.42807463578954,0.0015405084628930044,0.0015399401822909213,242.2863848764493,242.24847024260555,2.890697160158525,3.0645472269791822,7.100666003011579,6.8424366262046785,2.890697160158525,3.0645472269791822,41.37353433835846,43.812709030100336,-0.10454249382019043,-0.23134446144104004,9.711932616898219e-07,9.7,1.220703125e-08
390,75.08240689224934,78.79873373994859,0.0015401762180495228,0.0015443340084051408,242.2892195862941,242.25144361413044,2.856862971930448,3.083213959250562,7.16564183578619,6.841331767397979,2.856862971930448,3.083213959250562,41.37353433835846,43.812709030100336,-0.09090793132781982,-0.24025845527648926,9.887083549325642e-07,9.725,1.220703125e-08
391,76.19096982818553,78.71047294897379,0.0015381282615480037,0.001540625279062244,242.29230163165272,242.25451078383023,2.911706381706736,3.0791593291687724,7.170333768055467,6.838492897441953,2.911706381706736,3.0791593291687724,41.37353433835846,43.812709030100336,-0.1125410795211792,-0.2393883466720581,1.006507386305655e-06,9.75,1.220703125e-08
392,75.53503075476667,78.98798776071605,0.0015398860170772702,0.001542737095049866,242.29519515301115,242.25723761619133,2.8785214180523027,3.091317636910888,7.173422504310033,6.8522113350322815,2.8785214180523027,3.091317636910888,41.37353433835846,43.812709030100336,-0.10012483596801758,-0.2459322214126587,1.02459366969739e-06,9.774999999999999,1.220703125e-08
393,76.38798554898106,78.89621798410064,0.0015405515348070756,0.0015416028636840973,242.29787776058842,242.25961594597553,2.9318615611474117,3.0883018818986057,7.087876386179198,6.839638014700899,2.9318615611474117,3.0883018818986057,41.37353433835846,43.812709030100336,-0.12239968776702881,-0.24447345733642578,1.0429705100679134e-06,9.8,1.220703125e-08
394,75.52017054725532,78.79597325149587,0.001540120961721768,0.0015423812087388541,242.30039768442637,242.26212935942073,2.873741020109985,3.083196591374069,7.205715103564749,6.840376217628402,2.873741020109985,3.083196591374069,41.37353433835846,43.812709030100336,-0.09040844440460205,-0.23199748992919922,1.0616412013298727e-06,9.825000000000001,1.220703125e-08
395,75.37949881242149,78.52801028860851,0.0015412006079464202,0.0015421173703486107,242.30245802989558,242.26396475189108,2.8719791579286458,3.0691430480982547,7.163532389667965,6.845617383618817,2.8719791579286458,3.0691430480982547,41.37353433835846,43.812709030100336,-0.09873485565185547,-0.23463153839111328,1.0806090241604166e-06,9.85,1.220703125e-08
396,75.35066729214923,78.57729056367906,0.0015396101977847754,0.0015387341947011325,242.30449534660607,242.2664280001535,2.872666029474843,3.0738871950768307,7.146515422929671,6.82740381330152,2.872666029474843,3.0738871950768307,41.37353433835846,43.812709030100336,-0.08201134204864502,-0.23711514472961426,1.0998772437441733e-06,9.875,1.220703125e-08
397,75.14144979250092,78.75433607324709,0.0015415298220915236,0.0015447250466924596,242.30714787111012,242.26944913832241,2.867992484988879,3.081542395429069,7.100199399881028,6.836928571745704,2.867992484988879,3.081542395429069,41.37353433835846,43.812709030100336,-0.09362244606018066,-0.24055719375610352,1.1194491074469617e-06,9.9,1.220703125e-08
398,75.39770014521665,78.83307706392728,0.0015411632865982463,0.0015412680979936468,242.31023116886516,242.27217377627574,2.88363586159008,3.085129910089499,7.077553217934204,6.839750661499125,2.88363586159008,3.085129910089499,41.37353433835846,43.812709030100336,-0.09532594680786133,-0.23775780200958252,1.139327842420069e-06,9.924999999999999,1.220703125e-08
399,75.61515820885025,78.66941386959624,0.0015396203694028946,0.00153425092268486,242.31290104800533,242.27468479118218,2.876851340234779,3.0786065393467013,7.218823303529366,6.82652698472192,2.876851340234779,3.0786065393467013,41.37353433835846,43.812709030100336,-0.08894944190979004,-0.23767518997192383,1.1595166531350427e-06,9.95,1.220703125e-08
400,75.18719715009782,78.71390576825094,0.00153776654919806,0.0015394901043040846,242.31543316353904,242.27786724384015,2.86542406393655,3.0798252474105476,7.139069605911996,6.834529827271018,2.86542406393655,3.0798252474105476,41.37353433835846,43.812709030100336,-0.08699798583984375,-0.23624610900878906,1.1800187188490475e-06,9.975000000000001,1.220703125e-08
401,75.21393905971917,78.56061487612517,0.0015402219981310804,0.001538410459265088,242.31864315780564,242.28054421721492,2.861711255669394,3.075690625902004,7.1794478889286415,6.806298287815872,2.861711255669394,3.075690625902004,41.37353433835846,43.812709030100336,-0.09610486030578613,-0.23364770412445068,1.2008371910009543e-06,10.0,1.220703125e-08
402,75.98633552436253,78.4911661817876,0.0015395577075396675,0.0015425229111038473,242.3211430177417,242.28293571344585,2.897492917937849,3.07008393791607,7.202156255392972,6.823336311008619,2.897492917937849,3.07008393791607,41.37353433835846,43.812709030100336,-0.0913158655166626,-0.23081481456756592,1.2219751905384513e-06,10.025,1.220703125e-08
403,75.72396321512348,78.78031204376731,0.0015411131685346964,0.0015399124162632934,242.32442171489774,242.2866806489568,2.8912272225672275,3.0826453628348665,7.147318144339812,6.838520284480475,2.8912272225672275,3.0826453628348665,41.37353433835846,43.812709030100336,-0.09551310539245605,-0.2429213523864746,1.2434358051765877e-06,10.05,1.220703125e-08
404,75.57755462288657,78.68650445332096,0.0015392576625502014,0.0015401538180336855,242.32738434809136,242.288618464135,2.8865207307901812,3.0796824019888174,7.126419499491527,6.824696716257561,2.8865207307901812,3.0796824019888174,41.37353433835846,43.812709030100336,-0.09577417373657227,-0.23450934886932373,1.2652220865883036e-06,10.075,1.220703125e-08
405,75.03178732918335,78.66701055928617,0.0015403515564892409,0.0015436113527025966,242.32917381810583,242.29089421811312,2.8578926754157545,3.0756210762521494,7.137126290019433,6.849362303182034,2.8578926754157545,3.0756210762521494,41.37353433835846,43.812709030100336,-0.06901323795318604,-0.23872554302215576,1.2873370475276225e-06,10.1,1.220703125e-08
406,75.76862709646049,78.69725567361583,0.0015400225806347964,0.0015399919660842936,242.3316353393759,242.29313950554584,2.8884929364650094,3.0802711794607616,7.187060584574688,6.82428522014299,2.8884929364650094,3.0802711794607616,41.37353433835846,43.812709030100336,-0.09154701232910156,-0.24043941497802734,1.3097836588863486e-06,10.125,1.220703125e-08
407,75.83398928234925,78.827291456752,0.0015396413836359878,0.0015417272162726492,242.33421944214072,242.29592099397078,2.8984900986529274,3.083946211282226,7.133229169414271,6.846884717909389,2.8984900986529274,3.083946211282226,41.37353433835846,43.812709030100336,-0.11045777797698975,-0.2395942211151123,1.3325648466852335e-06,10.15,1.220703125e-08
408,76.01487900623724,78.70805869214112,0.0015397390213809047,0.0015448872136251135,242.33700679095347,242.29863481298338,2.899814861303997,3.0785813259839214,7.194983609357671,6.84208196939832,2.899814861303997,3.0785813259839214,41.37353433835846,43.812709030100336,-0.11680960655212402,-0.2372756004333496,1.3556834890007608e-06,10.175,1.220703125e-08
409,74.69538600800225,78.68804482552518,0.0015436129122301686,0.001537381578704037,242.33943684895834,242.30111975016004,2.8299087232081734,3.0772666907230746,7.226402476005618,6.844649514227009,2.8299087232081734,3.0772666907230746,41.37353433835846,43.812709030100336,-0.05852341651916504,-0.23350262641906738,1.3791424128288422e-06,10.200000000000001,1.220703125e-08
410,75.9641698329293,78.60655679351909,0.0015395095373365024,0.0015408567333575277,242.3418198781996,242.30316442789442,2.902805395062445,3.072635727981261,7.150772728911996,6.849072296882553,2.902805395062445,3.072635727981261,41.37353433835846,43.812709030100336,-0.11444652080535889,-0.2356274127960205,1.4029443908868848e-06,10.225,1.220703125e-08
411,75.39995907219611,78.54996995702635,0.0015415876830414787,0.0015392600255784731,242.34421471574998,242.3059045798005,2.875693897106739,3.071859817441092,7.141961017845064,6.832656619540824,2.875693897106739,3.071859817441092,41.37353433835846,43.812709030100336,-0.0839834213256836,-0.23769724369049072,1.4270921383558734e-06,10.25,1.220703125e-08
412,75.65694686915208,79.00072078641043,0.0015395645629786192,0.0015453390573092229,242.34651071621946,242.30819768491,2.8883521025703978,3.091991246743346,7.143504336850727,6.851854287661039,2.8883521025703978,3.091991246743346,41.37353433835846,43.812709030100336,-0.1048046350479126,-0.24891090393066406,1.4515883095642824e-06,10.275,1.220703125e-08
413,75.17827455402418,78.5429253466552,0.0015427950154241156,0.00154193561721942,242.34915976468443,242.3105890280427,2.8702038979809887,3.0727067464171443,7.097193174026719,6.823038278216104,2.8702038979809887,3.0727067464171443,41.37353433835846,43.812709030100336,-0.07791435718536377,-0.23123669624328613,1.4764354946158105e-06,10.299999999999999,1.220703125e-08
414,75.56647021167441,78.80001149767617,0.0015420543696416209,0.0015432713545522462,242.3514083018854,242.3134272648738,2.8776743412017822,3.0839588729832883,7.192711814164716,6.8358422521763424,2.8776743412017822,3.0839588729832883,41.37353433835846,43.812709030100336,-0.100838303565979,-0.2452009916305542,1.5016362159631293e-06,10.325000000000001,1.220703125e-08
415,76.34152755865101,78.54165963265409,0.001543442103652973,0.0015380889255970866,242.35403427047345,242.31566168233303,2.9203175599850604,3.073790852441437,7.161575067382762,6.813884936048833,2.9203175599850604,3.073790852441437,41.37353433835846,43.812709030100336,-0.11962950229644775,-0.23963475227355957,1.5271929249300266e-06,10.35,1.220703125e-08
416,75.32244938222607,78.69046012852901,0.0015406470423661035,0.001538446505965173,242.35638744667347,242.31802230375666,2.869516413814858,3.0798554627791694,7.160373095092262,6.824883108553679,2.869516413814858,3.0798554627791694,41.37353433835846,43.812709030100336,-0.08065152168273926,-0.23497474193572998,1.5531079981845124e-06,10.375,1.220703125e-08
417,75.48823636820168,78.74268297686625,0.0015418105142524893,0.001540109305720415,242.35873292958118,242.3204047671927,2.8734716314766273,3.0799206060709365,7.195035019112591,6.8452352568457355,2.8734716314766273,3.0799206060709365,41.37353433835846,43.812709030100336,-0.083243727684021,-0.24087953567504883,1.5793837341656732e-06,10.4,1.220703125e-08
418,75.3644912566372,78.75311169576486,0.0015411314714802943,0.0015349982074309252,242.36116950515927,242.3232254487615,2.871590544031293,3.0822896040402927,7.160587896254394,6.830491692724834,2.871590544031293,3.0822896040402927,41.37353433835846,43.812709030100336,-0.09742414951324463,-0.2384319305419922,1.6060223494672541e-06,10.424999999999999,1.220703125e-08
419,76.01418145976874,78.72958402091444,0.0015393623366945703,0.0015407341215479184,242.36418041951293,242.32638391603194,2.906267551521161,3.082870826274655,7.143059382286903,6.8163826728744255,2.906267551521161,3.082870826274655,41.37353433835846,43.812709030100336,-0.1047525405883789,-0.23639369010925293,1.6330259751811545e-06,10.45,1.220703125e-08
420,75.33737911051841,78.70244151852202,0.0015396341651060324,0.0015440672315987307,242.36720132747885,242.32915438138522,2.8713870831270714,3.0788422555827775,7.151376952677715,6.837725661670085,2.8713870831270714,3.0788422555827775,41.37353433835846,43.812709030100336,-0.08965194225311279,-0.2388087511062622,1.6603966532042404e-06,10.475,1.220703125e-08
421,75.25191470965669,78.76902441834925,0.0015378331629422118,0.0015404058712220013,242.36968871456895,242.33131250489913,2.8642792993254798,3.0824301202959044,7.174065481278565,6.835682613793823,2.8642792993254798,3.0824301202959044,41.37353433835846,43.812709030100336,-0.09339392185211182,-0.2369382381439209,1.688136332512095e-06,10.5,1.220703125e-08
422,76.16121046107818,78.83967046833358,0.0015417409195350967,0.0015438096695127943,242.37218499622952,242.33473251495872,2.914836588816427,3.084829912536519,7.13329155680722,6.844711630639424,2.914836588816427,3.084829912536519,41.37353433835846,43.812709030100336,-0.10889339447021484,-0.2386465072631836,1.7162468654035219e-06,10.525,1.220703125e-08
423,75.8050123435169,78.7651573359767,0.0015420951114942505,0.0015360432358483556,242.37526192976603,242.33678586825877,2.8979316141138125,3.0839501934306677,7.1260453772105565,6.822004125269759,2.8979316141138125,3.0839501934306677,41.37353433835846,43.812709030100336,-0.10846054553985596,-0.23667871952056885,1.7447300037198604e-06,10.55,1.220703125e-08
424,75.93863824943402,78.75329839904173,0.0015408017532587974,0.0015359685890980837,242.37783657565987,242.3397092276991,2.893605594858652,3.082255775713203,7.214111756240103,6.830813524316386,2.893605594858652,3.082255775713203,41.37353433835846,43.812709030100336,-0.11543738842010498,-0.2357943058013916,1.7735873950433755e-06,10.575,1.220703125e-08
425,75.95805024062369,78.74136429088172,0.0015412020733754715,0.0015425337194293787,242.38081301077327,242.3428287059567,2.899010385101165,3.082120971137465,7.178633053298771,6.827062874733405,2.899010385101165,3.082120971137465,41.37353433835846,43.812709030100336,-0.08358228206634521,-0.23686838150024414,1.8028205788791946e-06,10.6,1.220703125e-08
426,75.64593296274667,78.69147606278742,0.0015402272656806425,0.001542619766315514,242.38389873664383,242.3461528765318,2.8787250838287712,3.081317741336631,7.216073010634737,6.813529566378897,2.8787250838287712,3.081317741336631,41.37353433835846,43.812709030100336,-0.09742987155914307,-0.23246359825134277,1.8324309828254999e-06,10.625,1.220703125e-08
427,75.00378681227589,78.82672379407596,0.0015403401918578238,0.001541690097305687,242.38670113977275,242.3485311042505,2.849791458503685,3.0851316061306955,7.1906793632699015,6.837123704993206,2.849791458503685,3.0851316061306955,41.37353433835846,43.812709030100336,-0.08385443687438965,-0.24118494987487793,1.8624199187368924e-06,10.649999999999999,1.220703125e-08
428,76.27063824064169,78.5781460254886,0.001542189872591215,0.0015444024789137735,242.3889467632351,242.35066075149587,2.9145130520090587,3.0717972999432415,7.179629918518578,6.8443426942346886,2.9145130520090587,3.0717972999432415,41.37353433835846,43.812709030100336,-0.12376546859741211,-0.23940050601959229,1.892788578886056e-06,10.675,1.220703125e-08
429,75.62398028094165,78.96235207650174,0.0015409448276893227,0.0015428012624744288,242.3913154538153,242.35291481655975,2.8878361507875834,3.0907775079924926,7.134388837383021,6.846193115846768,2.8878361507875834,3.0907775079924926,41.37353433835846,43.812709030100336,-0.1110694408416748,-0.24122631549835205,1.9235380321290605e-06,10.700000000000001,1.220703125e-08
430,75.3802754004397,78.29358185733042,0.0015407917725462062,0.001536714761474335,242.39344419546464,242.3549988915689,2.8695682309181048,3.060082849451531,7.183048470335789,6.824287532563991,2.8695682309181048,3.060082849451531,41.37353433835846,43.812709030100336,-0.10077691078186035,-0.22418546676635742,1.954669220079863e-06,10.725,1.220703125e-08
431,75.52417990270771,78.66001943122583,0.0015398671975752442,0.0015393940842458138,242.39562594670946,242.35703703711263,2.877079914962027,3.078339607819267,7.1805206790841005,6.824783074815935,2.877079914962027,3.078339607819267,41.37353433835846,43.812709030100336,-0.10210895538330078,-0.23897600173950195,1.986182953299768e-06,10.75,1.220703125e-08
432,75.11066744754862,78.86521661560671,0.0015420666936756902,0.0015424374283842717,242.39797493121532,242.35976621697978,2.8566511132609307,3.0875317308815027,7.178526578836106,6.833297678459449,2.8566511132609307,3.0875317308815027,41.37353433835846,43.812709030100336,-0.06847512722015381,-0.24383080005645752,2.0180799075077885e-06,10.775,1.220703125e-08
433,75.88128030799342,78.71063474827388,0.0015416361787005436,0.0015405401455886338,242.40068215221615,242.3624799339269,2.902820279650153,3.0806639146645334,7.117417683753136,6.826418345588506,2.902820279650153,3.0806639146645334,41.37353433835846,43.812709030100336,-0.10972368717193604,-0.2337566614151001,2.050360619818077e-06,10.799999999999999,1.220703125e-08
434,74.86427693071477,78.52371930278663,0.0015408281927968889,0.0015421313732818865,242.4036073413127,242.365671164216,2.850896599304736,3.069117352316611,7.126009253401253,6.844010745402563,2.850896599304736,3.069117352316611,41.37353433835846,43.812709030100336,-0.10636413097381592,-0.23807740211486816,2.0830254850107597e-06,10.825,1.220703125e-08
435,76.04084936298517,78.61597781994669,0.0015419744917658006,0.001536765021356103,242.4068046838195,242.36850276679098,2.9061744017417306,3.07500426506119,7.154402718472121,6.833857533126372,2.9061744017417306,3.07500426506119,41.37353433835846,43.812709030100336,-0.10058045387268066,-0.23412275314331055,2.116074751842694e-06,10.850000000000001,1.220703125e-08
436,75.5700251900371,78.86834793345984,0.0015414637621489027,0.00153983651074802,242.40943663323944,242.37118831366598,2.883508780493808,3.0882522031216317,7.147399800107308,6.82879403921274,2.883508780493808,3.0882522031216317,41.37353433835846,43.812709030100336,-0.10493016242980957,-0.24479389190673828,2.1495085194048394e-06,10.875,1.220703125e-08
437,76.13292982909748,78.57291876751444,0.0015410278230387612,0.0015406944663622058,242.4122336178369,242.37412448232388,2.9060289148908964,3.073967939236491,7.192401243813673,6.824885859537284,2.9060289148908964,3.073967939236491,41.37353433835846,43.812709030100336,-0.12440621852874756,-0.23235690593719482,2.1833267335331062e-06,10.9,1.220703125e-08
438,75.27186923130873,78.72840151579484,0.0015404634538435781,0.0015400394752160661,242.41480915829965,242.37646999805668,2.8597644054310605,3.080383432350031,7.218093126063771,6.835757577698367,2.8597644054310605,3.080383432350031,41.37353433835846,43.812709030100336,-0.08025836944580078,-0.23666000366210938,2.2175291832796768e-06,10.925,1.220703125e-08
439,74.90630918212072,78.76778889021347,0.0015399798956017947,0.0015461719976457764,242.41743556139258,242.3794740402579,2.8540685292664087,3.0775697996783813,7.1174365415844685,6.87396829981469,2.8540685292664087,3.0775697996783813,41.37353433835846,43.812709030100336,-0.07775139808654785,-0.2422194480895996,2.252115497451956e-06,10.95,1.220703125e-08
440,75.65111430565915,78.75009856973604,0.0015422265348375667,0.0015407555217209917,242.42032420096086,242.3820026104267,2.8899002091169756,3.0806991838691227,7.128684880945151,6.841897289888516,2.8899002091169756,3.0806991838691227,41.37353433835846,43.812709030100336,-0.11308813095092773,-0.24005329608917236,2.2870851412264304e-06,10.975,1.220703125e-08
441,75.25523868477724,78.84783195572155,0.001538422375986075,0.001538681617804046,242.422863805314,242.3845898682457,2.872830637335977,3.08563566606579,7.106918150456107,6.841513530067775,2.872830637335977,3.08563566606579,41.37353433835846,43.812709030100336,-0.08924126625061035,-0.23767399787902832,2.322437412844814e-06,11.0,1.220703125e-08
442,75.46737373134799,78.787801072749,0.0015418497345159126,0.0015404642603195032,242.42535119240407,242.38687215441445,2.882034010623568,3.0829234490027795,7.118114259774162,6.839182085018094,2.882034010623568,3.0829234490027795,41.37353433835846,43.812709030100336,-0.09837138652801514,-0.24191045761108398,2.358171440399991e-06,11.025,1.220703125e-08
443,74.9089095149208,78.74113272982696,0.0015409170182724445,0.0015415652564736114,242.42789790218998,242.3898563959128,2.8545996180331485,3.079440565810953,7.114207722234167,6.848364652997275,2.8545996180331485,3.079440565810953,41.37353433835846,43.812709030100336,-0.09191310405731201,-0.23303961753845215,2.3942861787193255e-06,11.05,1.220703125e-08
444,75.43334166049159,78.56676666872158,0.0015396597634117983,0.0015367951063457938,242.43117792841977,242.39337887971297,2.871389139836757,3.071298460497904,7.189670628239361,6.843789205901998,2.871389139836757,3.071298460497904,41.37353433835846,43.812709030100336,-0.10284304618835449,-0.22580456733703613,2.4307804063529886e-06,11.075,1.220703125e-08
445,75.08410296927345,78.55869538170039,0.0015394629201176304,0.0015408651296666086,242.43454120067295,242.39656153650188,2.8552412511515657,3.0705219933819214,7.179156248293929,6.8467360101017265,2.8552412511515657,3.0705219933819214,41.37353433835846,43.812709030100336,-0.09011971950531006,-0.23721611499786377,2.467652722675009e-06,11.1,1.220703125e-08
446,74.44188736191946,78.52644184839765,0.0015425887760289725,0.001540814096927269,242.4377259169791,242.3998815734251,2.8314902974133513,3.0696495472388126,7.112248705859161,6.840810740671827,2.8314902974133513,3.0696495472388126,41.37353433835846,43.812709030100336,-0.06883275508880615,-0.23298370838165283,2.504901545104776e-06,11.125,1.220703125e-08
447,75.93996136791543,78.8079082782452,0.0015437015577202267,0.0015457083563005746,242.4408386077114,242.402663265981,2.892197969970192,3.0841198517726016,7.225804675563896,6.837592372128796,2.892197969970192,3.0841198517726016,41.37353433835846,43.812709030100336,-0.09492266178131104,-0.24392712116241455,2.5425251064567553e-06,11.149999999999999,1.220703125e-08
448,75.6853455331058,78.3540333521406,0.0015405259246062768,0.0015321953259533065,242.44344936862862,242.40504802589032,2.894051982330118,3.064988180945151,7.109147777908811,6.809200532460292,2.894051982330118,3.064988180945151,41.37353433835846,43.812709030100336,-0.11225783824920654,-0.22741591930389404,2.5805214524261694e-06,11.175,1.220703125e-08
449,75.09468777654958,78.6857327107203,0.0015401323000281126,0.0015391674352946837,242.4457772924273,242.4072562635543,2.8654524233672687,3.078196788711293,7.101680682132791,6.83615041656239,2.8654524233672687,3.078196788711293,41.37353433835846,43.812709030100336,-0.09339034557342529,-0.23853623867034912,2.6188884392183534e-06,11.200000000000001,1.220703125e-08
450,75.57510640513358,78.83036232632539,0.0015401190665115289,0.0015411003855645756,242.44808924178182,242.409793662387,2.887553804084484,3.0876714027047556,7.117033280319904,6.818187820472845,2.887553804084484,3.0876714027047556,41.37353433835846,43.812709030100336,-0.1113576889038086,-0.2380591630935669,2.657623731329478e-06,11.225,1.220703125e-08
451,76.68438081725358,78.50984990556901,0.0015424585178138773,0.0015381683543305782,242.45099515930892,242.41290022936155,2.9370028173903524,3.070887510593121,7.1651294922309505,6.824274260862216,2.9370028173903524,3.070887510593121,41.37353433835846,43.812709030100336,-0.1306297779083252,-0.23422443866729736,2.6967247994862518e-06,11.25,1.220703125e-08
452,75.94385695976628,78.75644043377012,0.0015430130369468301,0.0015363144726464432,242.45389236117927,242.41577949651509,2.889632447880117,3.083431676877382,7.247873502760077,6.822568140699712,2.889632447880117,3.083431676877382,41.37353433835846,43.812709030100336,-0.10092675685882568,-0.23844003677368164,2.736188918752117e-06,11.275,1.220703125e-08
453,74.90540299663192,78.68978269443065,0.00154053703456699,0.00154111533617308,242.45708060464267,242.4191013706169,2.858503646387327,3.0771714628340807,7.081538395266636,6.845943892679884,2.858503646387327,3.0771714628340807,41.37353433835846,43.812709030100336,-0.0892496109008789,-0.23912930488586426,2.7760131668073464e-06,11.299999999999999,1.220703125e-08
454,75.3112531499048,78.74709302206901,0.0015395217740103303,0.0015383891735605921,242.4599873400613,242.42142494227176,2.8768085710567046,3.0804070796456227,7.09744377551566,6.843000523621422,2.8768085710567046,3.0804070796456227,41.37353433835846,43.812709030100336,-0.08255088329315186,-0.24051403999328613,2.816194422410326e-06,11.325,1.220703125e-08
455,75.37766782802154,78.91613394440616,0.0015406069065751493,0.0015416668348768134,242.4626011680718,242.42403638960926,2.8697903879124116,3.0882434765232047,7.180141887473102,6.84789377869571,2.8697903879124116,3.0882434765232047,41.37353433835846,43.812709030100336,-0.09808480739593506,-0.24572336673736572,2.8567293640471123e-06,11.350000000000001,1.220703125e-08
456,75.78487075473396,78.8656769819483,0.0015419597807301323,0.0015419571918208015,242.4651147276912,242.4266369159405,2.896807400225794,3.0842298799533907,7.126872420510654,6.859814495545964,2.896807400225794,3.0842298799533907,41.37353433835846,43.812709030100336,-0.11353516578674316,-0.24340581893920898,2.8976144687762104e-06,11.375,1.220703125e-08
457,76.00706010368002,78.64675594572239,0.0015415800924504946,0.001542393013797576,242.4680355461798,242.42986764556986,2.900041204002035,3.076224190734302,7.18987638866482,6.8362845529281975,2.900041204002035,3.076224190734302,41.37353433835846,43.812709030100336,-0.10682070255279541,-0.2321476936340332,2.9388460112752597e-06,11.4,1.220703125e-08
458,75.62397298381556,78.5307081343737,0.001540854155168661,0.0015454077104224907,242.47117295257212,242.43271236355886,2.881482686629048,3.068047190988343,7.185111577786393,6.855254503396841,2.881482686629048,3.068047190988343,41.37353433835846,43.812709030100336,-0.11146259307861328,-0.2346588373184204,2.9804200630961322e-06,11.425,1.220703125e-08
459,75.05424183856702,78.67089190530936,0.0015423061305476068,0.001537279345415981,242.47408303623422,242.43568369377417,2.851711847075266,3.075358854887079,7.19537081870202,6.852893657110208,2.851711847075266,3.075358854887079,41.37353433835846,43.812709030100336,-0.10046553611755371,-0.23941195011138916,3.0223324921346376e-06,11.45,1.220703125e-08
460,76.02454579415632,78.6683597883652,0.001540020180763162,0.0015402968223814082,242.47680454477793,242.4379596008505,2.9036582993901954,3.0740856486419372,7.167934265168667,6.862040331531129,2.9036582993901954,3.0740856486419372,41.37353433835846,43.812709030100336,-0.11131155490875244,-0.23647582530975342,3.064578962320775e-06,11.475,1.220703125e-08
461,76.32936696830507,79.05590164541799,0.0015447042561471586,0.001541843528027668,242.47935818108283,242.44120977395355,2.9137161752486747,3.094831458700939,7.209358103510922,6.851073091245415,2.9137161752486747,3.094831458700939,41.37353433835846,43.812709030100336,-0.12220704555511475,-0.25044751167297363,3.107154933535152e-06,11.5,1.220703125e-08
462,75.16868411116863,78.51081674633218,0.0015384350908012247,0.0015422105166226327,242.4821765586559,242.443357027494,2.869573983315447,3.065692830643925,7.098268933831347,6.866142339929689,2.869573983315447,3.065692830643925,41.37353433835846,43.812709030100336,-0.09630846977233887,-0.23276448249816895,3.150055661756844e-06,11.525,1.220703125e-08
463,75.67843024734675,78.3963568441844,0.0015431384474485239,0.001542173455279308,242.48457300643025,242.4460209364875,2.8894310968006076,3.061093506605729,7.143268066834365,6.857147015855464,2.8894310968006076,3.061093506605729,41.37353433835846,43.812709030100336,-0.0938640832901001,-0.22687208652496338,3.1932761994476346e-06,11.55,1.220703125e-08
464,75.8664670653479,78.67481264860734,0.0015407371242301324,0.0015421235528198323,242.48718108364085,242.44914260915291,2.8980620805941633,3.0760587370116577,7.149450281357246,6.848803796098384,2.8980620805941633,3.0760587370116577,41.37353433835846,43.812709030100336,-0.11327767372131348,-0.23799395561218262,3.236811396177155e-06,11.575,1.220703125e-08
465,75.398550790758,78.72215283754278,0.0015420450195607728,0.0015411609756514231,242.4902319980027,242.45159059862627,2.8804447670877478,3.078866022486352,7.103207770304464,6.84528495635476,2.8804447670877478,3.078866022486352,41.37353433835846,43.812709030100336,-0.10390734672546387,-0.2320626974105835,3.280655899493073e-06,11.6,1.220703125e-08
466,75.55879684269328,78.70873102296555,0.0015403330248080107,0.0015468667712947198,242.49242243934518,242.4540841603359,2.876562569808321,3.07640621893382,7.198372619635296,6.859546503494416,2.876562569808321,3.07640621893382,41.37353433835846,43.812709030100336,-0.10020637512207031,-0.24124634265899658,3.3248041560400208e-06,11.625,1.220703125e-08
467,75.53181047295806,78.53405378973206,0.0015400338797460324,0.0015405569857073617,242.49518905971917,242.45642288871434,2.8807205910259355,3.0698311974771046,7.154312382990391,6.842321110409638,2.8807205910259355,3.0698311974771046,41.37353433835846,43.812709030100336,-0.09293663501739502,-0.23063182830810547,3.3692504129305163e-06,11.649999999999999,1.220703125e-08
468,75.61586187672575,78.52677488805459,0.0015399794543155749,0.0015429087029147058,242.49764127747298,242.4590627612876,2.8794333283825337,3.0710210768275434,7.1982272074649885,6.829868051918055,2.8794333283825337,3.0710210768275434,41.37353433835846,43.812709030100336,-0.10727882385253906,-0.23266804218292236,3.4139887193706596e-06,11.675,1.220703125e-08
469,75.33623741060445,78.68414686834534,0.0015421988098559217,0.0015377428376405534,242.50054962311557,242.46220173405166,2.869207847857196,3.0794110138679427,7.168158603073963,6.825732266225145,2.869207847857196,3.0794110138679427,41.37353433835846,43.812709030100336,-0.09345364570617676,-0.23252856731414795,3.459012928542872e-06,11.700000000000001,1.220703125e-08
470,75.18985511869242,78.82699681923143,0.0015418942749790435,0.0015408894760428264,242.50324572590327,242.46450351472683,2.864927279090562,3.0838460116880793,7.143848872863667,6.847364470312827,2.864927279090562,3.0838460116880793,41.37353433835846,43.812709030100336,-0.08491373062133789,-0.23996710777282715,3.5043166997474682e-06,11.725,1.220703125e-08
471,75.27725943049394,78.46067223182091,0.0015412128758203344,0.0015425276152172863,242.50527455698904,242.46698620646296,2.8646511536347408,3.066334264334229,7.181020326151121,6.840911557443166,2.8646511536347408,3.066334264334229,41.37353433835846,43.812709030100336,-0.09529376029968262,-0.23234331607818604,3.5498935008043038e-06,11.75,1.220703125e-08
472,75.85877461649066,78.57502784856585,0.0015439441637409043,0.001541608255387698,242.50801288342757,242.46949523109257,2.888375114555934,3.072224689566571,7.223808744644599,6.839532968591288,2.888375114555934,3.072224689566571,41.37353433835846,43.812709030100336,-0.10011911392211914,-0.23447561264038086,3.5957366107151776e-06,11.775,1.220703125e-08
473,75.59686164280878,78.63282178795856,0.0015406622557231605,0.0015392514174635892,242.50999307552573,242.47144182390193,2.8818274386963454,3.076232178155395,7.171446048634336,6.8306038642806755,2.8818274386963454,3.076232178155395,41.37353433835846,43.812709030100336,-0.11330807209014893,-0.24009406566619873,3.6418391225871525e-06,11.799999999999999,1.220703125e-08
474,76.30143195939823,78.93880026316563,0.0015401637423050338,0.0015425516380445665,242.51232894820782,242.4740510257989,2.917966027155993,3.0894883619901727,7.164165730053057,6.8469145114605245,2.917966027155993,3.0894883619901727,41.37353433835846,43.812709030100336,-0.1204686164855957,-0.24083685874938965,3.6881939468163445e-06,11.825,1.220703125e-08
475,75.37253617840996,78.784480704113,0.0015428050600968838,0.0015446511159548193,242.5152846548825,242.47707884925663,2.8791790292091304,3.081452108944539,7.102877483495716,6.849456594141829,2.8791790292091304,3.081452108944539,41.37353433835846,43.812709030100336,-0.09720635414123535,-0.2367764711380005,3.7347938145311765e-06,11.850000000000001,1.220703125e-08
476,75.4519066994314,78.9026879147941,0.0015417522763664924,0.0015369399005304213,242.5177025978689,242.47950933450042,2.876199876443425,3.0886680625354166,7.158463263232105,6.839068152832746,2.876199876443425,3.0886680625354166,41.37353433835846,43.812709030100336,-0.10173892974853516,-0.237868070602417,3.781631281293473e-06,11.875,1.220703125e-08
477,75.74926429377928,78.7889699521272,0.0015389348520278008,0.0015457188780653138,242.5207550713365,242.4824348373158,2.890074979919485,3.0818888232062096,7.166422061984064,6.847740573627893,2.890074979919485,3.0818888232062096,41.37353433835846,43.812709030100336,-0.09160256385803223,-0.24071455001831055,3.828698731055203e-06,11.9,1.220703125e-08
478,74.83318284128978,78.85429933477803,0.0015425291230240633,0.0015418568188418015,242.52333375556984,242.48600518982545,2.8457870715027878,3.0845899805177415,7.154260089049986,6.8522890212145136,2.8457870715027878,3.0845899805177415,41.37353433835846,43.812709030100336,-0.07600784301757812,-0.23718321323394775,3.87598838036804e-06,11.925,1.220703125e-08
479,75.74270370457839,78.78835156290826,0.0015414287798321952,0.0015421961539309709,242.5266650789347,242.488313553724,2.8888401294273747,3.081048909637043,7.1736482319919705,6.854231735535689,2.8888401294273747,3.081048909637043,41.37353433835846,43.812709030100336,-0.10053873062133789,-0.24485671520233154,3.923492282842321e-06,11.95,1.220703125e-08
480,75.92488063639732,78.87136687722095,0.001543292108263315,0.0015450690321649196,242.5292309324945,242.49129983653194,2.894897833940771,3.0851728078912335,7.1980376299501865,6.854420197847296,2.894897833940771,3.0851728078912335,41.37353433835846,43.812709030100336,-0.09966659545898438,-0.24336087703704834,3.971202333851385e-06,11.975,1.220703125e-08
481,75.1538631496717,78.6184407620127,0.0015439552241714805,0.0015407542680175258,242.53236171907716,242.49423809753213,2.862687398840235,3.0752852369710353,7.147304774528772,6.832378802092179,2.862687398840235,3.0752852369710353,41.37353433835846,43.812709030100336,-0.08604145050048828,-0.2327566146850586,4.0191102754766046e-06,12.0,1.220703125e-08
482,75.77418203689345,78.52595887455254,0.0015438905551677048,0.0015383257342184767,242.53533363022797,242.49730276662768,2.883104235283294,3.069709173413025,7.232093106562169,6.840008045119984,2.883104235283294,3.069709173413025,41.37353433835846,43.812709030100336,-0.10521864891052246,-0.23362493515014648,4.067207701687915e-06,12.025,1.220703125e-08
483,75.34378987221262,78.66618311445052,0.0015421843722110092,0.00154150819038368,242.53833478100137,242.50033696917785,2.8721853396800694,3.076454403408395,7.147295701044488,6.842107894029905,2.8721853396800694,3.076454403408395,41.37353433835846,43.812709030100336,-0.101509690284729,-0.2338792085647583,4.115486063753937e-06,12.05,1.220703125e-08
484,75.44583423812585,78.76374383116247,0.001541393183848791,0.0015411270255951779,242.5412351010832,242.5032209313434,2.881240555189762,3.0812343299189537,7.115673436591374,6.842890083989172,2.881240555189762,3.0812343299189537,41.37353433835846,43.812709030100336,-0.10962879657745361,-0.2373431921005249,4.163936675875282e-06,12.075000000000001,1.220703125e-08
485,75.25862857684419,78.53352616224002,0.0015417950838598324,0.0015413095566434755,242.54388997702543,242.5057323545118,2.8705592255296817,3.071029806615517,7.126235242265353,6.83243328273097,2.8705592255296817,3.071029806615517,41.37353433835846,43.812709030100336,-0.0978546142578125,-0.23382568359375,4.2125507210339935e-06,12.1,1.220703125e-08
486,75.74281891226968,78.4529126527716,0.0015397519161815519,0.0015425438553493557,242.5467826804923,242.50965815005094,2.8831099261790265,3.0671440175544458,7.219516683862836,6.831260044837875,2.8831099261790265,3.0671440175544458,41.37353433835846,43.812709030100336,-0.10260188579559326,-0.23165678977966309,4.261319257051526e-06,12.125,1.220703125e-08
487,77.15502257482889,78.52306031702354,0.0015425732947411748,0.0015408314942042763,242.55018832975097,242.51203193792134,2.951766102357925,3.0707305944882908,7.235121682261302,6.830633676969088,2.951766102357925,3.0707305944882908,41.37353433835846,43.812709030100336,-0.13609743118286133,-0.2370600700378418,4.310233222847102e-06,12.15,1.220703125e-08
488,75.29321195771746,78.56213708067419,0.0015437181793711767,0.0015398820022737801,242.55240182541124,242.5142597721572,2.859135233177811,3.072719752589197,7.231430418726987,6.830354449741019,2.859135233177811,3.072719752589197,41.37353433835846,43.812709030100336,-0.08872640132904053,-0.23899459838867188,4.359283444887738e-06,12.174999999999999,1.220703125e-08
489,75.62507486263512,78.53358510505396,0.0015420738969956036,0.0015427380255937427,242.55491188343245,242.5174901955901,2.8821308001800996,3.0710403153728882,7.180218680619794,6.832341916585048,2.8821308001800996,3.0710403153728882,41.37353433835846,43.812709030100336,-0.10669100284576416,-0.235129714012146,4.408460643820743e-06,12.200000000000001,1.220703125e-08
490,75.92302962004439,78.69383408154134,0.0015442034434776759,0.001546007394946389,242.5586201525613,242.5206835692543,2.9003842955258623,3.0789797345930117,7.153350936308179,6.832895645728478,2.9003842955258623,3.0789797345930117,41.37353433835846,43.812709030100336,-0.10863065719604492,-0.23898732662200928,4.457755441278924e-06,12.225,1.220703125e-08
491,76.01508485931447,78.84507690225557,0.001543780571158657,0.001543057827437826,242.56152520107864,242.52374839144807,2.904907941019515,3.0851554487859922,7.153982226373363,6.844003863956617,2.904907941019515,3.0851554487859922,41.37353433835846,43.812709030100336,-0.11866092681884766,-0.23927569389343262,4.507158366848346e-06,12.25,1.220703125e-08
492,74.40769641563122,78.59281273270929,0.0015425016371130792,0.0015469049496800455,242.56420239012445,242.52570371085585,2.8272050030067737,3.07138092860729,7.132655993578222,6.853260976415015,2.8272050030067737,3.07138092860729,41.37353433835846,43.812709030100336,-0.08320844173431396,-0.23759102821350098,4.556659865187936e-06,12.275,1.220703125e-08
493,75.99295521900682,78.9782290761686,0.0015450490514203356,0.0015430882741326473,242.56680901046573,242.52888626557927,2.9088853252193636,3.0892451862029007,7.113292437701968,6.864538210291528,2.9088853252193636,3.0892451862029007,41.37353433835846,43.812709030100336,-0.10625052452087402,-0.24401426315307617,4.606250303289899e-06,12.299999999999999,1.220703125e-08
494,76.49486854847153,78.62686376667342,0.0015439922639388759,0.0015464442292303095,242.56968755418532,242.53154364238216,2.9283106067472167,3.0734727374686046,7.158658942984577,6.85013928301757,2.9283106067472167,3.0734727374686046,41.37353433835846,43.812709030100336,-0.1190640926361084,-0.23715925216674805,4.6559199778694375e-06,12.325,1.220703125e-08
495,76.08693327017166,78.54744587773862,0.001543104662045125,0.001538677903026168,242.57254248128663,242.53466516194933,2.916930438286096,3.0693714204041855,7.086528421846067,6.851241617298445,2.916930438286096,3.0693714204041855,41.37353433835846,43.812709030100336,-0.11540722846984863,-0.2290501594543457,4.705659122871928e-06,12.35,1.220703125e-08
496,74.94662507534825,78.82571033490541,0.0015448623984643387,0.0015394547276734608,242.57556763206495,242.5376905358356,2.8535952060865597,3.084202532784197,7.137067929783858,6.8438866385648085,2.8535952060865597,3.084202532784197,41.37353433835846,43.812709030100336,-0.08020412921905518,-0.23805391788482666,4.7554579170853896e-06,12.375,1.220703125e-08
497,75.37425936087092,78.71950467214936,0.00154276243219904,0.0015393439941201671,242.57816689138238,242.53989224130893,2.87563701850086,3.0795667594093143,7.131799009377433,6.838486381199049,2.87563701850086,3.0795667594093143,41.37353433835846,43.812709030100336,-0.11267876625061035,-0.23580646514892578,4.805306491845739e-06,12.4,1.220703125e-08
498,75.93013746814313,78.53680746531407,0.001539755863382464,0.0015425159331928179,242.5804232496712,242.541945594609,2.8990265352642117,3.0673845850903056,7.167052964668977,6.862835223858173,2.8990265352642117,3.0673845850903056,41.37353433835846,43.812709030100336,-0.09616267681121826,-0.22637104988098145,4.8551949388220935e-06,12.425,1.220703125e-08
499,76.01422342782843,78.48977977535796,0.0015432858074058964,0.0015442736281773518,242.58259490506734,242.54473575859964,2.907433659587074,3.0681822913944923,7.133397798841722,6.837625430180476,2.907433659587074,3.0681822913944923,41.37353433835846,43.812709030100336,-0.11250698566436768,-0.2356356382369995,4.905113317869145e-06,12.45,1.220703125e-08
500,76.1498498453367,78.54528481984218,0.0015434644136646486,0.0015406763219246548,242.58524709730293,242.54752383024797,2.910449596705349,3.0722050443540847,7.163514691581279,6.82766736709952,2.910449596705349,3.0722050443540847,41.37353433835846,43.812709030100336,-0.10941267013549805,-0.23424136638641357,4.955051664933403e-06,12.475,1.220703125e-08
501,75.00489533646422,78.74150784597748,0.0015447419641814015,0.0015416850856066148,242.58866951333817,242.55119905503696,2.8518593191501482,3.081645098019603,7.174240136266354,6.83062354697033,2.8518593191501482,3.081645098019603,41.37353433835846,43.812709030100336,-0.08866393566131592,-0.2354029417037964,5.0049999999999995e-06,12.5,1.220703125e-08
502,75.4689041981146,78.66365117612092,0.0015408141933181878,0.0015385351268369018,242.59195575043185,242.554028105975,2.8708085366828957,3.0791982727305944,7.208275491468471,6.819077579472775,2.8708085366828957,3.0791982727305944,41.37353433835846,43.812709030100336,-0.08907830715179443,-0.23264873027801514,5.054948335066598e-06,12.524999999999999,1.220703125e-08
503,75.4962686893329,78.71172684889574,0.001544769618767852,0.0015422525573490704,242.5945907925042,242.5571298248393,2.8752636953414585,3.079898472215021,7.183544194079324,6.832670825779638,2.8752636953414585,3.079898472215021,41.37353433835846,43.812709030100336,-0.10190093517303467,-0.23686647415161133,5.104886682130856e-06,12.55,1.220703125e-08
504,75.67428260432615,78.69391864279042,0.001541411437264252,0.001543946673215233,242.59780042894323,242.55997898267663,2.8918096504019735,3.077961743077307,7.122403581737474,6.841023296815496,2.8918096504019735,3.077961743077307,41.37353433835846,43.812709030100336,-0.11733531951904297,-0.23779845237731934,5.154805061177908e-06,12.575000000000001,1.220703125e-08
505,75.15735706731901,79.03816886570142,0.0015422891192855798,0.0015444058701427137,242.60050092789794,242.56279762293582,2.864705071377395,3.092898421462962,7.132458934432497,6.85921773463986,2.864705071377395,3.092898421462962,41.37353433835846,43.812709030100336,-0.08120691776275635,-0.2454460859298706,5.2046935081542626e-06,12.6,1.220703125e-08
506,74.73152898024874,78.68836469873537,0.0015445150621391371,0.0015380607600974847,242.6034542064571,242.56586019968907,2.840332288438551,3.0789501619179513,7.157087627168077,6.8309315965327135,2.840332288438551,3.0789501619179513,41.37353433835846,43.812709030100336,-0.07376527786254883,-0.23812317848205566,5.254542082914611e-06,12.625,1.220703125e-08
507,74.79961951174329,78.6158317642467,0.0015450231783588103,0.001540178919746774,242.60681816880629,242.56929990838603,2.844656514162993,3.0745975811744612,7.149720503457227,6.836717197328905,2.844656514162993,3.0745975811744612,41.37353433835846,43.812709030100336,-0.08596718311309814,-0.23037099838256836,5.304340877128072e-06,12.65,1.220703125e-08
508,76.25410552160623,78.62778434625837,0.001545835034828165,0.0015428378935872162,242.61018954329754,242.57259131594247,2.914314550371026,3.074232944278015,7.174239371090478,6.844387690757828,2.914314550371026,3.074232944278015,41.37353433835846,43.812709030100336,-0.1120675802230835,-0.23190760612487793,5.354080022130563e-06,12.674999999999999,1.220703125e-08
509,75.22413512570175,78.63226923097336,0.0015440719604641949,0.001540789391571363,242.6128160486269,242.57453152965942,2.869961153123047,3.0764689158436447,7.1170879225036,6.828306963611207,2.869961153123047,3.0764689158436447,41.37353433835846,43.812709030100336,-0.09527528285980225,-0.2374476194381714,5.403749696710102e-06,12.7,1.220703125e-08
510,75.75362830745115,78.73227931504266,0.0015437186017423445,0.001545556007968542,242.61498898197857,242.57739354774705,2.891077692584576,3.0780137908897274,7.159951113376586,6.855907944133848,2.891077692584576,3.0780137908897274,41.37353433835846,43.812709030100336,-0.09913229942321777,-0.240928053855896,5.453340134812067e-06,12.725000000000001,1.220703125e-08
511,74.92530536491867,78.95082388275044,0.0015408435110642357,0.0015420832968687632,242.61776679724306,242.57977172443302,2.8436405007763326,3.0893393974240406,7.2081366879257125,6.852743633614734,2.8436405007763326,3.0893393974240406,41.37353433835846,43.812709030100336,-0.07896864414215088,-0.2432481050491333,5.502841633151655e-06,12.75,1.220703125e-08
512,75.1261047286604,78.59666432664545,0.00154310905170226,0.001537035159022239,242.6201996923092,242.5820410993187,2.858693419189709,3.073654695498106,7.168010843459086,6.836592267588229,2.858693419189709,3.073654695498106,41.37353433835846,43.812709030100336,-0.08193719387054443,-0.23719775676727295,5.5522445587210775e-06,12.775,1.220703125e-08
513,76.07747225865248,78.64122279750862,0.0015450089692545296,0.0015488265500400826,242.62242062567069,242.584630653611,2.907964828625396,3.074900862365263,7.154366502809764,6.844348524725158,2.907964828625396,3.074900862365263,41.37353433835846,43.812709030100336,-0.11204922199249268,-0.23730123043060303,5.601539356179257e-06,12.8,1.220703125e-08
514,75.9049152649028,78.93017437784967,0.0015431791313859934,0.0015473279624672787,242.62545007037957,242.58800080468424,2.891027563980077,3.088264822561207,7.2208511066596515,6.853023661418902,2.891027563980077,3.088264822561207,41.37353433835846,43.812709030100336,-0.10075676441192627,-0.24543976783752441,5.650716555112262e-06,12.825,1.220703125e-08
515,75.89718915469682,78.94128280180354,0.001542422394354015,0.0015403058486570134,242.62830292719292,242.59062097862014,2.8973568388365423,3.0911068589392316,7.167128565323413,6.834782042232246,2.8973568388365423,3.0911068589392316,41.37353433835846,43.812709030100336,-0.10386800765991211,-0.2446068525314331,5.699766777152899e-06,12.85,1.220703125e-08
516,75.2820863579985,78.6683622124203,0.0015436437145153207,0.00153725117251875,242.63082614815613,242.5927635881813,2.8808469029527215,3.0768885484905946,7.053152695373075,6.8393813997606765,2.8808469029527215,3.0768885484905946,41.37353433835846,43.812709030100336,-0.10404253005981445,-0.23501360416412354,5.748680742948474e-06,12.875,1.220703125e-08
517,75.62107704073141,78.95926104899632,0.0015431666930816083,0.001546538814537875,242.63288145848054,242.59511568713745,2.8922540430647246,3.0889364014501157,7.097490144534726,6.859278323259641,2.8922540430647246,3.0889364014501157,41.37353433835846,43.812709030100336,-0.10602593421936035,-0.24511778354644775,5.797449278966007e-06,12.9,1.220703125e-08
518,74.26416749810454,78.68805033706104,0.001544816221946685,0.0015434504904781148,242.63524490944306,242.59748074840942,2.8133439830000477,3.0774714667661534,7.1859890236527075,6.842533066918619,2.8133439830000477,3.0774714667661534,41.37353433835846,43.812709030100336,-0.06772160530090332,-0.24296629428863525,5.84606332412472e-06,12.925,1.220703125e-08
519,75.24298462476364,78.40706943269558,0.001544730160993772,0.001540949694301472,242.63787529975724,242.60041931560605,2.8640852936947567,3.0640809392450645,7.171582190834697,6.8372793851488805,2.8640852936947567,3.0640809392450645,41.37353433835846,43.812709030100336,-0.09089362621307373,-0.2306232452392578,5.894513936246065e-06,12.95,1.220703125e-08
520,75.79939404204862,78.78264168831815,0.0015433043295321003,0.001542889640003094,242.64094272530457,242.60383498788278,2.8889429792886605,3.0839841118624376,7.195291357024431,6.828262703873242,2.8889429792886605,3.0839841118624376,41.37353433835846,43.812709030100336,-0.1023247241973877,-0.245292067527771,5.942792298312087e-06,12.975,1.220703125e-08
521,75.68904209616196,78.37307124313304,0.0015440846512942783,0.0015381246518630248,242.6440415374398,242.6060953299736,2.889198714165232,3.063281110297876,7.149092655086038,6.830094339058152,2.889198714165232,3.063281110297876,41.37353433835846,43.812709030100336,-0.11737704277038574,-0.22745287418365479,5.990889724523396e-06,13.0,1.220703125e-08
522,75.5070038097388,78.47453343828386,0.0015433114335967394,0.0015417716978273564,242.64647867531832,242.6087808768486,2.870675870920945,3.0667124528151293,7.224462100209503,6.843194731900525,2.870675870920945,3.0667124528151293,41.37353433835846,43.812709030100336,-0.0898820161819458,-0.2336137294769287,6.038797666148617e-06,13.024999999999999,1.220703125e-08
523,76.08354326308871,78.66639763057033,0.0015416568717677489,0.0015462021850342286,242.64868782592978,242.6107079241188,2.9007971993642836,3.076114760593427,7.214115363269595,6.844682586631647,2.9007971993642836,3.076114760593427,41.37353433835846,43.812709030100336,-0.11057174205780029,-0.24441659450531006,6.086507717157681e-06,13.05,1.220703125e-08
524,75.55353693107465,78.56336459666989,0.0015461831878156244,0.001544510703892089,242.65101577528756,242.61378126878006,2.876618418062552,3.0704948375855,7.195502747642735,6.848435856426839,2.876618418062552,3.0704948375855,41.37353433835846,43.812709030100336,-0.07096731662750244,-0.23517191410064697,6.134011619631962e-06,13.075000000000001,1.220703125e-08
525,75.47365717033246,78.76561599272151,0.0015417318717050842,0.0015483929267165603,242.65434288139917,242.61738224093332,2.882263909632237,3.0769652993384016,7.118418249452933,6.877538175487199,2.882263909632237,3.0769652993384016,41.37353433835846,43.812709030100336,-0.1068878173828125,-0.24243593215942383,6.1813012689447996e-06,13.1,1.220703125e-08
526,75.55510099529222,78.78811099457502,0.001544464119613308,0.001544637098615634,242.65756051783984,242.61989106143199,2.8756629118767614,3.079696426423497,7.203776945820207,6.864712635410271,2.8756629118767614,3.079696426423497,41.37353433835846,43.812709030100336,-0.09573948383331299,-0.23825228214263916,6.228368718706529e-06,13.125,1.220703125e-08
527,74.5607928750503,78.7491067994797,0.0015434325480415568,0.001542294655309797,242.66028212862,242.62290566741024,2.8255910749611144,3.0778581075445066,7.206631941611643,6.863829625490118,2.8255910749611144,3.0778581075445066,41.37353433835846,43.812709030100336,-0.061354994773864746,-0.24577951431274414,6.2752061854688255e-06,13.15,1.220703125e-08
528,75.86523728873861,78.84197788812644,0.0015440109728755962,0.001551145607882793,242.66293825695863,242.62504843006963,2.8943380223247073,3.082150808544861,7.178424722585246,6.866562481309259,2.8943380223247073,3.082150808544861,41.37353433835846,43.812709030100336,-0.11133420467376709,-0.23733067512512207,6.321806053183657e-06,13.174999999999999,1.220703125e-08
529,74.95693017649691,78.73359631694679,0.0015455375827608672,0.0015406835817242896,242.66517232770298,242.62717583187447,2.851576363820726,3.0785027267940865,7.157178722234627,6.852472523781767,2.851576363820726,3.0785027267940865,41.37353433835846,43.812709030100336,-0.08554303646087646,-0.23587322235107422,6.368160877412849e-06,13.2,1.220703125e-08
530,75.45128864179703,78.919044086367,0.0015449065924115117,0.0015466575935968885,242.66732547830298,242.629468732853,2.87559639588872,3.0871401774046014,7.162762304845966,6.857499310802855,2.87559639588872,3.0871401774046014,41.37353433835846,43.812709030100336,-0.0969153642654419,-0.24071204662322998,6.414263389284825e-06,13.225000000000001,1.220703125e-08
531,76.77339306548612,78.83049883890311,0.0015434886822617384,0.0015425195405103988,242.66992752356344,242.63241388327302,2.9437967125494877,3.0833057727303395,7.146008585765334,6.852784939832911,2.9437967125494877,3.0833057727303395,41.37353433835846,43.812709030100336,-0.12643826007843018,-0.2412886619567871,6.460106499195699e-06,13.25,1.220703125e-08
532,75.25249217942333,78.73817219303604,0.001544441267500134,0.0015438677226021936,242.67300852099854,242.63573162372296,2.862613798186208,3.0802510566137307,7.187100031867099,6.840277022741311,2.862613798186208,3.0802510566137307,41.37353433835846,43.812709030100336,-0.09589946269989014,-0.23216235637664795,6.505683300252535e-06,13.275,1.220703125e-08
533,75.77576266341472,78.71419639970148,0.0015456016129428768,0.001540686393602063,242.67622475168812,242.63875082264775,2.8895023563998428,3.079958249892678,7.181285715183022,6.83305250601625,2.8895023563998428,3.079958249892678,41.37353433835846,43.812709030100336,-0.10264813899993896,-0.2395923137664795,6.550987071457129e-06,13.3,1.220703125e-08
534,75.52121543564789,78.82103800693882,0.0015423934227339238,0.001547139501635197,242.6790431037021,242.64151041802754,2.8787986992591588,3.0836274161386648,7.165116416349683,6.846378782521123,2.8787986992591588,3.0836274161386648,41.37353433835846,43.812709030100336,-0.08070552349090576,-0.23942077159881592,6.596011280629339e-06,13.325,1.220703125e-08
535,75.45997476497887,78.61709372734147,0.0015473680818762312,0.0015450052852371715,242.68167835024732,242.6435833678995,2.881167222906397,3.0745916071544124,7.121628107936738,6.837100202821968,2.881167222906397,3.0745916071544124,41.37353433835846,43.812709030100336,-0.09805572032928467,-0.23866987228393555,6.640749587069482e-06,13.35,1.220703125e-08
536,75.0545014041153,78.58832159648372,0.001540437126235796,0.0015424042398944795,242.6837019161563,242.64623171190752,2.8681749398983905,3.0723080738731054,7.06342798181914,6.843877245351224,2.8681749398983905,3.0723080738731054,41.37353433835846,43.812709030100336,-0.08169078826904297,-0.2318589687347412,6.685195843959978e-06,13.375,1.220703125e-08
537,74.95270213729373,78.6449696467473,0.001543751310937768,0.001539245061732106,242.68680969953937,242.64925300317464,2.8497368913998757,3.075153337274507,7.170182037193771,6.843793888155832,2.8497368913998757,3.075153337274507,41.37353433835846,43.812709030100336,-0.08321452140808105,-0.23751354217529297,6.729344100506926e-06,13.4,1.220703125e-08
538,75.8800725377784,78.7771390576825,0.0015402730096871005,0.0015412936778271876,242.6897656106869,242.65265765237967,2.8994585868701264,3.0807256507235627,7.143380827240808,6.8520638567946826,2.8994585868701264,3.0807256507235627,41.37353433835846,43.812709030100336,-0.08706307411193848,-0.2386925220489502,6.773188603822844e-06,13.425,1.220703125e-08
539,75.4830764821626,78.55443315282713,0.0015436122831584296,0.00153534772866608,242.69333174560137,242.65591645001567,2.8743701747913457,3.0700818041096563,7.185258767912336,6.848174646945303,2.8743701747913457,3.0700818041096563,41.37353433835846,43.812709030100336,-0.09949326515197754,-0.23214495182037354,6.816723800552364e-06,13.45,1.220703125e-08
540,74.8610894795838,78.6924148610603,0.001542823755968568,0.0015478894300603098,242.69599950333537,242.6580092005905,2.8486215700855606,3.0754689994863043,7.142454893345409,6.860165627903763,2.8486215700855606,3.0754689994863043,41.37353433835846,43.812709030100336,-0.08687329292297363,-0.2421656847000122,6.859944338243156e-06,13.475,1.220703125e-08
541,74.83824280398575,78.74519580343495,0.0015438576659867836,0.0015404740158456026,242.6982194143324,242.6603024587982,2.8503248571750506,3.079160191941022,7.119677599550691,6.851801937639115,2.8503248571750506,3.079160191941022,41.37353433835846,43.812709030100336,-0.08013355731964111,-0.2388244867324829,6.902845066464848e-06,13.5,1.220703125e-08
542,74.72022625589291,78.80473031646831,0.0015449166655543587,0.0015420206370031504,242.7010073765638,242.66381636909816,2.8343351757905793,3.0827593476477277,7.200375194325918,6.846807097112853,2.8343351757905793,3.0827593476477277,41.37353433835846,43.812709030100336,-0.07466006278991699,-0.24009740352630615,6.945421037679225e-06,13.524999999999999,1.220703125e-08
543,75.40102824813357,78.78539120473192,0.0015442843952214649,0.0015477272973903596,242.70448423350476,242.66676565317007,2.8705816512531173,3.0812694149272497,7.18272493672331,6.850942366099278,2.8705816512531173,3.0812694149272497,41.37353433835846,43.812709030100336,-0.09197306632995605,-0.2405461072921753,6.987667507865361e-06,13.55,1.220703125e-08
544,75.96316521930535,78.39279634099341,0.0015436299874523726,0.0015477752873680264,242.70717438101968,242.66916133408563,2.8924264468539698,3.060452290601954,7.232822777637884,6.860436281631623,2.8924264468539698,3.060452290601954,41.37353433835846,43.812709030100336,-0.10007071495056152,-0.22832083702087402,7.029579936903867e-06,13.575000000000001,1.220703125e-08
545,76.19529478753631,78.61580395140376,0.0015449686854581662,0.0015428477920043629,242.70993629851733,242.6719340448794,2.9133666827650724,3.077013997329916,7.158138069076155,6.8171804453616955,2.9133666827650724,3.077013997329916,41.37353433835846,43.812709030100336,-0.11256635189056396,-0.23533082008361816,7.0711539887247406e-06,13.6,1.220703125e-08
546,75.15361158412506,78.60267935150044,0.0015439787856966157,0.0015388458366054156,242.71234435012792,242.67459785180745,2.8627382075566943,3.0736510466572433,7.146496720050448,6.838861355414758,2.8627382075566943,3.0736510466572433,41.37353433835846,43.812709030100336,-0.09031212329864502,-0.22914862632751465,7.11238553122379e-06,13.625,1.220703125e-08
547,75.04912076403747,78.33453142044935,0.0015436800314157179,0.0015391752133177077,242.715231788418,242.67773447706548,2.8462917413344138,3.0625489116911107,7.2362705954355215,6.820414345399991,2.8462917413344138,3.0625489116911107,41.37353433835846,43.812709030100336,-0.08801424503326416,-0.23150897026062012,7.1532706359528884e-06,13.65,1.220703125e-08
548,75.16827597051011,78.62630174311506,0.0015445477338944572,0.001540365324816651,242.71810578261588,242.68006029416088,2.8605104682832905,3.0774271009757768,7.1701715970957896,6.818081532034985,2.8605104682832905,3.0774271009757768,41.37353433835846,43.812709030100336,-0.07811486721038818,-0.23694968223571777,7.193805577589675e-06,13.674999999999999,1.220703125e-08
549,76.15254009508807,78.57575930081882,0.0015423766158324614,0.001543553137254705,242.72063296524124,242.68254523133754,2.9161974309477174,3.071684167536605,7.11839536526295,6.843779071118919,2.9161974309477174,3.071684167536605,41.37353433835846,43.812709030100336,-0.11220622062683105,-0.23482751846313477,7.233986833192655e-06,13.7,1.220703125e-08
550,74.91496379091912,78.49946632512835,0.0015418402861547928,0.001547105375203899,242.72319271017358,242.68518061302976,2.8536453526623085,3.0662063348253437,7.123781552466515,6.857054426518571,2.8536453526623085,3.0662063348253437,41.37353433835846,43.812709030100336,-0.0773552656173706,-0.23810577392578125,7.273811081247884e-06,13.725000000000001,1.220703125e-08
551,75.21496017174904,78.62493585184664,0.0015432071855285485,0.001538420239320168,242.72571370749418,242.68761783459513,2.8625168265210124,3.0742223254813,7.172794305299794,6.8431784285350785,2.8625168265210124,3.0742223254813,41.37353433835846,43.812709030100336,-0.07996952533721924,-0.23151671886444092,7.31327520051375e-06,13.75,1.220703125e-08
552,75.53510868449507,78.83104236309345,0.0015410703561663428,0.0015413563984312292,242.7285508454545,242.69098548506415,2.883395923441978,3.08419129920245,7.133833388387658,6.845840720428671,2.883395923441978,3.08419129920245,41.37353433835846,43.812709030100336,-0.08145153522491455,-0.24589574337005615,7.352376268670524e-06,13.775,1.220703125e-08
553,75.68792553363333,78.73939702981292,0.0015416416305256149,0.0015379183436666046,242.731828034623,242.69411588432797,2.8925611433671348,3.08226875317934,7.121630011291759,6.824588435948095,2.8925611433671348,3.08226875317934,41.37353433835846,43.812709030100336,-0.1030503511428833,-0.24249303340911865,7.391111560781648e-06,13.8,1.220703125e-08
554,75.59202851721989,78.61003694566197,0.001541754864803648,0.0015436485779618092,242.73478665503626,242.69716126304806,2.8851413690864143,3.073580185306511,7.142625228843498,6.842303201107676,2.8851413690864143,3.073580185306511,41.37353433835846,43.812709030100336,-0.09281015396118164,-0.24273669719696045,7.429478547573831e-06,13.825,1.220703125e-08
555,74.99482909798422,78.7497649432026,0.0015454917026440328,0.0015426951843659615,242.73768935211538,242.69953938870128,2.8530806780260813,3.0802590392505045,7.1601972260467175,6.8447661447684505,2.8530806780260813,3.0802590392505045,41.37353433835846,43.812709030100336,-0.08254408836364746,-0.24084651470184326,7.467474893543245e-06,13.85,1.220703125e-08
556,75.99263096334946,78.75619915097852,0.0015410732817594305,0.0015467770808815558,242.74018057307205,242.70215711306568,2.897397256576436,3.0778505315748745,7.20481713852491,6.86657427146682,2.897397256576436,3.0778505315748745,41.37353433835846,43.812709030100336,-0.10808491706848145,-0.24361324310302734,7.505098454895227e-06,13.875,1.220703125e-08
557,75.42745460497474,78.89717142876972,0.0015418925000841369,0.0015462891897186637,242.74301190911424,242.70460704178316,2.879424698987798,3.086440850261063,7.122516660035355,6.8542384351775,2.879424698987798,3.086440850261063,41.37353433835846,43.812709030100336,-0.09862756729125977,-0.2439366579055786,7.542347277324991e-06,13.9,1.220703125e-08
558,75.82098948416399,78.89382454862563,0.0015436081690370562,0.0015498600677465615,242.7449857881121,242.70634440036122,2.8968658575061177,3.085894012132217,7.140383873752613,6.8572436527264955,2.8968658575061177,3.085894012132217,41.37353433835846,43.812709030100336,-0.10812544822692871,-0.24029529094696045,7.579219593647012e-06,13.925,1.220703125e-08
559,75.90160916838015,78.79367346109754,0.0015447327281758688,0.001541405290140954,242.74686417827255,242.70887741037834,2.8996532143060887,3.084417833532378,7.150321291120008,6.829056876957616,2.8996532143060887,3.084417833532378,41.37353433835846,43.812709030100336,-0.101540207862854,-0.23751401901245117,7.615713821280676e-06,13.950000000000001,1.220703125e-08
560,75.46746714989743,78.64676036005434,0.0015420072627763952,0.0015451285052097662,242.74965973155983,242.71212528700812,2.8740141016354714,3.0741127207127703,7.181795112252035,6.852699214399459,2.8740141016354714,3.0741127207127703,41.37353433835846,43.812709030100336,-0.08448958396911621,-0.24091815948486328,7.65182855960001e-06,13.975,1.220703125e-08
561,75.86582425371486,78.88423702788592,0.0015432717993471715,0.0015463882474770713,242.75297469709386,242.71513780064407,2.888184503095234,3.0855344561828817,7.227761223088557,6.856302594660118,2.888184503095234,3.0855344561828817,41.37353433835846,43.812709030100336,-0.1004328727722168,-0.23899400234222412,7.687562587155186e-06,14.0,1.220703125e-08
562,75.35192280678294,78.51767797055452,0.0015455182866775236,0.0015446566692382147,242.7560634389395,242.71828565310474,2.864978198829408,3.0667782898331963,7.2078294370641665,6.8597388602419445,2.864978198829408,3.0667782898331963,41.37353433835846,43.812709030100336,-0.08128964900970459,-0.23198723793029785,7.72291485877357e-06,14.025,1.220703125e-08
563,75.11195482161376,78.64458059865895,0.001544811011532281,0.0015467366835968351,242.7588308005277,242.72052675585283,2.861994232963677,3.0748001396855384,7.135716146759851,6.8463050800821055,2.861994232963677,3.0748001396855384,41.37353433835846,43.812709030100336,-0.09531807899475098,-0.23875343799591064,7.757884502548044e-06,14.049999999999999,1.220703125e-08
564,75.0628966773974,78.63183703470389,0.0015457458111615087,0.0015425904218674354,242.7615873761712,242.72358943467157,2.8565254427080777,3.0746712939795042,7.1598319999337,6.842267873693868,2.8565254427080777,3.0746712939795042,41.37353433835846,43.812709030100336,-0.08571445941925049,-0.23638606071472168,7.792470816720325e-06,14.075000000000001,1.220703125e-08
565,75.09495300344086,78.51140132636131,0.0015419499532879648,0.0015447244537140812,242.76394678879424,242.7251895151808,2.8617803539263345,3.067661924107019,7.130642128949189,6.850146936333698,2.8617803539263345,3.067661924107019,41.37353433835846,43.812709030100336,-0.08374297618865967,-0.2314234972000122,7.826673266466892e-06,14.1,1.220703125e-08
566,74.83692904013884,78.66930491469776,0.001545774935077021,0.0015397459723329465,242.76622540906845,242.728326497668,2.8480502980038946,3.0797623678992028,7.137239844355751,6.816541504301754,2.8480502980038946,3.0797623678992028,41.37353433835846,43.812709030100336,-0.08241808414459229,-0.2321711778640747,7.860491480595162e-06,14.125,1.220703125e-08
567,75.7345834089883,78.53975922447383,0.001543499111280569,0.001540814668102109,242.76897671953517,242.7307112065446,2.8962397475538144,3.072243679327311,7.110800345339368,6.824861563169039,2.8962397475538144,3.072243679327311,41.37353433835846,43.812709030100336,-0.0998467206954956,-0.23304319381713867,7.893925248157308e-06,14.15,1.220703125e-08
568,75.2249728383331,78.54913062156244,0.0015428489605682455,0.0015407911136615586,242.77127703949435,242.73285631670998,2.8660938176677453,3.0732843525034927,7.148126335399634,6.820281283911255,2.8660938176677453,3.0732843525034927,41.37353433835846,43.812709030100336,-0.09585225582122803,-0.23555433750152588,7.926974514989241e-06,14.174999999999999,1.220703125e-08
569,75.31137257484934,78.8287942433437,0.0015466871487688106,0.0015422291979723202,242.77415318065752,242.7361718117194,2.8709509652263954,3.084574017636353,7.1437947330762395,6.841814919857676,2.8709509652263954,3.084574017636353,41.37353433835846,43.812709030100336,-0.09155786037445068,-0.23853826522827148,7.959639380181923e-06,14.2,1.220703125e-08
570,75.769469115802,78.67556277884289,0.0015472952314298381,0.0015476065762590205,242.77729664455904,242.7390970593711,2.89283724126704,3.0749847888946533,7.1519351077439195,6.857190773239902,2.89283724126704,3.0749847888946533,41.37353433835846,43.812709030100336,-0.10589206218719482,-0.23407447338104248,7.991920092492212e-06,14.225,1.220703125e-08
571,74.96221250345559,78.60141322923744,0.0015437657770527593,0.0015462432722452043,242.780105054079,242.74212258635555,2.8536374425169213,3.072351666995913,7.142656279169335,6.84860402365592,2.8536374425169213,3.072351666995913,41.37353433835846,43.812709030100336,-0.07708179950714111,-0.23707318305969238,8.023817046700232e-06,14.25,1.220703125e-08
572,75.44294306820561,79.0989906030355,0.001545895310664796,0.001543979678711041,242.7828400578331,242.74422850337714,2.8729227104378703,3.0957121689582747,7.18064644588298,6.860764423740349,2.8729227104378703,3.0957121689582747,41.37353433835846,43.812709030100336,-0.10006844997406006,-0.24636614322662354,8.055330779920138e-06,14.275,1.220703125e-08
573,74.54859079587798,78.95331188189147,0.0015434642976393277,0.0015512795014661989,242.78494886337612,242.7470011631382,2.8346948396021396,3.090645822792946,7.128744429679372,6.8429630751593855,2.8346948396021396,3.090645822792946,41.37353433835846,43.812709030100336,-0.07782888412475586,-0.24513888359069824,8.086461967870942e-06,14.3,1.220703125e-08
574,75.81468644134164,78.74174315793857,0.0015444553650641062,0.001542472735710791,242.7876542952392,242.74939893639606,2.8914723879528204,3.0817957211497635,7.180951120865405,6.8292042148551815,2.8914723879528204,3.0817957211497635,41.37353433835846,43.812709030100336,-0.1039583683013916,-0.23878252506256104,8.117211421113944e-06,14.325,1.220703125e-08
575,75.53725918972712,78.62770825644401,0.0015428205729747686,0.0015412710562666073,242.79021565039554,242.75174460522706,2.877328906626358,3.075726181368365,7.18313813329342,6.832152526115494,2.877328906626358,3.075726181368365,41.37353433835846,43.812709030100336,-0.09324455261230469,-0.23390185832977295,8.147580081263108e-06,14.35,1.220703125e-08
576,75.71216013283785,78.55935120343365,0.0015438313151739376,0.0015449227132899904,242.79245611091756,242.75404225225034,2.8807255662665696,3.0709275473719058,7.225913984691678,6.843165455055875,2.8807255662665696,3.0709275473719058,41.37353433835846,43.812709030100336,-0.09707784652709961,-0.24264836311340332,8.1775690171745e-06,14.375,1.220703125e-08
577,75.50630244218324,78.92199737650894,0.0015435684318272037,0.0015459741328696542,242.79500785584824,242.75693718645485,2.880069718289016,3.0909411747718734,7.148817862697582,6.828105090852565,2.880069718289016,3.0909411747718734,41.37353433835846,43.812709030100336,-0.10314953327178955,-0.24735915660858154,8.207179421120806e-06,14.399999999999999,1.220703125e-08
578,75.74247809430862,78.74136919002468,0.001544761052979172,0.0015445105135004757,242.7977844187163,242.75948106644543,2.8988760236519666,3.082542940924399,7.092824579682981,6.823048754280626,2.8988760236519666,3.082542940924399,41.37353433835846,43.812709030100336,-0.10727047920227051,-0.241235613822937,8.236412604956625e-06,14.425,1.220703125e-08
579,75.16067990505915,78.76421889493298,0.0015442586662653378,0.0015433160506381986,242.80082710304453,242.7631389911358,2.8582064123009916,3.081321089562764,7.185462960446101,6.841970405451032,2.8582064123009916,3.081321089562764,41.37353433835846,43.812709030100336,-0.08732783794403076,-0.24043166637420654,8.265269996280141e-06,14.450000000000001,1.220703125e-08
580,75.68649601257427,78.51869788536659,0.001544437662525168,0.0015391933398452092,242.80423436252715,242.76600978685462,2.891930217918639,3.0710191096749195,7.125995395570944,6.826207323616564,2.891930217918639,3.0710191096749195,41.37353433835846,43.812709030100336,-0.11305570602416992,-0.23522555828094482,8.293753134596481e-06,14.475,1.220703125e-08
581,75.78167411510269,78.54248817469364,0.0015448564606979239,0.0015469624681934016,242.8066260051887,242.76806763103573,2.8981508861235037,3.0699010900031762,7.1142952901434455,6.844603691611401,2.8981508861235037,3.0699010900031762,41.37353433835846,43.812709030100336,-0.10305428504943848,-0.23340356349945068,8.321863667487907e-06,14.5,1.220703125e-08
582,74.71869692650672,79.00911069633969,0.001541328725640598,0.0015450131458021625,242.80892292578616,242.77079926047438,2.838214577142917,3.0942828416026953,7.1686207133920945,6.836210611273214,2.838214577142917,3.0942828416026953,41.37353433835846,43.812709030100336,-0.08184254169464111,-0.23971188068389893,8.34960334679576e-06,14.525,1.220703125e-08
583,74.65463075366252,78.8404119485198,0.0015430624572984513,0.0015452603192806843,242.81217141207338,242.77380304751188,2.848471134351925,3.0848926772242007,7.060924851914347,6.843848384742354,2.848471134351925,3.0848926772242007,41.37353433835846,43.812709030100336,-0.07572388648986816,-0.24520599842071533,8.376974024818846e-06,14.549999999999999,1.220703125e-08
584,75.035525234101,78.68873585984858,0.0015437600769920017,0.0015394823515887395,242.8148836171008,242.77670650418386,2.8613009081414,3.078356726113769,7.1106367574464935,6.835507630504494,2.8613009081414,3.078356726113769,41.37353433835846,43.812709030100336,-0.08264827728271484,-0.23750197887420654,8.403977650532747e-06,14.575,1.220703125e-08
585,75.85133246800409,78.95603057453066,0.0015443907350604384,0.0015443600040633094,242.81789670397887,242.77966221838093,2.8893575732232737,3.0913056282694122,7.2124983006386305,6.838793194812277,2.8893575732232737,3.0913056282694122,41.37353433835846,43.812709030100336,-0.10664451122283936,-0.24212610721588135,8.430616265834329e-06,14.600000000000001,1.220703125e-08
586,75.11626464997104,78.6367264049109,0.001544097023883482,0.0015480419551567438,242.82065690901612,242.7822823412841,2.8658465404606344,3.075091316548478,7.106559227060034,6.840754054461833,2.8658465404606344,3.075091316548478,41.37353433835846,43.812709030100336,-0.09432601928710938,-0.23726379871368408,8.456892001815492e-06,14.625,1.220703125e-08
587,75.36962151966702,79.01395048824043,0.0015434225337888727,0.001543526636221661,242.82299380406263,242.78438810520746,2.8720049718316876,3.095057608690549,7.158637676207065,6.831946224671941,2.8720049718316876,3.095057608690549,41.37353433835846,43.812709030100336,-0.10440003871917725,-0.24831902980804443,8.482807075069974e-06,14.65,1.220703125e-08
588,75.74670580124337,78.8142554241678,0.001545517488540317,0.0015513414406469932,242.825306878018,242.78701695470906,2.8822271879793613,3.081597463741749,7.227674501026096,6.859685465643637,2.8822271879793613,3.081597463741749,41.37353433835846,43.812709030100336,-0.09804129600524902,-0.23664486408233643,8.508363784036871e-06,14.675,1.220703125e-08
589,75.14238772240516,78.53668314956104,0.0015447406775678447,0.0015435029560214152,242.82830445051593,242.79025406343084,2.8576552276834972,3.0686075177081054,7.1825263240628905,6.8526363596070965,2.8576552276834972,3.0686075177081054,41.37353433835846,43.812709030100336,-0.08436262607574463,-0.23325467109680176,8.53356450538419e-06,14.7,1.220703125e-08
590,75.34905163686679,78.57535864278226,0.0015437073855063374,0.001540297654420013,242.83106652136823,242.79246862915448,2.858084799656317,3.072837663733441,7.2617616629480715,6.834289126571604,2.858084799656317,3.072837663733441,41.37353433835846,43.812709030100336,-0.0723799467086792,-0.23504233360290527,8.55841169043572e-06,14.725,1.220703125e-08
591,75.50497209047353,78.85429550732259,0.0015459152646799582,0.0015421703093401763,242.83337435570593,242.79482731133402,2.879968360041454,3.085394027639791,7.149039903477807,6.8453943530054,2.879968360041454,3.085394027639791,41.37353433835846,43.812709030100336,-0.09418416023254395,-0.2397392988204956,8.582907861644128e-06,14.75,1.220703125e-08
592,75.4743204931518,78.77978229841659,0.0015451752017540748,0.0015417292272597303,242.8358081964592,242.7976091059554,2.875114146189474,3.0840530714462435,7.175617495174184,6.826320297343276,2.875114146189474,3.0840530714462435,41.37353433835846,43.812709030100336,-0.09983432292938232,-0.23907160758972168,8.607055609113118e-06,14.775,1.220703125e-08
593,75.21604484928713,78.95179965424299,0.0015424514221342614,0.0015454402284534729,242.838685871169,242.80040575110394,2.862929401685245,3.0917644763869983,7.169804219225144,6.833402104202322,2.862929401685245,3.0917644763869983,41.37353433835846,43.812709030100336,-0.08991527557373047,-0.24639058113098145,8.63085758717116e-06,14.8,1.220703125e-08
594,76.22955816834416,78.92617111461219,0.0015462827681559114,0.0015486080711863213,242.84131858736228,242.80255708726352,2.9151250609201402,3.089983842843352,7.157611660821554,6.837369164495564,2.9151250609201402,3.089983842843352,41.37353433835846,43.812709030100336,-0.11150825023651123,-0.24928808212280273,8.65431651099924e-06,14.825,1.220703125e-08
595,74.97083245409992,78.46748147919824,0.0015456953725170725,0.0015435051558427139,242.8433485174898,242.80439906295726,2.8555020942560194,3.0664528971133023,7.131107552367039,6.842178603079805,2.8555020942560194,3.0664528971133023,41.37353433835846,43.812709030100336,-0.07592213153839111,-0.23924589157104492,8.677435153314768e-06,14.85,1.220703125e-08
596,75.42771236860573,78.77386887974563,0.0015426850536451294,0.0015437501170407718,242.84543966168735,242.80676851304477,2.8737191842429004,3.0813551188312647,7.168145345882754,6.8455126628429195,2.8737191842429004,3.0813551188312647,41.37353433835846,43.812709030100336,-0.08291029930114746,-0.23799312114715576,8.700216341113652e-06,14.875,1.220703125e-08
597,75.70510399081998,78.72626926587975,0.0015424214604964333,0.0015427746711124395,242.8482385632181,242.8098681395668,2.886520567052129,3.07524076911518,7.176690537725861,6.875391114914297,2.886520567052129,3.07524076911518,41.37353433835846,43.812709030100336,-0.10225880146026611,-0.23657608032226562,8.722662952472377e-06,14.899999999999999,1.220703125e-08
598,76.3207368706938,78.68775779188277,0.0015442119189811063,0.0015462814479050878,242.85100331777704,242.8128522279669,2.914599826787185,3.077915119885601,7.198292648372938,6.8385630259944445,2.914599826787185,3.077915119885601,41.37353433835846,43.812709030100336,-0.11261284351348877,-0.2448253631591797,8.744777913411696e-06,14.925,1.220703125e-08
599,75.14733902054216,78.73374168370479,0.0015439682911576038,0.001541337698782143,242.8541209158586,242.81590612915448,2.8576762157069577,3.0795069617969935,7.184322833216171,6.844259000542172,2.8576762157069577,3.0795069617969935,41.37353433835846,43.812709030100336,-0.0806281566619873,-0.2410358190536499,8.766564194823412e-06,14.950000000000001,1.220703125e-08
600,75.10290077503403,78.49473158412155,0.0015436354509774763,0.001542472408268364,242.85729625197112,242.8195486929903,2.864877880917522,3.0687829172332153,7.1089338729129965,6.83443660321443,2.864877880917522,3.0687829172332153,41.37353433835846,43.812709030100336,-0.08619582653045654,-0.23177886009216309,8.78802480946155e-06,14.975,1.220703125e-08
601,74.84045441466161,78.84079163210049,0.001546484173877692,0.001544349981833212,242.86087192043388,242.82281371662052,2.8445538216499826,3.0852820402802434,7.166523307212433,6.84084982537107,2.8445538216499826,3.0852820402802434,41.37353433835846,43.812709030100336,-0.08049428462982178,-0.23706650733947754,8.809162808999045e-06,15.0,1.220703125e-08
602,76.60796889108629,78.69605385260438,0.001544419701025514,0.0015420258772500283,242.86419601057042,242.8255450398627,2.9337837496394887,3.077777095462965,7.159704440802186,6.843010631293358,2.9337837496394887,3.077777095462965,41.37353433835846,43.812709030100336,-0.12554514408111572,-0.23621022701263428,8.829981281150953e-06,15.0,1.220703125e-08
603,75.76367137659734,78.57008565947363,0.0015434925148023334,0.0015456573134381636,242.86685073315797,242.82846375532372,2.8875382298001493,3.0719662119313624,7.191955158259201,6.8390796623102394,2.8875382298001493,3.0719662119313624,41.37353433835846,43.812709030100336,-0.109444260597229,-0.2313317060470581,8.850483346864957e-06,15.0,1.220703125e-08
604,75.22786302422759,78.71407039986805,0.001546633266414854,0.0015426308946858431,242.86973070818775,242.8311624686455,2.86373592621118,3.078788969429042,7.168022440106824,6.842114080154776,2.86373592621118,3.078788969429042,41.37353433835846,43.812709030100336,-0.08166742324829102,-0.23934733867645264,8.870672157579932e-06,15.0,1.220703125e-08
605,75.76125919719038,78.76285800487301,0.0015438643962353892,0.0015415043463419661,242.87213083647404,242.83368465972185,2.8871280160581247,3.0820137282279023,7.194265349626142,6.83583655883636,2.8871280160581247,3.0820137282279023,41.37353433835846,43.812709030100336,-0.09292984008789062,-0.24094688892364502,8.890550892553039e-06,15.0,1.220703125e-08
606,75.0361124418888,78.5999135811592,0.001545279685772918,0.001540995417489829,242.8748822491772,242.83632881904526,2.8491858613351284,3.0753409703041,7.207730187043872,6.824043301036924,2.8491858613351284,3.0753409703041,41.37353433835846,43.812709030100336,-0.07932913303375244,-0.23540890216827393,8.910122756255828e-06,15.0,1.220703125e-08
607,75.39999297635639,78.48256216400044,0.001544211431674759,0.0015393110493627878,242.87739422413173,242.83831904484674,2.879701857990156,3.0694254648725323,7.109161768327007,6.824439436296954,2.879701857990156,3.0694254648725323,41.37353433835846,43.812709030100336,-0.0871431827545166,-0.23233330249786377,8.929390975839583e-06,15.0,1.220703125e-08
608,75.91497381009049,78.82257473030218,0.0015450334716572659,0.001538617877884578,242.87945260154942,242.84118999366376,2.894664512008079,3.085371892986489,7.195443785969337,6.832876961366788,2.894664512008079,3.085371892986489,41.37353433835846,43.812709030100336,-0.1123502254486084,-0.24191594123840332,8.948358798670128e-06,15.0,1.220703125e-08
609,75.91419484507499,78.60155749879155,0.0015463752155714797,0.0015382733675697975,242.88221175866312,242.84365099648568,2.898826929792088,3.074548287535192,7.161820429254018,6.831059817885077,2.898826929792088,3.074548287535192,41.37353433835846,43.812709030100336,-0.10514271259307861,-0.2423872947692871,8.967029489932088e-06,15.0,1.220703125e-08
610,75.95125253955324,78.50120922075865,0.0015476928831591353,0.0015446539375663152,242.88496122887386,242.84721741947442,2.8965780112012545,3.0696159828466714,7.194621929571257,6.830326053211123,2.8965780112012545,3.0696159828466714,41.37353433835846,43.812709030100336,-0.10790038108825684,-0.23695755004882812,8.985406330302609e-06,15.0,1.220703125e-08
611,75.89597346115751,78.54818123399613,0.0015433662843233726,0.0015438871604567985,242.88851494206057,242.8502168687291,2.9015963033615444,3.071571218528875,7.132397035058819,6.8334764158446655,2.9015963033615444,3.071571218528875,41.37353433835846,43.812709030100336,-0.11316144466400146,-0.23721671104431152,9.003492613694346e-06,15.0,1.220703125e-08
612,75.60257271106919,78.8700270891987,0.0015447545192911099,0.0015448016246132877,242.891144463365,242.85268879255722,2.8847584664522103,3.087291825973868,7.149726876461726,6.83644282140062,2.8847584664522103,3.087291825973868,41.37353433835846,43.812709030100336,-0.10579216480255127,-0.24477553367614746,9.021291645067436e-06,15.0,1.220703125e-08
613,75.44744282631419,78.83703641349257,0.0015439335288015043,0.0015446727368887202,242.89364381211885,242.8552980454869,2.8808964784420916,3.0844348808594773,7.1185761113062975,6.846098746743091,2.8808964784420916,3.0844348808594773,41.37353433835846,43.812709030100336,-0.08649671077728271,-0.24480986595153809,9.03880673831018e-06,15.0,1.220703125e-08
614,75.63069283183495,78.83948085619056,0.0015470566927304045,0.0015443006053841035,242.8960663557452,242.85742110950892,2.8848903275015365,3.0836957362184556,7.1598979656021395,6.852992470846527,2.8848903275015365,3.0836957362184556,41.37353433835846,43.812709030100336,-0.09417271614074707,-0.2432239055633545,9.05604121418791e-06,15.0,1.220703125e-08
615,75.42030040542883,78.574519766613,0.0015420401806223957,0.0015404003082048834,242.89855535305924,242.86003026037312,2.873461075563926,3.0739526979899328,7.1672131731681885,6.824981211021194,2.873461075563926,3.0739526979899328,41.37353433835846,43.812709030100336,-0.0955195426940918,-0.23681604862213135,9.072998398359602e-06,15.0,1.220703125e-08
616,75.62946079324438,78.62435443584735,0.0015424489467974183,0.00154185150539733,242.90094551329238,242.86229733878554,2.892836853088047,3.074376891687961,7.095866955704426,6.8415084283886145,2.892836853088047,3.074376891687961,41.37353433835846,43.812709030100336,-0.10561811923980713,-0.2375798225402832,9.089681619461588e-06,15.0,1.220703125e-08
617,75.34875076779568,78.69186937210951,0.0015459596514826644,0.0015452776616594964,242.90364118157518,242.86521391087152,2.8597648583065527,3.0750079641374057,7.248128991630209,6.863436486808752,2.8597648583065527,3.0750079641374057,41.37353433835846,43.812709030100336,-0.08612334728240967,-0.23620271682739258,9.106094207257721e-06,15.0,1.220703125e-08
618,75.47198049267332,78.4695171751705,0.001545483769242101,0.0015471963006317814,242.9061555079679,242.86806505898568,2.883199892251735,3.066595423580412,7.10994212791149,6.841780161777867,2.883199892251735,3.066595423580412,41.37353433835846,43.812709030100336,-0.10178005695343018,-0.2344832420349121,9.122239490855282e-06,15.0,1.220703125e-08
619,74.48561625264996,78.54789626717967,0.0015467335273070227,0.0015415782981044472,242.90939637764015,242.87107747055614,2.838774778535418,3.069632044603992,7.0707863435473675,6.848882045235523,2.838774778535418,3.069632044603992,41.37353433835846,43.812709030100336,-0.06852340698242188,-0.2307964563369751,9.138120796985793e-06,15.0,1.220703125e-08
620,75.13436108817606,78.83154424456848,0.00154618833368485,0.0015452480376589059,242.9122242887615,242.87392208647967,2.8574522524023775,3.0814875822800856,7.180867252637394,6.867463904479674,2.8574522524023775,3.0814875822800856,41.37353433835846,43.812709030100336,-0.07626509666442871,-0.2374030351638794,9.15374144834995e-06,15.0,1.220703125e-08
621,74.57368705660055,78.53960829514723,0.001544654456129488,0.0015473494152024537,242.91530441718683,242.87696307638416,2.8310293432456164,3.068386367332178,7.167992131793918,6.855483737677635,2.8310293432456164,3.068386367332178,41.37353433835846,43.812709030100336,-0.07245039939880371,-0.23100388050079346,9.169104762025716e-06,15.0,1.220703125e-08
622,76.57330943352014,78.75304129610093,0.0015444620483175818,0.001544148373467393,242.9179838554344,242.87952007178876,2.9324533855495742,3.0783957860940276,7.156448624641253,6.860803835368077,2.9324533855495742,3.0783957860940276,41.37353433835846,43.812709030100336,-0.1218651533126831,-0.23512864112854004,9.18421404793867e-06,15.0,1.220703125e-08
623,75.89227491727027,78.84714819356351,0.0015450644182428168,0.0015505500150265103,242.92048969620237,242.88207691409517,2.8948450703517077,3.0814652323324148,7.18489555378056,6.873840237939637,2.8948450703517077,3.0814652323324148,41.37353433835846,43.812709030100336,-0.10588610172271729,-0.23484086990356445,9.199072607393606e-06,15.0,1.220703125e-08
624,75.72083940617803,78.80843531886072,0.0015447241518571598,0.0015430811654003867,242.92344228466553,242.88501099041073,2.887345490543487,3.084880199719432,7.176319050429455,6.831092582498505,2.887345490543487,3.084880199719432,41.37353433835846,43.812709030100336,-0.10789191722869873,-0.23875689506530762,9.213683731666355e-06,15.0,1.220703125e-08
625,74.47858713939162,78.71092474181516,0.0015470572755870158,0.0015473830354801787,242.92649792746283,242.8884897391533,2.8232624754434457,3.076998689900274,7.192062039271471,6.855104672868913,2.8232624754434457,3.076998689900274,41.37353433835846,43.812709030100336,-0.06943380832672119,-0.2401965856552124,9.228050700654768e-06,15.0,1.220703125e-08
626,75.1080968527738,78.80384938932183,0.0015486163230319593,0.0015423326635496523,242.92942158301273,242.89085255498472,2.860448636002277,3.0836511846370125,7.146362488393608,6.839095069413201,2.860448636002277,3.0836511846370125,41.37353433835846,43.812709030100336,-0.09152960777282715,-0.24224257469177246,9.242176781587779e-06,15.0,1.220703125e-08
627,74.90278815903656,78.7047049225772,0.0015424859666747588,0.0015450506996718487,242.9318452256808,242.89310008785796,2.8463746542906643,3.079901330048424,7.176878688722799,6.8294125352814845,2.8463746542906643,3.079901330048424,41.37353433835846,43.812709030100336,-0.07096326351165771,-0.23700523376464844,9.256065227791382e-06,15.0,1.220703125e-08
628,75.55253013214674,78.99528720307111,0.0015443311294406601,0.0015445833007203895,242.93398311749175,242.8954848477673,2.8797993931538697,3.090108704008785,7.169361267057895,6.863987445831299,2.8797993931538697,3.090108704008785,41.37353433835846,43.812709030100336,-0.09374833106994629,-0.23723280429840088,9.269719277510442e-06,15.0,1.220703125e-08
629,75.55083163978667,78.93631116682072,0.0015431412753463415,0.001542116051623878,242.9367345301949,242.89824893402815,2.877880849630589,3.0902901700507837,7.184039044819485,6.838963248657941,2.877880849630589,3.0902901700507837,41.37353433835846,43.812709030100336,-0.10975003242492676,-0.24158990383148193,9.283142152785124e-06,15.0,1.220703125e-08
630,75.36772190266518,78.94601384293674,0.0015421860893857565,0.0015428104215180097,242.93956931671704,242.90096499848127,2.8694928594969427,3.0893867151394336,7.177905113054081,6.850064660394471,2.8694928594969427,3.0893867151394336,41.37353433835846,43.812709030100336,-0.07945883274078369,-0.2437359094619751,9.296337058380759e-06,15.0,1.220703125e-08
631,74.95921179996662,78.51245540759237,0.0015446501665076294,0.001547902773825894,242.9422981096073,242.90392540769034,2.849361248351821,3.068620474442192,7.175532917680852,6.8427307884828705,2.849361248351821,3.068620474442192,41.37353433835846,43.812709030100336,-0.08153808116912842,-0.2409374713897705,9.309307180769968e-06,15.0,1.220703125e-08
632,74.95882401713973,78.7616315095321,0.0015446055942594107,0.0015403841428278033,242.94497744561838,242.90658252932954,2.846188698981076,3.0810352272811943,7.200757572998354,6.843139943470525,2.846188698981076,3.0810352272811943,41.37353433835846,43.812709030100336,-0.09178662300109863,-0.2400885820388794,9.322055687165826e-06,15.0,1.220703125e-08
633,74.97281803917046,78.7729420741665,0.0015436760695897655,0.0015452229962948972,242.94765348450423,242.90913717722813,2.8538667077395186,3.08276325563922,7.144936825162802,6.833802995075749,2.8538667077395186,3.08276325563922,41.37353433835846,43.812709030100336,-0.07556307315826416,-0.24293363094329834,9.334585724604846e-06,15.0,1.220703125e-08
634,75.86502421521261,78.71086294116782,0.001544559268371344,0.0015481055642549808,242.95045062245634,242.9116681969684,2.893546518967978,3.0749433941665703,7.184373784504544,6.871504070766793,2.893546518967978,3.0749433941665703,41.37353433835846,43.812709030100336,-0.10650157928466797,-0.24027001857757568,9.34690041907853e-06,15.0,1.220703125e-08
635,74.79795885964654,79.08430317652265,0.0015444766493729462,0.0015463232184233873,242.95280760696386,242.91415956427022,2.8384715704063277,3.096713411369451,7.198145290515331,6.846735233447225,2.8384715704063277,3.096713411369451,41.37353433835846,43.812709030100336,-0.07943475246429443,-0.25116491317749023,9.359002874712314e-06,15.0,1.220703125e-08
636,75.47724411036302,79.01345146459879,0.0015486987731598903,0.0015474181691570875,242.95534657233924,242.91684526424345,2.8737729146851967,3.093570878274465,7.187413356212316,6.8435232424018375,2.8737729146851967,3.093570878274465,41.37353433835846,43.812709030100336,-0.09338295459747314,-0.24647390842437744,9.370896172990605e-06,15.0,1.220703125e-08
637,75.12011013318546,78.51742186275214,0.00154766144302722,0.001543854879928647,242.9577684769878,242.91905329777643,2.8594778227047306,3.0695261644280474,7.158928774509398,6.837495708146622,2.8594778227047306,3.0695261644280474,41.37353433835846,43.812709030100336,-0.09788298606872559,-0.2381424903869629,9.382583372026751e-06,15.0,1.220703125e-08
638,75.39988561531207,78.67578849664899,0.001544944246040604,0.0015450050683698327,242.95994038797502,242.9207971375124,2.8729433773750035,3.0741628157255243,7.163134842462076,6.863739010482329,2.8729433773750035,3.0741628157255243,41.37353433835846,43.812709030100336,-0.08577072620391846,-0.23538100719451904,9.394067505876636e-06,15.0,1.220703125e-08
639,75.8866657404045,78.5541719672672,0.0015449513961253703,0.00154454159405531,242.9618294107255,242.92294204354684,2.8929357273095415,3.0733336772408375,7.197907287271778,6.821728983850384,2.8929357273095415,3.0733336772408375,41.37353433835846,43.812709030100336,-0.11543571949005127,-0.2347487211227417,9.40535158389475e-06,15.0,1.220703125e-08
640,75.7091674932483,79.03624054261275,0.001544101096664741,0.001546077084895784,242.96444809496703,242.92569066688768,2.886279983536482,3.093807169426245,7.180159306805737,6.8507555671360185,2.886279983536482,3.093807169426245,41.37353433835846,43.812709030100336,-0.115334153175354,-0.24492526054382324,9.416438590131462e-06,15.0,1.220703125e-08
641,75.38838191966914,78.6257819746649,0.0015468517448238316,0.0015477520226030595,242.9669719293489,242.92830211422515,2.8746647926630886,3.0738487977247972,7.1447427915768005,6.846225008119309,2.8746647926630886,3.0738487977247972,41.37353433835846,43.812709030100336,-0.10691630840301514,-0.2339627742767334,9.427331482770303e-06,15.0,1.220703125e-08
642,75.5122025967443,78.83079038894296,0.0015452857984548163,0.0015467534287144308,242.9695543707715,242.93081118988752,2.869321204509767,3.0845406900680183,7.237031405495239,6.842699216759724,2.869321204509767,3.0845406900680183,41.37353433835846,43.812709030100336,-0.08404076099395752,-0.24016213417053223,9.43803319360406e-06,15.0,1.220703125e-08
643,75.9051194694174,78.6330268630216,0.001546225973078903,0.0015438837801296276,242.97181898465308,242.93315226577198,2.8969806203091366,3.074090606791519,7.1729141535671115,6.847215247393452,2.8969806203091366,3.074090606791519,41.37353433835846,43.812709030100336,-0.1086273193359375,-0.2261955738067627,9.448546627548488e-06,15.0,1.220703125e-08
644,75.55845423559448,78.77562415081522,0.001545098514477075,0.0015457012039612368,242.97397970074985,242.9352143967032,2.883438804840522,3.0822178839042436,7.142591188900435,6.839222550790844,2.883438804840522,3.0822178839042436,41.37353433835846,43.812709030100336,-0.1188734769821167,-0.24399328231811523,9.458874662192453e-06,15.0,1.220703125e-08
645,75.8884219835751,79.03949280805811,0.0015434689587372132,0.0015440260303085265,242.97600551586055,242.93735930273763,2.900440795936776,3.0945547225084593,7.138574547504061,6.846086398414943,2.900440795936776,3.0945547225084593,41.37353433835846,43.812709030100336,-0.09481394290924072,-0.249129056930542,9.469020147383343e-06,15.0,1.220703125e-08
646,75.61472659214857,79.0202500461336,0.001547211388218056,0.0015428636587508347,242.97839329909638,242.93993604781238,2.893465562481776,3.093121570089589,7.084867141953665,6.849864463742361,2.893465562481776,3.093121570089589,41.37353433835846,43.812709030100336,-0.09847831726074219,-0.24617385864257812,9.478985904846608e-06,15.0,1.220703125e-08
647,75.82558473110997,78.85114331707906,0.001545635156155606,0.0015458056647143636,242.98121142107837,242.94283720801107,2.8830037604224943,3.085044466930887,7.252916269765627,6.846811736307814,2.8830037604224943,3.085044466930887,41.37353433835846,43.812709030100336,-0.10310912132263184,-0.23978149890899658,9.488774727838256e-06,15.0,1.220703125e-08
648,75.38636248155655,78.89317158472578,0.0015448656629683635,0.0015480547110054853,242.98380104461108,242.94529826186573,2.871726802845097,3.0867372396398944,7.167448645261065,6.850063566380121,2.871726802845097,3.0867372396398944,41.37353433835846,43.812709030100336,-0.08904588222503662,-0.24556469917297363,9.498389380829239e-06,15.0,1.220703125e-08
649,75.64752479693797,78.81472298612563,0.0015445457025738418,0.001543470545840079,242.98671432316203,242.94817992755802,2.881379272470522,3.0843079273517313,7.194695167605402,6.838154371765545,2.881379272470522,3.0843079273517313,41.37353433835846,43.812709030100336,-0.09513664245605469,-0.24487173557281494,9.507832599220573e-06,15.0,1.220703125e-08
650,75.18931574478022,79.06424006331326,0.0015430704022054147,0.0015475069765269408,242.98940503297737,242.95158692426904,2.864931514714431,3.0963946098467976,7.143004476524877,6.8412345723563615,2.864931514714431,3.0963946098467976,41.37353433835846,43.812709030100336,-0.09200561046600342,-0.24926042556762695,9.517107089088149e-06,15.0,1.220703125e-08
651,75.73574013765932,78.62844945595018,0.001546626105800059,0.0015532552945212675,242.99288352570142,242.95452544043295,2.8960384951164975,3.07382813743923,7.112688949559402,6.84740293942965,2.8960384951164975,3.07382813743923,41.37353433835846,43.812709030100336,-0.1055762767791748,-0.2422868013381958,9.52621552695611e-06,15.0,1.220703125e-08
652,76.04140610431307,78.8296294706721,0.0015470226752763642,0.0015471603477647821,242.99601863177378,242.95773407288618,2.906332580288451,3.0850039676679017,7.152597825930546,6.838514340761114,2.906332580288451,3.0850039676679017,41.37353433835846,43.812709030100336,-0.1260979175567627,-0.24453473091125488,9.535160559597833e-06,15.0,1.220703125e-08
653,75.47506327924617,78.70247800693065,0.001546582643689909,0.0015469933871684416,242.99871018503978,242.9600491731063,2.8704706348566154,3.0776847708584074,7.212959717665885,6.846211124024662,2.8704706348566154,3.0776847708584074,41.37353433835846,43.812709030100336,-0.09089839458465576,-0.23963499069213867,9.543944803863407e-06,15.0,1.220703125e-08
654,75.28792136238647,78.45366395676017,0.0015462589827701574,0.0015410999751908324,243.00125247309956,242.96302045228887,2.8725963114094695,3.066878281309453,7.1210987579882445,6.83318318650874,2.8725963114094695,3.066878281309453,41.37353433835846,43.812709030100336,-0.09153473377227783,-0.23630869388580322,9.552570846532632e-06,15.0,1.220703125e-08
655,75.36460539084582,78.64738941511581,0.0015473344470132485,0.0015423087781625349,243.00400475481248,242.96578678399027,2.8757051047767628,3.076434140221331,7.126892523549909,6.834215361936435,2.8757051047767628,3.076434140221331,41.37353433835846,43.812709030100336,-0.09095227718353271,-0.23544061183929443,9.56104124419255e-06,15.0,1.220703125e-08
656,75.21572775018075,78.73814073135223,0.0015452371462103185,0.0015390428576624662,243.0069694838532,242.96905007250732,2.853278997156089,3.0810418719033335,7.246766895505052,6.833678360368097,2.853278997156089,3.0810418719033335,41.37353433835846,43.812709030100336,-0.08123648166656494,-0.24039506912231445,9.56935852313855e-06,15.0,1.220703125e-08
657,75.39433026593335,78.70491813736217,0.0015454250590647984,0.0015463661406357402,243.00996381034403,242.97154159290736,2.870997256769407,3.0782873662419146,7.176459484962962,6.8423671834046225,2.870997256769407,3.0782873662419146,41.37353433835846,43.812709030100336,-0.0957115888595581,-0.23949456214904785,9.577525179298084e-06,15.0,1.220703125e-08
658,75.7925183729111,78.45705074450643,0.0015471443093976183,0.0015441823971105808,243.0125006287541,242.97397662006492,2.888738877010505,3.0667970746655926,7.193787846333617,6.835159142280502,2.888738877010505,3.0667970746655926,41.37353433835846,43.812709030100336,-0.09227287769317627,-0.23141014575958252,9.58554367817606e-06,15.0,1.220703125e-08
659,75.68755780192875,78.6739193970543,0.001547028672322943,0.001545303110282457,243.01479075062815,242.9760975917446,2.8847018773831317,3.0770996183057293,7.184099266077805,6.8394770383037455,2.8847018773831317,3.0770996183057293,41.37353433835846,43.812709030100336,-0.1009829044342041,-0.23359918594360352,9.593416454821052e-06,15.0,1.220703125e-08
660,76.35868081455455,78.68358793226771,0.001544689266065719,0.001541514155987563,243.01692575425957,242.97858487642728,2.9172723772537767,3.0784057167461483,7.192002679834414,6.83292595120178,2.9172723772537767,3.0784057167461483,41.37353433835846,43.812709030100336,-0.1121668815612793,-0.23718059062957764,9.60114591381139e-06,15.0,1.220703125e-08
661,75.46060856702539,78.96408303047103,0.0015481975841393672,0.0015463512589419914,243.0196639017843,242.9814252056007,2.8738696611107293,3.0920086991428133,7.1799661917502755,6.836258360374732,2.8738696611107293,3.0920086991428133,41.37353433835846,43.812709030100336,-0.09385442733764648,-0.24307751655578613,9.608734429260324e-06,15.0,1.220703125e-08
662,75.83129949266188,79.0498641661577,0.0015433937848593972,0.0015468772233660055,243.02238098860187,242.98411085454117,2.8978651975666856,3.0966837621452816,7.1363162698857545,6.833165841756457,2.8978651975666856,3.0966837621452816,41.37353433835846,43.812709030100336,-0.09787881374359131,-0.25008535385131836,9.616184344839363e-06,15.0,1.220703125e-08
663,76.23114325493025,79.06045830768088,0.0015469476659790032,0.0015430517991487697,243.02492049071856,242.98618395751137,2.908728937807195,3.0950132755930206,7.209314205738368,6.850798165120409,2.908728937807195,3.0950132755930206,41.37353433835846,43.812709030100336,-0.1169670820236206,-0.2475377321243286,9.623497973819026e-06,15.0,1.220703125e-08
664,74.61905104031715,78.77476644356514,0.0015469352077845627,0.0015451947459172346,243.02704941128167,242.98877800268474,2.8374141620431512,3.082328424007199,7.1349944445356055,6.837979811091088,2.8374141620431512,3.082328424007199,41.37353433835846,43.812709030100336,-0.06577181816101074,-0.2389528751373291,9.630677599126197e-06,15.0,1.220703125e-08
665,75.73093801527168,78.59138912341268,0.0015470567914006772,0.0015442202207990563,243.02974191023478,242.9914157829157,2.8879380817189686,3.074588055594709,7.17555704068898,6.826560744473767,2.8879380817189686,3.074588055594709,41.37353433835846,43.812709030100336,-0.10364305973052979,-0.23574495315551758,9.637725473417264e-06,15.0,1.220703125e-08
666,74.37660641566393,78.80505006209664,0.0015466893417448728,0.001544517502702623,243.03241069033317,242.99388561440153,2.830633926631218,3.083089224869591,7.092261074775427,6.8440117835998535,2.830633926631218,3.083089224869591,41.37353433835846,43.812709030100336,-0.07657968997955322,-0.2423255443572998,9.644643819166366e-06,15.0,1.220703125e-08
667,75.47670463421437,78.64720465108304,0.0015465916258047398,0.0015462675668380182,243.0351121094159,242.99698110727164,2.881147204931058,3.074382719786271,7.12819270672311,6.850511558877185,2.881147204931058,3.074382719786271,41.37353433835846,43.812709030100336,-0.10418832302093506,-0.2377842664718628,9.651434828767949e-06,15.0,1.220703125e-08
668,76.55505762148142,78.85313009817067,0.0015448356042202667,0.0015464462160777587,243.03780496619655,242.9995816336029,2.92563562736639,3.0857759534714613,7.203640266079799,6.841733292991102,2.92563562736639,3.0857759534714613,41.37353433835846,43.812709030100336,-0.1154019832611084,-0.24067175388336182,9.658100664652966e-06,15.0,1.220703125e-08
669,75.94486421875818,78.87526039455248,0.0015437770137638228,0.0015451841198069894,243.04109419370616,243.00287099984976,2.9047566710205333,3.08561240470529,7.126601960391455,6.851904129104869,2.9047566710205333,3.08561240470529,41.37353433835846,43.812709030100336,-0.10089540481567383,-0.24236130714416504,9.66464345941799e-06,15.0,1.220703125e-08
670,75.05454274597679,78.63637394729665,0.0015452346521534239,0.0015461000366242335,243.0437342709233,243.00530796625145,2.857496052331461,3.0737564978392227,7.14854655513412,6.851189828636654,2.857496052331461,3.0737564978392227,41.37353433835846,43.812709030100336,-0.08532464504241943,-0.2384488582611084,9.67106531596662e-06,15.0,1.220703125e-08
671,75.53046501581393,78.53420066195586,0.0015424668244468408,0.0015453716181685843,243.04628811170107,243.00789752054374,2.878884823478047,3.0676371190061538,7.167826720418243,6.859279450764226,2.878884823478047,3.0676371190061538,41.37353433835846,43.812709030100336,-0.09440696239471436,-0.22873663902282715,9.677368307662479e-06,15.0,1.220703125e-08
672,75.49976213413666,78.61817730549586,0.0015469544387377262,0.0015534870684720003,243.048941300742,243.01078362608433,2.872203684731744,3.070960365410234,7.208958501192792,6.866220361014274,2.872203684731744,3.070960365410234,41.37353433835846,43.812709030100336,-0.09021961688995361,-0.23704397678375244,9.683554478493227e-06,15.0,1.220703125e-08
673,75.37627231974898,78.78352261546463,0.0015477996590193143,0.0015435898193721987,243.05199855376327,243.01418853045308,2.8705978305695243,3.081535683826459,7.172401805219539,6.847832816899023,2.8705978305695243,3.081535683826459,41.37353433835846,43.812709030100336,-0.10392284393310547,-0.24118220806121826,9.689625843244922e-06,15.0,1.220703125e-08
674,75.3512754200691,78.66059579498393,0.0015438029486405192,0.001548051763244945,243.0552846630614,243.01699640280427,2.8713558287277094,3.074419504822696,7.156370896190854,6.85555430000841,2.8713558287277094,3.074419504822696,41.37353433835846,43.812709030100336,-0.10228204727172852,-0.2397996187210083,9.695584387686206e-06,15.0,1.220703125e-08
675,74.67871114197288,78.59741149698213,0.0015449292251490793,0.001549866430096976,243.05808655500812,243.01982581097147,2.8392583321486686,3.071657837832652,7.144115118125775,6.852359457558214,2.8392583321486686,3.071657837832652,41.37353433835846,43.812709030100336,-0.09292316436767578,-0.2335340976715088,9.701432068761673e-06,15.0,1.220703125e-08
676,75.56349923343116,78.653709819883,0.0015455821772391472,0.0015453671492218822,243.06079165460275,243.02275110965587,2.87937810872268,3.0761297323233308,7.177066497866632,6.839139668837838,2.87937810872268,3.0761297323233308,41.37353433835846,43.812709030100336,-0.0880969762802124,-0.23430919647216797,9.70717081479395e-06,15.0,1.220703125e-08
677,75.09996111948087,78.83161760413128,0.0015457726537657143,0.0015476470412904503,243.06386350187626,243.02562624315752,2.850512529737386,3.0845333876019736,7.222574284328288,6.84305506964591,2.850512529737386,3.0845333876019736,41.37353433835846,43.812709030100336,-0.0906754732131958,-0.2422800064086914,9.712802525693865e-06,15.0,1.220703125e-08
678,75.9149095544863,78.782130825081,0.0015475328631817645,0.0015435947240003225,243.0666305056369,243.02843386034502,2.8875229921772254,3.0832352502688916,7.252454970150537,6.833676722536119,2.8875229921772254,3.0832352502688916,41.37353433835846,43.812709030100336,-0.10058116912841797,-0.24082958698272705,9.718329073178277e-06,15.0,1.220703125e-08
679,75.00961830228617,78.41451817132956,0.001546712962550172,0.0015417546279927758,243.06919763715223,243.03057003978105,2.8484878967355445,3.0649554482271837,7.202624749897712,6.832886442292893,2.8484878967355445,3.0649554482271837,41.37353433835846,43.812709030100336,-0.06813430786132812,-0.2311842441558838,9.723752300994998e-06,15.0,1.220703125e-08
680,74.97770807211923,78.56575389849303,0.0015439739970683776,0.0015474300115933038,243.07171625747552,243.0336610417701,2.845653557497852,3.0725934473567182,7.212556540267152,6.83222800513175,2.845653557497852,3.0725934473567182,41.37353433835846,43.812709030100336,-0.08371388912200928,-0.23865783214569092,9.729074025154389e-06,15.0,1.220703125e-08
681,76.58729585171544,78.57334619222277,0.0015453182188544417,0.0015479630839708807,243.0745216254613,243.0363903237027,2.934193620729686,3.0713216716230516,7.148061007111516,6.84543671974769,2.934193620729686,3.0713216716230516,41.37353433835846,43.812709030100336,-0.11579179763793945,-0.2376025915145874,9.73429603416711e-06,15.0,1.220703125e-08
682,76.17137001587119,78.74211166534934,0.001546918767484114,0.001549154045418478,243.07724993272842,243.03891241271361,2.912635999308958,3.078700020959146,7.154137671293325,6.853904263231667,2.912635999308958,3.078700020959146,41.37353433835846,43.812709030100336,-0.10746479034423828,-0.24104321002960205,9.739420089287635e-06,15.0,1.220703125e-08
683,74.62859263332246,78.4780216280832,0.0015446033022230743,0.0015481098424207208,243.07957956898753,243.04121439751972,2.8350011419810643,3.067862523439337,7.15812419846629,6.834976276027717,2.8350011419810643,3.067862523439337,41.37353433835846,43.812709030100336,-0.07206940650939941,-0.24196338653564453,9.744447924763045e-06,15.0,1.220703125e-08
684,74.6942889087364,78.77595520019531,0.0015483756872967285,0.001551288488417565,243.0818701253664,243.0434902535633,2.842296016875224,3.0784573220090325,7.12601235963192,6.869364229731735,2.842296016875224,3.0784573220090325,41.37353433835846,43.812709030100336,-0.08302104473114014,-0.2443150281906128,9.74938124808674e-06,15.0,1.220703125e-08
685,75.39793946794929,78.59141405290585,0.0015458453585467046,0.001545269745806961,243.08449105880968,243.0461475283007,2.865674655840824,3.0745575499773823,7.220463553864752,6.8267953914144766,2.865674655840824,3.0745575499773823,41.37353433835846,43.812709030100336,-0.0872962474822998,-0.23615550994873047,9.754221740256633e-06,15.0,1.220703125e-08
686,76.28574998814057,78.4959996966614,0.0015451579984165167,0.0015466308511675251,243.08737632457536,243.04945848139633,2.9039121528766065,3.0654753713703475,7.269692745240689,6.861275269435002,2.9039121528766065,3.0654753713703475,41.37353433835846,43.812709030100336,-0.10715067386627197,-0.2358311414718628,9.758971056037486e-06,15.0,1.220703125e-08
687,76.25902982932239,79.06900848592802,0.0015443533971372188,0.0015503168051570256,243.09020689384423,243.05172540671052,2.9086991362835293,3.093593824667277,7.220714524363353,6.865499630420902,2.9086991362835293,3.093593824667277,41.37353433835846,43.812709030100336,-0.10135698318481445,-0.24889743328094482,9.763630824226944e-06,15.0,1.220703125e-08
688,75.2147382164321,78.6261321102895,0.0015443173280825068,0.0015421641599636113,243.0924480189031,243.05371109059823,2.860733164415088,3.0746378802934218,7.186725630832078,6.840062599118338,2.860733164415088,3.0746378802934218,41.37353433835846,43.812709030100336,-0.07625949382781982,-0.23910915851593018,9.768202647925015e-06,15.0,1.220703125e-08
689,75.65773074151683,78.78480374135302,0.0015450536161879548,0.0015440833459711045,243.0944708947161,243.05573173191237,2.875178671362412,3.082394989836575,7.24835217378447,6.841458516774767,2.875178671362412,3.082394989836575,41.37353433835846,43.812709030100336,-0.08447718620300293,-0.24320435523986816,9.772688104806588e-06,15.0,1.220703125e-08
690,75.9194049292074,78.97260424763861,0.0015448103610104828,0.001549917269329911,243.0965863967461,243.05835185481553,2.8991535113285134,3.090481034888073,7.161224294148099,6.851844476616901,2.8991535113285134,3.090481034888073,41.37353433835846,43.812709030100336,-0.10548090934753418,-0.24965894222259521,9.777088747396669e-06,15.0,1.220703125e-08
691,76.3089073219491,78.60347201752424,0.0015458863808101096,0.0015456450497264348,243.09913267202714,243.06087629133245,2.9109819163030117,3.0740859795573563,7.222389055855909,6.835384410360585,2.9109819163030117,3.0740859795573563,41.37353433835846,43.812709030100336,-0.12004625797271729,-0.24165070056915283,9.781406103348058e-06,15.0,1.220703125e-08
692,75.50481331727812,78.99399076736093,0.001548219548805088,0.001544557387993537,243.10199838507316,243.0639172302042,2.8738039502346737,3.09452144677025,7.198156441476078,6.828117737403283,2.8738039502346737,3.09452144677025,41.37353433835846,43.812709030100336,-0.08359599113464355,-0.24914371967315674,9.78564167572114e-06,15.0,1.220703125e-08
693,74.77320842647073,78.7517219466908,0.0015449537540718889,0.001552153174706227,243.10482872431004,243.06641303735432,2.8397467983028597,3.077932813893194,7.177997282402,6.86385636505076,2.8397467983028597,3.077932813893194,41.37353433835846,43.812709030100336,-0.07694244384765625,-0.236749529838562,9.789796943265522e-06,15.0,1.220703125e-08
694,75.30645514253396,78.56397599440355,0.0015468456886920897,0.001550395986653964,243.107190437253,243.06899616152148,2.8684209423448572,3.0695458566863403,7.16188780306971,6.855868420872002,2.8684209423448572,3.0695458566863403,41.37353433835846,43.812709030100336,-0.08494734764099121,-0.23514115810394287,9.793873360703208e-06,15.0,1.220703125e-08
695,76.07821266774955,78.67072393104783,0.001545719646769178,0.0015472175100238925,243.1095577476412,243.07125007348714,2.909924263930201,3.074820666807551,7.138572580251262,6.856393279837924,2.909924263930201,3.074820666807551,41.37353433835846,43.812709030100336,-0.11737525463104248,-0.23683035373687744,9.797872359013104e-06,15.0,1.220703125e-08
696,75.71746327769218,78.75275607412077,0.0015471945776115836,0.001545079689423077,243.11223953732693,243.07419287640116,2.881481588785373,3.079817586917941,7.221801980655996,6.849249398030565,2.881481588785373,3.079817586917941,41.37353433835846,43.812709030100336,-0.08754122257232666,-0.24061119556427002,9.801795345716566e-06,15.0,1.220703125e-08
697,75.96207402419405,78.7374565354159,0.001546890825466869,0.001541608762709318,243.11493431104088,243.0767260395165,2.897484368415334,3.0806985961952336,7.191625774006548,6.836108266709242,2.897484368415334,3.0806985961952336,41.37353433835846,43.812709030100336,-0.1047431230545044,-0.2395002841949463,9.805643705163752e-06,15.0,1.220703125e-08
698,76.2535051380969,78.5617330799932,0.0015487260931254156,0.001548109510695456,243.11767933396638,243.08009818086657,2.921052173154438,3.0708481619589305,7.119640923824342,6.844570501193553,2.921052173154438,3.0708481619589305,41.37353433835846,43.812709030100336,-0.11900997161865234,-0.2371687889099121,9.809418798820573e-06,15.0,1.220703125e-08
699,76.09259557164893,78.75640547634367,0.0015453880584925114,0.0015449884692580753,243.1211007020781,243.08336345966046,2.9119893869562965,3.082577256454672,7.127805594024147,6.828630034341462,2.9119893869562965,3.082577256454672,41.37353433835846,43.812709030100336,-0.10743081569671631,-0.24508333206176758,9.813121965556e-06,15.0,1.220703125e-08
700,75.3298980355063,78.98822794630377,0.001546630735307857,0.0015467386159354378,243.12455038968443,243.08747230963564,2.862619856494156,3.0921731027073687,7.217672838437896,6.844578771686873,2.862619856494156,3.0921731027073687,41.37353433835846,43.812709030100336,-0.08894038200378418,-0.2475285530090332,9.816754521929545e-06,15.0,1.220703125e-08
701,75.48258766417128,78.86771336686252,0.0015436759787195143,0.0015415074249237378,243.12792994309112,243.08954301406706,2.8781128149336106,3.086963341786311,7.15482776488491,6.838090485154984,2.8781128149336106,3.086963341786311,41.37353433835846,43.812709030100336,-0.08760285377502441,-0.2446078062057495,9.820317762478706e-06,15.0,1.220703125e-08
702,75.43404632517242,79.03277006117396,0.0015476032449213328,0.001551819121524268,243.13035979662308,243.09227428627653,2.872591072590507,3.090739132967282,7.179553046298387,6.873825137033112,2.872591072590507,3.090739132967282,41.37353433835846,43.812709030100336,-0.10415339469909668,-0.24503517150878906,9.82381296000617e-06,15.0,1.220703125e-08
703,76.07555624548115,78.64231346921379,0.0015465564939226187,0.0015447961176624117,243.13305203998507,243.09461969994382,2.907574541405018,3.0759461540043556,7.156297968060926,6.836042322841377,2.907574541405018,3.0759461540043556,41.37353433835846,43.812709030100336,-0.11197769641876221,-0.24125730991363525,9.827241365866647e-06,15.0,1.220703125e-08
704,74.46789420429786,78.81882117025829,0.0015453833269994312,0.0015489568935401962,243.135441228972,243.09701313541885,2.8332367682177417,3.0837872745998727,7.107944100346398,6.843882460259275,2.8332367682177417,3.0837872745998727,41.37353433835846,43.812709030100336,-0.07641720771789551,-0.24508345127105713,9.830604210253094e-06,15.0,1.220703125e-08
705,75.11050544112571,78.86977414542616,0.001547906301694125,0.0015485273638310342,243.13768746585302,243.09928654189093,2.857546129019017,3.0857972955225303,7.170494109941288,6.848187577365633,2.857546129019017,3.0857972955225303,41.37353433835846,43.812709030100336,-0.07515537738800049,-0.24191009998321533,9.833902702482263e-06,15.0,1.220703125e-08
706,74.77577482955141,78.61290564903847,0.0015463125433732242,0.001543562877985546,243.14018241843985,243.10229471774403,2.8383010839497422,3.0751974638489177,7.190574219478434,6.830276841702669,2.8383010839497422,3.0751974638489177,41.37353433835846,43.812709030100336,-0.07835197448730469,-0.24249041080474854,9.837138031279306e-06,15.0,1.220703125e-08
707,75.55021695595491,78.97316435746923,0.0015475666577501887,0.001545823344269325,243.14340253411424,243.1049718952498,2.8848339173462323,3.0892419886828266,7.128076719478946,6.862005136483489,2.8848339173462323,3.0892419886828266,41.37353433835846,43.812709030100336,-0.09633255004882812,-0.24610841274261475,9.840311365061396e-06,15.0,1.220703125e-08
708,75.80033795278476,78.81079359277834,0.001545625179928027,0.0015436820833816078,243.1455881447848,243.10728704650268,2.8972346894505434,3.0819246561630913,7.128935809111475,6.855613383162381,2.8972346894505434,3.0819246561630913,41.37353433835846,43.812709030100336,-0.10780215263366699,-0.23931419849395752,9.843423852220175e-06,15.0,1.220703125e-08
709,75.24169294398834,78.65483856201172,0.0015466503490470787,0.0015433975265682193,243.1480014871313,243.10989635046508,2.8633552751748805,3.0777039320572563,7.176504500147885,6.826999634005952,2.8633552751748805,3.0777039320572563,41.37353433835846,43.812709030100336,-0.09178948402404785,-0.24170804023742676,9.846476621402898e-06,15.0,1.220703125e-08
710,75.17359002910467,79.01810784483435,0.0015474534566222472,0.0015497062130236257,243.15066533432136,243.11243798501516,2.8587197666391857,3.0947007215940037,7.186340094012032,6.836283018756471,2.8587197666391857,3.0947007215940037,41.37353433835846,43.812709030100336,-0.07564985752105713,-0.2463289499282837,9.849470781792178e-06,15.0,1.220703125e-08
711,75.34074732845951,78.52492380301689,0.001546415767688585,0.0015473697353216717,243.15328437639042,243.1149118480874,2.871567706965921,3.0691156913604227,7.150427259991517,6.843707626878617,2.871567706965921,3.0691156913604227,41.37353433835846,43.812709030100336,-0.09713864326477051,-0.23598170280456543,9.852407423384203e-06,15.0,1.220703125e-08
712,75.85623303130643,78.82479320003037,0.0015486269080512212,0.0015498297978161419,243.1560668178539,243.1185848784686,2.8976371144529565,3.082504216643879,7.148048564616959,6.85652708130138,2.8976371144529565,3.082504216643879,41.37353433835846,43.812709030100336,-0.10895216464996338,-0.2435358762741089,9.855287617265307e-06,15.0,1.220703125e-08
713,76.00771851915012,78.85632066503416,0.001546512193310151,0.0015501028894724007,243.15926421147896,243.12131191496067,2.911261673948074,3.0832082395968228,7.0996626609533875,6.863503140350648,2.911261673948074,3.0832082395968228,41.37353433835846,43.812709030100336,-0.09698283672332764,-0.24206924438476562,9.858112415886815e-06,15.0,1.220703125e-08
714,76.1201091491597,78.77507029249517,0.0015450865755690703,0.0015460380172375651,243.1621853877951,243.12418281274495,2.8990419138616055,3.0803191853207488,7.242389086303199,6.854145979801548,2.8990419138616055,3.0803191853207488,41.37353433835846,43.812709030100336,-0.11078453063964844,-0.23855125904083252,9.860882853338062e-06,15.0,1.220703125e-08
715,75.61744388343901,78.9977888534699,0.0015454014651695737,0.001552026890947119,243.1656920977773,243.12824379401064,2.887748055322286,3.0902442756703863,7.131671752162914,6.863785676732909,2.887748055322286,3.0902442756703863,41.37353433835846,43.812709030100336,-0.10238885879516602,-0.240142822265625,9.863599945617464e-06,15.0,1.220703125e-08
716,75.46951204488425,78.72096941383387,0.0015468607240136545,0.0015481170823635614,243.1688913316583,243.13113000161673,2.875598258109548,3.0747391164900866,7.16968465450421,6.8771311240052695,2.875598258109548,3.0747391164900866,41.37353433835846,43.812709030100336,-0.09887051582336426,-0.2406327724456787,9.86626469090163e-06,15.0,1.220703125e-08
717,75.54239967640122,78.93867201789168,0.0015487567023600342,0.0015460608217921295,243.17169189453125,243.13390240621408,2.888643266367952,3.0895526225750265,7.094463306855117,6.845721367609541,2.888643266367952,3.0895526225750265,41.37353433835846,43.812709030100336,-0.09957337379455566,-0.24244654178619385,9.868878069812343e-06,15.0,1.220703125e-08
718,76.35322945241752,78.61217771804452,0.0015496670766117385,0.001550347461710905,243.17472703892182,243.13670558355324,2.9181890287990346,3.0732525001002795,7.182422407907457,6.845488986841413,2.9181890287990346,3.0732525001002795,41.37353433835846,43.812709030100336,-0.11070883274078369,-0.24107253551483154,9.871441045681436e-06,15.0,1.220703125e-08
719,76.51746779909885,78.71129108033452,0.0015464964292715717,0.0015394766316640138,243.17698365280177,243.13906411263457,2.9198592779424724,3.0815688678652147,7.234780398645193,6.81868974341198,2.9198592779424724,3.0815688678652147,41.37353433835846,43.812709030100336,-0.12572991847991943,-0.23686003684997559,9.873954564813407e-06,15.0,1.220703125e-08
720,74.86195015707607,78.55485371363203,0.0015464043974021521,0.0015457243032529202,243.17974896966112,243.14217266988595,2.8431161660045836,3.070342721747714,7.186518903952747,6.845873899683107,2.8431161660045836,3.070342721747714,41.37353433835846,43.812709030100336,-0.07335197925567627,-0.2372603416442871,9.876419556745779e-06,15.0,1.220703125e-08
721,74.69283771355148,78.61149400691922,0.0015468869003010181,0.001547580169448411,243.18309846555368,243.1463404116423,2.8496815543278577,3.0733406639418077,7.066346188486121,6.844532038455823,2.8496815543278577,3.0733406639418077,41.37353433835846,43.812709030100336,-0.08881545066833496,-0.23695898056030273,9.878836934507101e-06,15.0,1.220703125e-08
722,75.56632069087708,78.90413428469246,0.0015475430792600067,0.0015465350055375625,243.1871191692512,243.14925688166284,2.8782911927656114,3.08743705079707,7.186857680379846,6.8488253095875615,2.8782911927656114,3.08743705079707,41.37353433835846,43.812709030100336,-0.08623969554901123,-0.24554646015167236,9.881207594872574e-06,15.0,1.220703125e-08
723,75.93775464541947,78.7165230333207,0.0015457264524829921,0.001546181292961473,243.1898232209223,243.15223882668792,2.907386586893743,3.076934856714612,7.102681170356533,6.857798077190999,2.907386586893743,3.076934856714612,41.37353433835846,43.812709030100336,-0.12391889095306396,-0.23733150959014893,9.883532418617218e-06,15.0,1.220703125e-08
724,75.31513357242348,78.77914265406172,0.0015485519586190257,0.0015437534911383604,243.1930355921862,243.15521668909386,2.874824727599944,3.081125877373992,7.11410533483304,6.849337681480076,2.874824727599944,3.081125877373992,41.37353433835846,43.812709030100336,-0.09674644470214844,-0.24098563194274902,9.885812270766557e-06,15.0,1.220703125e-08
725,75.77480943638275,78.81195941019217,0.001548831677922302,0.001544193538329424,243.19587025091278,243.15884404517337,2.900934881501062,3.083056444308431,7.089092510229778,6.847016986795891,2.900934881501062,3.083056444308431,41.37353433835846,43.812709030100336,-0.11581134796142578,-0.2418506145477295,9.88804800084479e-06,15.0,1.220703125e-08
726,76.13808579181307,78.59903694076283,0.001547221158330065,0.0015481764222510831,243.19943503119438,243.1618870253547,2.907889541868788,3.070624707933254,7.178778490229468,6.861270684462327,2.907889541868788,3.070624707933254,41.37353433835846,43.812709030100336,-0.11847293376922607,-0.23198270797729492,9.890240443120375e-06,15.0,1.220703125e-08
727,75.29270417486603,78.55910295467312,0.001545831942314616,0.0015524314361372122,243.20212594548263,243.16450725032334,2.872664063420128,3.0705092918115318,7.122439416409337,6.8461843541633325,2.872664063420128,3.0705092918115318,41.37353433835846,43.812709030100336,-0.08637392520904541,-0.23613643646240234,9.892390416849037e-06,15.0,1.220703125e-08
728,76.19243188599246,78.65914008609427,0.001548548159813524,0.001545948072190219,243.20449923670273,243.16665639207514,2.9179836801148737,3.0756498969916914,7.119752074006814,6.845124627435487,2.9179836801148737,3.0756498969916914,41.37353433835846,43.812709030100336,-0.10809648036956787,-0.23020875453948975,9.894498726514134e-06,15.0,1.220703125e-08
729,75.92436988868906,78.47552235070678,0.0015478801741568961,0.00153818920162821,243.20688241929864,243.16971901986113,2.9067748283820736,3.0698167001921997,7.102203726968174,6.8184068450162245,2.9067748283820736,3.0698167001921997,41.37353433835846,43.812709030100336,-0.1085357666015625,-0.2355058193206787,9.896566162064394e-06,15.0,1.220703125e-08
730,75.77979376967029,78.69816068821528,0.0015470759336285954,0.0015452451276652091,243.20996610044034,243.172949647425,2.8965361972949415,3.0784211366072944,7.126288288602078,6.838570409793918,2.8965361972949415,3.0784211366072944,41.37353433835846,43.812709030100336,-0.10525774955749512,-0.24192595481872559,9.898593499148934e-06,15.0,1.220703125e-08
731,75.53924036585107,78.72480301872942,0.001548710938463521,0.0015449219754738203,243.21332438866696,243.1759772667518,2.888668476836366,3.0798461931605003,7.0929961571941025,6.837829899229733,2.888668476836366,3.0798461931605003,41.37353433835846,43.812709030100336,-0.11068248748779297,-0.24079906940460205,9.900581499349627e-06,15.0,1.220703125e-08
732,74.88087802037123,78.93455990182117,0.0015443254026648288,0.001547963991932521,243.21665152033768,243.17888291783157,2.854692642413192,3.0905493174906957,7.101491313084486,6.836081833345037,2.854692642413192,3.0905493174906957,41.37353433835846,43.812709030100336,-0.09286439418792725,-0.2459191083908081,9.902530910410733e-06,15.0,1.220703125e-08
733,75.36147415697874,78.97975434268199,0.0015484144574989076,0.001547799303576375,243.21927102247076,243.1817581533987,2.870975818266621,3.0926426230465687,7.163432518241793,6.837415810014093,2.870975818266621,3.0926426230465687,41.37353433835846,43.812709030100336,-0.0976487398147583,-0.24627315998077393,9.904442466465806e-06,15.0,1.220703125e-08
734,76.37009585842216,78.91807847038957,0.0015465002017520007,0.0015488029710705514,243.22233233939065,243.18497107260202,2.92125995674325,3.087387545052978,7.164622646280669,6.854777465297227,2.92125995674325,3.087387545052978,41.37353433835846,43.812709030100336,-0.11868584156036377,-0.2431023120880127,9.90631688826186e-06,15.0,1.220703125e-08
735,75.57092257041228,78.79722559491927,0.00154990570130641,0.0015471706939331664,243.225135534852,243.18704851335505,2.878540341378856,3.0814144085083517,7.186682778586894,6.854233443537684,2.878540341378856,3.0814144085083517,41.37353433835846,43.812709030100336,-0.08320784568786621,-0.24447059631347656,9.908154883380793e-06,15.0,1.220703125e-08
736,75.6635104232098,78.84355597352503,0.0015454617183861422,0.0015512273921771441,243.2272260656309,243.18955733385374,2.8879727099209376,3.08253151118556,7.148294924092252,6.863794720691184,2.8879727099209376,3.08253151118556,41.37353433835846,43.812709030100336,-0.1094968318939209,-0.24053514003753662,9.90995714645805e-06,15.0,1.220703125e-08
737,75.72738583563161,78.58285884793386,0.0015480136609959168,0.0015431893553373007,243.2300893761205,243.19228875916139,2.8863644076751505,3.072153187914437,7.186690130026097,6.84260934970052,2.8863644076751505,3.072153187914437,41.37353433835846,43.812709030100336,-0.10194253921508789,-0.23839330673217773,9.911724359398528e-06,15.0,1.220703125e-08
738,76.52877723272123,79.00402602383923,0.00154724758831313,0.0015537129289916029,243.23274435429917,243.19555398692256,2.9211553381116344,3.088981585359095,7.228925517256336,6.876363314115084,2.9211553381116344,3.088981585359095,41.37353433835846,43.812709030100336,-0.12861430644989014,-0.25425827503204346,9.913457191589716e-06,15.0,1.220703125e-08
739,75.6693641624259,78.53157025595573,0.001546543194885854,0.0015469754210526876,243.2362144380758,243.1983834461225,2.8823314731444545,3.069817689748911,7.195756772455059,6.840745490530263,2.8823314731444545,3.069817689748911,41.37353433835846,43.812709030100336,-0.0964365005493164,-0.23790287971496582,9.915156300112075e-06,15.0,1.220703125e-08
740,74.92059165149477,78.90367486245655,0.0015469946634489263,0.0015440879328905241,243.2388129050608,243.20145924035523,2.8509982618654592,3.0904918067830063,7.146909579559786,6.824218955725731,2.8509982618654592,3.0904918067830063,41.37353433835846,43.812709030100336,-0.0731208324432373,-0.25012505054473877,9.916822329946646e-06,15.0,1.220703125e-08
741,76.20154088466012,79.24264041556164,0.0015453476580858255,0.0015508265337318083,243.24205433703347,243.20421669235995,2.9069741646848133,3.104375353624988,7.21149509995427,6.848682912297074,2.9069741646848133,3.104375353624988,41.37353433835846,43.812709030100336,-0.10997569561004639,-0.25230610370635986,9.918455914179934e-06,15.0,1.220703125e-08
742,75.14863314221253,78.52552412664612,0.001547404596897176,0.001548791368473259,243.24489017147914,243.20667095886026,2.8562653384216667,3.069323534152181,7.195986717390255,6.842266787653384,2.8562653384216667,3.069323534152181,41.37353433835846,43.812709030100336,-0.07311880588531494,-0.23932898044586182,9.92005767420598e-06,15.0,1.220703125e-08
743,75.68228042065797,79.12143536315713,0.0015485890672216115,0.001549117771727983,243.24696337318102,243.20912119377417,2.889038188573304,3.096382221649323,7.1472523240388135,6.86415842305059,2.889038188573304,3.096382221649323,41.37353433835846,43.812709030100336,-0.09211122989654541,-0.24872982501983643,9.921628219925747e-06,15.0,1.220703125e-08
744,75.86506637496565,78.62111306589183,0.001549592255294897,0.0015454634515581073,243.2495414184366,243.21153182728236,2.9001057211877512,3.0736881075894154,7.131818794525249,6.845610154512335,2.9001057211877512,3.0736881075894154,41.37353433835846,43.812709030100336,-0.10912048816680908,-0.2385319471359253,9.923168149943733e-06,15.0,1.220703125e-08
745,75.98906535239675,78.67274031112824,0.0015482467911603988,0.0015450251385270553,243.25200495887643,243.21393184598074,2.8979679475876954,3.076071598059358,7.198531304971257,6.8471971307709865,2.8979679475876954,3.076071598059358,41.37353433835846,43.812709030100336,-0.10624241828918457,-0.2336883544921875,9.92467805176185e-06,15.0,1.220703125e-08
746,75.38903945334992,78.8295275072589,0.0015471137791382183,0.0015482720377758444,243.25459000732832,243.2169136379076,2.866976576634188,3.0830846989035208,7.206460035825694,6.853782220030309,2.866976576634188,3.0830846989035208,41.37353433835846,43.812709030100336,-0.09369337558746338,-0.24098360538482666,9.926158501970625e-06,15.0,1.220703125e-08
747,74.83870648459174,78.68399757206639,0.001548156240905075,0.0015441099786040774,243.25740209736017,243.21940975125418,2.8443271398943675,3.076744832322749,7.1675139048590735,6.84632181403629,2.8443271398943675,3.076744832322749,41.37353433835846,43.812709030100336,-0.09127628803253174,-0.23136889934539795,9.927610066437644e-06,15.0,1.220703125e-08
748,75.86469993399615,78.85143963868003,0.0015456106348378175,0.0015467948846388173,243.2597632480027,243.22174449907897,2.891206811221201,3.085917019923794,7.202894166086986,6.8398991587967375,2.891206811221201,3.085917019923794,41.37353433835846,43.812709030100336,-0.1235189437866211,-0.24168694019317627,9.929033300493355e-06,15.0,1.220703125e-08
749,75.02108556341686,78.52137434841399,0.0015466371822206793,0.001545768865792199,243.2620185072498,243.22413997586355,2.86115741609928,3.067722485615657,7.10583531557016,6.853437653353382,2.86115741609928,3.067722485615657,41.37353433835846,43.812709030100336,-0.08098936080932617,-0.23592925071716309,9.930428749114157e-06,15.0,1.220703125e-08
750,75.59576952756949,78.8556491252172,0.0015467810350933567,0.0015487933296236805,243.2650748401431,243.22748415127248,2.8742052430483565,3.0833993556108763,7.231325310878018,6.861708003143004,2.8742052430483565,3.0833993556108763,41.37353433835846,43.812709030100336,-0.09388613700866699,-0.24587690830230713,9.93179694710284e-06,15.0,1.220703125e-08
751,76.17026495494235,84.60549669042479,0.0016566780477706062,0.0017813454104905143,251.27974983355907,263.21877714941735,2.9051210464943993,3.337802964309386,7.212878835860209,7.12447153046777,2.9051210464943993,3.337802964309386,41.37353433835846,43.812709030100336,-0.09837663173675537,-0.5014535188674927,1e-05,15.0,0.0001
752,76.2227824992271,84.10167752779446,0.0018929836766909765,0.002006086502940609,272.1591964031584,282.1494652993703,2.888572663717733,3.296647618048167,7.364298997811936,7.25031230122748,2.888572663717733,3.296647618048167,41.37353433835846,43.812709030100336,-0.1091914176940918,-0.45896995067596436,1e-05,15.0,0.0001
753,77.65869985353608,87.1868575998772,0.00205949581363917,0.0021677196024290995,287.83055720497015,296.9445059785875,2.9391914384448947,3.443938785572116,7.532321226257375,7.304703235626221,2.9391914384448947,3.443938785572116,41.37353433835846,43.812709030100336,-0.1326683759689331,-0.5856270790100098,1e-05,15.0,0.0001
754,75.86340352478538,85.44105289931281,0.0022913604207224583,0.0024196699006252464,305.1478129886902,315.3832222928969,2.852855674385825,3.346158842577982,7.5029642697754415,7.386531770827379,2.852855674385825,3.346158842577982,41.37353433835846,43.812709030100336,-0.10176956653594971,-0.504125714302063,1e-05,15.0,0.0001
755,77.06198899670062,85.42176558580685,0.0024714881895106892,0.002527589905838853,320.5214697551887,327.4284490374817,2.9018187303239578,3.3513036555669777,7.589192300186285,7.336746271637371,2.9018187303239578,3.3513036555669777,41.37353433835846,43.812709030100336,-0.11255526542663574,-0.5053406953811646,1e-05,15.0,0.0001
756,77.487636368079,83.2826384477392,0.0025394655630722567,0.002548679830132669,331.54554715308313,336.2669476665382,2.9083590379711772,3.233674566083927,7.706539810602389,7.421926445785574,2.9083590379711772,3.233674566083927,41.37353433835846,43.812709030100336,-0.12310278415679932,-0.4028453826904297,1e-05,15.0,0.0001
757,76.99772720720301,83.28932468069836,0.002507275932154913,0.002444584869521119,338.2319240346426,340.15069957720397,2.8781592059175374,3.25234575415136,7.752406210555902,7.276046992145653,2.8781592059175374,3.25234575415136,41.37353433835846,43.812709030100336,-0.09747254848480225,-0.4185119867324829,1e-05,15.0,0.0001
758,76.98216188772639,80.84660038262307,0.002420851594177223,0.002416486060714044,342.9832365460931,347.358594811481,2.869508303589557,3.1237677379595397,7.816058698012002,7.327776109893186,2.869508303589557,3.1237677379595397,41.37353433835846,43.812709030100336,-0.09888207912445068,-0.29637062549591064,1e-05,15.0,0.0001
759,77.42922403664645,82.77491857216111,0.0024320909931282303,0.0024712895476150273,349.7297627562454,353.3095088690818,2.890546659329029,3.1993765001711636,7.826461092311534,7.493772972387614,2.890546659329029,3.1993765001711636,41.37353433835846,43.812709030100336,-0.10595500469207764,-0.3696383237838745,1e-05,15.0,0.0001
760,77.98317093585604,85.51580920267264,0.0024948439949271668,0.002510013529115098,356.35239030847595,359.9846994661567,2.9076200909350987,3.3331304840419604,7.910923788495599,7.519760064855467,2.9076200909350987,3.3331304840419604,41.37353433835846,43.812709030100336,-0.10873103141784668,-0.4920005798339844,1e-05,15.0,0.0001
761,77.07034153514971,86.20169128622099,0.0025521725431003513,0.002589669193057063,362.7310512421319,365.1994753426134,2.8571106620769404,3.349645797225544,7.949383348276467,7.661331232574871,2.8571106620769404,3.349645797225544,41.37353433835846,43.812709030100336,-0.0929872989654541,-0.5069973468780518,1e-05,15.0,0.0001
762,77.81940065316819,85.17992309264116,0.00261671186137751,0.002664528930416474,367.2380292371689,371.4819235913331,2.8910902904306024,3.293901705821621,7.976635426532483,7.697953369306481,2.8910902904306024,3.293901705821621,41.37353433835846,43.812709030100336,-0.10184311866760254,-0.4579271078109741,1e-05,15.0,0.0001
763,77.95844804262197,82.84636103907556,0.002710519281685527,0.0027538969042869813,374.25256986634014,377.7734962897157,2.8940078848770114,3.1758233847028037,8.008135533612377,7.708415128714265,2.8940078848770114,3.1758233847028037,41.37353433835846,43.812709030100336,-0.10742032527923584,-0.3456155061721802,1e-05,15.0,0.0001
764,77.42913509094136,82.84730210830536,0.002729809907353928,0.0027292261739576044,378.47830491569175,379.91922793181044,2.8642678456490165,3.1873175986235758,8.034158693885484,7.6170268202306435,2.8642678456490165,3.1873175986235758,41.37353433835846,43.812709030100336,-0.0954662561416626,-0.357854962348938,1e-05,15.0,0.0001
765,78.74518697665165,82.08933765832397,0.0027773574102276832,0.0028183824198949694,383.13229242321637,387.11792053426785,2.9247155584881654,3.142497857677498,8.076598696173535,7.671656150881662,2.9247155584881654,3.142497857677498,41.37353433835846,43.812709030100336,-0.15022313594818115,-0.31316184997558594,1e-05,15.0,0.0001
766,78.4166074973255,82.7868426013551,0.0028249656159892505,0.0028162812821903456,388.586672222195,389.3426633088485,2.9050470121342133,3.1812404262580998,8.102112025671468,7.640725644535843,2.9050470121342133,3.1812404262580998,41.37353433835846,43.812709030100336,-0.09815609455108643,-0.350907564163208,1e-05,15.0,0.0001
767,77.63634117803781,81.51914605488346,0.0027965978384673147,0.0027913719269269483,389.6725292621146,390.89790002318927,2.8685835518030265,3.1211768974827283,8.081936069469355,7.61435079096153,2.8685835518030265,3.1211768974827283,41.37353433835846,43.812709030100336,-0.11178278923034668,-0.292128324508667,1e-05,15.0,0.0001
768,78.53367814107158,82.1500796825192,0.0028359121721007016,0.0028462903231482044,393.7068545343089,396.3570081015494,2.912479371082044,3.16612780612448,8.089373631693011,7.506652943665367,2.912479371082044,3.16612780612448,41.37353433835846,43.812709030100336,-0.1113278865814209,-0.3390611410140991,1e-05,15.0,0.0001
769,77.51362580470304,81.17216588661424,0.0027964384422966685,0.0028136435399349017,395.57349317796667,396.8732614166362,2.8472256093368657,3.1150569421391823,8.203691460179723,7.524315259927093,2.8472256093368657,3.1150569421391823,41.37353433835846,43.812709030100336,-0.0973353385925293,-0.2830597162246704,1e-05,15.0,0.0001
770,77.94079707415659,81.81771893963766,0.0028437096192665285,0.0028441792570465686,397.4575283235841,397.809809553982,2.8706051620406723,3.144859901638733,8.187137517497767,7.543862955227345,2.8706051620406723,3.144859901638733,41.37353433835846,43.812709030100336,-0.0964503288269043,-0.31445276737213135,1e-05,15.0,0.0001
771,77.83923416521083,81.84529782298416,0.0028518749575693805,0.002890588852723307,399.53480486334666,402.2278101484114,2.862732164424468,3.130828378192557,8.209423347134486,7.6667587972404965,2.862732164424468,3.130828378192557,41.37353433835846,43.812709030100336,-0.08220911026000977,-0.302712082862854,1e-05,15.0,0.0001
772,77.75556898516426,81.3050579976876,0.0028490652915221363,0.0028148091096044784,401.8765118213954,402.12791335702343,2.856201343600275,3.108703896353476,8.228216463596977,7.6282649757870065,2.856201343600275,3.108703896353476,41.37353433835846,43.812709030100336,-0.07964229583740234,-0.2763690948486328,1e-05,15.0,0.0001
773,78.52744769890305,82.11799575652566,0.002832546134415384,0.0028754553109731364,403.56172044712497,407.1582614043883,2.899195971001732,3.123324326448217,8.193136413293068,7.8359714973730386,2.899195971001732,3.123324326448217,41.37353433835846,43.812709030100336,-0.09291732311248779,-0.29365432262420654,1e-05,15.0,0.0001
774,77.63587453257499,83.03401561724303,0.0029213040933743044,0.0029654964441776176,410.1679622579859,413.606629540689,2.863608045593977,3.1742620189054356,8.120474372876549,7.7941322039601,2.863608045593977,3.1742620189054356,41.37353433835846,43.812709030100336,-0.08133649826049805,-0.34495043754577637,1e-05,15.0,0.0001
775,78.61456426623678,82.07764626187226,0.0029662825261559367,0.0028977467340532454,414.29406175980813,412.14925984156173,2.8837703292693324,3.1262952037479566,8.350275980567613,7.795865652154521,2.8837703292693324,3.1262952037479566,41.37353433835846,43.812709030100336,-0.10049760341644287,-0.29678475856781006,1e-05,15.0,0.0001
776,78.65514194865523,82.241932591467,0.002879178578929486,0.0028852372396002248,411.605131983158,412.3168108375575,2.898586310733303,3.1462322349931084,8.248686290466207,7.702183573541035,2.898586310733303,3.1462322349931084,41.37353433835846,43.812709030100336,-0.0884019136428833,-0.3163599967956543,1e-05,15.0,0.0001
777,78.74693143068247,82.04731702007179,0.0029019871843632443,0.002915622254547018,414.9380297381275,417.7637037194294,2.89137274136695,3.127365670475274,8.342914188327502,7.775005908315397,2.89137274136695,3.127365670475274,41.37353433835846,43.812709030100336,-0.096732497215271,-0.29997479915618896,1e-05,15.0,0.0001
778,77.86278022753334,82.12750892256415,0.002929501237435082,0.002917117455563069,419.35805042464926,420.64692876809414,2.8573006317643466,3.1227176460534034,8.261593690868997,7.844242064051803,2.8573006317643466,3.1227176460534034,41.37353433835846,43.812709030100336,-0.07306563854217529,-0.29120945930480957,1e-05,15.0,0.0001
779,78.09994224407765,82.7191923517846,0.0029478282063194806,0.0029834013379312877,422.3845438230377,425.02632595304664,2.8604861995083604,3.144865880443101,8.330815692243464,7.903181533749685,2.8604861995083604,3.144865880443101,41.37353433835846,43.812709030100336,-0.07670366764068604,-0.31662094593048096,1e-05,15.0,0.0001
780,78.12435488804701,83.049514438795,0.003036393423625572,0.003125836671700695,427.81523865870696,432.09158835522703,2.861296716846613,3.15321412373546,8.33336566720576,7.967357088490872,2.861296716846613,3.15321412373546,41.37353433835846,43.812709030100336,-0.0875699520111084,-0.32448744773864746,1e-05,15.0,0.0001
781,77.24065727604494,82.43777455613764,0.0031192985740045656,0.0030699944984865528,433.4628730914501,433.7475905402448,2.822446869446005,3.121373269071547,8.289999867603807,7.977829732225093,2.822446869446005,3.121373269071547,41.37353433835846,43.812709030100336,-0.062204957008361816,-0.2912365198135376,1e-05,15.0,0.0001
782,79.07576059057085,83.36042377382617,0.0030497719769302127,0.0030930221188240326,434.17590061104676,435.96859230883547,2.9059889683971054,3.169120204089876,8.356257690257163,7.964719097749844,2.9059889683971054,3.169120204089876,41.37353433835846,43.812709030100336,-0.10801196098327637,-0.33931124210357666,1e-05,15.0,0.0001
783,78.93795789146743,83.7063081671163,0.003131772500698391,0.003212802956210929,438.4800465646102,443.01089753115855,2.8978813097904275,3.1630882746399847,8.365324283964071,8.15034275150618,2.8978813097904275,3.1630882746399847,41.37353433835846,43.812709030100336,-0.09824907779693604,-0.3349621295928955,1e-05,15.0,0.0001
784,79.21728842781616,82.69731109517075,0.0032361947757408795,0.0032370961060978,444.8861961173053,446.2507690633818,2.9030923360156855,3.1204698484478186,8.434507825266776,8.087482146196143,2.9030923360156855,3.1204698484478186,41.37353433835846,43.812709030100336,-0.08390510082244873,-0.2903386354446411,1e-05,15.0,5e-05
785,78.41063876767055,82.26540849360335,0.003215134568930521,0.003192257264591629,446.19609174616573,446.3655787439251,2.8735311925910425,3.104770321511106,8.348500336434574,8.040677919036968,2.8735311925910425,3.104770321511106,41.37353433835846,43.812709030100336,-0.08624875545501709,-0.27436184883117676,1e-05,15.0,5e-05
786,78.9932149251302,83.35260065901639,0.003197749318099476,0.0032379356022911726,447.48171214961525,449.4789398091294,2.8975930229902667,3.154714210376293,8.389169657050665,8.075624095955023,2.8975930229902667,3.154714210376293,41.37353433835846,43.812709030100336,-0.11316514015197754,-0.32713890075683594,1e-05,15.0,5e-05
787,78.09675019230674,82.99253521156949,0.0032396090195094623,0.003196871239866401,449.81203206380206,448.8305567100295,2.8469485417882003,3.1339926217312,8.435395365384355,8.09770240273364,2.8469485417882003,3.1339926217312,41.37353433835846,43.812709030100336,-0.08792054653167725,-0.30595922470092773,1e-05,15.0,5e-05
788,78.86401373577277,82.23995964024776,0.003180566861979052,0.003163583215363448,448.3200056373174,448.031268984179,2.8876363264655747,3.100131446302535,8.41727700544961,8.067831087271903,2.8876363264655747,3.100131446302535,41.37353433835846,43.812709030100336,-0.0949397087097168,-0.2705240249633789,1e-05,15.0,5e-05
789,78.27704676591371,83.08980085698259,0.0031798785880763378,0.0031950202549381,449.2583822636948,450.6010116526116,2.853957056000804,3.1346891723747636,8.451926910298154,8.131045727426791,2.853957056000804,3.1346891723747636,41.37353433835846,43.812709030100336,-0.07120978832244873,-0.3046320676803589,1e-05,15.0,5e-05
790,78.81276341219444,83.60847294529944,0.003210018390876988,0.003226407823062511,452.44402074254737,454.36233990009015,2.874952715645284,3.1637489436860866,8.497993785532275,8.105768586480897,2.874952715645284,3.1637489436860866,41.37353433835846,43.812709030100336,-0.07901334762573242,-0.33530259132385254,1e-05,15.0,5e-05
791,78.8028789884481,83.00391005193909,0.0032395770405910574,0.0032424673353972843,455.2195064985572,455.74048974282766,2.8757935009609716,3.129577720444338,8.487066199432066,8.13717980368879,2.8757935009609716,3.129577720444338,41.37353433835846,43.812709030100336,-0.09982705116271973,-0.3022425174713135,1e-05,15.0,5e-05
792,78.78792895344235,82.51754301447534,0.003227856113548879,0.0031896289959736793,455.22872873686464,453.5384627632473,2.877789853206232,3.110929749881145,8.465209500074787,8.092247800284804,2.877789853206232,3.110929749881145,41.37353433835846,43.812709030100336,-0.09607768058776855,-0.28023195266723633,1e-05,15.0,5e-05
793,78.86028481488252,82.37919626905767,0.0031725272814738543,0.003192089966040441,452.8810423782323,453.7133487969338,2.8854505636384538,3.0996157166152494,8.433317717994678,8.127400884660192,2.8854505636384538,3.0996157166152494,41.37353433835846,43.812709030100336,-0.10393095016479492,-0.27102720737457275,1e-05,15.0,5e-05
794,78.88590892235837,82.40351505343332,0.003186562589964076,0.0031568222549933954,454.1693625905406,453.9745875329876,2.881058689337879,3.1050728738905993,8.47858477038155,8.09375304123231,2.881058689337879,3.1050728738905993,41.37353433835846,43.812709030100336,-0.09391403198242188,-0.273922324180603,1e-05,15.0,5e-05
795,79.00801197607913,82.88568327020243,0.0031872642709338535,0.003233084719889738,455.83763390929255,458.8183722352503,2.8905310922331946,3.120817794448955,8.451634194583349,8.1600312979325,2.8905310922331946,3.120817794448955,41.37353433835846,43.812709030100336,-0.09543347358703613,-0.2945188283920288,1e-05,15.0,5e-05
796,78.51539149196503,83.09615211104071,0.0032628471705706875,0.0032630192441398583,460.35987278923915,461.53874048341476,2.869682255701803,3.1302459758260976,8.420754188269227,8.168542979951686,2.869682255701803,3.1302459758260976,41.37353433835846,43.812709030100336,-0.08341765403747559,-0.30394935607910156,1e-05,15.0,5e-05
797,78.83700489957927,83.37904551834566,0.0032617149841807896,0.0032708663267572487,462.2092321450187,463.0881585468815,2.8728459344637054,3.1446297607294293,8.524091878728052,8.16656206921989,2.8728459344637054,3.1446297607294293,41.37353433835846,43.812709030100336,-0.08622467517852783,-0.3160809278488159,1e-05,15.0,5e-05
798,78.26819990148496,82.8736229835944,0.0032699631996627528,0.0032588241389799977,463.50531348351456,463.50906729299487,2.846233671434361,3.1203210640910477,8.509396578598661,8.158955009485966,2.846233671434361,3.1203210640910477,41.37353433835846,43.812709030100336,-0.07570922374725342,-0.2902514934539795,1e-05,15.0,5e-05
799,79.43674636406315,81.76700142952909,0.0032260369730199153,0.003180795601478787,462.70180042464926,461.52567324431044,2.907586267445754,3.0698405579978405,8.486349195291849,8.120783335389103,2.907586267445754,3.0698405579978405,41.37353433835846,43.812709030100336,-0.11572742462158203,-0.23352205753326416,1e-05,15.0,5e-05
800,79.28183325890521,82.3467206667897,0.003170855155361308,0.0031815683297862773,462.1551985493058,463.0893158673443,2.892186180830401,3.102059032606042,8.548028528989859,8.094910364884596,2.892186180830401,3.102059032606042,41.37353433835846,43.812709030100336,-0.09648525714874268,-0.2726724147796631,1e-05,15.0,5e-05
801,78.71241016483786,82.22509484944933,0.0031854806146529853,0.0031817210542293495,464.02829567351733,464.32270777265364,2.8823956624547042,3.0889143250060322,8.398459917736213,8.15141222548724,2.8823956624547042,3.0889143250060322,41.37353433835846,43.812709030100336,-0.10717511177062988,-0.25846636295318604,1e-05,15.0,5e-05
802,77.99556213327789,82.69549415103567,0.003176923708247654,0.0031549202404405462,464.0740847180237,463.6918520720109,2.8258630730199257,3.1152030496692977,8.564048903671342,8.129478910694951,2.8258630730199257,3.1152030496692977,41.37353433835846,43.812709030100336,-0.06462502479553223,-0.2864617109298706,1e-05,15.0,5e-05
803,78.72138839031584,82.53516893163572,0.003170537295512593,0.0031872692597363405,465.12091396721564,466.8367685171274,2.8766175075192346,3.1052194686238983,8.448390322514316,8.144945763425286,2.8766175075192346,3.1052194686238983,41.37353433835846,43.812709030100336,-0.09293150901794434,-0.2762584686279297,1e-05,15.0,5e-05
804,79.1547679038503,82.2744550417897,0.003189497067666358,0.0031578496128108887,467.0791586615532,465.96047381653034,2.887017295588201,3.0827238735147944,8.538383531810052,8.220863573527255,2.887017295588201,3.0827238735147944,41.37353433835846,43.812709030100336,-0.09633708000183105,-0.24987685680389404,1e-05,15.0,5e-05
805,79.0293808111194,82.62993734098198,0.0031492526430817605,0.0031073856935291285,465.7405504389624,464.06764522284567,2.8849453339025604,3.1093439944213053,8.505132416384903,8.150508075254816,2.8849453339025604,3.1093439944213053,41.37353433835846,43.812709030100336,-0.08656668663024902,-0.2817009687423706,1e-05,15.0,5e-05
806,79.06409547636457,84.56939835054021,0.003104232768395563,0.0031462560367325077,463.97749888357805,465.198014683548,2.878895692489854,3.194960234555911,8.567783269450892,8.241045892836658,2.878895692489854,3.194960234555911,41.37353433835846,43.812709030100336,-0.10582733154296875,-0.3636918067932129,1e-05,15.0,5e-05
807,79.30422804942683,83.79493134157315,0.0031643346649355922,0.003151041591838999,466.4026581781793,466.47883049700175,2.891977951953958,3.1521710424518905,8.55868727238334,8.273530189807598,2.891977951953958,3.1521710424518905,41.37353433835846,43.812709030100336,-0.09704601764678955,-0.32536470890045166,1e-05,15.0,5e-05
808,79.04000471105527,83.18309123061573,0.003150215551843695,0.0031647985282487992,466.67885222826374,467.6415513462845,2.8869650379896563,3.1281141772318044,8.493213698292896,8.221132828639103,2.8869650379896563,3.1281141772318044,41.37353433835846,43.812709030100336,-0.0924144983291626,-0.3004359006881714,1e-05,15.0,5e-05
809,78.86903866970759,82.9294115659784,0.003157295874777052,0.0031581087805716986,468.2066492435321,468.62749468442985,2.8621096243610733,3.1185701236278316,8.623607747319156,8.19606474171514,2.8621096243610733,3.1185701236278316,41.37353433835846,43.812709030100336,-0.07589900493621826,-0.2919071912765503,1e-05,15.0,5e-05
810,79.3394382035912,82.83863529473244,0.003170090168636523,0.003143918504284377,469.3939473776761,469.21465196896554,2.893928592129169,3.110659450192914,8.557107819983708,8.223150269243629,2.893928592129169,3.110659450192914,41.37353433835846,43.812709030100336,-0.10770344734191895,-0.2832261323928833,1e-05,15.0,5e-05
811,79.04341197053792,82.97147428072415,0.0031470610425531416,0.0031502683083199736,469.7898631647005,470.4175172123223,2.8789814960217757,3.1219380731168003,8.558457507160641,8.186003137990383,2.8789814960217757,3.1219380731168003,41.37353433835846,43.812709030100336,-0.09628689289093018,-0.2935457229614258,1e-05,15.0,2.5e-05
812,79.44970473093004,83.2328039826358,0.0031423420790376976,0.003125416255091943,470.2277174650924,469.4953753110956,2.9099953993281327,3.1280115009550267,8.472898682158197,8.242147571665786,2.9099953993281327,3.1280115009550267,41.37353433835846,43.812709030100336,-0.1119375228881836,-0.3003995418548584,1e-05,15.0,2.5e-05
813,79.3773294062271,83.23340780200766,0.0031252816343645706,0.0031179270261655683,469.6937850364289,469.77265394332017,2.889839542970386,3.1276758402885005,8.605334168502834,8.245133382420875,2.889839542970386,3.1276758402885005,41.37353433835846,43.812709030100336,-0.10474026203155518,-0.3011742830276489,1e-05,15.0,2.5e-05
814,78.32546126782594,83.98033619245956,0.0031292020890025586,0.0031320591929079,470.4401646395225,470.41009868507,2.8518600751407184,3.166685900959283,8.488388036763048,8.231710086299424,2.8518600751407184,3.166685900959283,41.37353433835846,43.812709030100336,-0.07541358470916748,-0.33904218673706055,1e-05,15.0,2.5e-05
815,78.38063304907513,83.35600354759191,0.0031229330513819777,0.0030954731083210297,470.1135331605946,469.18520597630123,2.853582041946488,3.139045047919487,8.496733655881641,8.2033999739682,2.853582041946488,3.139045047919487,41.37353433835846,43.812709030100336,-0.07724153995513916,-0.31197500228881836,1e-05,15.0,2.5e-05
816,78.36430657928314,83.62015569170183,0.00309099631705376,0.0030851913008676925,469.11795703370365,468.75002735354826,2.846714026564529,3.152429095877453,8.54540645976362,8.2020728899085,2.846714026564529,3.152429095877453,41.37353433835846,43.812709030100336,-0.06720244884490967,-0.3235410451889038,1e-05,15.0,2.5e-05
817,78.08795222245668,83.15802532693614,0.0030923756085167726,0.0031087468643003083,469.1622180523385,470.0021603179217,2.838586361963346,3.12757784546817,8.499874989591053,8.215837641304551,2.838586361963346,3.12757784546817,41.37353433835846,43.812709030100336,-0.07179176807403564,-0.3002396821975708,1e-05,15.0,2.5e-05
818,78.37783294626617,83.06360322575904,0.0031101438384565526,0.0031067233495289666,470.42193577956516,470.792935272523,2.849477347017732,3.1208791948082455,8.528551255039234,8.231671564555088,2.849477347017732,3.1208791948082455,41.37353433835846,43.812709030100336,-0.08322906494140625,-0.295404314994812,1e-05,15.0,2.5e-05
819,79.45812144830599,82.95345405910327,0.0031082358549019847,0.0031048164089338037,471.1323383273791,471.18335706015495,2.9052385073810365,3.1188250233895802,8.514589766561485,8.204058699783275,2.9052385073810365,3.1188250233895802,41.37353433835846,43.812709030100336,-0.10341048240661621,-0.2920128107070923,1e-05,15.0,2.5e-05
820,77.8497773878139,82.95680425637542,0.003100202879455047,0.0030901249713049484,471.21671380789036,471.1139355917838,2.817874955971237,3.117368301021614,8.570224916914999,8.217169752089076,2.817874955971237,3.117368301021614,41.37353433835846,43.812709030100336,-0.05272376537322998,-0.2892794609069824,1e-05,15.0,2.5e-05
821,79.09180300918656,82.81899105824755,0.0030822842900596024,0.0030690254846020885,471.3330886304079,471.25927479211305,2.878153871651271,3.1068857354065247,8.58494662359931,8.24607271334798,2.878153871651271,3.1068857354065247,41.37353433835846,43.812709030100336,-0.10189521312713623,-0.2800006866455078,1e-05,15.0,2.5e-05
822,79.18832228770808,82.89288345387946,0.003069061329635094,0.003066437568104387,471.1473552761365,470.5743876683672,2.89462473244723,3.1163351615535775,8.491893601377605,8.200058342222386,2.89462473244723,3.1163351615535775,41.37353433835846,43.812709030100336,-0.09714305400848389,-0.2909712791442871,1e-05,15.0,1.25e-05
823,78.86786704007505,83.49829979325617,0.0030672384454857814,0.003068601653403462,470.61069057854377,470.6104122914598,2.8897158464594703,3.146255343255391,8.403000077610239,8.202845256065444,2.8897158464594703,3.146255343255391,41.37353433835846,43.812709030100336,-0.11213195323944092,-0.3173043727874756,1e-05,15.0,1.25e-05
824,77.89058004152436,83.44630753635164,0.003074436294854037,0.0030749964046550534,471.0246380625458,471.2555787969991,2.8258092551175475,3.143306095065879,8.523278856197594,8.205587299372441,2.8258092551175475,3.143306095065879,41.37353433835846,43.812709030100336,-0.06092953681945801,-0.3137648105621338,1e-05,15.0,1.25e-05
825,78.80234572316334,83.07311654489574,0.0030798857007487686,0.003071278167801308,471.6045019510803,471.25847684420074,2.8647077522884863,3.127544686148398,8.576750432626287,8.182434820411197,2.8647077522884863,3.127544686148398,41.37353433835846,43.812709030100336,-0.07984328269958496,-0.3008706569671631,1e-05,15.0,1.25e-05
826,78.2515207159659,83.03514382352797,0.0030691288228316773,0.003059911667789803,471.32251278160004,471.14019356922165,2.8410963281315174,3.1240714417652145,8.545398862317978,8.195121001240402,2.8410963281315174,3.1240714417652145,41.37353433835846,43.812709030100336,-0.05923736095428467,-0.2979947328567505,1e-05,15.0,1.25e-05
827,78.33459753806467,83.21540120612818,0.0030545256349415687,0.003053002610777732,471.37506415336776,471.58294095961145,2.8444115452630636,3.131961181410978,8.552225020263263,8.204159554829166,2.8444115452630636,3.131961181410978,41.37353433835846,43.812709030100336,-0.07903766632080078,-0.305911660194397,1e-05,15.0,1.25e-05
828,78.00914536928212,83.64276046497766,0.0030668798418344314,0.0030866774596448325,472.2242077391351,472.99216137123744,2.829417703139722,3.1513576539463823,8.541893281728978,8.219656368561811,2.829417703139722,3.1513576539463823,41.37353433835846,43.812709030100336,-0.06412398815155029,-0.3230724334716797,1e-05,15.0,1.25e-05
829,78.92573034903113,82.84509399822325,0.0030902841774250694,0.003078954470309625,473.3853285899713,473.2122817023542,2.880141717904377,3.112453074758268,8.502542616334592,8.211887860377896,2.880141717904377,3.112453074758268,41.37353433835846,43.812709030100336,-0.11056244373321533,-0.285577654838562,1e-05,15.0,1.25e-05
830,78.78130242173596,82.95710575779944,0.0030790505282599573,0.003073778970596882,473.506603809657,473.50166601480845,2.8714529585399022,3.1165757673639916,8.514370670670042,8.223752052090239,2.8714529585399022,3.1165757673639916,41.37353433835846,43.812709030100336,-0.09348368644714355,-0.289644718170166,1e-05,15.0,1.25e-05
831,78.31414480544814,83.01414586708299,0.003079796844853129,0.003081654691383442,473.87986558565945,474.02467667697664,2.8483590392810814,3.124311375378765,8.512251337968324,8.184618712268945,2.8483590392810814,3.124311375378765,41.37353433835846,43.812709030100336,-0.07681536674499512,-0.2984793186187744,1e-05,15.0,1.25e-05
832,78.94608775894446,82.97954296507564,0.003078047066795916,0.0030699717254692497,474.11080958176296,473.98391601154236,2.878038106851242,3.1215674685793977,8.527609428968063,8.192821931679513,2.878038106851242,3.1215674685793977,41.37353433835846,43.812709030100336,-0.10083019733428955,-0.2957717180252075,1e-05,15.0,1.25e-05
833,78.17190400959059,83.12280681699414,0.003069448151814453,0.0030644699622780383,474.10081085767376,473.9569388807418,2.8464781335450495,3.126948333504208,8.470484242367386,8.207122319518124,2.8464781335450495,3.126948333504208,41.37353433835846,43.812709030100336,-0.08474791049957275,-0.29887843132019043,1e-05,15.0,6.25e-06
834,78.59994619296025,83.03451142582207,0.0030672125186041073,0.0030664368555958954,474.29411737643295,474.3915632879455,2.865540602698398,3.120910257001386,8.489219004185356,8.220093881804807,2.865540602698398,3.120910257001386,41.37353433835846,43.812709030100336,-0.09060347080230713,-0.294674277305603,1e-05,15.0,6.25e-06
835,79.02210028566907,83.03828001500771,0.0030670519227901445,0.0030646475466485305,474.54311423245787,474.37710367158104,2.8792626610153684,3.122414743621214,8.548304566586237,8.2095794996689,2.8792626610153684,3.122414743621214,41.37353433835846,43.812709030100336,-0.0920109748840332,-0.29341912269592285,1e-05,15.0,6.25e-06
836,78.80263886060348,82.83929662800155,0.003064218134786216,0.003056684775234365,474.52464629257946,474.2636542176722,2.8645184020101526,3.1139371841647554,8.578496655826791,8.197869514541882,2.8645184020101526,3.1139371841647554,41.37353433835846,43.812709030100336,-0.09143555164337158,-0.2880512475967407,1e-05,15.0,6.25e-06
837,79.04512717855636,82.74751873718057,0.003053925604632801,0.0030458342224783126,474.28630814799914,473.9713216418008,2.8967587432669637,3.109876008336759,8.41765163332174,8.193737703023547,2.8967587432669637,3.109876008336759,41.37353433835846,43.812709030100336,-0.11217033863067627,-0.28308022022247314,1e-05,15.0,6.25e-06
838,78.55490183870198,82.79144764265487,0.0030456292571677786,0.003036720325460153,474.01445454608654,473.5614554618912,2.856930465155111,3.112859874266047,8.540255455515492,8.187512059674216,2.856930465155111,3.112859874266047,41.37353433835846,43.812709030100336,-0.08567023277282715,-0.28638124465942383,1e-05,15.0,6.25e-06
839,79.02958860668905,83.1887222085908,0.0030361608028024985,0.0030285500793602554,473.6093179009468,473.36179691174357,2.881266842335712,3.1331316188825014,8.535516665409158,8.18431400694576,2.881266842335712,3.1331316188825014,41.37353433835846,43.812709030100336,-0.10149264335632324,-0.3045600652694702,1e-05,15.0,6.25e-06
840,78.98553577979007,83.16645912502123,0.0030282447122386854,0.003024354820796927,473.56394480540723,473.4846550676735,2.892407830636106,3.1307041828448954,8.428831584489526,8.19486094477982,2.892407830636106,3.1307041828448954,41.37353433835846,43.812709030100336,-0.10453391075134277,-0.30420470237731934,1e-05,15.0,6.25e-06
841,78.35889616284139,83.29345379067105,0.0030265728883769744,0.0030234907816061407,473.66189917687393,473.4881392769192,2.8524066703004056,3.137152893487426,8.498197601069158,8.194076377013854,2.8524066703004056,3.137152893487426,41.37353433835846,43.812709030100336,-0.06793367862701416,-0.3094896078109741,1e-05,15.0,6.25e-06
842,78.87519523326675,83.27876664483826,0.0030255597225161053,0.0030233251307795078,473.64377592716187,473.4872481432248,2.8805506205438967,3.135587122926744,8.479574313714876,8.200729311110583,2.8805506205438967,3.135587122926744,41.37353433835846,43.812709030100336,-0.09221386909484863,-0.3088419437408447,1e-05,15.0,6.25e-06
843,78.40421017849665,83.0958978914497,0.0030231120862796827,0.003017879015669526,473.593487150106,473.2869657688715,2.8573854121331195,3.1261787446446245,8.4765218769885,8.202893038657198,2.8573854121331195,3.1261787446446245,41.37353433835846,43.812709030100336,-0.08297431468963623,-0.3006877899169922,1e-05,15.0,6.25e-06
844,78.25550871678134,83.03187224219077,0.0030205864166775393,0.0030190286531820145,473.4103818347107,473.25237608434367,2.8538044744999564,3.124105046824069,8.445710206151608,8.193863576869902,2.8538044744999564,3.124105046824069,41.37353433835846,43.812709030100336,-0.08136928081512451,-0.2970435619354248,1e-05,15.0,3.125e-06
845,79.8059763181549,83.10649198194012,0.0030220907888963344,0.0030217666325336916,473.483658987074,473.5080594984584,2.9255022994637288,3.12726505624012,8.492301691716639,8.198408235275625,2.9255022994637288,3.12726505624012,41.37353433835846,43.812709030100336,-0.14232265949249268,-0.2988470792770386,1e-05,15.0,3.125e-06
846,78.12443491362248,83.2244183084239,0.003026381846348844,0.003028440043130846,473.8828421996866,474.0109854095357,2.8385670404737717,3.1324619521265444,8.515130683604996,8.203949306322182,2.8385670404737717,3.1324619521265444,41.37353433835846,43.812709030100336,-0.06848728656768799,-0.3045274019241333,1e-05,15.0,3.125e-06
847,79.13443633419784,82.95511537889972,0.0030312402914098808,0.0030279679786114886,474.23873482197774,474.05964043148384,2.8945783702173027,3.1197514294780615,8.471000765635939,8.19791607234789,2.8945783702173027,3.1197514294780615,41.37353433835846,43.812709030100336,-0.10597121715545654,-0.2933734655380249,1e-05,15.0,3.125e-06
848,78.77899931583373,82.96944539762261,0.0030299419918607675,0.0030271224109113316,474.27379430518477,474.2233113062422,2.8761203644463365,3.1221536346103833,8.47650001755911,8.184434992812548,2.8761203644463365,3.1221536346103833,41.37353433835846,43.812709030100336,-0.09260237216949463,-0.29703640937805176,1e-05,15.0,3.125e-06
849,78.50715542638322,83.03072928744415,0.0030299950515074495,0.0030262622200450968,474.44361149006755,474.323981856024,2.8680765081689983,3.125083235195249,8.432112803211563,8.185518674627195,2.8680765081689983,3.125083235195249,41.37353433835846,43.812709030100336,-0.08678674697875977,-0.2955906391143799,1e-05,15.0,3.125e-06
850,78.8762303133506,82.96261915634308,0.00302970790463364,0.003029868117281326,474.55390948067156,474.50564942631036,2.8800413456793805,3.1215446306311567,8.48402468682933,8.186554259679788,2.8800413456793805,3.1215446306311567,41.37353433835846,43.812709030100336,-0.09389388561248779,-0.296223521232605,1e-05,15.0,3.125e-06
851,78.41470270460374,82.8673866297489,0.0030338719691550813,0.003034415875988262,474.78158400645805,474.75439606223216,2.8596534141943084,3.117308139003639,8.46248313689751,8.182315708402806,2.8596534141943084,3.117308139003639,41.37353433835846,43.812709030100336,-0.07370102405548096,-0.2894035577774048,1e-05,15.0,3.125e-06
852,79.19407630805394,83.01705213055563,0.0030365104836191812,0.003035803749864566,474.97793032136593,474.91818921143397,2.902235353412341,3.125870711827358,8.433555609417121,8.173668293649936,2.902235353412341,3.125870711827358,41.37353433835846,43.812709030100336,-0.10225093364715576,-0.29793763160705566,1e-05,15.0,3.125e-06
853,78.1396731276009,82.95347008338341,0.0030393254603111063,0.003037988990046906,475.1747933903731,475.0837876948226,2.8490308305526297,3.1220816553237047,8.437407466434754,8.17853010298815,2.8490308305526297,3.1220816553237047,41.37353433835846,43.812709030100336,-0.08050596714019775,-0.29237544536590576,1e-05,15.0,3.125e-06
854,78.11335764618175,82.74394583303395,0.0030394628097208053,0.0030374880327241976,475.3096658013374,475.2616404657779,2.8405581071748207,3.1106014498898817,8.494661470154423,8.186566273105583,2.8405581071748207,3.1106014498898817,41.37353433835846,43.812709030100336,-0.07030820846557617,-0.2860743999481201,1e-05,15.0,3.125e-06
855,78.38924791345644,82.86050001673874,0.0030391694992699565,0.0030360023917810975,475.4381972525387,475.2696232109963,2.8532884360557826,3.117458686382077,8.503176773812504,8.178341227630309,2.8532884360557826,3.117458686382077,41.37353433835846,43.812709030100336,-0.07710182666778564,-0.2921668291091919,1e-05,15.0,1.5625e-06
856,78.39794723791893,82.83025339694326,0.0030383351859535205,0.003035557434511025,475.45135191337545,475.28152435200667,2.862151028922255,3.1175284377707286,8.435762125842736,8.165687505218097,2.862151028922255,3.1175284377707286,41.37353433835846,43.812709030100336,-0.08354020118713379,-0.29068756103515625,1e-05,15.0,1.5625e-06
857,78.17010864820114,82.84866333007812,0.0030369142583654054,0.0030353008403464603,475.44718393808233,475.2834921744356,2.853123748721789,3.118883613758661,8.416857078846176,8.16221233993071,2.853123748721789,3.118883613758661,41.37353433835846,43.812709030100336,-0.07674825191497803,-0.29175078868865967,1e-05,15.0,1.5625e-06
858,78.35990031640134,82.76858306170307,0.0030377005227690116,0.0030348568548912488,475.4418846654333,475.2690759358996,2.8702264331293663,3.1145668579981876,8.355944930608548,8.164718760295855,2.8702264331293663,3.1145668579981876,41.37353433835846,43.812709030100336,-0.0932161808013916,-0.28830552101135254,1e-05,15.0,1.5625e-06
859,78.64391870035398,82.69792162534785,0.0030362505198205185,0.003033258903142451,475.4252380677803,475.27525834813963,2.8649531528977694,3.1109153490800123,8.511750970453873,8.165678805730813,2.8649531528977694,3.1109153490800123,41.37353433835846,43.812709030100336,-0.06808304786682129,-0.287073016166687,1e-05,15.0,1.5625e-06
860,78.10623184280779,83.01236135425376,0.003035426468992453,0.003033256964184917,475.452369472689,475.2875085530871,2.8519202404884836,3.126983271793378,8.400945058020715,8.162911126446165,2.8519202404884836,3.126983271793378,41.37353433835846,43.812709030100336,-0.07819712162017822,-0.2992147207260132,1e-05,15.0,1.5625e-06
861,77.70495348599688,82.9294284578151,0.0030352288456961286,0.0030340477497158044,475.46369440791193,475.3098224142323,2.831460015857639,3.1218489356662915,8.404117620969737,8.170804870567194,2.831460015857639,3.1218489356662915,41.37353433835846,43.812709030100336,-0.06582188606262207,-0.29483771324157715,1e-05,15.0,1.5625e-06
862,78.76514765804936,82.92866967753024,0.003034656530423979,0.003034181819674263,475.4993350030589,475.3548934068967,2.8854096015693753,3.1241188176898254,8.39660359866655,8.152341027722311,2.8854096015693753,3.1241188176898254,41.37353433835846,43.812709030100336,-0.10086286067962646,-0.29712045192718506,1e-05,15.0,1.5625e-06
863,78.1934567552116,82.80986517966791,0.003034830254844235,0.003031618113670012,475.5378799310681,475.3732470254037,2.8523503887393766,3.117018030638679,8.432398591608658,8.161649251063931,2.8523503887393766,3.117018030638679,41.37353433835846,43.812709030100336,-0.07724881172180176,-0.2927969694137573,1e-05,15.0,1.5625e-06
864,78.56749125980652,82.72170681140096,0.0030330311315106087,0.003029089873457284,475.5497980932495,475.38324403284383,2.874957289528008,3.1149041724444233,8.4011719095048,8.143315860658983,2.874957289528008,3.1149041724444233,41.37353433835846,43.812709030100336,-0.09602940082550049,-0.28778183460235596,1e-05,15.0,1.5625e-06
865,78.71407862524292,82.68634334296287,0.0030296699770287904,0.003025428354615551,475.512126417815,475.30397355197664,2.87429073268245,3.1131732647235575,8.465165571152065,8.143045551402114,2.87429073268245,3.1131732647235575,41.37353433835846,43.812709030100336,-0.09912550449371338,-0.2861597537994385,1e-05,15.0,1.5625e-06
866,78.54621811807655,82.66070696980658,0.0030274724629138234,0.003025124633659836,475.4564578569115,475.26873911982,2.8628427187601724,3.11163861775478,8.489623873277726,8.145073946503095,2.8628427187601724,3.11163861775478,41.37353433835846,43.812709030100336,-0.09185922145843506,-0.2855806350708008,1e-05,15.0,7.8125e-07
867,78.46941824294814,82.67018520393499,0.003026388538377344,0.0030234659528266326,475.4364056611181,475.26099173759536,2.864055974998666,3.112609403986596,8.449205891371173,8.14111094331263,2.864055974998666,3.112609403986596,41.37353433835846,43.812709030100336,-0.0894538164138794,-0.2839076519012451,1e-05,15.0,7.8125e-07
868,77.59424970617246,82.74856365803493,0.003026122109530809,0.003024618293199202,475.43165677835793,475.2835186093946,2.8234719858696713,3.1176570649928474,8.42381339496504,8.132071099552423,2.8234719858696713,3.1176570649928474,41.37353433835846,43.812709030100336,-0.056205153465270996,-0.2891578674316406,1e-05,15.0,7.8125e-07
869,78.48489203524949,82.6573506486057,0.003027040464179575,0.0030254828323139794,475.4565211412695,475.31380551953777,2.8660699107139753,3.1135452822299308,8.439279318255196,8.12847266946748,2.8660699107139753,3.1135452822299308,41.37353433835846,43.812709030100336,-0.07962441444396973,-0.28618323802948,1e-05,15.0,7.8125e-07
870,78.85381880717061,82.60207502180118,0.003027882278386747,0.0030261778855154345,475.5035598729324,475.3564820560723,2.8771366509959924,3.110547950833936,8.498309262433843,8.130337195252894,2.8771366509959924,3.110547950833936,41.37353433835846,43.812709030100336,-0.08553445339202881,-0.28448545932769775,1e-05,15.0,7.8125e-07
871,77.9610463818114,82.8684491824147,0.003028480422260299,0.0030263451817305292,475.53332263940143,475.3792438826035,2.8553167711350587,3.123655038533801,8.315754943157561,8.132027417122321,2.8553167711350587,3.123655038533801,41.37353433835846,43.812709030100336,-0.08998799324035645,-0.29662764072418213,1e-05,15.0,7.8125e-07
872,78.09514499070058,82.72708877512444,0.0030288285575027093,0.003026762321578918,475.57026393768973,475.44282996136207,2.8496903406715073,3.1173244559246562,8.414402094318639,8.12612503747079,2.8496903406715073,3.1173244559246562,41.37353433835846,43.812709030100336,-0.08391308784484863,-0.28847742080688477,1e-05,15.0,7.8125e-07
873,77.31117787832392,82.61087605147856,0.0030290717945451314,0.0030275268821251334,475.6189058390095,475.4700956312709,2.8097600485611602,3.112007830852649,8.420256234493287,8.122166140821069,2.8097600485611602,3.112007830852649,41.37353433835846,43.812709030100336,-0.059035658836364746,-0.28530216217041016,1e-05,15.0,7.8125e-07
874,78.53744766260911,82.60497898880055,0.003028885763640854,0.0030273532379655336,475.6495905737182,475.5063894010308,2.871445594321144,3.1123885215325497,8.417280779412044,8.116763448236778,2.871445594321144,3.1123885215325497,41.37353433835846,43.812709030100336,-0.08103668689727783,-0.2839975357055664,1e-05,15.0,7.8125e-07
875,78.5683618670133,82.50726032576034,0.0030287905811477245,0.003025835460164027,475.66961741487387,475.4938992401429,2.876767931272037,3.1077161680495857,8.387068428186515,8.115065128109526,2.876767931272037,3.1077161680495857,41.37353433835846,43.812709030100336,-0.08986091613769531,-0.2813163995742798,1e-05,15.0,7.8125e-07
876,78.14288661068608,82.57675762878213,0.003028354823973086,0.0030245390279922497,475.65990188573073,475.50324639668037,2.8529771752093906,3.1116724819642645,8.407208010579273,8.111224509401863,2.8529771752093906,3.1116724819642645,41.37353433835846,43.812709030100336,-0.06995582580566406,-0.2838371992111206,1e-05,15.0,7.8125e-07
877,79.10852739599282,82.64058986395897,0.003027824836687951,0.0030262307232762856,475.6753934160549,475.5098512579366,2.899782857703204,3.112891262590287,8.419022139193025,8.126993474354313,2.899782857703204,3.112891262590287,41.37353433835846,43.812709030100336,-0.11220264434814453,-0.2870771884918213,1e-05,15.0,3.90625e-07
878,78.59596602601222,82.69051006406445,0.0030276195358304022,0.003025717914172987,475.67649348017756,475.5106231791519,2.8831336554171054,3.1146103099835756,8.347193979937428,8.133213175579058,2.8831336554171054,3.1146103099835756,41.37353433835846,43.812709030100336,-0.1000673770904541,-0.2866182327270508,1e-05,15.0,3.90625e-07
879,78.3175380968768,82.63148021379044,0.0030272808791741955,0.003025763114465768,475.6772892375288,475.5211123463302,2.863875653875533,3.1146341757630824,8.389888659593847,8.109409600197273,2.863875653875533,3.1146341757630824,41.37353433835846,43.812709030100336,-0.07970190048217773,-0.2866910696029663,1e-05,15.0,3.90625e-07
880,77.99200518686368,82.50510110504253,0.0030283321684204554,0.003025526626278525,475.6939745316753,475.5462679145328,2.8565029594766433,3.1093864393074777,8.318649175378745,8.100843762873009,2.8565029594766433,3.1093864393074777,41.37353433835846,43.812709030100336,-0.07069528102874756,-0.2833460569381714,1e-05,15.0,3.90625e-07
881,78.00526855059805,82.47920272980247,0.003028814332213384,0.0030276492762887058,475.7287290946922,475.5838614881637,2.8446837158458718,3.109048554729857,8.418503635093394,8.09317028243406,2.8446837158458718,3.109048554729857,41.37353433835846,43.812709030100336,-0.07387542724609375,-0.28368914127349854,1e-05,15.0,3.90625e-07
882,77.86769240745149,82.53042939355142,0.0030292438209006934,0.003027150710346956,475.7648232618169,475.61576991256663,2.844162756074813,3.1112423014880024,8.36763816462889,8.09611370571481,2.844162756074813,3.1112423014880024,41.37353433835846,43.812709030100336,-0.06731951236724854,-0.2853444814682007,1e-05,15.0,3.90625e-07
883,77.54217706932694,82.60941258561252,0.003029216894836257,0.003026925757010296,475.7772161589196,475.59674888789453,2.832712019308528,3.115061272745547,8.329037993796906,8.097154886826225,2.832712019308528,3.115061272745547,41.37353433835846,43.812709030100336,-0.07536125183105469,-0.2897413969039917,1e-05,15.0,3.90625e-07
884,77.65291103446104,82.54164133741705,0.003028477726572847,0.0030260999121681405,475.7554274260299,475.57833351977297,2.835138614053902,3.1117917430839412,8.353924749684294,8.096210986874175,2.835138614053902,3.1117917430839412,41.37353433835846,43.812709030100336,-0.09363174438476562,-0.28843021392822266,1e-05,15.0,3.90625e-07
885,78.12311620408767,82.4996216687869,0.003028057578021358,0.0030259308529812156,475.7488613416202,475.59296450407606,2.860121788890717,3.110525147173317,8.3421443622915,8.089538453015994,2.860121788890717,3.110525147173317,41.37353433835846,43.812709030100336,-0.08802402019500732,-0.28429341316223145,1e-05,15.0,3.90625e-07
886,78.07645172170258,82.41720910215857,0.0030283840662539254,0.003025376663097869,475.7707008860219,475.6225101126476,2.850724773391008,3.1088574929380894,8.398653124644728,8.06991752573479,2.850724773391008,3.1088574929380894,41.37353433835846,43.812709030100336,-0.06943261623382568,-0.283125638961792,1e-05,15.0,3.90625e-07
887,77.75418115101468,82.47907724029643,0.0030278729842710536,0.0030254565388039005,475.8001236140828,475.64438264266306,2.8495894676476867,3.110350154315349,8.278831026661935,8.082724896561741,2.8495894676476867,3.110350154315349,41.37353433835846,43.812709030100336,-0.07734501361846924,-0.2854185104370117,1e-05,15.0,3.90625e-07
888,77.8943698697753,82.47123391652187,0.0030282441108570226,0.003026133721669432,475.8109377760384,475.65115305412576,2.85937185662875,3.1099299738638377,8.256644641933729,8.082942798384854,2.85937185662875,3.1099299738638377,41.37353433835846,43.812709030100336,-0.07072615623474121,-0.28328120708465576,1e-05,15.0,1.953125e-07
889,78.46989148266152,82.40169525146484,0.0030275427270680666,0.0030253819247589363,475.8237606796188,475.6612677430628,2.8640359262725217,3.1063439670613775,8.44954570214353,8.08381986618042,2.8640359262725217,3.1063439670613775,41.37353433835846,43.812709030100336,-0.076194167137146,-0.2797664403915405,1e-05,15.0,1.953125e-07
890,78.98715107724495,82.33782757405055,0.0030280274816381573,0.003026543988730995,475.82814989457376,475.66595857039744,2.8984175626956037,3.103244347715856,8.38139183836766,8.083061369765163,2.8984175626956037,3.103244347715856,41.37353433835846,43.812709030100336,-0.10233700275421143,-0.2773449420928955,1e-05,15.0,1.953125e-07
891,78.08791771765729,82.39936514761935,0.0030287966538545125,0.0030263776425272226,475.8333726432455,475.6676152972473,2.8564978388685676,3.1086358266530625,8.357051061825137,8.064544653812778,2.8564978388685676,3.1086358266530625,41.37353433835846,43.812709030100336,-0.07240772247314453,-0.2828483581542969,1e-05,15.0,1.953125e-07
892,77.70286262294955,82.39058682751097,0.0030284945075392373,0.0030266492172801576,475.837331902841,475.67596823395695,2.8401190735387245,3.107418273204944,8.334061277571635,8.070773961950705,2.8401190735387245,3.107418273204944,41.37353433835846,43.812709030100336,-0.07008743286132812,-0.2810952663421631,1e-05,15.0,1.953125e-07
893,78.29279148478804,82.45127506319895,0.0030281322920879027,0.003026284729862542,475.84435350172083,475.68153559962246,2.8828260475267315,3.1115178105025785,8.228380155323737,8.062253534195813,2.8828260475267315,3.1115178105025785,41.37353433835846,43.812709030100336,-0.09753715991973877,-0.285849928855896,1e-05,15.0,1.953125e-07
894,77.75870733724368,82.45598201687918,0.0030290136492843902,0.0030267694708034647,475.85114747116114,475.6847837314159,2.8420967169143445,3.1101891946633127,8.340573275708273,8.07476175269953,2.8420967169143445,3.1101891946633127,41.37353433835846,43.812709030100336,-0.06993997097015381,-0.282973051071167,1e-05,15.0,1.953125e-07
895,77.79900533909374,82.35531799928799,0.003028761473027256,0.003027322278498208,475.84922174552776,475.68267822265625,2.845748011990009,3.106300957625526,8.327484394437704,8.065599494155833,2.845748011990009,3.106300957625526,41.37353433835846,43.812709030100336,-0.0763556957244873,-0.2781848907470703,1e-05,15.0,1.953125e-07
896,78.46575382047362,82.38099251941694,0.0030289215333697385,0.003026332688302948,475.8466525437245,475.6782882843528,2.874963297915818,3.108230490349607,8.360460235046181,8.060439980548361,2.874963297915818,3.108230490349607,41.37353433835846,43.812709030100336,-0.08033168315887451,-0.28133177757263184,1e-05,15.0,1.953125e-07
897,79.01860153734984,82.35597866913147,0.0030286606955786596,0.003026218296038018,475.8471689399962,475.68248256313365,2.9030846838575712,3.1091881236902448,8.356630492250325,8.042773492360196,2.9030846838575712,3.1091881236902448,41.37353433835846,43.812709030100336,-0.1014636754989624,-0.28385281562805176,1e-05,15.0,1.953125e-07
898,77.97000624306837,82.28254901286351,0.0030292094309956235,0.0030268239889941788,475.84989052521723,475.68640197958035,2.8530185570069895,3.106254576839332,8.337716286306206,8.03686748938417,2.8530185570069895,3.106254576839332,41.37353433835846,43.812709030100336,-0.08250510692596436,-0.2797577381134033,1e-05,15.0,1.953125e-07
899,77.73664570972947,82.35223388671875,0.003028807900705604,0.0030267712283244103,475.85190315182683,475.68437046829274,2.8415764907696337,3.109869264041301,8.33591262699172,8.035820868501695,2.8415764907696337,3.109869264041301,41.37353433835846,43.812709030100336,-0.06664502620697021,-0.28458094596862793,1e-05,15.0,9.765625e-08
900,78.15335261921587,82.3579738451087,0.0030289712390071484,0.003028027228948763,475.85235452572107,475.69068740283365,2.868439556965277,3.1099968801772713,8.287688860741492,8.037087421353446,2.868439556965277,3.1099968801772713,41.37353433835846,43.812709030100336,-0.08823537826538086,-0.28088104724884033,1e-05,15.0,9.765625e-08
901,78.36030045705824,82.27221077501176,0.003029225009978691,0.0030263930342680333,475.86139708348054,475.7007929058777,2.8767864280809308,3.104693927095088,8.30369153014779,8.045217895188857,2.8767864280809308,3.104693927095088,41.37353433835846,43.812709030100336,-0.09844136238098145,-0.27908098697662354,1e-05,15.0,9.765625e-08
902,78.05719794140789,82.2109585254886,0.0030283945050227834,0.0030269643375930378,475.87000319386647,475.7098261090027,2.863356451692693,3.1020029109457266,8.289896484196086,8.042240404365055,2.863356451692693,3.1020029109457266,41.37353433835846,43.812709030100336,-0.08232510089874268,-0.2753547430038452,1e-05,15.0,9.765625e-08
903,78.02194394058918,82.27957546272405,0.003029110629292489,0.003026461281679745,475.8811078606738,475.72040693098086,2.8511471808256217,3.1065330218311935,8.373463576363159,8.03345174534265,2.8511471808256217,3.1065330218311935,41.37353433835846,43.812709030100336,-0.07338500022888184,-0.278347373008728,1e-05,15.0,9.765625e-08
904,77.73700376731067,82.30841026178571,0.0030294696919751078,0.0030278936931769983,475.89154507686544,475.73243024436925,2.850324631536027,3.1085925054390695,8.266065286032518,8.028496954353358,2.850324631536027,3.1085925054390695,41.37353433835846,43.812709030100336,-0.08316266536712646,-0.28191566467285156,1e-05,15.0,9.765625e-08
905,78.3511773242024,82.22128397963917,0.0030293888314915714,0.0030270441089535636,475.90262571810877,475.74027775282843,2.8774638515421294,3.106104293395843,8.294621114555117,8.013560537510493,2.8774638515421294,3.106104293395843,41.37353433835846,43.812709030100336,-0.09191310405731201,-0.28037571907043457,1e-05,15.0,9.765625e-08
906,78.44232898501295,82.15958187651873,0.0030297625535347155,0.0030274150042754154,475.91028113181466,475.7473490533223,2.888469779910754,3.10264792250949,8.24303165033235,8.016525823535728,2.888469779910754,3.10264792250949,41.37353433835846,43.812709030100336,-0.09726917743682861,-0.27691805362701416,1e-05,15.0,9.765625e-08
907,77.24051073288399,82.30516156863209,0.003029293671228503,0.003027635641290143,475.9133378480946,475.7487529639815,2.825133532535291,3.1100729468674166,8.268998483117901,8.015357861152062,2.825133532535291,3.1100729468674166,41.37353433835846,43.812709030100336,-0.06934988498687744,-0.28208088874816895,1e-05,15.0,9.765625e-08
908,77.85848758767797,82.208736024174,0.003029580240510716,0.00302743919919491,475.9177420406885,475.75530577184367,2.8523153479973873,3.104292479645847,8.298731749580933,8.023032434010586,2.8523153479973873,3.104292479645847,41.37353433835846,43.812709030100336,-0.06983017921447754,-0.2767249345779419,1e-05,15.0,9.765625e-08
909,77.2801071115874,82.13960329904205,0.003029955049876866,0.003027436339037873,475.92282549220715,475.7588198862746,2.8274990457985267,3.102168009831355,8.265907113476215,8.012374756726931,2.8274990457985267,3.102168009831355,41.37353433835846,43.812709030100336,-0.055278778076171875,-0.27511048316955566,1e-05,15.0,9.765625e-08
910,78.62055841442728,82.23854871258688,0.003029503085427423,0.0030282635800851928,475.92675310962363,475.76287025273047,2.890931645829474,3.107228338917761,8.294630411681618,8.011463299244143,2.890931645829474,3.107228338917761,41.37353433835846,43.812709030100336,-0.09493780136108398,-0.2794821262359619,1e-05,15.0,4.8828125e-08
911,78.32225345886333,82.24953024363438,0.0030292956227938985,0.0030269917765675877,475.9305398963404,475.76509374918345,2.8839466743533135,3.1076022143348005,8.231190044077197,8.012875277860507,2.8839466743533135,3.1076022143348005,41.37353433835846,43.812709030100336,-0.10814595222473145,-0.27887213230133057,1e-05,15.0,4.8828125e-08
912,77.18780520134037,82.11742702216209,0.0030293769294386682,0.0030270578771094516,475.9323653791418,475.7663056746773,2.8248588375909445,3.1034922966590295,8.250112150182677,7.992912865004013,2.8248588375909445,3.1034922966590295,41.37353433835846,43.812709030100336,-0.062459349632263184,-0.2756955623626709,1e-05,15.0,4.8828125e-08
913,77.50440674850489,82.10963432286495,0.003029918926807005,0.003026970092169816,475.93293657414677,475.76726498811144,2.8454692639298176,3.104006299207043,8.21186529731431,7.985685107700004,2.8454692639298176,3.104006299207043,41.37353433835846,43.812709030100336,-0.0613631010055542,-0.2771944999694824,1e-05,15.0,4.8828125e-08
914,77.88161172020176,81.97291210263867,0.003029610095483249,0.003027449725631836,475.9343530089412,475.76829819695206,2.8601442533521797,3.096921172030395,8.2453493696561,7.987673518649711,2.8601442533521797,3.096921172030395,41.37353433835846,43.812709030100336,-0.07937240600585938,-0.269539475440979,1e-05,15.0,4.8828125e-08
915,77.28257265841741,82.0967130884279,0.003029656755212239,0.0030284240393335603,475.933813404997,475.7663186369931,2.8257181864088303,3.1030929112514127,8.281142594227239,7.987811964092446,2.8257181864088303,3.1030929112514127,41.37353433835846,43.812709030100336,-0.07371282577514648,-0.2756013870239258,1e-05,15.0,4.8828125e-08
916,77.82601549797123,82.10688965456143,0.003029681548360779,0.003026816729194544,475.9342060951731,475.76926149093987,2.853483488411959,3.1045343812094086,8.276396631595478,7.980362407339856,2.853483488411959,3.1045343812094086,41.37353433835846,43.812709030100336,-0.09505701065063477,-0.2772216796875,1e-05,15.0,4.8828125e-08
917,77.78230070948001,82.1539119860799,0.0030298861554064094,0.003027633334008547,475.9376440511477,475.77417043220237,2.862408077297498,3.1074404261981363,8.18751298642438,7.975915596237948,2.862408077297498,3.1074404261981363,41.37353433835846,43.812709030100336,-0.08669650554656982,-0.28043031692504883,1e-05,15.0,4.8828125e-08
918,77.87164268301959,82.06619510204098,0.003029616287140366,0.003026921546591265,475.94229943868106,475.7788311502208,2.860392288546666,3.1034099888243403,8.239378318115694,7.973079622389879,2.860392288546666,3.1034099888243403,41.37353433835846,43.812709030100336,-0.08977711200714111,-0.27569580078125,1e-05,15.0,4.8828125e-08
919,77.86830571109127,82.03508283940447,0.0030297532414789727,0.0030275990121240996,475.9468799380202,475.7807842752208,2.8613917204602877,3.1019447886425517,8.230046535856161,7.97235035497608,2.8613917204602877,3.1019447886425517,41.37353433835846,43.812709030100336,-0.0768589973449707,-0.27462828159332275,1e-05,15.0,4.8828125e-08
920,77.9335695455222,82.21553008931137,0.0030299912692769936,0.0030278044294902314,475.9471430946235,475.77990365427075,2.8612415542953977,3.1122706311203565,8.257351559011182,7.961920929592988,2.8612415542953977,3.1122706311203565,41.37353433835846,43.812709030100336,-0.09217250347137451,-0.28381097316741943,1e-05,15.0,4.8828125e-08
921,77.4380765368591,82.14911386241083,0.0030298148682793382,0.0030272607255515246,475.946426263806,475.77941955770535,2.842304773666152,3.110332490608445,8.210649046266898,7.950864241673396,2.842304773666152,3.110332490608445,41.37353433835846,43.812709030100336,-0.07002890110015869,-0.2826141119003296,1e-05,15.0,2.44140625e-08
922,77.74862378246621,82.08002716880976,0.003029431072508345,0.003027340210351258,475.94477765005036,475.7773092518682,2.865364527582523,3.1064939498901367,8.150394374202044,7.953937935589947,2.865364527582523,3.1064939498901367,41.37353433835846,43.812709030100336,-0.07885825634002686,-0.28204286098480225,1e-05,15.0,2.44140625e-08
923,77.94230817989688,82.01925383602895,0.0030298469392379974,0.003028140639275761,475.9432923078936,475.77590105445887,2.8590682579245,3.104206610682816,8.278234732610297,7.947919738731256,2.8590682579245,3.104206610682816,41.37353433835846,43.812709030100336,-0.08482813835144043,-0.2789576053619385,1e-05,15.0,2.44140625e-08
924,78.19680474311663,82.08254907920607,0.0030295148525399528,0.0030276880967103716,475.9414591573591,475.7743010760151,2.8835542413657236,3.106872343299381,8.184147314010952,7.951914493854229,2.8835542413657236,3.106872343299381,41.37353433835846,43.812709030100336,-0.08454000949859619,-0.27885353565216064,1e-05,15.0,2.44140625e-08
925,77.18634355247919,82.06251875453171,0.003029292585855503,0.0030268474168963356,475.94086368119895,475.77425300317464,2.835863070671682,3.105865386018785,8.16149494675935,7.951965869469786,2.835863070671682,3.105865386018785,41.37353433835846,43.812709030100336,-0.07355523109436035,-0.27996671199798584,1e-05,15.0,2.44140625e-08
926,77.6725038307995,81.99534236946234,0.003029197081221483,0.003026792514028906,475.940425291333,475.7735553856279,2.8613311405756963,3.1026214955243776,8.152214903328288,7.951047835142716,2.8613311405756963,3.1026214955243776,41.37353433835846,43.812709030100336,-0.07507574558258057,-0.2800266742706299,1e-05,15.0,2.44140625e-08
927,78.12289978231817,81.99563950758714,0.003029659829980739,0.003025814636227329,475.9392362815052,475.7716153250091,2.8816832146253217,3.1042524715729782,8.169553803838477,7.938125664573848,2.8816832146253217,3.1042524715729782,41.37353433835846,43.812709030100336,-0.09539186954498291,-0.27630460262298584,1e-05,15.0,2.44140625e-08
928,77.65403140529716,81.99002184915702,0.0030293088297904088,0.0030271402057135684,475.9377652013322,475.77106611066836,2.858601080512681,3.105637306353719,8.166665473375687,7.9247908177583115,2.858601080512681,3.105637306353719,41.37353433835846,43.812709030100336,-0.07204210758209229,-0.2761061191558838,1e-05,15.0,2.44140625e-08
929,77.39778520593691,81.9261226335098,0.003029078017402334,0.0030272406180168075,475.9374004728231,475.77063467989,2.841979443727426,3.103268018135658,8.197141663313312,7.918183090694772,2.841979443727426,3.103268018135658,41.37353433835846,43.812709030100336,-0.07925224304199219,-0.27684319019317627,1e-05,15.0,2.44140625e-08
930,77.97016300987359,81.97634846869121,0.0030295434123189056,0.0030275764298877588,475.93767881153815,475.77178557022756,2.858091665073056,3.102943801560928,8.29719163904238,7.940865087668633,2.858091665073056,3.102943801560928,41.37353433835846,43.812709030100336,-0.07505321502685547,-0.2756122350692749,1e-05,15.0,2.44140625e-08
931,77.88106596929144,81.89205820345161,0.0030294245310202614,0.0030269653047357114,475.9387039363484,475.7724132729215,2.8695539821132745,3.1004367424891544,8.169855577063121,7.927210892323267,2.8695539821132745,3.1004367424891544,41.37353433835846,43.812709030100336,-0.08728039264678955,-0.27415168285369873,1e-05,15.0,2.44140625e-08
932,78.08694311042926,81.97968483609101,0.0030290873232180597,0.003027359560991709,475.93894030700375,475.772221491887,2.8746023952861126,3.1056596483275243,8.21182093788032,7.920473353918579,2.8746023952861126,3.1056596483275243,41.37353433835846,43.812709030100336,-0.08199083805084229,-0.2775108814239502,1e-05,15.0,1.220703125e-08
933,77.0013402558651,81.93258478171052,0.003029493018719594,0.0030273915428892526,475.9386944794775,475.77167227754626,2.820308345446435,3.1035510799956563,8.21192952256706,7.9185028522708345,2.820308345446435,3.1035510799956563,41.37353433835846,43.812709030100336,-0.06871390342712402,-0.2761417627334595,1e-05,15.0,1.220703125e-08
934,78.00760692807299,81.93191877894577,0.0030299023002810415,0.003026544412342601,475.9381168435766,475.77138465702734,2.8731053582387953,3.103684946844809,8.192057179845557,7.917171092336393,2.8731053582387953,3.103684946844809,41.37353433835846,43.812709030100336,-0.10453212261199951,-0.27540290355682373,1e-05,15.0,1.220703125e-08
935,78.04241197033343,81.9503221033409,0.0030295147394396402,0.003027934545221237,475.9379782109604,475.7713978234741,2.8857250045891383,3.1059531168794154,8.105025167640928,7.9063784685421945,2.8857250045891383,3.1059531168794154,41.37353433835846,43.812709030100336,-0.10068786144256592,-0.27813994884490967,1e-05,15.0,1.220703125e-08
936,77.67952246482248,81.92604794709578,0.0030298273623538775,0.0030273864182789986,475.938314875566,475.7721693364274,2.8628425430412867,3.1044073096884532,8.14292626005521,7.909038499047525,2.8628425430412867,3.1044073096884532,41.37353433835846,43.812709030100336,-0.07387816905975342,-0.2761244773864746,1e-05,15.0,1.220703125e-08
937,77.79298967013207,81.80953645227744,0.0030288560623287454,0.0030274065912243315,475.93906094600607,475.7724570590118,2.8645916951561294,3.0993019625494713,8.174327875102186,7.903278047823188,2.8645916951561294,3.0993019625494713,41.37353433835846,43.812709030100336,-0.07285869121551514,-0.272602915763855,1e-05,15.0,1.220703125e-08
938,77.97175224981515,81.85638001611001,0.0030291538332219248,0.0030273675037093186,475.93894792361874,475.7721171809678,2.8820117003154913,3.1030018249881706,8.106470272569002,7.892415545855876,2.8820117003154913,3.1030018249881706,41.37353433835846,43.812709030100336,-0.09118735790252686,-0.27416563034057617,1e-05,15.0,1.220703125e-08
939,78.31585320196359,81.86689582237831,0.0030292234593344044,0.0030260881880939906,475.9386710673321,475.77196030632706,2.9032963688050084,3.103325130150071,8.073832388898635,7.89404503398117,2.9032963688050084,3.103325130150071,41.37353433835846,43.812709030100336,-0.10339009761810303,-0.2775481939315796,1e-05,15.0,1.220703125e-08
940,76.77121503309189,81.85212036439009,0.0030293744966119426,0.0030270517939222,475.9386306839373,475.77197337070834,2.829576223539547,3.1033816576801416,8.045737427882413,7.8876758275622105,2.829576223539547,3.1033816576801416,41.37353433835846,43.812709030100336,-0.07174932956695557,-0.2769428491592407,1e-05,15.0,1.220703125e-08
941,77.58202250878415,81.76045265325335,0.003029139371981947,0.003026600410059144,475.93928509940656,475.77354701625865,2.8555148861915423,3.1003466234558004,8.162552427806247,7.875292213465458,2.8555148861915423,3.1003466234558004,41.37353433835846,43.812709030100336,-0.07822978496551514,-0.2722374200820923,1e-05,15.0,1.220703125e-08
942,78.15364368636804,81.74136561773294,0.003029438056647653,0.0030271244230664594,475.9403363456279,475.773712770596,2.8942112986566233,3.100189558239685,8.08162813170671,7.868910492861949,2.8942112986566233,3.100189558239685,41.37353433835846,43.812709030100336,-0.10017573833465576,-0.27361392974853516,1e-05,15.0,1.220703125e-08
943,78.18895910572965,81.62856907669118,0.003029528860598678,0.003027179422492417,475.94025956605947,475.77364734662416,2.8885729013375903,3.095497902420452,8.140860738866094,7.861323962642198,2.8885729013375903,3.095497902420452,41.37353433835846,43.812709030100336,-0.09928333759307861,-0.27196621894836426,1e-05,15.0,1.220703125e-08
944,78.1561386006162,81.52900333468332,0.003029256018964415,0.0030268750357500787,475.9402284350627,475.77351660074595,2.9025824018059865,3.0907037824292645,8.015658256396577,7.859850950464357,2.9025824018059865,3.0907037824292645,41.37353433835846,43.812709030100336,-0.1055152416229248,-0.263261079788208,1e-05,15.0,1.220703125e-08
945,77.25869244906171,81.6933327869428,0.003029272269529339,0.0030272604187445897,475.940130339196,475.77373889935853,2.8459891262565624,3.0999864638848447,8.109426183716536,7.851319305075451,2.8459891262565624,3.0999864638848447,41.37353433835846,43.812709030100336,-0.08657729625701904,-0.2751750946044922,1e-05,15.0,1.220703125e-08
946,77.17779939737751,81.77159072722878,0.0030288974305231068,0.0030267856404633826,475.9403332274164,475.7737651301866,2.8431891612271767,3.1032684375609842,8.099471293502118,7.85637148566868,2.8431891612271767,3.1032684375609842,41.37353433835846,43.812709030100336,-0.07172119617462158,-0.2751729488372803,1e-05,15.0,1.220703125e-08
947,78.06701278047545,81.80601999034052,0.003029369767068868,0.003027780376293737,475.94032014115174,475.77388281168345,2.89041843246575,3.106380441914434,8.077319141209026,7.84523982587068,2.89041843246575,3.106380441914434,41.37353433835846,43.812709030100336,-0.09111952781677246,-0.28012335300445557,1e-05,15.0,1.220703125e-08
948,77.37909693374506,81.82598096152213,0.0030288132842804867,0.0030267559712983194,475.94062173865746,475.77439283288044,2.8561990500694545,3.107122608650488,8.07591185418006,7.8472955681408525,2.8561990500694545,3.107122608650488,41.37353433835846,43.812709030100336,-0.09404873847961426,-0.2798926830291748,1e-05,15.0,1.220703125e-08
949,77.23837701998764,81.78022597705241,0.0030295375217426214,0.003027549623994524,475.94101376429677,475.774615131493,2.846800271390471,3.1051870436971405,8.094808623219654,7.844470499351272,2.846800271390471,3.1051870436971405,41.37353433835846,43.812709030100336,-0.07750701904296875,-0.27866148948669434,1e-05,15.0,1.220703125e-08
950,77.80043225312353,81.72202545982539,0.0030287758285769415,0.0030265940052696992,475.94115510617866,475.7747894593306,2.886647060688217,3.102034143779589,8.000862773339353,7.846421225812523,2.886647060688217,3.102034143779589,41.37353433835846,43.812709030100336,-0.0879906415939331,-0.2742183208465576,1e-05,15.0,1.220703125e-08
951,77.7775545615447,81.61693361212178,0.0030291218819935967,0.0030274017321500293,475.9416204353473,475.7749769536149,2.885430410679062,3.098203735606726,8.001441067387312,7.835021591505478,2.885430410679062,3.098203735606726,41.37353433835846,43.812709030100336,-0.10815823078155518,-0.2719075679779053,1e-05,15.0,1.220703125e-08
952,77.1445571413791,81.60394327935566,0.0030287080108994616,0.0030274139810665,475.941851336353,475.7753301001711,2.845065142441435,3.0981107579425826,8.071168588034471,7.830568925991505,2.845065142441435,3.0981107579425826,41.37353433835846,43.812709030100336,-0.0746229887008667,-0.2710685729980469,1e-05,15.0,1.220703125e-08
953,77.18512484296483,81.62353758030513,0.0030292381725150787,0.0030268310081761917,475.94186759194736,475.77471546185853,2.8506053688138775,3.099183029953054,8.043069194908718,7.829831829836536,2.8506053688138775,3.099183029953054,41.37353433835846,43.812709030100336,-0.0738060474395752,-0.2712726593017578,1e-05,15.0,1.220703125e-08
954,76.61622337200734,81.64792755535215,0.0030292428490180066,0.003026576244730166,475.9407177897953,475.7734774076022,2.8249897529531762,3.099932526266296,8.020433365200432,7.833596020637946,2.8249897529531762,3.099932526266296,41.37353433835846,43.812709030100336,-0.07337307929992676,-0.2733283042907715,1e-05,15.0,1.220703125e-08
955,76.75414555995309,81.60315015403722,0.0030294299949353664,0.0030265634304790894,475.94011224334565,475.7731111966647,2.8347374418472726,3.0981121573559816,7.997619552228918,7.830248150139748,2.8347374418472726,3.0981121573559816,41.37353433835846,43.812709030100336,-0.0613400936126709,-0.2732599973678589,1e-05,15.0,1.220703125e-08
956,77.06584102304737,81.59606469195822,0.0030288066811722325,0.0030270296765684485,475.93952729753914,475.77320274939905,2.8474209300637043,3.098443706697445,8.020834973908748,7.824756958811578,2.8474209300637043,3.098443706697445,41.37353433835846,43.812709030100336,-0.08027243614196777,-0.2719235420227051,1e-05,15.0,1.220703125e-08
957,77.52695348793937,81.65481102984884,0.0030290928421233165,0.0030265599613803684,475.9401045244942,475.77362560667723,2.8664581715761117,3.1044486605602764,8.05297934789354,7.800219983958879,2.8664581715761117,3.1044486605602764,41.37353433835846,43.812709030100336,-0.07715451717376709,-0.27444756031036377,1e-05,15.0,1.220703125e-08
958,77.09460477333772,81.4336404449565,0.003029169513605273,0.0030256018290190294,475.940199859977,475.7738436185397,2.8457938191080014,3.0939032154338415,8.045354238506937,7.796123772560553,2.8457938191080014,3.0939032154338415,41.37353433835846,43.812709030100336,-0.05736804008483887,-0.26785945892333984,1e-05,15.0,1.220703125e-08
959,76.82079293460303,81.51781828507133,0.0030294455193182832,0.0030272343043350057,475.94042161082103,475.7740396863242,2.8276023014106944,3.0968046020903315,8.081358735485493,7.806568869778943,2.8276023014106944,3.0968046020903315,41.37353433835846,43.812709030100336,-0.06840181350708008,-0.26948535442352295,1e-05,15.0,1.220703125e-08
960,77.35409083278535,81.57520595282615,0.0030292356722181665,0.0030272792974941707,475.9409137259376,475.7750164529552,2.864632243087743,3.0997542449861863,7.998440891853729,7.805925884374408,2.864632243087743,3.0997542449861863,41.37353433835846,43.812709030100336,-0.08959090709686279,-0.27018916606903076,1e-05,15.0,1.220703125e-08
961,77.91106970705579,81.44331607372067,0.0030288686718436043,0.0030265608327432122,475.9417930615807,475.7751078015586,2.886106355705453,3.095482467408962,8.04944286474231,7.7873504297390435,2.886106355705453,3.095482467408962,41.37353433835846,43.812709030100336,-0.10472774505615234,-0.26810503005981445,1e-05,15.0,1.220703125e-08
962,77.88031463367456,81.39955179986347,0.0030291149700044885,0.0030260653660187254,475.9417108123626,475.77513393032115,2.8815947421631423,3.093664411717035,8.073230729031204,7.7843947251106185,2.8815947421631423,3.093664411717035,41.37353433835846,43.812709030100336,-0.09627044200897217,-0.26740336418151855,1e-05,15.0,1.220703125e-08
963,76.68199326404974,81.51503365813291,0.0030292074599301746,0.0030261515935627514,475.94190746416,475.7756701823461,2.8365780636293803,3.1004460105130507,7.9540346503457435,7.776333437316793,2.8365780636293803,3.1004460105130507,41.37353433835846,43.812709030100336,-0.060713887214660645,-0.2720189094543457,1e-05,15.0,1.220703125e-08
964,76.71957323339517,81.55369371395047,0.0030287916076305625,0.0030268263484485272,475.94239472304554,475.77581409467103,2.830285413780404,3.1013202994164812,8.019412092627393,7.784798204300794,2.830285413780404,3.1013202994164812,41.37353433835846,43.812709030100336,-0.06620228290557861,-0.27430999279022217,1e-05,15.0,1.220703125e-08
965,77.35774671212712,81.5076054601765,0.0030290051410208694,0.003026340801555377,475.94224903611484,475.7755742407961,2.861080030300709,3.0994260199492594,8.028322369209686,7.781520596316028,2.861080030300709,3.0994260199492594,41.37353433835846,43.812709030100336,-0.06759369373321533,-0.27190709114074707,1e-05,15.0,1.220703125e-08
966,77.37439120754325,81.46434829865012,0.0030293123183500526,0.0030262370019166866,475.94192556001036,475.7749508248524,2.8674202704150074,3.098099155170862,7.984256195662609,7.774833940742008,2.8674202704150074,3.098099155170862,41.37353433835846,43.812709030100336,-0.07626760005950928,-0.2729978561401367,1e-05,15.0,1.220703125e-08
967,76.06255097764621,81.49929360482206,0.0030291528667992533,0.0030267283843711866,475.94120995603015,475.77447132123353,2.801180024442561,3.10004486367854,7.9894417614194015,7.7732414385945505,2.801180024442561,3.10004486367854,41.37353433835846,43.812709030100336,-0.03821158409118652,-0.2732527256011963,1e-05,15.0,1.220703125e-08
968,77.45371365187755,81.4154698043364,0.0030285958773994715,0.0030269355242168623,475.9411312339693,475.77460206711174,2.8653669972315905,3.0977636308574357,8.032417086500619,7.75796038490474,2.8653669972315905,3.0977636308574357,41.37353433835846,43.812709030100336,-0.06866836547851562,-0.2702465057373047,1e-05,15.0,1.220703125e-08
969,77.50589094050166,81.28265465063394,0.003028982092737153,0.003026653045358566,475.9411316429151,475.77445815478677,2.878053171151447,3.0913228270999564,7.951795827204259,7.756362058645905,2.878053171151447,3.0913228270999564,41.37353433835846,43.812709030100336,-0.07934796810150146,-0.26612257957458496,1e-05,15.0,1.220703125e-08
970,76.96761872820319,81.33517795422404,0.0030287716610254206,0.0030265365802000796,475.9409555917609,475.77410511029603,2.860705257859861,3.0934798462335085,7.875271618266401,7.760117112992201,2.860705257859861,3.0934798462335085,41.37353433835846,43.812709030100336,-0.0837172269821167,-0.26618027687072754,1e-05,15.0,1.220703125e-08
971,77.43814254326237,81.40258120533615,0.0030288626135668564,0.003026609289550213,475.94029407085884,475.7736212178616,2.87246282496045,3.0988916043055097,7.969419237357288,7.743782606411937,2.87246282496045,3.0988916043055097,41.37353433835846,43.812709030100336,-0.08944427967071533,-0.26951372623443604,1e-05,15.0,1.220703125e-08
972,77.12562975092749,81.43304897550755,0.0030289106425896314,0.0030271025541173074,475.9402537897005,475.77388260755254,2.862512251839566,3.1021841433534654,7.9240194125790495,7.729628518273599,2.862512251839566,3.1021841433534654,41.37353433835846,43.812709030100336,-0.060508012771606445,-0.2745100259780884,1e-05,15.0,1.220703125e-08
973,77.31040725835804,81.39357313583527,0.003028489928146578,0.00302758614570027,475.9402913615931,475.77329409800245,2.860761172408035,3.1007826264486664,8.011942295572865,7.725043958644803,2.860761172408035,3.1007826264486664,41.37353433835846,43.812709030100336,-0.07935810089111328,-0.274814248085022,1e-05,15.0,1.220703125e-08
974,76.49080477767254,81.36245747952158,0.003028863709859887,0.0030272173925760797,475.93996522734113,475.7735077210493,2.8257744843436647,3.099038014842515,7.963990912764915,7.726558796936851,2.8257744843436647,3.099038014842515,41.37353433835846,43.812709030100336,-0.05318307876586914,-0.270845890045166,1e-05,15.0,1.220703125e-08
975,76.5546275383264,81.20600281272046,0.0030290779795722296,0.0030265030331199485,475.9402759238903,475.7737693148712,2.8391239802841364,3.0903921908758156,7.882723275540862,7.7331476833509365,2.8391239802841364,3.0903921908758156,41.37353433835846,43.812709030100336,-0.06590616703033447,-0.2622241973876953,1e-05,15.0,1.220703125e-08
976,76.97119193021177,81.18691120976987,0.0030290822703640916,0.003026652068092821,475.94082953422713,475.7748854008805,2.8652838334765667,3.09235018312333,7.840069727681989,7.709845611482958,2.8652838334765667,3.09235018312333,41.37353433835846,43.812709030100336,-0.07621455192565918,-0.26588284969329834,1e-05,15.0,1.220703125e-08
977,77.67940622198722,81.26184862832162,0.003028792489813001,0.0030266895444820757,475.9414800647116,475.7748199769087,2.8913672445607146,3.0956052569641317,7.914690610352074,7.713780637568854,2.8913672445607146,3.0956052569641317,41.37353433835846,43.812709030100336,-0.10560500621795654,-0.2693523168563843,1e-05,15.0,1.220703125e-08
978,77.70200406686345,81.28143412612354,0.0030288485762580506,0.0030263206698810277,475.94148067813023,475.77480681046194,2.885228145461985,3.0977637377072336,7.972841705309486,7.704351825458947,2.885228145461985,3.0977637377072336,41.37353433835846,43.812709030100336,-0.09645509719848633,-0.2698405981063843,1e-05,15.0,1.220703125e-08
979,77.03653549628841,81.2515280222813,0.00302893178181807,0.0030271645594874153,475.94155848006307,475.77521231660876,2.8605573325101257,3.0972789928665927,7.904020298266131,7.696257761888281,2.8605573325101257,3.0972789928665927,41.37353433835846,43.812709030100336,-0.07166731357574463,-0.26779115200042725,1e-05,15.0,1.220703125e-08
980,77.10361544610667,81.24742478590746,0.0030287708474831714,0.0030249963097124795,475.9420214066753,475.77573550425245,2.8617925168681184,3.0967207242015213,7.920971806524586,7.699101672922089,2.8617925168681184,3.0967207242015213,41.37353433835846,43.812709030100336,-0.09184122085571289,-0.26842939853668213,1e-05,15.0,1.220703125e-08
981,76.39867783231752,81.27483332197005,0.0030286895240683553,0.003026387764819988,475.94267786687345,475.7764157706678,2.829332208713295,3.098731404562858,7.898680024011251,7.693967001095265,2.829332208713295,3.098731404562858,41.37353433835846,43.812709030100336,-0.05698585510253906,-0.26978087425231934,1e-05,15.0,1.220703125e-08
982,77.6789153976057,81.07722817615522,0.0030286717942293417,0.0030268679690674993,475.9434727040967,475.7768474055772,2.8963155802370517,3.0910271968331227,7.874907961642522,7.676555328943259,2.8963155802370517,3.0910271968331227,41.37353433835846,43.812709030100336,-0.10141253471374512,-0.26561176776885986,1e-05,15.0,1.220703125e-08
983,77.13076892130738,81.0794335304694,0.0030286988228640614,0.003026450207818262,475.9432382248155,475.7766251069646,2.8614868219174334,3.089814339991796,7.934279599980493,7.687143174302219,2.8614868219174334,3.089814339991796,41.37353433835846,43.812709030100336,-0.07364749908447266,-0.26502811908721924,1e-05,15.0,1.220703125e-08
984,77.64476607432917,81.23398357888927,0.003028686819410878,0.0030264355706356243,475.94288898512747,475.77593187823345,2.9013718288747508,3.0989571143950907,7.820798393070598,7.67582032353583,2.9013718288747508,3.0989571143950907,41.37353433835846,43.812709030100336,-0.09113752841949463,-0.27208518981933594,1e-05,15.0,1.220703125e-08
985,77.39315468741822,81.1717459382022,0.0030290161156512085,0.0030261837716921416,475.94172747690277,475.77417053426785,2.875398613100675,3.0961929053367183,7.927937536383394,7.673042935272523,2.875398613100675,3.0961929053367183,41.37353433835846,43.812709030100336,-0.0863271951675415,-0.27096498012542725,1e-05,15.0,1.220703125e-08
986,77.2433878325138,81.13457772245376,0.003028697049529159,0.00302689519857234,475.9403724862103,475.7733771793021,2.8797088476081987,3.0951061623550977,7.833550751908141,7.6668645881091475,2.8797088476081987,3.0951061623550977,41.37353433835846,43.812709030100336,-0.07825171947479248,-0.2684720754623413,1e-05,15.0,1.220703125e-08
987,76.93734199357792,81.11794464723721,0.003028858220594712,0.003026685361317468,475.9396567799937,475.773006579549,2.8519731670168778,3.095549757265327,7.933016545409134,7.656662665083257,2.8519731670168778,3.095549757265327,41.37353433835846,43.812709030100336,-0.0851597785949707,-0.266491174697876,1e-05,15.0,1.220703125e-08
988,76.98235087179059,81.0191704995656,0.0030295999616952347,0.003026385896723954,475.9398006266685,475.77325949780516,2.8623642278476376,3.0909671807368864,7.867886216596543,7.65381685467468,2.8623642278476376,3.0909671807368864,41.37353433835846,43.812709030100336,-0.07213771343231201,-0.2635411024093628,1e-05,15.0,1.220703125e-08
989,77.67966449680041,81.02053427297535,0.0030288037362740917,0.003025624088874479,475.93986431997223,475.77319397176785,2.8975300669071062,3.092779598108502,7.865490867065225,7.639868996215106,2.8975300669071062,3.092779598108502,41.37353433835846,43.812709030100336,-0.08551979064941406,-0.26449334621429443,1e-05,15.0,1.220703125e-08
990,77.22723094742102,80.99539087608107,0.0030286019848163553,0.0030260675853074695,475.9396744668983,475.7729672843397,2.874611186422096,3.093201492143714,7.867870704612541,7.62643361490307,2.874611186422096,3.093201492143714,41.37353433835846,43.812709030100336,-0.0889425277709961,-0.2671269178390503,1e-05,15.0,1.220703125e-08
991,77.34701618597136,80.944407102655,0.00302884281009211,0.0030256736825802753,475.9396105180034,475.7730195418648,2.887558692264397,3.0893263697225515,7.812202384923172,7.637043246457409,2.887558692264397,3.0893263697225515,41.37353433835846,43.812709030100336,-0.1043771505355835,-0.26073265075683594,1e-05,15.0,1.220703125e-08
992,76.59684344472198,81.04623055856761,0.003028527668160909,0.0030276251841573213,475.93934843488273,475.7724439946305,2.847886555158912,3.0956964572536507,7.829512779037756,7.626796377941119,2.847886555158912,3.0956964572536507,41.37353433835846,43.812709030100336,-0.06383228302001953,-0.2694951295852661,1e-05,15.0,1.220703125e-08
993,77.0590411494525,81.04799631686514,0.0030284065782861594,0.0030264821359856572,475.9392311185648,475.7724308281838,2.863836571998532,3.0939222323057245,7.886792924136572,7.641707026440164,2.863836571998532,3.0939222323057245,41.37353433835846,43.812709030100336,-0.08040261268615723,-0.26693618297576904,1e-05,15.0,1.220703125e-08
994,76.29690063578799,80.97334508991561,0.003028980736313403,0.0030259894749093616,475.93892660732047,475.77199490652436,2.826022930880088,3.0931918947991717,7.884440838192376,7.61769261089057,2.826022930880088,3.0931918947991717,41.37353433835846,43.812709030100336,-0.0496830940246582,-0.2657262086868286,1e-05,15.0,1.220703125e-08
995,77.59441460077487,80.90341380447848,0.00302868903734701,0.0030266470026636006,475.93861938681033,475.7717333127025,2.8959584116336687,3.0879046805327555,7.843965572727785,7.632011697443831,2.8959584116336687,3.0879046805327555,41.37353433835846,43.812709030100336,-0.0949791669845581,-0.2616901397705078,1e-05,15.0,1.220703125e-08
996,76.63949763874712,80.92155561160084,0.0030283330279828316,0.003027310246059727,475.9381664282513,475.77103130634015,2.8555496046491204,3.0906378329796933,7.785272034368723,7.617398056298195,2.8555496046491204,3.0906378329796933,41.37353433835846,43.812709030100336,-0.08409678936004639,-0.2645813226699829,1e-05,15.0,1.220703125e-08
997,77.54115457710509,81.01525970765181,0.003028222512597315,0.0030252769165812527,475.9375088434523,475.7705953846807,2.8977264247747323,3.0960340810858686,7.808521437684894,7.61172539573848,2.8977264247747323,3.0960340810858686,41.37353433835846,43.812709030100336,-0.09907948970794678,-0.26788485050201416,1e-05,15.0,1.220703125e-08
998,76.28574163031139,80.92474860251947,0.0030282372819381443,0.003026285936065442,475.93695998711,475.7697148657961,2.8379089301155638,3.0932116245346326,7.784895950426009,7.598092817542545,2.8379089301155638,3.0932116245346326,41.37353433835846,43.812709030100336,-0.06769788265228271,-0.2655526399612427,1e-05,15.0,1.220703125e-08
999,76.15479029363124,80.90375656587224,0.003028099461797144,0.0030269034683430276,475.93620195500614,475.76945337403976,2.8339997919360598,3.093472791754681,7.7637895235863565,7.587600649001208,2.8339997919360598,3.093472791754681,41.37353433835846,43.812709030100336,-0.05408203601837158,-0.2671014070510864,1e-05,15.0,1.220703125e-08
1000,76.46670327753677,81.0104948573288,0.0030287528450334044,0.00302776932501449,475.93572686225724,475.76852468024924,2.8422913659158064,3.0988920197439036,7.822216434894095,7.586937432305072,2.8422913659158064,3.0988920197439036,41.37353433835846,43.812709030100336,-0.05087852478027344,-0.2716562747955322,1e-05,15.0,1.220703125e-08
1001,76.73168947868412,80.8768288602797,0.0030280508579127803,0.003025565329116822,475.934977520251,475.7680277234336,2.8561540452679197,3.0923929812517454,7.81731495146376,7.585479664563335,2.8561540452679197,3.0923929812517454,41.37353433835846,43.812709030100336,-0.06859087944030762,-0.2660102844238281,1e-05,15.0,1.220703125e-08
1002,76.46879692652716,80.86505780172189,0.003027673452699454,0.003027091394599066,475.9352236544866,475.7690609322743,2.8448933388919286,3.0926763692428434,7.802246918830041,7.578491848846742,2.8448933388919286,3.0926763692428434,41.37353433835846,43.812709030100336,-0.06946671009063721,-0.26740944385528564,1e-05,15.0,1.220703125e-08
1003,77.01350367049277,80.8279879515785,0.003028188960804562,0.0030262393411248922,475.93547551396307,475.7692701665055,2.874645019895467,3.0924605924548914,7.782111735000482,7.565397828717694,2.874645019895467,3.0924605924548914,41.37353433835846,43.812709030100336,-0.08188605308532715,-0.2648259401321411,1e-05,15.0,1.220703125e-08
1004,76.59253594224377,80.78548410983389,0.003028317748520592,0.003026366271981876,475.93541340532414,475.76813223848376,2.8562896231710413,3.090935484621437,7.760566751361892,7.560595577775834,2.8562896231710413,3.090935484621437,41.37353433835846,43.812709030100336,-0.06074106693267822,-0.26435863971710205,1e-05,15.0,1.220703125e-08
1005,76.35496495436983,80.72192826797333,0.0030287891677838173,0.0030261569595693245,475.93444742429597,475.7674520741338,2.859674961323315,3.088291122761857,7.638452798277888,7.556330358703001,2.859674961323315,3.088291122761857,41.37353433835846,43.812709030100336,-0.07841181755065918,-0.26199352741241455,1e-05,15.0,1.220703125e-08
1006,77.20621162043943,80.72816536179354,0.0030277630125470395,0.00302454803830455,475.93411474691163,475.7679709750274,2.8825159100831255,3.0899728173794956,7.7962311963539825,7.5453836973694255,2.8825159100831255,3.0899728173794956,41.37353433835846,43.812709030100336,-0.10019075870513916,-0.2620500326156616,1e-05,15.0,1.220703125e-08
1007,77.18566673444943,80.73720706186964,0.0030279514314279186,0.0030255133183330397,475.93483382693086,475.76799710379,2.89016119718951,3.0903016253059925,7.726849655809514,7.54636204442053,2.89016119718951,3.0903016253059925,41.37353433835846,43.812709030100336,-0.10550129413604736,-0.26348423957824707,1e-05,15.0,1.220703125e-08
1008,76.22092349565209,80.80308675606514,0.003027917331683651,0.0030264842493714994,475.9344789131203,475.76759169970865,2.850445104803472,3.0929920968403386,7.658681573979619,7.551182573056939,2.850445104803472,3.0929920968403386,41.37353433835846,43.812709030100336,-0.06728744506835938,-0.2673323154449463,1e-05,15.0,1.220703125e-08
1009,76.52358459268183,80.7885696768362,0.003028080920365887,0.0030247731909878476,475.93427137314177,475.76755679331495,2.8510825058922697,3.0942988403664784,7.774645771812554,7.534935603572373,2.8510825058922697,3.0942988403664784,41.37353433835846,43.812709030100336,-0.06600415706634521,-0.26807498931884766,1e-05,15.0,1.220703125e-08
1010,76.41728912046807,80.79914085362667,0.003027973702829487,0.00302573928241945,475.9338988235448,475.766903063924,2.8515031285821095,3.0957571622918683,7.728763110673607,7.527491051217784,2.8515031285821095,3.0957571622918683,41.37353433835846,43.812709030100336,-0.06794559955596924,-0.2661703824996948,1e-05,15.0,1.220703125e-08
1011,76.59051702809293,80.73056290540408,0.0030280091359874413,0.003025070621622695,475.9336296861096,475.7669947187239,2.8663382262640464,3.0943541861696784,7.679373176453301,7.511287748215589,2.8663382262640464,3.0943541861696784,41.37353433835846,43.812709030100336,-0.07965481281280518,-0.2663588523864746,1e-05,15.0,1.220703125e-08
1012,76.38588406612325,80.71583863325343,0.0030280931016595618,0.0030252643865548746,475.93316870198976,475.76609674664246,2.8599622229635218,3.092718734390361,7.6485271094432425,7.518480060092582,2.8599622229635218,3.092718734390361,41.37353433835846,43.812709030100336,-0.08986592292785645,-0.26550042629241943,1e-05,15.0,1.220703125e-08
1013,76.27783231240022,80.86938195882433,0.0030278807807826067,0.0030258347024910625,475.93251587118533,475.76557794781434,2.860132729388162,3.0992723667502005,7.603944637068552,7.527463180963013,2.860132729388162,3.0992723667502005,41.37353433835846,43.812709030100336,-0.06725990772247314,-0.2705957889556885,1e-05,15.0,1.220703125e-08
1014,77.54216280734319,80.66335352766873,0.0030280674048785237,0.003025766805493363,475.9326306315922,475.76675935573,2.911718274281053,3.0898804329709466,7.696990192835055,7.520188558061784,2.911718274281053,3.0898804329709466,41.37353433835846,43.812709030100336,-0.10360884666442871,-0.26495301723480225,1e-05,15.0,1.220703125e-08
1015,76.19426209722931,80.6801449829918,0.0030281274455445048,0.003025101248586058,475.9334275646625,475.7668378440831,2.8485257465835394,3.091489133228825,7.663370154011789,7.514040769940634,2.8485257465835394,3.091489133228825,41.37353433835846,43.812709030100336,-0.056603074073791504,-0.2636615037918091,1e-05,15.0,1.220703125e-08
1016,76.25727997592945,80.85214858549494,0.0030281517699117487,0.0030252653155413557,475.9336853027344,475.7672172214674,2.859860345546524,3.1013552560455424,7.5979003363118895,7.503911265561413,2.859860345546524,3.1013552560455424,41.37353433835846,43.812709030100336,-0.08013367652893066,-0.2723422050476074,1e-05,15.0,1.220703125e-08
1017,76.41977551075281,80.67497947463224,0.003028417056835127,0.0030246749925224676,475.93420558399094,475.76819796865203,2.8599139449983784,3.0942942673546017,7.662467375073201,7.48953703494375,2.8599139449983784,3.0942942673546017,41.37353433835846,43.812709030100336,-0.07677054405212402,-0.26793205738067627,1e-05,15.0,1.220703125e-08
1018,76.66529140759953,80.73196554024483,0.003027928067243329,0.003026041024704043,475.9350698397587,475.7688255692804,2.859572244049916,3.097515775208489,7.763411497949955,7.486547789047394,2.859572244049916,3.097515775208489,41.37353433835846,43.812709030100336,-0.07089948654174805,-0.2704033851623535,1e-05,15.0,1.220703125e-08
1019,75.98072515899811,80.82255799156367,0.003027911099856423,0.0030256112551559572,475.9356547855652,475.7693138505304,2.83725523788925,3.100587511541054,7.6681209896477425,7.498216426492136,2.83725523788925,3.100587511541054,41.37353433835846,43.812709030100336,-0.06713080406188965,-0.27446937561035156,1e-05,15.0,1.220703125e-08
1020,76.43038311675565,80.68267817162351,0.0030272852998364163,0.0030260940890659556,475.93615221697684,475.7697933541493,2.8670769360796293,3.0949856549202397,7.60941524281973,7.487072777189938,2.8670769360796293,3.0949856549202397,41.37353433835846,43.812709030100336,-0.08241117000579834,-0.26724398136138916,1e-05,15.0,1.220703125e-08
1021,75.0874769252349,80.5594720489604,0.0030273304923813496,0.0030256619888753395,475.93650554612253,475.76991103564615,2.8049832604438616,3.0908643904338313,7.569001814428486,7.470764377045392,2.8049832604438616,3.0908643904338313,41.37353433835846,43.812709030100336,-0.05497097969055176,-0.26422619819641113,1e-05,15.0,1.220703125e-08
1022,76.13182883206724,80.47428090277324,0.0030279269370202043,0.0030257078650778152,475.9360840763878,475.76923097336174,2.847031416006424,3.0888317588181002,7.650353151350165,7.452950243168451,2.847031416006424,3.0888317588181002,41.37353433835846,43.812709030100336,-0.06320500373840332,-0.26307475566864014,1e-05,15.0,1.220703125e-08
1023,76.45509149241488,80.53490095872145,0.0030275724708902925,0.0030258271397779818,475.9360459421947,475.76954492677413,2.870681135698379,3.0928942678764115,7.590463480957389,7.4446960021819555,2.870681135698379,3.0928942678764115,41.37353433835846,43.812709030100336,-0.08260774612426758,-0.26768016815185547,1e-05,15.0,1.220703125e-08
1024,75.9975220314422,80.52068984628123,0.003027573477483075,0.0030252173757896973,475.93654516274404,475.7704779073147,2.8437444420915154,3.092008778084082,7.6229289772123145,7.446102250778555,2.8437444420915154,3.092008778084082,41.37353433835846,43.812709030100336,-0.05852687358856201,-0.26369428634643555,1e-05,15.0,1.220703125e-08
1025,75.20249849507957,80.4923141122263,0.003027854457269836,0.0030254440469337147,475.9373856996571,475.7709095422241,2.806106451168731,3.0919636316522707,7.606020887493089,7.435111848008273,2.806106451168731,3.0919636316522707,41.37353433835846,43.812709030100336,-0.05350470542907715,-0.2666417360305786,1e-05,15.0,1.220703125e-08
1026,76.14096805438325,80.64638167161208,0.0030278757524987063,0.0030264618220960217,475.93767088821386,475.7712669755304,2.8646255442045843,3.0996269446152906,7.513255545042667,7.435422069651626,2.8646255442045843,3.0996269446152906,41.37353433835846,43.812709030100336,-0.07838189601898193,-0.2735607624053955,1e-05,15.0,1.220703125e-08
1027,75.3601095688403,80.54852892004925,0.003027731419729702,0.0030246939639370874,475.93767012144053,475.77008546554924,2.8278528074523313,3.0953782354310206,7.4950953648118315,7.430283844670324,2.8278528074523313,3.0953782354310206,41.37353433835846,43.812709030100336,-0.061350226402282715,-0.2691178321838379,1e-05,15.0,1.220703125e-08
1028,76.35414444301995,80.66655789888821,0.003027474301768907,0.0030259732125844045,475.9365089710434,475.76957534228677,2.865078196453689,3.1018020006326528,7.594909302952701,7.426096195361287,2.865078196453689,3.1018020006326528,41.37353433835846,43.812709030100336,-0.08546221256256104,-0.27299416065216064,1e-05,15.0,1.220703125e-08
1029,75.72735414233439,80.49136413778349,0.0030276652065166576,0.0030257454598291364,475.93642743748035,475.770538942471,2.831087506995529,3.093589419106576,7.616116531729898,7.421721270251832,2.831087506995529,3.093589419106576,41.37353433835846,43.812709030100336,-0.05608224868774414,-0.2675957679748535,1e-05,15.0,1.220703125e-08
1030,75.58260906481463,80.47579672822984,0.0030277756392219457,0.003024624511879872,475.9378241917596,475.77176413647703,2.833651484756214,3.0928579828013545,7.537706122725853,7.4213545394183,2.833651484756214,3.0928579828013545,41.37353433835846,43.812709030100336,-0.05838143825531006,-0.26472902297973633,1e-05,15.0,1.220703125e-08
1031,76.15504821061688,80.32887865149456,0.0030273848870017222,0.003026377700929558,475.9384357190412,475.77176413647703,2.864270041735727,3.0869288619944086,7.521736493262414,7.410005580621419,2.864270041735727,3.0869288619944086,41.37353433835846,43.812709030100336,-0.07198774814605713,-0.2623021602630615,1e-05,15.0,1.220703125e-08
1032,76.16004044166961,80.33658941772869,0.0030278105747385243,0.00302497933877252,475.9384425688828,475.7717117768865,2.860360953875722,3.0901744820202475,7.55500242817941,7.387135252107346,2.860360953875722,3.0901744820202475,41.37353433835846,43.812709030100336,-0.07767033576965332,-0.2627568244934082,1e-05,15.0,1.220703125e-08
1033,76.44272701704323,80.50738265123654,0.003027758891795648,0.003026019146410518,475.9385341216172,475.7726535350583,2.8809121158254807,3.0983017001263673,7.503668230782003,7.390427729756537,2.8809121158254807,3.0983017001263673,41.37353433835846,43.812709030100336,-0.08858239650726318,-0.27147042751312256,1e-05,15.0,1.220703125e-08
1034,75.68253029930332,80.42563509223453,0.0030275542554999368,0.0030257125933308864,475.9391950291006,475.77213034741453,2.8425173591728785,3.09535899130397,7.506749721827419,7.381271896553677,2.8425173591728785,3.09535899130397,41.37353433835846,43.812709030100336,-0.06868255138397217,-0.26976191997528076,1e-05,15.0,1.220703125e-08
1035,75.76863142872975,80.4317683344302,0.0030277397950028554,0.0030254839964671976,475.9389843197923,475.7727320234114,2.8483238260150956,3.097290893860884,7.494736016495543,7.368272530992693,2.8483238260150956,3.097290893860884,41.37353433835846,43.812709030100336,-0.056830644607543945,-0.26919257640838623,1e-05,15.0,1.220703125e-08
1036,76.89999978785939,80.38857182531453,0.0030273436868978256,0.0030255998698153525,475.9397474126001,475.7732945062644,2.8987917352960735,3.0952108512355334,7.543543337976913,7.367634663215051,2.8987917352960735,3.0952108512355334,41.37353433835846,43.812709030100336,-0.0856776237487793,-0.2656068801879883,1e-05,15.0,1.220703125e-08
1037,75.89295110910183,80.1932916545549,0.0030277778548180707,0.0030258588164259856,475.9399306203053,475.7728367425925,2.8521366810279476,3.084857522843275,7.513961138637422,7.372346174756819,2.8521366810279476,3.084857522843275,41.37353433835846,43.812709030100336,-0.06151473522186279,-0.2581676244735718,1e-05,15.0,1.220703125e-08
1038,76.86875262492066,80.2061563957495,0.0030272613834103,0.0030256029822704786,475.9392880642634,475.77240949649877,2.9116074212232426,3.087412968128421,7.428520319250161,7.357051157233707,2.9116074212232426,3.087412968128421,41.37353433835846,43.812709030100336,-0.11018407344818115,-0.26108312606811523,1e-05,15.0,1.220703125e-08
1039,75.52402988350771,80.19868586613582,0.0030273989239205266,0.0030253323622010525,475.9388969587521,475.77186905978914,2.838405040440647,3.0872877864135946,7.476249113354451,7.355065403175992,2.838405040440647,3.0872877864135946,41.37353433835846,43.812709030100336,-0.07098805904388428,-0.2592597007751465,1e-05,15.0,1.220703125e-08
1040,76.38893633511798,80.19794356942576,0.0030273556388708666,0.0030249247715238444,475.9386274634893,475.77211320041414,2.8885120830344198,3.0881905627489887,7.421355520660554,7.347549929666679,2.8885120830344198,3.0881905627489887,41.37353433835846,43.812709030100336,-0.08632957935333252,-0.26153564453125,1e-05,15.0,1.220703125e-08
1041,75.82825489140036,80.24032041619853,0.0030275144278098342,0.003025263866384741,475.9385816104448,475.7718429310266,2.863258683302095,3.089837013678407,7.399108681447142,7.351326964770671,2.863258683302095,3.089837013678407,41.37353433835846,43.812709030100336,-0.08193588256835938,-0.2616778612136841,1e-05,15.0,1.220703125e-08
1042,76.03849230180035,80.22574896158582,0.003027311449018705,0.0030251864622655423,475.9387348117541,475.7723398878423,2.860898225551075,3.0924022413017758,7.502088557935041,7.324976696218536,2.860898225551075,3.0924022413017758,41.37353433835846,43.812709030100336,-0.08940577507019043,-0.26316797733306885,1e-05,15.0,1.220703125e-08
1043,75.82792907663726,80.18515739313337,0.003027668912696903,0.0030252344464029757,475.93855385325065,475.77163359472985,2.862496767810841,3.091387412221137,7.405073241772165,7.3168580906845655,2.862496767810841,3.091387412221137,41.37353433835846,43.812709030100336,-0.08986389636993408,-0.2633845806121826,1e-05,15.0,1.220703125e-08
1044,75.59781106153325,80.04861830389221,0.0030275789577782256,0.003025338448503095,475.9380478339778,475.77118889543925,2.8466274079365945,3.0845825783783773,7.4399804629672515,7.316680209692505,2.8466274079365945,3.0845825783783773,41.37353433835846,43.812709030100336,-0.06834864616394043,-0.25696754455566406,1e-05,15.0,1.220703125e-08
1045,74.84608748290607,80.15501169057993,0.0030275418476156356,0.0030249470064609646,475.93766347607175,475.7709663926957,2.820087992765596,3.090156439554731,7.351606954481933,7.314650903976084,2.820087992765596,3.090156439554731,41.37353433835846,43.812709030100336,-0.048685431480407715,-0.2634350061416626,1e-05,15.0,1.220703125e-08
1046,75.73084388106712,80.11174021437017,0.0030277049211064476,0.0030258308759700493,475.9377422492508,475.77082258243627,2.858575465092108,3.08782299625435,7.397609177945647,7.3160013849519965,2.858575465092108,3.08782299625435,41.37353433835846,43.812709030100336,-0.07806158065795898,-0.2618415355682373,1e-05,15.0,1.220703125e-08
1047,75.79125832153525,80.10558750318444,0.0030274920741180378,0.003025137383278995,475.9374582364132,475.77010751169263,2.85483299028534,3.0896676001341445,7.451715204184579,7.29878839920197,2.85483299028534,3.0896676001341445,41.37353433835846,43.812709030100336,-0.07040095329284668,-0.26287829875946045,1e-05,15.0,1.220703125e-08
1048,75.20951296296751,80.21132182755997,0.003027057376576329,0.0030251129088069884,475.9367001531911,475.76989817539584,2.8358454660354946,3.095629287802655,7.370921765939275,7.293390484557901,2.8358454660354946,3.095629287802655,41.37353433835846,43.812709030100336,-0.05797076225280762,-0.2681846618652344,1e-05,15.0,1.220703125e-08
1049,75.73819362058912,80.1989552679668,0.0030271703427286203,0.003024734668807441,475.93681660049924,475.770490971696,2.8651873901661116,3.0961970270278063,7.347656661341937,7.283904447204692,2.8651873901661116,3.0961970270278063,41.37353433835846,43.812709030100336,-0.0628899335861206,-0.26891374588012695,1e-05,15.0,1.220703125e-08
1050,75.80157501374057,80.12208893944985,0.0030271663534075922,0.0030252965639055674,475.9369721021285,475.7700549479711,2.866371422357096,3.092313334295981,7.363537086314293,7.284223695263814,2.866371422357096,3.092313334295981,41.37353433835846,43.812709030100336,-0.07052063941955566,-0.2676032781600952,1e-05,15.0,1.220703125e-08
1051,75.70449910890717,80.20099576101654,0.003027366215700106,0.0030248337565457143,475.9366728560609,475.7698108073461,2.8572112016342395,3.0956783470102778,7.397987539844098,7.288871262783191,2.8572112016342395,3.0956783470102778,41.37353433835846,43.812709030100336,-0.07870256900787354,-0.27002882957458496,1e-05,15.0,1.220703125e-08
1052,76.90296555204408,80.07873999554178,0.0030278189492316753,0.0030250294176070486,475.93650937998916,475.7696799594024,2.9136784276371226,3.09166403199518,7.425633029522409,7.272079746858731,2.9136784276371226,3.09166403199518,41.37353433835846,43.812709030100336,-0.11826670169830322,-0.26230835914611816,1e-05,15.0,1.220703125e-08
1053,75.05049400393487,80.01530461646243,0.0030269762442620405,0.003024611834679609,475.9364759997906,475.7696887370336,2.835397171614757,3.0897900643556016,7.310900457340669,7.261701988934673,2.835397171614757,3.0897900643556016,41.37353433835846,43.812709030100336,-0.06559741497039795,-0.2632606029510498,1e-05,15.0,1.220703125e-08
1054,76.03874522197985,79.95459877447938,0.0030269522233156354,0.0030256492369200873,475.9362648304184,475.769806520596,2.869458662205605,3.0881473922410536,7.433708946509178,7.2505519940302925,2.869458662205605,3.0881473922410536,41.37353433835846,43.812709030100336,-0.08625435829162598,-0.26174890995025635,1e-05,15.0,1.220703125e-08
1055,76.37168843382767,80.09736237797051,0.003027293030437787,0.003025515907503241,475.9365941340001,475.76981968704274,2.8931341498740752,3.0954709651079466,7.377480713766024,7.249069748116177,2.8931341498740752,3.0954709651079466,41.37353433835846,43.812709030100336,-0.09651827812194824,-0.2666372060775757,1e-05,15.0,1.220703125e-08
1056,75.21582386521638,79.97433221619265,0.0030268998824409406,0.003025008765762566,475.9362701467134,475.7693357946083,2.8444437521386585,3.0902649622697096,7.304661421719907,7.241509456698313,2.8444437521386585,3.0902649622697096,41.37353433835846,43.812709030100336,-0.0690995454788208,-0.26358067989349365,1e-05,15.0,1.220703125e-08
1057,75.031438127834,79.92204779685541,0.00302695219250555,0.003024321748722457,475.936312319246,475.76956258410195,2.83460098814525,3.0877935926252382,7.309647956285844,7.2403735827442794,2.83460098814525,3.0877935926252382,41.37353433835846,43.812709030100336,-0.05818212032318115,-0.25905752182006836,1e-05,15.0,1.220703125e-08
1058,74.5399648516222,79.83456237180576,0.003026535636643993,0.0030246844723895443,475.93618207001805,475.7693010923456,2.805439417486015,3.085143421804626,7.346354772896823,7.2265772755728115,2.805439417486015,3.085143421804626,41.37353433835846,43.812709030100336,-0.05181074142456055,-0.2589454650878906,1e-05,15.0,1.220703125e-08
1059,75.46672656188659,79.86329155861334,0.003027118793556114,0.0030256141230999727,475.9363483064738,475.7701337425206,2.852035915831625,3.087958800752825,7.344282455380438,7.215539048746677,2.852035915831625,3.087958800752825,41.37353433835846,43.812709030100336,-0.08503925800323486,-0.2625926733016968,1e-05,15.0,1.220703125e-08
1060,75.0248921584444,79.76057883170138,0.003026650724012149,0.0030245295714861073,475.9370083960656,475.7705567018643,2.825647747496664,3.0841125708359938,7.378657633335746,7.205231540577866,2.825647747496664,3.0841125708359938,41.37353433835846,43.812709030100336,-0.05898785591125488,-0.2547866106033325,1e-05,15.0,1.220703125e-08
1061,75.87392100936404,79.87230064876901,0.003027012175841372,0.00302489883465736,475.9378671821837,475.77192121524877,2.8689227247957008,3.089916034685728,7.3720667278347305,7.203489171222699,2.8689227247957008,3.089916034685728,41.37353433835846,43.812709030100336,-0.07813835144042969,-0.26292645931243896,1e-05,15.0,1.220703125e-08
1062,75.51024300528931,79.86886481856024,0.003026798261030011,0.0030247032787202293,475.9389787990244,475.77251411361436,2.8609940498518185,3.091432011645773,7.290026612018221,7.189990289235195,2.8609940498518185,3.091432011645773,41.37353433835846,43.812709030100336,-0.08316648006439209,-0.26160573959350586,1e-05,15.0,1.220703125e-08
1063,75.16937368319462,79.89336997449996,0.0030271981954356183,0.003024375212556343,475.93889373830416,475.77187773535485,2.8384892501224024,3.0939966181050176,7.333714002740243,7.179277526893744,2.8384892501224024,3.0939966181050176,41.37353433835846,43.812709030100336,-0.061272382736206055,-0.26832354068756104,1e-05,15.0,1.220703125e-08
1064,74.76399418816494,79.70961909469554,0.003026837182747609,0.0030249187140336206,475.9385012526009,475.77180353375184,2.823523054170848,3.0846039012921693,7.291294265632055,7.180914558295821,2.823523054170848,3.0846039012921693,41.37353433835846,43.812709030100336,-0.06110060214996338,-0.2587319612503052,1e-05,15.0,1.220703125e-08
1065,75.87612423026182,79.85395833401377,0.0030270152521698766,0.0030240569369599573,475.93834120144993,475.7714853956548,2.8752606210596796,3.0927302677894515,7.32224459384554,7.173647164501076,2.8752606210596796,3.0927302677894515,41.37353433835846,43.812709030100336,-0.07946288585662842,-0.26498401165008545,1e-05,15.0,1.220703125e-08
1066,75.85698156820071,79.76529147553205,0.0030266016497864845,0.0030244401006657242,475.93801767422724,475.7707659360956,2.8848853846091522,3.0898678294791027,7.2375927322873315,7.161074748406043,2.8848853846091522,3.0898678294791027,41.37353433835846,43.812709030100336,-0.08757424354553223,-0.2637660503387451,1e-05,15.0,1.220703125e-08
1067,75.42880785764761,79.71707303866893,0.0030271548932259106,0.0030236525451733318,475.93751620447614,475.77094904156434,2.8703569231720225,3.086589912108354,7.182547101223689,7.168018880097763,2.8703569231720225,3.086589912108354,41.37353433835846,43.812709030100336,-0.06314492225646973,-0.2599736452102661,1e-05,15.0,1.220703125e-08
1068,74.9779164299893,79.69715705284706,0.003027160922252578,0.0030247192879683995,475.93761184666823,475.7704651491299,2.837656473194934,3.0891462448847333,7.26379374643067,7.139591405224242,2.837656473194934,3.0891462448847333,41.37353433835846,43.812709030100336,-0.0520092248916626,-0.2616281509399414,1e-05,15.0,1.220703125e-08
1069,75.85460592554243,79.75302009199774,0.0030264324240286645,0.003024484807264097,475.9369765494137,475.7696499521517,2.881356579973869,3.091131599451786,7.264873910389554,7.146056092303732,2.881356579973869,3.091131599451786,41.37353433835846,43.812709030100336,-0.08545160293579102,-0.2656346559524536,1e-05,15.0,1.220703125e-08
1070,75.58638992181774,79.69244369455804,0.0030269379601962055,0.003024681389524935,475.9361196035516,475.7693359987393,2.8672229756462313,3.0891193306964375,7.2706526208363185,7.137922132294314,2.8672229756462313,3.0891193306964375,41.37353433835846,43.812709030100336,-0.09793245792388916,-0.26091015338897705,1e-05,15.0,1.220703125e-08
1071,75.50182531666715,79.54327948834984,0.0030269541491409592,0.0030242109423609183,475.9361526770408,475.76921841930783,2.872217660373579,3.0837304950956517,7.196869386101088,7.1213701576692205,2.872217660373579,3.0837304950956517,41.37353433835846,43.812709030100336,-0.09112095832824707,-0.25828516483306885,1e-05,15.0,1.220703125e-08
1072,75.58368824714393,79.58868163245977,0.0030273624946998193,0.003024654839823278,475.93596088147444,475.7692052528611,2.8732187759936156,3.0866092439479256,7.2216019854074345,7.116499063561991,2.8732187759936156,3.0866092439479256,41.37353433835846,43.812709030100336,-0.07950246334075928,-0.2581613063812256,1e-05,15.0,1.220703125e-08
1073,74.64195797151856,79.63684416295693,0.0030264754122875043,0.003024538679135633,475.9355074628514,475.7681808216516,2.8292605401682893,3.0887118286911064,7.196583092112837,7.11894394163304,2.8292605401682893,3.0887118286911064,41.37353433835846,43.812709030100336,-0.051230430603027344,-0.258905291557312,1e-05,15.0,1.220703125e-08
1074,74.72644934981712,79.60001113024045,0.003027019909952753,0.003024494727874131,475.9348351048864,475.7681677572703,2.8340286457758253,3.0868316597763115,7.192230762948143,7.119251889129945,2.8340286457758253,3.0868316597763115,41.37353433835846,43.812709030100336,-0.05269300937652588,-0.2609325647354126,1e-05,15.0,1.220703125e-08
1075,74.80531530843508,79.60068759471676,0.003026559585050198,0.003023875991729739,475.93477550104035,475.7679105522641,2.8378074732258094,3.0880951251473316,7.1935497967641755,7.109418479893917,2.8378074732258094,3.0880951251473316,41.37353433835846,43.812709030100336,-0.0640639066696167,-0.2603398561477661,1e-05,15.0,1.220703125e-08
1076,74.86146471288735,79.56604024319346,0.0030262696001385424,0.0030245802070895667,475.93472244032665,475.76843802665786,2.849941965722958,3.0869286435104932,7.11893674157173,7.104887713556704,2.849941965722958,3.0869286435104932,41.37353433835846,43.812709030100336,-0.08760607242584229,-0.25988686084747314,1e-05,15.0,1.220703125e-08
1077,75.01527160695649,79.54867329166885,0.0030267235106933655,0.003023914839405828,475.9347652262779,475.768054464589,2.853735361067294,3.0881564170620512,7.1501082175940125,7.088123163650666,2.853735361067294,3.0881564170620512,41.37353433835846,43.812709030100336,-0.08369636535644531,-0.25923454761505127,1e-05,15.0,1.220703125e-08
1078,75.35923786259177,79.54423760251457,0.0030264121213525383,0.003024353017332811,475.93475346908696,475.7684206755265,2.868084495391079,3.0880629091358505,7.172903929922848,7.087092906735015,2.868084495391079,3.0880629091358505,41.37353433835846,43.812709030100336,-0.09531641006469727,-0.26229941844940186,1e-05,15.0,1.220703125e-08
1079,74.15512118187782,79.55438308970984,0.0030268398164248894,0.0030245240660926273,475.9348998205546,475.7682200147954,2.8122747966791914,3.08991567346962,7.137731592060134,7.076329063811031,2.8122747966791914,3.08991567346962,41.37353433835846,43.812709030100336,-0.05925703048706055,-0.2637622356414795,1e-05,15.0,1.220703125e-08
1080,75.34559562338058,79.49582251099041,0.003026954338291482,0.0030246990441615664,475.9348769707097,475.76791922782974,2.8752156801559217,3.087683949582154,7.11039379094314,7.070758001461476,2.8752156801559217,3.087683949582154,41.37353433835846,43.812709030100336,-0.07996261119842529,-0.261981725692749,1e-05,15.0,1.220703125e-08
1081,75.55364588956337,79.47334269137686,0.0030255948779932917,0.003024127266609599,475.9344810600856,475.76810672211406,2.8898041444008475,3.087297208333095,7.076917083618828,7.064862705792073,2.8898041444008475,3.087297208333095,41.37353433835846,43.812709030100336,-0.09011423587799072,-0.26193130016326904,1e-05,15.0,1.220703125e-08
1082,75.46721453642725,79.64351957697534,0.003026433659162079,0.0030245629394657437,475.9352986960355,475.76912686657346,2.879712793695268,3.096682812457898,7.123068627400614,7.0578456387471995,2.879712793695268,3.096682812457898,41.37353433835846,43.812709030100336,-0.09594357013702393,-0.2700204849243164,1e-05,15.0,1.220703125e-08
1083,74.04905653399238,79.52898082924527,0.00302656329006044,0.0030246549768740915,475.93569808269865,475.7689219190923,2.819092026906996,3.091870086248902,7.040770151307635,7.05053162813984,2.819092026906996,3.091870086248902,41.37353433835846,43.812709030100336,-0.059517741203308105,-0.2650688886642456,1e-05,15.0,1.220703125e-08
1084,73.95202237996624,79.48292253168928,0.003026444408371795,0.003023995683033231,475.935841827137,475.7695976946266,2.8092386606749975,3.0905531672729696,7.080784456614074,7.042648141599419,2.8092386606749975,3.0905531672729696,41.37353433835846,43.812709030100336,-0.057211875915527344,-0.26332855224609375,1e-05,15.0,1.220703125e-08
1085,75.45097967048785,79.43883506749386,0.0030265128469309913,0.003024320814285091,475.93597197412845,475.76925761245167,2.8785233509600463,3.08880886983712,7.126089081692336,7.038965753089624,2.8785233509600463,3.08880886983712,41.37353433835846,43.812709030100336,-0.08722496032714844,-0.26157259941101074,1e-05,15.0,1.220703125e-08
1086,75.44574380999235,79.44709826313134,0.003026750663348428,0.003024362778309795,475.9357830923007,475.7690396005892,2.875637512510546,3.090998266851623,7.147079542853325,7.0247560647817755,2.875637512510546,3.090998266851623,41.37353433835846,43.812709030100336,-0.08851063251495361,-0.2673823833465576,1e-05,15.0,1.220703125e-08
1087,74.48144716553553,79.41483528877181,0.0030266061281688647,0.0030237916525278903,475.9356260060066,475.7685557081548,2.839063532987432,3.0912231083299004,7.053953782597579,7.010055688711313,2.839063532987432,3.0912231083299004,41.37353433835846,43.812709030100336,-0.07147538661956787,-0.2650374174118042,1e-05,15.0,1.220703125e-08
1088,75.52482613926158,79.51310987695803,0.0030261098166968255,0.0030245544882584676,475.93509417203205,475.76858193898283,2.8870047380776462,3.096589475172419,7.087778938076204,7.00642666130959,2.8870047380776462,3.096589475172419,41.37353433835846,43.812709030100336,-0.09694492816925049,-0.26980578899383545,1e-05,15.0,1.220703125e-08
1089,74.41259274890075,79.3780786010334,0.0030259239472529946,0.0030233489597110345,475.93526950753113,475.7690267403389,2.832267117460369,3.090740392838035,7.0807881355285645,6.999219734931869,2.832267117460369,3.090740392838035,41.37353433835846,43.812709030100336,-0.06904876232147217,-0.2646862268447876,1e-05,15.0,1.220703125e-08
1090,74.05164227254028,79.30644501651011,0.0030260925337990473,0.003023672244670399,475.9355589389002,475.7687740262137,2.8249221443131542,3.087993789277348,6.995167276168389,6.99253618278631,2.8249221443131542,3.087993789277348,41.37353433835846,43.812709030100336,-0.06343448162078857,-0.26070594787597656,1e-05,15.0,1.220703125e-08
1091,75.18195403081488,79.29072208468332,0.003026224193873018,0.003024392256693896,475.93556384624947,475.76893110498537,2.8773297001568716,3.089372595018368,7.028030280491815,6.9752112296114,2.8773297001568716,3.089372595018368,41.37353433835846,43.812709030100336,-0.08555412292480469,-0.26107656955718994,1e-05,15.0,1.220703125e-08
1092,74.89253702595006,79.29603816514032,0.003025937507980483,0.003024001648637114,475.93543277913005,475.7678063434103,2.8700549019441333,3.090415555099181,6.9704639692003,6.96899574337197,2.8700549019441333,3.090415555099181,41.37353433835846,43.812709030100336,-0.07904422283172607,-0.26206350326538086,1e-05,15.0,1.220703125e-08
1093,74.50618687666442,79.26286019928081,0.0030262523570208743,0.0030241936303513207,475.93470475342207,475.76763201557276,2.847060452753575,3.089622417022552,6.999877717227393,6.962067943751612,2.847060452753575,3.089622417022552,41.37353433835846,43.812709030100336,-0.0683366060256958,-0.2629711627960205,1e-05,15.0,1.220703125e-08
1094,74.75778832108132,79.35699348066962,0.003025901462130835,0.003023707174717832,475.93469846588084,475.7685038588916,2.858825414424366,3.0952426111419067,7.006401440606045,6.954763546436527,2.858825414424366,3.0952426111419067,41.37353433835846,43.812709030100336,-0.08035576343536377,-0.2649960517883301,1e-05,15.0,1.220703125e-08
1095,74.29211244311564,79.3488791475328,0.0030256223013091026,0.0030243211101902566,475.9356448686303,475.7690487864823,2.8467703852022512,3.0950050106814073,6.9165722265515095,6.953412639656195,2.8467703852022512,3.0950050106814073,41.37353433835846,43.812709030100336,-0.06727564334869385,-0.26905500888824463,1e-05,15.0,1.220703125e-08
1096,74.29963703251364,79.33857900562094,0.0030259737390806426,0.0030231759221570247,475.93538989094236,475.76788034088236,2.8496678354752123,3.0967272388496525,6.896400140158495,6.9355251095366715,2.8496678354752123,3.0967272388496525,41.37353433835846,43.812709030100336,-0.07064402103424072,-0.26787328720092773,1e-05,15.0,1.220703125e-08
1097,74.85136439133329,79.22860005866724,0.0030261563539654766,0.003023295333129307,475.93470306652074,475.76772336417616,2.874222477876162,3.0926605100217075,6.920652705820362,6.924067171919705,2.874222477876162,3.0926605100217075,41.37353433835846,43.812709030100336,-0.0883185863494873,-0.26604020595550537,1e-05,15.0,1.220703125e-08
1098,74.56553689518965,79.33761609437872,0.003025857500429304,0.0030243322852824546,475.93428476611575,475.76750525024823,2.8572800007697126,3.099856691615637,6.941864823576194,6.910095639053396,2.8572800007697126,3.099856691615637,41.37353433835846,43.812709030100336,-0.0787118673324585,-0.27069270610809326,1e-05,15.0,1.220703125e-08
1099,73.7334604311229,79.08507239300272,0.003025816685256472,0.003024331070513879,475.9340721654333,475.76779297283264,2.825703553817979,3.0878621630844063,6.861645371071258,6.905033044591796,2.825703553817979,3.0878621630844063,41.37353433835846,43.812709030100336,-0.06748104095458984,-0.26180458068847656,1e-05,15.0,1.220703125e-08
1100,74.74378228626858,78.99720787124889,0.0030253618367490557,0.003023307029949034,475.934709814126,475.7677407153075,2.867757252113304,3.0849013942539893,6.929348821017011,6.893583903743272,2.867757252113304,3.0849013942539893,41.37353433835846,43.812709030100336,-0.08374238014221191,-0.2584412097930908,1e-05,15.0,1.220703125e-08
1101,75.17617207436106,79.07871481088492,0.003025915485789603,0.0030230545730059065,475.9347109387268,475.76792392284176,2.8912553288030067,3.0891708737631705,6.914315561553342,6.892032049172698,2.8912553288030067,3.0891708737631705,41.37353433835846,43.812709030100336,-0.08593714237213135,-0.25858795642852783,1e-05,15.0,1.220703125e-08
1102,73.79879198441753,79.2484621284,0.0030257252210336215,0.003023810451071597,475.93464698983195,475.76763620025736,2.823870268698713,3.098035093932646,6.902444588678765,6.889012572757377,2.823870268698713,3.098035093932646,41.37353433835846,43.812709030100336,-0.05969250202178955,-0.2685147523880005,1e-05,15.0,1.220703125e-08
1103,74.14219421437836,79.10252809046104,0.003025537511174703,0.0030236058637973257,475.9343542357785,475.76741400371026,2.843643433284919,3.093334658887474,6.8816219821846865,6.868241005517966,2.843643433284919,3.093334658887474,41.37353433835846,43.812709030100336,-0.06615257263183594,-0.2674521207809448,1e-05,15.0,1.220703125e-08
1104,75.059858683166,79.02221641412946,0.0030256400876982727,0.00302346300234065,475.9345824786367,475.76799383769463,2.883101961720529,3.088431796900006,6.933018972725924,6.875342416922783,2.883101961720529,3.088431796900006,41.37353433835846,43.812709030100336,-0.08316969871520996,-0.26350343227386475,1e-05,15.0,1.220703125e-08
1105,74.3161113873199,79.02298039975373,0.003025926813760919,0.0030244639366055312,475.9349219036262,475.76778021464776,2.8573525870465355,3.088983248707443,6.841513165676814,6.871227988431286,2.8573525870465355,3.088983248707443,41.37353433835846,43.812709030100336,-0.07626652717590332,-0.2619580030441284,1e-05,15.0,1.220703125e-08
1106,73.99209957665934,79.00916555653448,0.0030256843980607673,0.0030230040207231126,475.93504698991376,475.7684733413135,2.8455801776905156,3.089156335014165,6.806089136069344,6.864328210569146,2.8455801776905156,3.089156335014165,41.37353433835846,43.812709030100336,-0.08561480045318604,-0.261934757232666,1e-05,15.0,1.220703125e-08
1107,75.43933229430436,78.92159077315824,0.0030253050678021197,0.0030225551193486587,475.9357205235978,475.7693234446854,2.9109279718031638,3.0869958496412706,6.862203113996803,6.846585697952322,2.9109279718031638,3.0869958496412706,41.37353433835846,43.812709030100336,-0.11208462715148926,-0.25906622409820557,1e-05,15.0,1.220703125e-08
1108,73.99084091825502,79.00467036320613,0.0030259118100294416,0.0030231286879055775,475.93610825530646,475.7690620549945,2.8443128659297874,3.0919679766115933,6.8157219279750905,6.840038766829067,2.8443128659297874,3.0919679766115933,41.37353433835846,43.812709030100336,-0.06450498104095459,-0.26233983039855957,1e-05,15.0,1.220703125e-08
1109,74.60055213557615,78.85220148092927,0.0030255348248472763,0.003022801240806446,475.9359561785981,475.7689965289572,2.8687500422524046,3.086353876917657,6.864112769339352,6.823965120475029,2.8687500422524046,3.086353876917657,41.37353433835846,43.812709030100336,-0.08108365535736084,-0.25681257247924805,1e-05,15.0,1.220703125e-08
1110,73.9915397554586,78.76111237899117,0.003025265034581449,0.003023631525004787,475.93579602521066,475.7691403392167,2.844668049309122,3.0818624958944163,6.813166171861454,6.823452857027085,2.844668049309122,3.0818624958944163,41.37353433835846,43.812709030100336,-0.06093299388885498,-0.25469303131103516,1e-05,15.0,1.220703125e-08
1111,74.0621689456192,78.78777831214727,0.0030253645792366374,0.0030235953482621687,475.9362370732242,475.76936702664483,2.8510325006903514,3.0855043253372347,6.790501600933235,6.80498499056966,2.8510325006903514,3.0855043253372347,41.37353433835846,43.812709030100336,-0.07191777229309082,-0.2584601640701294,1e-05,15.0,1.220703125e-08
1112,73.59987828240322,78.66959707713048,0.00302535309526489,0.003022945889374584,475.93633583362777,475.7691708567948,2.832884494982772,3.079822602479354,6.750768742968688,6.803169776763406,2.832884494982772,3.079822602479354,41.37353433835846,43.812709030100336,-0.07737565040588379,-0.2534724473953247,1e-05,15.0,1.220703125e-08
1113,73.90435776958114,78.63559271260648,0.0030257636439398406,0.0030228460431846486,475.9365364726464,475.76908808169156,2.8427649434886786,3.0806203327051374,6.7935131662455035,6.7831895518861085,2.8427649434886786,3.0806203327051374,41.37353433835846,43.812709030100336,-0.05005443096160889,-0.25301074981689453,1e-05,15.0,1.220703125e-08
1114,74.7429177493506,78.89035156658262,0.003025043328718549,0.003023324954793804,475.93597197412845,475.7684516013665,2.888032974709618,3.09373855431343,6.766799316534046,6.78014339970107,2.888032974709618,3.09373855431343,41.37353433835846,43.812709030100336,-0.08549058437347412,-0.26513493061065674,1e-05,15.0,1.220703125e-08
1115,74.3984364137378,78.72500712417042,0.0030252574112303744,0.003024060707414728,475.9352489580062,475.7673835881976,2.869716180628868,3.0876544183711943,6.775539819918685,6.762671826276492,2.869716180628868,3.0876544183711943,41.37353433835846,43.812709030100336,-0.07293272018432617,-0.2614870071411133,1e-05,15.0,1.220703125e-08
1116,74.41860062233367,78.69918310363157,0.0030253182486685575,0.003022843871396471,475.93433297059846,475.76755791603523,2.878799973620442,3.0873527136136056,6.710934893769435,6.75476485191779,2.878799973620442,3.0873527136136056,41.37353433835846,43.812709030100336,-0.08640336990356445,-0.26048052310943604,1e-05,15.0,1.220703125e-08
1117,74.005095425962,78.64608759545163,0.0030251624756079273,0.0030235247351665263,475.93515341805056,475.7688308766853,2.8484654570344703,3.08516579407912,6.788209858451856,6.751016761945642,2.8484654570344703,3.08516579407912,41.37353433835846,43.812709030100336,-0.06255078315734863,-0.25794339179992676,1e-05,15.0,1.220703125e-08
1118,74.30118601685592,78.57714205840759,0.0030249854556785604,0.0030233454758170557,475.93645877295006,475.7701256793478,2.8644017110917237,3.081427483255648,6.779156560274823,6.753348540302902,2.8644017110917237,3.081427483255648,41.37353433835846,43.812709030100336,-0.08259153366088867,-0.25787079334259033,1e-05,15.0,1.220703125e-08
1119,73.42924795997402,78.63812143587349,0.00302539358751683,0.003023896283815836,475.9373122427731,475.7703262380134,2.831818661298384,3.0877533852057315,6.691042109350463,6.727127650908403,2.831818661298384,3.0877533852057315,41.37353433835846,43.812709030100336,-0.06555283069610596,-0.26132750511169434,1e-05,15.0,1.220703125e-08
1120,74.02192548691129,78.68066712446436,0.003025254041621059,0.003023521394552943,475.93754656869964,475.77067499575406,2.8622830129748014,3.0902773887417387,6.684400429078682,6.723955372902861,2.8622830129748014,3.0902773887417387,41.37353433835846,43.812709030100336,-0.08785080909729004,-0.2612408399581909,1e-05,15.0,1.220703125e-08
1121,73.34983502360843,78.56049150447781,0.003025570259175234,0.003023551433599464,475.9376640383722,475.7706923468854,2.82786433900421,3.086795971943782,6.690911011080845,6.703738419905953,2.82786433900421,3.086795971943782,41.37353433835846,43.812709030100336,-0.07332384586334229,-0.25806689262390137,1e-05,15.0,1.220703125e-08
1122,72.92187974121502,78.60646355670431,0.003025275880511432,0.0030227080875241436,475.9374658019099,475.77016497455713,2.8039450649440387,3.0898748648206524,6.711085199710712,6.697503230244818,2.8039450649440387,3.0898748648206524,41.37353433835846,43.812709030100336,-0.03679847717285156,-0.2621830701828003,1e-05,15.0,1.220703125e-08
1123,73.94941351042321,78.52768260738921,0.003025052001952526,0.0030226620649264806,475.9372452779032,475.7703219512633,2.858340674309275,3.087208255876267,6.686936266657895,6.687323015270424,2.858340674309275,3.087208255876267,41.37353433835846,43.812709030100336,-0.07713782787322998,-0.2613654136657715,1e-05,15.0,1.220703125e-08
1124,73.38950933204025,78.45766834271791,0.003024933530545015,0.003023419107924088,475.93741233225046,475.7704004396164,2.8380416070596257,3.083249902246788,6.62536723809426,6.690978788611881,2.8380416070596257,3.083249902246788,41.37353433835846,43.812709030100336,-0.06398200988769531,-0.2588918209075928,1e-05,15.0,1.220703125e-08
1125,73.00169344443572,78.5156892757352,0.003025177784710249,0.003023690125908092,475.93707827467415,475.7694719499569,2.826731288053682,3.0896442765774936,6.560722160978333,6.663029158793165,2.826731288053682,3.0896442765774936,41.37353433835846,43.812709030100336,-0.0547635555267334,-0.262559175491333,1e-05,15.0,1.220703125e-08
1126,73.19864287767777,78.41993884338584,0.003024958239063321,0.003023473425210768,475.93639410840007,475.7694021371695,2.829686188018901,3.084776490029683,6.615864556438759,6.663671289399316,2.829686188018901,3.084776490029683,41.37353433835846,43.812709030100336,-0.06252491474151611,-0.26046252250671387,1e-05,15.0,1.220703125e-08
1127,74.16651871775463,78.40869125315179,0.003025490775005502,0.003022496259138985,475.9364571882852,475.7693105844351,2.8699851527285936,3.084312977998153,6.680617956260541,6.662890612879725,2.8699851527285936,3.084312977998153,41.37353433835846,43.812709030100336,-0.08962702751159668,-0.25644779205322266,1e-05,15.0,1.220703125e-08
1128,73.79026243634759,78.46343136790604,0.0030250093541646273,0.003023504467998759,475.9368700190405,475.77050944554765,2.860048398300631,3.0891050040522545,6.609614021614369,6.646439740490355,2.860048398300631,3.0891050040522545,41.37353433835846,43.812709030100336,-0.07544207572937012,-0.2624713182449341,1e-05,15.0,1.220703125e-08
1129,73.62159502805777,78.44716031894237,0.003025046362146935,0.003022491633674024,475.937680396203,475.77054435194134,2.8514940035802434,3.0905520190363345,6.610582130438519,6.6283646905701294,2.8514940035802434,3.0905520190363345,41.37353433835846,43.812709030100336,-0.08249568939208984,-0.2617429494857788,1e-05,15.0,1.220703125e-08
1130,73.55748562197789,78.28515635206548,0.0030249747423489438,0.0030233776368150944,475.93763137382876,475.77091056287884,2.852102782858077,3.0839716471158543,6.580068893368719,6.6161986641261885,2.852102782858077,3.0839716471158543,41.37353433835846,43.812709030100336,-0.06354713439941406,-0.25633668899536133,1e-05,15.0,1.220703125e-08
1131,74.01470749182518,78.25313843692027,0.0030248602181423448,0.0030224929325419624,475.93768627479847,475.770600998282,2.874345878460499,3.083401412070794,6.585013149172018,6.607962399422125,2.874345878460499,3.083401412070794,41.37353433835846,43.812709030100336,-0.09574925899505615,-0.2574383020401001,1e-05,15.0,1.220703125e-08
1132,73.788693285867,78.3745086057529,0.0030248170309829553,0.003022382081794649,475.9379652780504,475.7710022176787,2.866161546116099,3.090066649842023,6.560083368515449,6.603186451073076,2.866161546116099,3.090066649842023,41.37353433835846,43.812709030100336,-0.08820223808288574,-0.26385176181793213,1e-05,15.0,1.220703125e-08
1133,72.62483933543041,78.22045962228424,0.00302523272494213,0.0030218863580998867,475.9384981855076,475.77171300167225,2.808578476833938,3.0826675828085297,6.555201854737759,6.600764314466495,2.808578476833938,3.0826675828085297,41.37353433835846,43.812709030100336,-0.05314826965332031,-0.25508904457092285,1e-05,15.0,1.220703125e-08
1134,73.6938834134458,78.22214681567954,0.0030246679975309563,0.003023057092093305,475.9388747223258,475.77214902539714,2.8665175509812246,3.0856345042735835,6.519311546280955,6.577694478242294,2.8665175509812246,3.0856345042735835,41.37353433835846,43.812709030100336,-0.09136056900024414,-0.2567927837371826,1e-05,15.0,1.220703125e-08
1135,72.99250140421753,78.19917766864484,0.0030251355124933884,0.0030224531114936173,475.938882390059,475.77202695508464,2.8233730665203716,3.0849547115058007,6.583911206454688,6.573950651098653,2.8233730665203716,3.0849547115058007,41.37353433835846,43.812709030100336,-0.06675755977630615,-0.2580716609954834,1e-05,15.0,1.220703125e-08
1136,72.86055658490613,78.30873107910156,0.0030244179190896214,0.0030227985309380853,475.9390346201221,475.77214902539714,2.8259938042766883,3.089202065132932,6.51017329441243,6.5837890105103964,2.8259938042766883,3.089202065132932,41.37353433835846,43.812709030100336,-0.05861794948577881,-0.26242923736572266,1e-05,15.0,1.220703125e-08
1137,73.4449214839456,78.11013505610335,0.0030246977612432375,0.0030229660498607516,475.9391636425127,475.77143834346913,2.849401118567641,3.0815290009297653,6.5566577272399185,6.565735560197097,2.849401118567641,3.0815290009297653,41.37353433835846,43.812709030100336,-0.07130885124206543,-0.2540704011917114,1e-05,15.0,1.220703125e-08
1138,73.68777362305914,78.08713995892069,0.003024708489782896,0.0030231661113433814,475.93836267110294,475.7712422756846,2.8628374591744326,3.0834037834984005,6.5463091708108205,6.541538015257156,2.8628374591744326,3.0834037834984005,41.37353433835846,43.812709030100336,-0.07559669017791748,-0.2556333541870117,1e-05,15.0,1.220703125e-08
1139,73.45652111571039,78.18452001973539,0.003024648373066705,0.0030223935325458698,475.93851602576683,475.77197479962507,2.860266793712699,3.090053861356499,6.474373164089082,6.527296994442127,2.860266793712699,3.090053861356499,41.37353433835846,43.812709030100336,-0.07170760631561279,-0.2646152973175049,1e-05,15.0,1.220703125e-08
1140,72.95174172815166,78.11454706606658,0.0030248886574109645,0.003022376702550213,475.9390245498325,475.7719922528219,2.8382448750724345,3.0872242937119907,6.448635473522908,6.521942411378076,2.8382448750724345,3.0872242937119907,41.37353433835846,43.812709030100336,-0.06937134265899658,-0.2608952522277832,1e-05,15.0,1.220703125e-08
1141,73.33259172295806,78.23590557391827,0.0030247902028087896,0.0030218687120289306,475.9385206264068,475.7716391062657,2.853075674430809,3.0944180648063737,6.482329829454023,6.512940606145954,2.853075674430809,3.0944180648063737,41.37353433835846,43.812709030100336,-0.07988667488098145,-0.2652169466018677,1e-05,15.0,1.220703125e-08
1142,73.53663228864046,78.00882488748302,0.0030245368159883086,0.0030218851627987564,475.938337981002,475.7710418190845,2.8678789338474497,3.084675626212538,6.445521783589118,6.5000475513496525,2.8678789338474497,3.084675626212538,41.37353433835846,43.812709030100336,-0.07136154174804688,-0.2595878839492798,1e-05,15.0,1.220703125e-08
1143,73.15334775020528,77.99826506547704,0.003024694056622996,0.0030220171474044937,475.93824474136636,475.77148223162493,2.8500901993794656,3.084844342043567,6.434516925108892,6.494472026824951,2.8500901993794656,3.084844342043567,41.37353433835846,43.812709030100336,-0.07995808124542236,-0.2595829963684082,1e-05,15.0,1.220703125e-08
1144,72.94576827006124,77.96025172204875,0.0030245550025185847,0.0030222518539311594,475.9385272206573,475.7713383193,2.842028046772508,3.083554470419485,6.415982521159365,6.489584532071117,2.842028046772508,3.083554470419485,41.37353433835846,43.812709030100336,-0.06094527244567871,-0.2569539546966553,1e-05,15.0,1.220703125e-08
1145,71.81006380780858,77.98247045816785,0.003024960359889184,0.003022865319848808,475.9387712590459,475.7722147555654,2.7877026582682753,3.0864266990419216,6.3963010147388655,6.475490742303855,2.7877026582682753,3.0864266990419216,41.37353433835846,43.812709030100336,-0.03893899917602539,-0.25803422927856445,1e-05,15.0,1.220703125e-08
1146,73.36603420902937,77.81374091208978,0.003024771641097476,0.0030218767824529806,475.93984622412194,475.7730823121342,2.8591935275188045,3.0791801321865324,6.4467641840029,6.465977282827116,2.8591935275188045,3.0791801321865324,41.37353433835846,43.812709030100336,-0.06812632083892822,-0.2545287609100342,1e-05,15.0,1.220703125e-08
1147,72.77460277819354,77.96920332382355,0.0030250027475463635,0.0030223787014674783,475.94027919545647,475.7738147340092,2.8392621664146285,3.0879823172770218,6.369640289638909,6.4577402877169705,2.8392621664146285,3.0879823172770218,41.37353433835846,43.812709030100336,-0.055774688720703125,-0.25817883014678955,1e-05,15.0,1.220703125e-08
1148,73.59019704080707,77.95423669719376,0.003024438453036387,0.003023081674025609,475.94107612852673,475.7741809449467,2.8816704286802155,3.0879715772775502,6.3566155801067,6.451834801447432,2.8816704286802155,3.0879715772775502,41.37353433835846,43.812709030100336,-0.07783949375152588,-0.2604421377182007,1e-05,15.0,1.220703125e-08
1149,73.93769832591914,77.76810904410372,0.0030246723011928536,0.0030228774099109266,475.9414227100673,475.7738103451936,2.896099405272722,3.0810916200529372,6.380182961922395,6.43242388983634,2.896099405272722,3.0810916200529372,41.37353433835846,43.812709030100336,-0.08034074306488037,-0.25527429580688477,1e-05,15.0,1.220703125e-08
1150,72.83208392732706,77.79961216649085,0.003024016403619643,0.003020894001191326,475.9407685501891,475.77343535662493,2.8399885854928737,3.0831652174027866,6.386828560725329,6.4284533353952265,2.8399885854928737,3.0831652174027866,41.37353433835846,43.812709030100336,-0.060922861099243164,-0.2577723264694214,1e-05,15.0,1.220703125e-08
1151,72.27710625474377,77.84630804157577,0.003024231747004954,0.0030211971396810833,475.9403330740617,475.7730779233186,2.8310071251899553,3.088001356475728,6.236687708140618,6.4084396936423005,2.8310071251899553,3.088001356475728,41.37353433835846,43.812709030100336,-0.06473433971405029,-0.2601349353790283,1e-05,15.0,1.220703125e-08
1152,72.79429887167773,77.8087438372864,0.0030237683781439836,0.0030221200390815437,475.9403270932298,475.77325235322166,2.8493797511511314,3.0866211202232336,6.296587628535489,6.404447437528782,2.8493797511511314,3.0866211202232336,41.37353433835846,43.812709030100336,-0.07542455196380615,-0.26269805431365967,1e-05,15.0,1.220703125e-08
1153,73.13564501176128,77.72239889189551,0.0030241858321780235,0.0030211330357203916,475.9409763457587,475.7742158513404,2.857847128681202,3.082893078941167,6.36538353158002,6.399741260503048,2.857847128681202,3.082893078941167,41.37353433835846,43.812709030100336,-0.07054448127746582,-0.2563720941543579,1e-05,15.0,1.220703125e-08
1154,72.66363734975333,77.7195798433744,0.0030241134639679636,0.003021955787574866,475.94146820528425,475.77473015928746,2.842084759244168,3.0850213929562265,6.302679446873753,6.381581403738679,2.842084759244168,3.0850213929562265,41.37353433835846,43.812709030100336,-0.0648195743560791,-0.2577786445617676,1e-05,15.0,1.220703125e-08
1155,73.22082355952942,77.82672221206104,0.0030242312302535255,0.003022455280945702,475.9420842309693,475.7755673003436,2.8619776227366387,3.0905515326305375,6.366411454314163,6.380193936784929,2.8619776227366387,3.0905515326305375,41.37353433835846,43.812709030100336,-0.07431924343109131,-0.26289868354797363,1e-05,15.0,1.220703125e-08
1156,72.53806993749673,77.64755930310508,0.0030237851509203515,0.0030211973296833477,475.9431341481169,475.7762997222186,2.8324752908256188,3.0830260718546585,6.329331659991138,6.368741946076868,2.8324752908256188,3.0830260718546585,41.37353433835846,43.812709030100336,-0.054967403411865234,-0.25799810886383057,1e-05,15.0,1.220703125e-08
1157,73.07666066743221,77.60117674352334,0.0030244201818758767,0.003022017229167763,475.94320714493693,475.77599025968726,2.8671359748297203,3.0824132236748634,6.267477308685456,6.3550862404813735,2.8671359748297203,3.0824132236748634,41.37353433835846,43.812709030100336,-0.08336520195007324,-0.2577627897262573,1e-05,15.0,1.220703125e-08
1158,73.04127074326303,77.45351167506597,0.0030239153020801507,0.0030226265337243425,475.9434055858721,475.7765090585154,2.8618534905227584,3.075607658628636,6.2955854190653895,6.350459405012354,2.8618534905227584,3.075607658628636,41.37353433835846,43.812709030100336,-0.05646932125091553,-0.2501344680786133,1e-05,15.0,1.220703125e-08
1159,72.73881662391139,77.52280979730612,0.003024497077218452,0.0030227962150908136,475.9431502503566,475.7754365544654,2.85264102777644,3.080727597941523,6.248298522815033,6.337217806175002,2.85264102777644,3.080727597941523,41.37353433835846,43.812709030100336,-0.07121527194976807,-0.25479578971862793,1e-05,15.0,1.220703125e-08
1160,72.04794228456328,77.59888619005082,0.0030241746621571444,0.0030232349046222544,475.94254848665526,475.77560649348743,2.8219060107092164,3.08559459906358,6.217831277767417,6.328707773151207,2.8219060107092164,3.08559459906358,41.37353433835846,43.812709030100336,-0.05201458930969238,-0.2607978582382202,1e-05,15.0,1.220703125e-08
1161,74.03550455678048,77.43654356991567,0.0030240947248061597,0.0030219647846493037,475.9425973556749,475.77551494075306,2.914357079932438,3.0785508490725104,6.27324888175057,6.320130139290289,2.914357079932438,3.0785508490725104,41.37353433835846,43.812709030100336,-0.09757518768310547,-0.25231826305389404,1e-05,15.0,1.220703125e-08
1162,72.45476209937628,77.4941921935831,0.003024221138585627,0.00302123652387996,475.94233256328846,475.7752141537874,2.8470217494709007,3.083547196659356,6.179633515963403,6.303225931913956,2.8470217494709007,3.083547196659356,41.37353433835846,43.812709030100336,-0.06550776958465576,-0.25607025623321533,1e-05,15.0,1.220703125e-08
1163,73.16737450067721,77.55780427352242,0.0030244600860061905,0.0030224912521120994,475.94185000727924,475.77500491955607,2.871219159770052,3.087202954850468,6.2710971768377615,6.29941479896622,2.871219159770052,3.087202954850468,41.37353433835846,43.812709030100336,-0.08459198474884033,-0.25975561141967773,1e-05,15.0,1.220703125e-08
1164,72.32763572194469,77.40631305094945,0.003023845181836305,0.00302194548462421,475.94173003281384,475.7747563901155,2.8362364193901946,3.081966119466418,6.2150687772025615,6.280716998122608,2.8362364193901946,3.081966119466418,41.37353433835846,43.812709030100336,-0.056313157081604004,-0.25536370277404785,1e-05,15.0,1.220703125e-08
1165,73.78396234560252,77.37647943911345,0.003024245515993018,0.003022198115216948,475.94183032676403,475.77513576749976,2.9066242504758852,3.082230175617945,6.234492640599134,6.266668809297491,2.9066242504758852,3.082230175617945,41.37353433835846,43.812709030100336,-0.09707498550415039,-0.2582939863204956,1e-05,15.0,1.220703125e-08
1166,72.54575650775853,77.4400754182235,0.003024281892953581,0.003022563519940578,475.9422113108675,475.7751880250248,2.847385135327951,3.086867428942269,6.213123627443808,6.255009472569494,2.847385135327951,3.086867428942269,41.37353433835846,43.812709030100336,-0.06498551368713379,-0.2599804401397705,1e-05,15.0,1.220703125e-08
1167,72.62701545089134,77.3287308861978,0.0030237921202396177,0.0030210659431175245,475.9416213554753,475.7742987285091,2.860002012508399,3.082875890476648,6.144695663771637,6.242413996055373,2.860002012508399,3.082875890476648,41.37353433835846,43.812709030100336,-0.06593143939971924,-0.2559894323348999,1e-05,15.0,1.220703125e-08
1168,71.79860237415512,77.35873231919713,0.003023935764266718,0.003021201945025237,475.941030224364,475.77376247648414,2.828250710089602,3.0847309464993686,6.067339982619038,6.23957248674986,2.828250710089602,3.0847309464993686,41.37353433835846,43.812709030100336,-0.06885457038879395,-0.25741660594940186,1e-05,15.0,1.220703125e-08
1169,72.79350690985444,77.3445597364751,0.0030237319118731733,0.0030203926428392478,475.9405462881628,475.7732655196684,2.868929876154991,3.0840603069318178,6.1398699032002355,6.239276614874901,2.868929876154991,3.0840603069318178,41.37353433835846,43.812709030100336,-0.08002758026123047,-0.2584425210952759,1e-05,15.0,1.220703125e-08
1170,72.36955776246549,77.44878839090914,0.003023937985322858,0.003021705507092103,475.9399706969908,475.7725896420686,2.8459789217816325,3.0905578806248797,6.153896356547498,6.228975447523953,2.8459789217816325,3.0905578806248797,41.37353433835846,43.812709030100336,-0.04969477653503418,-0.263081431388855,1e-05,15.0,1.220703125e-08
1171,72.53808729213287,77.27937475096023,0.003023643610169066,0.003021820254443232,475.938707310151,475.77087188006243,2.8633023099084594,3.083088384424165,6.082723752537764,6.220966672418907,2.8633023099084594,3.083088384424165,41.37353433835846,43.812709030100336,-0.08391642570495605,-0.2561607360839844,1e-05,15.0,1.220703125e-08
1172,72.3420484277671,77.30996012607945,0.0030240063649918914,0.0030216215486734807,475.9375691629534,475.77046647598115,2.846444483777786,3.0867555564063847,6.139167387082149,6.203863950876089,2.846444483777786,3.0867555564063847,41.37353433835846,43.812709030100336,-0.08409345149993896,-0.25879883766174316,1e-05,15.0,1.220703125e-08
1173,73.01913792084609,77.2358551535718,0.003023453156652562,0.0030215675335215487,475.93699270277165,475.76972537854044,2.8879412710167456,3.0844987706595837,6.078034824262712,6.19227724808913,2.8879412710167456,3.0844987706595837,41.37353433835846,43.812709030100336,-0.0957719087600708,-0.2553800344467163,1e-05,15.0,1.220703125e-08
1174,72.71649161615164,77.23871479863706,0.0030233029504673214,0.0030215863250569754,475.9366613033429,475.76979080251226,2.876628015508604,3.0858843876765323,6.047482094373335,6.182333032423038,2.876628015508604,3.0858843876765323,41.37353433835846,43.812709030100336,-0.08159136772155762,-0.25900495052337646,1e-05,15.0,1.220703125e-08
1175,72.6432250388703,77.16098969118252,0.003023714720625649,0.0030216867529341707,475.9363650221321,475.76895815233723,2.8676181766056335,3.081408377076471,6.090251569572206,6.1870518209144825,2.8676181766056335,3.081408377076471,41.37353433835846,43.812709030100336,-0.06529843807220459,-0.2557685375213623,1e-05,15.0,1.220703125e-08
1176,72.66271608438923,77.20723035423254,0.003023584339365213,0.0030211563242356415,475.93574986545684,475.76851355511207,2.8616412536582754,3.085938941674886,6.145863395639799,6.169308673577962,2.8616412536582754,3.085938941674886,41.37353433835846,43.812709030100336,-0.09089374542236328,-0.25931620597839355,1e-05,15.0,1.220703125e-08
1177,72.12915306155206,77.1809575007512,0.003023308662423112,0.003021436079987714,475.93528586536195,475.76804272705897,2.8423908491629852,3.0863856878567697,6.086444346749004,6.1552236582523205,2.8423908491629852,3.0863856878567697,41.37353433835846,43.812709030100336,-0.07041740417480469,-0.25886964797973633,1e-05,15.0,1.220703125e-08
1178,72.6273431953673,77.1838251834729,0.0030231294881277898,0.0030215348539107717,475.9350281272901,475.76828247886834,2.87229022428618,3.0876941377901312,6.046526622133239,6.145902373718976,2.87229022428618,3.0876941377901312,41.37353433835846,43.812709030100336,-0.06600987911224365,-0.2627781629562378,1e-05,15.0,1.220703125e-08
1179,72.00840827008987,77.16661360112322,0.003023449262101796,0.003021306867546162,475.9358248047693,475.7689974475465,2.8412130194493077,3.0898573023818408,6.047567727777427,6.121712483689937,2.8412130194493077,3.0898573023818408,41.37353433835846,43.812709030100336,-0.06610405445098877,-0.263477087020874,1e-05,15.0,1.220703125e-08
1180,71.74525083608962,77.06029188991789,0.003023263297107701,0.0030199476988070385,475.9360562169572,475.76912390667457,2.8336628453815402,3.084579199851556,6.0027077106175515,6.121421338722459,2.8336628453815402,3.084579199851556,41.37353433835846,43.812709030100336,-0.045685648918151855,-0.25994694232940674,1e-05,15.0,1.220703125e-08
1181,71.89505956959684,77.26729928211225,0.0030234296805376633,0.003021675100500219,475.93602498372394,475.7697386470527,2.8419395323774124,3.095651295671495,5.9964164769030495,6.115632218262025,2.8419395323774124,3.095651295671495,41.37353433835846,43.812709030100336,-0.05040943622589111,-0.2664604187011719,1e-05,15.0,1.220703125e-08
1182,72.2824487606285,77.07944776860369,0.0030234864034644725,0.003021344430370873,475.93682636407954,475.76994788128394,2.861138372565035,3.0881637131490036,5.997781448428156,6.100395429094499,2.861138372565035,3.0881637131490036,41.37353433835846,43.812709030100336,-0.07384860515594482,-0.2605419158935547,1e-05,15.0,1.220703125e-08
1183,72.05704595415637,77.06147350196456,0.0030227739167348225,0.0030215662689163135,475.93720918843894,475.7700741362811,2.8554207164438528,3.089107762212339,5.9533665319982685,6.085650310069821,2.8554207164438528,3.089107762212339,41.37353433835846,43.812709030100336,-0.07538115978240967,-0.26269638538360596,1e-05,15.0,1.220703125e-08
1184,72.56187274747558,76.97988669609147,0.00302341796997529,0.0030209203904812353,475.93684875386043,475.7694637847186,2.8803845689923717,3.0855491089581646,5.9555816642403405,6.081491210388898,2.8803845689923717,3.0855491089581646,41.37353433835846,43.812709030100336,-0.08629906177520752,-0.25743067264556885,1e-05,15.0,1.220703125e-08
1185,71.69364829518688,76.93361592372524,0.0030235155739851134,0.003021720368539709,475.93607421057106,475.76819072200306,2.8389753644390523,3.084492594900737,5.9395641625626405,6.071428361146347,2.8389753644390523,3.084492594900737,41.37353433835846,43.812709030100336,-0.06597912311553955,-0.2596626281738281,1e-05,15.0,1.220703125e-08
1186,72.50996800203819,76.86403533527285,0.003023442183972229,0.003021153193091768,475.9352301465007,475.7679509701936,2.8748158713681016,3.084239775520503,5.979368524535417,6.045623854251211,2.8748158713681016,3.084239775520503,41.37353433835846,43.812709030100336,-0.08496248722076416,-0.2604559659957886,1e-05,15.0,1.220703125e-08
1187,71.9391755977867,76.92882198474081,0.003022880776640234,0.0030213556296027027,475.93413105362424,475.76618105272786,2.8474653829481933,3.0880589564907113,5.969859777383469,6.040982635523563,2.8474653829481933,3.0880589564907113,41.37353433835846,43.812709030100336,-0.06869173049926758,-0.26293671131134033,1e-05,15.0,1.220703125e-08
1188,71.52523311698057,76.96933669788781,0.003023306490507108,0.0030209460734922353,475.9326293536367,475.76493860965587,2.8305728739030798,3.0916497300699803,5.9394205547058005,6.028465924853067,2.8305728739030798,3.0916497300699803,41.37353433835846,43.812709030100336,-0.06751227378845215,-0.2634708881378174,1e-05,15.0,1.220703125e-08
1189,72.01038494781034,76.88992215159745,0.003023428465684305,0.0030210133093754982,475.9313792064162,475.7644111352621,2.8644353888142646,3.0896366120979537,5.862579228290961,6.0128047825102025,2.8644353888142646,3.0896366120979537,41.37353433835846,43.812709030100336,-0.07907283306121826,-0.2634580135345459,1e-05,15.0,1.220703125e-08
1190,72.23302082719914,76.80234387247857,0.0030237439905965646,0.0030211270389685963,475.9309604970654,475.7636657510713,2.876992466062357,3.0851896016494087,5.851175354553427,6.013349375198517,2.876992466062357,3.0851896016494087,41.37353433835846,43.812709030100336,-0.0878758430480957,-0.26077914237976074,1e-05,15.0,1.220703125e-08
1191,72.12288853630947,76.77836284828824,0.0030233871868001905,0.0030206307701853706,475.93034498256253,475.76306397300897,2.8741277985437033,3.084748477042718,5.830042065088473,6.0072901990501375,2.8741277985437033,3.084748477042718,41.37353433835846,43.812709030100336,-0.0765221118927002,-0.2579289674758911,1e-05,15.0,1.220703125e-08
1192,72.09121485571167,76.72124052526162,0.0030227060230071322,0.0030211770181298057,475.9298201517843,475.7631380725465,2.8692888307012305,3.0842962998610277,5.856090274887468,5.98805340476658,2.8692888307012305,3.0842962998610277,41.37353433835846,43.812709030100336,-0.07849442958831787,-0.2592266798019409,1e-05,15.0,1.220703125e-08
1193,72.4858548341684,76.83426064073441,0.0030227003157313544,0.0030208605148496236,475.93008714225425,475.76322084764973,2.8903543701523313,3.090581332560766,5.845421255134059,5.982983839551741,2.8903543701523313,3.090581332560766,41.37353433835846,43.812709030100336,-0.08965134620666504,-0.26370906829833984,1e-05,15.0,1.220703125e-08
1194,71.57403988734362,76.51979475754958,0.0030230390418077534,0.0030209360321840416,475.9306069123286,475.76379619075306,2.8501260248660243,3.075724002908305,5.802519818246863,5.976053363902114,2.8501260248660243,3.075724002908305,41.37353433835846,43.812709030100336,-0.07934093475341797,-0.2503713369369507,1e-05,15.0,1.220703125e-08
1195,72.10759531912493,76.66399766290466,0.0030232078116543127,0.003020403005749635,475.93019193460793,475.7629067921718,2.8629626612767103,3.083570491510091,5.91324675302809,5.970969308578848,2.8629626612767103,3.083570491510091,41.37353433835846,43.812709030100336,-0.08898568153381348,-0.2566639184951782,1e-05,15.0,1.220703125e-08
1196,72.07688497418734,76.63179102868938,0.00302299113641532,0.003019658681223275,475.929355589389,475.76204352235317,2.872862729594935,3.084270316222838,5.821764183204178,5.952494522400923,2.872862729594935,3.084270316222838,41.37353433835846,43.812709030100336,-0.07651352882385254,-0.25593137741088867,1e-05,15.0,1.220703125e-08
1197,71.7351626934518,76.57990606811931,0.0030232504594422116,0.003020663375041158,475.9283461067545,475.76083588360945,2.858634826925332,3.083265003153313,5.79889638779351,5.939773089112247,2.858634826925332,3.083265003153313,41.37353433835846,43.812709030100336,-0.09162366390228271,-0.25656402111053467,1e-05,15.0,1.220703125e-08
1198,71.44972080761065,76.66766028260706,0.0030227437930515464,0.003020182414678078,475.92722058575754,475.7591442503658,2.847723166547229,3.088450773105175,5.772017208974765,5.933391641214938,2.847723166547229,3.088450773105175,41.37353433835846,43.812709030100336,-0.07139134407043457,-0.2598973512649536,1e-05,15.0,1.220703125e-08
1199,71.51156985540086,76.51094037314323,0.0030225013991914554,0.0030206559049931157,475.92537557579567,475.7578493456378,2.854389496185073,3.0819243635222264,5.743428232681811,5.922913115957509,2.854389496185073,3.0819243635222264,41.37353433835846,43.812709030100336,-0.07168710231781006,-0.2560187578201294,1e-05,15.0,1.220703125e-08
1200,72.16638517140144,76.55696253951976,0.0030227853406464035,0.0030210464453031883,475.9245682657264,475.7571735701035,2.8786636193593345,3.0844558146486314,5.811159241738631,5.921067119840794,2.8786636193593345,3.0844558146486314,41.37353433835846,43.812709030100336,-0.07268142700195312,-0.2581573724746704,1e-05,15.0,1.220703125e-08
1201,72.75199219210064,76.5616591335539,0.0030227474824617456,0.00302049587792203,475.9233053389506,475.75549959418765,2.9096940310556487,3.087928361318582,5.7971583666713595,5.895169135320146,2.9096940310556487,3.087928361318582,41.37353433835846,43.812709030100336,-0.09522414207458496,-0.2603116035461426,1e-05,15.0,1.220703125e-08
1202,71.14124577967965,76.44721755215954,0.0030225577601972636,0.003020710816426221,475.92265194584576,475.7560618729097,2.8357416121803936,3.0834653847991023,5.744481883855721,5.885092995238543,2.8357416121803936,3.0834653847991023,41.37353433835846,43.812709030100336,-0.047806739807128906,-0.2582268714904785,1e-05,15.0,1.220703125e-08
1203,71.78275987890298,76.3012548083047,0.0030223738165787565,0.003020051130900365,475.9225887637242,475.7552640270629,2.8692868518669603,3.077261817096468,5.732726390237984,5.876344811557527,2.8692868518669603,3.077261817096468,41.37353433835846,43.812709030100336,-0.06593036651611328,-0.25301527976989746,1e-05,15.0,1.220703125e-08
1204,71.4541929363206,76.4524886472568,0.0030231422325830213,0.0030199274526641123,475.9220733386987,475.75529015582543,2.8591834600247332,3.086598629138143,5.6821206147147585,5.8621426043303115,2.8591834600247332,3.086598629138143,41.37353433835846,43.812709030100336,-0.06772661209106445,-0.25681281089782715,1e-05,15.0,1.220703125e-08
1205,70.9821005203017,76.46737849513025,0.0030223603108414203,0.00301977954913915,475.9220489041889,475.7537512125379,2.8344708922720034,3.088687560231391,5.690990475154602,5.851389366647472,2.8344708922720034,3.088687560231391,41.37353433835846,43.812709030100336,-0.06221628189086914,-0.26097285747528076,1e-05,15.0,1.220703125e-08
1206,71.23316967068006,76.35551539392375,0.0030225970773759547,0.0030194828691689863,475.92005672486783,475.752587257819,2.8451749443808194,3.0850109623427375,5.705784363163576,5.836060284770851,2.8451749443808194,3.0850109623427375,41.37353433835846,43.812709030100336,-0.07551240921020508,-0.25975680351257324,1e-05,15.0,1.220703125e-08
1207,71.16223991815768,76.35499503859708,0.0030224521880754126,0.003019734898607019,475.9193433700894,475.75227330440663,2.854732585312733,3.087240754959974,5.600951676392675,5.818011095691285,2.854732585312733,3.087240754959974,41.37353433835846,43.812709030100336,-0.08050477504730225,-0.2595522403717041,1e-05,15.0,1.220703125e-08
1208,70.97806730541951,76.25949433495767,0.003022599988344002,0.0030204516432145267,475.91915336366077,475.75201181265027,2.8363817984135307,3.083031990057649,5.6740880659477195,5.813475884721431,2.8363817984135307,3.083031990057649,41.37353433835846,43.812709030100336,-0.07558822631835938,-0.25730443000793457,1e-05,15.0,1.220703125e-08
1209,71.53589002650787,76.23053065271282,0.0030224431852905243,0.0030196274912613987,475.9183865392228,475.75098727937524,2.875043617421059,3.0808480455723894,5.587923234431588,5.819367970112574,2.875043617421059,3.0808480455723894,41.37353433835846,43.812709030100336,-0.09200024604797363,-0.2558208703994751,1e-05,15.0,1.220703125e-08
1210,71.06578398789193,76.26300426470397,0.003022803008085245,0.0030200810017481598,475.9177200087351,475.75050767369095,2.8512417958609424,3.084058517596395,5.59029351367024,5.806670346786346,2.8512417958609424,3.084058517596395,41.37353433835846,43.812709030100336,-0.07193827629089355,-0.2593045234680176,1e-05,15.0,1.220703125e-08
1211,71.44871595117515,76.31071364999217,0.0030219534145265667,0.0030189132571756144,475.917248800971,475.7502067846598,2.8649925203179594,3.0895981055039625,5.633466945021995,5.781446192176844,2.8649925203179594,3.0895981055039625,41.37353433835846,43.812709030100336,-0.07420074939727783,-0.26225030422210693,1e-05,15.0,1.220703125e-08
1212,70.2641807568932,76.13614805087596,0.0030219525947443003,0.0030196527483247,475.9167062832882,475.74972738310646,2.805656964255737,3.081608441362413,5.6343376896089845,5.775530655647201,2.805656964255737,3.081608441362413,41.37353433835846,43.812709030100336,-0.042574286460876465,-0.25401294231414795,1e-05,15.0,1.220703125e-08
1213,70.8925981505632,76.15475474073736,0.0030222134286353687,0.0030200413956204086,475.9165883535516,475.7493786253658,2.842946725874091,3.083322179756037,5.587383961957104,5.769261050782474,2.842946725874091,3.083322179756037,41.37353433835846,43.812709030100336,-0.0629122257232666,-0.2592487335205078,1e-05,15.0,1.220703125e-08
1214,71.4940811489495,76.00524029683908,0.0030223950560374726,0.003019092923784037,475.9162795483766,475.74923042629075,2.8733415248206313,3.0789602400865843,5.584817531719879,5.744356861879993,2.8733415248206313,3.0789602400865843,41.37353433835846,43.812709030100336,-0.08205926418304443,-0.2524302005767822,1e-05,15.0,1.220703125e-08
1215,70.81743925979589,76.04273726549435,0.0030223178467440296,0.0030198815367480487,475.9160436889035,475.74869427633126,2.8526389642776158,3.0817262655915227,5.479781458325921,5.737222545521714,2.8526389642776158,3.0817262655915227,41.37353433835846,43.812709030100336,-0.06206023693084717,-0.25753867626190186,1e-05,15.0,1.220703125e-08
1216,70.96040068199886,75.97753204549834,0.003022083659286625,0.0030195091657938566,475.91568887732933,475.74817537543765,2.856800793403357,3.080773918126339,5.503673718003571,5.718761657791393,2.856800793403357,3.080773918126339,41.37353433835846,43.812709030100336,-0.062282681465148926,-0.25598812103271484,1e-05,15.0,1.220703125e-08
1217,70.69108633939146,75.88134046063375,0.0030219019792343755,0.0030196704730441337,475.91520151620733,475.74770015856893,2.838075204510585,3.077412390788662,5.545753695457624,5.707175809802818,2.838075204510585,3.077412390788662,41.37353433835846,43.812709030100336,-0.06126880645751953,-0.25300323963165283,1e-05,15.0,1.220703125e-08
1218,71.36562223450423,76.03340330092006,0.003022083678786679,0.0030195852079705947,475.9144507940091,475.7467932047254,2.8704506252678597,3.085321904823533,5.556563972428416,5.704726922472185,2.8704506252678597,3.085321904823533,41.37353433835846,43.812709030100336,-0.08172774314880371,-0.2581205368041992,1e-05,15.0,1.220703125e-08
1219,71.13273988656663,76.04522493292257,0.0030222740882330603,0.003019605137183515,475.9129859502591,475.7454852356161,2.8605796024827304,3.08775083915047,5.542377470326383,5.6900229214824565,2.8605796024827304,3.08775083915047,41.37353433835846,43.812709030100336,-0.08204305171966553,-0.26177000999450684,1e-05,15.0,1.220703125e-08
1220,71.04786524940376,75.94151790963367,0.0030220143241149497,0.0030201601174451335,475.91201311938926,475.74420349733487,2.8641575073676693,3.084289390506553,5.479806277819814,5.6762276317762295,2.8641575073676693,3.084289390506553,41.37353433835846,43.812709030100336,-0.08131563663482666,-0.2587069272994995,1e-05,15.0,1.220703125e-08
1221,70.90355112404879,75.86161288768551,0.0030221063214692736,0.0030200377038141157,475.91069667183575,475.74299596065663,2.860032599974717,3.081908359974124,5.455079024361206,5.66331530893128,2.860032599974717,3.081908359974124,41.37353433835846,43.812709030100336,-0.07280600070953369,-0.2548482418060303,1e-05,15.0,1.220703125e-08
1222,70.44919938897368,75.92900136481958,0.0030218556077161824,0.003019898099650358,475.9098574639964,475.74226343671614,2.830270793969108,3.0859658590527284,5.511435282689643,5.657812340203735,2.830270793969108,3.0859658590527284,41.37353433835846,43.812709030100336,-0.04771149158477783,-0.25970911979675293,1e-05,15.0,1.220703125e-08
1223,70.55507645215621,75.99738145911175,0.003022100088862044,0.0030207345098643298,475.9087089397999,475.740985985185,2.845647890563786,3.0905836170732375,5.430767719869438,5.648215073805589,2.845647890563786,3.0905836170732375,41.37353433835846,43.812709030100336,-0.07282555103302002,-0.26341569423675537,1e-05,15.0,1.220703125e-08
1224,69.87367537353107,75.9066767867991,0.003021820365268756,0.0030185983704720753,475.90739975103384,475.73996594279106,2.8122654472363853,3.0874069598207505,5.4252682802465495,5.637363252033757,2.8122654472363853,3.0874069598207505,41.37353433835846,43.812709030100336,-0.045535922050476074,-0.2583385705947876,1e-05,15.0,1.220703125e-08
1225,70.19150024362945,75.81826322931909,0.0030214796349768164,0.0030188901360803924,475.9065574761012,475.7392946581378,2.8257976920161414,3.0840760712639543,5.444143504153943,5.6286419339004565,2.8257976920161414,3.0840760712639543,41.37353433835846,43.812709030100336,-0.06958353519439697,-0.25961601734161377,1e-05,15.0,1.220703125e-08
1226,70.32810157507508,75.69743268067222,0.003021681981186197,0.003018377136974829,475.9060528881386,475.7384617017663,2.836613167869785,3.080503670268234,5.4122587656056265,5.60889303245672,2.836613167869785,3.080503670268234,41.37353433835846,43.812709030100336,-0.07058095932006836,-0.2554088830947876,1e-05,15.0,1.220703125e-08
1227,71.1001934326274,75.77201608511118,0.003021242739351925,0.003019653264601344,475.90521332247175,475.73813897072273,2.8701361044367752,3.085836821973922,5.45291468526051,5.596051488831689,2.8701361044367752,3.085836821973922,41.37353433835846,43.812709030100336,-0.07192611694335938,-0.2580169439315796,1e-05,15.0,1.220703125e-08
1228,69.8092798843256,75.69799199949539,0.0030209014954285657,0.0030191317122790925,475.90512335440224,475.7380518068039,2.8204379932365224,3.0828027621559473,5.3341371889290095,5.5907176681186845,2.8204379932365224,3.0828027621559473,41.37353433835846,43.812709030100336,-0.054500699043273926,-0.2565118074417114,1e-05,15.0,1.220703125e-08
1229,70.71358635677166,75.72202147927173,0.0030218231604064827,0.003019477978168074,475.90485534156784,475.73770743787884,2.8584331883058276,3.086051947297061,5.391891171984137,5.574334278553226,2.8584331883058276,3.086051947297061,41.37353433835846,43.812709030100336,-0.07929563522338867,-0.2582361698150635,1e-05,15.0,1.220703125e-08
1230,71.13891763862853,75.69143686964361,0.00302102817596877,0.0030199869101350026,475.9041515458968,475.73594170509773,2.8863624316364076,3.0862245982307255,5.338595796869428,5.560715512687147,2.8863624316364076,3.0862245982307255,41.37353433835846,43.812709030100336,-0.07839977741241455,-0.2605234384536743,1e-05,15.0,1.220703125e-08
1231,70.38720756799133,75.62002190937565,0.003021020867348566,0.0030187022853580404,475.9024097947419,475.7349694293478,2.849065660032595,3.0837875871754012,5.336286121477034,5.551656581087655,2.849065660032595,3.0837875871754012,41.37353433835846,43.812709030100336,-0.06049191951751709,-0.2591022253036499,1e-05,15.0,1.220703125e-08
1232,69.78590279328364,75.69586666451649,0.0030215232008272527,0.0030195706486577374,475.9016652578485,475.73369657076324,2.8194148700241266,3.0897852082714987,5.332966516165677,5.534005900290499,2.8194148700241266,3.0897852082714987,41.37353433835846,43.812709030100336,-0.0513303279876709,-0.26138222217559814,1e-05,15.0,1.220703125e-08
1233,69.49057667538948,75.69815443670471,0.0030213616479506443,0.003020033584502728,475.9002488230541,475.7325194495976,2.806286311828511,3.090632450620466,5.319865513486878,5.52814024826356,2.806286311828511,3.090632450620466,41.37353433835846,43.812709030100336,-0.05749797821044922,-0.26467955112457275,1e-05,15.0,1.220703125e-08
1234,70.36737417096468,75.59160784973349,0.003021387744872789,0.003019240736201356,475.89938686760627,475.73199646608487,2.856769261448028,3.0873859510772603,5.2667207294572735,5.511499291678336,2.856769261448028,3.0873859510772603,41.37353433835846,43.812709030100336,-0.08309149742126465,-0.2588038444519043,1e-05,15.0,1.220703125e-08
1235,70.61471172952572,75.33582872371609,0.003020976680616413,0.003018438643199644,475.89889214546037,475.7316171907661,2.8666182518804093,3.0768417634294183,5.286867405301962,5.493547568751817,2.8666182518804093,3.0768417634294183,41.37353433835846,43.812709030100336,-0.07391703128814697,-0.2515244483947754,1e-05,15.0,1.220703125e-08
1236,70.387770494624,75.41980671962368,0.0030211381437927733,0.0030186196717505273,475.89853257989165,475.7310417455973,2.862276061695425,3.0811224757229603,5.230827308380024,5.492891994208397,2.862276061695425,3.0811224757229603,41.37353433835846,43.812709030100336,-0.08179771900177002,-0.2528284788131714,1e-05,15.0,1.220703125e-08
1237,70.52822481088303,75.28804689745441,0.003021175247715346,0.003018516574497257,475.89716491188034,475.7292149776599,2.866260202685792,3.0770714881029417,5.255134679963641,5.472595777798656,2.866260202685792,3.0770714881029417,41.37353433835846,43.812709030100336,-0.08501684665679932,-0.2533602714538574,1e-05,15.0,1.220703125e-08
1238,69.84472884365063,75.31891606563708,0.0030211892733241195,0.0030184811647719764,475.8958370649635,475.7278764909725,2.8375047615025712,3.080080998781134,5.211780314868818,5.460867065251073,2.8375047615025712,3.080080998781134,41.37353433835846,43.812709030100336,-0.06691360473632812,-0.2520730495452881,1e-05,15.0,1.220703125e-08
1239,70.55771974343152,75.31682668322304,0.00302097737403833,0.0030186367649460417,475.8946393650381,475.7273533033288,2.86909968409706,3.0805986980132034,5.244218442108563,5.455888818338962,2.86909968409706,3.0805986980132034,41.37353433835846,43.812709030100336,-0.07821011543273926,-0.25280940532684326,1e-05,15.0,1.220703125e-08
1240,69.93437109201199,75.28934124082227,0.003020734957168175,0.0030182993653102663,475.8941050773889,475.72609340706,2.845164657238141,3.0805233130885608,5.186361643537205,5.445500515775138,2.845164657238141,3.0805233130885608,41.37353433835846,43.812709030100336,-0.060268282890319824,-0.250490665435791,1e-05,15.0,1.220703125e-08
1241,69.69504245521635,75.20061171413664,0.003021127152002387,0.003018360373947184,475.8926802592062,475.72483789960677,2.8338408661847136,3.0793035429058264,5.181217585776119,5.419767071969533,2.8338408661847136,3.0793035429058264,41.37353433835846,43.812709030100336,-0.06373202800750732,-0.25261926651000977,1e-05,15.0,1.220703125e-08
1242,69.06095234473148,75.20872597072436,0.0030210100744587293,0.0030185257374343265,475.8913353388034,475.7233206962662,2.8043312866683783,3.081562833243788,5.16365870119539,5.404937610179684,2.8043312866683783,3.081562833243788,41.37353433835846,43.812709030100336,-0.058179616928100586,-0.2548617124557495,1e-05,15.0,1.220703125e-08
1243,69.38392846188952,75.278734392147,0.003020515126430459,0.003018239345619561,475.88916286551574,475.721406968541,2.829665349356493,3.086537187314751,5.090180234493722,5.393149200490486,2.829665349356493,3.086537187314751,41.37353433835846,43.812709030100336,-0.05981242656707764,-0.25823140144348145,1e-05,15.0,1.220703125e-08
1244,69.94163681873724,75.21920727886085,0.0030210165137665307,0.003018569296232135,475.8881782263368,475.72059616037836,2.8528301188694174,3.085123187323478,5.127942381592052,5.380646487143526,2.8528301188694174,3.085123187323478,41.37353433835846,43.812709030100336,-0.07335567474365234,-0.2573421001434326,1e-05,15.0,1.220703125e-08
1245,69.65268291939843,74.95265350852124,0.003020696898132962,0.0030186210118894495,475.8873346223304,475.7199725403036,2.838583788480391,3.072430354695655,5.126333650432439,5.375566334230046,2.838583788480391,3.072430354695655,41.37353433835846,43.812709030100336,-0.07260382175445557,-0.2480841875076294,1e-05,15.0,1.220703125e-08
1246,71.03856078743735,75.01499211748308,0.003020383848557545,0.003019228959954453,475.8860434271782,475.71821976983824,2.906597940566352,3.076417137547879,5.1365741581174,5.368601277520425,2.906597940566352,3.076417137547879,41.37353433835846,43.812709030100336,-0.10072612762451172,-0.2519322633743286,1e-05,15.0,1.220703125e-08
1247,69.91188603949108,75.1668185486044,0.00302131394106876,0.00301923469350639,475.88480365695665,475.7175659383818,2.852581059313699,3.0860953490470964,5.118031770140681,5.3519065148854335,2.852581059313699,3.0860953490470964,41.37353433835846,43.812709030100336,-0.06688952445983887,-0.25735998153686523,1e-05,15.0,1.220703125e-08
1248,70.2238902566421,74.98177845422241,0.003020942809802778,0.0030185598700952073,475.8841324747108,475.7160705770537,2.868529939571617,3.078941971163287,5.115245269570917,5.335123974344005,2.868529939571617,3.078941971163287,41.37353433835846,43.812709030100336,-0.06399154663085938,-0.2521594762802124,1e-05,15.0,1.220703125e-08
1249,69.93672691357995,74.9665728412743,0.003020940552086537,0.003018191323325935,475.8824067746774,475.71509830130384,2.8643610621217506,3.0785876731808766,5.0337307417213015,5.3318801069738075,2.8643610621217506,3.0785876731808766,41.37353433835846,43.812709030100336,-0.07133626937866211,-0.2504410743713379,1e-05,15.0,1.220703125e-08
1250,69.3503220013438,74.92871961306568,0.003020564027495645,0.0030183454953682264,475.88151900452783,475.71345892558526,2.829347191943196,3.080108038956505,5.079283620045213,5.304574655449909,2.829347191943196,3.080108038956505,41.37353433835846,43.812709030100336,-0.06340241432189941,-0.2538893222808838,1e-05,15.0,1.220703125e-08
1251,69.80862509824922,74.89868271231252,0.0030205171154359576,0.003017565385005546,475.88006187962924,475.7121335032792,2.8562640972073554,3.0803330765918746,5.047269285224391,5.290766243950579,2.8562640972073554,3.0803330765918746,41.37353433835846,43.812709030100336,-0.07113122940063477,-0.2532179355621338,1e-05,15.0,1.220703125e-08
1252,69.2334883544513,74.84491655738856,0.003020592858715348,0.0030185924072042855,475.87920150884634,475.7120333770446,2.8326378487662054,3.078237275216093,5.006224152231137,5.286015537670225,2.8326378487662054,3.078237275216093,41.37353433835846,43.812709030100336,-0.06779122352600098,-0.2532668113708496,1e-05,15.0,1.220703125e-08
1253,68.89037482742488,74.77265639289168,0.0030201259806246763,0.0030176363407282227,475.87869390490863,475.7110437501633,2.8128293810577647,3.0752160963804824,5.027450183727833,5.281289558346853,2.8128293810577647,3.0752160963804824,41.37353433835846,43.812709030100336,-0.051139235496520996,-0.25105369091033936,1e-05,15.0,1.220703125e-08
1254,68.94982446258392,74.86845278022281,0.003020046714855548,0.003017766652691075,475.87747366184766,475.70969648584474,2.8170331774444834,3.0820766507981214,5.017600253598774,5.264722838449638,2.8170331774444834,3.0820766507981214,41.37353433835846,43.812709030100336,-0.050698041915893555,-0.25720131397247314,1e-05,15.0,1.220703125e-08
1255,69.45526994612548,74.95054287097128,0.0030201406895153386,0.003018294563080904,475.8762437574428,475.7085454934417,2.8514247112338067,3.08760188574775,4.94464594954422,5.253351651705229,2.8514247112338067,3.08760188574775,41.37353433835846,43.812709030100336,-0.07320189476013184,-0.2606213092803955,1e-05,15.0,1.220703125e-08
1256,69.49019290534295,74.87281947311351,0.0030204468321716614,0.003018332519926704,475.87526366778553,475.7077082503201,2.855150002330991,3.08423789368824,4.92880974103458,5.249176455979363,2.855150002330991,3.08423789368824,41.37353433835846,43.812709030100336,-0.08177769184112549,-0.25649189949035645,1e-05,15.0,1.220703125e-08
1257,69.78804628253981,74.74960436868827,0.003019686272739116,0.003017643694750292,475.87410098384174,475.7068754980795,2.862003190233879,3.0806190289781243,4.993131120001252,5.228844507083446,2.862003190233879,3.0806190289781243,41.37353433835846,43.812709030100336,-0.07394063472747803,-0.25694596767425537,1e-05,15.0,1.220703125e-08
1258,69.47611929863142,74.58176677282837,0.0030201718884315873,0.0030180179376940067,475.87333528400467,475.70548444767064,2.8558409249962273,3.0747509345561763,4.9176552683065085,5.208652178978043,2.8558409249962273,3.0747509345561763,41.37353433835846,43.812709030100336,-0.06472432613372803,-0.24887144565582275,1e-05,15.0,1.220703125e-08
1259,69.66218689578263,74.61291889203432,0.0030199113279312747,0.0030178004917828832,475.87165952647354,475.7035836822612,2.8552633486001735,3.077744245529175,4.9967057820740255,5.197167825539375,2.8552633486001735,3.077744245529175,41.37353433835846,43.812709030100336,-0.0792686939239502,-0.2523231506347656,1e-05,15.0,1.220703125e-08
1260,69.20188505086468,74.55599967931026,0.00302025056256908,0.0030179756871085103,475.8700247657559,475.70273347682377,2.846245314407988,3.0779803971383086,4.884726468442473,5.172510429369566,2.846245314407988,3.0779803971383086,41.37353433835846,43.812709030100336,-0.0768812894821167,-0.2497004270553589,1e-05,15.0,1.220703125e-08
1261,69.3410362742055,74.3974736446521,0.0030193714701088527,0.0030169944297584604,475.8691797304393,475.70170914767976,2.8549745162727445,3.0713400043372725,4.870558958357103,5.1622306399520825,2.8549745162727445,3.0713400043372725,41.37353433835846,43.812709030100336,-0.07442867755889893,-0.24577116966247559,1e-05,15.0,1.220703125e-08
1262,69.70203901894727,74.38279976733153,0.0030199690972309767,0.0030173142510699887,475.8687238581416,475.7010551120924,2.8737665991886976,3.0718400741500598,4.864619187973252,5.152358579795098,2.8737665991886976,3.0718400741500598,41.37353433835846,43.812709030100336,-0.08789300918579102,-0.24686884880065918,1e-05,15.0,1.220703125e-08
1263,68.52023434279552,74.32776843425023,0.003019928954030002,0.003017284173088578,475.86758980040173,475.6996295635517,2.8096691008588577,3.0709769909198465,4.904677938176959,5.1372498445287595,2.8096691008588577,3.0709769909198465,41.37353433835846,43.812709030100336,-0.044791460037231445,-0.2471604347229004,1e-05,15.0,1.220703125e-08
1264,69.18682998069367,74.42707370515652,0.003019652320415256,0.003018447099079107,475.86604643906384,475.69880109806127,2.8507875078287555,3.0784629372051326,4.842370619526261,5.1170759647586275,2.8507875078287555,3.0784629372051326,41.37353433835846,43.812709030100336,-0.07732081413269043,-0.24967646598815918,1e-05,15.0,1.220703125e-08
1265,68.88445533739662,74.37136182497974,0.0030201868254728804,0.003018101968531525,475.8652346305911,475.6971487600269,2.8309540405145643,3.076078800054697,4.880084804554081,5.1138671999392304,2.8309540405145643,3.076078800054697,41.37353433835846,43.812709030100336,-0.07320284843444824,-0.25242602825164795,1e-05,15.0,1.220703125e-08
1266,69.53523990496919,74.34403851359185,0.0030196420618268964,0.0030171279188083567,475.8635011094699,475.6960893203582,2.8693770587544147,3.077942298806232,4.833019452678099,5.088037355289012,2.8693770587544147,3.077942298806232,41.37353433835846,43.812709030100336,-0.07889103889465332,-0.24931621551513672,1e-05,15.0,1.220703125e-08
1267,69.262144436988,74.38691170478744,0.0030197688262173328,0.0030167583309201195,475.86252286006857,475.694738075486,2.858862206764157,3.0821167146880493,4.807897915193184,5.071792956578691,2.858862206764157,3.0821167146880493,41.37353433835846,43.812709030100336,-0.05937778949737549,-0.2544233798980713,1e-05,15.0,1.220703125e-08
1268,68.9752040460481,74.42755068265475,0.0030199234417547633,0.0030172226505111093,475.86051350502515,475.69299857353286,2.849875886635964,3.083711770067247,4.765011883261216,5.075285779193891,2.849875886635964,3.083711770067247,41.37353433835846,43.812709030100336,-0.06741917133331299,-0.2569899559020996,1e-05,15.0,1.220703125e-08
1269,68.74213957666751,74.41813266715876,0.0030201176115915405,0.0030175383735360907,475.8591826932514,475.69136807751096,2.8453896157505922,3.0841063552078194,4.707674195818366,5.068359977824233,2.8453896157505922,3.0841063552078194,41.37353433835846,43.812709030100336,-0.0777655839920044,-0.25503551959991455,1e-05,15.0,1.220703125e-08
1270,68.95375198415375,74.37835093724688,0.003019428723827129,0.0030172547577789993,475.85737934463987,475.68983342097357,2.847298124128051,3.083197477270528,4.777057779494243,5.059719855968769,2.847298124128051,3.083197477270528,41.37353433835846,43.812709030100336,-0.07071483135223389,-0.2580510377883911,1e-05,15.0,1.220703125e-08
1271,68.80070508385025,74.30953270137111,0.0030193890189873663,0.0030170194205071115,475.8559284050461,475.6884864628514,2.83994715497322,3.082741001377935,4.774646154400491,5.035846150439719,2.83994715497322,3.082741001377935,41.37353433835846,43.812709030100336,-0.06886506080627441,-0.25646138191223145,1e-05,15.0,1.220703125e-08
1272,68.6506527017309,74.24339222987759,0.0030195342858089524,0.00301690207386271,475.85488196393754,475.68751428916704,2.843520472796518,3.0800312609975555,4.686037866314452,5.031070294587509,2.843520472796518,3.0800312609975555,41.37353433835846,43.812709030100336,-0.07126736640930176,-0.2542147636413574,1e-05,15.0,1.220703125e-08
1273,69.07622487181595,74.03782130723016,0.0030194282694758733,0.003016880822420918,475.8538854653312,475.6865464022327,2.8575986202438073,3.0729245222531834,4.743641949179184,5.00569380246676,2.8575986202438073,3.0729245222531834,41.37353433835846,43.812709030100336,-0.07188713550567627,-0.2485584020614624,1e-05,15.0,1.220703125e-08
1274,68.50181684382197,74.16327708062519,0.003019178373165042,0.0030173309525805075,475.85276725423995,475.68550880457644,2.8362031761725346,3.0795441008730475,4.685044603331804,5.002915849653774,2.8362031761725346,3.0795441008730475,41.37353433835846,43.812709030100336,-0.05365455150604248,-0.25197625160217285,1e-05,15.0,1.220703125e-08
1275,68.3335610905684,74.17005366704934,0.003019104225380062,0.0030167766832699845,475.8517382444449,475.68455398202343,2.8306171279057386,3.0822124784208063,4.662430851902794,4.9842862141969615,2.8306171279057386,3.0822124784208063,41.37353433835846,43.812709030100336,-0.06341123580932617,-0.2543916702270508,1e-05,15.0,1.220703125e-08
1276,68.98664825286099,74.1712465573314,0.0030189984855577474,0.0030174720962298255,475.85101630180526,475.6834508583299,2.8550450290667153,3.0840261197807797,4.728243822228769,4.970246399525416,2.8550450290667153,3.0840261197807797,41.37353433835846,43.812709030100336,-0.06710994243621826,-0.25692152976989746,1e-05,15.0,1.220703125e-08
1277,69.00525913206576,73.99224805034522,0.0030194237029532492,0.003016868191942523,475.8495347423969,475.68174616070496,2.868261577296297,3.077111280084055,4.629952683920037,4.9539728116829655,2.868261577296297,3.077111280084055,41.37353433835846,43.812709030100336,-0.0773777961730957,-0.248008131980896,1e-05,15.0,1.220703125e-08
1278,67.78550493377736,74.09210383692712,0.0030188369451611733,0.0030166982660649413,475.84797727242983,475.6803074457175,2.806463202040399,3.083360303604483,4.636442033489745,4.94392362007728,2.806463202040399,3.083360303604483,41.37353433835846,43.812709030100336,-0.03955650329589844,-0.25582170486450195,1e-05,15.0,1.220703125e-08
1279,68.469726907548,73.8753503142392,0.0030188673426252066,0.003016272668000996,475.8464626906505,475.6783762647954,2.8466046132034992,3.075632232487401,4.588999935929699,4.919049270974353,2.8466046132034992,3.075632232487401,41.37353433835846,43.812709030100336,-0.06738412380218506,-0.25054335594177246,1e-05,15.0,1.220703125e-08
1280,68.79958739672074,73.76941869729339,0.0030189517782486263,0.003016419289789371,475.84426741863615,475.67696378063596,2.8598019365888945,3.0718624966599073,4.615364213285335,4.906833136759474,2.8598019365888945,3.0718624966599073,41.37353433835846,43.812709030100336,-0.06816387176513672,-0.24689269065856934,1e-05,15.0,1.220703125e-08
1281,67.8285052556688,73.88303023118239,0.0030190926938281834,0.003016160841545333,475.84333788489977,475.67595670055783,2.8168310036811,3.0782931456996447,4.570698094328045,4.900835852160502,2.8168310036811,3.0782931456996447,41.37353433835846,43.812709030100336,-0.06001162528991699,-0.2484114170074463,1e-05,15.0,1.220703125e-08
1282,67.80689470811905,73.94745699777252,0.003018606163193183,0.0030159700738210046,475.84281019150114,475.67550771451715,2.8093778535948326,3.0824990806770964,4.621682472165106,4.892959441628345,2.8093778535948326,3.0824990806770964,41.37353433835846,43.812709030100336,-0.03559982776641846,-0.25140345096588135,1e-05,15.0,1.220703125e-08
1283,68.38473862179958,73.74883619837937,0.0030189904413955096,0.003016924868683552,475.84219917540173,475.6747491638796,2.848650104835804,3.075179579265939,4.538639003907017,4.872059254343294,2.848650104835804,3.075179579265939,41.37353433835846,43.812709030100336,-0.06278038024902344,-0.2506892681121826,1e-05,15.0,1.220703125e-08
1284,67.44574933076025,73.63292512925572,0.0030181321722628483,0.00301555529498436,475.8413063445483,475.6736332820012,2.8021377814275334,3.0710368937871926,4.535148643768413,4.858847402808658,2.8021377814275334,3.0710368937871926,41.37353433835846,43.812709030100336,-0.04320573806762695,-0.24363327026367188,1e-05,15.0,1.220703125e-08
1285,68.62424985288176,73.60661030134628,0.0030183776720915257,0.0030162121024431294,475.83999638900883,475.6727612345514,2.8637365208598635,3.0715744766503272,4.5137576202252,4.844015406924346,2.8637365208598635,3.0715744766503272,41.37353433835846,43.812709030100336,-0.07470548152923584,-0.24423480033874512,1e-05,15.0,1.220703125e-08
1286,67.55661979432482,73.60956093778579,0.00301850701477909,0.0030160362351012967,475.8389065485304,475.67113502527957,2.8151451071702454,3.0731352388260755,4.475435938268051,4.832711843343882,2.8151451071702454,3.0731352388260755,41.37353433835846,43.812709030100336,-0.04150867462158203,-0.2467559576034546,1e-05,15.0,1.220703125e-08
1287,68.3165595343764,73.59434476106063,0.003018393293974712,0.0030159837913615348,475.83739334694303,475.6700190413357,2.8515164816199836,3.0756299009291226,4.488441069521497,4.806667399645649,2.8515164816199836,3.0756299009291226,41.37353433835846,43.812709030100336,-0.07229816913604736,-0.24747204780578613,1e-05,15.0,1.220703125e-08
1288,68.73300662911318,73.42963514040943,0.00301851461122009,0.0030151159762650927,475.8366492189954,475.6692995817765,2.872221011811964,3.0697336101213026,4.489383093276415,4.787961951865002,2.872221011811964,3.0697336101213026,41.37353433835846,43.812709030100336,-0.09684574604034424,-0.24292540550231934,1e-05,15.0,1.220703125e-08
1289,68.59280897105359,73.56068269863576,0.0030179946060125504,0.0030160105443033185,475.8359903562408,475.66846682953593,2.872928759560513,3.0759004191012687,4.427645899742292,4.79103877313161,2.872928759560513,3.0759004191012687,41.37353433835846,43.812709030100336,-0.07071518898010254,-0.2485506534576416,1e-05,15.0,1.220703125e-08
1290,68.93510313050032,73.57067039260099,0.003018427504479286,0.0030160914712513867,475.83483493108446,475.66708476088917,2.878121611261288,3.0779952771687586,4.523017482342233,4.778275411663246,2.878121611261288,3.0779952771687586,41.37353433835846,43.812709030100336,-0.08969414234161377,-0.2520627975463867,1e-05,15.0,1.220703125e-08
1291,68.22425329824988,73.62666846437996,0.003018516340874872,0.003016271689956553,475.833389154431,475.66609962488894,2.848905199536526,3.082968096270609,4.472408268319901,4.760891206288417,2.848905199536526,3.082968096270609,41.37353433835846,43.812709030100336,-0.07832884788513184,-0.25406408309936523,1e-05,15.0,1.220703125e-08
1292,68.14772602381619,73.55805905447357,0.0030185014908038193,0.00301532852183093,475.83298992112253,475.6649878256297,2.8550334060611435,3.0814670097070396,4.392771743250452,4.745462133732927,2.8550334060611435,3.0814670097070396,41.37353433835846,43.812709030100336,-0.06902337074279785,-0.25145673751831055,1e-05,15.0,1.220703125e-08
1293,67.1892604795932,73.53436868725015,0.0030181983492057925,0.003015842863411509,475.8319336141973,475.6644865820639,2.8104736737070772,3.0805823332489934,4.3658654030843,4.743060083293596,2.8104736737070772,3.0805823332489934,41.37353433835846,43.812709030100336,-0.062314748764038086,-0.25283217430114746,1e-05,15.0,1.220703125e-08
1294,67.15107310437277,73.481280757432,0.003017558995868318,0.0030159220001333233,475.8310204382917,475.6637628357546,2.80436954785831,3.0798807614623103,4.3994288109055715,4.727435643058955,2.80436954785831,3.0798807614623103,41.37353433835846,43.812709030100336,-0.045949339866638184,-0.25245845317840576,1e-05,15.0,1.220703125e-08
1295,68.26540107663153,73.32571518301565,0.00301775552599162,0.003016083142299666,475.8304126426403,475.66262511186375,2.8607622846287097,3.0743905174293644,4.394016420821249,4.709131073393551,2.8607622846287097,3.0743905174293644,41.37353433835846,43.812709030100336,-0.10073590278625488,-0.2470036745071411,1e-05,15.0,1.220703125e-08
1296,68.32374735693237,73.21089621451388,0.0030183081859894334,0.0030152311986218826,475.8290707382125,475.66164426261366,2.8623651148286497,3.071617443027305,4.404528413386002,4.685394473697828,2.8623651148286497,3.071617443027305,41.37353433835846,43.812709030100336,-0.07137203216552734,-0.24907243251800537,1e-05,15.0,1.220703125e-08
1297,67.21428812049342,73.15098191583435,0.0030178996114999406,0.003015762544626426,475.82805818848476,475.661051364248,2.812646963288836,3.0693976895067605,4.358493535762257,4.679182055801851,2.812646963288836,3.0693976895067605,41.37353433835846,43.812709030100336,-0.04283928871154785,-0.24625837802886963,1e-05,15.0,1.220703125e-08
1298,67.96592285565195,73.24551100714949,0.0030173439531738385,0.0030162507531086738,475.82754618838004,475.6597959588603,2.8506666172289568,3.0755570724257657,4.354993890477984,4.66771509017434,2.8506666172289568,3.0755570724257657,41.37353433835846,43.812709030100336,-0.06879448890686035,-0.24882197380065918,1e-05,15.0,1.220703125e-08
1299,67.93807467104402,73.23129078536527,0.003016787958276806,0.0030148912837921977,475.82613578553577,475.6579082578321,2.8504368799615345,3.077322558814467,4.345696358225453,4.64791314019806,2.8504368799615345,3.077322558814467,41.37353433835846,43.812709030100336,-0.06301474571228027,-0.250149130821228,1e-05,15.0,1.220703125e-08
1300,68.09335769321052,73.10879845762732,0.0030175833116555385,0.003014966083945937,475.8241801557429,475.6569796661071,2.857727062762083,3.0741269971216005,4.349482676891027,4.624480199654365,2.857727062762083,3.0741269971216005,41.37353433835846,43.812709030100336,-0.08656620979309082,-0.24747395515441895,1e-05,15.0,1.220703125e-08
1301,68.12636654341041,73.1197257408729,0.0030171206744365906,0.003016053095466168,475.8235894335774,475.65626459536344,2.8662735912668045,3.0752292604350724,4.294317183183066,4.6200251403859625,2.8662735912668045,3.0752292604350724,41.37353433835846,43.812709030100336,-0.08141088485717773,-0.24720633029937744,1e-05,15.0,1.220703125e-08
1302,67.17250072536756,72.95167123035444,0.0030171421970360893,0.003015306266647667,475.82233959306626,475.6537880785888,2.827953625763681,3.0682941400087795,4.219331331588515,4.608290251282146,2.827953625763681,3.0682941400087795,41.37353433835846,43.812709030100336,-0.056404709815979004,-0.2431432008743286,1e-05,15.0,1.220703125e-08
1303,67.37598718870025,72.95949641199016,0.0030169435690969876,0.0030155713470609094,475.8198575478303,475.65204428988557,2.8378982587875035,3.0711588540603483,4.221169755686468,4.588500273267561,2.8378982587875035,3.0711588540603483,41.37353433835846,43.812709030100336,-0.06691062450408936,-0.24697089195251465,1e-05,15.0,1.220703125e-08
1304,68.50194756589343,72.95704579433071,0.003017053054489657,0.0030158502462453965,475.8181991193762,475.6507190717104,2.8919588265506864,3.0728859327309905,4.239068623962914,4.573701480559282,2.8919588265506864,3.0728859327309905,41.37353433835846,43.812709030100336,-0.09752893447875977,-0.2460263967514038,1e-05,15.0,1.220703125e-08
1305,67.3212191136039,73.01049421941956,0.0030175375387890007,0.0030151074775572506,475.81690040984546,475.64842586453545,2.834241150212248,3.0777260659131715,4.228515136182009,4.556365890247766,2.834241150212248,3.0777260659131715,41.37353433835846,43.812709030100336,-0.04687190055847168,-0.24889791011810303,1e-05,15.0,1.220703125e-08
1306,67.82647627761816,72.88830584267708,0.003017381556687792,0.003015417705311823,475.81474633911745,475.64664686324204,2.867079529530639,3.0737138839071014,4.1679124137265,4.539584939695122,2.867079529530639,3.0737138839071014,41.37353433835846,43.812709030100336,-0.06960904598236084,-0.24660515785217285,1e-05,15.0,1.220703125e-08
1307,67.63530179124382,72.88015167848721,0.0030171030818779564,0.003014831842673961,475.81288006397546,475.6451951859388,2.854178411477375,3.0747154404885793,4.194653147628759,4.528314647865933,2.854178411477375,3.0747154404885793,41.37353433835846,43.812709030100336,-0.05731832981109619,-0.24488067626953125,1e-05,15.0,1.220703125e-08
1308,67.44662838525309,72.83578802510648,0.003017242721373986,0.0030147774179269836,475.81119837673066,475.6429194319607,2.8552210997896177,3.0737730667343905,4.110840968350869,4.518109868601413,2.8552210997896177,3.0737730667343905,41.37353433835846,43.812709030100336,-0.08569955825805664,-0.24853122234344482,1e-05,15.0,1.220703125e-08
1309,67.10333030866818,72.72784592236165,0.0030165985768732663,0.003014424463802556,475.80977023586354,475.64221742559835,2.839304807397788,3.069068736455911,4.100857605287178,4.512569508823662,2.839304807397788,3.069068736455911,41.37353433835846,43.812709030100336,-0.06371307373046875,-0.24322795867919922,1e-05,15.0,1.220703125e-08
1310,67.4397331953448,72.80625946146988,0.003016751103954923,0.0030153682798047528,475.80873749443833,475.64114043066735,2.8522602293758936,3.0766966582141992,4.131774649947532,4.482905735538955,2.8522602293758936,3.0766966582141992,41.37353433835846,43.812709030100336,-0.08052396774291992,-0.2497696876525879,1e-05,15.0,1.220703125e-08
1311,66.70437011207568,72.78242403368488,0.0030164911155861926,0.0030147545008505864,475.80722327048653,475.6395665809861,2.817623686351169,3.07765044017779,4.114723807004229,4.465745616517338,2.817623686351169,3.07765044017779,41.37353433835846,43.812709030100336,-0.049729228019714355,-0.24919235706329346,1e-05,15.0,1.220703125e-08
1312,67.2434007909829,72.62947429542159,0.0030162740347460786,0.003014222133194523,475.80578746188627,475.6381410324454,2.8477465024146205,3.072052875888786,4.089354142072413,4.449352280352028,2.8477465024146205,3.072052875888786,41.37353433835846,43.812709030100336,-0.07258141040802002,-0.246423602104187,1e-05,15.0,1.220703125e-08
1313,67.02274362126387,72.7299955234081,0.0030163764010590673,0.0030150261511372083,475.8043412251688,475.63624894260164,2.836772431480625,3.0785928027685667,4.088883778957067,4.437233103557574,2.836772431480625,3.0785928027685667,41.37353433835846,43.812709030100336,-0.05473053455352783,-0.25113725662231445,1e-05,15.0,1.220703125e-08
1314,67.34837324056194,72.6423968311935,0.0030162913660039905,0.003014353580498775,475.8028331354036,475.63593498918925,2.8592728418321465,3.0753493946930237,4.039133232442578,4.428146746645005,2.8592728418321465,3.0753493946930237,41.37353433835846,43.812709030100336,-0.06282615661621094,-0.24923419952392578,1e-05,15.0,1.220703125e-08
1315,67.14812800472905,72.58798623483715,0.0030163145332380357,0.003015423522963123,475.80243042605605,475.63486238307377,2.846980343711636,3.074521872510878,4.05737439591681,4.412991997390288,2.846980343711636,3.074521872510878,41.37353433835846,43.812709030100336,-0.07639765739440918,-0.24602031707763672,1e-05,15.0,1.220703125e-08
1316,67.0286730793453,72.44507649909693,0.0030161817577609813,0.003013406083592055,475.80080266853474,475.63278739189224,2.846476835621462,3.070407428869037,4.013621335053564,4.388762061013825,2.846476835621462,3.070407428869037,41.37353433835846,43.812709030100336,-0.06983804702758789,-0.24201059341430664,1e-05,15.0,1.220703125e-08
1317,66.7259898225666,72.51553456998589,0.00301677758892814,0.0030142618810452743,475.79877240613877,475.6311480161737,2.835288684372127,3.074773531693679,3.982048952399786,4.382008402642597,2.835288684372127,3.074773531693679,41.37353433835846,43.812709030100336,-0.05538463592529297,-0.2446058988571167,1e-05,15.0,1.220703125e-08
1318,67.50636116423998,72.35866273605704,0.003016311715870247,0.00301220739512614,475.79776200337625,475.6301974803708,2.872785844595189,3.069809469490944,3.994223864633634,4.358990209955834,2.872785844595189,3.069809469490944,41.37353433835846,43.812709030100336,-0.09929490089416504,-0.24362623691558838,1e-05,15.0,1.220703125e-08
1319,67.82651633513433,72.56736607376149,0.003016017965108181,0.0030142239841592054,475.7970159840544,475.6293649322612,2.8940640294571818,3.080779037348004,3.9520635552941457,4.354698385283301,2.8940640294571818,3.080779037348004,41.37353433835846,43.812709030100336,-0.09630179405212402,-0.25379347801208496,1e-05,15.0,1.220703125e-08
1320,66.79483244367181,72.44069212336206,0.003015927844439045,0.003014064557464127,475.7959097346269,475.62793917958953,2.840392747316728,3.075868492541106,3.968759977637823,4.343314035281688,2.840392747316728,3.075868492541106,41.37353433835846,43.812709030100336,-0.06065177917480469,-0.24981606006622314,1e-05,15.0,1.220703125e-08
1321,67.34140818482467,72.42184062945006,0.003016256734298252,0.003014027760099358,475.79482071204,475.6271240846768,2.8728724432550683,3.077443159543551,3.927550616975206,4.323176168677799,2.8728724432550683,3.077443159543551,41.37353433835846,43.812709030100336,-0.08591616153717041,-0.25253844261169434,1e-05,15.0,1.220703125e-08
1322,66.03083373154428,72.39830619276168,0.0030165665636347665,0.0030144626589298845,475.7937473827471,475.62605158062684,2.8078460082336885,3.077852080896945,3.923530017111569,4.310487775898299,2.8078460082336885,3.077852080896945,41.37353433835846,43.812709030100336,-0.042114853858947754,-0.2529118061065674,1e-05,15.0,1.220703125e-08
1323,67.71363725774053,72.29518265229802,0.0030164580473947765,0.003013347693715855,475.7931075870891,475.6255806505082,2.8916795884744206,3.0744924441627832,3.92598362144713,4.296123711959176,2.8916795884744206,3.0744924441627832,41.37353433835846,43.812709030100336,-0.09299862384796143,-0.24477553367614746,1e-05,15.0,1.220703125e-08
1324,66.9687515718853,72.26513794353575,0.003015828051743171,0.0030133064390848513,475.79256450710585,475.6249661142611,2.8594399037672646,3.0758801311952215,3.8859520054342758,4.2730051474427695,2.8594399037672646,3.0758801311952215,41.37353433835846,43.812709030100336,-0.08657705783843994,-0.24821197986602783,1e-05,15.0,1.220703125e-08
1325,66.37756462672247,72.31950095186265,0.003015683140992569,0.0030136176448838665,475.7918316762851,475.62421613712377,2.8316276576650803,3.079053372443719,3.871975957448758,4.26936089474222,2.8316276576650803,3.079053372443719,41.37353433835846,43.812709030100336,-0.07858479022979736,-0.2520146369934082,1e-05,15.0,1.220703125e-08
1326,66.38878591975175,72.35979425947005,0.003015925548502698,0.003013898472124119,475.79079397639237,475.6233790981331,2.828016377773317,3.0846999855743205,3.905352635599261,4.240303663107065,2.828016377773317,3.0846999855743205,41.37353433835846,43.812709030100336,-0.060689568519592285,-0.25682079792022705,1e-05,15.0,1.220703125e-08
1327,66.08485415153568,72.21370059112243,0.0030159565832284926,0.0030135342798329715,475.78943550966096,475.62156978339254,2.8228944098729785,3.0801302318190253,3.824755798831857,4.218428058369104,2.8228944098729785,3.0801302318190253,41.37353433835846,43.812709030100336,-0.057891011238098145,-0.25117015838623047,1e-05,15.0,1.220703125e-08
1328,65.80812904702958,72.15830513944594,0.003015489191896402,0.0030137144409145,475.7878568767503,475.620030840105,2.807211710180669,3.076472239350794,3.839531217987214,4.22553128781526,2.807211710180669,3.076472239350794,41.37353433835846,43.812709030100336,-0.05001795291900635,-0.24966275691986084,1e-05,15.0,1.220703125e-08
1329,66.46547776929897,72.1422668508064,0.003015251409409059,0.0030137779997867287,475.78666444200167,475.6191980878645,2.8440371869596803,3.0777885770319298,3.8078684858740672,4.208585388285659,2.8440371869596803,3.0777885770319298,41.37353433835846,43.812709030100336,-0.06765663623809814,-0.25013506412506104,1e-05,15.0,1.220703125e-08
1330,66.85562270530305,72.08959795081097,0.0030152628906507987,0.0030132242148262402,475.78560322772717,475.6179207383988,2.8666220458108977,3.076268645034586,3.7832475435394337,4.199682364894395,2.8666220458108977,3.076268645034586,41.37353433835846,43.812709030100336,-0.06749391555786133,-0.24939501285552979,1e-05,15.0,1.220703125e-08
1331,65.70862077109179,71.86611535317921,0.003015824692273884,0.003012059733776195,475.7842292721747,475.61648212547686,2.8159046947856243,3.0685138311673166,3.730180666874002,4.172335176563582,2.8159046947856243,3.0685138311673166,41.37353433835846,43.812709030100336,-0.042218565940856934,-0.2440274953842163,1e-05,15.0,1.220703125e-08
1332,67.16633046851486,71.91995083607958,0.00301550702820571,0.0030131688026904463,475.7831640195607,475.6152483579706,2.8848329185441113,3.0728205191251825,3.761841315120908,4.159407354118832,2.8848329185441113,3.0728205191251825,41.37353433835846,43.812709030100336,-0.09153366088867188,-0.24728918075561523,1e-05,15.0,1.220703125e-08
1333,66.84856939395668,71.9404608940201,0.003015178699948056,0.0030142907933160715,475.7823884539069,475.6148037607455,2.874092687913521,3.0752527211422107,3.720662117803117,4.14814495641651,2.874092687913521,3.0752527211422107,41.37353433835846,43.812709030100336,-0.077178955078125,-0.24904990196228027,1e-05,15.0,1.220703125e-08
1334,66.07106728609682,71.84213938123008,0.0030150208255616167,0.003013413596468476,475.7812589456887,475.61285502456104,2.83351743600676,3.0723648374295953,3.734263525935673,4.131928520457801,2.83351743600676,3.0723648374295953,41.37353433835846,43.812709030100336,-0.06415319442749023,-0.24657022953033447,1e-05,15.0,1.220703125e-08
1335,66.75831989946477,71.81232842793034,0.00301510610163736,0.003013867345236765,475.7793430858721,475.6117259762359,2.8739227078468157,3.072355141209121,3.685922577153498,4.1200767887077205,2.8739227078468157,3.072355141209121,41.37353433835846,43.812709030100336,-0.08409464359283447,-0.2466217279434204,1e-05,15.0,1.220703125e-08
1336,66.15240807589174,71.82701809988373,0.0030148400214517887,0.0030137720980360654,475.7784206064502,475.61104162720136,2.840412466569961,3.075067592703778,3.7116421750642146,4.104255220164424,2.840412466569961,3.075067592703778,41.37353433835846,43.812709030100336,-0.0773618221282959,-0.2487173080444336,1e-05,15.0,1.220703125e-08
1337,65.41060789226488,71.87473519111556,0.0030146426286461014,0.003014217528754403,475.7775350855024,475.6095507567543,2.8193791751286494,3.080502226201188,3.5831893820259437,4.079860813242934,2.8193791751286494,3.080502226201188,41.289782244556115,43.812709030100336,-0.04958796501159668,-0.2509044408798218,1e-05,15.0,1.220703125e-08
1338,66.17182474439866,71.77935163312931,0.003014739697574446,0.0030128474777134564,475.77605981363524,475.60809907945105,2.848338885123606,3.077623612107242,3.6559988314182914,4.064746060897674,2.848338885123606,3.077623612107242,41.37353433835846,43.812709030100336,-0.0617525577545166,-0.25252091884613037,1e-05,15.0,1.220703125e-08
1339,65.93270948144858,71.5761110439747,0.00301530848021683,0.0030124029144644737,475.7749914428098,475.6078201344978,2.8401957125320307,3.070638800943177,3.625492985723805,4.039333624983312,2.8401957125320307,3.070638800943177,41.37353433835846,43.812709030100336,-0.06304299831390381,-0.24510657787322998,1e-05,15.0,1.220703125e-08
1340,66.39353678973276,71.6836322031691,0.003014805822257246,0.003012650014745402,475.7748572574788,475.60775471052597,2.8593266972744686,3.0762876786515863,3.65677954763224,4.037147399972514,2.8593266972744686,3.0762876786515863,41.37353433835846,43.812709030100336,-0.08091962337493896,-0.24951553344726562,1e-05,15.0,1.220703125e-08
1341,65.9313266824438,71.36323677496766,0.003014737754589075,0.003011222007562933,475.7743931040293,475.60652522976983,2.841319244311283,3.061707211178681,3.615955567240116,4.025644054380947,2.841319244311283,3.061707211178681,41.37353433835846,43.812709030100336,-0.06485116481781006,-0.2391599416732788,1e-05,15.0,1.220703125e-08
1342,65.27894907940173,71.47658699571488,0.0030146022194643914,0.003011752887127491,475.77309735935535,475.60548334536344,2.8160198325887196,3.0696384181147036,3.557401387935108,4.0075307458539475,2.8160198325887196,3.0696384181147036,41.37353433835846,43.812709030100336,-0.05485260486602783,-0.2456914186477661,1e-05,15.0,1.220703125e-08
1343,65.32979008021267,71.45970360491188,0.003014542913950443,0.0030125319602646956,475.7723681579283,475.60480338514446,2.817455656364735,3.0697816941251723,3.5662521509269576,3.9996267848190254,2.817455656364735,3.0697816941251723,41.37353433835846,43.812709030100336,-0.06343615055084229,-0.24709534645080566,1e-05,15.0,1.220703125e-08
1344,65.72980873708549,71.49896880695253,0.003014735480882789,0.0030114797113718695,475.7716078255045,475.60392694887906,2.840194593122856,3.0740864213095063,3.5443456172943115,3.980903291383316,2.840194593122856,3.0740864213095063,41.37353433835846,43.812709030100336,-0.060294508934020996,-0.24889624118804932,1e-05,15.0,1.220703125e-08
1345,65.72162398141832,71.25750982482298,0.0030146889525841628,0.003012640882956244,475.77102333976194,475.60353022036344,2.8398079800246347,3.0644501013101944,3.5441653532798165,3.9613990058069644,2.8398079800246347,3.0644501013101944,41.37353433835846,43.812709030100336,-0.07286417484283447,-0.24095404148101807,1e-05,15.0,1.220703125e-08
1346,66.09941064013508,71.23308269794171,0.003013935968142558,0.003011662847079013,475.7705683875923,475.6034648984571,2.857513388596987,3.0657785106263433,3.553642872390236,3.941010074073256,2.857513388596987,3.0657785106263433,41.37353433835846,43.812709030100336,-0.07549536228179932,-0.24108576774597168,1e-05,15.0,1.220703125e-08
1347,66.85199121574261,71.23156659180503,0.0030141951749491284,0.003010979827873434,475.77021848336733,475.60254059348216,2.901621499053597,3.0665474161256516,3.50180826554546,3.9342557339365265,2.901621499053597,3.0665474161256516,41.37353433835846,43.812709030100336,-0.09394681453704834,-0.24270904064178467,1e-05,15.0,1.220703125e-08
1348,65.46315979438411,71.40938369087552,0.0030142568220295498,0.0030124058556060826,475.7695415758807,475.60178643166023,2.8368864151301296,3.0785200165266975,3.4641553896356068,3.9095921340993414,2.8368864151301296,3.0785200165266975,41.37353433835846,43.812709030100336,-0.06134462356567383,-0.24801254272460938,1e-05,15.0,1.220703125e-08
1349,65.9234219779521,71.45488545089262,0.0030143288692687223,0.003011785709239966,475.7687594670946,475.6010147145759,2.8580478723324725,3.081077281447956,3.4789676478560048,3.907339962828518,2.8580478723324725,3.081077281447956,41.37353433835846,43.812709030100336,-0.06321382522583008,-0.25251829624176025,1e-05,15.0,1.220703125e-08
1350,65.77445323183709,71.26818248021563,0.00301461778791743,0.0030126303066826585,475.76783841898293,475.600064178773,2.8473859791779637,3.074148539316694,3.50467380327196,3.888080401564123,2.8473859791779637,3.074148539316694,41.37353433835846,43.812709030100336,-0.06339740753173828,-0.24608910083770752,1e-05,15.0,1.220703125e-08
1351,65.73436253993356,71.1947964569398,0.003014473809659406,0.0030117847132854736,475.76733669364074,475.5997852338198,2.8575201358028393,3.0731203564034657,3.407564521035557,3.8669594386748245,2.8575201358028393,3.0731203564034657,41.37353433835846,43.812709030100336,-0.07574903964996338,-0.24878334999084473,1e-05,15.0,1.220703125e-08
1352,65.84751980907754,71.11693453071109,0.0030139028125909005,0.003013203053713393,475.7666104570705,475.5984906352882,2.856130059240651,3.070421635905237,3.4639532941469993,3.857392416351216,2.856130059240651,3.070421635905237,41.37353433835846,43.812709030100336,-0.07437992095947266,-0.24459850788116455,1e-05,15.0,1.220703125e-08
1353,65.24128017074099,71.07320605632054,0.003014271973961437,0.0030107794681495446,475.7655578817754,475.59772330701946,2.835657397706305,3.0709978848396733,3.3852352385145537,3.835310986209474,2.835657397706305,3.0709978848396733,41.37353433835846,43.812709030100336,-0.06823956966400146,-0.24382758140563965,1e-05,15.0,1.220703125e-08
1354,65.9308563372997,71.03472624813833,0.003014005385604461,0.0030123836525955726,475.7650230318258,475.5974093536071,2.8737365776170636,3.071093338389062,3.3564353532327877,3.8191434547653964,2.8737365776170636,3.071093338389062,41.37353433835846,43.812709030100336,-0.07347142696380615,-0.24448776245117188,1e-05,15.0,1.220703125e-08
1355,64.92705625345559,70.90324447784934,0.003014143047795024,0.003011983427620901,475.7640940092716,475.5959837030009,2.8233720026223903,3.067364454269409,3.357830121888587,3.7963837086157657,2.8233720026223903,3.067364454269409,41.37353433835846,43.812709030100336,-0.05258762836456299,-0.24255049228668213,1e-05,15.0,1.220703125e-08
1356,65.4042113925544,70.93408652213107,0.0030134585124426453,0.0030115926077583163,475.7628104307344,475.5946627715758,2.8492305949704733,3.0704928106288847,3.3418292364283424,3.783697625865107,2.8492305949704733,3.0704928106288847,41.37353433835846,43.812709030100336,-0.06611645221710205,-0.24426054954528809,1e-05,15.0,1.220703125e-08
1357,65.09125805060867,70.77941914944346,0.0030139554884765214,0.0030110870226345535,475.76153927392494,475.59407426202574,2.8384055168784443,3.064109328598482,3.3032439190339002,3.7729013604065247,2.8384055168784443,3.064109328598482,41.37353433835846,43.812709030100336,-0.04730522632598877,-0.2407435178756714,1e-05,15.0,1.220703125e-08
1358,65.4549940738646,70.70135008132577,0.003013567083282786,0.003010715675667975,475.7607147881334,475.59246121920074,2.8577347492652523,3.0630804328216756,3.2941083959997997,3.7499089735407494,2.8577347492652523,3.0630804328216756,41.37353433835846,43.812709030100336,-0.050820350646972656,-0.23959124088287354,1e-05,15.0,1.220703125e-08
1359,65.09036717502715,70.83496790346892,0.0030136202899598745,0.003011881676736135,475.7590245641456,475.5912229608134,2.837380241509059,3.0714625116176033,3.3110933287858564,3.736289191006817,2.837380241509059,3.0714625116176033,41.37353433835846,43.812709030100336,-0.05700814723968506,-0.24300551414489746,1e-05,15.0,1.220703125e-08
1360,65.24144094393681,70.83772599338289,0.0030134705209658424,0.0030123574003564774,475.7578751709393,475.5897841437604,2.850044403443584,3.0724862722250132,3.2702098407937052,3.729199858413492,2.850044403443584,3.0724862722250132,41.37353433835846,43.812709030100336,-0.05534052848815918,-0.24290132522583008,1e-05,15.0,1.220703125e-08
1361,65.01357586859059,70.60239226682529,0.003013221962358709,0.0030100506155698696,475.7560694708896,475.5877613080385,2.8450602526640774,3.0633532123820837,3.2189398386969637,3.708148866991534,2.8450602526640774,3.0633532123820837,41.37353433835846,43.812709030100336,-0.050475358963012695,-0.24324381351470947,1e-05,15.0,1.220703125e-08
1362,65.20802771026764,70.70816366648594,0.003013369389396267,0.003011811596269791,475.75480623740447,475.58726414709184,2.8553116880669265,3.0694969314396583,3.2147076349561936,3.7012934421615857,2.8553116880669265,3.0694969314396583,41.37353433835846,43.812709030100336,-0.07630050182342529,-0.24757039546966553,1e-05,15.0,1.220703125e-08
1363,64.58537131458071,70.93100684941014,0.0030136044711261438,0.003011707315395857,475.75399494011396,475.5864357836669,2.8267850612276164,3.0826227800503223,3.1938563707086507,3.6854241843207625,2.8267850612276164,3.0826227800503223,41.289782244556115,43.812709030100336,-0.050902605056762695,-0.2521951198577881,1e-05,15.0,1.220703125e-08
1364,64.8225020978918,70.81005221465759,0.0030133377969689306,0.0030117308896932017,475.7534177642771,475.58641843253554,2.837270831742279,3.078409772254153,3.20482434779156,3.670745201334108,2.837270831742279,3.078409772254153,41.37353433835846,43.812709030100336,-0.06356966495513916,-0.25344645977020264,1e-05,15.0,1.220703125e-08
1365,64.81863923448215,70.72321465023386,0.003013320412670872,0.003011698681194597,475.7530954638917,475.5849579776011,2.8374918034328287,3.0768473028737966,3.201511128463937,3.648511385837925,2.8374918034328287,3.0768473028737966,41.37353433835846,43.812709030100336,-0.0569612979888916,-0.24750852584838867,1e-05,15.0,1.220703125e-08
1366,64.59664157886601,70.48916623424925,0.0030134584243024015,0.0030096903152103506,475.7510632078851,475.58296586358824,2.8303758542941044,3.066959645835851,3.169639514718623,3.6340107901837913,2.8303758542941044,3.066959645835851,41.37353433835846,43.812709030100336,-0.05330324172973633,-0.238531231880188,1e-05,15.0,1.220703125e-08
1367,65.13433198912858,70.46361725465908,0.003013141209905471,0.0030101114489997807,475.7498054440497,475.5823032545007,2.856956583371314,3.067579042154012,3.1720719017974495,3.6188302973042363,2.856956583371314,3.067579042154012,41.45728643216081,43.812709030100336,-0.05979049205780029,-0.24256157875061035,1e-05,15.0,1.220703125e-08
1368,65.15093484236367,70.5058004832188,0.003013038943822759,0.0030118681671079187,475.74927366119334,475.58232928119776,2.8619495133059707,3.0728625374095495,3.138770659764608,3.5934229750298337,2.8619495133059707,3.0728625374095495,41.37353433835846,43.812709030100336,-0.06604576110839844,-0.24425232410430908,1e-05,15.0,1.220703125e-08
1369,64.0057578158738,70.42347625426225,0.003013097177613745,0.0030108426236563103,475.7490567665803,475.5812483057131,2.806603065886889,3.0705402615078317,3.1234704625466763,3.579080984345248,2.806603065886889,3.0705402615078317,41.289782244556115,43.812709030100336,-0.0474550724029541,-0.2425307035446167,1e-05,15.0,1.220703125e-08
1370,65.53629518953001,70.3299915479577,0.0030129651240286865,0.0030112695875562055,475.747952408527,475.58035880506634,2.884455454010061,3.0673452516064597,3.1128675346598156,3.567242875944412,2.884455454010061,3.0673452516064597,41.37353433835846,43.812709030100336,-0.07818198204040527,-0.24173855781555176,1e-05,15.0,1.220703125e-08
1371,64.26151805347334,70.34678767277644,0.0030128531952792626,0.00301059299494361,475.7465781973834,475.5786716627038,2.825994856992559,3.0705871980724524,3.070642369476395,3.5480318763184306,2.825994856992559,3.0705871980724524,41.45728643216081,43.812709030100336,-0.04951059818267822,-0.24236702919006348,1e-05,15.0,1.220703125e-08
1372,64.19159127240205,70.28947862095657,0.0030131269499060497,0.00301109366804162,475.7451447913395,475.5770283064316,2.8300426377722965,3.0709065266676174,3.0102878267840922,3.522547890908742,2.8300426377722965,3.0709065266676174,41.12227805695142,43.812709030100336,-0.06070125102996826,-0.24527907371520996,1e-05,15.0,1.220703125e-08
1373,63.22582437844332,70.18508005301689,0.0030127642964835042,0.003011129946014953,475.7437060690006,475.57558520262853,2.777718956546368,3.0669305324554443,3.042572485541978,3.5125970832480236,2.777718956546368,3.0669305324554443,41.45728643216081,43.812709030100336,-0.03565239906311035,-0.24331533908843994,1e-05,15.0,1.220703125e-08
1374,65.80547704009754,70.26729846558842,0.003012840055752939,0.0030099020042086027,475.7422839089654,475.5741420988255,2.904051805860433,3.0728720406624785,3.0637708477039434,3.4979619078811592,2.904051805860433,3.0728720406624785,41.37353433835846,43.812709030100336,-0.09092080593109131,-0.2461082935333252,1e-05,15.0,1.220703125e-08
1375,64.50240002604984,70.22456699230997,0.0030123423363770073,0.003010502898050192,475.74001574236746,475.5714824765821,2.851555846644007,3.0725495631878195,2.9625116584688374,3.483443771317651,2.851555846644007,3.0725495631878195,41.20603015075377,43.812709030100336,-0.06630182266235352,-0.24478256702423096,1e-05,15.0,1.220703125e-08
1376,64.69051308687807,70.20138784555289,0.00301263354667205,0.003010500638269162,475.73781995917085,475.5693639034412,2.855905059993367,3.0736455957227724,3.002959848448659,3.4654036780264863,2.855905059993367,3.0736455957227724,41.37353433835846,43.812709030100336,-0.07968020439147949,-0.2429499626159668,1e-05,15.0,1.220703125e-08
1377,64.73404273156146,70.1506025384501,0.003012261882664595,0.0030099605646196218,475.73583718560246,475.56798622361,2.852294465405258,3.072388387444027,3.0492602049605533,3.4551529533488297,2.852294465405258,3.072388387444027,41.37353433835846,43.812709030100336,-0.0792158842086792,-0.24566030502319336,1e-05,15.0,1.220703125e-08
1378,63.86393773575724,70.17024218198847,0.003012521526662374,0.003010415217456062,475.7343263354533,475.56558411256924,2.81938672485064,3.0758043324269577,2.9644776528804146,3.4356773202634576,2.81938672485064,3.0758043324269577,41.289782244556115,43.812709030100336,-0.057875871658325195,-0.24874389171600342,1e-05,15.0,1.220703125e-08
1379,64.31006562250543,70.1413654084987,0.003011804312729656,0.0030096253546820734,475.73232889095544,475.56464245646293,2.8420045611447025,3.0767104338642746,2.9619916507746504,3.4168826369537557,2.8420045611447025,3.0767104338642746,41.37353433835846,43.812709030100336,-0.06290459632873535,-0.2506577968597412,1e-05,15.0,1.220703125e-08
1380,64.24092907162768,70.05112804298018,0.0030122474771947716,0.003010234636656417,475.73174133811966,475.5636876339099,2.844243460963519,3.074298011020673,2.9164229337893537,3.4000822907706167,2.844243460963519,3.074298011020673,41.289782244556115,43.812709030100336,-0.07052505016326904,-0.24687552452087402,1e-05,15.0,1.220703125e-08
1381,64.04467860338477,69.93936157226562,0.0030121588525697713,0.003010582480187151,475.73115444982074,475.563347551735,2.829320026602178,3.0709580793029887,2.95731118775692,3.382093662402303,2.829320026602178,3.0709580793029887,41.37353433835846,43.812709030100336,-0.0494840145111084,-0.24363303184509277,1e-05,15.0,1.220703125e-08
1382,63.555553608803294,69.90557322932725,0.0030122503655427564,0.003009696846927538,475.7300144623672,475.56159069865043,2.8130686794293784,3.071108743099863,2.8916712753736795,3.3673795983942854,2.8130686794293784,3.071108743099863,41.289782244556115,43.812709030100336,-0.04080235958099365,-0.24702990055084229,1e-05,15.0,1.220703125e-08
1383,63.68367726439407,69.85749870478908,0.0030124608346945927,0.0030094601235735575,475.72844114575156,475.5608931831692,2.823748782252147,3.070797078186852,2.857478657359853,3.3506448795165507,2.823748782252147,3.070797078186852,41.289782244556115,43.812709030100336,-0.05368185043334961,-0.2436140775680542,1e-05,15.0,1.220703125e-08
1384,64.9546019459889,69.78288776818725,0.003012439487595579,0.0030104318652364325,475.7280484044572,475.56053136104725,2.884629142543978,3.0694739069029637,2.8788055111615103,3.3313773531578854,2.884629142543978,3.0694739069029637,41.37353433835846,43.812709030100336,-0.09025740623474121,-0.24380850791931152,1e-05,15.0,1.220703125e-08
1385,63.97983700546188,69.87968840327949,0.0030122723272834693,0.0030094938949186568,475.72701755440613,475.5587220463067,2.8419266677581683,3.0762019922900756,2.8305204246112052,3.316281875240364,2.8419266677581683,3.0762019922900756,41.289782244556115,43.812709030100336,-0.06964337825775146,-0.2530243396759033,1e-05,15.0,1.220703125e-08
1386,64.35573711427213,69.85447470878678,0.0030117868235213074,0.003010784878541893,475.72503656997554,475.5566337866129,2.8608453585274853,3.076279661727191,2.829534760272283,3.3055635295982744,2.8608453585274853,3.076279661727191,41.289782244556115,43.812709030100336,-0.0632861852645874,-0.24851620197296143,1e-05,15.0,1.220703125e-08
1387,63.273678509633946,69.81450946514423,0.003011800231368373,0.003009632731286379,475.7232388443683,475.5556134380226,2.811527591654204,3.0771147798136327,2.791253554361749,3.2829072985760743,2.811527591654204,3.0771147798136327,41.37353433835846,43.812709030100336,-0.04895949363708496,-0.24771809577941895,1e-05,15.0,1.220703125e-08
1388,64.68750814696652,69.68265298696664,0.00301225331863092,0.003010352571217661,475.72229065248115,475.5542181008636,2.8820274311493788,3.0720957274421004,2.792783180073877,3.270310481655159,2.8820274311493788,3.0720957274421004,41.37353433835846,43.812709030100336,-0.08604586124420166,-0.24460697174072266,1e-05,15.0,1.220703125e-08
1389,63.33384525676069,69.3794809296777,0.0030120158337144,0.0030085464400616178,475.7207898726216,475.5526312888665,2.824088372577175,3.059934999631799,2.714831932904932,3.2463405873863196,2.824088372577175,3.059934999631799,41.289782244556115,43.812709030100336,-0.06168246269226074,-0.23545444011688232,1e-05,15.0,1.220703125e-08
1390,63.54572176014758,69.5472347297796,0.0030119298642167394,0.003009655109503895,475.71964947622223,475.5516547263665,2.833898209247557,3.0697451028536795,2.721105250481585,3.2349523828181135,2.833898209247557,3.0697451028536795,41.289782244556115,43.812709030100336,-0.058595895767211914,-0.24204027652740479,1e-05,15.0,1.220703125e-08
1391,63.74901878574186,69.47711967544811,0.003011513247905015,0.0030092882618532333,475.718361501518,475.55037758103185,2.8484521619039564,3.068717282751332,2.685995190986237,3.2151321870427467,2.8484521619039564,3.068717282751332,41.289782244556115,43.812709030100336,-0.058022379875183105,-0.24204111099243164,1e-05,15.0,1.220703125e-08
1392,63.10139842967891,69.44497711283707,0.0030111217125626264,0.003009286370396265,475.7171799038323,475.54931814136313,2.81321952969984,3.068570384213757,2.708811553878401,3.203451421348546,2.81321952969984,3.068570384213757,41.20603015075377,43.812709030100336,-0.04668831825256348,-0.24116039276123047,1e-05,15.0,1.220703125e-08
1393,63.319747745890915,69.3834382379334,0.003011671549732636,0.0030090919747188635,475.7165390858099,475.54905675167225,2.828752839585245,3.0677275896869776,2.6718798270776642,3.1855776939902416,2.828752839585245,3.0677275896869776,41.37353433835846,43.812709030100336,-0.0636606216430664,-0.24080801010131836,1e-05,15.0,1.220703125e-08
1394,63.0823109497377,69.45797137512412,0.00301155022234723,0.003009587152546465,475.71584847863994,475.54803650514737,2.8211354678200316,3.0735696661831144,2.637845770198496,3.1686518702618653,2.8211354678200316,3.0735696661831144,41.289782244556115,43.812709030100336,-0.06081724166870117,-0.24582326412200928,1e-05,15.0,1.220703125e-08
1395,62.933880587119354,69.32464910909086,0.003011131510559713,0.0030095083888208984,475.7144961460951,475.54655002351586,2.807447196251184,3.068794593364499,2.687982753692959,3.15352561322343,2.807447196251184,3.068794593364499,41.12227805695142,43.812709030100336,-0.04117441177368164,-0.2438216209411621,1e-05,15.0,1.220703125e-08
1396,63.54306715257603,69.34940700467214,0.0030118962781038915,0.0030088769458857267,475.7134434685635,475.54560816327864,2.839734501974467,3.0734662403629773,2.6733528924747127,3.126060097512593,2.839734501974467,3.0734662403629773,41.12227805695142,43.812709030100336,-0.05951428413391113,-0.24571073055267334,1e-05,15.0,1.220703125e-08
1397,63.10949568373075,69.24631079224041,0.0030113740019200733,0.0030081835762289255,475.7128546377722,475.545280941354,2.8264648950279656,3.0689501929841314,2.606085409870499,3.120956639382353,2.8264648950279656,3.0689501929841314,41.038525963149084,43.812709030100336,-0.06753325462341309,-0.2437072992324829,1e-05,15.0,1.220703125e-08
1398,63.93192444614429,69.27558735621015,0.0030113284076740293,0.0030097292267396597,475.7122165290155,475.54433489643213,2.8658121235206897,3.0726593202571806,2.6202789295458513,3.1029797294068096,2.8658121235206897,3.0726593202571806,40.95477386934673,43.812709030100336,-0.07227218151092529,-0.24568045139312744,1e-05,15.0,1.220703125e-08
1399,63.627483169836815,69.42704089110512,0.0030114452430270175,0.0030097752259763888,475.71147240106785,475.5436287053851,2.855385542714616,3.0830045854766235,2.581914148138995,3.0807992837899505,2.855385542714616,3.0830045854766235,41.289782244556115,43.812709030100336,-0.07631146907806396,-0.2533680200576782,1e-05,15.0,1.220703125e-08
1400,62.88053841007814,69.23990733168995,0.003011545177293283,0.003009171444723339,475.70991068828846,475.5411524948069,2.817914454381869,3.075954587164531,2.5829042765363375,3.0623516334737824,2.817914454381869,3.075954587164531,41.37353433835846,43.812709030100336,-0.057984113693237305,-0.2514958381652832,1e-05,15.0,1.220703125e-08
1401,63.38995898069449,69.11316402779774,0.0030113669097504674,0.0030088995055398316,475.7079946751171,475.5399974197847,2.849992332346675,3.0715612623603845,2.5300513899306356,3.046801067913655,2.849992332346675,3.0715612623603845,41.37353433835846,43.812709030100336,-0.06700825691223145,-0.24613308906555176,1e-05,15.0,1.220703125e-08
1402,63.86315863016662,69.19882424140853,0.003011313368452454,0.003008868964233227,475.7071556206325,475.53970091956916,2.872620216765795,3.0783055498448504,2.5383081999256385,3.027110632446697,2.872620216765795,3.0783055498448504,41.289782244556115,43.812709030100336,-0.0887141227722168,-0.25085020065307617,1e-05,15.0,1.220703125e-08
1403,63.50900943954186,69.18883689191429,0.00301162649719809,0.003009308366273159,475.7061813073342,475.5378219961721,2.8546977781969898,3.0798052194525165,2.5400250772734982,3.0111170787875072,2.8546977781969898,3.0798052194525165,41.289782244556115,43.812709030100336,-0.06656336784362793,-0.2531644105911255,1e-05,15.0,1.220703125e-08
1404,63.39974576224834,69.07359297379203,0.0030112742681143623,0.0030086646004452255,475.70426667435487,475.536082494219,2.8520642996233714,3.0757663385525196,2.5173909891789883,2.997334956325416,2.8520642996233714,3.0757663385525196,41.12227805695142,43.812709030100336,-0.05279862880706787,-0.24763226509094238,1e-05,15.0,1.220703125e-08
1405,62.92514947351299,69.02692431191537,0.003010925709330781,0.0030091460428222465,475.7024804503474,475.53401148359114,2.833337089324517,3.0760390447533648,2.477372791699229,2.9764809831727708,2.833337089324517,3.0760390447533648,41.12227805695142,43.812709030100336,-0.06775975227355957,-0.24783658981323242,1e-05,15.0,1.220703125e-08
1406,63.08794355791817,68.87420860979469,0.003011086606225576,0.0030089238196000906,475.7006745458248,475.53229372158495,2.842940551352062,3.070709777117573,2.465661390342904,2.9580311456252897,2.842940551352062,3.070709777117573,41.37353433835846,43.812709030100336,-0.07596933841705322,-0.24548828601837158,1e-05,15.0,1.220703125e-08
1407,63.13369262158571,68.80237030743756,0.0030107293371579155,0.003007968872891471,475.69885213011673,475.5310031036071,2.840935699504424,3.070821181587551,2.500002498802428,2.9284126359882166,2.840935699504424,3.070821181587551,40.95477386934673,43.812709030100336,-0.07161533832550049,-0.243851900100708,1e-05,15.0,1.220703125e-08
1408,62.982012890890815,68.83848311510373,0.0030105271769790493,0.003008610419430661,475.6981905580965,475.5304015296757,2.8404886862341083,3.0737767697975387,2.4429083465531445,2.9192090353439486,2.8404886862341083,3.0737767697975387,41.20603015075377,43.812709030100336,-0.06020641326904297,-0.24737823009490967,1e-05,15.0,1.220703125e-08
1409,63.229645899991496,68.74701959871528,0.003010517722182912,0.0030080671320952797,475.6978044110527,475.53048430477895,2.8549952990245977,3.07162270099423,2.425908603061184,2.899858158168984,2.8549952990245977,3.07162270099423,41.37353433835846,43.812709030100336,-0.07263517379760742,-0.2433927059173584,1e-05,15.0,1.220703125e-08
1410,61.93510701548514,68.80079620259262,0.003010831870391366,0.0030085915655994095,475.69720101156827,475.528971490254,2.7952097460652516,3.075334526623372,2.386375185632626,2.8916720514712124,2.7952097460652516,3.075334526623372,41.289782244556115,43.812709030100336,-0.041915059089660645,-0.24460530281066895,1e-05,15.0,1.220703125e-08
1411,63.68928995563756,68.47742811732468,0.0030108142302526,0.003008437243268442,475.69530641693166,475.52726699676003,2.8803897922362514,3.061620115037746,2.406608194162698,2.8720410563874004,2.8803897922362514,3.061620115037746,40.871021775544385,43.812709030100336,-0.09520554542541504,-0.23895132541656494,1e-05,15.0,1.220703125e-08
1412,63.35817404128798,68.53947753651086,0.003010612809125777,0.0030090234150493326,475.6940757457535,475.5261814283288,2.861391651770178,3.0671974017867276,2.4261485995160075,2.8522364869962966,2.861391651770178,3.0671974017867276,41.20603015075377,43.812709030100336,-0.07923507690429688,-0.24026930332183838,1e-05,15.0,1.220703125e-08
1413,62.69627514556425,68.36093916621894,0.0030105821737610866,0.003009121778598647,475.69314411617006,475.52535724958847,2.8385285947790098,3.0610082699702335,2.3442934218363547,2.8303357669741014,2.8385285947790098,3.0610082699702335,41.20603015075377,43.812709030100336,-0.07533025741577148,-0.2407151460647583,1e-05,15.0,1.220703125e-08
1414,63.29447621356702,68.52300841672763,0.003010942797618021,0.0030086236370472008,475.6919921670527,475.5237790110917,2.871289075918533,3.070437016694442,2.321487060144319,2.819736736673974,2.871289075918533,3.070437016694442,41.45728643216081,43.812709030100336,-0.09331977367401123,-0.24363994598388672,1e-05,15.0,1.220703125e-08
1415,62.3886800283563,68.36444460508417,0.0030102587942271125,0.0030088689984959305,475.69045739357597,475.5218566078007,2.825430806557737,3.0641513117978407,2.32604093487738,2.8065951460579965,2.825430806557737,3.0641513117978407,40.95477386934673,43.812709030100336,-0.05390632152557373,-0.24019229412078857,1e-05,15.0,1.220703125e-08
1416,62.44292394999084,68.46921608200839,0.0030101792082670993,0.0030075726340708627,475.68833757205624,475.51958524263824,2.8262867300554335,3.073521649957102,2.340891556923513,2.773549638065606,2.8262867300554335,3.073521649957102,41.289782244556115,43.812709030100336,-0.05364549160003662,-0.24649643898010254,1e-05,15.0,1.220703125e-08
1417,62.325102168710984,68.38146713665098,0.0030104279244346686,0.0030082277587636756,475.68612021697027,475.5179502557353,2.830261766810713,3.0690338587681185,2.261960383435989,2.77434877647604,2.830261766810713,3.0690338587681185,41.12227805695142,43.812709030100336,-0.059482574462890625,-0.24561333656311035,1e-05,15.0,1.220703125e-08
1418,62.3386124909623,68.38736602374941,0.003010211485536329,0.0030087838159643587,475.6848566256576,475.51732265510685,2.8339456585384095,3.0713236714685244,2.237895087780465,2.7583866175201823,2.8339456585384095,3.0713236714685244,40.787269681742046,43.812709030100336,-0.06436824798583984,-0.24362480640411377,1e-05,15.0,1.220703125e-08
1419,62.542990858630716,68.35570765976922,0.003009791457495173,0.003007884378728759,475.68430736036953,475.5167602743193,2.8399986853351944,3.0728977555814,2.2712263078545805,2.7331358365789304,2.8399986853351944,3.0728977555814,41.37353433835846,43.812709030100336,-0.06177186965942383,-0.2462691068649292,1e-05,15.0,1.220703125e-08
1420,61.288924825850444,68.34684629663576,0.003010583213503961,0.003008073480818483,475.6836696605587,475.5160539812069,2.786771271097001,3.0741099394284763,2.1954125878798902,2.7198918144838466,2.786771271097001,3.0741099394284763,40.95477386934673,43.812709030100336,-0.01948082447052002,-0.24789190292358398,1e-05,15.0,1.220703125e-08
1421,62.93564267054674,68.14069714753523,0.0030105539610830933,0.0030067997289989702,475.68212686152117,475.51349479139446,2.867699097548697,3.0677847455576512,2.2066774520043353,2.688044142164913,2.867699097548697,3.0677847455576512,40.871021775544385,43.812709030100336,-0.07720327377319336,-0.24130570888519287,1e-05,15.0,1.220703125e-08
1422,62.466887999619274,68.03314647865933,0.003009934794981426,0.003007599135493255,475.6798922795946,475.51204290996026,2.8417752052671346,3.064536291620006,2.2265709904170716,2.671005796030612,2.8417752052671346,3.064536291620006,40.619765494137354,43.812709030100336,-0.042796969413757324,-0.2423694133758545,1e-05,15.0,1.220703125e-08
1423,62.269624719667675,68.15753753049717,0.003009782144269427,0.003007590755926177,475.6792718066243,475.51195156135685,2.839121128845854,3.0726981346423807,2.1689002390083556,2.655465832522083,2.839121128845854,3.0726981346423807,41.12227805695142,43.812709030100336,-0.07478487491607666,-0.24455344676971436,1e-05,15.0,1.220703125e-08
1424,63.463091628235986,67.97407674629952,0.0030100341867561916,0.0030073275802077657,475.6790076787747,475.51183387986,2.8984444972059036,3.0646951334133594,2.1716980315133356,2.6461097085755005,2.8984444972059036,3.0646951334133594,40.7035175879397,43.812709030100336,-0.09287583827972412,-0.2398895025253296,1e-05,15.0,1.220703125e-08
1425,62.175257735515956,68.21003996169686,0.003009575757648877,0.003007489521318056,475.6785787457797,475.5102033838381,2.838705001364601,3.079088234981167,2.1344844482252547,2.625347585582414,2.838705001364601,3.079088234981167,40.787269681742046,43.812709030100336,-0.06660962104797363,-0.25105905532836914,1e-05,15.0,1.220703125e-08
1426,62.210726867369075,68.08960055348068,0.0030093266409502006,0.003006658668670317,475.67673823422126,475.5085160373445,2.840022563934326,3.07519528937579,2.1381333515272667,2.6083211532005897,2.840022563934326,3.07519528937579,40.871021775544385,43.812709030100336,-0.05520772933959961,-0.2478330135345459,1e-05,15.0,1.220703125e-08
1427,61.978198807043846,67.95567196747132,0.003009474673659433,0.003007595793322277,475.6742831282879,475.50617067470995,2.833767307463603,3.069946043467442,2.09516301466592,2.5967363737099944,2.833767307463603,3.069946043467442,40.7035175879397,43.812709030100336,-0.05636250972747803,-0.24409937858581543,1e-05,15.0,1.220703125e-08
1428,62.76337924235231,67.86910728786303,0.0030099684041043373,0.0030073899609102156,475.6730256200436,475.5055646098976,2.8735564457910945,3.0683900967090825,2.090918100059931,2.5745608360073637,2.8735564457910945,3.0683900967090825,40.36850921273032,43.812709030100336,-0.0936439037322998,-0.24102354049682617,1e-05,15.0,1.220703125e-08
1429,62.645661684735934,67.79321405161981,0.0030097221379235413,0.0030073637709669447,475.67234610552765,475.5046097873445,2.870989586240682,3.0669448606944005,2.06436755709113,2.5557673033264567,2.870989586240682,3.0669448606944005,40.53601340033501,43.812709030100336,-0.0790027379989624,-0.2422928810119629,1e-05,15.0,1.220703125e-08
1430,61.67587625960409,67.62154601489421,0.0030092979201008026,0.0030056872026664656,475.6706947825063,475.5027175954353,2.827866527902421,3.061594643321723,2.0214410750710186,2.529914936493073,2.827866527902421,3.061594643321723,40.871021775544385,43.812709030100336,-0.04336857795715332,-0.23675739765167236,1e-05,15.0,1.220703125e-08
1431,62.71487063179463,67.75663645052192,0.0030090938493066545,0.0030075271386516135,475.66941539566324,475.5015753806634,2.8782038257349676,3.0689458288875313,2.0343420629325624,2.525125955658214,2.8782038257349676,3.0689458288875313,40.619765494137354,43.812709030100336,-0.09173738956451416,-0.24237942695617676,1e-05,15.0,1.220703125e-08
1432,61.84650865871104,67.62523019592898,0.0030098860471866637,0.0030065250589222615,475.6684172101556,475.50089552250995,2.8338765075658037,3.0641018523021684,2.0416092189712143,2.5113230461260945,2.8338765075658037,3.0641018523021684,40.619765494137354,43.812709030100336,-0.06602764129638672,-0.24052631855010986,1e-05,15.0,1.220703125e-08
1433,62.09312280498358,67.70046471433098,0.0030091240221300666,0.0030065548674742316,475.66740644956553,475.49946568721913,2.85356352197465,3.070476120530961,1.9827653706772643,2.490422574971432,2.85356352197465,3.070476120530961,40.95477386934673,43.812709030100336,-0.07306504249572754,-0.24364328384399414,1e-05,15.0,1.220703125e-08
1434,61.891662942704244,67.63805652222905,0.0030093058745627927,0.0030071795334024073,475.6661659636889,475.4982536596598,2.8379731294098414,3.0698507374345656,2.0269030062996563,2.4704559112472277,2.8379731294098414,3.0698507374345656,40.36850921273032,43.812709030100336,-0.058570027351379395,-0.24120402336120605,1e-05,15.0,1.220703125e-08
1435,61.46803330975761,67.46129891386,0.0030091475427050885,0.0030068320784418776,475.6648599442525,475.4970591873628,2.8195562582319504,3.063349974992682,2.0047871525363505,2.4517638125148506,2.8195562582319504,3.063349974992682,39.949748743718594,43.812709030100336,-0.062014102935791016,-0.23727011680603027,1e-05,15.0,1.220703125e-08
1436,62.519726074320985,67.3722283864101,0.003009236412250766,0.003007630431358033,475.66325150941884,475.49562496325643,2.8795520308828433,3.060857700264972,1.94549725862404,2.4360668874504574,2.8795520308828433,3.060857700264972,40.53601340033501,43.812709030100336,-0.09125471115112305,-0.23745942115783691,1e-05,15.0,1.220703125e-08
1437,61.032215878791746,67.5491014563519,0.0030093671803922708,0.0030079377639141668,475.6623613367129,475.4951539310723,2.807485326850035,3.0717125935698033,1.9270263670676917,2.4199745224471076,2.807485326850035,3.0717125935698033,40.7035175879397,43.812709030100336,-0.03770923614501953,-0.2449270486831665,1e-05,15.0,1.220703125e-08
1438,61.652745168612434,67.3682928691341,0.003008594437326044,0.003006729522383582,475.6622254644806,475.4952848810815,2.8407495013832844,3.06516288674396,1.9091303184803208,2.400057854859725,2.8407495013832844,3.06516288674396,40.28475711892797,43.812709030100336,-0.0657433271408081,-0.23797476291656494,1e-05,15.0,1.220703125e-08
1439,61.539274583110455,67.47222966733186,0.0030089244472683474,0.003006736952718036,475.66174285735315,475.4943431229097,2.8345765312712397,3.0718167442143165,1.9131234874278058,2.38840208165223,2.8345765312712397,3.0718167442143165,39.86599664991625,43.812709030100336,-0.0537571907043457,-0.24523663520812988,1e-05,15.0,1.220703125e-08
1440,62.17338006101062,67.36356885776073,0.0030086576522107998,0.003006133236875602,475.66128514479954,475.49380676881924,2.8639253459783456,3.0684085633842444,1.9319769361710029,2.37220786885673,2.8639253459783456,3.0684085633842444,40.787269681742046,43.812709030100336,-0.0827786922454834,-0.24270236492156982,1e-05,15.0,1.220703125e-08
1441,61.27824581408221,67.3232383983191,0.0030090698147102117,0.0030062342705796893,475.66021754074734,475.4926647581783,2.8341878594665273,3.0684070244281987,1.8118201815702608,2.3560873592976344,2.8341878594665273,3.0684070244281987,41.45728643216081,43.812709030100336,-0.060251712799072266,-0.24301159381866455,1e-05,15.0,1.220703125e-08
1442,61.09643324016526,67.33967294342143,0.003009187703066111,0.0030073153367421797,475.65959037129005,475.49227252054374,2.819029676255269,3.071576054678314,1.8603600159761693,2.337300672977664,2.819029676255269,3.071576054678314,40.7035175879397,43.812709030100336,-0.051146507263183594,-0.24495744705200195,1e-05,15.0,1.220703125e-08
1443,60.754023432132584,67.26849194274698,0.0030088812487989265,0.0030070100023246132,475.6585846202857,475.4913918995937,2.8038520701167173,3.0706662661255804,1.8448189986211372,2.316107659036898,2.8038520701167173,3.0706662661255804,39.949748743718594,43.812709030100336,-0.05180680751800537,-0.24362945556640625,1e-05,15.0,1.220703125e-08
1444,61.6074207887378,67.05070223856131,0.003009009914054618,0.0030069324183262212,475.6579683390095,475.4902976555968,2.851677702898955,3.0606369812751693,1.8035715327190993,2.3092264913794986,2.851677702898955,3.0606369812751693,40.36850921273032,43.812709030100336,-0.07671725749969482,-0.23739874362945557,1e-05,15.0,1.220703125e-08
1445,61.195652704542404,67.24750142432376,0.0030085746268312787,0.0030063307193111018,475.6565939745112,475.488553968959,2.831678602963037,3.0726192731123705,1.7988602765640822,2.292093952363949,2.831678602963037,3.0726192731123705,40.28475711892797,43.812709030100336,-0.060076236724853516,-0.24615418910980225,1e-05,15.0,1.220703125e-08
1446,61.70660830422662,67.08961050486485,0.0030086469451212003,0.00300566548400599,475.6548335652056,475.48708004138143,2.859293318274033,3.0672682447975697,1.7823253678317046,2.2717501527090933,2.859293318274033,3.0672682447975697,39.7822445561139,43.812709030100336,-0.06923449039459229,-0.2421708106994629,1e-05,15.0,1.220703125e-08
1447,60.908207265575925,67.18467392171904,0.0030084905067187307,0.003006716639607098,475.65342418472574,475.48568072366874,2.820178592624377,3.0745511740745113,1.7758840616024918,2.25150496026744,2.820178592624377,3.0745511740745113,39.61474036850921,43.812709030100336,-0.02499568462371826,-0.2457132339477539,1e-05,15.0,1.220703125e-08
1448,60.75552928547564,67.04178440770178,0.0030079141919855247,0.003006374514833043,475.65176376266095,475.48373627423445,2.814594564725406,3.069922975871874,1.7594897024196197,2.231376656720471,2.814594564725406,3.069922975871874,39.698492462311556,43.812709030100336,-0.0513988733291626,-0.24094796180725098,1e-05,15.0,1.220703125e-08
1449,61.17210809908919,66.98330239388456,0.0030085376445890422,0.0030071134990498575,475.64896805601904,475.4809461102438,2.838538562033444,3.0687330231618724,1.7345638123389264,2.217498691584354,2.838538562033444,3.0687330231618724,39.86599664991625,43.812709030100336,-0.06165742874145508,-0.24082398414611816,1e-05,15.0,1.220703125e-08
1450,61.06233217248965,66.85471909181729,0.0030086869171117017,0.0030057318018045414,475.64693457317514,475.478980022928,2.8347714686114185,3.0640371324226607,1.7207894401134958,2.2036438379000662,2.8347714686114185,3.0640371324226607,41.20603015075377,43.812709030100336,-0.06193435192108154,-0.23757243156433105,1e-05,15.0,1.220703125e-08
1451,61.38149301091231,66.84949901670117,0.0030082303962796625,0.0030070462779618525,475.6454674802234,475.47757621433425,2.8518008183394645,3.0669904951267815,1.7122225739448713,2.1779166870691307,2.8518008183394645,3.0669904951267815,39.53098827470687,43.812709030100336,-0.08258545398712158,-0.24126172065734863,1e-05,15.0,1.220703125e-08
1452,61.01549651435072,66.80767230285849,0.003008265152005744,0.0030064591717435963,475.6441452051926,475.47649054383754,2.834901914324992,3.066481158087485,1.7010151189775322,2.165264948554661,2.834901914324992,3.066481158087485,39.7822445561139,43.812709030100336,-0.05820035934448242,-0.24226224422454834,1e-05,15.0,1.220703125e-08
1453,60.84859924060815,66.79987873600479,0.003008282480143647,0.003005757269116249,475.64310229124135,475.47573209526547,2.83102946385267,3.067911290803482,1.6652348305112752,2.150712752421963,2.83102946385267,3.067911290803482,40.7035175879397,43.812709030100336,-0.06063997745513916,-0.24412751197814941,1e-05,15.0,1.220703125e-08
1454,61.400305474822844,66.79277689241646,0.003008566909879945,0.0030058187574310146,475.6422933453891,475.47494731379993,2.8588493449404413,3.0708214638623903,1.6633559551270962,2.1245903243189272,2.8588493449404413,3.0708214638623903,39.61474036850921,43.812709030100336,-0.08274924755096436,-0.24499809741973877,1e-05,15.0,1.220703125e-08
1455,61.23576027823852,66.7815484011851,0.0030080549414246227,0.0030060121789574623,475.64221804824905,475.4756099228875,2.8511200222737427,3.07242514297715,1.6593771719653003,2.107267718650027,2.8511200222737427,3.07242514297715,38.860971524288104,43.812709030100336,-0.06572568416595459,-0.24545347690582275,1e-05,15.0,1.220703125e-08
1456,60.56065425521365,66.60236160890713,0.003008251884169065,0.00300559493398487,475.64206500029445,475.47438074832775,2.8198884076608883,3.065371257405616,1.639185742317532,2.092028738264256,2.8198884076608883,3.065371257405616,39.53098827470687,43.812709030100336,-0.040284037590026855,-0.2420128583908081,1e-05,15.0,1.220703125e-08
1457,60.656666070372616,66.60533000473993,0.003007758957126382,0.003005446318730114,475.64103128762304,475.47341296345894,2.8216080106482835,3.0681008574954642,1.6638375221185349,2.0713799685538814,2.8216080106482835,3.0681008574954642,39.7822445561139,43.812709030100336,-0.046587586402893066,-0.2447371482849121,1e-05,15.0,1.220703125e-08
1458,60.39896354483599,66.55750644645563,0.0030078999815162403,0.0030056685318291983,475.6395602585682,475.4713420548965,2.8155388780175343,3.0675506966568555,1.6093085944353036,2.0566499488409544,2.8155388780175343,3.0675506966568555,40.45226130653266,43.812709030100336,-0.04285407066345215,-0.2403733730316162,1e-05,15.0,1.220703125e-08
1459,60.551017831518024,66.52421019946452,0.0030078658107917764,0.003004994680232876,475.6376857022744,475.4695197778402,2.8217479439836053,3.068896522490077,1.6204579275856466,2.0325712719091205,2.8217479439836053,3.068896522490077,38.60971524288107,43.812709030100336,-0.04669547080993652,-0.24583637714385986,1e-05,15.0,1.220703125e-08
1460,60.63501620652089,66.42141361300364,0.003007963131660817,0.00300554884987008,475.6358291907127,475.46869570116536,2.830446574356488,3.0656262895335322,1.584467213956555,2.01760909350022,2.830446574356488,3.0656262895335322,39.61474036850921,43.812709030100336,-0.06234610080718994,-0.24031591415405273,1e-05,15.0,1.220703125e-08
1461,60.16850968301795,66.46763235749209,0.0030077606848311583,0.0030062615405768156,475.6355034654065,475.4679807324872,2.809120710171647,3.069397551558887,1.5684739505026608,2.005920257058032,2.809120710171647,3.069397551558887,39.44723618090452,43.812709030100336,-0.05061185359954834,-0.24521589279174805,1e-05,15.0,1.220703125e-08
1462,60.196495663181224,66.36960148891079,0.0030079734101392318,0.0030058221782504717,475.6345610498783,475.4670915380369,2.8098348417074437,3.067583805741275,1.5739533891230573,1.9812222404224817,2.8098348417074437,3.067583805741275,38.860971524288104,43.812709030100336,-0.05539262294769287,-0.24038660526275635,1e-05,15.0,1.220703125e-08
1463,61.12620062644358,66.30521285653514,0.0030075836489117476,0.003006468841612937,475.63340833398763,475.46558739907766,2.854065313610799,3.065586885082283,1.5919939541137798,1.9714357510059572,2.854065313610799,3.065586885082283,38.19095477386934,43.812709030100336,-0.06055092811584473,-0.23864316940307617,1e-05,15.0,1.220703125e-08
1464,60.352222078409625,66.21520521489275,0.0030077791264221396,0.0030052776706956303,475.6325134584053,475.46485497720266,2.8233190561259414,3.063436197995342,1.5283714299225928,1.952647848272802,2.8233190561259414,3.063436197995342,39.86599664991625,43.812709030100336,-0.04947233200073242,-0.233739972114563,1e-05,15.0,1.220703125e-08
1465,60.856321069663096,66.22101688703964,0.0030081062854565616,0.0030065882922988073,475.63114154758165,475.46335522705897,2.8470374044261786,3.0661404116895286,1.5402618083522548,1.933329551514973,2.8470374044261786,3.0661404116895286,39.44723618090452,43.812709030100336,-0.07036101818084717,-0.24127793312072754,1e-05,15.0,1.220703125e-08
1466,60.567419291740684,66.17011460014011,0.0030076976984870344,0.0030060057694958303,475.6300663269145,475.4626881270903,2.8403488727071178,3.065795876908063,1.478212538276685,1.9157276747617435,2.8403488727071178,3.065795876908063,40.117252931323286,43.812709030100336,-0.06183481216430664,-0.23908233642578125,1e-05,15.0,1.220703125e-08
1467,60.595761629804294,66.09344940440711,0.003007630553171413,0.003005005585116935,475.6294265823748,475.46217381914323,2.8334173505230367,3.0653012452715616,1.545002399976529,1.8890295044634255,2.8334173505230367,3.0653012452715616,39.44723618090452,43.812709030100336,-0.06078445911407471,-0.23869335651397705,1e-05,15.0,1.220703125e-08
1468,61.900002369329556,66.01270790482843,0.003007710776393188,0.0030057026185469084,475.62881801995,475.4614981456744,2.903145848007458,3.0628635979017687,1.5088700219814102,1.876226314732861,2.903145848007458,3.0628635979017687,37.93969849246231,43.812709030100336,-0.0959852933883667,-0.2358567714691162,1e-05,15.0,1.220703125e-08
1469,60.62331823607785,66.00701265111815,0.0030074092466696174,0.0030061552607856166,475.62800702936886,475.4603996149274,2.838917541743523,3.064467633448317,1.512024964319801,1.8611132492588516,2.838917541743523,3.064467633448317,39.11222780569514,43.812709030100336,-0.05609011650085449,-0.23940789699554443,1e-05,15.0,1.220703125e-08
1470,60.641928291001314,66.09835043559505,0.003007258045591626,0.0030059555543891863,475.6274701346904,475.46021650945863,2.835234847300416,3.071428019864902,1.5489316473853847,1.841966764584034,2.835234847300416,3.071428019864902,36.93467336683417,43.812709030100336,-0.057816505432128906,-0.24440407752990723,1e-05,15.0,1.220703125e-08
1471,59.72020247314044,65.87046266638714,0.0030074262152265264,0.003005012298270711,475.62687338057475,475.4588738380866,2.799320879094365,3.0615939017522296,1.4675518090601143,1.8294915806090952,2.799320879094365,3.0615939017522296,39.949748743718594,43.812709030100336,-0.040842294692993164,-0.23628520965576172,1e-05,15.0,1.220703125e-08
1472,60.486165313465115,65.91649922399617,0.0030077603104301234,0.0030058713499020572,475.6247078593652,475.4568159939055,2.8386892463693667,3.064462222383174,1.458987665336136,1.8249532095963341,2.8386892463693667,3.064462222383174,37.68844221105528,43.812709030100336,-0.06514477729797363,-0.24101948738098145,1e-05,15.0,1.220703125e-08
1473,61.000806766938126,65.91430380830796,0.0030074888677297275,0.0030051444985757405,475.6236064150505,475.45637578549594,2.8633675758962456,3.0662338486483263,1.4674196488893212,1.8099088632940847,2.8633675758962456,3.0662338486483263,38.358458961474035,43.812709030100336,-0.08968114852905273,-0.24091827869415283,1e-05,15.0,1.220703125e-08
1474,60.06760420551652,65.92036864111655,0.003007176389115889,0.0030056503905064387,475.6236134182468,475.45623187317096,2.819187823252462,3.067953154394858,1.4475791382430188,1.7985759794114027,2.819187823252462,3.067953154394858,38.77721943048576,43.812709030100336,-0.04848122596740723,-0.2429715394973755,1e-05,15.0,1.220703125e-08
1475,59.4825949549076,65.78855096057904,0.003007403127942702,0.003004932737158593,475.6230648174957,475.4558830133649,2.7891891757447516,3.0647160783659255,1.4535628585160478,1.7717493178453732,2.7891891757447516,3.0647160783659255,39.028475711892796,43.812709030100336,-0.030802607536315918,-0.2385920286178589,1e-05,15.0,1.220703125e-08
1476,60.282613910822015,65.7870535069086,0.00300709996606462,0.003005525981072947,475.6225765873639,475.45453585111176,2.828048615799078,3.0658659002055293,1.4626975694493434,1.761949297576445,2.828048615799078,3.0658659002055293,38.60971524288107,43.812709030100336,-0.06189846992492676,-0.23419570922851562,1e-05,15.0,1.220703125e-08
1477,60.197046404507894,65.66456949750716,0.0030069506584418627,0.003006168823365284,475.6213078842291,475.45366829454304,2.828524069969778,3.061341024960164,1.4246680363139115,1.7491490222937287,2.828524069969778,3.061341024960164,39.7822445561139,43.812709030100336,-0.06920671463012695,-0.23600494861602783,1e-05,15.0,1.220703125e-08
1478,59.785820090391326,65.63718442374648,0.003007163198499424,0.0030048025684761364,475.62004393508886,475.45178049144937,2.8096158815987744,3.0628192392878706,1.4114410569719733,1.7263800842706176,2.8096158815987744,3.0628192392878706,38.94472361809046,43.812709030100336,-0.03617537021636963,-0.2366940975189209,1e-05,15.0,1.220703125e-08
1479,60.52072339081884,65.53163282209415,0.003007288551475959,0.0030041944818029235,475.6190460051723,475.4517674270681,2.8427622446063374,3.059666194245967,1.4402309921718324,1.7093876373010335,2.8427622446063374,3.059666194245967,39.698492462311556,43.812709030100336,-0.05489349365234375,-0.2326594591140747,1e-05,15.0,1.220703125e-08
1480,60.48696421458693,65.50484568618214,0.0030069660478844067,0.003005699045102682,475.6185567015579,475.4506557298743,2.8445605041593365,3.059452819983696,1.4123433714535967,1.7003680328062944,2.8445605041593365,3.059452819983696,38.107202680067005,43.812709030100336,-0.06601369380950928,-0.2375926971435547,1e-05,15.0,1.220703125e-08
1481,59.84546604507932,65.67611399621867,0.003007166022887232,0.003005777242714944,475.61720043291,475.44941338886787,2.812096783064518,3.0694979138198906,1.4154523601084699,1.688514407263153,2.812096783064518,3.0694979138198906,38.69346733668342,43.812709030100336,-0.05074572563171387,-0.24161028861999512,1e-05,15.0,1.220703125e-08
1482,60.59979962424018,65.45969334733127,0.0030074334068464076,0.0030049022394590653,475.6169819025139,475.4496227251646,2.847751568709586,3.060237756939636,1.431944597306563,1.6760337352752686,2.847751568709586,3.060237756939636,38.274706867671696,43.812709030100336,-0.07263123989105225,-0.23469603061676025,1e-05,15.0,1.220703125e-08
1483,59.99533491278414,65.37534251898826,0.0030068207268526704,0.0030049631102664716,475.6162140557115,475.4484978615241,2.8206147025378305,3.057312047601145,1.4072593887846674,1.665698249603195,2.8206147025378305,3.057312047601145,37.018425460636514,43.812709030100336,-0.04892253875732422,-0.2326425313949585,1e-05,15.0,1.220703125e-08
1484,60.67110462923545,65.48843219208479,0.0030079591017796764,0.0030052146989615466,475.61492700113524,475.44689380046117,2.852460698266724,3.06495208405332,1.4227903693964334,1.6498130850967356,2.852460698266724,3.06495208405332,37.77219430485762,43.812709030100336,-0.0787038803100586,-0.23866307735443115,1e-05,15.0,1.220703125e-08
1485,60.54196302455474,65.35434662936922,0.003007151163066152,0.0030055937051997337,475.61319838736324,475.44588682244853,2.8491861824214557,3.0588876642909737,1.3973359718194958,1.6446905028461214,2.8491861824214557,3.0588876642909737,39.11222780569514,43.812709030100336,-0.05915689468383789,-0.2344677448272705,1e-05,15.0,1.220703125e-08
1486,60.348642588859825,65.35406136911449,0.0030065952161392523,0.0030057437711684997,475.61251636805446,475.44557297110157,2.8393317355183103,3.060550400245947,1.3988478850679382,1.6312733462024294,2.8393317355183103,3.060550400245947,38.77721943048576,43.812709030100336,-0.05726778507232666,-0.2359163761138916,1e-05,15.0,1.220703125e-08
1487,60.668320507260425,65.371425207642,0.003007270775226817,0.003005475699776989,475.6120680101353,475.44482299396424,2.8601619754005316,3.062448692959687,1.3600713397989321,1.6230345721228865,2.8601619754005316,3.062448692959687,37.437185929648244,43.812709030100336,-0.07023155689239502,-0.2362232208251953,1e-05,15.0,1.220703125e-08
1488,59.45685811897418,65.56045863939369,0.0030069097118386673,0.0030057621095018043,475.6112435243437,475.4442518355456,2.801098606294923,3.072711177494215,1.3479967908044557,1.6165458314793564,2.801098606294923,3.072711177494215,38.44221105527638,43.812709030100336,-0.04012119770050049,-0.24416863918304443,1e-05,15.0,1.220703125e-08
1489,59.45858974233145,65.43834006268045,0.0030074765043055494,0.003003808239904734,475.61112610578937,475.44465734169233,2.8046022751423183,3.068280799731762,1.320655558576536,1.6031569445810987,2.8046022751423183,3.068280799731762,40.45226130653266,43.812709030100336,-0.04611814022064209,-0.2388458251953125,1e-05,15.0,1.220703125e-08
1490,60.51063820025829,65.33687049329879,0.003007349922435617,0.003005383700524834,475.61163238065325,475.44474450561114,2.8513287188020384,3.064812476818378,1.3676643677093276,1.5903040896291318,2.8513287188020384,3.064812476818378,39.27973199329983,43.812709030100336,-0.07735931873321533,-0.23950469493865967,1e-05,15.0,1.220703125e-08
1491,60.27922383984129,65.23275153373795,0.003007798521175756,0.003005263931351561,475.6117309877022,475.44429980632054,2.8415237112061265,3.0611148055979243,1.3535350495247385,1.578237607327592,2.8415237112061265,3.0611148055979243,40.117252931323286,43.812709030100336,-0.05919492244720459,-0.2371666431427002,1e-05,15.0,1.220703125e-08
1492,61.235851351739576,65.27651409799837,0.0030078175540083716,0.0030054380045736514,475.6105206615761,475.44246875163304,2.8893981407235816,3.063716681107231,1.3531905975773106,1.574926826467482,2.8893981407235816,3.063716681107231,39.7822445561139,43.812709030100336,-0.07356858253479004,-0.2382221221923828,1e-05,15.0,1.220703125e-08
1493,60.70038765758725,65.11789068011535,0.0030070687429683044,0.0030048709031020022,475.6092196006072,475.4420416076048,2.8618829501933187,3.0558478951852854,1.3591322978736966,1.5744327234982647,2.8618829501933187,3.0558478951852854,39.86599664991625,43.812709030100336,-0.08307576179504395,-0.22851526737213135,1e-05,15.0,1.220703125e-08
1494,59.96475244007718,65.11098069411058,0.0030070916508516325,0.00300415760111749,475.6085824119785,475.4413266389266,2.825919252344512,3.0564909292304,1.3525881693391144,1.5665290901892162,2.825919252344512,3.0564909292304,36.85092127303183,43.812709030100336,-0.05357038974761963,-0.2311457395553589,1e-05,15.0,1.220703125e-08
1495,60.238576572744094,65.26177442671862,0.003007018696469952,0.0030041408303028666,475.6081897218024,475.44147932888274,2.8400313950064193,3.0650859309678093,1.3492210859829057,1.55808800997144,2.8400313950064193,3.0650859309678093,38.274706867671696,43.812709030100336,-0.056974053382873535,-0.2361736297607422,1e-05,15.0,1.220703125e-08
1496,60.173912540352724,65.04686975638603,0.00300709198274255,0.0030049257078535083,475.60881443758507,475.4430401141827,2.832851662308327,3.054602154919934,1.3807922130453727,1.555989429304831,2.832851662308327,3.054602154919934,38.107202680067005,43.812709030100336,-0.07147085666656494,-0.23258233070373535,1e-05,15.0,1.220703125e-08
1497,60.22809332459416,64.92936914501382,0.0030072079171930477,0.003005728845867674,475.61050348585377,475.4444568850922,2.8364156734204573,3.05045201945863,1.3739520129646288,1.5421818869568433,2.8364156734204573,3.05045201945863,37.68844221105528,43.812709030100336,-0.06390571594238281,-0.22863388061523438,1e-05,15.0,1.220703125e-08
1498,60.15917023062906,65.0790112983423,0.003006917860521194,0.003005714344178454,475.6120739909672,475.44525911975467,2.8366648907238114,3.058872124821845,1.344391462391545,1.5346800041039252,2.8366648907238114,3.058872124821845,39.19597989949749,43.812709030100336,-0.06986689567565918,-0.236791729927063,1e-05,15.0,1.220703125e-08
1499,60.07695219464837,65.15228076284147,0.0030071433400345256,0.003004983148497084,475.61240528815955,475.4455600087858,2.831345662799113,3.063471110768143,1.3540561077383095,1.5272013483238858,2.831345662799113,3.063471110768143,39.36348408710218,43.812709030100336,-0.06417572498321533,-0.2365177869796753,1e-05,15.0,1.220703125e-08
1500,59.599217956389616,65.09653753580457,0.003007297116289636,0.0030044926319545426,475.6126685469993,475.4459655149326,2.81158711323187,3.0602955547064843,1.3210294887648155,1.5303132705465208,2.81158711323187,3.0602955547064843,40.28475711892797,43.812709030100336,-0.053179025650024414,-0.23389971256256104,1e-05,15.0,1.220703125e-08
