epoch,train_loss,val_loss,train_recon_loss,val_recon_loss,train_kl_loss,val_kl_loss,train_age_loss,val_age_loss,train_site_loss,val_site_loss,train_age_mae,val_age_mae,train_site_acc,val_site_acc,train_age_r2,val_age_r2,current_beta,current_grl_alpha
1,53.342325105139956,64.99968221913214,0.05044102863450745,0.23731937884885732,11.635247867910108,28.520478889694978,3.0157316885202174,3.0930735538635763,1.6111639672188303,3.673208658511822,3.0157316885202174,3.0930735538635763,43.21608040201005,36.78929765886287,-0.19826292991638184,-0.2589437961578369,7.686158073360571e-06,0.0
2,53.16877560000523,57.14891207895949,0.6192435277766318,0.5940408230226574,51.65932516995786,55.055335654064166,2.9282861430840676,2.996728761539013,1.7249532378897994,2.320687378529322,2.9282861430840676,2.996728761539013,46.81742043551089,43.1438127090301,-0.1110001802444458,0.04539167881011963,9.154408582006738e-06,0.025
3,56.303068343119406,57.709984540141946,0.39943379408350743,0.34835180709991964,45.7382353330577,47.26902805443193,2.888519633355452,3.0082496544190476,2.5150679264036655,2.4474742348776215,2.888519633355452,3.0082496544190476,42.462311557788944,46.82274247491639,-0.11579704284667969,-0.22148728370666504,1.0941850065037413e-05,0.05
4,58.347131323375095,58.848866886917165,0.31852323805267485,0.2805987931414193,50.176236393863036,52.61917490624265,2.8384487069831223,2.8998432518247776,3.0902440807527833,3.0139859775237015,2.8384487069831223,2.8998432518247776,40.7035175879397,40.468227424749166,-0.08620929718017578,-0.07943272590637207,1.3116306549289961e-05,0.075
5,60.611374240025405,61.93198661421454,0.2623001484315799,0.2425617609534375,52.23074704398662,50.84723901908134,2.8583184430746975,2.885025608898405,3.4946951798258516,3.6826478175096287,2.8583184430746975,2.885025608898405,40.7035175879397,40.468227424749166,-0.0889211893081665,-0.06673324108123779,1.5759257661579782e-05,0.1
6,62.125826734993325,69.54241037528251,0.18940429637829462,0.10603783907599273,43.72283260786354,28.20215501434428,2.8187506837860825,3.704111501923373,3.9308664738832406,2.77483271914581,2.8187506837860825,3.704111501923373,40.619765494137354,44.14715719063545,-0.024082064628601074,-0.7896535396575928,1.896822375212947e-05,0.125
7,69.69075148948274,83.33093516882447,0.22353424803296126,0.5243160112645714,45.551938553751015,75.91381055136588,2.9015814802754463,3.0488169081633707,5.188490703077972,7.414525641246783,2.9015814802754463,3.0488169081633707,40.7035175879397,40.13377926421405,-0.12945067882537842,0.028262734413146973,2.285938966519435e-05,0.15
8,77.55623109136994,78.38443564730743,0.49933229324406314,0.2933127612971941,71.65464129679566,53.02029607766448,2.883309163440212,2.9682971378632614,6.761057355296073,6.7130399707169035,2.883309163440212,2.9682971378632614,40.619765494137354,40.13377926421405,-0.08965528011322021,-0.12253415584564209,2.7570396583288997e-05,0.17500000000000002
9,77.31488578962521,83.23715240580582,0.2964719828449102,0.366066863106246,55.09690960447992,68.6182363248589,2.833364188770952,2.957744624702428,6.903223648742216,7.700526232703473,2.833364188770952,2.957744624702428,40.619765494137354,40.13377926421405,-0.05581200122833252,-0.14535927772521973,3.326316923375208e-05,0.2
10,78.96638608897351,77.27083705021785,0.36780542956424916,0.20740775175915913,71.93282369872433,53.22738407607063,2.8395672163971306,3.0179608266887854,7.20043713443443,6.358375589185734,2.8395672163971306,3.0179608266887854,40.619765494137354,40.13377926421405,-0.06743061542510986,-0.22807979583740234,4.012655707396759e-05,0.22499999999999998
11,80.3269260093395,88.53681782496015,0.23469867264006405,0.3659884423316522,59.17792793414501,87.55275131786946,2.8103056005896434,2.8605366630299036,7.586955923530923,9.051709073044385,2.8103056005896434,2.8605366630299036,40.619765494137354,40.13377926421405,-0.04461205005645752,0.05585259199142456,4.837844730438922e-05,0.25
12,84.90553178899053,86.69267803689708,0.3863535710615129,0.3097619806045673,101.14295687268128,103.20474781559463,2.785073846628518,2.838413412355659,8.547435605545939,8.760140801751893,2.785073846628518,2.838413412355659,40.619765494137354,40.13377926421405,-0.02213108539581299,-0.04513394832611084,5.826685172296986e-05,0.275
13,87.1291247292779,88.60934948363033,0.28126031819300434,0.293963541753316,104.96239983895715,110.90562597166335,2.8351682614241813,2.8891322046618,8.862597082128477,8.994126275231608,2.8351682614241813,2.8891322046618,40.619765494137354,40.13377926421405,-0.026041150093078613,-0.08212065696716309,7.006928192300347e-05,0.3
14,86.48970454741563,87.47500296500216,0.31602145389496183,0.2862598333869092,116.57486810476536,118.12106409997844,2.784882855375408,2.793338947870261,8.878127601278488,9.055745979615278,2.784882855375408,2.793338947870261,40.619765494137354,40.13377926421405,-0.025193095207214355,0.11183202266693115,8.408952379742846e-05,0.325
15,89.94479909414423,92.30205002596546,0.30767531470837106,0.3498260974884033,123.56783546434974,122.45387625295582,2.8248576514884656,2.8083611164603344,9.450364825314214,9.962896991334233,2.8248576514884656,2.8083611164603344,40.619765494137354,40.13377926421405,-0.06713545322418213,0.08616650104522705,0.00010065073863056549,0.35000000000000003
16,90.18120926388943,89.19857160383243,0.3103860518341288,0.23894205794087223,113.93150504669752,103.76828398433418,2.79674686698658,2.9874003316247744,9.58118761723964,8.827232992369993,2.79674686698658,2.9874003316247744,40.619765494137354,40.13377926421405,-0.017684340476989746,-0.18205463886260986,0.00012008371910009542,0.375
17,89.9817760473919,94.41205533132904,0.23791922516559236,0.22801596409700386,110.84964592452825,118.59889703450793,2.747938861000278,3.068611923268806,9.701791196212897,9.62758696438078,2.747938861000278,3.068611923268806,40.619765494137354,40.13377926421405,0.004053831100463867,-0.2565937042236328,0.00014270921383558732,0.4
18,91.10904927469379,95.16240204776011,0.26980886542218013,0.3021765702145554,124.89483181236177,122.57942332392153,2.8075655369303334,2.7774539129391163,9.74093440709202,10.635545392498923,2.8075655369303334,2.7774539129391163,40.619765494137354,40.13377926421405,-0.04127943515777588,0.03197282552719116,0.0001688136332512095,0.42500000000000004
19,91.3539142193307,93.20596298166741,0.2764040829747965,0.24284613994651016,114.17443866825583,105.57625005715667,2.80868226599254,2.8192960330873826,9.78491977870564,10.130541198628404,2.80868226599254,2.8192960330873826,40.619765494137354,40.13377926421405,-0.06073880195617676,0.102916419506073,0.0001986182953299768,0.44999999999999996
20,92.16782936339003,94.28531669693248,0.21685880400128102,0.19764816501866217,97.4715878280563,92.44398911900345,2.809598024566369,2.9505389199209056,9.956872529520261,9.961623230108051,2.809598024566369,2.9505389199209056,40.619765494137354,40.13377926421405,-0.046846747398376465,-0.1415170431137085,0.0002322437412844814,0.475
21,91.82375963169525,100.29805306527128,0.2231459905154741,0.30554491939353307,102.29218129935975,118.91958559476413,2.7432477733797365,2.783780763779197,10.08486251735208,11.64074506727748,2.7432477733797365,2.783780763779197,40.619765494137354,40.13377926421405,0.01239544153213501,0.07630139589309692,0.00026967247994862516,0.5
22,92.84366542490284,84.63990283570561,0.26146644273994357,0.14987671499866306,115.01946263656744,100.37400019208724,2.7319575222692696,2.8664853556897727,10.31341932606657,8.29231165563781,2.7319575222692696,2.8664853556897727,40.619765494137354,40.13377926421405,0.0035260915756225586,-0.041559576988220215,0.0003107154933535152,0.525
23,93.50057147615519,103.29009775015024,0.16067519599269184,0.27227611525800316,105.71497801200829,130.8699088208253,2.735699248673329,2.9589518671450405,10.453375784396327,11.717416326337833,2.735699248673329,2.9589518671450405,40.619765494137354,40.13377926421405,0.01744377613067627,-0.14691603183746338,0.00035498935008043036,0.55
24,95.55807984574156,94.70208974984976,0.24700248348752857,0.17552687277562642,131.8453003773138,127.28163294967601,2.8026592743456664,2.74780721409265,10.643639622022159,10.651659758194633,2.8026592743456664,2.74780721409265,40.619765494137354,40.13377926421405,-0.03706562519073486,0.08777487277984619,0.00040191102754766046,0.5750000000000001
25,94.7035854473785,102.10715122286692,0.16939111525688938,0.1689546030002294,124.80693758352717,116.07821642515253,2.729029544034795,3.160655691472184,10.708499874900934,10.89520866177154,2.729029544034795,3.160655691472184,40.619765494137354,40.13377926421405,-0.01094043254852295,-0.2905874252319336,0.0004507158366848345,0.6
26,95.63899182394721,103.95516421723127,0.1858972441810659,0.2563977883412288,123.2917909606218,132.0958036594965,2.7925603525522766,2.955918776949114,10.700596496288101,11.858774089494277,2.7925603525522766,2.955918776949114,40.619765494137354,40.13377926421405,-0.04844784736633301,-0.13058555126190186,0.0005005,0.625
27,96.05222072633268,104.96790489783653,0.26617773898083164,0.1990574750812556,130.8425617058273,111.27117111052956,2.7486110971600963,3.356181175812431,10.896975216953399,10.87297938739177,2.7486110971600963,3.356181175812431,40.619765494137354,40.13377926421405,0.01872122287750244,-0.4915076494216919,0.0005502841633151655,0.65
28,95.8270002457764,105.04985413822442,0.17999932761467882,0.21317352598726153,112.74844854920353,112.32249057731501,2.7779560041187996,3.0782676779705547,10.78202250495029,11.719074482104451,2.7779560041187996,3.0782676779705547,40.619765494137354,40.13377926421405,-0.011850476264953613,-0.26366400718688965,0.0005990889724523396,0.675
29,96.10048221862895,96.13888616147248,0.194834548025275,0.16533463236480253,111.12145786509042,104.29538839078667,2.7644504678109585,2.8210271576973907,10.873421074757024,10.718153538911238,2.7644504678109585,2.8210271576973907,40.619765494137354,40.13377926421405,-0.009827375411987305,-0.018072843551635742,0.0006460106499195698,0.7000000000000001
30,96.39255250199156,97.40543758430609,0.1646115456893416,0.15342952246251312,106.2470340952402,117.11436268477934,2.7541751526108937,2.726949641537108,10.968395182036076,11.253383949050138,2.7541751526108937,2.726949641537108,40.619765494137354,40.13377926421405,-0.005903363227844238,0.07517898082733154,0.0006902845066464847,0.725
31,95.06941478735638,105.58878063597408,0.17855649737257454,0.23131553908454933,129.85087580337395,133.81320353734452,2.6980313036709376,2.932809263567462,10.865084993180318,12.253493092131855,2.6980313036709376,2.932809263567462,40.619765494137354,40.13377926421405,0.03191620111465454,-0.10614550113677979,0.0007313275200513749,0.75
32,96.07786482103306,105.81075580303485,0.2159169715902514,0.20828343085620715,132.02653084248553,130.4066191708364,2.7033279401373425,3.098499586749635,11.042106449504194,11.804945872380184,2.7033279401373425,3.098499586749635,40.619765494137354,40.13377926421405,0.0360071063041687,-0.23823583126068115,0.0007687562587155186,0.775
33,96.7490378272793,96.56527209840092,0.20217784283249024,0.17374795436061743,130.2250091450498,130.65426503057066,2.7344018438553293,2.674942063647369,11.085268356093211,11.232510633691897,2.7344018438553293,2.674942063647369,40.619765494137354,40.13377926421405,0.017520666122436523,0.1829667091369629,0.0008023817046700233,0.8
34,97.01762983108085,99.9180925043929,0.16865073885749932,0.18952911240001985,124.31332935480216,132.21106477565192,2.740683305602976,2.7014437271998477,11.12705554994107,11.819376215089523,2.740683305602976,2.7014437271998477,40.619765494137354,40.13377926421405,0.020041167736053467,0.1897299885749817,0.0008321863667487907,0.8250000000000001
35,96.9108354322475,96.41996127227478,0.19762444773211552,0.1724631889009954,128.64285344774,122.61431374438232,2.7645768584118815,2.6210230840089728,11.026828933600804,11.365382787774637,2.7645768584118815,2.6210230840089728,40.619765494137354,40.13377926421405,-0.003384828567504883,0.17495417594909668,0.0008582907861644128,0.8500000000000001
36,96.35848271866739,102.1793051372005,0.16825745585475935,0.16149741022483163,122.41467060236076,122.38655240878612,2.6843317557419564,2.9151695611883564,11.163482523843072,11.63649089519794,2.6843317557419564,2.9151695611883564,40.619765494137354,40.13377926421405,0.07021832466125488,-0.09838008880615234,0.0008809162808999045,0.875
37,96.5801516202227,94.37924306607964,0.14387126264460323,0.1327667727219221,127.79236845594754,126.50205697662456,2.701190168134731,2.6074270444570176,11.160674398668247,11.004234837050422,2.701190168134731,2.6074270444570176,40.619765494137354,40.13377926421405,0.040239036083221436,0.20493829250335693,0.0009003492613694345,0.8999999999999999
38,96.69746998286926,99.79147838988033,0.15134374008606027,0.1618137238516058,124.66314164358168,125.37710928518239,2.63851918766846,2.7030757573934703,11.370807047065977,11.793713180516475,2.63851918766846,2.7030757573934703,40.619765494137354,40.13377926421405,0.08535885810852051,0.08407413959503174,0.0009169104762025716,0.925
39,96.51328133178916,93.3942627922747,0.16298842180514056,0.12373604617987986,128.50725349669082,132.25366374242265,2.6524709744669086,2.601691313810572,11.288719220377093,10.824407386141877,2.6524709744669086,2.601691313810572,40.619765494137354,40.13377926421405,0.08325076103210449,0.23095369338989258,0.0009309307180769967,0.95
40,97.09276492631615,100.05343633032962,0.14994393329025313,0.18937433119800975,135.3214991328305,139.42473339476314,2.6627839837641374,2.547582506734791,11.374697554251258,12.30377764366941,2.6627839837641374,2.547582506734791,40.619765494137354,40.13377926421405,0.06882917881011963,0.18107789754867554,0.0009427331482770302,0.9750000000000001
41,96.0984634833919,93.20111594311768,0.15124063615623232,0.12686346296881354,133.7287547304802,129.04078715142597,2.613894722569528,2.4543905672819717,11.32228172564227,11.227093795470172,2.613894722569528,2.4543905672819717,40.619765494137354,40.13377926421405,0.08471769094467163,0.2666051983833313,0.0009526215526956109,1.0
42,96.80117116701264,102.24445513977255,0.1320216585843008,0.1401219543904365,127.6403175494579,129.48688616800467,2.656783794038859,2.7764471940770994,11.338949625216538,12.066641003790508,2.656783794038859,2.7764471940770994,40.619765494137354,40.13377926421405,0.0888710618019104,0.16202068328857422,0.0009608734429260324,1.025
43,97.29945562672575,104.09368865864731,0.14364752877297712,0.1439658642612572,124.97936049418233,127.95341542731958,2.6845729774366474,2.985551704929824,11.353253124946326,11.808525366129285,2.6845729774366474,2.985551704929824,40.619765494137354,40.13377926421405,0.03450369834899902,0.06775182485580444,0.0009677368307662479,1.05
44,98.0179369237954,97.13381493609884,0.14616028637542597,0.1364324527939028,125.00101023662829,129.56200906504756,2.7413982150942036,2.596804193828417,11.32582463690983,11.583840032086325,2.7413982150942036,2.596804193828417,40.619765494137354,40.13377926421405,0.03758901357650757,0.13366353511810303,0.000973429603416711,1.075
45,94.51370512740297,95.54980871908641,0.13707987532344096,0.13178101999305164,138.08171403587764,145.70747538793046,2.5653566579323517,2.4629099616238905,11.152242347423355,11.666370656578039,2.5653566579323517,2.4629099616238905,40.619765494137354,40.13377926421405,0.12259691953659058,0.2482495903968811,0.0009781406103348057,1.1
46,97.15482571855861,101.2920246698386,0.13956866624267456,0.16864536199282643,148.96372983283933,154.5905393262372,2.61701716010894,2.612758095846527,11.522742378452115,12.356039273698991,2.61701716010894,2.612758095846527,40.619765494137354,40.13377926421405,0.09115678071975708,0.23278921842575073,0.0009820317762478706,1.125
47,97.97588143915786,102.5957088406668,0.18256802168024244,0.180261290741206,153.2497146580886,148.3650529025789,2.6731539643190216,2.837049233076166,11.509003319732308,11.942706385583781,2.6731539643190216,2.837049233076166,40.619765494137354,40.13377926421405,0.03104257583618164,-0.07257568836212158,0.0009852407423384202,1.1500000000000001
48,97.15920390475735,98.20255185130448,0.1461870075145758,0.11168188200547145,139.3619112433301,125.42210518317079,2.624870378967106,3.088920625157181,11.500457985716649,10.326631373785013,2.624870378967106,3.088920625157181,40.619765494137354,40.13377926421405,0.11317330598831177,-0.2636679410934448,0.00098788369345071,1.1749999999999998
49,96.96992786605554,97.55170394744363,0.13759173235701555,0.15359015757822272,136.84046289389656,139.77670053335336,2.6181024618484265,2.536562943538296,11.485063749342109,11.842256692739634,2.6181024618484265,2.536562943538296,40.619765494137354,40.13377926421405,0.0607755184173584,0.15742850303649902,0.0009900581499349627,1.2
50,95.98698087912707,102.20122048368422,0.13123968452015514,0.14047482435320532,135.2494248944511,134.18399946027776,2.5669831694470377,2.6937991823241063,11.44336925359627,12.304134104164149,2.5669831694470377,2.6937991823241063,40.619765494137354,40.13377926421405,0.11163759231567383,0.04885578155517578,0.0009918455914179935,1.225
51,96.59157943086608,98.3895129966098,0.11683880192051381,0.14510680725143904,130.8667977491216,143.8614136048384,2.5279979913478323,2.4659384357490666,11.684780523405601,12.222293139301415,2.5279979913478323,2.4659384357490666,40.619765494137354,40.13377926421405,0.12756353616714478,0.27306461334228516,0.001,1.25
52,97.5717579188259,94.87603652596873,0.14274487782962358,0.11654418121313172,149.69488142003965,154.02198817020275,2.61095371358159,2.500447950235577,11.623002264767237,11.419750264655786,2.61095371358159,2.500447950235577,40.619765494137354,40.13377926421405,0.09638416767120361,0.200486421585083,0.001,1.275
53,96.51528530663981,97.26471365734088,0.13095703134484826,0.13446669609450976,157.92753319924,160.57292262048625,2.5562106744328537,2.4849446609267423,11.576648054011104,11.93910058445755,2.5562106744328537,2.4849446609267423,40.619765494137354,40.13377926421405,0.1478281021118164,0.25301796197891235,0.001,1.3
54,96.7097209757896,93.05663332731828,0.12779469543465818,0.10552352278128914,161.3550123154019,160.50970571256403,2.5220779789552417,2.4435297358394865,11.717880135604885,11.227530552790714,2.5220779789552417,2.4435297358394865,40.619765494137354,40.13377926421405,0.1511041522026062,0.2407432198524475,0.001,1.3250000000000002
55,97.13062709380235,99.23684146332502,0.12293891319178257,0.12625392339500696,161.6098136454571,158.06999283092077,2.532395657582499,2.6204134803950585,11.772029025271111,11.929263555086576,2.532395657582499,2.6204134803950585,40.619765494137354,40.13377926421405,0.1440560221672058,0.09346413612365723,0.001,1.35
56,97.47146343186473,99.50741276055275,0.10588569977824612,0.11548966092110477,154.17518932655628,153.91591861176252,2.5420021926937393,2.5248107734731207,11.816273970420237,12.273169102876082,2.5420021926937393,2.5248107734731207,40.619765494137354,40.13377926421405,0.16662198305130005,0.19329291582107544,0.001,1.375
57,96.58272252170684,96.59521065906537,0.12547515440027118,0.10667272941224949,158.57334306930977,158.15980708399744,2.542923777546715,2.676794848713189,11.630963343072377,11.235691048229818,2.542923777546715,2.676794848713189,40.619765494137354,40.13377926421405,0.12671852111816406,0.06646424531936646,0.001,1.4000000000000001
58,98.63984296789121,99.3907023146001,0.11377157290876411,0.12408626620287082,160.22491018017334,164.31299236386914,2.572190911326576,2.4905152679685765,11.956596644479825,12.34891486088169,2.572190911326576,2.4905152679685765,40.619765494137354,40.13377926421405,0.11223536729812622,0.21021360158920288,0.001,1.4249999999999998
59,97.13648365730018,97.07611145223662,0.10553755341612514,0.10175798165558972,160.68473335406688,158.90905496348506,2.5132846928122055,2.5166115114920116,11.834198213701871,11.813254394658832,2.5132846928122055,2.5166115114920116,40.619765494137354,40.13377926421405,0.1459636688232422,0.19595694541931152,0.001,1.45
60,96.51977935228715,95.9894379325535,0.10903679258759497,0.10074863844491964,159.81594664607215,160.2930480038442,2.5071274938695196,2.4829895129570594,11.728803107486897,11.696710583358305,2.5071274938695196,2.4829895129570594,40.619765494137354,40.13377926421405,0.15752238035202026,0.20963788032531738,0.001,1.4749999999999999
61,96.74953308616651,96.09859244560319,0.10256784905989964,0.0990290615869605,164.12158397374242,167.129852856282,2.529471127032435,2.448786828031508,11.708155076108387,11.820126064645008,2.529471127032435,2.448786828031508,40.619765494137354,40.13377926421405,0.1448877453804016,0.2682008743286133,0.001,1.5
62,98.4389931376855,93.8543956845899,0.10759270083864331,0.08942266989711137,168.178648343238,164.62241146636248,2.5444940390498996,2.4542543154496412,11.999162522192975,11.357307536147509,2.5444940390498996,2.4542543154496412,40.619765494137354,40.13377926421405,0.12657135725021362,0.2621850371360779,0.001,1.525
63,98.69534117732216,100.91700624701969,0.08856273589771198,0.09729946297546693,163.07260589344017,165.76235186216425,2.5647531386396194,2.56917131305937,11.99448173529339,12.423274458052722,2.5647531386396194,2.56917131305937,40.619765494137354,40.13377926421405,0.11767548322677612,0.2461916208267212,0.001,1.55
64,97.16541948430303,95.71315290776384,0.09459233934206379,0.08844113100731253,163.8430067921803,161.6794888805785,2.539168184127041,2.4689611168609416,11.76389220252109,11.685723234578518,2.539168184127041,2.4689611168609416,40.619765494137354,40.13377926421405,0.14746427536010742,0.24214422702789307,0.001,1.575
65,96.37679583423301,100.7002139904826,0.10208222248795844,0.10004982010875657,163.0794215370063,164.63861711687068,2.509500629338787,2.741417048368167,11.693824662635075,11.862853997527157,2.509500629338787,2.741417048368167,40.619765494137354,40.13377926421405,0.16624844074249268,-0.004373311996459961,0.001,1.6
66,97.05905029961411,95.55955949355926,0.09642401039350772,0.09203443003438389,166.1932246273686,165.6515796878266,2.5094054468113374,2.4554478468304892,11.831070187503169,11.69403060224144,2.5094054468113374,2.4554478468304892,40.619765494137354,40.13377926421405,0.16431504487991333,0.2400268316268921,0.001,1.625
67,97.85463995749826,98.03397836334331,0.09358347159883684,0.09311352717537545,164.69005105483473,164.56973945336995,2.525981120328408,2.470430496943037,11.941330039121798,12.143967803904046,2.525981120328408,2.470430496943037,40.619765494137354,40.13377926421405,0.14087772369384766,0.22153693437576294,0.001,1.6500000000000001
68,97.69917322922392,96.5689719209703,0.09181517533571078,0.08896010030173139,165.57624545967957,167.7521897638123,2.5130629926870016,2.4697529089490704,11.949167337848912,11.853192935420518,2.5130629926870016,2.4697529089490704,40.619765494137354,40.13377926421405,0.15378588438034058,0.22773617506027222,0.001,1.675
69,96.94052185365302,99.37401583362184,0.09185827654510287,0.09620613490159695,170.23009520359773,172.80166432052152,2.5029565593106065,2.4808873436522725,11.826817234556879,12.378338922226309,2.5029565593106065,2.4808873436522725,40.619765494137354,40.13377926421405,0.16820967197418213,0.21233296394348145,0.001,1.7000000000000002
70,96.68183036305797,97.31080609579948,0.091834653274997,0.0863555869131184,172.3451658980531,171.9707512488732,2.4900403577878047,2.5605795853911433,11.813409038524531,11.728756856758858,2.4900403577878047,2.5605795853911433,40.619765494137354,40.13377926421405,0.17252874374389648,0.15782207250595093,0.001,1.7249999999999999
71,97.06203791683842,97.13852005260047,0.08976765056850523,0.08613947920974681,171.64416992085265,170.56110930682027,2.4956058401558265,2.455108439244554,11.8733078942227,12.011038933310621,2.4956058401558265,2.455108439244554,40.619765494137354,40.13377926421405,0.16677987575531006,0.26379239559173584,0.001,1.75
72,98.1617472535202,98.93461950806072,0.08426174176997275,0.09060435540301345,171.26135634737,174.93163159220515,2.5084337944561113,2.4760885071196284,12.055943390033153,12.30555146513974,2.5084337944561113,2.4760885071196284,40.619765494137354,40.13377926421405,0.15467309951782227,0.22416454553604126,0.001,1.775
73,97.86786286116046,95.90965281202642,0.09170861945329999,0.08313864554250519,175.18153381347656,174.10635161639058,2.5250439040824597,2.4936319960399613,11.945063292281311,11.649585586726467,2.5250439040824597,2.4936319960399613,40.619765494137354,40.13377926421405,0.14895176887512207,0.21700799465179443,0.001,1.7999999999999998
74,97.75846538192263,98.29177213432797,0.08512489712318184,0.08681123574142871,176.34006215260058,179.06267351131376,2.5249756069438942,2.46775112901643,11.924473428646325,12.201925670024144,2.5249756069438942,2.46775112901643,40.619765494137354,40.13377926421405,0.13551729917526245,0.24357092380523682,0.001,1.825
75,98.46791270909397,97.99188217112054,0.08842195207299898,0.08274533866241225,178.85368687104142,177.6905278744905,2.514178264879901,2.5473696124992244,12.097592384172245,11.904180341739718,2.514178264879901,2.5473696124992244,40.619765494137354,40.13377926421405,0.14042878150939941,0.16870486736297607,0.001,1.85
76,98.36343603597415,97.60483558680302,0.08027486223571464,0.08043713177426604,177.7024582905985,177.9026121311762,2.509450356165568,2.436800608268151,12.09274063238147,12.158897737994241,2.509450356165568,2.436800608268151,40.619765494137354,40.13377926421405,0.15760207176208496,0.25162971019744873,0.001,1.875
77,97.65617977634346,96.12223430620787,0.08022974374106581,0.07579191554848566,179.69216860159358,181.40620039617735,2.4801656341233245,2.4630754831243915,12.038754808243795,11.783780869831608,2.4801656341233245,2.4630754831243915,40.619765494137354,40.13377926421405,0.1721208095550537,0.2292192578315735,0.001,1.9
78,97.67968877795553,99.92138743320835,0.0764185778135231,0.08353117098377699,181.9240074988386,183.50286033400724,2.4752828871185457,2.5132863505628196,12.058420315459745,12.391011368869538,2.4752828871185457,2.5132863505628196,40.619765494137354,40.13377926421405,0.1715160608291626,0.1987941861152649,0.001,1.925
79,97.57465601526513,96.76401216130591,0.08467541162043161,0.0762005463790734,184.08286526933986,182.10220663523594,2.487506233068367,2.4862829076007857,11.998660998128766,11.842293021670951,2.487506233068367,2.4862829076007857,40.619765494137354,40.13377926421405,0.18239271640777588,0.21543192863464355,0.001,1.9500000000000002
80,98.4659254754608,95.18264750094717,0.07316221284307227,0.06792452295986705,181.92905138485395,182.56996619183084,2.533616212544529,2.428348784462664,12.041318196946852,11.701384423169802,2.533616212544529,2.428348784462664,40.619765494137354,40.13377926421405,0.11226862668991089,0.25593698024749756,0.001,1.975
81,97.419602667267,98.53947316045347,0.07524028424192314,0.07774284766071217,184.08657006242967,185.56927281000145,2.454696223164723,2.4423291723066347,12.067966542651305,12.32824486633607,2.454696223164723,2.4423291723066347,40.619765494137354,40.13377926421405,0.17848962545394897,0.2550628185272217,0.001,2.0
82,97.3186977776251,99.70737038806928,0.07389422285197368,0.07292539212715665,185.9031337309922,186.14082433387986,2.4684737703109305,2.6332218415761073,12.006358811204358,11.9899950729166,2.4684737703109305,2.6332218415761073,40.619765494137354,40.13377926421405,0.18161892890930176,0.09408366680145264,0.001,2.0250000000000004
83,100.3751380319771,97.41467877136026,0.07715295095439732,0.07653121941763422,188.81733062079604,190.69015125287416,2.6033921157894424,2.4084120857277043,12.21165720302256,12.204255215699058,2.6033921157894424,2.4084120857277043,40.619765494137354,40.13377926421405,0.1013038158416748,0.2788771390914917,0.001,2.05
84,98.82165883893343,101.09362537805053,0.07905305799727065,0.07593600379683102,191.6384881561126,191.47101437367724,2.527640256450404,2.7682130288918283,12.127272669793772,11.860604573253006,2.527640256450404,2.7682130288918283,40.619765494137354,40.13377926421405,0.14228731393814087,0.0031570792198181152,0.001,2.0749999999999997
85,98.80290109707882,97.34500591571515,0.07323955058103031,0.07397602984438771,192.4798444687222,192.54080878930745,2.49176395438624,2.4381392105765967,12.232144499543923,12.101280658938814,2.49176395438624,2.4381392105765967,40.619765494137354,40.13377926421405,0.16767042875289917,0.26006948947906494,0.001,2.1
86,98.15024348119995,98.94515128757642,0.07934669865735212,0.07846844071727932,191.93872941878175,190.96846350220136,2.5006445292851436,2.498556535778237,12.073857864942184,12.239472277587074,2.5006445292851436,2.498556535778237,40.619765494137354,40.13377926421405,0.16118395328521729,0.20370477437973022,0.001,2.125
87,97.76560874440563,95.6171939811579,0.07342209052949694,0.06743101651054562,188.256516499735,186.32482660095826,2.48064395890164,2.445754914778132,12.058853807561162,11.735422941354605,2.48064395890164,2.445754914778132,40.619765494137354,40.13377926421405,0.1761002540588379,0.24726498126983643,0.001,2.15
88,99.28145723326921,99.30046520424527,0.07786981232302073,0.07231748814267858,189.88786842435647,190.16851087079002,2.5229944356122807,2.6581247020325933,12.233756210736095,11.833222012854739,2.5229944356122807,2.6581247020325933,40.619765494137354,40.13377926421405,0.1495579481124878,0.07921618223190308,0.001,2.175
89,98.84199462583916,98.46877559291877,0.06995640462966421,0.0717941781748896,190.402231264354,191.40718476668647,2.546836115806746,2.443686724506493,12.07581909857004,12.31005516179828,2.546836115806746,2.443686724506493,40.619765494137354,40.13377926421405,0.12108558416366577,0.27683210372924805,0.001,2.2
90,97.6763114993097,96.74118041992188,0.07026397380697068,0.06686252350591895,190.3429659742806,191.04909946607506,2.455828921080035,2.5059663643406385,12.11565416901555,11.778755006184147,2.455828921080035,2.5059663643406385,40.619765494137354,40.13377926421405,0.18207412958145142,0.19960850477218628,0.001,2.225
91,99.26056007883656,98.1897423530502,0.06770961029046345,0.06640606059577553,192.83129443195796,194.1234383981762,2.5403038908289104,2.5088834260219715,12.179092229910232,12.059192446960653,2.5403038908289104,2.5088834260219715,40.619765494137354,40.13377926421405,0.13708138465881348,0.19925665855407715,0.001,2.25
92,98.08679592829054,97.53763654319738,0.06895364830317209,0.0643230368411262,194.688507284551,193.23926005794053,2.4803393589991023,2.4503393380538276,12.123612555626849,12.104996952324807,2.4803393589991023,2.4503393380538276,40.619765494137354,40.13377926421405,0.17134088277816772,0.2442772388458252,0.001,2.275
93,98.87690030709783,95.96491233800167,0.06409900928137689,0.05827278782143242,192.6214252261061,191.59538294559337,2.517861201735198,2.4645705151318706,12.170452202584476,11.74929697298286,2.517861201735198,2.4645705151318706,40.619765494137354,40.13377926421405,0.14114362001419067,0.2305697202682495,0.001,2.3000000000000003
94,97.68102304020918,98.54180165676767,0.06535712331283831,0.06526763201457601,194.10440311399935,196.4639054620545,2.477119057222427,2.470571375212143,12.052955322329522,12.24429998110768,2.477119057222427,2.470571375212143,40.7035175879397,40.13377926421405,0.18088972568511963,0.22496247291564941,0.001,2.325
95,99.07644175364943,98.09801342814264,0.06380115284068101,0.06216832992922901,196.2413279726677,196.21330771557862,2.4824340547149504,2.5175256960368078,12.315978016685602,12.015348565219636,2.4824340547149504,2.5175256960368078,40.53601340033501,40.13377926421405,0.15653306245803833,0.19466567039489746,0.001,2.3499999999999996
96,99.46988300981633,99.10197619690146,0.06439210987420538,0.06425976092899124,196.85951268692912,197.07969344021086,2.4992096444070837,2.5408426295953452,12.344097391444834,12.145599955300424,2.4992096444070837,2.5408426295953452,40.45226130653266,40.13377926421405,0.16095399856567383,0.18218618631362915,0.001,2.375
97,98.69038446065369,98.6270618247348,0.06387390751684931,0.061537182799549804,197.30316330799505,197.91432970742318,2.4989387849267803,2.526677000084051,12.189024612132828,12.093491209789264,2.4989387849267803,2.526677000084051,40.619765494137354,40.13377926421405,0.15290802717208862,0.19240224361419678,0.001,2.4
98,98.99349175585773,97.94480829653533,0.06091457000080265,0.06009396551843471,198.13931159398064,197.8966465570456,2.4869252605054846,2.4796276881941983,12.286111699077152,12.098480246936198,2.4869252605054846,2.4796276881941983,40.53601340033501,40.13377926421405,0.16833364963531494,0.22215580940246582,0.001,2.425
99,98.43612913709988,98.27496628777239,0.062241688832465926,0.06055754078022613,198.16245145813704,197.956574098721,2.513913259634021,2.5084761401083955,12.093404904082792,12.077862363196536,2.513913259634021,2.5084761401083955,40.45226130653266,40.13377926421405,0.1677038073539734,0.20076394081115723,0.001,2.45
100,98.0230875957751,98.54925246222761,0.06260583422441579,0.0604181627939178,198.60554568292306,199.13130657489484,2.4839817970442013,2.497859953239211,12.10043017548732,12.164360779982347,2.4839817970442013,2.497859953239211,40.45226130653266,40.13377926421405,0.1589609980583191,0.2061246633529663,0.001,2.475
101,98.09889718316109,97.2719803111609,0.05920649347343237,0.05699044765038634,199.25253050530975,199.46669950453335,2.4494340751239005,2.485131410452036,12.219785351649401,11.94770984904822,2.4494340751239005,2.485131410452036,40.45226130653266,40.13377926421405,0.1878070831298828,0.2188272476196289,0.001,2.5
102,100.27775885551618,99.30734901045477,0.05796179874258824,0.05842347515366947,199.68440190351987,200.24664954756415,2.560868229298935,2.523477116556072,12.321417771791493,12.239304832790209,2.560868229298935,2.523477116556072,40.53601340033501,40.13377926421405,0.1062779426574707,0.18151706457138062,0.001,2.5
103,98.99672413990525,95.85390924051852,0.06048024022075,0.05429007355933604,200.77122027270957,200.4066420335036,2.513039094519176,2.453974353031171,12.207976839650216,11.757919707027167,2.513039094519176,2.453974353031171,40.45226130653266,40.13377926421405,0.16156089305877686,0.24538511037826538,0.001,2.5
104,98.26265871185353,100.7489723792443,0.053634898646592696,0.05719217985718944,200.10910126192485,200.2745806333612,2.4579502418013273,2.5602478111866724,12.227932358107575,12.41755719328405,2.4579502418013273,2.5602478111866724,40.45226130653266,40.13377926421405,0.2039300799369812,0.14622706174850464,0.001,2.5
105,97.75091449219977,97.81395555579144,0.06045422158898221,0.05707394456285298,200.59005665739178,200.71081323527972,2.4589414444800397,2.4658420412835467,12.12114958707212,12.113707775256307,2.4589414444800397,2.4658420412835467,40.53601340033501,40.13377926421405,0.15310537815093994,0.23497319221496582,0.001,2.5
106,98.67718728223637,96.80132541209957,0.056478115644187386,0.055043930081918484,200.4751894645755,199.85333956204929,2.495712194011439,2.4375598095731195,12.19691030224364,11.99660646317396,2.495712194011439,2.4375598095731195,40.45226130653266,40.13377926421405,0.17925679683685303,0.25264352560043335,0.001,2.5
107,99.04942444461075,100.60807718640586,0.05644563171806647,0.05626059768341457,199.58965591609578,199.32578366895186,2.48820651236491,2.5741818621007098,12.294058759807543,12.347952083600404,2.48820651236491,2.5741818621007098,40.53601340033501,40.13377926421405,0.1580371856689453,0.1451849341392517,0.001,2.5
108,98.749968127789,99.33101955145897,0.057232833063382796,0.056096409388310134,199.63804222630895,199.9803570903663,2.4759773517174137,2.513554412784385,12.270687457904145,12.27432552707634,2.4759773517174137,2.513554412784385,40.53601340033501,40.13377926421405,0.16978108882904053,0.19093966484069824,0.001,2.5
109,99.23590611852393,98.30461391078987,0.05672375826629961,0.05417421182312296,200.38222389924067,200.76424022661803,2.5124277205922496,2.494431673483705,12.258477247739757,12.126640179484186,2.5124277205922496,2.494431673483705,40.45226130653266,39.79933110367893,0.15865135192871094,0.20944583415985107,0.001,2.5
110,98.91039775803661,99.2756565566047,0.055344359677790396,0.05518969593189632,201.42332468719738,202.11746261749778,2.490899112356368,2.508219960541231,12.25802933710504,12.279009806272576,2.490899112356368,2.508219960541231,40.53601340033501,39.79933110367893,0.15842890739440918,0.2019011378288269,0.001,2.5
111,100.14766124425022,99.0728216266951,0.057066271153327006,0.0554613779644703,202.61180907078523,203.0031813299377,2.5478522358228215,2.5104962814611733,12.3340400890689,12.231383027041636,2.5478522358228215,2.5104962814611733,40.45226130653266,39.79933110367893,0.12703102827072144,0.19931071996688843,0.001,2.5
112,98.88283258946097,98.05441077497093,0.055844463957114836,0.054452906247465106,203.5916988046924,204.43455377789246,2.4993710262292193,2.453218178605555,12.226566063898492,12.199450588545274,2.4993710262292193,2.453218178605555,40.45226130653266,39.79933110367893,0.17655950784683228,0.2423769235610962,0.001,2.5
113,98.29367626452166,98.45952858813232,0.0550179700842954,0.05270668364637671,204.93780998089406,205.08267773274196,2.4674802253793433,2.511947111142519,12.204303474681861,12.104506683987518,2.4674802253793433,2.511947111142519,40.45226130653266,39.79933110367893,0.17783796787261963,0.20104962587356567,0.001,2.5
114,98.88000743872357,99.7579269154016,0.05376634818550131,0.05348557115448358,205.4049448751325,205.7571456041623,2.4954566522259607,2.5372357990430747,12.237797227536813,12.288028975394258,2.4954566522259607,2.5372357990430747,40.45226130653266,39.79933110367893,0.1525973081588745,0.1836060881614685,0.001,2.5
115,98.01664526857923,99.0261898487308,0.054593103795844304,0.05300710103583575,205.8540147177538,205.65649781498223,2.4584511592360196,2.515749881897483,12.175886368232357,12.206255542793402,2.4584511592360196,2.515749881897483,40.36850921273032,39.79933110367893,0.16811305284500122,0.19484221935272217,0.001,2.5
116,97.94648194432858,98.33580471281223,0.05294363452761217,0.05134514421473777,205.86626284805374,206.37353592174108,2.4389124899054293,2.4960742379510683,12.22079686463578,12.127394012782885,2.4389124899054293,2.4960742379510683,40.36850921273032,39.130434782608695,0.17441558837890625,0.2081260085105896,0.001,2.5
117,99.40954385370864,98.8043878357546,0.05272407096559478,0.052678695889220986,206.68976216020695,206.87017888608187,2.5039892895537204,2.464565377570315,12.318058403692453,12.315271329720284,2.5039892895537204,2.464565377570315,40.45226130653266,39.79933110367893,0.15483075380325317,0.2392842173576355,0.001,2.5
118,97.92056836714497,98.52486850904381,0.05348996023711447,0.05220345316772477,206.93703382738073,206.52121089054987,2.450647332560477,2.463552711799392,12.180085940976038,12.262570888302397,2.450647332560477,2.463552711799392,40.36850921273032,39.79933110367893,0.20974308252334595,0.22694092988967896,0.001,2.5
119,99.02906962894714,99.08296050515064,0.052214722250474355,0.05077078097490562,206.2451754367132,205.92369018350556,2.456313736275013,2.524127287210828,12.385180760867632,12.192871074612723,2.456313736275013,2.524127287210828,40.53601340033501,39.130434782608695,0.1842750906944275,0.1848878264427185,0.001,2.5
120,97.7005931911756,99.17091415558372,0.05193105597092678,0.05127544931593946,206.12736981518105,206.42554685662822,2.446888879315937,2.5013663051120414,12.147839736299499,12.278543507375048,2.446888879315937,2.5013663051120414,40.36850921273032,39.130434782608695,0.1798202395439148,0.20387804508209229,0.001,2.5
121,99.52639940475899,99.43139658644048,0.05273946599919393,0.05198527518722126,206.71073151912722,206.70167541503906,2.5137192859521864,2.5079396408935852,12.312232094194421,12.310722159701447,2.5137192859521864,2.5079396408935852,40.36850921273032,39.46488294314381,0.1559891700744629,0.1974496841430664,0.001,2.5
122,99.0026060708204,98.98297614158197,0.05240839810252589,0.05109446295178854,206.73784112211447,206.6716729103522,2.4871989742195986,2.510361726467426,12.287094857425146,12.21395659048023,2.4871989742195986,2.510361726467426,40.45226130653266,38.79598662207358,0.1745675802230835,0.1955522894859314,0.001,2.5
123,98.11486935256114,99.01038592794667,0.05176641845723093,0.05081137719511188,206.86866612011065,207.1163717926944,2.4490557208133104,2.517982417524459,12.224079229524188,12.196544085856663,2.4490557208133104,2.517982417524459,40.45226130653266,39.130434782608695,0.17157334089279175,0.18934416770935059,0.001,2.5
124,97.80817976908467,99.245404399757,0.052048185550088256,0.05135616825824996,207.5060804613072,207.66370858795267,2.466633453241345,2.49412994719668,12.109825073574456,12.31488662260432,2.466633453241345,2.49412994719668,40.36850921273032,39.130434782608695,0.17947310209274292,0.21199780702590942,0.001,2.5
125,98.37252753943055,98.93418338227033,0.05190004442679622,0.050593205494027474,207.5175061761035,207.1902228007747,2.4469212375493905,2.5115216639528306,12.281858244533316,12.200715371198877,2.4469212375493905,2.5115216639528306,40.36850921273032,39.130434782608695,0.17740339040756226,0.1944485902786255,0.001,2.5
126,99.14862318693892,98.54888265348198,0.05139726832808562,0.05017125891851741,207.2498767539684,207.15955559465797,2.478354595014997,2.4760634843322347,12.342931697915747,12.230119504258784,2.478354595014997,2.4760634843322347,40.45226130653266,38.79598662207358,0.16673898696899414,0.2205033302307129,0.001,2.5
127,99.53715880632001,98.40508701490319,0.05076315405605426,0.04917774451616217,207.19075474826934,207.200916966467,2.52781394099071,2.49272671910034,12.272399223429874,12.151561520171406,2.52781394099071,2.49272671910034,40.45226130653266,38.79598662207358,0.14865648746490479,0.20983445644378662,0.001,2.5
128,99.29972259163657,99.11772186381363,0.0497157180079663,0.048530610284478366,207.20117992611986,207.0679346805432,2.472718751210863,2.5168637734990456,12.390404979188238,12.22183303769217,2.472718751210863,2.5168637734990456,40.20100502512563,38.79598662207358,0.16996920108795166,0.19216394424438477,0.001,2.5
129,99.0764265715377,99.2284531098943,0.049814818611047175,0.04949386133796794,207.29430124867503,207.4435549834899,2.4814210305461533,2.502922833962584,12.319600376851195,12.285534989475007,2.4814210305461533,2.502922833962584,40.45226130653266,38.79598662207358,0.17084211111068726,0.20418667793273926,0.001,2.5
130,98.46821077944246,99.15134646820783,0.05039981782586131,0.04957421510215587,207.67653733961146,207.85931605718605,2.454111391974853,2.4955418293292704,12.279692993291858,12.292157093418083,2.454111391974853,2.4955418293292704,40.36850921273032,38.79598662207358,0.18885821104049683,0.20419597625732422,0.001,2.5
131,99.1826644462956,99.08788695064277,0.05054589454552636,0.04937362774309506,207.99314760243274,207.97302225680653,2.5059238378726056,2.500808046015609,12.267053760675529,12.263684362073407,2.5059238378726056,2.500808046015609,40.45226130653266,38.79598662207358,0.1534091830253601,0.20635473728179932,0.001,2.5
132,98.57647426483818,98.95696005932862,0.05009291084542546,0.049038337300653045,208.01382257151644,207.91374451500118,2.484744516449358,2.4879927595323545,12.209439998096357,12.276023089686365,2.484744516449358,2.4879927595323545,40.36850921273032,38.79598662207358,0.17298519611358643,0.21334433555603027,0.001,2.5
133,98.75746211015199,99.20789084546143,0.05001910043321862,0.049208166532492555,208.05499213903994,208.089915604097,2.474693686918198,2.5044392279557957,12.27579659792646,12.276801855667777,2.474693686918198,2.5044392279557957,40.117252931323286,38.79598662207358,0.17729490995407104,0.201154887676239,0.001,2.5
134,99.82248844932671,99.63761003679257,0.050402065885676015,0.04977810235824872,208.26608480840073,208.26370402562577,2.5437268963211546,2.502105522315239,12.281583447352526,12.369596538735074,2.5437268963211546,2.502105522315239,40.36850921273032,38.79598662207358,0.14333713054656982,0.2053881287574768,0.001,2.5
135,98.08247656638498,99.20227948957462,0.050283930559254175,0.049179372542777586,208.3024758957139,208.17571603015912,2.45008225297209,2.503477779917892,12.214531214792325,12.278551777868367,2.45008225297209,2.503477779917892,40.36850921273032,38.79598662207358,0.17836898565292358,0.20249444246292114,0.001,2.5
136,98.44780947175657,99.3056181330346,0.05015764736774778,0.04932753801545172,208.3376001968256,208.4134715919112,2.437803045589121,2.5061616291569226,12.324453791581606,12.291090241244007,2.437803045589121,2.5061616291569226,40.28475711892797,38.79598662207358,0.18737518787384033,0.20287597179412842,0.001,2.5
137,99.25472271023084,99.0841670211741,0.050390867588158625,0.049812663296692344,208.66005646723198,208.7750869291682,2.5082078866623156,2.483638612721676,12.27451067434084,12.314200082351531,2.5082078866623156,2.483638612721676,40.36850921273032,38.79598662207358,0.15772294998168945,0.21289926767349243,0.001,2.5
138,98.6702600475931,99.49872474287665,0.05078609086186243,0.0500127217642041,208.94556755436525,209.0135111218711,2.477330718208198,2.515336754330026,12.250113236444879,12.3019299395507,2.477330718208198,2.515336754330026,40.45226130653266,38.79598662207358,0.17173433303833008,0.19279754161834717,0.001,2.5
139,98.41177673595435,99.31951792024849,0.05095221251998115,0.05011166319450407,209.12623588523672,209.10725091532322,2.4517796231274627,2.510092596545267,12.275000712779699,12.281781330555178,2.4517796231274627,2.510092596545267,40.28475711892797,38.79598662207358,0.18417596817016602,0.194261372089386,0.001,2.5
140,99.48748884089228,99.01621606118702,0.0509676047330925,0.049939318432357396,209.1952592092543,209.093580060978,2.4688268558463857,2.5015024628527587,12.438984791038424,12.246928616909678,2.4688268558463857,2.5015024628527587,40.28475711892797,38.79598662207358,0.16365665197372437,0.19995665550231934,0.001,2.5
141,98.34524178305263,98.89909128042368,0.050616911302010216,0.049639844164302116,209.1427817544346,209.07509482903623,2.454614107333236,2.491379297696627,12.25325438564946,12.253936722924479,2.454614107333236,2.491379297696627,40.36850921273032,38.79598662207358,0.17516613006591797,0.21119320392608643,0.001,2.5
142,97.96555490669493,98.95461311467913,0.05033579810680057,0.04937181358901553,209.14186975424812,209.0417528439525,2.4489597866882633,2.489748890982025,12.194335999800332,12.269993864971658,2.4489597866882633,2.489748890982025,40.36850921273032,38.79598662207358,0.19369882345199585,0.21065562963485718,0.001,2.5
143,98.90843014102086,98.67783562395485,0.050194517576714455,0.04922253511422454,209.1026570689139,208.99821599749816,2.4356614421160776,2.486977378660221,12.422842206268054,12.222990878050942,2.4356614421160776,2.486977378660221,40.03350083752093,38.79598662207358,0.200883686542511,0.21082699298858643,0.001,2.5
144,98.51465158127061,99.16159986413044,0.0498936634317315,0.0488795061848036,209.05309046452967,208.9903617527174,2.4849472684876206,2.488714051485859,12.196299076879045,12.31460340365917,2.4849472684876206,2.488714051485859,40.36850921273032,38.79598662207358,0.16341716051101685,0.2111075520515442,0.001,2.5
145,99.31404512491657,98.85198594415466,0.049730735533001835,0.04881727987009546,209.0526166241772,208.96242745185776,2.4802019292585413,2.489395805027174,12.370446532615265,12.250654785130733,2.4802019292585413,2.489395805027174,40.20100502512563,38.79598662207358,0.1809878945350647,0.21029889583587646,0.001,2.5
146,98.20968863073506,99.25242826531962,0.04949642454509559,0.048571225978359334,209.011655005578,208.94597832415016,2.447835029269782,2.501550278934747,12.246730925849135,12.294331847225942,2.447835029269782,2.501550278934747,40.28475711892797,38.79598662207358,0.1675792932510376,0.20173805952072144,0.001,2.5
147,99.09410215342663,99.70259635185319,0.04952868638276255,0.04873519497970275,209.01454694227158,208.92509506378684,2.480325275529769,2.5191354982829015,12.326136085855302,12.331580796768035,2.480325275529769,2.5191354982829015,40.28475711892797,38.79598662207358,0.15921342372894287,0.1887994408607483,0.001,2.5
148,98.62392227454002,99.32104086477223,0.049615517913845913,0.0487817568598583,208.97148755966518,208.87659757990502,2.4425601224404083,2.507888018088197,12.34538664889695,12.28901171923481,2.4425601224404083,2.507888018088197,40.117252931323286,38.79598662207358,0.195654034614563,0.19662296772003174,0.001,2.5
149,98.38405892836988,99.18032650644564,0.049445122705033075,0.04854612513429744,208.93689138645703,208.86569795640415,2.4603215501935436,2.5026436386299773,12.244170826284131,12.27665183536185,2.4603215501935436,2.5026436386299773,40.20100502512563,38.79598662207358,0.17890846729278564,0.20389050245285034,0.001,2.5
150,98.91730099267497,99.05924099823304,0.04930945451510212,0.04826189140262811,208.9580264962099,208.91861492654553,2.4563694587304963,2.498161404427876,12.362698670008674,12.265927990942098,2.4563694587304963,2.498161404427876,40.117252931323286,38.79598662207358,0.16643905639648438,0.20364481210708618,0.001,2.5
151,98.76955294968495,99.3948909797796,0.04928373986577469,0.048521983135105376,209.017552949276,208.99049305995572,2.44292029663546,2.499215335750261,12.37348953802981,12.329829659350342,2.44292029663546,2.499215335750261,40.20100502512563,38.79598662207358,0.18001490831375122,0.20157408714294434,0.001,2.5
152,99.63599435368575,98.81291196178832,0.049342406099315866,0.048478744575211834,209.10400135033893,209.10068657406197,2.489250595645489,2.4923828908033596,12.407758124909009,12.233918094316055,2.489250595645489,2.4923828908033596,40.117252931323286,38.79598662207358,0.17341947555541992,0.20363539457321167,0.001,2.5
153,99.62326923926273,99.3427821896148,0.04936611158164901,0.04849378268754602,209.227001119898,209.19858446408276,2.4948539282608673,2.5026797426982865,12.388373205609856,12.308978281690923,2.4948539282608673,2.5026797426982865,40.20100502512563,38.79598662207358,0.1630505919456482,0.19964998960494995,0.001,2.5
154,99.10649584286178,99.0699168431719,0.04926968831412956,0.04823504884207129,209.27061089239328,209.20529378935646,2.484156689252486,2.5142739225789454,12.317121091999201,12.219673625601574,2.484156689252486,2.5142739225789454,40.36850921273032,38.79598662207358,0.15607398748397827,0.19551020860671997,0.001,2.5
155,99.23903102651114,99.00903896982454,0.049180198648017856,0.048368683327799256,209.29956737115754,209.27939536818693,2.5286460773429678,2.5066726423027523,12.210172017415365,12.230259684814657,2.5286460773429678,2.5066726423027523,40.28475711892797,38.79598662207358,0.1494947075843811,0.19816088676452637,0.001,2.5
156,99.60252513278469,98.80448663513796,0.04926348632978435,0.048284029307772085,209.40380450429228,209.3891031016474,2.4793283452141024,2.4903409138172368,12.430786605656047,12.238339730329736,2.4793283452141024,2.4903409138172368,40.36850921273032,38.79598662207358,0.15860801935195923,0.2078557014465332,0.001,2.5
157,98.89840846485029,99.00232428611322,0.0491804167179007,0.04824310473873464,209.48781249591053,209.43889472476616,2.452234449498418,2.4975851945653806,12.371244612650656,12.256173127471005,2.452234449498418,2.4975851945653806,40.28475711892797,38.79598662207358,0.21372056007385254,0.20607393980026245,0.001,2.5
158,97.69260024385436,99.30599623460036,0.04924691724317956,0.048365734654625125,209.52490824790456,209.4558292248576,2.370573227129989,2.4990274714785676,12.375045773172298,12.312552710440645,2.370573227129989,2.4990274714785676,40.45226130653266,38.79598662207358,0.22594672441482544,0.19768351316452026,0.001,2.5
159,98.77777296414527,99.13949822263176,0.04913003483110137,0.048111218547940655,209.55406822830787,209.51142485245416,2.487683751874633,2.5001823200429962,12.240766603543332,12.275828071262525,2.487683751874633,2.5001823200429962,40.117252931323286,38.79598662207358,0.16600292921066284,0.2038021683692932,0.001,2.5
160,98.32251066019387,99.0557765386575,0.04889923073912985,0.047998767059582934,209.62162693860742,209.61645890558046,2.452939860185786,2.5038381061426374,12.253978393784719,12.248117749906305,2.452939860185786,2.5038381061426374,40.117252931323286,38.79598662207358,0.17429035902023315,0.19835597276687622,0.001,2.5
161,98.99752937968651,98.97638755976955,0.04892538558423419,0.048007609403651695,209.71490782669042,209.65087431330346,2.4890762896993053,2.498463357970069,12.280548801773557,12.248356040903557,2.4890762896993053,2.498463357970069,40.03350083752093,38.79598662207358,0.16220158338546753,0.2029796838760376,0.001,2.5
162,99.49785635738915,98.93772495231501,0.04893436516249799,0.04801367386477847,209.72976850704532,209.65636737530048,2.506970293358143,2.5014166225956433,12.326927670681696,12.231760959561454,2.506970293358143,2.5014166225956433,40.28475711892797,38.79598662207358,0.15342587232589722,0.20395851135253906,0.001,2.5
163,99.68426999294978,98.93992813773777,0.048921731430132384,0.048112790844711574,209.74441492537557,209.68062884990985,2.4822583657812634,2.496799279216141,12.438345562473215,12.246028278184975,2.4822583657812634,2.496799279216141,40.45226130653266,38.79598662207358,0.17731666564941406,0.2053568959236145,0.001,2.5
164,99.5380395093755,98.96071060844089,0.0489126314694558,0.04804035332240787,209.75756708141947,209.68487793785275,2.4724564995597955,2.4918007986202686,12.438504006595068,12.265194656856881,2.4724564995597955,2.4918007986202686,40.117252931323286,38.79598662207358,0.17038649320602417,0.20852166414260864,0.001,2.5
165,99.37565988511895,99.31374167758086,0.0489150178205328,0.04796848943251431,209.76637004807566,209.7042899243409,2.46012944711912,2.50279740426054,12.44300722476825,12.302821669690186,2.46012944711912,2.50279740426054,40.20100502512563,38.79598662207358,0.18054896593093872,0.20192158222198486,0.001,2.5
166,99.07055965660005,99.1175415141128,0.04893774106175057,0.048027344197533205,209.79223924186363,209.72292779520603,2.5248016176910655,2.491833836737285,12.18796091223482,12.296457045054355,2.5248016176910655,2.491833836737285,40.36850921273032,38.79598662207358,0.1416226029396057,0.20689409971237183,0.001,2.5
167,99.09002562863144,99.47681465276507,0.0489145298075037,0.04811577206122437,209.8073783376109,209.75179650552298,2.4489285274965678,2.5011858198555017,12.419475245515706,12.34023154778624,2.4489285274965678,2.5011858198555017,40.20100502512563,38.79598662207358,0.1910300850868225,0.20193803310394287,0.001,2.5
168,99.04617552381863,99.30264598629546,0.04900655712015066,0.04809853955355775,209.84656221782743,209.7921792224897,2.426998734673863,2.497222337435719,12.476468490396114,12.317283981221177,2.426998734673863,2.497222337435719,40.28475711892797,38.79598662207358,0.19357609748840332,0.20781683921813965,0.001,2.5
169,98.48956495633277,99.1984030426944,0.0490517985743394,0.048157990066004436,209.87701564258467,209.8113676345468,2.4665558154459175,2.5006264779081313,12.2464593315444,12.286207077893923,2.4665558154459175,2.5006264779081313,40.28475711892797,38.79598662207358,0.18649941682815552,0.20467305183410645,0.001,2.5
170,98.17241767103748,99.12965063905237,0.049087842867102854,0.04811031180729834,209.89115207997997,209.8141841824637,2.4495188475054515,2.4941172089465087,12.234131265125882,12.291993476076668,2.4495188475054515,2.4941172089465087,40.20100502512563,38.79598662207358,0.18752241134643555,0.2058725357055664,0.001,2.5
171,98.80851818448934,99.29828957650174,0.04894226896178782,0.04801223003445661,209.88322673650643,209.80358407011,2.469996082922522,2.503857398112881,12.299950126826863,12.296521824737855,2.469996082922522,2.503857398112881,40.117252931323286,38.79598662207358,0.17313992977142334,0.20381993055343628,0.001,2.5
172,98.45203122341853,98.91344888234218,0.04883004953364032,0.04787656284843799,209.88755159362077,209.82426774142976,2.4807510839235443,2.4949984032174815,12.196409581693972,12.246154137678369,2.4807510839235443,2.4949984032174815,40.20100502512563,38.79598662207358,0.16940754652023315,0.2065989375114441,0.001,2.5
173,98.71409747508703,99.28282931018434,0.048780538890529516,0.047901632893444304,209.9015163249107,209.83383046025816,2.443402965264504,2.494399827459584,12.360874075386393,12.321820003930542,2.443402965264504,2.494399827459584,40.03350083752093,38.79598662207358,0.18538028001785278,0.2095353603363037,0.001,2.5
174,99.59287199343069,99.53431058647641,0.04879244533016454,0.04795695173501171,209.91854469899957,209.84928189791165,2.5187712570331007,2.503049265182138,12.310518154546843,12.346153240140067,2.5187712570331007,2.503049265182138,40.20100502512563,38.79598662207358,0.15469592809677124,0.20422953367233276,0.001,2.5
175,100.10391028322766,99.4924347536221,0.04884169422327174,0.0479192992167728,209.92855083523085,209.85575560502784,2.4976855686162187,2.502246367891497,12.475971303393493,12.340192893675738,2.4976855686162187,2.502246367891497,40.20100502512563,38.79598662207358,0.1644291877746582,0.20462512969970703,0.001,2.5
176,98.50343726587855,99.26580070572155,0.048844616236149566,0.04791886571259004,209.93980149567827,209.87180601394297,2.4577695372915347,2.500441305613438,12.275621725686232,12.300278099085576,2.4577695372915347,2.500441305613438,40.117252931323286,38.79598662207358,0.17692434787750244,0.2003997564315796,0.001,2.5
177,98.76957286023215,99.25635526012816,0.0487935866542797,0.04784727603645628,209.95025494190517,209.88038323954197,2.485879402064798,2.501829306018791,12.244527473321911,12.294237659926399,2.485879402064798,2.501829306018791,40.20100502512563,38.79598662207358,0.17855972051620483,0.19980400800704956,0.001,2.5
178,98.18720621080254,98.88141963792884,0.04878964024896997,0.04791225101736477,209.96569374378402,209.90315312924594,2.464963447708181,2.4990154468893606,12.190799665211433,12.227673932461435,2.464963447708181,2.4990154468893606,40.28475711892797,38.79598662207358,0.16987937688827515,0.20225703716278076,0.001,2.5
179,99.73056257749522,98.9331122050716,0.04872386556249767,0.047802532833057104,209.97913663471164,209.90703309738515,2.504795532929438,2.4795645495322236,12.379985654374064,12.29638682719457,2.504795532929438,2.4795645495322236,40.45226130653266,38.79598662207358,0.14845097064971924,0.21344619989395142,0.001,2.5
180,99.48213285257668,99.46669792251842,0.048743302130469526,0.04784889277506831,209.98775864286438,209.91817675944554,2.4903551409991342,2.507084195031769,12.373615344764799,12.320534049069204,2.4903551409991342,2.507084195031769,40.03350083752093,38.79598662207358,0.15732043981552124,0.20148557424545288,0.001,2.5
181,98.56042443408039,99.30441133633107,0.048742954680069006,0.04782031805419603,209.99567184576037,209.92740128431032,2.465574036491177,2.5011950097355156,12.26361502834301,12.305747902911643,2.465574036491177,2.5011950097355156,40.03350083752093,38.79598662207358,0.17148494720458984,0.2022036910057068,0.001,2.5
182,98.00040706717589,99.2990291174439,0.048728902086341,0.0478536152969236,210.00912927982196,209.9451497055615,2.4445455273990855,2.5040410155037973,12.214697192462046,12.296122822075784,2.4445455273990855,2.5040410155037973,40.36850921273032,38.79598662207358,0.19167757034301758,0.20300012826919556,0.001,2.5
183,98.5664455854713,99.4844499670941,0.04881875184512817,0.04791212038302103,210.02772659991854,209.96065697303186,2.42969477076826,2.504167793586501,12.372435235897301,12.33281180212729,2.42969477076826,2.504167793586501,40.20100502512563,38.79598662207358,0.20654988288879395,0.20036572217941284,0.001,2.5
184,98.47279460146599,99.03121846176708,0.04879277555187743,0.047874310181591426,210.039325119862,209.96336175924958,2.43582163264404,2.4986771787688085,12.335327253868831,12.258644451664443,2.43582163264404,2.4986771787688085,40.28475711892797,38.79598662207358,0.19405508041381836,0.20438510179519653,0.001,2.5
185,98.74018703952706,99.30803259399822,0.04876729200158886,0.04789776666507274,210.0367743461775,209.95903933726026,2.4640993520842125,2.5064162402647394,12.303978709120248,12.290786481621273,2.4640993520842125,2.5064162402647394,40.28475711892797,38.79598662207358,0.1710415482521057,0.20085668563842773,0.001,2.5
186,99.14114180521749,99.04729897999843,0.04881100801492057,0.04786597939837338,210.03269127824998,209.9549469708599,2.4665831225601274,2.4975165658969942,12.376710350189976,12.265346297452282,2.4665831225601274,2.4975165658969942,40.20100502512563,38.79598662207358,0.18016350269317627,0.20426660776138306,0.001,2.5
187,98.79183287756327,99.20025425531394,0.04876395355491982,0.04784952820493625,210.03021212119353,209.95725951944306,2.4518847545387357,2.4929068160296284,12.350953189971259,12.309768979764703,2.4518847545387357,2.4929068160296284,40.28475711892797,38.79598662207358,0.17844158411026,0.20761120319366455,0.001,2.5
188,98.89898282918499,99.26681926816602,0.04874267095272465,0.04783619470570399,210.0311284153106,209.955116297489,2.4935460941276357,2.4963676610519254,12.247403697552194,12.312702552131984,2.4935460941276357,2.4963676610519254,40.20100502512563,38.79598662207358,0.16747230291366577,0.20468670129776,0.001,2.5
189,99.20276257181088,99.55595765384942,0.04874487193784922,0.047909855767835345,210.0322424347077,209.9616431807196,2.481790004663132,2.5041999521861507,12.343426870540958,12.347017342430293,2.481790004663132,2.5041999521861507,40.117252931323286,38.79598662207358,0.15381687879562378,0.19783109426498413,0.001,2.5
190,98.54712588823021,99.19962119418243,0.048735460544151676,0.04783911010044873,210.04108126079618,209.9699525354698,2.4755402142478395,2.500633921511596,12.23104918622092,12.286461077406255,2.4755402142478395,2.500633921511596,40.28475711892797,38.79598662207358,0.1683620810508728,0.20318663120269775,0.001,2.5
191,99.0425612866579,98.97995673852621,0.04879940117099377,0.04789878993628416,210.0497835756746,209.97944595183816,2.5116022407908734,2.496713820109798,12.221935796178565,12.254274256652016,2.5116022407908734,2.496713820109798,40.20100502512563,38.79598662207358,0.15539038181304932,0.20315873622894287,0.001,2.5
192,98.602219854767,98.90703539385844,0.048786631942893594,0.04788887478336443,210.05519075888884,209.97935424600556,2.4783118146548118,2.492874952463003,12.233740474311151,12.251209096366347,2.4783118146548118,2.492874952463003,40.28475711892797,38.79598662207358,0.17852634191513062,0.20700782537460327,0.001,2.5
193,98.68478621030772,99.48929496433423,0.04879395941419019,0.04784023592304625,210.05614608176788,209.98314016080622,2.4527312778747663,2.500642707116628,12.326993637148858,12.344366019386113,2.4527312778747663,2.500642707116628,40.28475711892797,38.79598662207358,0.1944243311882019,0.2045137882232666,0.001,2.5
194,98.55380862442094,99.72157632068647,0.04880180785828699,0.047887323330776346,210.05978631254416,209.98782455801566,2.444452955495173,2.5086945052130964,12.325630502684831,12.366656357628047,2.444452955495173,2.5086945052130964,40.20100502512563,38.79598662207358,0.17930835485458374,0.2014521360397339,0.001,2.5
195,99.36680875231872,99.27861645548639,0.04878246067232223,0.04793530290192585,210.06487531038985,209.9912599799625,2.480490851442219,2.4928391960552303,12.380119648011686,12.325620459872345,2.480490851442219,2.4928391960552303,40.28475711892797,38.79598662207358,0.17073345184326172,0.20598655939102173,0.001,2.5
196,98.50831022534139,99.65433142416454,0.04880014189224147,0.047965166498486415,210.06889264028476,209.9982005856109,2.442239223413132,2.5200850716402696,12.323170328060387,12.319018574462687,2.442239223413132,2.5200850716402696,40.28475711892797,38.79598662207358,0.18971097469329834,0.19606810808181763,0.001,2.5
197,98.81775186049879,99.47675772574435,0.048813744087764364,0.04784082606384985,210.0761737919333,210.00404061920267,2.4518279753737713,2.495934194545682,12.356288644736336,12.3559802511464,2.4518279753737713,2.495934194545682,40.117252931323286,38.79598662207358,0.19151520729064941,0.20524978637695312,0.001,2.5
198,97.70947631120282,99.47305828592052,0.04879254498324003,0.04797871866852145,210.08136970353885,210.01004615196814,2.4320501047163154,2.4920985068764576,12.193970266498713,12.366717182274247,2.4320501047163154,2.4920985068764576,40.28475711892797,38.79598662207358,0.19354087114334106,0.20629823207855225,0.001,2.5
199,98.42652306484817,99.36089350467542,0.04878044328722522,0.04792577471820806,210.088723519739,210.017852221843,2.433812617456893,2.503554960557051,12.332092742025353,12.309925015554779,2.433812617456893,2.503554960557051,39.949748743718594,38.79598662207358,0.18674808740615845,0.2029215693473816,0.001,2.5
200,98.34089858727639,99.4411669064525,0.04887602916314973,0.047928195708372125,210.09644939991298,210.0247409782282,2.4729925296214756,2.5107050268945086,12.19740721448582,12.304527793042237,2.4729925296214756,2.5107050268945086,40.20100502512563,38.79598662207358,0.17869579792022705,0.20126104354858398,0.001,2.5
201,97.94848917796584,99.32880205135281,0.04880141050022851,0.047856990322719846,210.1022531327291,210.03059616854358,2.4460655979974386,2.4961175288643727,12.199720334767097,12.325829907803232,2.4460655979974386,2.4961175288643727,40.28475711892797,38.79598662207358,0.19278913736343384,0.2083379030227661,0.001,2.5
202,98.31853501720843,99.08963102002606,0.048811644290759536,0.04788041975735422,210.10748579833574,210.03625937369355,2.427949490858682,2.490198027728792,12.32807459583634,12.295748429952258,2.427949490858682,2.490198027728792,40.28475711892797,38.79598662207358,0.20385175943374634,0.20748549699783325,0.001,2.5
203,98.72734145223595,99.32103568494918,0.04876676638621581,0.047868827999535214,210.11266795913977,210.03922636612603,2.466039651003315,2.5066738918074796,12.29557353966999,12.292603770227336,2.466039651003315,2.5066738918074796,40.36850921273032,38.79598662207358,0.17661553621292114,0.20226693153381348,0.001,2.5
204,97.56947842954192,99.22288370291923,0.04881818381635787,0.04798489926152405,210.11760419018105,210.04729709178707,2.3848795531383113,2.5030764544687942,12.30746990472228,12.283740219065178,2.3848795531383113,2.5030764544687942,40.28475711892797,38.79598662207358,0.22051489353179932,0.2031627893447876,0.001,2.5
205,99.10255838518766,99.34914584462858,0.048799066768469325,0.04801817152362604,210.12264605702666,210.04798179805078,2.4579327921172482,2.4964041207546375,12.39492909033694,12.329003946438283,2.4579327921172482,2.4964041207546375,40.117252931323286,38.79598662207358,0.17683547735214233,0.20643466711044312,0.001,2.5
206,98.56122368025021,98.93298926720253,0.04880732252345213,0.04781788006973107,210.12444043439038,210.05186646120205,2.4830255564333408,2.490845926629261,12.211381829164335,12.26248634619059,2.4830255564333408,2.490845926629261,40.117252931323286,38.79598662207358,0.1566222906112671,0.20876222848892212,0.001,2.5
207,98.31630092090498,99.19666928192444,0.04878739909685437,0.04796312351938474,210.12882297841747,210.0558445142663,2.4438399649544977,2.4930430519142277,12.279956974176505,12.30860103492354,2.4438399649544977,2.4930430519142277,40.117252931323286,38.79598662207358,0.17455130815505981,0.20783120393753052,0.001,2.5
208,98.97572666596328,98.8424168972666,0.048782242958120364,0.04792058964985669,210.13150297896547,210.05712416020523,2.461817676697544,2.4951767761970443,12.35790922334246,12.231357414985581,2.461817676697544,2.4951767761970443,40.28475711892797,38.79598662207358,0.16519856452941895,0.20593637228012085,0.001,2.5
209,97.86623051577877,99.01547083009446,0.048817059983011064,0.0478284392493425,210.13214862765977,210.05727664603037,2.4302890831901003,2.4995582470527062,12.23058883468909,12.252842265227965,2.4302890831901003,2.4995582470527062,40.117252931323286,38.79598662207358,0.20542579889297485,0.20017671585083008,0.001,2.5
210,98.20758299452176,99.18857110064963,0.04883395162858755,0.047943165569401106,210.13327000808076,210.0589724129259,2.4407299503409483,2.4954530259837275,12.267533307099463,12.299753836564795,2.4407299503409483,2.4954530259837275,40.117252931323286,38.79598662207358,0.1812758445739746,0.2058781385421753,0.001,2.5
211,98.91692866033046,99.07220999931413,0.048783613215988404,0.04792883330613475,210.1353090628108,210.0608862427166,2.4863067811457955,2.491644629666638,12.272681832113857,12.287910005320674,2.4863067811457955,2.491644629666638,40.20100502512563,38.79598662207358,0.17342448234558105,0.20584511756896973,0.001,2.5
212,98.556978196954,99.32173549690374,0.048806857149205615,0.04789570177030005,210.1377459195391,210.06447231331,2.476336722797285,2.5041492599308692,12.230596555137954,12.300307771433955,2.476336722797285,2.5041492599308692,40.03350083752093,38.79598662207358,0.18296092748641968,0.2007228136062622,0.001,2.5
213,98.54945285356224,99.27428331662182,0.048777086488665446,0.047900916815402116,210.1406727699778,210.0656429533177,2.4458524865321376,2.500401771188181,12.32054943135835,12.302057846732762,2.4458524865321376,2.500401771188181,40.20100502512563,38.79598662207358,0.18929845094680786,0.19906264543533325,0.001,2.5
214,98.07104182922261,99.37913163609329,0.0488183720339982,0.0478822363409709,210.14106275088824,210.064714106429,2.45679278868926,2.5075216412942942,12.192038270896004,12.3016720009488,2.45679278868926,2.5075216412942942,40.45226130653266,38.79598662207358,0.1754782795906067,0.2026371955871582,0.001,2.5
215,99.05220680939692,99.32311223262927,0.04879828519382868,0.047907894097243664,210.14030346638793,210.0651542638058,2.476531164130973,2.4967420707179553,12.329060370798286,12.32280203650229,2.476531164130973,2.4967420707179553,40.28475711892797,38.79598662207358,0.1565312147140503,0.20674097537994385,0.001,2.5
216,98.19797882642379,99.31986116645328,0.0488447295798229,0.047933386644990146,210.14052887218483,210.06566050858004,2.4434195319611822,2.4947313895592322,12.25753966288351,12.328178294127602,2.4434195319611822,2.4947313895592322,40.03350083752093,38.79598662207358,0.19627535343170166,0.20674890279769897,0.001,2.5
217,98.59107927740918,99.38847060187605,0.048828336124743646,0.04801883144821212,210.1418413580762,210.06851191185788,2.470277346957668,2.499056387107109,12.255589991558336,12.32890722663905,2.470277346957668,2.499056387107109,40.117252931323286,38.79598662207358,0.1676667332649231,0.20656883716583252,0.001,2.5
218,99.5313308179079,99.19682888681673,0.04879254807828858,0.047950417114839106,210.14463284746486,210.06990030856434,2.482445778758881,2.4980384992516558,12.407141455453845,12.293646480726158,2.482445778758881,2.4980384992516558,40.20100502512563,38.79598662207358,0.16561812162399292,0.20310074090957642,0.001,2.5
219,98.48749615079794,99.63150871557535,0.04880956199700309,0.04782042266134434,210.14563558249418,210.07055439518447,2.4262407696626496,2.5094453698416617,12.366985469607252,12.346386616046612,2.4262407696626496,2.5094453698416617,40.117252931323286,38.79598662207358,0.20474523305892944,0.20206844806671143,0.001,2.5
220,97.96486049121748,99.34788689246544,0.0488448883820219,0.047912802397706435,210.1462901001999,210.0716245517284,2.4648155614958336,2.492335036446817,12.146726881439362,12.340976367427354,2.4648155614958336,2.492335036446817,40.28475711892797,38.79598662207358,0.17896324396133423,0.2082819938659668,0.001,2.5
221,98.54062759936156,99.18009979350113,0.04883403274257179,0.047871292285297226,210.14727320583222,210.07208017202524,2.435731450916335,2.491809414381965,12.349135116117084,12.309002866713099,2.435731450916335,2.491809414381965,40.03350083752093,38.79598662207358,0.18560171127319336,0.2062077522277832,0.001,2.5
222,97.94560582913346,99.35440614630147,0.04880247031723834,0.04791610975777824,210.1483777683584,210.07388514898292,2.499005258582545,2.508840407814868,12.040315623259424,12.292762124817507,2.499005258582545,2.508840407814868,40.117252931323286,38.79598662207358,0.14919966459274292,0.19812262058258057,0.001,2.5
223,98.42612338425526,99.07665454264867,0.048808445751517264,0.04791972108409556,210.1496548548815,210.0749770965066,2.449434673366834,2.497812982386969,12.285128938492818,12.27029295828829,2.449434673366834,2.497812982386969,40.20100502512563,38.79598662207358,0.18507975339889526,0.20640647411346436,0.001,2.5
224,99.03909782269093,99.26897504417394,0.04883159206590461,0.047899549334842625,210.15098796697518,210.07647909209084,2.446851801832317,2.5002431566499945,12.41546729261951,12.301470526883435,2.446851801832317,2.5002431566499945,40.20100502512563,38.79598662207358,0.19080901145935059,0.2018529772758484,0.001,2.5
225,98.77948391657179,99.41460722345971,0.04882761489106982,0.047948743936210174,210.15165863803884,210.07555693049096,2.4395216609565056,2.492670099073429,12.385535915892328,12.353307165828436,2.4395216609565056,2.492670099073429,40.117252931323286,38.79598662207358,0.19341623783111572,0.20935696363449097,0.001,2.5
226,99.78828146469652,99.19254843925553,0.04885043276214919,0.047937800329066436,210.1510295260891,210.07550252959084,2.473171835968043,2.5070788732739198,12.486340244810785,12.265670419138011,2.473171835968043,2.5070788732739198,40.20100502512563,38.79598662207358,0.19168245792388916,0.20190930366516113,0.001,2.5
227,98.41160220556722,98.96073663513796,0.04880009749451874,0.04789653000574447,210.15107282322256,210.07580540889882,2.444247145548937,2.4921416598418884,12.297788752583005,12.264127622878672,2.444247145548937,2.4921416598418884,40.117252931323286,38.79598662207358,0.17809808254241943,0.20685607194900513,0.001,2.5
228,99.23654549245659,99.20341989268427,0.04881559424663908,0.04796971086674311,210.15122004369994,210.0762565893473,2.4594551510547276,2.497233274389669,12.417150336094638,12.297375382388315,2.4594551510547276,2.497233274389669,40.03350083752093,38.79598662207358,0.1790546178817749,0.20660662651062012,0.001,2.5
229,98.67707351863484,99.3923796586767,0.048775892005843334,0.04785576988522424,210.15158814601165,210.07632880067348,2.457490366307934,2.5046908257398317,12.311158054038707,12.312817646906925,2.457490366307934,2.5046908257398317,40.20100502512563,38.79598662207358,0.17452937364578247,0.20263582468032837,0.001,2.5
230,98.10478834091519,98.96128824801748,0.048823225332215,0.0479796325607244,210.1519775135034,210.07725530005618,2.43278326980233,2.499815655392548,12.270812834926586,12.2411992860877,2.43278326980233,2.499815655392548,40.36850921273032,38.79598662207358,0.17354941368103027,0.203355073928833,0.001,2.5
231,98.57363940163873,99.14489016325578,0.04879488167001973,0.04793126230754183,210.1525089896504,210.0774514699062,2.484454812316639,2.4945280703413846,12.209574036462422,12.293791640163665,2.484454812316639,2.4945280703413846,40.20100502512563,38.79598662207358,0.18267816305160522,0.2089320421218872,0.001,2.5
232,98.21274125755731,99.25060045121107,0.048817792997837464,0.04793654035864068,210.15298518144107,210.0779875178002,2.4464386084570955,2.49762814898156,12.251438594543355,12.305633471562313,2.4464386084570955,2.49762814898156,40.03350083752093,38.79598662207358,0.18768292665481567,0.205741286277771,0.001,2.5
233,98.92531626587936,99.23693151059358,0.04883393145461178,0.047969299901189616,210.15371376944947,210.07847130816916,2.4939046337376887,2.496925495141326,12.25155192364001,12.304999766142473,2.4939046337376887,2.496925495141326,40.117252931323286,38.79598662207358,0.15025204420089722,0.2029988169670105,0.001,2.5
234,97.98663834870561,99.49033654254416,0.048813933141567,0.04790301284562784,210.15380442761497,210.07899464891108,2.4281981195037687,2.4921678627613795,12.260939879233714,12.369967122540427,2.4281981195037687,2.4921678627613795,40.117252931323286,38.79598662207358,0.18517154455184937,0.20435035228729248,0.001,2.5
235,98.99672017824311,99.062354633242,0.04878661319164176,0.04793461916787568,210.15449467695737,210.07971176096427,2.4492962556069022,2.4958291285014074,12.399667102487841,12.273380190233722,2.4492962556069022,2.4958291285014074,40.28475711892797,38.79598662207358,0.18767273426055908,0.20588481426239014,0.001,2.5
236,99.91183904906613,99.28520743583756,0.048797504698711025,0.04802907531127882,210.1549513160284,210.07887691638143,2.4706662851362373,2.5084363313821645,12.518578340859468,12.280110802538818,2.4706662851362373,2.5084363313821645,40.03350083752093,38.79598662207358,0.1774798035621643,0.198306143283844,0.001,2.5
237,99.22354267829627,99.30125054707096,0.04878556897467504,0.047886906970404465,210.1539608749313,210.07863063238136,2.4762938917182398,2.490541537868538,12.36403896421244,12.337032260703403,2.4762938917182398,2.490541537868538,40.117252931323286,38.79598662207358,0.18187057971954346,0.20729058980941772,0.001,2.5
238,99.03426352138295,99.26541255070613,0.04879444248512562,0.04796630449368802,210.1538970793911,210.0785761804485,2.4959551066010444,2.499551887097566,12.267197706391864,12.30281758707104,2.4959551066010444,2.499551887097566,40.20100502512563,38.79598662207358,0.15217667818069458,0.20499330759048462,0.001,2.5
239,98.29881884704284,99.18837123092601,0.04878844632774941,0.04793379678823876,210.15393960975123,210.07885088968436,2.4394796321939185,2.501726687153845,12.28953666623114,12.280891306822914,2.4394796321939185,2.501726687153845,40.117252931323286,38.79598662207358,0.20151865482330322,0.2023034691810608,0.001,2.5
240,98.66871981724623,99.21738107228359,0.048805110899098156,0.04793356370218223,210.15408092607404,210.07896862221403,2.453752292859894,2.5044539939599693,12.320695517650202,12.278512498606807,2.453752292859894,2.5044539939599693,40.28475711892797,38.79598662207358,0.19420385360717773,0.20119905471801758,0.001,2.5
241,99.01918116686133,99.38101002364652,0.04880520973473138,0.04786232510039639,210.15420522002918,210.07901649092352,2.468341627312665,2.5036332774720464,12.347019326547082,12.313713816894735,2.468341627312665,2.5036332774720464,40.03350083752093,38.79598662207358,0.18329572677612305,0.2044571042060852,0.001,2.5
242,98.42407031035303,99.45598405818875,0.04883658118433689,0.04797251143782434,210.1545618974184,210.079600611658,2.450501164000238,2.5077300326880003,12.2815122923859,12.316395781909343,2.450501164000238,2.5077300326880003,40.28475711892797,38.79598662207358,0.1718900203704834,0.19909542798995972,0.001,2.5
243,97.58211812541713,99.11359106976053,0.04881576548519247,0.0478270409074316,210.15493158439494,210.07966608666257,2.4495549014265614,2.498774743797787,12.115964870357034,12.274812443200561,2.4495549014265614,2.498774743797787,40.117252931323286,38.79598662207358,0.1915101408958435,0.20311349630355835,0.001,2.5
244,98.77134811938109,99.30965334276691,0.04884018364613579,0.047907985310789734,210.15488442783578,210.07967266988595,2.4461564486549925,2.5059870038941554,12.364001361968329,12.29237234632307,2.4461564486549925,2.5059870038941554,40.28475711892797,38.79598662207358,0.18677020072937012,0.19822031259536743,0.001,2.5
245,98.53469391124732,99.51517897385817,0.048819084687648305,0.04797789213998262,210.1550704981614,210.0805554852438,2.4572523351091036,2.511425779017318,12.283387048360291,12.317146508590035,2.4572523351091036,2.511425779017318,40.20100502512563,38.79598662207358,0.18805021047592163,0.19854748249053955,0.001,2.5
246,99.60826246303131,99.37903862892584,0.04882168128986654,0.047816452697966014,210.15583972515572,210.08067541218122,2.465097371058248,2.503943081284845,12.474565141764119,12.312398932849284,2.465097371058248,2.503943081284845,40.117252931323286,38.79598662207358,0.1714121699333191,0.19990229606628418,0.001,2.5
247,99.4539611279665,99.3249001901684,0.048799306135531045,0.047933899115359904,210.1560082363723,210.08085846661723,2.516209805630759,2.4957969563461866,12.290371516242098,12.325985796874184,2.516209805630759,2.4957969563461866,40.45226130653266,38.79598662207358,0.15339338779449463,0.20713114738464355,0.001,2.5
248,97.91904287162538,99.52889386945743,0.04882967876429534,0.047832385515389236,210.15612401914356,210.08095879698277,2.4293751401118495,2.4993323976778266,12.243886067439963,12.356198703166234,2.4293751401118495,2.4993323976778266,40.117252931323286,38.79598662207358,0.20287317037582397,0.20581281185150146,0.001,2.5
249,98.70280116606797,99.55446596687852,0.04878917772641134,0.047886357421560034,210.15635798724253,210.08138395073422,2.4644887299593567,2.510496531840551,12.295304605110207,12.327809496468126,2.4644887299593567,2.510496531840551,40.28475711892797,38.79598662207358,0.17292147874832153,0.19783055782318115,0.001,2.5
250,98.80993536049796,99.27217173496616,0.04882600960919206,0.04793155030113797,210.1567656294984,210.08169780208115,2.469508209020848,2.492346073871472,12.30166583165052,12.32579331413958,2.469508209020848,2.492346073871472,40.36850921273032,38.79598662207358,0.17764133214950562,0.20850276947021484,0.001,2.5
251,98.99378525112542,99.35841663067157,0.04882018442204849,0.04793797084519696,210.1570941663068,210.08195944693574,2.4679925437748333,2.5068511285112054,12.342983945530264,12.299525640481292,2.4679925437748333,2.5068511285112054,40.117252931323286,38.79598662207358,0.17149227857589722,0.20214402675628662,0.001,2.5
252,98.78857573951709,99.43376787370663,0.0487825616919615,0.04794198235989015,210.15714178292995,210.08197251131702,2.4438272908305003,2.508643778670193,12.374445375285955,12.309217146806494,2.4438272908305003,2.508643778670193,40.28475711892797,38.79598662207358,0.19694578647613525,0.19724047183990479,0.001,2.5
253,99.68303497672281,98.87824583532021,0.04879492411461707,0.047932322731982904,210.1572692462148,210.08216868116705,2.494051890157575,2.496632959531701,12.402660991278925,12.234146950635623,2.494051890157575,2.496632959531701,40.20100502512563,38.79598662207358,0.16132289171218872,0.2093888521194458,0.001,2.5
254,98.92256009918162,99.09954481858473,0.04880211671418081,0.04794108168686114,210.15746395551977,210.0823060102686,2.448795846558895,2.5033135095168912,12.386332772285295,12.25836397891858,2.448795846558895,2.5033135095168912,40.20100502512563,38.79598662207358,0.17847317457199097,0.20062154531478882,0.001,2.5
255,98.3048373786249,99.38454871034143,0.04881604080099357,0.04797770926436054,210.15751397469936,210.08233862018903,2.44286277386012,2.5005379911250496,12.280584306573148,12.323683244328834,2.44286277386012,2.5005379911250496,40.20100502512563,38.79598662207358,0.1897902488708496,0.2054709792137146,0.001,2.5
256,98.5559739155985,98.8879570339037,0.04883282997924678,0.047879768716152696,210.1575997255156,210.08248906470462,2.4457340496069624,2.497525843489529,12.322194458851262,12.233421545762281,2.4457340496069624,2.497525843489529,40.20100502512563,38.79598662207358,0.19780516624450684,0.20452827215194702,0.001,2.5
257,98.9084638023696,99.01403305921268,0.04882623474901445,0.04792690517561492,210.15770914406832,210.0825566320515,2.471195743710951,2.494154542584882,12.3163086541334,12.268740912344942,2.471195743710951,2.494154542584882,40.117252931323286,38.79598662207358,0.17578202486038208,0.2072727084159851,0.001,2.5
258,98.03600483803294,99.54380948886424,0.048832294292485895,0.04792613721761018,210.1578390865869,210.08274407530308,2.4319900172439652,2.4985126093478507,12.259433142503902,12.361621477133454,2.4319900172439652,2.4985126093478507,40.28475711892797,38.79598662207358,0.19935673475265503,0.20616567134857178,0.001,2.5
259,99.6848213157462,99.38806205928127,0.04879595305602155,0.04783881258805061,210.1581244796165,210.08325853634838,2.457779435057137,2.491160562604566,12.511835002419936,12.352546216652145,2.457779435057137,2.491160562604566,40.03350083752093,38.79598662207358,0.19078105688095093,0.20844018459320068,0.001,2.5
260,97.85057444867977,99.60683550882499,0.04883268244027892,0.047911513484640664,210.1585060515795,210.08337407447024,2.4362040887925294,2.508690659417755,12.209703809651897,12.343695854263562,2.4362040887925294,2.508690659417755,40.20100502512563,38.79598662207358,0.18271952867507935,0.19868409633636475,0.001,2.5
261,98.38768770866459,99.38625282108983,0.048841321737922015,0.047927556715183034,210.15872171935524,210.08366409352791,2.451831048457467,2.4933610536581696,12.270244361966899,12.3455649857537,2.451831048457467,2.4933610536581696,40.28475711892797,38.79598662207358,0.1767464280128479,0.20769280195236206,0.001,2.5
262,98.79593807968062,99.324429413148,0.04882306636777555,0.04789387313867094,210.15894906764453,210.08386016131246,2.450590940376422,2.497501018454,12.355618505621676,12.320786367690683,2.450590940376422,2.497501018454,40.03350083752093,38.79598662207358,0.18750858306884766,0.20546215772628784,0.001,2.5
263,98.82576963849603,98.95544341734819,0.04885191364928306,0.04788271468568805,210.1590626778914,210.08399749041402,2.4641251587987547,2.489034246042819,12.320976386717216,12.272392719485689,2.4641251587987547,2.489034246042819,40.20100502512563,38.79598662207358,0.1801013946533203,0.20932471752166748,0.001,2.5
264,98.976293873747,99.0044267584249,0.048841451255720064,0.04797322851259971,210.15916588558025,210.08399106028887,2.458601241135717,2.5027897692843024,12.367654928210593,12.240903943677411,2.458601241135717,2.5027897692843024,40.28475711892797,38.79598662207358,0.1782093644142151,0.2015478014945984,0.001,2.5
265,98.9310756152998,98.88328552246094,0.048802324594115494,0.04786151957800955,210.15917339995877,210.08388639214047,2.474815584706701,2.493321232173754,12.309975734308138,12.245104655772947,2.474815584706701,2.493321232173754,40.20100502512563,38.79598662207358,0.17440104484558105,0.20844441652297974,0.001,2.5
266,97.90802845403776,99.09874036399816,0.04882362098674878,0.0479369706109814,210.15902610280406,210.0834547061984,2.430865448723287,2.5033829220162587,12.23721273859941,12.257994753859911,2.430865448723287,2.5033829220162587,40.28475711892797,38.79598662207358,0.198621928691864,0.20582395792007446,0.001,2.5
267,98.09386330353755,99.54224377890495,0.048808037055347434,0.047891010371438635,210.1587055404382,210.0838469948657,2.4361200268743826,2.513182398467558,12.258619357992457,12.317307089483458,2.4361200268743826,2.513182398467558,40.20100502512563,38.79598662207358,0.17598825693130493,0.19789201021194458,0.001,2.5
268,98.25547573274903,99.34808681322181,0.04881702525107505,0.04793197091008509,210.15915026896363,210.0841957015736,2.4437597768390598,2.4993527892441256,12.268020613908368,12.31995541754375,2.4437597768390598,2.4993527892441256,40.117252931323286,38.79598662207358,0.19491243362426758,0.2054966688156128,0.001,2.5
269,99.71165734679256,99.46139235480574,0.04878878933525764,0.047953284977869846,210.15979998155655,210.0849434332704,2.485253528933629,2.505941206794917,12.434780881233152,12.322847930882686,2.485253528933629,2.505941206794917,40.117252931323286,38.79598662207358,0.16189634799957275,0.20014464855194092,0.001,2.5
270,99.43918470321988,99.33625665875184,0.04886823875121336,0.047980521621811746,210.16025534267203,210.0851047987922,2.482293504366723,2.500184875666896,12.389150561998838,12.315083341056289,2.482293504366723,2.500184875666896,40.28475711892797,38.79598662207358,0.15767765045166016,0.2040082812309265,0.001,2.5
271,98.24022677116459,99.20457716211428,0.04881863774641275,0.04786639057573267,210.16046983472864,210.08541436338902,2.4523218784300327,2.4958758537585917,12.239283624006875,12.301697437579815,2.4523218784300327,2.4958758537585917,40.117252931323286,38.79598662207358,0.1958879828453064,0.20786571502685547,0.001,2.5
272,99.39014050149838,99.26054951339262,0.0488497350907805,0.04794399234712323,210.1607737581135,210.0856889195267,2.4617710317199553,2.5030038516258317,12.44091311092153,12.291491738131214,2.4617710317199553,2.5030038516258317,40.20100502512563,38.79598662207358,0.18127679824829102,0.20665115118026733,0.001,2.5
273,98.21212748107399,99.22053951403768,0.048807463285761264,0.047958256346625226,210.16089222459138,210.0856038479502,2.5007047309747694,2.4965190456862434,12.088517593179317,12.302941934719533,2.5007047309747694,2.4965190456862434,40.20100502512563,38.79598662207358,0.1631348729133606,0.20632511377334595,0.001,2.5
274,98.03116516931173,99.25785062145629,0.048808697642293605,0.04786547557466405,210.16096749617228,210.08588284393616,2.4616130280933985,2.5147625100253816,12.16959961455072,12.255692615955569,2.4616130280933985,2.5147625100253816,40.117252931323286,38.79598662207358,0.17599815130233765,0.19710224866867065,0.001,2.5
275,98.70871894363582,99.27893479771438,0.04880299849725848,0.04791719578580314,210.1612539115663,210.0862075652566,2.443610534795764,2.5042729848204646,12.359119781097974,12.291367597803225,2.443610534795764,2.5042729848204646,40.20100502512563,38.79598662207358,0.19042986631393433,0.20249152183532715,0.001,2.5
276,98.67524289845223,99.32991711670738,0.04885017269071023,0.04795231703780965,210.16131279975724,210.08603538079404,2.461710905908939,2.502749769185299,12.298113902809233,12.306127270727254,2.461710905908939,2.502749769185299,40.36850921273032,38.79598662207358,0.1699519157409668,0.20252877473831177,0.001,2.5
277,98.9740383333497,99.26791938092796,0.04882919974937112,0.04790739088403342,210.16126045469863,210.08598531767677,2.4218308829782,2.4967365480186947,12.477516941089727,12.311775590265077,2.4218308829782,2.4967365480186947,40.28475711892797,38.79598662207358,0.20972061157226562,0.20532655715942383,0.001,2.5
278,98.79936632319311,99.36008746807391,0.04882297259279631,0.047989495111050016,210.16132933650184,210.0862446660581,2.45892064854927,2.5005636605929373,12.33131453100361,12.318710665240335,2.45892064854927,2.5005636605929373,40.03350083752093,38.79598662207358,0.1730482578277588,0.1999303698539734,0.001,2.5
279,98.91410202716463,99.17519383765384,0.04882318134633341,0.047932554173429676,210.16152938766095,210.08629906695822,2.468958446927606,2.4963050303251846,12.324148117397698,12.294519465902578,2.468958446927606,2.4963050303251846,40.03350083752093,38.79598662207358,0.16413956880569458,0.20334863662719727,0.001,2.5
280,99.0644798726093,99.25644058686834,0.04883215575786292,0.04799511712231365,210.16169133018607,210.08644292825042,2.4578381718902333,2.494610803183106,12.387582590432222,12.315839764266508,2.4578381718902333,2.494610803183106,40.36850921273032,38.79598662207358,0.1866346001625061,0.20746684074401855,0.001,2.5
281,98.67962397283046,99.42395236420393,0.04879268089081574,0.04795326402155452,210.16187619923346,210.08670237869723,2.479428249387885,2.5044645130833656,12.24584930905545,12.319788543675655,2.479428249387885,2.5044645130833656,40.20100502512563,38.79598662207358,0.168889582157135,0.20052289962768555,0.001,2.5
282,99.01646397780733,99.44472215327131,0.048836501561716775,0.047982933915478726,210.16214050599677,210.0869922956894,2.4867930112771655,2.5025479203482535,12.291114176138361,12.329686939915685,2.4867930112771655,2.5025479203482535,40.28475711892797,38.79598662207358,0.1857580542564392,0.20205819606781006,0.001,2.5
283,98.85724541490002,99.59254424946762,0.048812650942822396,0.04799166458805269,210.16243517698356,210.0873477387189,2.4447788764883325,2.5079004214360165,12.385317427029761,12.343190917203259,2.4447788764883325,2.5079004214360165,40.03350083752093,38.79598662207358,0.19424933195114136,0.19849956035614014,0.001,2.5
284,98.48063444971439,99.34882872718633,0.0488148149745648,0.04791676886005944,210.16266403326037,210.08771165318313,2.433755792365402,2.4974129917629586,12.3430639375594,12.325925603758133,2.433755792365402,2.4974129917629586,40.117252931323286,38.79598662207358,0.19072741270065308,0.20632129907608032,0.001,2.5
285,98.94241067193062,98.99752838236832,0.0488278586199036,0.047860985478529565,210.16295131766418,210.0876265305739,2.461380801608215,2.48604091912209,12.352541733427064,12.289792765741764,2.461380801608215,2.48604091912209,40.117252931323286,38.79598662207358,0.18193238973617554,0.21142876148223877,0.001,2.5
286,98.85620904408108,99.3981939462515,0.04878976032562192,0.04785544250820791,210.16291696621946,210.08776600305055,2.47551118548791,2.496429705699551,12.29291808225801,12.33876125310177,2.47551118548791,2.496429705699551,40.20100502512563,38.79598662207358,0.1771460771560669,0.20887404680252075,0.001,2.5
287,98.511825689319,99.3434485751251,0.04882991075565667,0.04793639042505054,210.16310669149786,210.0879621218678,2.472983063165866,2.5016196986105927,12.23161736365339,12.312225785143799,2.472983063165866,2.5016196986105927,40.20100502512563,38.79598662207358,0.16916275024414062,0.2024363875389099,0.001,2.5
288,97.93968369373724,99.37210963322566,0.048843717611265346,0.047932088026234936,210.1632578991965,210.08806658588523,2.3967880292154438,2.500183828698353,12.345770962074575,12.322267076243525,2.3967880292154438,2.500183828698353,40.117252931323286,38.79598662207358,0.20181047916412354,0.203730046749115,0.001,2.5
289,98.40723162320391,99.40002793532152,0.04882957024415534,0.047968824147978754,210.16342781616416,210.08818207297438,2.459532766485933,2.505216426275247,12.251049536955815,12.312744478716898,2.459532766485933,2.505216426275247,40.20100502512563,38.79598662207358,0.1852869987487793,0.20211690664291382,0.001,2.5
290,98.77550318732334,98.97039162115907,0.04882055811172155,0.047905978301297066,210.16332156694116,210.0879269603104,2.4633988683147847,2.504730940662499,12.313107276481999,12.228286427398988,2.4633988683147847,2.504730940662499,40.28475711892797,38.79598662207358,0.1802058219909668,0.2017359733581543,0.001,2.5
291,99.14732509082685,99.12490541081763,0.04876779492825919,0.04787706875282785,210.16325843593782,210.0881319077916,2.462560965188185,2.506946640269812,12.3899958960375,12.252547822269708,2.462560965188185,2.506946640269812,40.36850921273032,38.79598662207358,0.17125791311264038,0.19958460330963135,0.001,2.5
292,98.66006279311188,99.27191330517415,0.048805422494359554,0.04791630879293716,210.1634343848556,210.0881188434103,2.4377902856024867,2.508030957601541,12.36684766286981,12.27868900490445,2.4377902856024867,2.508030957601541,40.36850921273032,38.79598662207358,0.20468354225158691,0.19693809747695923,0.001,2.5
293,98.5979663586896,99.40002176036005,0.04879643724392008,0.04786206449204464,210.16341480657684,210.08805780825406,2.444230413916123,2.5095556794999037,12.335109627626249,12.299747868923838,2.444230413916123,2.5095556794999037,40.117252931323286,38.79598662207358,0.19783008098602295,0.19526731967926025,0.001,2.5
294,98.64682241979756,99.4571986629014,0.04880869761733354,0.047914731300694485,210.16340013564732,210.08814492114013,2.4652931350759126,2.5076127036359397,12.281690645457513,12.317000857962414,2.4652931350759126,2.5076127036359397,40.28475711892797,38.79598662207358,0.1626865267753601,0.19847184419631958,0.001,2.5
295,98.77937930313188,99.46526242259354,0.048819627257148224,0.04788147332925462,210.16360545198322,210.0882822502417,2.444921176836918,2.5122785727714616,12.36931553717634,12.30462208240726,2.444921176836918,2.5122785727714616,40.36850921273032,38.79598662207358,0.1723405122756958,0.19683784246444702,0.001,2.5
296,98.7677538055471,99.60956956231873,0.048768792058055725,0.0478790057791914,210.16372077469052,210.08852649293217,2.4809250875533726,2.5044602183593954,12.2589887318699,12.356939976031963,2.4809250875533726,2.5044602183593954,40.20100502512563,38.79598662207358,0.15578079223632812,0.20250153541564941,0.001,2.5
297,99.38625611731754,99.53024873765416,0.04886762348551247,0.04787105371720815,210.16377539451,210.0884370325401,2.4652840204574353,2.502256733916675,12.42959321084334,12.347687641513787,2.4652840204574353,2.502256733916675,40.117252931323286,38.79598662207358,0.1774851679801941,0.20435559749603271,0.001,2.5
298,98.58826705958177,99.6138707291721,0.048788689526181726,0.04794940886938054,210.1638881613062,210.08867040525712,2.4822261940494452,2.505210736922197,12.219184461750178,12.355533992167699,2.4822261940494452,2.505210736922197,40.36850921273032,38.79598662207358,0.16404277086257935,0.20093858242034912,0.001,2.5
299,99.26872215079302,99.40664677954837,0.048822892233854165,0.047941303945903395,210.16403655750267,210.0890691750823,2.46340501967387,2.4926583160923474,12.411732017095364,12.351748396321682,2.46340501967387,2.4926583160923474,40.36850921273032,38.79598662207358,0.1665421724319458,0.21058279275894165,0.001,2.5
300,98.47077596846538,99.2638539342976,0.04882374352196753,0.04796290158428077,210.1643960975123,210.08919129642754,2.489555011841919,2.495792194353697,12.173692506761407,12.31378432819277,2.489555011841919,2.495792194353697,40.28475711892797,38.79598662207358,0.16246092319488525,0.20679748058319092,0.001,2.5
301,99.07157496671181,99.37830482916688,0.048794140992452155,0.04788646571662115,210.16461317103912,210.089422423704,2.478356518737435,2.497311071408632,12.32745362765825,12.332132754118547,2.478356518737435,2.497311071408632,40.36850921273032,38.79598662207358,0.16741758584976196,0.20603352785110474,0.001,2.5
302,99.77274691838915,98.99585772358056,0.04881566366059097,0.04795333878900295,210.16496074938493,210.0899999612151,2.464853409347023,2.5005851948141653,12.508193420205684,12.245806901351266,2.464853409347023,2.5005851948141653,40.20100502512563,38.79598662207358,0.16301459074020386,0.20609259605407715,0.001,2.5
303,98.77992476011241,99.02774052954837,0.048844494106531945,0.047855251073139565,210.16553636611607,210.09053621324009,2.473278894296643,2.5003753585560267,12.28434638082482,12.252832894341203,2.473278894296643,2.5003753585560267,40.20100502512563,38.79598662207358,0.17681598663330078,0.20725756883621216,0.001,2.5
304,100.18808088190791,99.1374358620532,0.048849485259209846,0.04786642623386256,210.1658110498783,210.0900501263979,2.4942311673507818,2.4963584966882815,12.503119457506854,12.28682037659712,2.4942311673507818,2.4963584966882815,40.20100502512563,38.79598662207358,0.1548139452934265,0.20984649658203125,0.001,2.5
305,100.05388036884455,98.99054863460886,0.048823019055964756,0.047894332209060024,210.16537309451718,210.0900783985355,2.5157595878869445,2.501041595752423,12.411699341369834,12.24338800372886,2.5157595878869445,2.501041595752423,40.20100502512563,38.79598662207358,0.1346758008003235,0.20096945762634277,0.001,2.5
306,98.4886589880964,99.23257436082514,0.048832800513885326,0.04788752692598962,210.16532402102473,210.09007186634486,2.4537913090419927,2.4938561174781824,12.284558519845831,12.313350553097932,2.4537913090419927,2.4938561174781824,40.28475711892797,38.79598662207358,0.1766003966331482,0.20815420150756836,0.001,2.5
307,99.29949562673393,99.31923787809136,0.04878789816095402,0.04787615520948152,210.16542127344078,210.09021363529473,2.467856555328497,2.513964381903709,12.404539089107034,12.270360933897088,2.467856555328497,2.513964381903709,40.20100502512563,38.79598662207358,0.17292022705078125,0.19750767946243286,0.001,2.5
308,98.32531106971217,99.15498612317752,0.04881116931936649,0.047936898659304235,210.16563556102452,210.09039230091517,2.4202478738685747,2.5002993062188392,12.352523627992051,12.278493469774125,2.4202478738685747,2.5002993062188392,40.28475711892797,38.79598662207358,0.1949438452720642,0.20522934198379517,0.001,2.5
309,98.45809525021755,99.41308690712205,0.0487752208358279,0.04793326711176231,210.16581140770586,210.0906689493951,2.4291663373535,2.5057055503628325,12.352331562457572,12.31389622066332,2.4291663373535,2.5057055503628325,40.117252931323286,38.79598662207358,0.20238596200942993,0.20222735404968262,0.001,2.5
310,98.1734189747566,99.25114139824807,0.048804358184537294,0.0479803800981579,210.16598237259703,210.09081714847017,2.4566695670186975,2.501164349425198,12.212881112218502,12.295120156329611,2.4566695670186975,2.501164349425198,40.36850921273032,38.79598662207358,0.18776583671569824,0.20249277353286743,0.001,2.5
311,98.65818692052385,98.96684094177041,0.04881500921382177,0.04789646914272404,210.16620711385704,210.09111145427792,2.4514114589148033,2.4996213809303613,12.325606550603256,12.242906800081897,2.4514114589148033,2.4996213809303613,40.28475711892797,38.79598662207358,0.19240617752075195,0.20429861545562744,0.001,2.5
312,99.07761680820279,98.94803905168106,0.04881403139687862,0.04783605797882862,210.166760059657,210.09161933209984,2.458807290498935,2.503101075373366,12.387305468969808,12.228719596480047,2.458807290498935,2.503101075373366,40.28475711892797,38.79598662207358,0.18570131063461304,0.20396208763122559,0.001,2.5
313,97.87895055671832,98.90059608280858,0.04879500617084391,0.047908783370136813,210.16702559325762,210.0919201190655,2.410490323550737,2.502441448511487,12.29252633617152,12.22119503276404,2.410490323550737,2.502441448511487,40.28475711892797,38.79598662207358,0.21008485555648804,0.2025042176246643,0.001,2.5
314,98.47915029605629,99.1628439912828,0.04880437490154351,0.04794480659092549,210.16731696711912,210.0921556861903,2.4724128286243485,2.489246215309985,12.226797009632616,12.313222062228913,2.4724128286243485,2.489246215309985,40.36850921273032,38.79598662207358,0.1641208529472351,0.20925819873809814,0.001,2.5
315,99.13980616277186,99.31065322722878,0.04879080252082304,0.04794830475064823,210.1674922259409,210.0924041135654,2.4890114346540955,2.4997719761519925,12.309135587171493,12.311206890986515,2.4890114346540955,2.4997719761519925,40.20100502512563,38.79598662207358,0.15696018934249878,0.20469367504119873,0.001,2.5
316,98.61947978161886,99.1190384064231,0.048857445967457,0.04791776254075427,210.1677634847823,210.09264167096703,2.461386694181305,2.490240589033401,12.287930486988982,12.301483568937883,2.461386694181305,2.490240589033401,40.117252931323286,38.79598662207358,0.17631995677947998,0.20815277099609375,0.001,2.5
317,99.26362622642837,99.07101675180289,0.04882068645639635,0.04790543163051972,210.1681241493928,210.092920666953,2.474448222810499,2.499739335133479,12.377582633115939,12.263386799738957,2.474448222810499,2.499739335133479,40.28475711892797,38.79598662207358,0.1927226185798645,0.20199072360992432,0.001,2.5
318,98.51007336947187,99.01802639658236,0.04878834815355801,0.04792997361874102,210.16817841138473,210.09294899012332,2.425742651349935,2.5000526195385784,12.372995454861691,12.251842686962522,2.425742651349935,2.5000526195385784,40.20100502512563,38.79598662207358,0.1965651512145996,0.20397841930389404,0.001,2.5
319,99.22970252620115,98.93650840835826,0.048808751474922425,0.04786334105807802,210.168212660593,210.0929729755108,2.4782232960664246,2.500625947646074,12.359474998423003,12.233832684647679,2.4782232960664246,2.500625947646074,39.949748743718594,38.79598662207358,0.18622857332229614,0.20338070392608643,0.001,2.5
320,99.52519223518307,98.73105266660352,0.04880894435385563,0.04792682363038079,210.16816601521606,210.09292281032805,2.503365423212099,2.4923479357690717,12.343146613295154,12.217561922743169,2.503365423212099,2.4923479357690717,40.20100502512563,38.79598662207358,0.16365069150924683,0.20627957582473755,0.001,2.5
321,98.95998148702496,99.37929037342901,0.04880703082136573,0.047873255575580344,210.16816499285162,210.09278981900934,2.485230294503958,2.505148964183386,12.284509957535583,12.308818249399447,2.485230294503958,2.505148964183386,40.20100502512563,38.79598662207358,0.17510902881622314,0.20309728384017944,0.001,2.5
322,98.9588758637957,99.37509201202903,0.04882694909994926,0.04793759111476981,210.16823701842546,210.09334132982337,2.4538487689179593,2.504794888671824,12.378430200381894,12.309027084937462,2.4538487689179593,2.504794888671824,40.20100502512563,38.79598662207358,0.16812467575073242,0.20260053873062134,0.001,2.5
323,99.1048476124928,99.37805737141383,0.048796759334890485,0.04795883227152171,210.16876476294232,210.0936488020779,2.475933079743505,2.4932948905090027,12.341376999514786,12.344117266677294,2.475933079743505,2.4932948905090027,40.20100502512563,38.79598662207358,0.1824449896812439,0.2052464485168457,0.001,2.5
324,99.27515530226817,98.82970038066341,0.04881706136205488,0.04797005820334157,210.1690173125147,210.09400404097644,2.480629384218149,2.4943532895882394,12.361345807112242,12.23126658308865,2.480629384218149,2.4943532895882394,40.28475711892797,38.79598662207358,0.17517298460006714,0.20774853229522705,0.001,2.5
325,98.7591094715112,99.28776795250117,0.048809101870611084,0.047927307619099635,210.1693232550693,210.09418076735275,2.4497188958690392,2.5082744882258283,12.350869531807188,12.281126006391137,2.4497188958690392,2.5082744882258283,40.36850921273032,38.79598662207358,0.18435388803482056,0.201768159866333,0.001,2.5
326,98.80615924470987,99.0455228875712,0.0488277857302621,0.047879038933029146,210.1695129547886,210.09436821060436,2.47000307813162,2.5001067525168326,12.299423024482664,12.25718954654043,2.47000307813162,2.5001067525168326,40.45226130653266,38.79598662207358,0.15981930494308472,0.2009781002998352,0.001,2.5
327,99.22805798912368,98.98003364486439,0.04882368032931283,0.047923391965221,210.16955369601098,210.09430493000758,2.4843801725250194,2.4995891401998973,12.34067288115995,12.245635925726747,2.4843801725250194,2.4995891401998973,40.20100502512563,38.79598662207358,0.15861713886260986,0.20467883348464966,0.001,2.5
328,97.96891725882014,99.26578330355743,0.048827429830878226,0.04790352185234976,210.16968890370634,210.09456647279669,2.4833978296723997,2.5051290502516323,12.091790474040225,12.286170260962036,2.4833978296723997,2.5051290502516323,40.03350083752093,38.79598662207358,0.15444135665893555,0.20146989822387695,0.001,2.5
329,97.50660780965782,99.37946260892429,0.048818899490176336,0.0478961363085935,210.16992517212526,210.09488700943248,2.4204613269873,2.509982853828864,12.188139787670755,12.294346216131613,2.4204613269873,2.509982853828864,40.45226130653266,38.79598662207358,0.20316016674041748,0.20300793647766113,0.001,2.5
330,97.71341300210362,99.04254655614744,0.048816738603402625,0.04793644117122908,210.170524022088,210.0953577864529,2.4013602589842065,2.4996550306428635,12.286804389314636,12.257938021401499,2.4013602589842065,2.4996550306428635,40.03350083752093,38.79598662207358,0.20892995595932007,0.2034870982170105,0.001,2.5
331,98.36517817051566,99.07322960792975,0.048833897122036875,0.04792330578517754,210.17111208610598,210.09623182417957,2.4345657386172754,2.5063298067520297,12.317537408378255,12.244052692400572,2.4345657386172754,2.5063298067520297,40.117252931323286,38.79598662207358,0.19504660367965698,0.2000752091407776,0.001,2.5
332,98.87710485666042,98.86255242593312,0.04877533134029339,0.04794525133327497,210.1715138242073,210.09626438306725,2.4646472795125427,2.4962773809464878,12.329689386901345,12.232070450798723,2.4646472795125427,2.4962773809464878,40.03350083752093,38.79598662207358,0.1935131549835205,0.20720648765563965,0.001,2.5
333,98.2482387216846,99.02997178297777,0.04881071099633947,0.04792567163107786,210.17163144723455,210.0965194446985,2.4238962576017906,2.498699724076185,12.326162967649935,12.258290935120854,2.4238962576017906,2.498699724076185,40.20100502512563,38.79598662207358,0.1831797957420349,0.2058437466621399,0.001,2.5
334,98.29342551686656,99.33317285237902,0.048814359596825924,0.04794257582729078,210.17180486580037,210.09661747859076,2.457792243366465,2.5068437287640015,12.233511007810558,12.294494893638586,2.457792243366465,2.5068437287640015,40.20100502512563,38.79598662207358,0.18109554052352905,0.19667088985443115,0.001,2.5
335,100.23102951688783,99.39407333322991,0.048788313621302544,0.04786741297480255,210.171799932892,210.09643222974694,2.5187042713964005,2.502926575300287,12.438301330834777,12.318441735462201,2.5187042713964005,2.502926575300287,40.28475711892797,38.79598662207358,0.13911080360412598,0.1984122395515442,0.001,2.5
336,98.22564766275224,99.18712988505794,0.04882430688944494,0.047949636710128654,210.1717457475774,210.09649321387045,2.4145777580925767,2.507458190854178,12.349597058703552,12.263441567436907,2.4145777580925767,2.507458190854178,40.36850921273032,38.79598662207358,0.19748657941818237,0.20244920253753662,0.001,2.5
337,97.59654564274416,99.36722204916454,0.048801714663629356,0.04789812739527345,210.1717721245796,210.09649760268604,2.393536325275798,2.501840764463546,12.286905579431172,12.316324141511949,2.393536325275798,2.501840764463546,40.28475711892797,38.79598662207358,0.20263397693634033,0.20228660106658936,0.001,2.5
338,98.72221802626822,99.75009338991299,0.04883308215082391,0.0478892740123846,210.17178015014036,210.09657609103914,2.422230587532772,2.5165286638266267,12.425950973676876,12.348834937232793,2.422230587532772,2.5165286638266267,40.36850921273032,38.79598662207358,0.20887404680252075,0.19581294059753418,0.001,2.5
339,98.73169921670527,99.15586631034928,0.04880784762714376,0.04786516308634975,210.17199520449742,210.09689861795178,2.46156847017694,2.486730617025624,12.309838219903023,12.319388874398426,2.46156847017694,2.486730617025624,40.117252931323286,38.79598662207358,0.17650413513183594,0.20869594812393188,0.001,2.5
340,99.27590587111175,99.21202169054726,0.0488261048692954,0.04793020575790102,210.17218183712345,210.09697057411424,2.4895267454623378,2.507440940193508,12.33480116749928,12.268475720714964,2.4895267454623378,2.507440940193508,40.03350083752093,38.79598662207358,0.175429105758667,0.20270299911499023,0.001,2.5
341,98.30517884834327,99.13239949204052,0.04883924233953358,0.047936479420865256,210.1724556518759,210.097068710072,2.4623092059514033,2.502219684945301,12.22230613650988,12.268214114134926,2.4623092059514033,2.502219684945301,40.45226130653266,38.79598662207358,0.17641526460647583,0.20319336652755737,0.001,2.5
342,99.70933485430488,99.07055572203569,0.04882406687966144,0.04792509883343177,210.17252767744975,210.09716684602972,2.5305924447537267,2.4925433576705065,12.298290273452324,12.284875936731448,2.5305924447537267,2.4925433576705065,40.20100502512563,38.79598662207358,0.14435184001922607,0.20712769031524658,0.001,2.5
343,98.32527946587184,98.70846083012712,0.04882396940435197,0.04788356341645869,210.17281074460027,210.09750029394857,2.4865534343511815,2.4862222360528032,12.15359610488866,12.231428838493832,2.4865534343511815,2.4862222360528032,40.45226130653266,38.79598662207358,0.1541057825088501,0.2113897204399109,0.001,2.5
344,98.88888675044329,99.30720468986792,0.0488271904638165,0.04786403185647467,210.1730256967209,210.0976571685893,2.4659260357644293,2.510890503790865,12.328199485638233,12.277177061125586,2.4659260357644293,2.510890503790865,40.28475711892797,38.79598662207358,0.18859946727752686,0.19744610786437988,0.001,2.5
345,98.32640597089451,99.12741632365861,0.048823963626096,0.047936623560943734,210.17330661690613,210.09796224230507,2.4449081832240376,2.502299213090469,12.278757176806579,12.266978222390879,2.4449081832240376,2.502299213090469,40.03350083752093,38.79598662207358,0.1811680793762207,0.20152688026428223,0.001,2.5
346,99.50460179007833,99.20743588859023,0.0487997487711547,0.04794030094575324,210.1739024764529,210.09860316247844,2.4875775809264065,2.4993234159157027,12.386393217984557,12.291909240161296,2.4875775809264065,2.4993234159157027,40.20100502512563,38.79598662207358,0.15798455476760864,0.20418661832809448,0.001,2.5
347,98.64694621535003,99.31027254850969,0.04884842078090713,0.04791087157600699,210.17408849566027,210.09865327662848,2.471596427099589,2.49263413135822,12.262795235843114,12.33255024657999,2.471596427099589,2.49263413135822,40.20100502512563,38.79598662207358,0.16647058725357056,0.21130222082138062,0.001,2.5
348,98.9673391115326,99.29373388386092,0.04878681997957342,0.0479482826605489,210.17416049567498,210.09860969466908,2.483174095601093,2.4928131454365707,12.29215355973747,12.328698298604193,2.483174095601093,2.4928131454365707,40.20100502512563,38.79598662207358,0.16637098789215088,0.21205967664718628,0.001,2.5
349,99.22861966335994,99.56006216604176,0.04884973466021931,0.04789892074505621,210.17411267457894,210.09862270801761,2.5001980926922616,2.502466047886622,12.29332459352324,12.353014945983887,2.5001980926922616,2.502466047886622,40.117252931323286,38.79598662207358,0.1618543267250061,0.2023860216140747,0.001,2.5
350,98.31631468448607,99.2609657108983,0.048771626922852626,0.04793459297871111,210.174379460576,210.09917860764725,2.459328430182171,2.4919736839855795,12.233488507805957,12.32466536301833,2.459328430182171,2.4919736839855795,40.20100502512563,38.79598662207358,0.18110787868499756,0.2094179391860962,0.001,2.5
351,99.96005438160856,99.23466968855331,0.048823154757619905,0.04794445518018011,210.17455446380666,210.0992505638097,2.5054621376983284,2.5055864590864916,12.423825049919499,12.278566175479952,2.5054621376983284,2.5055864590864916,40.36850921273032,38.79598662207358,0.15515422821044922,0.19944560527801514,0.001,2.5
352,98.37679693327478,99.16455282255957,0.04884947494446133,0.04789576367989033,210.17461337755674,210.0990020343691,2.4561597570103015,2.503525430940864,12.255074905191035,12.270734952843707,2.4561597570103015,2.503525430940864,40.20100502512563,38.79598662207358,0.19782602787017822,0.20403486490249634,0.001,2.5
353,99.71135968538984,99.06716801570012,0.04880426585724206,0.04798834180353477,210.17457560119118,210.0992788359473,2.493894756339503,2.500603155946253,12.408791994129992,12.26000732562215,2.493894756339503,2.500603155946253,40.117252931323286,38.79598662207358,0.16522353887557983,0.2022530436515808,0.001,2.5
354,97.27636836321909,99.04521574702949,0.04881424384450593,0.0479137148321871,210.17460507084576,210.0989454390612,2.4070586079928145,2.491906595868012,12.182300160278627,12.281720155058895,2.4070586079928145,2.491906595868012,40.117252931323286,38.79598662207358,0.2138885259628296,0.2069920301437378,0.001,2.5
355,98.09369246644191,99.13461423637875,0.04885680338920061,0.04796956686371545,210.1744001123374,210.09899555321124,2.4208629364943386,2.4980312031647034,12.304343643699658,12.28121607917607,2.4208629364943386,2.4980312031647034,40.117252931323286,38.79598662207358,0.20112383365631104,0.20577776432037354,0.001,2.5
356,98.25383085062356,99.02820212067569,0.04882154802181812,0.04795656335792414,210.17453138392975,210.09919177409398,2.469793118024791,2.4936474326462252,12.189587398190394,12.273086433027899,2.469793118024791,2.4936474326462252,40.20100502512563,38.79598662207358,0.17558902502059937,0.2094273567199707,0.001,2.5
357,98.44817168269326,98.95693732424324,0.048809558995554794,0.04788728539261929,210.17475893669192,210.09938141175337,2.451406168178897,2.486784626408963,12.283619057992395,12.279435875423776,2.451406168178897,2.486784626408963,40.36850921273032,38.79598662207358,0.18675851821899414,0.20967262983322144,0.001,2.5
358,98.86448130136358,99.28243424023275,0.048807891481985,0.04790180631256024,210.17496407411406,210.09944897910026,2.4711017900176184,2.495484829746361,12.30779409648186,12.318432080705827,2.4711017900176184,2.495484829746361,40.117252931323286,38.79598662207358,0.17140477895736694,0.20545750856399536,0.001,2.5
359,98.84526643481486,99.25299424391527,0.048800668200256435,0.04784588073458161,210.17508468755724,210.09976288147993,2.4684408645534037,2.5003765713809725,12.311935565379796,12.297879659212553,2.4684408645534037,2.5003765713809725,40.117252931323286,38.79598662207358,0.1828622817993164,0.2044355273246765,0.001,2.5
360,99.15016285498538,99.2191015645413,0.04877906753190199,0.04787702271621363,210.17553414451817,210.10013133785796,2.4867488846706984,2.5023646617812854,12.3179950091108,12.285131090859506,2.4867488846706984,2.5023646617812854,40.20100502512563,38.79598662207358,0.1841380000114441,0.204334557056427,0.001,2.5
361,98.91411665975548,99.05119724337473,0.048845754764736994,0.047904907099678366,210.17571333944298,210.10019671079706,2.486240817474161,2.4930330168044685,12.272296606795472,12.279539270943223,2.486240817474161,2.4930330168044685,40.28475711892797,38.79598662207358,0.17051470279693604,0.20616495609283447,0.001,2.5
362,98.69297005862647,99.13102186324205,0.04876463854033344,0.04784343819006231,210.17572172283127,210.10021421502665,2.4833781152114995,2.4907758331617784,12.236671612290682,12.302287698190746,2.4833781152114995,2.4907758331617784,40.20100502512563,38.79598662207358,0.18358230590820312,0.20962178707122803,0.001,2.5
363,98.92538976110205,99.33350471828295,0.04882682834937545,0.048005067547129146,210.1753020933525,210.0997651779532,2.464245019446266,2.502855525766328,12.340542625542263,12.306512673164292,2.464245019446266,2.502855525766328,40.117252931323286,38.79598662207358,0.18069308996200562,0.20370525121688843,0.001,2.5
364,98.46409742396881,99.24047619363536,0.048812569342116814,0.04793826807103428,210.17529567801574,210.09987627622675,2.4658771216170474,2.4958451846770218,12.243390273408874,12.308952073189726,2.4658771216170474,2.4958451846770218,40.28475711892797,38.79598662207358,0.1734265685081482,0.20485883951187134,0.001,2.5
365,98.88284094729016,99.51266234535039,0.04878650984447606,0.047904650428422714,210.17576261740834,210.1004430968626,2.4571352356442655,2.4983221073214428,12.353369725609145,12.355964549010414,2.4571352356442655,2.4983221073214428,40.20100502512563,38.79598662207358,0.18876808881759644,0.204939067363739,0.001,2.5
366,98.1246974695867,99.33401662769126,0.048811003709308666,0.047858819091399774,210.17602907113692,210.100624109989,2.4575045336430996,2.4945593398550283,12.200628298211537,12.331534031641523,2.4575045336430996,2.4945593398550283,40.28475711892797,38.79598662207358,0.17944157123565674,0.2055279016494751,0.001,2.5
367,98.47460431429609,99.27911963829628,0.048858304550150534,0.047881541455968166,210.17618232356443,210.10081803439851,2.44432662639586,2.4949615783117287,12.310133988334107,12.319342418657897,2.44432662639586,2.4949615783117287,39.949748743718594,38.79598662207358,0.18772625923156738,0.20403426885604858,0.001,2.5
368,98.73938190198224,98.99201664238869,0.04878615519309563,0.04796858369855578,210.17650089231967,210.1011668431719,2.4643375949444284,2.5073617102709105,12.303071042800468,12.224705099660817,2.4643375949444284,2.5073617102709105,40.20100502512563,38.79598662207358,0.175024151802063,0.202328622341156,0.001,2.5
369,99.35727119126312,98.96449366540813,0.04881678964674373,0.047925151921933314,210.17671865594247,210.1014457370924,2.491403094488173,2.493666412838327,12.345446553062555,12.26029441348685,2.491403094488173,2.493666412838327,40.20100502512563,38.79598662207358,0.14885854721069336,0.2082662582397461,0.001,2.5
370,98.99202810060639,99.2555735916597,0.048806578938036506,0.0479293566658146,210.17708366560177,210.10176402828765,2.4624373481501287,2.5063892232135787,12.359297004776383,12.28034076563092,2.4624373481501287,2.5063892232135787,40.03350083752093,38.79598662207358,0.1889755129814148,0.20011508464813232,0.001,2.5
371,98.48597094920812,98.98012930573428,0.048823461978629204,0.04797352170166762,210.1774441768576,210.10223934722185,2.4161231799341327,2.4919895280563713,12.397024394279748,12.26844204867564,2.4161231799341327,2.4919895280563713,40.20100502512563,38.79598662207358,0.20944452285766602,0.20654433965682983,0.001,2.5
372,98.41749230261823,99.26090125654852,0.04882555071208345,0.047912002980310384,210.1777895315608,210.1023395244892,2.459899794116891,2.501485231329366,12.25199843171853,12.29612120178631,2.459899794116891,2.501485231329366,40.117252931323286,38.79598662207358,0.17974889278411865,0.2038213014602661,0.001,2.5
373,99.7289451458546,99.26036510658902,0.04880406943397905,0.047885998921549836,210.17789946129574,210.10247021933463,2.5134966061941943,2.4881297194439433,12.353503118607666,12.336086942998064,2.5134966061941943,2.4881297194439433,40.28475711892797,38.79598662207358,0.1552504301071167,0.2104865312576294,0.001,2.5
374,99.24794739894132,99.44193061139671,0.04879664602241724,0.04794897424387294,210.1780885987146,210.1025878497988,2.485295921514182,2.501994349087361,12.3419064005815,12.330793243586818,2.485295921514182,2.501994349087361,40.117252931323286,38.79598662207358,0.16870027780532837,0.20375138521194458,0.001,2.5
375,99.124931284331,99.39685436236022,0.0488309707161869,0.04794111713318522,210.17829222814922,210.10281234281916,2.4886628019949497,2.5045351264468803,12.307196327989026,12.314157316915965,2.4886628019949497,2.5045351264468803,40.20100502512563,38.79598662207358,0.14936602115631104,0.20470553636550903,0.001,2.5
376,99.4798171460329,99.24070147766318,0.048841727307843204,0.04787805667738851,210.17846840709896,210.10304780787848,2.4946266929907615,2.506109630782469,12.360279305296727,12.278214968167818,2.4946266929907615,2.506109630782469,40.28475711892797,38.79598662207358,0.17208623886108398,0.19642317295074463,0.001,2.5
377,98.94859671792393,99.1024537612762,0.04880250026932114,0.047938645259791794,210.1786437681572,210.1031632949676,2.483032238942694,2.495954602059712,12.28882679867385,12.281018541010726,2.483032238942694,2.495954602059712,40.20100502512563,38.79598662207358,0.17158514261245728,0.20499247312545776,0.001,2.5
378,98.02022871979118,99.2617343915346,0.0488201335659079,0.04790552948480067,210.17886955734073,210.10335946481763,2.4527992006122967,2.5000947127772815,12.19384807957277,12.30046060173009,2.4527992006122967,2.5000947127772815,40.117252931323286,38.79598662207358,0.18281853199005127,0.20385116338729858,0.001,2.5
379,99.38031085092618,99.21548257783105,0.04879536474095517,0.04799661242144562,210.17896867557187,210.10341182440817,2.475766742648791,2.4943788960625892,12.396967033245655,12.308340047115466,2.475766742648791,2.4943788960625892,40.28475711892797,38.79598662207358,0.16478735208511353,0.20542699098587036,0.001,2.5
380,99.10352853235088,99.1566978122877,0.04883879672118168,0.04783616288499688,210.17897935928013,210.10339222783628,2.4505579906891737,2.5061495965938505,12.41722809489648,12.261302947998047,2.4505579906891737,2.5061495965938505,40.28475711892797,38.79598662207358,0.1743258237838745,0.2010919451713562,0.001,2.5
381,99.70013606648149,99.36959257093959,0.04880696563814553,0.04788702002486656,210.17904162127368,210.10348378057066,2.524920979536558,2.507360420099469,12.313467318089165,12.300239955302464,2.524920979536558,2.507360420099469,40.20100502512563,38.79598662207358,0.15267211198806763,0.19874095916748047,0.001,2.5
382,98.52859750105507,99.13807907869983,0.04881533151071275,0.047840642814452834,210.17915423471524,210.10354910247702,2.4448491380841686,2.5050014133836114,12.319373464664222,12.261022398703075,2.4448491380841686,2.5050014133836114,40.20100502512563,38.79598662207358,0.1727980375289917,0.20022457838058472,0.001,2.5
383,98.63981878897253,99.52516051837831,0.048805395044523664,0.04794200949595126,210.17923466923648,210.10379747881936,2.4368353916372687,2.5085076600014165,12.365660146652553,12.327899607527614,2.4368353916372687,2.5085076600014165,40.20100502512563,38.79598662207358,0.18940651416778564,0.1990557312965393,0.001,2.5
384,98.96881900959877,99.38454679661372,0.048845164047263974,0.04795720445671209,210.1794939152959,210.10408959021936,2.465292690986365,2.512753436397948,12.346080877473407,12.28703737737343,2.465292690986365,2.512753436397948,40.20100502512563,38.79598662207358,0.17965298891067505,0.19725942611694336,0.001,2.5
385,98.94710281346511,99.36569736952765,0.04880924323820189,0.04790088589175489,210.179644535135,210.10429229226,2.4726602635790953,2.4986725300052095,12.319642354495562,12.325520840775608,2.4726602635790953,2.4986725300052095,40.36850921273032,38.79598662207358,0.175362229347229,0.20485824346542358,0.001,2.5
386,98.98464035468685,99.54103723736512,0.04883289803911493,0.04795175906656977,210.17982845849528,210.10434261054098,2.4577583687588995,2.5045786151120497,12.371850555266567,12.342860129365953,2.4577583687588995,2.5045786151120497,40.117252931323286,38.79598662207358,0.18714696168899536,0.20104891061782837,0.001,2.5
387,99.15773178944036,99.53622842233715,0.04878140273355759,0.04790645380532463,210.17989621569762,210.1044560052878,2.472281580993678,2.5058479771566233,12.362909249923936,12.338099390367999,2.472281580993678,2.5058479771566233,40.117252931323286,38.79598662207358,0.1672263741493225,0.20185381174087524,0.001,2.5
388,99.43590380798034,99.390917596211,0.04878704301651,0.04793688950181805,210.18003441380895,210.1046260463753,2.4613715583954625,2.499792440280468,12.451272680132433,12.327197900982604,2.4613715583954625,2.499792440280468,40.20100502512563,38.79598662207358,0.18353110551834106,0.20204132795333862,0.001,2.5
389,98.07528275021755,99.87277349261535,0.048807052792466464,0.04791019832011449,210.1802407269502,210.10475260756886,2.4393340439053635,2.5031876524156553,12.245257035771406,12.413388784912518,2.4393340439053635,2.5031876524156553,40.117252931323286,38.79598662207358,0.19268131256103516,0.20145738124847412,0.001,2.5
390,98.12668499714965,99.3363771470494,0.048782694024007325,0.047928328224049764,210.18024238829238,210.1047002479783,2.464843857028776,2.499545972084122,12.17901288324864,12.317030702546289,2.464843857028776,2.499545972084122,40.20100502512563,38.79598662207358,0.1655745506286621,0.20273619890213013,0.001,2.5
391,99.02517665690513,99.3831660037854,0.04884719031814554,0.04789795631848051,210.18005555119348,210.1042598354378,2.4894377761949444,2.5055420167470057,12.284916489567589,12.308406545964372,2.4894377761949444,2.5055420167470057,40.36850921273032,38.79598662207358,0.16316914558410645,0.20230340957641602,0.001,2.5
392,98.80600654180326,99.55193596779303,0.0488257894364234,0.04790964414891989,210.17986288661734,210.1044624864457,2.5125139450507747,2.5053526143166533,12.171858452073293,12.342727345367738,2.5125139450507747,2.5053526143166533,40.117252931323286,38.79598662207358,0.15030044317245483,0.2021338939666748,0.001,2.5
393,98.73231488456278,99.29192089476314,0.04883186965307199,0.0479824883757427,210.18005475886105,210.10463247650046,2.4706533023061064,2.5063273284746255,12.282700827772693,12.287784652965124,2.4706533023061064,2.5063273284746255,40.20100502512563,38.79598662207358,0.16829395294189453,0.19979619979858398,0.001,2.5
394,98.66805664778155,99.21645189368206,0.048809452110299315,0.04796526557376552,210.18054375576614,210.10524711481304,2.4730409457655607,2.5056753158569336,12.26269051217953,12.274649702984354,2.4730409457655607,2.5056753158569336,40.03350083752093,38.79598662207358,0.18483567237854004,0.20546996593475342,0.001,2.5
395,99.2162165042743,99.13862676205842,0.04884152946185626,0.04786249509324198,210.18081560246708,210.10533218638952,2.490389607859217,2.50265181343691,12.320269857818756,12.268175871475883,2.490389607859217,2.50265181343691,40.20100502512563,38.79598662207358,0.1688520908355713,0.20413732528686523,0.001,2.5
396,98.99735706016247,99.38225670243585,0.04880344195032439,0.047904305870218024,210.1809578133588,210.10560903900046,2.468445314634186,2.503983098128966,12.342338411851944,12.31290024977464,2.468445314634186,2.503983098128966,40.117252931323286,38.79598662207358,0.17896223068237305,0.20550745725631714,0.001,2.5
397,97.86906227354628,99.34249551320156,0.048804073177989404,0.047912738033660675,210.18134981343894,210.10599045769428,2.419011980245261,2.4951148232488727,12.264979312967016,12.331551602851587,2.419011980245261,2.4951148232488727,40.28475711892797,38.79598662207358,0.19931906461715698,0.20897096395492554,0.001,2.5
398,97.63782944671273,99.82818465727229,0.04879143595121414,0.047863386920263935,210.18142150674433,210.105905539216,2.4250493089557694,2.5089548989681894,12.200623328561958,12.3871784273996,2.4250493089557694,2.5089548989681894,40.03350083752093,38.79598662207358,0.20510202646255493,0.20172631740570068,0.001,2.5
399,99.45302992010835,99.17501093631604,0.04878340986006623,0.04792131904674613,210.1815509636398,210.1061278888613,2.4947026806261072,2.4915134755265353,12.35470464441245,12.308855723377853,2.4947026806261072,2.4915134755265353,40.20100502512563,38.79598662207358,0.14365816116333008,0.20666247606277466,0.001,2.5
400,99.12300902195712,99.27729812673103,0.04881884618794898,0.047905893815700026,210.1816391936898,210.10613886090027,2.48195793121504,2.503000672445648,12.326927659499585,12.294855637693884,2.48195793121504,2.503000672445648,40.20100502512563,38.79598662207358,0.16320031881332397,0.20324498414993286,0.001,2.5
401,100.97762187401852,104.60973003476758,0.07348797757371986,0.0736713709191335,204.36147401640363,186.50798509272445,2.7450098008965726,2.7549050117416125,11.904924863946299,12.605194745653847,2.7450098008965726,2.7549050117416125,40.117252931323286,40.13377926421405,0.016480445861816406,0.04045194387435913,0.001,2.5
402,99.29462630944435,109.03511583207045,0.07760649854613708,0.08478541211240666,177.82054524126164,175.64069767062082,2.6057699505408207,3.018300071607864,11.990530161002972,12.70003793391097,2.6057699505408207,3.018300071607864,40.36850921273032,40.13377926421405,0.07567280530929565,-0.2120225429534912,0.001,2.5
403,98.08321665599318,104.5148262865966,0.07445120403365274,0.07579375058412552,174.76652820785242,175.1754176417322,2.568725145042841,2.8919098847685847,11.860624316549382,12.177040996360141,2.568725145042841,2.8919098847685847,40.117252931323286,38.79598662207358,0.12183403968811035,-0.09772837162017822,0.001,2.5
404,99.09473178933813,103.375065781201,0.07927330190212882,0.08008748781322236,180.18402725807587,184.56697097829354,2.5787762842785376,2.8180149255388955,12.030726301809851,12.16803737308668,2.5787762842785376,2.8180149255388955,40.117252931323286,38.79598662207358,0.12232029438018799,-0.04998910427093506,0.001,2.5
405,99.78607061440421,104.14978160028872,0.07998751309798591,0.0980285709368744,186.2914557017673,192.7077099854332,2.5748915089235034,2.645584580890311,12.179283680428611,12.835054793086737,2.5748915089235034,2.645584580890311,39.53098827470687,39.130434782608695,0.09196031093597412,0.21120953559875488,0.001,2.5
406,99.54508080155007,100.5850343736119,0.09797103839054379,0.08248999719835046,192.70196239273352,189.30636617092784,2.560076818593982,2.69113468964363,12.170651201027722,11.989243784875773,2.560076818593982,2.69113468964363,39.53098827470687,38.46153846153847,0.13763511180877686,0.0740252137184143,0.001,2.5
407,101.15890955325946,99.49494653401965,0.0845569093248353,0.08402085269374593,191.3121582491314,188.82539546290369,2.603427470429259,2.607440662224556,12.366325844871739,12.0220978810237,2.603427470429259,2.607440662224556,38.77721943048576,38.79598662207358,0.08894884586334229,0.1446446180343628,0.001,2.5
408,99.53821396308528,95.1273907562562,0.08232143412732598,0.06928978409356497,185.5050523716401,184.47189948550835,2.546363394863442,2.510596846258361,12.214987246834452,11.442935350347922,2.546363394863442,2.510596846258361,39.028475711892796,37.79264214046823,0.13649195432662964,0.2181726098060608,0.001,2.5
409,99.39812250952026,99.41911530255474,0.0759816836921414,0.06706952664963776,190.35143526674716,198.16973198217693,2.527796699373766,2.585043444681327,12.242967613578042,12.075644623874421,2.527796699373766,2.585043444681327,38.19095477386934,37.45819397993311,0.1335260272026062,0.15813201665878296,0.001,2.5
410,99.98415511497102,94.6738581577671,0.07676301956476278,0.0683610472691099,199.07656776006496,194.53711167147327,2.50385754631592,2.5426468251142214,12.430090303596739,11.254252108443142,2.50385754631592,2.5426468251142214,38.19095477386934,33.44481605351171,0.17602306604385376,0.17829996347427368,0.001,2.5
411,99.75466517667275,102.45300540477535,0.06582187076209978,0.06961995597467774,192.7688620869239,197.42828333417708,2.5062876478511487,2.5308936272177807,12.380351644864234,12.844509992312428,2.5062876478511487,2.5308936272177807,35.845896147403685,36.45484949832776,0.14720827341079712,0.24465572834014893,0.001,2.5
412,99.98796762693267,98.31727434241253,0.06851597247610938,0.06600167437839667,194.7802024854088,195.7499865273568,2.486565405799316,2.4944593794768473,12.485238124777124,12.127725754294508,2.486565405799316,2.4944593794768473,35.5108877721943,32.441471571906355,0.1680002212524414,0.20858389139175415,0.001,2.5
413,101.49110220904326,98.55191887182535,0.06451407385681143,0.054622291123189254,197.42279776057205,192.57999708500992,2.5563649256624768,2.7081558377447736,12.576738066809062,11.53647680505861,2.5563649256624768,2.7081558377447736,31.825795644891127,21.070234113712374,0.12546676397323608,0.051339805126190186,0.001,2.5
414,103.11963841423916,100.9436970586362,0.05629960196701127,0.05934217101255787,184.879244857098,185.43558525161998,2.602653618034606,2.525801070956482,12.767731005222954,12.56237992315388,2.602653618034606,2.525801070956482,27.63819095477387,21.73913043478261,0.10022413730621338,0.22018617391586304,0.001,2.5
415,103.24736598029209,100.70184836499268,0.06130983487046145,0.05658475712041392,188.89069127477393,196.25136446235172,2.5518316571636617,2.55254876015577,12.943938031667841,12.432157111407124,2.5518316571636617,2.55254876015577,25.711892797319933,18.06020066889632,0.1416875123977661,0.20721453428268433,0.001,2.5
416,103.11826443312755,105.40174222710141,0.06045268434825255,0.06648370718278215,198.37728554679322,198.55533449306935,2.5363589075941535,2.5287007065521037,12.962810374184869,13.441238113071607,2.5363589075941535,2.5287007065521037,21.85929648241206,23.076923076923077,0.1345924735069275,0.17897403240203857,0.001,2.5
417,104.59077398661194,106.21999114173711,0.06446078716710185,0.06519740925833932,198.40122001814083,196.4639803270831,2.615146408528339,2.5123953340842973,13.020143376323245,13.654479932625557,2.615146408528339,2.5123953340842973,21.775544388609717,22.40802675585284,0.09852027893066406,0.23000752925872803,0.001,2.5
418,104.97681354158487,105.94999123257539,0.06071168972394574,0.05603514961823572,194.13819499311336,195.47971734394596,2.5279391802335702,2.6642693827383495,13.360575267018586,13.146886452384617,2.5279391802335702,2.6642693827383495,21.943048576214405,18.394648829431436,0.1554274559020996,0.078269362449646,0.001,2.5
419,106.76636285318601,107.13999094373008,0.0599259828003607,0.06408878731039855,200.29006687081238,206.7137778291734,2.556034238693902,2.6606132920370453,13.633126196549766,13.391998121969676,2.556034238693902,2.6606132920370453,19.34673366834171,15.719063545150503,0.14295703172683716,0.12393689155578613,0.001,2.5
420,103.91740762528462,106.14930110153148,0.0642636590067865,0.0653951356318284,203.139535031726,204.65934610526298,2.4949917941037536,2.6295332725231466,13.24502608524495,13.287249223843068,2.4949917941037536,2.6295332725231466,20.18425460636516,15.719063545150503,0.1766001582145691,0.10867851972579956,0.001,2.5
421,106.88440827029434,112.0908930851863,0.06539721523647132,0.07038278244809562,204.0373949980616,204.9842378750294,2.529473921761441,2.7502674139462986,13.73457313901815,14.112302588778595,2.529473921761441,2.7502674139462986,18.76046901172529,17.05685618729097,0.15649068355560303,-0.0007539987564086914,0.001,2.5
422,108.08055426567243,109.57807085426356,0.07121719353812024,0.07351324296117227,206.44349695969268,205.60284913742422,2.6002828879172677,2.6993162041922476,13.759729891765856,13.761842606458377,2.6002828879172677,2.6993162041922476,18.76046901172529,15.719063545150503,0.11162465810775757,0.030045032501220703,0.001,2.5
423,107.09687838402625,106.38626828400984,0.07323512397519308,0.07150142649842745,209.1067482135204,217.45292270622124,2.5490505415790246,2.5411914343817976,13.715755454659263,13.595889113818522,2.5490505415790246,2.5411914343817976,18.341708542713565,14.381270903010032,0.13603490591049194,0.2116926908493042,0.001,2.5
424,108.69215467187827,108.65318053382695,0.06826618099132774,0.06772757436220463,211.81345844109055,205.9427117695378,2.5956082292138234,2.616394664132874,13.895590208682982,13.826717778591807,2.5956082292138234,2.616394664132874,18.090452261306535,15.384615384615385,0.10902529954910278,0.13082927465438843,0.001,2.5
425,108.31387699708667,108.75558486989509,0.06831861113258941,0.06585419214140611,206.529502906991,205.5420860877404,2.524460022173934,2.643209738874914,14.034425834515186,13.767208054711588,2.524460022173934,2.643209738874914,17.75544388609715,20.066889632107024,0.14671415090560913,0.09043145179748535,0.001,2.5
426,106.26900999749725,107.72629991103973,0.06257006791194081,0.06578540689869469,205.2182183449392,211.06304309041204,2.479356407120799,2.5246551020886985,13.76217532517323,13.915925198175437,2.479356407120799,2.5246551020886985,17.252931323283082,14.046822742474916,0.1744370460510254,0.19482773542404175,0.001,2.5
427,107.64588028541961,108.61818069917302,0.06827194475798151,0.06825495127551133,215.55586539161465,221.66018942128056,2.5113536337112863,2.5115012109877672,13.938349476212034,14.131150452987008,2.5113536337112863,2.5115012109877672,17.252931323283082,15.050167224080269,0.14479464292526245,0.21816444396972656,0.001,2.5
428,108.06968060210721,109.01624101619656,0.06508110539747443,0.06699934701457072,215.2768278649105,211.6293697293387,2.51647260840015,2.493719455789164,14.0084472828774,14.266363405463688,2.51647260840015,2.493719455789164,18.592964824120603,16.387959866220736,0.13521838188171387,0.21946191787719727,0.001,2.5
429,106.44225685720268,110.02774729138633,0.0667655105691659,0.06745568680324682,212.99624176280983,210.8706629316145,2.4724861924572408,2.5758602021131227,13.815040270487467,14.222303288437452,2.4724861924572408,2.5758602021131227,15.159128978224457,18.06020066889632,0.1608526110649109,0.14526796340942383,0.001,2.5
430,108.25103692033981,109.2065412846696,0.0636706817863974,0.06492314643435255,208.36136562021534,205.59487654772093,2.5024188539290946,2.571164141530576,14.088544443025063,14.073712680650795,2.5024188539290946,2.571164141530576,17.75544388609715,16.722408026755854,0.16203367710113525,0.14944249391555786,0.001,2.5
431,108.25120157213067,109.05418276069156,0.06122997859914099,0.059363437847648574,204.96179385800258,204.91085509233253,2.5184075932207217,2.550966820190583,14.041779374357445,14.105080658775508,2.5184075932207217,2.550966820190583,17.33668341708543,16.387959866220736,0.15989619493484497,0.19333046674728394,0.001,2.5
432,108.80510656717834,107.62798834963387,0.06126700084612797,0.06302652880549431,207.10467882012603,212.76102577643252,2.556710144982266,2.5940245696932176,14.037216561922875,13.688366347730758,2.556710144982266,2.5940245696932176,18.257956448911223,13.712374581939798,0.12368297576904297,0.16954976320266724,0.001,2.5
433,108.704577370904,109.6059672122815,0.06114510344450597,0.063745299497476,210.84770846726306,211.0542792380853,2.536608225935867,2.5368673267173127,14.076692347949873,14.255630812118683,2.536608225935867,2.5368673267173127,16.666666666666664,16.722408026755854,0.13180911540985107,0.17340034246444702,0.001,2.5
434,109.10387528002562,109.61594824647425,0.06512697929613155,0.06649227754328163,215.19907273080082,220.84559432319972,2.47131209836733,2.577152941139247,14.350773538177338,14.134263708439958,2.47131209836733,2.577152941139247,17.42043551088777,15.384615384615385,0.17168188095092773,0.1939602494239807,0.001,2.5
435,107.41486163115381,110.3460276932222,0.06636491185756185,0.06656016239952484,220.93769340579036,221.58217210036057,2.45793932207066,2.5963702799883177,14.051694112806464,14.22246675905974,2.45793932207066,2.5963702799883177,16.834170854271356,16.05351170568562,0.1855943202972412,0.1459386944770813,0.001,2.5
436,108.72300384112539,110.73217847434972,0.06464281434839095,0.06661570269028877,217.94324441012026,216.8267206300461,2.4713392339559457,2.5852240112712948,14.274065477764188,14.33407419900033,2.4713392339559457,2.5852240112712948,16.499162479061976,16.387959866220736,0.18270808458328247,0.1371327042579651,0.001,2.5
437,108.93262099580748,109.33523401368821,0.0674854256774313,0.0692193510390843,218.81014692603642,222.79654078659007,2.469942078119147,2.4920753675160996,14.31943909247317,14.332418534269301,2.469942078119147,2.4920753675160996,16.164154103852596,15.384615384615385,0.16501069068908691,0.23499935865402222,0.001,2.5
438,109.02223471381157,111.77023593558117,0.06741823558032613,0.06987367460759587,221.96823421714694,219.18554590537795,2.4870541870494183,2.6360486478709855,14.285407454524208,14.388089065169012,2.4870541870494183,2.6360486478709855,17.33668341708543,18.729096989966553,0.17434364557266235,0.10153645277023315,0.001,2.5
439,108.79814531335879,110.2171296084605,0.06689918952271767,0.06699116911776488,216.5375806083232,211.8235300121499,2.4961584560835184,2.5126877636415106,14.21446633618481,14.449599425529556,2.4961584560835184,2.5126877636415106,15.745393634840871,15.384615384615385,0.14608478546142578,0.21230900287628174,0.001,2.5
440,108.47016888846903,105.44571831234323,0.06653497116000609,0.06544467761963108,209.72910476250067,211.596507400972,2.4713049418163457,2.5735771552376123,14.224866030004556,13.313005163518083,2.4713049418163457,2.5735771552376123,18.341708542713565,13.043478260869565,0.17666387557983398,0.1663920283317566,0.001,2.5
441,108.55904632517242,111.21488916913802,0.06452762672499796,0.06781432344064266,213.24940058773686,218.56946367244657,2.5807677920739254,2.6236935204088088,13.91395045365121,14.31462027954816,2.5807677920739254,2.6236935204088088,14.74036850921273,21.070234113712374,0.11331307888031006,0.10927450656890869,0.001,2.5
442,106.6009685957252,107.36057590242214,0.06758518796570137,0.07284911644697986,223.317489061723,229.1442040791081,2.5370420019830293,2.539380523273379,13.650887133088743,13.793574349138648,2.5370420019830293,2.539380523273379,17.16917922948074,13.043478260869565,0.13147783279418945,0.1969773769378662,0.001,2.5
443,107.98861947371132,109.04955416778259,0.07437133122628657,0.0759227125341677,224.31394265844196,219.70626320727294,2.507759058695143,2.4956114507439144,14.014709868822465,14.263950344710844,2.507759058695143,2.4956114507439144,17.67169179229481,18.394648829431436,0.1355346441268921,0.19568556547164917,0.001,2.5
444,106.6253618914478,111.12541795813519,0.0709352321186457,0.07364359714813455,217.8503292984699,216.42465215064212,2.4371063835057782,2.520405383413053,13.955996256178148,14.605853776070585,2.4371063835057782,2.520405383413053,15.745393634840871,17.05685618729097,0.20445817708969116,0.19297081232070923,0.001,2.5
445,109.61706688655681,110.33409557533902,0.07512395787778212,0.07679156552888079,216.51136700551913,218.75440560535444,2.527287806298465,2.564510081524036,14.283223152160645,14.31417898350336,2.527287806298465,2.564510081524036,17.922948073701843,14.046822742474916,0.15430879592895508,0.16741108894348145,0.001,2.5
446,109.40981035855548,109.73955392997001,0.07344700166428308,0.07055592858372724,218.25628179042184,220.21066672028508,2.474427033908403,2.5989070680229163,14.400340462050446,14.093036798330454,2.474427033908403,2.5989070680229163,17.504187604690117,14.715719063545151,0.1669793725013733,0.15967535972595215,0.001,2.5
447,107.76221377885521,107.96843323978692,0.06714283758571599,0.06532687809704538,215.0806393263927,210.85678809941015,2.4694702297798554,2.540256337577284,14.087587230369273,13.91768096362468,2.4694702297798554,2.540256337577284,21.52428810720268,17.05685618729097,0.172746479511261,0.18894672393798828,0.001,2.5
448,108.98632857228444,112.5172025750712,0.06820063632437133,0.07285368983263156,213.11435368472408,217.8351965046248,2.468818451691313,2.559045270932558,14.334547026872235,14.768167237374296,2.468818451691313,2.559045270932558,15.996649916247907,16.722408026755854,0.17539334297180176,0.17503374814987183,0.001,2.5
449,109.7907206217448,112.07801936222957,0.07183555718292943,0.07337075170366261,220.34934062095144,224.76064701144114,2.491351574110226,2.5513953668217995,14.425652227609401,14.701791466677866,2.491351574110226,2.5513953668217995,16.164154103852596,15.384615384615385,0.15917092561721802,0.1893431544303894,0.001,2.5
450,108.7037014218431,111.04423956727503,0.07238865261850645,0.07180364509689369,224.41293334960938,222.751234992292,2.440009704187288,2.597223494762561,14.361350869413597,14.358267031385747,2.440009704187288,2.597223494762561,17.252931323283082,16.387959866220736,0.17980217933654785,0.14431923627853394,0.001,2.5
451,109.3795374577968,110.71315581662998,0.06914605317603004,0.07065544907863323,221.4076357383025,219.32255390894454,2.4377744030113795,2.5379246812201663,14.504473962576146,14.470860889524122,2.4377744030113795,2.5379246812201663,14.991624790619765,15.384615384615385,0.1666010618209839,0.19286972284317017,0.001,2.5
452,109.76283697387082,109.85322111506127,0.069764859862064,0.07045037760383709,218.69021082483545,221.9005071327439,2.4493549928393596,2.546776367270428,14.546811463245794,14.271844892597517,2.4493549928393596,2.546776367270428,17.001675041876048,13.377926421404682,0.15247470140457153,0.17400282621383667,0.001,2.5
453,109.03100663892788,111.34027140435566,0.0701023674565344,0.07353555961795476,221.2787016288719,221.15703432217092,2.4248441399841054,2.5080047921592175,14.473392238968382,14.685101512283785,2.4248441399841054,2.5080047921592175,14.74036850921273,16.722408026755854,0.18462634086608887,0.1977429986000061,0.001,2.5
454,109.05872719411674,110.47344317484061,0.07266786424957927,0.07331331771951057,220.61010039311958,223.13083712472564,2.4773939318792704,2.5563790965638433,14.320908228556315,14.36626278676317,2.4773939318792704,2.5563790965638433,18.67671691792295,14.046822742474916,0.1567530632019043,0.1783192753791809,0.001,2.5
455,110.15671364226732,111.26684766788547,0.07109487512253437,0.07159847265302537,223.19420855089248,223.17234557288944,2.520393210240145,2.537675840001441,14.411305071321165,14.581387771810576,2.520393210240145,2.537675840001441,14.321608040201006,15.384615384615385,0.1518712043762207,0.19471991062164307,0.001,2.5
456,109.38611273070676,111.58798386181478,0.0692362545348292,0.069529081691667,223.24620411423982,227.01580800340327,2.465147891435991,2.5864558546838152,14.423282243099244,14.49892033860835,2.465147891435991,2.5864558546838152,16.415410385259634,15.050167224080269,0.16931235790252686,0.14855265617370605,0.001,2.5
457,108.90054950043185,112.24339927239562,0.06935261912531589,0.0715863097920067,228.68215183277226,228.14513787617253,2.4287905549284203,2.5516469773640202,14.434131355541236,14.73379243576407,2.4287905549284203,2.5516469773640202,15.577889447236181,16.387959866220736,0.20050400495529175,0.16888809204101562,0.001,2.5
458,109.91522426381583,111.87851153727757,0.07104159081651137,0.07216444957914162,228.43671339281042,230.71451805905753,2.4558877397821575,2.5624644285859075,14.555486135946047,14.627732905257107,2.4558877397821575,2.5624644285859075,16.331658291457288,15.384615384615385,0.17476701736450195,0.1760689616203308,0.001,2.5
459,109.43297952623223,111.5346101741727,0.0699356104960194,0.06995103670203168,229.53218403213987,229.95119111434272,2.4729326605996493,2.5686885433452185,14.407904204811084,14.540875989856529,2.4729326605996493,2.5686885433452185,16.24790619765494,14.715719063545151,0.1644742488861084,0.17636972665786743,0.001,2.5
460,109.87917370053393,113.30237535967875,0.06945443955847566,0.0714087442909196,228.97449325996027,227.57258845810907,2.4410155586261846,2.57028983986896,14.593102164404277,14.889809547858095,2.4410155586261846,2.57028983986896,15.07537688442211,15.384615384615385,0.19544315338134766,0.17182689905166626,0.001,2.5
461,109.24382554506337,112.04443481853575,0.06996557025404232,0.06972842224963931,227.3920023549142,228.21357716844233,2.420217176178592,2.58291251204883,14.528642197549843,14.600560663535843,2.420217176178592,2.58291251204883,16.499162479061976,15.384615384615385,0.2022748589515686,0.16818326711654663,0.001,2.5
462,109.70713360145862,111.43954233022836,0.06773840201709738,0.06870144882230057,227.16065214786497,227.21505293319856,2.429707171729262,2.5623291001272044,14.59332578905064,14.541738063595366,2.429707171729262,2.5623291001272044,15.326633165829145,15.384615384615385,0.20671194791793823,0.18030667304992676,0.001,2.5
463,109.97582220591892,111.76522179032648,0.06681646898363902,0.06808822457507302,226.5738657020045,228.11465377552454,2.438012468155904,2.545473935213376,14.622448852513504,14.657381663753037,2.438012468155904,2.545473935213376,15.41038525963149,14.715719063545151,0.2167608141899109,0.19548726081848145,0.001,2.5
464,110.78389074175402,112.6259694179165,0.06776903126657109,0.06973960332846561,228.50694494710694,229.60801962147588,2.44249588999916,2.572706316625793,14.770035492914605,14.747205992606172,2.44249588999916,2.572706316625793,15.159128978224457,15.719063545150503,0.18939077854156494,0.17122173309326172,0.001,2.5
465,110.8989537301375,111.932170804129,0.06866304970766032,0.06935918037109949,229.9154800849544,231.17358546432445,2.489889057437379,2.557317972980614,14.650407863022695,14.654372336473752,2.489889057437379,2.557317972980614,15.494137353433835,14.715719063545151,0.16127777099609375,0.1860142946243286,0.001,2.5
466,110.08667720622154,111.40934967755474,0.06757235493342481,0.06758422419478662,230.54177145902037,230.72754784013117,2.402423661757554,2.556905162773005,14.750441600729273,14.551491785208915,2.402423661757554,2.556905162773005,15.661641541038525,15.719063545150503,0.21160829067230225,0.17841428518295288,0.001,2.5
467,111.21764073459747,111.97732640907518,0.06621387305121924,0.06747324677514392,230.08629277163814,231.21002666766827,2.468524187254147,2.5603210750630865,14.77869526625079,14.654765808462697,2.468524187254147,2.5603210750630865,15.829145728643216,14.715719063545151,0.17284202575683594,0.18088680505752563,0.001,2.5
468,109.43882761688488,112.89198364461943,0.06705675482550258,0.06831074907229497,232.18435786517222,233.42073074391854,2.392221903681156,2.597387671071949,14.651251310479502,14.72588806726462,2.392221903681156,2.597387671071949,14.74036850921273,15.050167224080269,0.19987237453460693,0.13626903295516968,0.001,2.5
469,111.06216981462897,112.4827593034725,0.06757168813766147,0.06893778425395289,232.19029583443748,232.03734412560095,2.4632559417679882,2.6050034039794,14.762713159149017,14.621346119654218,2.4632559417679882,2.6050034039794,15.07537688442211,15.719063545150503,0.18591290712356567,0.14566516876220703,0.001,2.5
470,110.98310821379849,112.74721006565669,0.06686655426993841,0.06882579539930542,231.28538229477465,232.70938360411986,2.4708267184757506,2.5593178359959836,14.72451129830263,14.81118134591093,2.4708267184757506,2.5593178359959836,15.577889447236181,14.715719063545151,0.17875641584396362,0.1778663992881775,0.001,2.5
471,111.09382601279509,112.23914355019662,0.06822084008998408,0.06943773787256866,232.75329778981168,233.64533838380538,2.433211403675814,2.552825911786644,14.858936247514121,14.728734647948606,2.433211403675814,2.552825911786644,15.159128978224457,14.381270903010032,0.19932138919830322,0.18403929471969604,0.001,2.5
472,109.58447160832647,112.0424045830666,0.06796668426225733,0.0685761900849167,233.1060649418152,233.60003294673652,2.406447845088377,2.585216415366999,14.637336197410596,14.592395836692988,2.406447845088377,2.585216415366999,15.242881072026801,15.384615384615385,0.2048235535621643,0.1527312994003296,0.001,2.5
473,110.50143023671417,111.85210145676017,0.06691736900177434,0.06786318848464003,233.17974181311016,234.22056023332985,2.4479471247399873,2.554504846649425,14.696425254221138,14.646488218403181,2.4479471247399873,2.554504846649425,15.326633165829145,14.715719063545151,0.20368868112564087,0.17909055948257446,0.001,2.5
474,110.29267687773584,112.02051072136614,0.06664425496579814,0.06762060530508641,233.8436161724966,234.19779784543857,2.4445592522421475,2.5527053214235846,14.664760321228947,14.68562323911533,2.4445592522421475,2.5527053214235846,15.242881072026801,15.384615384615385,0.19785678386688232,0.1830464005470276,0.001,2.5
475,109.08408745489328,112.48752101528206,0.06651366608126878,0.0677512417170515,233.8531297591064,234.58711650937695,2.4093176200361905,2.5693726491768625,14.528791579369525,14.728919817053754,2.4093176200361905,2.5693726491768625,15.41038525963149,15.384615384615385,0.19389218091964722,0.17318683862686157,0.001,2.5
476,110.60760866098069,112.3346405794788,0.06632457661069617,0.06724765054557634,234.33587649040285,235.12959279344233,2.4609956821205228,2.57398659170272,14.678402886318802,14.684492800148035,2.4609956821205228,2.57398659170272,15.242881072026801,15.050167224080269,0.17762839794158936,0.162134051322937,0.001,2.5
477,110.57549827741818,112.14890587848166,0.06574408092241191,0.0667250093608397,234.69835280733093,235.47092276991012,2.426563101198206,2.570641671534765,14.775321701663223,14.657416448943989,2.426563101198206,2.570641671534765,15.745393634840871,14.715719063545151,0.1936248540878296,0.16622138023376465,0.001,2.5
478,110.00742627627885,112.7640318599433,0.06592805511388347,0.06749761901970293,235.14066282748377,235.84078688605572,2.410567867096944,2.585151070336434,14.70956782400109,14.736685622097259,2.410567867096944,2.585151070336434,15.07537688442211,15.050167224080269,0.21042412519454956,0.15679997205734253,0.001,2.5
479,109.348639163939,112.20033072787383,0.06610563119102762,0.0671238261072532,235.23860510949115,236.09977497623916,2.4277459305135447,2.5836713999808834,14.526221302486144,14.628406977573764,2.4277459305135447,2.5836713999808834,15.07537688442211,15.050167224080269,0.19414234161376953,0.1583939790725708,0.001,2.5
480,109.2414885477804,111.67694017799403,0.06580024195126752,0.0668049908700994,235.94748080715263,236.59323752923154,2.3610729723919177,2.5623972790695753,14.704728888506866,14.587516315804676,2.3610729723919177,2.5623972790695753,15.242881072026801,15.050167224080269,0.2341158390045166,0.17173802852630615,0.001,2.5
481,110.67376731987575,111.96003677215066,0.06529263312143696,0.06595923826347626,235.8640239721966,236.57998284687565,2.415005876790339,2.544327908136374,14.829504637662291,14.698516380029378,2.415005876790339,2.544327908136374,15.326633165829145,14.381270903010032,0.19622802734375,0.18510210514068604,0.001,2.5
482,109.2396592694511,112.17272719571423,0.06467666277284398,0.0657503672292998,236.3960315953547,237.08888913157793,2.3932259993337506,2.5550577784063027,14.608039434231705,14.708803929612788,2.3932259993337506,2.5550577784063027,14.656616415410383,14.381270903010032,0.2173783779144287,0.16980129480361938,0.001,2.5
483,111.0323835337781,112.15569665200734,0.06477986096437253,0.06615302417688944,236.7963246356702,237.51821761625666,2.4495311845686767,2.552253542137784,14.797567792473926,14.713644620965555,2.4495311845686767,2.552253542137784,15.159128978224457,15.384615384615385,0.18931472301483154,0.17288225889205933,0.001,2.5
484,109.88797329338752,112.05839727395355,0.06498060877149428,0.06596968265680167,237.1359925389889,237.70420189286554,2.4146116734349747,2.5591690053907925,14.673336076976067,14.673438202975984,2.4146116734349747,2.5591690053907925,15.242881072026801,14.381270903010032,0.20630788803100586,0.17014926671981812,0.001,2.5
485,110.31168407651049,112.40791706097963,0.06454699903327217,0.06581017644110332,236.89256861701082,237.25290743722564,2.4277960024087673,2.5584335638129194,14.718661068671912,14.745669393635115,2.4277960024087673,2.5584335638129194,14.90787269681742,15.050167224080269,0.20434337854385376,0.169281005859375,0.001,2.5
486,110.8080698521293,112.6308641720775,0.06481670908991816,0.06605939646827735,237.08689882927004,237.91276529879872,2.407332112042349,2.5595869388069996,14.879236984891907,14.786616991993576,2.407332112042349,2.5595869388069996,15.07537688442211,14.715719063545151,0.21378743648529053,0.1722007393836975,0.001,2.5
487,110.2843530805067,112.6914603447037,0.06483379787635964,0.06593012986673559,237.37510568692258,237.60645541698239,2.3768399129161484,2.5568469647181074,14.865909173860024,14.80704377726169,2.3768399129161484,2.5568469647181074,14.824120603015075,15.050167224080269,0.22871160507202148,0.174224853515625,0.001,2.5
488,110.56820642928183,112.3314002812108,0.06477288189195908,0.0660453240159762,236.99342504657892,237.82145558232847,2.42270951734316,2.563666551806855,14.785159670128495,14.714507699411449,2.42270951734316,2.563666551806855,15.07537688442211,15.384615384615385,0.1993246078491211,0.16049301624298096,0.001,2.5
489,110.23401615008638,112.30596148130488,0.06506390285551847,0.06626570100170315,237.61028866152867,238.69932944001164,2.4046112676361697,2.5468525551633294,14.772434554108024,14.759641918450296,2.4046112676361697,2.5468525551633294,15.494137353433835,15.050167224080269,0.20595473051071167,0.17748844623565674,0.001,2.5
490,110.03237258169919,111.84764446143721,0.06490150926450589,0.06580134526044629,238.4656898332401,239.4887294195169,2.380025565724077,2.5347360368556404,14.805724437911707,14.704262640962632,2.380025565724077,2.5347360368556404,15.07537688442211,14.381270903010032,0.2216821312904358,0.186998188495636,0.001,2.5
491,110.1653980913274,112.36515782589099,0.06449379842460055,0.06575839453217976,239.15524404452273,239.69072062514698,2.4232302602611395,2.550885872697352,14.702659559010261,14.759283499574183,2.4232302602611395,2.550885872697352,15.07537688442211,14.715719063545151,0.195961594581604,0.17713427543640137,0.001,2.5
492,111.17408872569226,112.87033925646523,0.06471206586015484,0.06593905202421456,239.05545153849488,239.48173548465587,2.4697123320657806,2.564265785408658,14.76492655576773,14.820186318362436,2.4697123320657806,2.564265785408658,15.07537688442211,15.384615384615385,0.17408353090286255,0.16124814748764038,0.001,2.5
493,109.84251835757564,112.48761425209683,0.06471897481973447,0.06573434876757721,239.0479664762615,239.62684529282177,2.4108130085208708,2.561823310660678,14.675311039041235,14.750980648308694,2.4108130085208708,2.561823310660678,15.242881072026801,14.715719063545151,0.20987582206726074,0.16679054498672485,0.001,2.5
494,110.85793308277226,112.22609871446488,0.06434794693835816,0.06527088398120076,239.10597338908082,239.58174296605546,2.4289154331488425,2.5560231232722868,14.82414879790902,14.716179235324413,2.4289154331488425,2.5560231232722868,15.159128978224457,14.381270903010032,0.21072381734848022,0.1709093451499939,0.001,2.5
495,109.96142728923753,112.19611547463714,0.0641342266345743,0.06520478498427365,238.99579440169597,239.47179466426172,2.372419450750303,2.5648288256348577,14.814401185692255,14.683802221929747,2.372419450750303,2.5648288256348577,14.90787269681742,14.381270903010032,0.21829164028167725,0.16194862127304077,0.001,2.5
496,110.65268286828021,111.95897845520224,0.06405375340026827,0.06522463782874238,239.06511758519977,239.71620785512255,2.411187118421647,2.5626786297380324,14.836351653439316,14.642771456153895,2.411187118421647,2.5626786297380324,14.90787269681742,15.050167224080269,0.20601320266723633,0.16459500789642334,0.001,2.5
497,110.58713957053332,112.47991739228418,0.06410935094308613,0.06523606890071196,239.2690847578959,239.7908463494036,2.4186585280963127,2.5686975227151825,14.800776460861641,14.728885258320583,2.4186585280963127,2.5686975227151825,15.07537688442211,14.715719063545151,0.21363615989685059,0.1659206748008728,0.001,2.5
498,110.88886778558319,112.39396744029578,0.06408446394468671,0.06514277398885293,239.30096969732287,239.90535804978182,2.3704021743793584,2.5640612366207467,15.005889739223461,14.725600261752023,2.3704021743793584,2.5640612366207467,15.242881072026801,14.715719063545151,0.20459425449371338,0.16959047317504883,0.001,2.5
499,109.93774454957077,112.60595833258485,0.06395132087757639,0.06519788061346497,239.52766778840493,240.2006383277102,2.385605662711701,2.555942251530778,14.770035815598378,14.792284774142365,2.385605662711701,2.555942251530778,14.991624790619765,14.381270903010032,0.21722722053527832,0.17893552780151367,0.001,2.5
500,110.91310895347915,112.16797375120845,0.06410116238060908,0.06528153656717128,239.77336902714254,240.31119325567647,2.441944536052557,2.5546758039340527,14.796012977459522,14.708448706661978,2.441944536052557,2.5546758039340527,15.159128978224457,15.050167224080269,0.19119852781295776,0.17771029472351074,0.001,2.5
501,110.37067744320561,112.128338383193,0.0641172117798572,0.06514267361782068,239.86044165836506,240.3878351422058,2.4221590883168744,2.5530725833165606,14.74686226932647,14.705343705754615,2.4221590883168744,2.5530725833165606,15.07537688442211,14.715719063545151,0.2112492322921753,0.1781761646270752,0.001,2.5
502,110.09271265793485,112.55816925967417,0.06405241476680765,0.06518560772556126,239.81733368788932,240.26260120812867,2.3921985135006545,2.5589381755395078,14.781173528738357,14.773729407269022,2.3921985135006545,2.5589381755395078,14.991624790619765,14.715719063545151,0.21758121252059937,0.17084139585494995,0.001,2.5
503,109.71614470873246,112.55820202269283,0.06406840476109155,0.06527171695112784,239.6970070945957,240.20964642272745,2.3741481292187867,2.5550149786831144,14.760031601092724,14.785498532961842,2.3741481292187867,2.5550149786831144,14.90787269681742,15.050167224080269,0.22533506155014038,0.1728663444519043,0.001,2.5
504,109.71716244695973,112.67984544632826,0.06416858689020227,0.06526416810509753,239.71928515665894,240.29144766817126,2.3874163975068674,2.562851106841429,14.72040603707983,14.786304706713826,2.3874163975068674,2.562851106841429,15.159128978224457,14.715719063545151,0.20136409997940063,0.16677254438400269,0.001,2.5
505,110.18389734111639,112.4979667025665,0.06415089077536185,0.06527441595509698,239.87018292553262,240.45502551024575,2.386795160558755,2.5557972683157013,14.815589415967166,14.771055696800003,2.386795160558755,2.5557972683157013,14.991624790619765,14.715719063545151,0.2066783905029297,0.1706271767616272,0.001,2.5
506,110.76841206766254,112.63035147166173,0.06411674868321698,0.06521071459985896,239.99867823615145,240.56703609606893,2.42788105753798,2.5675192246070275,14.809216411469171,14.762356917594985,2.42788105753798,2.5675192246070275,15.07537688442211,15.050167224080269,0.20939671993255615,0.16337132453918457,0.001,2.5
507,110.298346195189,112.16903528321946,0.06410010517192646,0.06528745817151357,240.10080012284732,240.65699400630683,2.390615483624252,2.5590809053401884,14.82698275695494,14.695375165014363,2.390615483624252,2.5590809053401884,15.159128978224457,14.715719063545151,0.2251850962638855,0.1702359914779663,0.001,2.5
508,108.92237915345771,112.53971770934038,0.06414139459230991,0.0652201746568632,240.17019206035877,240.69512959866222,2.360025311235207,2.5628738323581657,14.643537308902197,14.758138758681689,2.360025311235207,2.5628738323581657,14.991624790619765,15.050167224080269,0.20908427238464355,0.16827183961868286,0.001,2.5
509,111.37405883686826,112.08878698955013,0.06404723425456627,0.0650584551452793,240.11954742380522,240.6018136321103,2.419180280199802,2.5504812357019024,14.956437519846649,14.705181890506807,2.419180280199802,2.5504812357019024,14.90787269681742,15.050167224080269,0.19929003715515137,0.174626886844635,0.001,2.5
510,110.6755404576185,112.11814510383734,0.06390759902982855,0.06505771723878025,240.1560849903816,240.71398736960114,2.4451779296849443,2.556321713438002,14.738761441791477,14.693508766965325,2.4451779296849443,2.556321713438002,14.90787269681742,15.050167224080269,0.1951238512992859,0.1711100935935974,0.001,2.5
511,110.76374292932763,112.3638228604626,0.06400638567892152,0.0652210261286501,240.29490426477275,240.8334877754135,2.433899613481071,2.563334016895613,14.790189452307109,14.721551295506915,2.433899613481071,2.563334016895613,14.90787269681742,14.715719063545151,0.2049541473388672,0.16685634851455688,0.001,2.5
512,109.41850854563754,112.2516560634243,0.06400705157612237,0.06513749444265429,240.3266464821258,240.8380922043204,2.3606341440274288,2.5481123724908734,14.740932097187393,14.744798931389749,2.3606341440274288,2.5481123724908734,15.07537688442211,14.715719063545151,0.2329273819923401,0.17816948890686035,0.001,2.5
513,110.03872050631985,112.20941470857449,0.06399774361695078,0.06515253373860914,240.32846268697,240.86158293146752,2.4001193609668983,2.548727844072425,14.746520339544094,14.734495615879428,2.4001193609668983,2.548727844072425,14.90787269681742,14.715719063545151,0.22041702270507812,0.17893660068511963,0.001,2.5
514,110.0919357120891,112.09159815351302,0.06401558294018708,0.06524491827174972,240.4557160037247,241.05407740360118,2.3666786161100046,2.5591015847630327,14.857457025166932,14.67975503864097,2.3666786161100046,2.5591015847630327,14.991624790619765,14.715719063545151,0.21640527248382568,0.17395329475402832,0.001,2.5
515,109.69514069165817,112.35732501486073,0.0641006288716142,0.06530378615626922,240.56535283125424,241.0366709017036,2.430646901154638,2.5588647410223717,14.586154554357481,14.7336032478307,2.430646901154638,2.5588647410223717,14.991624790619765,14.715719063545151,0.19120746850967407,0.17047500610351562,0.001,2.5
516,110.71762033842717,112.62957421752522,0.06414916049345853,0.06527047575666355,240.51161280748633,240.97568616580006,2.3982804093129273,2.5810773468336534,14.887751090466677,14.72143346091178,2.3982804093129273,2.5810773468336534,14.90787269681742,14.381270903010032,0.2105615735054016,0.15786206722259521,0.001,2.5
517,109.11341262382878,112.60177673543974,0.06418653337949484,0.06535837259828844,240.45683848318743,240.92373049936964,2.35654291156149,2.5727257226223132,14.692124762926468,14.740922258051741,2.35654291156149,2.5727257226223132,14.90787269681742,14.381270903010032,0.22649085521697998,0.16248071193695068,0.001,2.5
518,109.78647847391254,112.5295519621476,0.06423857609056548,0.0654138050798987,240.4104509465459,240.85456123479634,2.4055089531232365,2.567142868520424,14.679838755621981,14.743227952300106,2.4055089531232365,2.567142868520424,14.991624790619765,14.715719063545151,0.21761322021484375,0.16329580545425415,0.001,2.5
519,110.20325059746978,112.35301976538821,0.06420844898151992,0.06536393429473492,240.27423261837345,240.7055093516474,2.4118048118386834,2.5664316778597622,14.744339358267473,14.710095485317268,2.4118048118386834,2.5664316778597622,14.991624790619765,14.715719063545151,0.19093406200408936,0.1652953028678894,0.001,2.5
520,110.25084163595484,112.51944449434312,0.06415749660738349,0.06523841935954365,240.21915442180793,240.73179810182705,2.3648108777089334,2.5733962912224606,14.894860401824491,14.722506657093264,2.3648108777089334,2.5733962912224606,14.991624790619765,14.715719063545151,0.2208501100540161,0.1616145372390747,0.001,2.5
521,111.38213361168228,112.49396803227556,0.0640853532594652,0.0652059801172054,240.28177360394093,240.83910255049383,2.4069808224337783,2.564624398847089,14.994611101134538,14.7437122019637,2.4069808224337783,2.564624398847089,15.07537688442211,14.381270903010032,0.21960878372192383,0.16946947574615479,0.001,2.5
522,109.97990685851131,112.1128798775051,0.06402360127499356,0.06517950619841897,240.33394307147717,240.8434240028611,2.3977530541731484,2.5620822826755485,14.741850645298534,14.675124324683761,2.3977530541731484,2.5620822826755485,15.159128978224457,14.715719063545151,0.21388089656829834,0.16854912042617798,0.001,2.5
523,109.6218559226798,112.30995734479515,0.06404595433342797,0.06521162009458478,240.3546010437523,240.85904272583417,2.3936466000587298,2.5582581164446165,14.682551484611166,14.726003860550183,2.3936466000587298,2.5582581164446165,14.991624790619765,14.715719063545151,0.21628046035766602,0.17197251319885254,0.001,2.5
524,109.82452892258739,112.1493815801614,0.06403372672634508,0.06516038038359837,240.36753679080624,240.8879923740757,2.4002654732172215,2.5638109457532696,14.703229747625253,14.677233284532425,2.4002654732172215,2.5638109457532696,14.991624790619765,14.715719063545151,0.19534850120544434,0.16819268465042114,0.001,2.5
525,109.38001152818127,112.53273239901233,0.06400113471688537,0.06507692643033222,240.38771034125708,240.86247130939395,2.394478767960515,2.5615427135225124,14.631688102006512,14.760730807199128,2.394478767960515,2.5615427135225124,14.991624790619765,14.381270903010032,0.20867222547531128,0.1674361228942871,0.001,2.5
526,110.33611298885377,112.01417245514018,0.0639509871489738,0.06506407096433799,240.35088556695425,240.83159425665303,2.432548612805467,2.5593193693703236,14.70871656983342,14.663696662239406,2.432548612805467,2.5593193693703236,14.991624790619765,14.715719063545151,0.1949530839920044,0.1704363226890564,0.001,2.5
527,109.62900140656897,112.48318542684599,0.06389834170215693,0.06507544167165373,240.31105907957757,240.80473633833154,2.3664265405792286,2.5581545853694547,14.765678573493382,14.760996719666547,2.3664265405792286,2.5581545853694547,14.90787269681742,14.715719063545151,0.24011635780334473,0.16787636280059814,0.001,2.5
528,110.89982500188115,112.72759545367697,0.06392687579095863,0.06507842850724989,240.2950297855652,240.78920217660757,2.43117443840308,2.5696194785893165,14.825597090537425,14.775487791335703,2.43117443840308,2.5696194785893165,14.991624790619765,14.715719063545151,0.19664889574050903,0.16377407312393188,0.001,2.5
529,109.37298724559484,112.63524579204444,0.06391714108948732,0.06503808779959695,240.28786298537773,240.78650912791989,2.3501463609324826,2.5637009733895395,14.76331725352174,14.774780949621297,2.3501463609324826,2.5637009733895395,14.90787269681742,14.715719063545151,0.228926420211792,0.1703311800956726,0.001,2.5
530,111.36926346208583,112.58702970268735,0.06386008152310772,0.0649536780414972,240.28250300984087,240.78560115342157,2.419302224713554,2.563950592060153,14.955117327883416,14.764406293530927,2.419302224713554,2.563950592060153,14.991624790619765,15.050167224080269,0.20620018243789673,0.16662436723709106,0.001,2.5
531,109.95507344768275,112.57901980805158,0.0638681715931525,0.0649688087005081,240.29896918573172,240.832828279323,2.369589442583784,2.5688701226161075,14.821413330896016,14.748033214173589,2.369589442583784,2.5688701226161075,14.90787269681742,14.381270903010032,0.23817896842956543,0.16352427005767822,0.001,2.5
532,109.49810589098651,112.2369526126313,0.06379440157257732,0.06502360631291285,240.357591408581,240.88539812477137,2.3575599604914936,2.559463868571763,14.766111030450817,14.707817804853255,2.3575599604914936,2.559463868571763,14.90787269681742,14.381270903010032,0.21799755096435547,0.1730356216430664,0.001,2.5
533,109.04523783672595,112.46505650549031,0.06376958577277472,0.06490749566750383,240.3940441700282,240.90999896709735,2.357968112332138,2.56071191567641,14.674310620306326,14.749711706486833,2.357968112332138,2.56071191567641,14.991624790619765,14.715719063545151,0.23066496849060059,0.1723751425743103,0.001,2.5
534,108.80768444629969,112.93772826944307,0.06373182176245716,0.0649841526977992,240.4193664499663,240.9403732452903,2.35652616335519,2.582246302760963,14.631128394224337,14.77962164416361,2.35652616335519,2.582246302760963,15.07537688442211,14.381270903010032,0.23512345552444458,0.1606372594833374,0.001,2.5
535,111.08492224100647,112.88823615747152,0.06379935009345737,0.06499744994086167,240.4351216991942,240.93562842531747,2.42746945282123,2.5732006388763122,14.873729060443003,14.796858053940992,2.42746945282123,2.5732006388763122,14.991624790619765,14.715719063545151,0.1997808814048767,0.15832257270812988,0.001,2.5
536,110.73889279006114,112.61194559562963,0.06377352009117104,0.06496762783332015,240.4393442943068,240.94139864612183,2.415850544295319,2.5830477543897854,14.839384737126592,14.712063441707139,2.415850544295319,2.5830477543897854,14.991624790619765,15.050167224080269,0.19375908374786377,0.15720635652542114,0.001,2.5
537,109.59530433897596,112.57711600619415,0.0637723781929743,0.06488799914269144,240.4440335221027,240.95428094257878,2.351981684989865,2.5763519711319023,14.802272122509315,14.725198745727539,2.351981684989865,2.5763519711319023,14.991624790619765,14.715719063545151,0.2201683521270752,0.1586754322052002,0.001,2.5
538,108.91409979074245,112.4757191074333,0.0637525962275676,0.0649092458811492,240.4603473145758,240.97475201150647,2.358653326929115,2.5771110448550223,14.64601784455317,14.702633634458817,2.358653326929115,2.5771110448550223,15.07537688442211,14.715719063545151,0.22262835502624512,0.15769565105438232,0.001,2.5
539,109.79160299892202,112.4652827336238,0.06374476088750702,0.0648801972011858,240.48120592586957,240.9902364673423,2.3843604020736926,2.567432349342168,14.7443941490135,14.72958524251064,2.3843604020736926,2.567432349342168,14.991624790619765,14.715719063545151,0.19940531253814697,0.16288363933563232,0.001,2.5
540,109.84763157267867,112.60567931108251,0.06374035385036389,0.06499791556477148,240.48815851515062,240.98984244356188,2.390558909331534,2.57296693604128,14.737003959004005,14.741037831258614,2.390558909331534,2.57296693604128,14.991624790619765,15.050167224080269,0.21194666624069214,0.1564670205116272,0.001,2.5
541,109.47945934404281,112.40894003775607,0.06376828473541804,0.06485808624521545,240.48960781896133,240.9981376622433,2.3463467257705766,2.574948959924704,14.796000154773195,14.695770123331842,2.3463467257705766,2.574948959924704,14.824120603015075,15.050167224080269,0.24253195524215698,0.15699130296707153,0.001,2.5
542,110.522485883192,112.256244672182,0.06376044509598558,0.06483115331833578,240.50831138828093,241.01919739381924,2.420997250619246,2.5689800989667706,14.780651181986185,14.683139099325224,2.420997250619246,2.5689800989667706,14.90787269681742,14.715719063545151,0.20063525438308716,0.16152572631835938,0.001,2.5
543,109.7125476728532,112.30844310135348,0.0637311642143994,0.06492445490830719,240.51835527531864,241.01970159728393,2.3979387614794914,2.5758416309803227,14.687843469718793,14.6729754412852,2.3979387614794914,2.5758416309803227,15.159128978224457,15.050167224080269,0.22099614143371582,0.1571863889694214,0.001,2.5
544,109.82426897365244,112.42996802696815,0.06373065470451086,0.06481799411036099,240.52029590191353,241.02471219576321,2.352066184607782,2.5723670892492185,14.847804873033585,14.707723639880534,2.352066184607782,2.5723670892492185,15.07537688442211,14.715719063545151,0.22887533903121948,0.16266793012619019,0.001,2.5
545,110.0161957605001,112.56283002872532,0.06378560971275246,0.0649379453556394,240.53407816671248,241.04557060318248,2.3910810010916426,2.5703234536990673,14.769132433624524,14.740399099113949,2.3910810010916426,2.5703234536990673,15.07537688442211,14.715719063545151,0.19769436120986938,0.16262251138687134,0.001,2.5
546,110.11540628557829,112.70681696352752,0.06377857929747707,0.06498379264039339,240.54876448281448,241.05668686066184,2.383729808494274,2.572073265860312,14.81102667382015,14.763935404876403,2.383729808494274,2.572073265860312,15.07537688442211,14.715719063545151,0.2181260585784912,0.16245311498641968,0.001,2.5
547,109.95451301306336,112.67453423949787,0.06381104644419161,0.06502293526229252,240.5556235001914,241.05618265719716,2.409607387667325,2.5757052699060345,14.701207247211705,14.74657474632646,2.409607387667325,2.5757052699060345,14.90787269681742,14.715719063545151,0.2067258358001709,0.16010820865631104,0.001,2.5
548,109.75490890835198,112.66717090415317,0.06376788298438742,0.06492483124984148,240.55565621585302,241.05442218078818,2.400282752374109,2.580919035302357,14.689267970010064,14.729480552035431,2.400282752374109,2.580919035302357,14.991624790619765,14.715719063545151,0.2168331742286682,0.159309983253479,0.001,2.5
549,109.56812397559085,112.1721131697945,0.06376204603481132,0.06493568108931035,240.55827582022252,241.06251301334854,2.378457500307604,2.5646237888463763,14.717388165855727,14.679351497254643,2.378457500307604,2.5646237888463763,15.07537688442211,14.715719063545151,0.2270500659942627,0.16629821062088013,0.001,2.5
550,109.33616441378442,112.3296793551748,0.06376956621656066,0.06496713583335828,240.55675364738732,241.05366276259406,2.3576277843871507,2.5697102451005507,14.73348439598403,14.695600570244933,2.3576277843871507,2.5697102451005507,14.991624790619765,14.715719063545151,0.23555970191955566,0.1624140739440918,0.001,2.5
551,108.46980438999195,112.12178021689323,0.06385388436229585,0.06493520450133544,240.55459428592343,241.05357621106813,2.3363063850594523,2.559615302644047,14.624160025387354,14.684312555702235,2.3363063850594523,2.559615302644047,14.991624790619765,14.381270903010032,0.24526304006576538,0.1702045202255249,0.001,2.5
552,110.3326166558705,112.05539583442203,0.06379621001693671,0.06491105496434862,240.5502742850401,241.04539193756204,2.4224208479550615,2.5534362625517573,14.738391401779712,14.689578879238372,2.4224208479550615,2.5534362625517573,14.824120603015075,14.715719063545151,0.19446992874145508,0.1746882200241089,0.001,2.5
553,109.72496756037675,112.09259783384394,0.06380265473171295,0.06494499050255205,240.54452363849686,241.04423915901313,2.3710265826539976,2.5608735738390664,14.771044675229582,14.674701569471072,2.3710265826539976,2.5608735738390664,14.90787269681742,14.715719063545151,0.23219901323318481,0.17148882150650024,0.001,2.5
554,110.31509573216015,112.41786290809861,0.06380503013155968,0.0648469967786285,240.54514710188312,241.04869702189265,2.386259992318337,2.5616239656174065,14.843369464778421,14.737521870080444,2.386259992318337,2.5616239656174065,14.90787269681742,14.715719063545151,0.22092366218566895,0.17083483934402466,0.001,2.5
555,109.13617416202922,112.51950073242188,0.06378861056200823,0.06487213015356989,240.5530126114786,241.05924099823304,2.372687180437634,2.571349010818379,14.648304996778018,14.72866709017036,2.372687180437634,2.571349010818379,15.07537688442211,14.715719063545151,0.21196013689041138,0.15974432229995728,0.001,2.5
556,109.35541898641155,112.42449073408758,0.06377654137024329,0.06490468867995268,240.56176550783704,241.06870598936558,2.3822073604992684,2.572804528335265,14.663594273067199,14.705289971469636,2.3822073604992684,2.572804528335265,14.90787269681742,14.715719063545151,0.2239033579826355,0.15747272968292236,0.001,2.5
557,110.43936837098906,112.61040703508766,0.0638129040099668,0.06497989228636923,240.57473757438723,241.081005542972,2.411376426767065,2.5717247951788247,14.79286645924426,14.74569575523453,2.411376426767065,2.5717247951788247,14.991624790619765,14.715719063545151,0.19968795776367188,0.1617637276649475,0.001,2.5
558,110.85224886435759,112.66960031770942,0.06380850681957088,0.06499968780622035,240.58432622810506,241.0919307338753,2.4411391560955464,2.5711372735907,14.786153916338181,14.759289977542533,2.4411391560955464,2.5711372735907,14.90787269681742,14.715719063545151,0.1717357635498047,0.16127938032150269,0.001,2.5
559,109.295378284039,112.1614870817765,0.06380133436902284,0.06491281129544395,240.59452707364133,241.0966955076492,2.3547040349874067,2.5708128385320554,14.734084645308043,14.658656541320392,2.3547040349874067,2.5708128385320554,14.824120603015075,14.715719063545151,0.23420023918151855,0.15987956523895264,0.001,2.5
560,109.3142285243151,112.31363154892938,0.06378905813348552,0.0649400706649026,240.59678923384828,241.09615297859727,2.370187449095836,2.566523170790146,14.691406654153438,14.701948583724109,2.370187449095836,2.566523170790146,14.991624790619765,14.715719063545151,0.21991479396820068,0.16661018133163452,0.001,2.5
561,109.22537308122645,112.71335134857075,0.06378253408312998,0.06500097965964904,240.59701849907088,241.09612684983475,2.3703395535598446,2.5718004065612488,14.673180243078388,14.766049547737657,2.3703395535598446,2.5718004065612488,14.90787269681742,14.715719063545151,0.21943879127502441,0.1624012589454651,0.001,2.5
562,110.33362206182687,112.44938532086121,0.0637731157318132,0.0649088960028811,240.59349492007564,241.0913009388391,2.393418043302731,2.565864731236844,14.825597192773866,14.731082160337314,2.393418043302731,2.565864731236844,14.991624790619765,14.715719063545151,0.2118251919746399,0.16353058815002441,0.001,2.5
563,109.17897588324108,112.44679762926388,0.06382134550530308,0.06499774511093678,240.59168809542504,241.09284850665958,2.3654863698598327,2.565634969086153,14.67845340549846,14.731236145249179,2.3654863698598327,2.565634969086153,14.824120603015075,14.381270903010032,0.2364700436592102,0.16664695739746094,0.001,2.5
564,110.57841961986855,112.27987897994127,0.06382251356165214,0.06494941098933237,240.59293402539225,241.09326952675912,2.4062765966508057,2.57507869790629,14.835970990422183,14.669531946596893,2.4062765966508057,2.57507869790629,14.74036850921273,14.715719063545151,0.21628934144973755,0.1614099144935608,0.001,2.5
565,110.16289536877093,112.46864663318647,0.06380537683939815,0.06497811057595505,240.5935866772829,241.09427232008713,2.3797718899533575,2.5763118394641173,14.83238358873019,14.70357936042607,2.3797718899533575,2.5763118394641173,14.90787269681742,14.715719063545151,0.22106200456619263,0.1600733995437622,0.001,2.5
566,109.29217572747363,112.54267495451963,0.06378552975317142,0.06492055870318493,240.59433594261182,241.09612036867685,2.3612734101325823,2.57380181172221,14.713738983000942,14.725927177480232,2.3612734101325823,2.57380181172221,15.07537688442211,14.715719063545151,0.23261147737503052,0.16066640615463257,0.001,2.5
567,110.21694686864089,112.59470803761562,0.06382023610511617,0.0649961275001832,240.596272709781,241.09509170174996,2.3794930732030566,2.5558642727076806,14.844026389832871,14.790130066632427,2.3794930732030566,2.5558642727076806,14.991624790619765,14.381270903010032,0.21354901790618896,0.16967040300369263,0.001,2.5
568,109.46863282425718,111.97154909472003,0.0637668041103649,0.06489343868948544,240.5939227029107,241.0924895934038,2.3896106124123935,2.5620672296122167,14.664022720439151,14.646910128386125,2.3896106124123935,2.5620672296122167,15.07537688442211,14.715719063545151,0.20541125535964966,0.16812700033187866,0.001,2.5
569,109.9123298862272,112.22539392681824,0.06381495598971944,0.06492555195023383,240.59064778850305,241.0885373118729,2.391629665141529,2.5648400129681845,14.746695783669425,14.689355394114619,2.391629665141529,2.5648400129681845,14.824120603015075,14.381270903010032,0.20305085182189941,0.1716206669807434,0.001,2.5
570,110.0851470589438,112.30253269361413,0.0637769616728452,0.06487620407621995,240.58912323867057,241.0907087549318,2.3729545742622773,2.562645456862689,14.837292637657281,14.711376984382554,2.3729545742622773,2.562645456862689,14.991624790619765,14.715719063545151,0.21735572814941406,0.16710251569747925,0.001,2.5
571,110.3109751945764,112.44262725932144,0.06378345945272813,0.06497138931749258,240.59203682393084,241.09369131234976,2.3794213830925512,2.566419513727909,14.86305539851612,14.72805486315469,2.3794213830925512,2.566419513727909,14.90787269681742,14.715719063545151,0.23489153385162354,0.16802579164505005,0.001,2.5
572,110.32944112806464,112.18889809292695,0.06379215414300436,0.06489395564515456,240.59470706089857,241.09670790860486,2.3748989516566548,2.562374815095627,14.880313801406016,14.689457038573199,2.3748989516566548,2.562374815095627,14.824120603015075,14.715719063545151,0.2321069836616516,0.16790920495986938,0.001,2.5
573,110.46067045841185,112.08020984050023,0.06380447385274186,0.06491265449685396,240.59632487592586,241.09609577089648,2.388210382892858,2.5541757373108114,14.866622689980359,14.69231235542425,2.388210382892858,2.5541757373108114,14.824120603015075,14.381270903010032,0.20256322622299194,0.16973012685775757,0.001,2.5
574,110.04701148565091,112.41561417595598,0.06382504675905509,0.0649560793710991,240.5971976939957,241.098269051134,2.4155655797801825,2.569813591979419,14.701821038072033,14.712471336824041,2.4155655797801825,2.569813591979419,14.991624790619765,14.715719063545151,0.1989780068397522,0.15986472368240356,0.001,2.5
575,110.96693054914874,112.30077305924533,0.06380156402661773,0.06494827784074589,240.5983385248999,241.0989028777566,2.4542972825879428,2.559283187158132,14.7696145279723,14.721095735811469,2.4542972825879428,2.559283187158132,14.90787269681742,14.715719063545151,0.19966143369674683,0.16714715957641602,0.001,2.5
576,109.60969244415436,112.49837976155871,0.06381181130182603,0.06497711184929844,240.5989320841267,241.09965510033445,2.3508515146309805,2.55949655504131,14.808501722824634,14.759970620324381,2.3508515146309805,2.55949655504131,14.991624790619765,14.715719063545151,0.23727160692214966,0.16832804679870605,0.001,2.5
577,109.47558995028038,112.61493761962075,0.06376890456257155,0.06497743565053446,240.5994673941403,241.09942647366222,2.378306567768755,2.569361248941326,14.699324671746897,14.753688234947996,2.378306567768755,2.569361248941326,14.991624790619765,15.050167224080269,0.2209199070930481,0.165946364402771,0.001,2.5
578,108.40512808283769,112.09166646083462,0.06377726357111979,0.06498493909536796,240.599702691313,241.09974022294367,2.3404802864720073,2.559356228563698,14.598709577691416,14.679048429763437,2.3404802864720073,2.559356228563698,15.159128978224457,14.381270903010032,0.24367332458496094,0.17043536901474,0.001,2.5
579,109.98073913983164,112.40563806642258,0.06379362895860145,0.0650049169052604,240.5982843651444,241.09736219935593,2.3927212719941258,2.5728588877713,14.757105683561546,14.701330631472993,2.3927212719941258,2.5728588877713,14.824120603015075,14.381270903010032,0.2170701026916504,0.1629992127418518,0.001,2.5
580,111.47807102427011,111.9461786786848,0.06380728432531133,0.06496768067263839,240.597713527967,241.09817142550364,2.4388283205591454,2.560049933334657,14.918248296383037,14.647872666451445,2.4388283205591454,2.560049933334657,14.991624790619765,14.715719063545151,0.1947508454322815,0.1690918207168579,0.001,2.5
581,109.83411073924309,112.03290305249268,0.06383154375269584,0.06494698100365125,240.5975681988638,241.09802950345554,2.391220797246425,2.5623288983884067,14.732274146535289,14.658385155591677,2.391220797246425,2.5623288983884067,14.991624790619765,14.715719063545151,0.2119320034980774,0.16610848903656006,0.001,2.5
582,109.37567096499342,112.12128369385582,0.06382163596562604,0.06495949456524291,240.59725014129077,241.09774178087113,2.352013444581024,2.558776907298876,14.758209632669063,14.686714867684355,2.352013444581024,2.558776907298876,14.90787269681742,14.715719063545151,0.23963743448257446,0.16937655210494995,0.001,2.5
583,109.91503274939967,112.01926526736256,0.06380049785727032,0.06496693836805414,240.59718023712313,241.097604757966,2.3919177977883037,2.559247414802628,14.746373566351144,14.664898476871759,2.3919177977883037,2.559247414802628,14.90787269681742,14.715719063545151,0.21611297130584717,0.1751808524131775,0.001,2.5
584,109.31230255587018,111.81563836037115,0.06383997688640901,0.06488336165463646,240.5978740391819,241.0998018704928,2.3703202274776185,2.5553979148035464,14.69061232970987,14.635736318734976,2.3703202274776185,2.5553979148035464,14.991624790619765,15.050167224080269,0.22273772954940796,0.17255473136901855,0.001,2.5
585,109.65775331021153,111.99797359198631,0.06380521931016266,0.0648849834267511,240.59980104277082,241.0995514018081,2.387651211452644,2.55625844240986,14.707715665475408,14.66962297624569,2.387651211452644,2.55625844240986,14.90787269681742,14.381270903010032,0.21239256858825684,0.17253243923187256,0.001,2.5
586,109.29149363148751,112.12181892522601,0.06379251969569492,0.06494939086778108,240.59950660181605,241.10009204264867,2.3742739567205535,2.5673883351992606,14.674598002154225,14.660988948018256,2.3742739567205535,2.5673883351992606,14.991624790619765,14.715719063545151,0.22007977962493896,0.1652536392211914,0.001,2.5
587,109.18258493190235,111.86736004169171,0.06380300006674762,0.06498859217234679,240.5999163143599,241.10069994463967,2.3566783860300853,2.5654844472240845,14.705601211368938,14.615800666171173,2.3566783860300853,2.5654844472240845,15.07537688442211,15.050167224080269,0.2337099313735962,0.1649957299232483,0.001,2.5
588,109.39684546133581,111.99807029902736,0.06380301849975857,0.06489468236332355,240.60032111955448,241.10134091584578,2.369510567567656,2.5676559708190205,14.709956903952849,14.63544705559976,2.369510567567656,2.5676559708190205,14.90787269681742,14.715719063545151,0.21866625547409058,0.16492843627929688,0.001,2.5
589,109.12903028836402,112.11109158825316,0.06380678509897124,0.06486335353159585,240.60103447433292,241.10195330871787,2.365171348629285,2.56478764699853,14.66941052984752,14.666662161964238,2.365171348629285,2.56478764699853,14.991624790619765,15.050167224080269,0.2169477343559265,0.16666102409362793,0.001,2.5
590,110.38712745295896,111.90438434511523,0.06383350512739801,0.06486029146756217,240.60236175894937,241.10327663868168,2.406538562758684,2.554989920810712,14.79692243770938,14.654714061265008,2.406538562758684,2.554989920810712,14.991624790619765,15.050167224080269,0.2104196548461914,0.1705217957496643,0.001,2.5
591,110.08889889357677,111.54455614887353,0.06382880302479918,0.06491584877754533,240.6020781039393,241.1023263070097,2.4021058809417775,2.547886054252701,14.750576043248776,14.604049239270264,2.4021058809417775,2.547886054252701,15.07537688442211,14.715719063545151,0.20449990034103394,0.17680656909942627,0.001,2.5
592,110.63243606541823,112.06673464567766,0.06376169071574907,0.06489337284279906,240.60246069826673,241.10313711517233,2.4155456892010356,2.5454125149194216,14.818976985349927,14.71591080949458,2.4155456892010356,2.5454125149194216,14.991624790619765,14.715719063545151,0.19843870401382446,0.1803531050682068,0.001,2.5
593,109.46682982069363,112.00403449527396,0.06383453243391797,0.06491814895118758,240.60228566947694,241.10244194719704,2.3863032594997082,2.5487919069054135,14.673568712806382,14.69322714917237,2.3863032594997082,2.5487919069054135,14.90787269681742,14.715719063545151,0.2142525315284729,0.17725211381912231,0.001,2.5
594,109.5653884606545,112.17157145726641,0.06380749451405239,0.06495501853550557,240.60177832113038,241.10184894676593,2.384018218697016,2.553429310138409,14.70014092590741,14.712814873277543,2.384018218697016,2.553429310138409,14.824120603015075,14.381270903010032,0.22435367107391357,0.1728876233100891,0.001,2.5
595,109.59942338135174,112.29294109025528,0.06375064543593469,0.06498505758202594,240.601274934446,241.10170712678328,2.411627678415883,2.5567231385604194,14.624131434327195,14.7272005719086,2.411627678415883,2.5567231385604194,14.824120603015075,15.050167224080269,0.20980465412139893,0.1728450059890747,0.001,2.5
596,109.08522795352904,112.19629937111334,0.0638111507648,0.06498289328803586,240.60108065964587,241.10130815282713,2.3575579944367786,2.553678848272981,14.6834892164323,14.717006967219222,2.3575579944367786,2.553678848272981,15.07537688442211,14.715719063545151,0.22790402173995972,0.1730993390083313,0.001,2.5
597,109.7025031468377,111.98776752892944,0.06378760444658685,0.06496868904268861,240.60096495355194,241.10163506855534,2.38133325568795,2.5565846125816423,14.735623314951733,14.666585954136673,2.38133325568795,2.5565846125816423,14.991624790619765,15.050167224080269,0.21236902475357056,0.17468786239624023,0.001,2.5
598,108.72764316475771,112.04122092971036,0.06381206567612924,0.06493887946906696,240.60105538168546,241.10177882778206,2.372445972720582,2.561448125137533,14.567308486606208,14.66269151821583,2.372445972720582,2.561448125137533,14.824120603015075,15.050167224080269,0.23303735256195068,0.17176103591918945,0.001,2.5
599,109.3996922734195,111.61219022106566,0.06380692538703905,0.06492429589198584,240.60156436581508,241.10212345187082,2.3711829197466674,2.552137529570921,14.705508278442588,14.604819843202929,2.3711829197466674,2.552137529570921,14.991624790619765,15.050167224080269,0.2264452576637268,0.17983245849609375,0.001,2.5
600,110.23226945324359,111.74278529750862,0.06378316981608743,0.06492025428840946,240.60155288977438,241.10205159777382,2.42692941477151,2.5557626107065974,14.704788741554248,14.620064786445337,2.42692941477151,2.5557626107065974,15.07537688442211,15.050167224080269,0.2001996636390686,0.17730265855789185,0.001,2.5
601,109.64691877764473,111.37931119478665,0.06383997515168421,0.06492076861519479,240.60177517735977,241.10226083200513,2.3886009868065914,2.5404075531656525,14.702692039847573,14.593435271527856,2.3886009868065914,2.5404075531656525,14.991624790619765,14.715719063545151,0.22295260429382324,0.18309617042541504,0.001,2.5
602,109.98932797225875,111.94614111858866,0.06381455275980472,0.06496624871590066,240.6016577076872,241.10218254778297,2.4153026192631555,2.5557316250625663,14.69107423715256,14.660819672421868,2.4153026192631555,2.5557316250625663,15.07537688442211,14.381270903010032,0.20601588487625122,0.1735890507698059,0.001,2.5
603,109.94080664604353,111.90687234425624,0.06378593602821456,0.06489073680744921,240.60174588661897,241.10231758041127,2.426733009579593,2.5507639634569355,14.647084771288899,14.667884412019148,2.426733009579593,2.5507639634569355,14.991624790619765,14.381270903010032,0.19760668277740479,0.17885363101959229,0.001,2.5
604,108.8967441066825,111.71533537389443,0.06381412961175494,0.06495535354998996,240.60195705599122,241.1025549847147,2.3526932258701803,2.544662483559803,14.66038583471148,14.647868529610012,2.3526932258701803,2.544662483559803,14.824120603015075,14.715719063545151,0.23220759630203247,0.17735528945922852,0.001,2.5
605,109.31989396956298,111.86154243698886,0.06377810692817122,0.06494593494462728,240.60245717110945,241.10313282842222,2.4067904142478804,2.5443112004959465,14.582731764520233,14.678164647973102,2.4067904142478804,2.5443112004959465,15.159128978224457,14.381270903010032,0.21562200784683228,0.18076008558273315,0.001,2.5
606,108.91506589956619,111.77191366240332,0.06378902636555771,0.06494920187470905,240.60251475578576,241.10303903024732,2.3993197805318403,2.566866751897295,14.52417565190812,14.59257215161786,2.3993197805318403,2.566866751897295,15.07537688442211,14.715719063545151,0.21110087633132935,0.16707122325897217,0.001,2.5
607,110.10164063420127,111.78069629477817,0.06380964308927208,0.06492907094168025,240.60255043630426,241.10312394872557,2.3973595548914104,2.545987881944331,14.767366859781083,14.656969969886601,2.3973595548914104,2.545987881944331,14.991624790619765,14.715719063545151,0.21199095249176025,0.17764675617218018,0.001,2.5
608,109.5069973177247,111.91513829566165,0.06378199326083489,0.06501967812511435,240.60280917118143,241.1036143733506,2.4045052176943575,2.548296119855798,14.62700707389282,14.676915006095351,2.4045052176943575,2.548296119855798,15.07537688442211,14.715719063545151,0.2089989185333252,0.17718714475631714,0.001,2.5
609,109.57387863491448,111.49869499078962,0.06380058741399791,0.06492773758677337,240.60326248756806,241.10387168042237,2.4046918698890725,2.5457101107441065,14.639819113253749,14.601402483656255,2.4046918698890725,2.5457101107441065,14.991624790619765,15.050167224080269,0.19821786880493164,0.1765003204345703,0.001,2.5
610,109.7181981788009,111.75504234084318,0.0637894928879674,0.06483956975831236,240.60342575916692,241.10405692926616,2.3798415736736764,2.5593851138915507,14.74323688999093,14.61166410860808,2.3798415736736764,2.5593851138915507,15.07537688442211,15.050167224080269,0.2097577452659607,0.17117929458618164,0.001,2.5
611,109.60607548494835,111.70622962773045,0.06381561419921904,0.06497499304371933,240.6035552416215,241.10384106077876,2.395178476969401,2.5498885095717516,14.6747953328655,14.630364504147533,2.395178476969401,2.5498885095717516,14.90787269681742,14.715719063545151,0.21033203601837158,0.17468076944351196,0.001,2.5
612,108.89577597868902,112.0858975413651,0.06380996562328371,0.06497493238004554,240.6035035866589,241.10409403006767,2.364939181249545,2.5539166337271597,14.623455018853422,14.69421305066367,2.364939181249545,2.5539166337271597,14.824120603015075,15.050167224080269,0.22836202383041382,0.17252326011657715,0.001,2.5
613,108.09262708603238,111.70053396575825,0.06378950224799328,0.06491908665285462,240.60347841093488,241.10386729160678,2.306601327468003,2.556569391269748,14.63784289559727,14.609195176574298,2.306601327468003,2.556569391269748,14.90787269681742,14.715719063545151,0.2611173391342163,0.16991549730300903,0.001,2.5
614,109.00854970142869,112.16657371903742,0.0638085906354826,0.06488111432031246,240.60305136931402,241.10348362747243,2.350690943511886,2.5620484990021057,14.68875469514473,14.685971697038632,2.350690943511886,2.5620484990021057,14.90787269681742,14.715719063545151,0.25211238861083984,0.16843903064727783,0.001,2.5
615,109.0838034292761,112.47837696904722,0.06379770946812191,0.0649861910545507,240.60309558657545,241.10382585302244,2.4223124956964845,2.5754928142330717,14.488942703809371,14.707979655186069,2.4223124956964845,2.5754928142330717,14.90787269681742,14.715719063545151,0.19981497526168823,0.16187506914138794,0.001,2.5
616,109.46634946276794,112.30871066600582,0.06384999379266047,0.06495604909532844,240.60344707546523,241.10386075941616,2.369533875879131,2.571534635231248,14.723777544158986,14.685926357639275,2.369533875879131,2.571534635231248,14.991624790619765,14.381270903010032,0.22197365760803223,0.16221380233764648,0.001,2.5
617,109.48022938892869,112.13522961466607,0.06379070636540202,0.06490621439190612,240.60351352915293,241.10393276661136,2.3917083824100205,2.5641578846551902,14.660042197261024,14.673370527184527,2.3917083824100205,2.5641578846551902,15.07537688442211,14.715719063545151,0.20385557413101196,0.16357123851776123,0.001,2.5
618,110.5491220164339,112.28536339188898,0.06377772426535336,0.06491901673202131,240.60354834066163,241.10391087356618,2.456401468721067,2.580459836334688,14.679743899372555,14.654489016453159,2.456401468721067,2.580459836334688,15.159128978224457,14.715719063545151,0.18673348426818848,0.1582837700843811,0.001,2.5
619,108.83538031138767,111.82144971356344,0.06378998780869559,0.06499062408771004,240.6034242511794,241.10401773612236,2.350487704253077,2.5590714786363686,14.65473425687857,14.625856801418955,2.350487704253077,2.5590714786363686,14.991624790619765,14.715719063545151,0.22291594743728638,0.16888457536697388,0.001,2.5
620,108.09850074857523,112.180218852882,0.0637775432299729,0.06486968048240828,240.60370062184293,241.10418568486753,2.371595710565896,2.5610863006234568,14.444036942231197,14.691589964672076,2.371595710565896,2.5610863006234568,14.90787269681742,14.715719063545151,0.23305010795593262,0.16696780920028687,0.001,2.5
621,109.89380133291785,112.16591708078033,0.06377779791003696,0.0649814630755812,240.60388296053836,241.10439711350662,2.380590191238889,2.5589896141486026,14.776112816840959,14.69499786721424,2.380590191238889,2.5589896141486026,15.159128978224457,14.715719063545151,0.224409818649292,0.174075186252594,0.001,2.5
622,109.10195953522495,111.89113119374151,0.06378693534201713,0.06487298466539303,240.60406678166223,241.10441466876895,2.3888410495553583,2.5505566716592845,14.592990586106701,14.665361598981264,2.3888410495553583,2.5505566716592845,14.90787269681742,14.715719063545151,0.22356188297271729,0.17409038543701172,0.001,2.5
623,109.06343367431232,111.66476499117337,0.06379747375771029,0.06498033078667712,240.60405727367305,241.1043775169347,2.3829117180714054,2.5489922925381356,14.60307119679411,14.624758092057347,2.3829117180714054,2.5489922925381356,14.90787269681742,14.715719063545151,0.24088221788406372,0.1777133345603943,0.001,2.5
624,108.87700674801415,111.83600713417283,0.06381557625991416,0.06497683773521197,240.60406210434496,241.10457368678473,2.362001274498663,2.550260818124216,14.628513674839857,14.655203401444348,2.362001274498663,2.550260818124216,14.991624790619765,15.050167224080269,0.21765851974487305,0.17420613765716553,0.001,2.5
625,111.66403055111168,111.63656955578654,0.06380224119328973,0.06487204244104915,240.60436814913598,241.10490279692073,2.445260885772194,2.5477953355846594,14.936142295249542,14.622732545221131,2.445260885772194,2.5477953355846594,14.991624790619765,14.715719063545151,0.19258999824523926,0.1776951551437378,0.001,2.5
626,109.85481070513701,111.8186766965732,0.06382004185337917,0.06490992142952805,240.6046394335365,241.1051949083207,2.4091514179255293,2.5465745678713487,14.68262274341168,14.662809515477822,2.4091514179255293,2.5465745678713487,14.991624790619765,14.715719063545151,0.20308774709701538,0.1739148497581482,0.001,2.5
627,108.63569439196307,111.89778652637699,0.06383539033644962,0.06489536377996905,240.6048646093014,241.1052146069581,2.362121774123941,2.555897986211107,14.579885620168305,14.650662935697115,2.362121774123941,2.555897986211107,14.90787269681742,14.715719063545151,0.21874970197677612,0.17054182291030884,0.001,2.5
628,109.74327665038244,111.96502165012934,0.06383947785974947,0.06495577098185003,240.6049799831269,241.10537357394114,2.3758552629544307,2.5670972667808916,14.76020085831583,14.63050044898604,2.3758552629544307,2.5670972667808916,14.90787269681742,14.715719063545151,0.22000116109848022,0.1640452742576599,0.001,2.5
629,109.24205422201747,111.48445552966268,0.0638003752908515,0.0649204788274789,240.60508940167963,241.1058399111132,2.3501961790337234,2.5570634240689487,14.73694101969401,14.564495131323568,2.3501961790337234,2.5570634240689487,15.07537688442211,14.715719063545151,0.22993206977844238,0.17321628332138062,0.001,2.5
630,108.88238829544042,111.65586921921542,0.06379514030325951,0.06496199729998774,240.605288353797,241.10538653625693,2.362356232238974,2.5488744762828914,14.628528689219923,14.62333715241091,2.362356232238974,2.5488744762828914,14.991624790619765,14.715719063545151,0.21499836444854736,0.17677628993988037,0.001,2.5
631,108.80957487480126,111.79184370774489,0.06380947061519526,0.06497967324179152,240.60506816205867,241.10543659937423,2.3570478102270283,2.5461767254067107,14.629888389178456,14.658622154822716,2.3570478102270283,2.5461767254067107,14.824120603015075,14.715719063545151,0.23062211275100708,0.17812615633010864,0.001,2.5
632,109.89497671973965,111.66548605826388,0.06378583441577365,0.06490607427613791,240.60521106304634,241.10581378235068,2.4077816592588697,2.5490714634541285,14.694772228324034,14.624680184201653,2.4077816592588697,2.5490714634541285,15.07537688442211,15.050167224080269,0.20538723468780518,0.1775578260421753,0.001,2.5
633,108.56911908122562,111.87335077496277,0.06380024732057772,0.064897295548565,240.60551291614323,241.10596422686623,2.3783102362998565,2.560551166534424,14.518011591542306,14.631816407908564,2.3783102362998565,2.560551166534424,15.07537688442211,14.381270903010032,0.21301531791687012,0.17316818237304688,0.001,2.5
634,110.651016682636,111.5641265409846,0.06378404650731102,0.06488349944054084,240.60560717814332,241.1061123238758,2.4202196326487426,2.550394823718629,14.808666655765705,14.600442366456507,2.4202196326487426,2.550394823718629,14.991624790619765,14.715719063545151,0.18831568956375122,0.1769760251045227,0.001,2.5
635,109.33457044540738,111.96240308372472,0.06379586384573974,0.0649714813284252,240.60582069895375,241.10639346323683,2.391576868804855,2.556201814409084,14.631302863908573,14.66265868183761,2.391576868804855,2.556201814409084,14.824120603015075,14.715719063545151,0.21307212114334106,0.17505043745040894,0.001,2.5
636,109.74820319452078,111.535611053773,0.06380091206961541,0.06491310873308707,240.60610706322956,241.1069340020119,2.390717699699466,2.539092906741394,14.716606207229384,14.628639272224145,2.390717699699466,2.539092906741394,14.90787269681742,14.381270903010032,0.22584617137908936,0.17936456203460693,0.001,2.5
637,109.65887711874804,111.78779061103744,0.06379313277738977,0.0649719108830527,240.60659680134887,241.10705831776494,2.4337304836541565,2.5554948993351148,14.569703737894693,14.629857522588111,2.4337304836541565,2.5554948993351148,15.07537688442211,14.715719063545151,0.18602979183197021,0.17091500759124756,0.001,2.5
638,109.67842441986953,111.9241957648542,0.06380190610436338,0.06494156445647561,240.6064788971714,241.10657871208062,2.3816711215717308,2.5612526657589303,14.729789791394717,14.6398719258133,2.3816711215717308,2.5612526657589303,14.991624790619765,14.715719063545151,0.20380985736846924,0.16705739498138428,0.001,2.5
639,109.10652878855541,111.77073934803839,0.06379258739364208,0.06497304418114914,240.6063654402792,241.10722172459631,2.392157551830937,2.553803781203203,14.583953074674112,14.631520207510345,2.392157551830937,2.553803781203203,14.90787269681742,14.381270903010032,0.22582024335861206,0.17001867294311523,0.001,2.5
640,109.76672677658311,111.6241641857951,0.06380494968525728,0.06498325776844519,240.60687894837142,241.10739171465104,2.395209907087649,2.55395802446831,14.706833561461176,14.601739637827793,2.395209907087649,2.55395802446831,14.90787269681742,14.715719063545151,0.21349632740020752,0.17252421379089355,0.001,2.5
641,108.49786989093825,111.73255425392584,0.06381211704395125,0.06494131512366809,240.60703669920238,241.10779722079783,2.3266214597564647,2.5521523856797743,14.65882558359373,14.628843642397468,2.3266214597564647,2.5521523856797743,15.07537688442211,14.381270903010032,0.2475023865699768,0.17205071449279785,0.001,2.5
642,108.25963264094725,111.62982116495088,0.06380287831153103,0.06497771292924881,240.60736393249613,241.10785182582893,2.350065799614093,2.561902625903637,14.540847276722765,14.579039369538476,2.350065799614093,2.561902625903637,14.991624790619765,14.715719063545151,0.2360903024673462,0.16868805885314941,0.001,2.5
643,109.3496976306091,111.85303387594064,0.06381159634571179,0.06497841897766327,240.607346807892,241.10786494124295,2.368808866545583,2.5748898496595913,14.702628832166917,14.584720066159864,2.368808866545583,2.5748898496595913,14.90787269681742,15.050167224080269,0.2184586524963379,0.1581282615661621,0.001,2.5
644,108.80070677075155,111.67668871417094,0.06378930109479719,0.06486996051459806,240.60724758742444,241.10745086159594,2.3707346744473456,2.558344165617008,14.587057897992668,14.599109480612254,2.3707346744473456,2.558344165617008,14.90787269681742,14.715719063545151,0.21320044994354248,0.1686776876449585,0.001,2.5
645,109.16367467883444,111.967951796924,0.06380320580011636,0.06489056247881424,240.60699774711776,241.10791740289898,2.37731951325383,2.5615923213320833,14.639894416783523,14.64761321919419,2.37731951325383,2.5615923213320833,14.991624790619765,14.715719063545151,0.2185261845588684,0.16906321048736572,0.001,2.5
646,108.59718790485631,111.58884126286841,0.06376311997922023,0.06493573273254877,240.6074945651107,241.1079804793648,2.3901319371995013,2.5523511334805185,14.488167821861792,14.599506263350165,2.3901319371995013,2.5523511334805185,14.991624790619765,14.715719063545151,0.2093316912651062,0.1730363368988037,0.001,2.5
647,109.9892082917231,111.7492754881996,0.06381863943446221,0.06494465307098966,240.6076573766456,241.10822492618624,2.416617961385142,2.548087101716262,14.687102444008168,14.644382983944487,2.416617961385142,2.548087101716262,14.90787269681742,14.381270903010032,0.20556598901748657,0.17737960815429688,0.001,2.5
648,110.09145213371545,111.20373177927074,0.06383443559509026,0.0649402101452534,240.60785367061544,241.10848003885022,2.3980167487158845,2.543329159950333,14.763351659279573,14.549549526992848,2.3980167487158845,2.543329159950333,14.90787269681742,14.715719063545151,0.21599870920181274,0.17408686876296997,0.001,2.5
649,109.41771722279202,111.49258698428355,0.06379515244633309,0.0650085882598341,240.60808268024695,241.10868498633138,2.364646123282274,2.556440709027957,14.728724599483623,14.5679717111747,2.364646123282274,2.556440709027957,15.07537688442211,14.715719063545151,0.22700828313827515,0.17231053113937378,0.001,2.5
650,108.79637639286929,111.26577774098884,0.06378392960058785,0.06495438043937635,240.60822703810393,241.10871769831732,2.342690331252975,2.557424345941448,14.670325395849282,14.519669890005055,2.342690331252975,2.557424345941448,14.90787269681742,14.381270903010032,0.23432326316833496,0.17090868949890137,0.001,2.5
651,108.74936967399252,111.54644461539279,0.06382143614779365,0.06489977427449913,240.60823807963973,241.10868911998327,2.3563582114438515,2.5571031825598265,14.619912907905515,14.576777598530951,2.3563582114438515,2.5571031825598265,15.159128978224457,14.715719063545151,0.22787600755691528,0.1733573079109192,0.001,2.5
652,108.89392469396543,111.83311712462766,0.06380312904166416,0.06491387903341482,240.6082192425752,241.10873719282372,2.3735755915617824,2.55574176781951,14.597175746706862,14.638192792401266,2.3735755915617824,2.55574176781951,14.90787269681742,14.715719063545151,0.21117544174194336,0.16955417394638062,0.001,2.5
653,110.19489859576201,111.60780997898267,0.0638365977922676,0.06492294748640778,240.60828262916962,241.10878740903925,2.4231561082891084,2.5531734750422346,14.708622149686319,14.600834725293826,2.4231561082891084,2.5531734750422346,14.991624790619765,14.381270903010032,0.20560568571090698,0.17111867666244507,0.001,2.5
654,107.77001148013014,111.36457268450172,0.06381199158216441,0.06495664840607739,240.6084754215413,241.10897704669864,2.3061864272234227,2.549009019315841,14.574558520037526,14.564674246670013,2.3061864272234227,2.549009019315841,14.90787269681742,14.381270903010032,0.2468256950378418,0.17082202434539795,0.001,2.5
655,109.32842253360717,111.01979093009413,0.06382313732625651,0.06491341345934167,240.6085980285951,241.10912090799084,2.420755611991563,2.544622402924758,14.542531393680541,14.508886672182625,2.420755611991563,2.544622402924758,15.07537688442211,14.715719063545151,0.189581036567688,0.18025654554367065,0.001,2.5
656,108.41464248733904,111.35590712123093,0.06378235961848767,0.06483218199682475,240.60876229699932,241.10924093699376,2.3506882881599056,2.545774258897456,14.569985860955576,14.572670624008945,2.3506882881599056,2.545774258897456,14.991624790619765,14.715719063545151,0.2318766713142395,0.17452341318130493,0.001,2.5
657,109.23872104561708,111.35504089151338,0.0637891222933429,0.06491097561192752,240.6088598561247,241.10925400137504,2.3664035389770817,2.5505247546677605,14.68765387063849,14.558229746228477,2.3664035389770817,2.5505247546677605,14.90787269681742,14.381270903010032,0.23346590995788574,0.17387574911117554,0.001,2.5
658,108.67503396550215,111.4612351484522,0.0638068321487013,0.06496832294258784,240.6089538369746,241.10945905092169,2.353122838178472,2.553592559884623,14.614754694390736,14.570255002050496,2.353122838178472,2.553592559884623,14.991624790619765,15.050167224080269,0.23621028661727905,0.17459195852279663,0.001,2.5
659,107.48650946689011,111.40258406316956,0.06378428181212152,0.06495914438795486,240.6091298625697,241.10980336881403,2.335861948866341,2.545984819979971,14.428837568516307,14.581347602665623,2.335861948866341,2.545984819979971,14.991624790619765,14.715719063545151,0.2381213903427124,0.17524218559265137,0.001,2.5
660,108.92148449512781,111.9139497686788,0.06382143962972328,0.06487350589455569,240.60944786902448,241.10986425087205,2.3806331778690843,2.555340474265874,14.581511463951227,14.655572065142884,2.3806331778690843,2.555340474265874,15.07537688442211,14.715719063545151,0.22069811820983887,0.17695492506027222,0.001,2.5
661,108.95334677640318,111.78025427470638,0.06385299179646838,0.06497604154473961,240.60946596487483,241.10985776971415,2.3465665992180904,2.544172818046748,14.690077177843257,14.66231538141053,2.3465665992180904,2.544172818046748,14.991624790619765,14.381270903010032,0.23604530096054077,0.1785874366760254,0.001,2.5
662,109.65694505445522,111.87509839112144,0.06382905923990748,0.06488759800741904,240.6095123802198,241.1100408751829,2.4070419210884437,2.5535096268988773,14.649375366006465,14.653291536414105,2.4070419210884437,2.5535096268988773,14.991624790619765,14.715719063545151,0.19905275106430054,0.17276239395141602,0.001,2.5
663,109.14900716145833,111.79563582302336,0.06379002336431389,0.06486476633859717,240.60964999047155,241.11024362825628,2.354475382784104,2.5573870290481926,14.70549500367949,14.625770753841337,2.354475382784104,2.5573870290481926,14.991624790619765,15.050167224080269,0.23877424001693726,0.16962838172912598,0.001,2.5
664,109.6759704640962,111.91251447288488,0.06382225473821662,0.06487568619857265,240.60970394575415,241.1101694266533,2.3856163412282614,2.570700159838367,14.717458796860585,14.609205711645426,2.3856163412282614,2.570700159838367,14.824120603015075,14.715719063545151,0.2129005789756775,0.16189557313919067,0.001,2.5
665,109.06931048062579,111.80515978248621,0.06378718043741469,0.06499526084067431,240.6098627700678,241.11034809227374,2.406937768111876,2.565066861468414,14.532169271753462,14.604610334670664,2.406937768111876,2.565066861468414,15.07537688442211,14.715719063545151,0.20501375198364258,0.16146540641784668,0.001,2.5
666,109.50424493377533,111.73802424912469,0.06378687991818391,0.0648778363887881,240.61015473178884,241.11123544954535,2.3971270891889254,2.5599016146516322,14.648588094279994,14.606702909820454,2.3971270891889254,2.5599016146516322,14.824120603015075,15.050167224080269,0.20877790451049805,0.17224711179733276,0.001,2.5
667,108.89406070677279,112.00514274775783,0.06379430888336109,0.0649181823292903,240.6109480099063,241.11139890740947,2.392808781197323,2.560270291905738,14.539505303604919,14.659012032193084,2.392808781197323,2.560270291905738,14.824120603015075,14.381270903010032,0.22303229570388794,0.16630250215530396,0.001,2.5
668,108.21006190876665,111.76864113696044,0.06377981207528506,0.06496800857293965,240.6112072559657,241.111828347911,2.3491725937605303,2.553935240742355,14.533616369493442,14.630706921070315,2.3491725937605303,2.553935240742355,15.07537688442211,14.715719063545151,0.22400140762329102,0.17252659797668457,0.001,2.5
669,109.46858971881707,111.70374060793465,0.06379910087964842,0.06501969155609408,240.61155981833812,241.11195904275647,2.4210139439133944,2.559723557437144,14.569794116507424,14.60035099233672,2.4210139439133944,2.559723557437144,14.991624790619765,14.715719063545151,0.19780266284942627,0.1716105341911316,0.001,2.5
670,109.03175895857052,111.33014569234689,0.06379016312198024,0.06493682644787839,240.61156881514506,241.1118566200486,2.378524604953913,2.5507894271990925,14.60989721895662,14.552451197518952,2.378524604953913,2.5507894271990925,14.991624790619765,15.050167224080269,0.22456121444702148,0.17572051286697388,0.001,2.5
671,108.58841912351062,111.30544617821938,0.06376584448307203,0.06491485388831152,240.6114364700701,241.11173021195324,2.393200988146528,2.538936863774839,14.477205806840804,14.58307310570044,2.393200988146528,2.538936863774839,14.991624790619765,14.715719063545151,0.20522642135620117,0.181756854057312,0.001,2.5
672,108.4859544763613,111.42966188156485,0.06382209656625937,0.06504074869098073,240.61145098764493,241.11176935406434,2.3710940563099667,2.54959386168515,14.523022122918261,14.57591958189489,2.3710940563099667,2.54959386168515,14.991624790619765,14.715719063545151,0.22835487127304077,0.17957204580307007,0.001,2.5
673,109.03625939399554,112.06013685245578,0.06379017099688201,0.06491611475579714,240.61153027200618,241.11190673419864,2.370839102583714,2.5532996750196886,14.633853920340737,14.69092186318592,2.370839102583714,2.5532996750196886,14.90787269681742,14.715719063545151,0.21684175729751587,0.177476167678833,0.001,2.5
674,109.28245664561413,111.52701114412136,0.06378302993986075,0.06502178291413298,240.61123089814305,241.11122258929504,2.391444360391179,2.552810939259354,14.621279347482039,14.585742915354444,2.391444360391179,2.552810939259354,15.07537688442211,14.715719063545151,0.21720492839813232,0.17593717575073242,0.001,2.5
675,109.31395819838123,111.62418283826133,0.06382311280298872,0.064932364771099,240.6110290578462,241.11140584786202,2.390892590310306,2.548177017416045,14.629227181375526,14.619097696897576,2.390892590310306,2.548177017416045,14.991624790619765,14.715719063545151,0.21153604984283447,0.17511075735092163,0.001,2.5
676,109.31230811497674,111.40512278885348,0.06381213627568441,0.06492328592716252,240.61106468724645,241.11141028771033,2.421267132862928,2.5483141663082467,14.537775515711287,14.574874042268581,2.421267132862928,2.5483141663082467,14.74036850921273,14.715719063545151,0.21963971853256226,0.18166643381118774,0.001,2.5
677,109.49275819660231,111.27768163776717,0.06378942557690132,0.06496676740339369,240.61098044441772,241.11124672778075,2.3863469975278204,2.541681771294329,14.678630387962762,14.569275068200152,2.3863469975278204,2.541681771294329,14.991624790619765,14.715719063545151,0.2145770788192749,0.18217885494232178,0.001,2.5
678,109.17234758795605,111.54831070405584,0.06383472305396494,0.06497337497197665,240.61083756898915,241.11124014455737,2.3648477415343625,2.5524320100063465,14.67903708612899,14.59114918660958,2.3648477415343625,2.5524320100063465,14.991624790619765,14.381270903010032,0.22905123233795166,0.1683816909790039,0.001,2.5
679,108.48019005345739,111.32078001092509,0.06379748711134721,0.06488024989099407,240.6109208916899,241.11138645542107,2.3762817758211936,2.554482983904937,14.506311081162648,14.539507862716215,2.3762817758211936,2.554482983904937,14.991624790619765,14.715719063545151,0.2162417769432068,0.17110931873321533,0.001,2.5
680,108.63963928733838,111.41637629888528,0.06380598470443856,0.06489491050309162,240.61092597795292,241.1113862512901,2.342056875851885,2.5527824502326175,14.64087384350136,14.563726380517252,2.342056875851885,2.5527824502326175,15.07537688442211,14.715719063545151,0.2417735457420349,0.1731012463569641,0.001,2.5
681,110.19555362464995,111.4030201379272,0.06379938542443504,0.06490844377257353,240.61102484059293,241.11147116976838,2.401637031405016,2.5458460922623956,14.773318020742343,14.581861808547208,2.401637031405016,2.5458460922623956,15.07537688442211,14.381270903010032,0.20469295978546143,0.17953675985336304,0.001,2.5
682,109.86551900125629,111.50572449546992,0.06382617941578629,0.06498495976512249,240.61109131983977,241.1114756096167,2.4125782932268716,2.5497312928521914,14.674481661874845,14.590732689286554,2.4125782932268716,2.5497312928521914,14.991624790619765,14.715719063545151,0.2005833387374878,0.17899441719055176,0.001,2.5
683,108.81804451231581,111.56402623613542,0.06379552194271455,0.06494965490240318,240.61092081501258,241.11130117971362,2.388956480090143,2.5494182269310075,14.535858299664318,14.60333738996831,2.388956480090143,2.5494182269310075,14.90787269681742,14.381270903010032,0.19849467277526855,0.17491072416305542,0.001,2.5
684,109.02757337305015,111.86850830384321,0.06377159382280592,0.0650133040412812,240.6111288406142,241.11173056918244,2.37814221629745,2.566033559499377,14.610211388349933,14.614374830571306,2.37814221629745,2.566033559499377,15.07537688442211,14.715719063545151,0.20018410682678223,0.165019690990448,0.001,2.5
685,109.48480464865015,111.57790127247074,0.06381729285121962,0.06500746702220926,240.6113439460895,241.11175669794497,2.4064375914920313,2.5435488192134077,14.616762761893984,14.623709678649902,2.4064375914920313,2.5435488192134077,14.991624790619765,15.050167224080269,0.19766122102737427,0.17997419834136963,0.001,2.5
686,109.05500692498543,111.44930764903192,0.06379811131275279,0.06498028063853847,240.61149758190365,241.1121468432372,2.376176753036141,2.553531537486558,14.62158899451021,14.568048027446837,2.376176753036141,2.553531537486558,14.991624790619765,14.715719063545151,0.2180299162864685,0.1749591827392578,0.001,2.5
687,108.81020596758205,111.17553818106252,0.06376597486199247,0.06481510449362837,240.61165057874007,241.1120924423371,2.3691151030299253,2.5488586043035704,14.593820626212525,14.527346776879352,2.3691151030299253,2.5488586043035704,14.824120603015075,14.715719063545151,0.23354220390319824,0.1756172776222229,0.001,2.5
688,109.61464240043806,110.92181271454163,0.06380121278852674,0.06485252558287968,240.61142233588188,241.11178497008257,2.3729880507068217,2.548003932704096,14.74308166312213,14.479156959814372,2.3729880507068217,2.548003932704096,14.90787269681742,14.715719063545151,0.22818046808242798,0.1782987117767334,0.001,2.5
689,108.6155582728298,111.18908012670816,0.06378500872421104,0.0649175061579532,240.6112062847195,241.11153434829967,2.392418777523328,2.5608998899874478,14.484975937822556,14.4939107448361,2.392418777523328,2.5608998899874478,14.991624790619765,14.715719063545151,0.22144001722335815,0.16901439428329468,0.001,2.5
690,108.27289534014473,111.18059769442249,0.06379492405546171,0.06494433552425442,240.6109943230148,241.11146892432782,2.346314095572211,2.5537935722631753,14.554755527170459,14.513526884608444,2.346314095572211,2.5537935722631753,14.90787269681742,14.715719063545151,0.22614526748657227,0.1686423420906067,0.001,2.5
691,108.65129505968973,111.30618079450218,0.06379284856956409,0.06494719151370103,240.61096700032553,241.11144498997308,2.3779926951007426,2.55814758351814,14.535400294778334,14.525581953118875,2.3779926951007426,2.55814758351814,14.991624790619765,14.715719063545151,0.21452617645263672,0.16969144344329834,0.001,2.5
692,108.87202673421633,111.54792464138274,0.06381270643854062,0.06486466875841786,240.61105270002355,241.1116215632512,2.377724334023506,2.5586397735570188,14.580347990869877,14.572470320507037,2.377724334023506,2.5586397735570188,14.90787269681742,14.715719063545151,0.2040194272994995,0.16613543033599854,0.001,2.5
693,109.36030674459946,111.25037008942569,0.06382666933826066,0.06494192794015176,240.6112856968763,241.1117762945169,2.3915425904432133,2.5640291418120214,14.63654557424574,14.49677495414198,2.3915425904432133,2.5640291418120214,14.90787269681742,14.715719063545151,0.2093682885169983,0.16732090711593628,0.001,2.5
694,107.96917737388931,111.06762281947312,0.06380338833934099,0.06486293111606983,240.6115096969221,241.11207498914024,2.3180612303703474,2.5502333856346615,14.578768987352126,14.501629826217192,2.3180612303703474,2.5502333856346615,14.824120603015075,15.050167224080269,0.23044973611831665,0.174557626247406,0.001,2.5
695,108.7348768147991,111.13853005501737,0.06381128412644867,0.06493959638187319,240.611910642691,241.11260904675743,2.4122340056165377,2.5471483233780368,14.449388965689757,14.525050734197814,2.4122340056165377,2.5471483233780368,14.991624790619765,14.715719063545151,0.20881754159927368,0.17583411931991577,0.001,2.5
696,108.41676192547209,111.58408470536554,0.06375600292130532,0.06506318954071871,240.61221142230522,241.11276602346362,2.3568333545122515,2.556333355281664,14.551978761426968,14.586582120046966,2.3568333545122515,2.556333355281664,14.90787269681742,14.715719063545151,0.24056756496429443,0.16741204261779785,0.001,2.5
697,109.3008639848412,111.48952999561527,0.06384986176013548,0.06500839134273322,240.61242926260533,241.11277719963354,2.412840276906638,2.545239387945985,14.56075963542689,14.60096393381074,2.412840276906638,2.545239387945985,14.991624790619765,14.715719063545151,0.1954023838043213,0.17376524209976196,0.001,2.5
698,108.31712121500242,111.57874086309835,0.0637932158444994,0.06485833228880346,240.6124464383277,241.11297321638534,2.3091046890022366,2.550310573450299,14.675229570973459,14.603621431816382,2.3091046890022366,2.550310573450299,14.90787269681742,14.715719063545151,0.24184668064117432,0.17862027883529663,0.001,2.5
699,108.74196898238344,111.12771575825668,0.06382697943591792,0.06492657701556499,240.6126565597764,241.11313682734766,2.3949563754862875,2.547991614676638,14.502636367951206,14.520361077426667,2.3949563754862875,2.547991614676638,14.90787269681742,15.050167224080269,0.2240937352180481,0.17503178119659424,0.001,2.5
700,109.1692130569637,111.3666304776501,0.06374756017172556,0.06489674829220692,240.61277602305964,241.1137124256147,2.385479319235388,2.553122460642786,14.616532381655183,14.552757043104906,2.385479319235388,2.553122460642786,14.90787269681742,14.715719063545151,0.21547722816467285,0.17521923780441284,0.001,2.5
701,109.33106902616107,111.2955981863781,0.06382657889545064,0.06495258765276458,240.61350080276054,241.11406123438806,2.4108539673950604,2.551148931318302,14.572763764079491,14.544458896420073,2.4108539673950604,2.551148931318302,15.07537688442211,15.050167224080269,0.21168619394302368,0.1769160032272339,0.001,2.5
702,108.82653637347708,110.77695638599204,0.06384313270025317,0.06492950699999181,240.61346218294435,241.11381040847422,2.356693968301642,2.5465241850020495,14.634334589768095,14.454610419512592,2.356693968301642,2.5465241850020495,14.991624790619765,15.050167224080269,0.229500412940979,0.18445086479187012,0.001,2.5
703,108.33923097032199,111.03477973044916,0.0637896448573475,0.06498554373863948,240.61351762065536,241.11412436188664,2.353809989277442,2.530915998694889,14.545535344774,14.552987261360704,2.353809989277442,2.530915998694889,14.90787269681742,14.715719063545151,0.2443663477897644,0.1875641942024231,0.001,2.5
704,109.70441931336369,111.49530845820705,0.0637721987051181,0.06497367734344907,240.61373098811112,241.1143728913272,2.4183713239641045,2.5517117339233093,14.624892768348682,14.582709373040343,2.4183713239641045,2.5517117339233093,15.07537688442211,14.715719063545151,0.20867067575454712,0.1762392520904541,0.001,2.5
705,109.79600443113189,111.4540117959115,0.06378406426640013,0.06500793552418617,240.61390392105383,241.1145036372054,2.410312976469746,2.5507418391696586,14.667382577356182,14.577352185711813,2.410312976469746,2.5507418391696586,15.07537688442211,14.715719063545151,0.2035912275314331,0.17233747243881226,0.001,2.5
706,108.43557469609195,111.08467352111204,0.06379347410633336,0.06490058066902751,240.61401909040646,241.11454283034922,2.367515193357739,2.551806909982177,14.523687992063998,14.50031050870251,2.367515193357739,2.551806909982177,15.07537688442211,14.715719063545151,0.20268923044204712,0.17333650588989258,0.001,2.5
707,109.06334472860723,111.25629348499719,0.06380306871317738,0.06490636405139463,240.61411340352478,241.11461473547894,2.3928146801601904,2.5588403880396813,14.57334190637023,14.513533451884088,2.3928146801601904,2.5588403880396813,14.991624790619765,14.715719063545151,0.20957422256469727,0.16736441850662231,0.001,2.5
708,108.26712997155373,111.10299585654982,0.06381938992757694,0.06496674573690596,240.6142793588303,241.11484576068992,2.3247457125678133,2.549796941687032,14.618301840483443,14.509992264584954,2.3247457125678133,2.549796941687032,14.90787269681742,14.715719063545151,0.2490147352218628,0.17557477951049805,0.001,2.5
709,108.87736011549855,110.92843969849041,0.06377993715019083,0.06500402227492635,240.61452058571666,241.11492623931986,2.3808401457628414,2.5485388762177434,14.572072800679422,14.478846894458783,2.3808401457628414,2.5485388762177434,14.90787269681742,14.715719063545151,0.21545839309692383,0.1774311661720276,0.001,2.5
710,108.17916062449291,111.19142844924161,0.0637953661294838,0.06494943939622828,240.61478933976522,241.1152796410398,2.3716285029048696,2.5582018321174442,14.460064971067599,14.50246812507859,2.3716285029048696,2.5582018321174442,14.90787269681742,14.715719063545151,0.22163701057434082,0.17052918672561646,0.001,2.5
711,108.65345971188952,111.47866188483094,0.06379181974047991,0.06498418606344274,240.61463756976616,241.11505091230208,2.354787664397478,2.5705444557610964,14.605448035938256,14.522879632420365,2.354787664397478,2.5705444557610964,14.991624790619765,14.715719063545151,0.2149161696434021,0.16036367416381836,0.001,2.5
712,107.84027459992835,111.28080405040728,0.06376482571913569,0.06496409339250928,240.61457259850687,241.11511628524116,2.3806633186500075,2.5673601802774897,14.365188620997035,14.492863419063912,2.3806633186500075,2.5673601802774897,14.90787269681742,14.381270903010032,0.20997315645217896,0.15956366062164307,0.001,2.5
713,107.31071224244596,111.45786836553975,0.06379434375257748,0.06493634434049345,240.6146300553876,241.11514894619435,2.3168221957719504,2.567165852390404,14.450793584187826,14.528865546287102,2.3168221957719504,2.567165852390404,14.991624790619765,14.381270903010032,0.25055694580078125,0.16260302066802979,0.001,2.5
714,107.60008258915427,111.17670213578138,0.06379012148234513,0.06489206013272837,240.61472753783568,241.1152796410398,2.329879071045561,2.560319185256958,14.46949847139905,14.49318121587951,2.329879071045561,2.560319185256958,15.159128978224457,14.715719063545151,0.2404434084892273,0.16630977392196655,0.001,2.5
715,108.97352372621572,110.85336280746205,0.06380796765088037,0.06492367562492157,240.61472659214857,241.11517502392414,2.356143788876046,2.55190198557034,14.665388350111355,14.453758868086696,2.356143788876046,2.55190198557034,14.90787269681742,15.050167224080269,0.23008954524993896,0.17317694425582886,0.001,2.5
716,108.47064633265612,110.93700903953119,0.0638285552461942,0.06492128873549177,240.614740547423,241.11531245509119,2.365757123509444,2.5440263875750793,14.535969449846789,14.494115465859506,2.365757123509444,2.5440263875750793,14.90787269681742,15.050167224080269,0.22082525491714478,0.17920362949371338,0.001,2.5
717,108.473876723093,111.08061802586585,0.06381125184059942,0.06499618159787711,240.6149041257312,241.11557420201126,2.3555772312522136,2.5400162931270027,14.567158262933319,14.534852914586912,2.3555772312522136,2.5400162931270027,14.824120603015075,14.715719063545151,0.22897708415985107,0.1823323369026184,0.001,2.5
718,108.74121060523156,110.77987425941289,0.06380568802905842,0.06494890042521483,240.61518550598043,241.1156984156988,2.36642459848618,2.536920922257031,14.588084049959678,14.483999574463503,2.36642459848618,2.536920922257031,14.991624790619765,14.715719063545151,0.23182708024978638,0.1854735016822815,0.001,2.5
719,109.68664088161347,111.04750767838595,0.06383137785559723,0.06494458964138126,240.6152559213303,241.11571153111282,2.3988042968002397,2.54294448951415,14.680026040005325,14.519455935245373,2.3988042968002397,2.54294448951415,14.991624790619765,14.715719063545151,0.2002776861190796,0.1818242073059082,0.001,2.5
720,107.94613853211779,110.95993970788044,0.06380041294311559,0.06498626085079234,240.61526489257812,241.1156919345409,2.3219711093646995,2.546798056982034,14.562430947270226,14.490373627397926,2.3219711093646995,2.546798056982034,14.90787269681742,15.050167224080269,0.24375003576278687,0.17905324697494507,0.001,2.5
721,108.13320708155032,111.09788584629429,0.06383005298761467,0.06491234335412947,240.6151705794598,241.11567223590353,2.33801314020077,2.54938826034699,14.551712668720802,14.51020656700517,2.33801314020077,2.54938826034699,14.991624790619765,14.381270903010032,0.24582397937774658,0.1808425784111023,0.001,2.5
722,108.89778418357248,110.66137082919627,0.06379570719634668,0.06491409892521574,240.61517625358238,241.11634367365502,2.341928880618046,2.541656609761675,14.692888213561806,14.446097609988822,2.341928880618046,2.541656609761675,14.90787269681742,14.715719063545151,0.22456222772598267,0.1787359118461609,0.001,2.5
723,108.2900884682609,110.83834588806765,0.06377429124498288,0.06488539299687814,240.61592562114774,241.11644609636286,2.358654288191292,2.5553203984646493,14.521176803052127,14.440506890465983,2.358654288191292,2.5553203984646493,14.991624790619765,14.715719063545151,0.230796217918396,0.174058735370636,0.001,2.5
724,107.93622047258182,111.356693663326,0.06380832946580059,0.06489625341417797,240.61586433040037,241.11631096166911,2.332392956942969,2.5514789265533753,14.529180779129616,14.555698541494516,2.332392956942969,2.5514789265533753,14.90787269681742,14.715719063545151,0.23987722396850586,0.17768782377243042,0.001,2.5
725,108.71080308463705,111.08729509844828,0.06383245762818224,0.06497326155619876,240.61576518661013,241.1162695741175,2.3979527067698827,2.540056831461929,14.487412946308078,14.536070501525266,2.3979527067698827,2.540056831461929,14.991624790619765,14.381270903010032,0.2186875343322754,0.1803855299949646,0.001,2.5
726,108.3412553541225,111.06715500235158,0.0638243975975805,0.06494864603398635,240.61572513548373,241.11627176852528,2.384542995960868,2.549816563775308,14.453734433031961,14.50276805086678,2.384542995960868,2.549816563775308,14.991624790619765,15.050167224080269,0.19898498058319092,0.17433559894561768,0.001,2.5
727,109.23066706313959,110.98054591150188,0.0638033836780481,0.06496353479831116,240.6157195380385,241.1162281865659,2.419542613740343,2.551776543907497,14.526621588510485,14.479563011373564,2.419542613740343,2.551776543907497,14.90787269681742,14.715719063545151,0.19400948286056519,0.1770736575126648,0.001,2.5
728,107.07610121683858,110.86225661465954,0.06381209450500894,0.06490856037789762,240.61579056680702,241.11627830071592,2.2979012332369932,2.538266393253237,14.460630838595444,14.496447256974951,2.2979012332369932,2.538266393253237,14.991624790619765,14.381270903010032,0.2576696276664734,0.1842098832130432,0.001,2.5
729,108.69043200059951,111.07290649414062,0.06378466875559122,0.06487399859223078,240.6157610460342,241.11625656076896,2.404560780006038,2.5519489372853053,14.463523816822761,14.49753640088748,2.404560780006038,2.5519489372853053,14.991624790619765,15.050167224080269,0.19731873273849487,0.17723798751831055,0.001,2.5
730,109.29473607304507,111.07538719559992,0.06380891583398159,0.064960891561564,240.615779014089,241.11633060927375,2.399792527832977,2.556385701316655,14.59868458727097,14.48470441314289,2.399792527832977,2.556385701316655,14.74036850921273,14.715719063545151,0.19066327810287476,0.17324018478393555,0.001,2.5
731,108.54358426450285,111.28472221655191,0.06377169733221208,0.06489211234908837,240.615597697758,241.1159295429753,2.3626464060203514,2.5445739943845616,14.559900649628247,14.562020563361637,2.3626464060203514,2.5445739943845616,15.242881072026801,14.381270903010032,0.2318471074104309,0.18035095930099487,0.001,2.5
732,108.57814753035605,111.33562329142389,0.06377756759724026,0.06490889661338019,240.61557328880733,241.1161171393251,2.382501829808681,2.555006361326645,14.50724544397351,14.540900552551882,2.382501829808681,2.555006361326645,15.07537688442211,14.715719063545151,0.2173675298690796,0.16900688409805298,0.001,2.5
733,108.51424391345563,111.1847490036368,0.06380382539638922,0.06495227897695474,240.61573403005426,241.1162523250516,2.4031413975273144,2.546354270699032,14.432540511765472,14.536673596870141,2.4031413975273144,2.546354270699032,14.90787269681742,14.381270903010032,0.21006345748901367,0.17803484201431274,0.001,2.5
734,108.53863159895343,110.7870282839772,0.06380012752472655,0.06497657636685117,240.6160317936934,241.11647467469692,2.3813285536103113,2.546245348493391,14.502857732213721,14.457451826752628,2.3813285536103113,2.546245348493391,15.07537688442211,14.715719063545151,0.21433377265930176,0.17762553691864014,0.001,2.5
735,108.22390483811473,110.80390060067576,0.06378980838323957,0.06499533691633505,240.61630599183255,241.1169040641657,2.3442420787747382,2.5496579253155254,14.551173732508367,14.450583595097264,2.3442420787747382,2.5496579253155254,14.991624790619765,14.715719063545151,0.220750093460083,0.17541193962097168,0.001,2.5
736,108.20889210661052,111.01685728755683,0.06383508730873191,0.0648929623257755,240.61662333375045,241.1171482047907,2.3798589642523122,2.5548198366643593,14.441311029533246,14.477709881836754,2.3798589642523122,2.5548198366643593,15.07537688442211,14.715719063545151,0.20287573337554932,0.17637622356414795,0.001,2.5
737,108.17781248364217,110.84794874414553,0.0638038540755085,0.06494411079829752,240.61687506543132,241.11735305020642,2.347113474729273,2.5480923206112456,14.533337936529163,14.464100528321538,2.347113474729273,2.5480923206112456,14.991624790619765,14.715719063545151,0.23173809051513672,0.1778254508972168,0.001,2.5
738,108.36559644536158,110.88336268396282,0.06378791806985386,0.06487199631722076,240.61701998558874,241.11747088480155,2.3568422574693435,2.5453848495929936,14.54171148296976,14.479320159325233,2.3568422574693435,2.5453848495929936,14.90787269681742,14.715719063545151,0.23738545179367065,0.1764180064201355,0.001,2.5
739,107.3806092535431,111.0226696614039,0.06376468496306657,0.0648667492769833,240.61740040739178,241.11834716796875,2.3557116486119667,2.556496715864609,14.348110432201494,14.473847083024756,2.3557116486119667,2.556496715864609,15.07537688442211,15.050167224080269,0.22520440816879272,0.17375624179840088,0.001,2.5
740,108.18160001157317,110.9783408889005,0.06378523921796825,0.06493143164194547,240.6179801135806,241.1186829633936,2.369235119028906,2.559520386533195,14.46773408445681,14.455896262739813,2.369235119028906,2.559520386533195,14.824120603015075,14.715719063545151,0.2132158875465393,0.17228347063064575,0.001,2.5
741,109.58722442678071,110.71556961416799,0.06380071618299388,0.0649602366829397,240.6182744011807,241.1186698479796,2.396612515601281,2.548263290654058,14.666723305655884,14.437108304588293,2.396612515601281,2.548263290654058,14.90787269681742,14.715719063545151,0.21158570051193237,0.17536687850952148,0.001,2.5
742,108.72925844943303,110.63566757763509,0.06381335673569834,0.06491456947049569,240.61831935965637,241.11871337890625,2.422503652285092,2.542777924234652,14.417454281843687,14.437593093285194,2.422503652285092,2.542777924234652,14.991624790619765,15.050167224080269,0.20809465646743774,0.1772269606590271,0.001,2.5
743,109.10131214851111,110.5518997345481,0.06382614593809374,0.06483760484833781,240.61799560240166,241.11827516077355,2.403127970607636,2.554483442402205,14.549989607665607,14.385737642396652,2.403127970607636,2.554483442402205,15.07537688442211,14.715719063545151,0.2257874608039856,0.172917902469635,0.001,2.5
744,108.01089313960755,111.16749565098995,0.06377580303892219,0.06498601736133314,240.6179769953691,241.1184342808548,2.3644287306659386,2.556053097032783,14.44801398138305,14.5041191362617,2.3644287306659386,2.556053097032783,15.07537688442211,14.381270903010032,0.2222488522529602,0.1737404465675354,0.001,2.5
745,109.18322209497192,111.07188877373635,0.06379212822197271,0.06499772561234375,240.61814458645767,241.11862396954692,2.4122343989872252,2.5458416763356695,14.539059140574393,14.515629331403751,2.4122343989872252,2.5458416763356695,14.824120603015075,14.381270903010032,0.2107257843017578,0.17740583419799805,0.001,2.5
746,109.29299993211501,110.41765464348937,0.0637857758344917,0.06491653791887306,240.61835723825834,241.11859130859375,2.414763345191227,2.541216326397797,14.553428902298561,14.39867528066986,2.414763345191227,2.541216326397797,14.824120603015075,14.715719063545151,0.19376391172409058,0.180006742477417,0.001,2.5
747,107.83934831219902,110.89871892004109,0.06375630711590624,0.06499296910188669,240.61884314251105,241.1195526123047,2.376204497850121,2.555341492528501,14.37838104701721,14.452496483971842,2.376204497850121,2.555341492528501,15.07537688442211,15.050167224080269,0.21604925394058228,0.16923391819000244,0.001,2.5
748,108.89294420814194,110.7524595739052,0.0637832610326596,0.06493653978741289,240.61921431191604,241.11945457841242,2.373800777710063,2.5605289704823573,14.596306176241518,14.40769345784267,2.373800777710063,2.5605289704823573,14.824120603015075,14.715719063545151,0.23276472091674805,0.16759049892425537,0.001,2.5
749,107.54999548626105,110.6149758431425,0.06377456018972637,0.0648715057002262,240.6191720115879,241.1198686580594,2.3144514578670714,2.5526898250133296,14.505766025140657,14.403728118309608,2.3144514578670714,2.5526898250133296,15.07537688442211,15.050167224080269,0.2500939965248108,0.1740635633468628,0.001,2.5
750,108.23787301988457,110.89110450361883,0.06379853951521655,0.06498133355010313,240.6195838199788,241.12039419320914,2.362788705969576,2.554759390776771,14.498324892628732,14.452722393150712,2.362788705969576,2.554759390776771,14.824120603015075,14.715719063545151,0.2190987467765808,0.17268913984298706,0.001,2.5
751,108.07090668542502,110.87792532420079,0.06381726756666972,0.06494220209161573,240.62000380728512,241.12049656488426,2.3719912703512502,2.546750134050248,14.437320263541524,14.474121514770099,2.3719912703512502,2.546750134050248,14.90787269681742,14.715719063545151,0.22557467222213745,0.1747668981552124,0.001,2.5
752,108.59039782040084,110.91285851009714,0.06377234756696963,0.0649281289540605,240.6202843696428,241.120936926392,2.3672133406602356,2.5418013784797693,14.555561016153051,14.495957527670972,2.3672133406602356,2.5418013784797693,14.90787269681742,14.381270903010032,0.22376114130020142,0.1810590624809265,0.001,2.5
753,107.67423778642562,110.88635243699702,0.06382700808383712,0.06495610188481002,240.6209491365519,241.12156483321684,2.3741834227563547,2.5530590915360976,14.351407763546636,14.456877370343161,2.3741834227563547,2.5530590915360976,14.90787269681742,14.715719063545151,0.22977834939956665,0.17229318618774414,0.001,2.5
754,108.12700879274301,110.78502154908452,0.06383209311757455,0.06497569562848594,240.62127946249802,241.12161270192635,2.3716786974039508,2.5580306954208427,14.449475165387893,14.421692542009131,2.3716786974039508,2.5580306954208427,15.07537688442211,14.715719063545151,0.22859150171279907,0.16908788681030273,0.001,2.5
755,107.477319637535,110.84183617020929,0.06383813400339441,0.06500618560956074,240.6214842165335,241.12204433683567,2.332166955698675,2.564620866424663,14.438070934621534,14.413279077281123,2.332166955698675,2.564620866424663,15.07537688442211,14.715719063545151,0.24706333875656128,0.167097806930542,0.001,2.5
756,107.98456413741887,110.57182253324069,0.06383095050177583,0.06494796258649699,240.62166159676147,241.12215768054975,2.3650840498893904,2.549484764851854,14.440770548592061,14.40469579473387,2.3650840498893904,2.549484764851854,14.991624790619765,14.715719063545151,0.20952677726745605,0.1743558645248413,0.001,2.5
757,107.55516693779771,111.01744120416035,0.06377110602817743,0.06486086364225002,240.62212370548215,241.12277670767793,2.389358841194779,2.5615916451482867,14.282078369178963,14.457516415063354,2.389358841194779,2.5615916451482867,15.159128978224457,14.715719063545151,0.2070021629333496,0.16953933238983154,0.001,2.5
758,108.56664517656642,110.80236798544792,0.06377283880608765,0.0649702788072087,240.62247266401997,241.1229554243311,2.3832890156725144,2.54844125218216,14.502582885512156,14.453931272627917,2.3832890156725144,2.54844125218216,14.90787269681742,14.381270903010032,0.21907997131347656,0.1742783784866333,0.001,2.5
759,108.36457842598409,111.05567799443784,0.06381116531652023,0.06499426354682167,240.62249270236273,241.1226285086029,2.3631052363857354,2.5472890333985805,14.522713520618739,14.50804484568312,2.3631052363857354,2.5472890333985805,14.90787269681742,14.381270903010032,0.22162383794784546,0.1759389042854309,0.001,2.5
760,107.72097540620584,111.07024521333318,0.06378115223130988,0.06502755514554755,240.62233073427848,241.12248898509355,2.3276139304066823,2.5601385213858308,14.50047227485695,14.472403472083867,2.3276139304066823,2.5601385213858308,14.991624790619765,14.715719063545151,0.24219125509262085,0.1666041612625122,0.001,2.5
761,108.7555623653546,110.95997236883362,0.06379173969353863,0.06496921371058079,240.622258325318,241.12264820724027,2.398971075987696,2.553692533020989,14.493316541764404,14.469698947408926,2.398971075987696,2.553692533020989,15.07537688442211,14.715719063545151,0.21905064582824707,0.1722976565361023,0.001,2.5
762,107.49738277262779,110.77675666936663,0.06380515785223276,0.06495565720475636,240.62236661926985,241.12260676865594,2.316313775540197,2.5541917001921997,14.489649895647263,14.431560749194295,2.316313775540197,2.5541917001921997,14.991624790619765,14.715719063545151,0.2555474042892456,0.175281822681427,0.001,2.5
763,107.37594797463473,110.6532733623798,0.06380879069043563,0.06494740664610098,240.62232557133814,241.12260896306373,2.359898352343433,2.546391517422271,14.334608373530147,14.430266364362328,2.359898352343433,2.546391517422271,15.159128978224457,14.715719063545151,0.22706353664398193,0.17823761701583862,0.001,2.5
764,108.29806857212904,110.96089894476543,0.06378001717217203,0.06486158748235192,240.62242200586266,241.1226547394309,2.3604763488673686,2.554485607306694,14.517303789480646,14.467526694205294,2.3604763488673686,2.554485607306694,14.991624790619765,14.715719063545151,0.22734588384628296,0.1753838062286377,0.001,2.5
765,108.39162321106673,110.91268543256166,0.06379007108796582,0.06486232950037539,240.62250744996956,241.12300788598714,2.3482147860566975,2.5452301199220893,14.572797946195108,14.485649242847659,2.3482147860566975,2.5452301199220893,15.07537688442211,15.050167224080269,0.23339951038360596,0.17743337154388428,0.001,2.5
766,108.90843798766784,110.64923427415931,0.06379629504341176,0.06485994780641735,240.62272135416666,241.1229948726386,2.411812350178883,2.543932390850922,14.485366859627728,14.43685304520521,2.411812350178883,2.543932390850922,14.991624790619765,15.050167224080269,0.2100048065185547,0.1774846911430359,0.001,2.5
767,108.16532044274923,110.77632738196331,0.0638207439489201,0.0649102627732682,240.6225609963064,241.12289882902317,2.362433975066372,2.538961668078317,14.48487355441504,14.477174069969152,2.362433975066372,2.538961668078317,14.74036850921273,14.715719063545151,0.21144533157348633,0.17916357517242432,0.001,2.5
768,107.04815226543688,110.69704460220592,0.06380041784776914,0.06494286864447753,240.6225744148395,241.12290321783877,2.320287386975696,2.540617146220893,14.387883796564099,14.456344202609365,2.320287386975696,2.540617146220893,15.07537688442211,14.381270903010032,0.2478179931640625,0.18071907758712769,0.001,2.5
769,108.12476442167707,110.42423332495035,0.06381029855316409,0.06493975269455575,240.62260480462206,241.1228727512934,2.3313890765460092,2.5383202001003915,14.569899218765336,14.408673468242123,2.3313890765460092,2.5383202001003915,14.90787269681742,15.050167224080269,0.24479252099990845,0.17783325910568237,0.001,2.5
770,108.40767300348585,110.60966966303694,0.06381901012892699,0.06503044489933096,240.62268250431848,241.1229360829229,2.3783311628217074,2.5447452857741544,14.485652899622318,14.426466909938034,2.3783311628217074,2.5447452857741544,14.991624790619765,14.381270903010032,0.21588599681854248,0.17631429433822632,0.001,2.5
771,106.5261618967232,110.46716941399718,0.06377763897679758,0.064947168464246,240.62275345640964,241.12316715916663,2.32856013187811,2.5499357834308842,14.258672088035187,14.382413408030635,2.32856013187811,2.5499357834308842,14.991624790619765,14.715719063545151,0.24664151668548584,0.1726178526878357,0.001,2.5
772,107.98312173456802,110.8784554012643,0.06379738488738461,0.06496421500641765,240.6230067983145,241.1234264565152,2.3619772391502982,2.561262570097295,14.449808405072645,14.430685904512437,2.3619772391502982,2.561262570097295,14.991624790619765,14.715719063545151,0.22624367475509644,0.1631864309310913,0.001,2.5
773,107.68414100889784,110.71317569388195,0.06381544680451628,0.06494857387050339,240.6231557823705,241.12353770788695,2.353244444034008,2.55840247131909,14.416207022802714,14.406212446282938,2.353244444034008,2.55840247131909,14.90787269681742,14.715719063545151,0.2327653169631958,0.16778498888015747,0.001,2.5
774,107.87020624822108,110.79232354307653,0.06382884579387742,0.0649404069875993,240.62343619137354,241.1238363514776,2.3886893997639667,2.5459296272749885,14.347082856911511,14.459463084421827,2.3886893997639667,2.5459296272749885,14.991624790619765,14.381270903010032,0.214167058467865,0.1758129596710205,0.001,2.5
775,106.66006376435809,110.66931251857592,0.06382437168902888,0.06495725693660835,240.62371056842645,241.1239583197246,2.328346411586806,2.5407756212164325,14.286083838049091,14.450319456017535,2.328346411586806,2.5407756212164325,14.824120603015075,14.381270903010032,0.24379491806030273,0.18081146478652954,0.001,2.5
776,107.97817970160862,110.28510743718482,0.06378951768579595,0.06487834874702536,240.6236505556346,241.12388860900268,2.3708214855673324,2.544410969501355,14.422288495292216,14.36258826048478,2.3708214855673324,2.544410969501355,15.07537688442211,14.715719063545151,0.21502918004989624,0.1809159517288208,0.001,2.5
777,109.0343834063915,110.1451937570221,0.06379941980693009,0.06485527951930678,240.6234855460162,241.1238101716823,2.41958544561811,2.5411747825584285,14.487235877581776,14.34431935632508,2.41958544561811,2.5411747825584285,15.07537688442211,14.381270903010032,0.20120114088058472,0.18009614944458008,0.001,2.5
778,108.00407511904412,110.3155463738585,0.06380380627697636,0.06492870829276816,240.62353454283135,241.1238036905244,2.394033793827996,2.5351269157435183,14.357828221728454,14.396518098072065,2.394033793827996,2.5351269157435183,14.991624790619765,14.381270903010032,0.21832573413848877,0.18277734518051147,0.001,2.5
779,108.02151811302606,110.60147278444424,0.06380211413405848,0.06498626046455823,240.62337415941198,241.12361395079955,2.3888050048195537,2.5453904655864803,14.377003621815437,14.42290101322442,2.3888050048195537,2.5453904655864803,14.991624790619765,14.381270903010032,0.21627593040466309,0.17769163846969604,0.001,2.5
780,109.07865912151496,110.84105735957424,0.06382196768494307,0.06492844029613164,240.62325134788526,241.12352459247296,2.4051379386703773,2.5479935443520945,14.539428937774607,14.463020190746091,2.4051379386703773,2.5479935443520945,14.991624790619765,14.715719063545151,0.205463707447052,0.17578446865081787,0.001,2.5
781,107.6312420076661,110.29334213103738,0.06378699666890666,0.0648953956131353,240.6233576993447,241.12373153023097,2.40316112836202,2.5439146234837664,14.255882894174139,14.365720155645773,2.40316112836202,2.5439146234837664,15.07537688442211,14.381270903010032,0.20110869407653809,0.17279934883117676,0.001,2.5
782,108.42436210593985,110.68068462869395,0.06381152238278733,0.06493681243131791,240.62356725849298,241.12391443156878,2.3943183973206947,2.5581008383262915,14.441029919252124,14.400622361479794,2.3943183973206947,2.5581008383262915,14.991624790619765,14.715719063545151,0.21081966161727905,0.16745781898498535,0.001,2.5
783,107.11604357644342,110.70140565597892,0.06380819533038978,0.06486674516545889,240.62370555884075,241.12413024902344,2.359886234928815,2.5529149152762116,14.282663374090914,14.420339064454554,2.359886234928815,2.5529149152762116,14.991624790619765,14.715719063545151,0.2265745997428894,0.17298412322998047,0.001,2.5
784,107.22788860889735,110.41849974565282,0.0637917376218529,0.0649302882768438,240.62392061319784,241.1244507346265,2.4062477839452336,2.5434727477389436,14.16595130549803,14.392070285452649,2.4062477839452336,2.5434727477389436,14.991624790619765,14.715719063545151,0.20543771982192993,0.17752081155776978,0.001,2.5
785,107.50288879292295,110.37352551106227,0.06380416346804381,0.06494403556985999,240.62430014043198,241.12479745105756,2.3341010547363177,2.5473472944470155,14.43738870924242,14.371449700167346,2.3341010547363177,2.5473472944470155,14.991624790619765,14.715719063545151,0.24572432041168213,0.17498838901519775,0.001,2.5
786,107.78666628225764,110.09878279772092,0.06377959728141126,0.06498243170089546,240.6245721916058,241.12500668528887,2.334972946288398,2.5433462455519864,14.491533651623493,14.328496719283802,2.334972946288398,2.5433462455519864,14.991624790619765,15.050167224080269,0.2388598918914795,0.18309587240219116,0.001,2.5
787,107.09513098430793,109.97229539750013,0.06376828811126738,0.06499553914104018,240.62489364854056,241.12554941847173,2.3394140925639038,2.5346942904800875,14.339905190907132,14.329151813800518,2.3394140925639038,2.5346942904800875,14.991624790619765,14.715719063545151,0.23410850763320923,0.18107378482818604,0.001,2.5
788,107.60496853264533,110.33364812028049,0.06381561094817005,0.06488323349966651,240.62520615978656,241.12537932635152,2.3769887328347568,2.5439462215206694,14.32913968870588,14.373689255985528,2.3769887328347568,2.5439462215206694,14.991624790619765,14.381270903010032,0.21560144424438477,0.17716705799102783,0.001,2.5
789,107.92950321881216,110.21722350870088,0.06379905005470791,0.06494992917845879,240.62492825557638,241.1245553007094,2.3932126203374047,2.540855981035775,14.34537836135532,14.359661587105945,2.3932126203374047,2.540855981035775,14.991624790619765,14.715719063545151,0.2049233317375183,0.1805543303489685,0.001,2.5
790,107.75454262073715,109.86478003052166,0.0637994187960473,0.06495754684891589,240.62420196788796,241.1244964089282,2.3592273550017593,2.531561645775734,14.412341910191317,14.317054943097475,2.3592273550017593,2.531561645775734,14.90787269681742,14.715719063545151,0.24365687370300293,0.18685656785964966,0.001,2.5
791,106.80787064442083,110.07059550205601,0.06377824517575341,0.06496597795332953,240.62430172509684,241.1245880126953,2.3496258250832356,2.5407169742329065,14.251816121777098,14.330750519615352,2.3496258250832356,2.5407169742329065,15.159128978224457,14.381270903010032,0.22477078437805176,0.17831957340240479,0.001,2.5
792,107.57349969553988,110.53790076520531,0.06377002061461684,0.06494227280983558,240.62427077301382,241.1245880126953,2.3881863457473678,2.5489071061379933,14.28926189780435,14.399645384338788,2.3881863457473678,2.5489071061379933,15.07537688442211,15.050167224080269,0.2319391369819641,0.17547398805618286,0.001,2.5
793,107.89414290487267,110.23742900325303,0.06376210295624869,0.0648859776182717,240.62431943756053,241.12480367705177,2.355853446963644,2.5383219184684114,14.450390715095866,14.371318246209901,2.355853446963644,2.5383219184684114,14.991624790619765,14.381270903010032,0.22634071111679077,0.1807650327682495,0.001,2.5
794,107.91181179027461,110.3114685007561,0.06379373943186685,0.064847091954189,240.62446371874017,241.12500658322338,2.3712216457929243,2.5358373791876447,14.407813602556136,14.393587361211361,2.3712216457929243,2.5358373791876447,14.991624790619765,14.715719063545151,0.2144213318824768,0.18199533224105835,0.001,2.5
795,107.97946880091375,110.02281143035378,0.06380268854012641,0.06492464974472754,240.62465505424257,241.12493028927807,2.37575352531382,2.5418639326574013,14.407747856536304,14.317761271294941,2.37575352531382,2.5418639326574013,14.90787269681742,14.715719063545151,0.2195022702217102,0.18099522590637207,0.001,2.5
796,107.59635851171548,110.24605812914794,0.0638018764081213,0.06494331893115537,240.62460582739544,241.12496310332946,2.3667839767545513,2.5521272759772464,14.35803426330413,14.331616264521877,2.3667839767545513,2.5521272759772464,14.824120603015075,14.715719063545151,0.21767085790634155,0.17495965957641602,0.001,2.5
797,106.76764321127528,110.14903529750862,0.06374556344108566,0.06503193586267357,240.62448138008565,241.12494126131702,2.329510928797762,2.536845160168549,14.304122290619254,14.358040761788155,2.329510928797762,2.536845160168549,14.991624790619765,14.715719063545151,0.2522389888763428,0.1825796365737915,0.001,2.5
798,107.40065669534195,110.37196743049749,0.06382142867225299,0.06498067798622476,240.6249659552646,241.1257259407171,2.3761081659614143,2.536943426897693,14.290917433286632,14.402341887305013,2.3761081659614143,2.536943426897693,15.07537688442211,14.715719063545151,0.22600692510604858,0.18290573358535767,0.001,2.5
799,108.29000984843651,110.42475314443327,0.06382281224007783,0.06496227253539905,240.6255506199209,241.12593303157334,2.4118329484259062,2.5409675322248786,14.361613155409719,14.400829933957512,2.4118329484259062,2.5409675322248786,14.991624790619765,14.715719063545151,0.20549649000167847,0.180553138256073,0.001,2.5
800,108.15082514266074,110.34715740497296,0.06384717394758509,0.06496974619036933,240.6256657892735,241.12593742038894,2.4235318098435648,2.5383058327894945,14.298674807077276,14.393294213208865,2.4235318098435648,2.5383058327894945,14.90787269681742,15.050167224080269,0.19928443431854248,0.1828131079673767,0.001,2.5
