epoch,train_loss,val_loss,train_recon_loss,val_recon_loss,train_kl_loss,val_kl_loss,train_age_loss,val_age_loss,train_site_loss,val_site_loss,train_age_mae,val_age_mae,train_site_acc,val_site_acc,train_age_r2,val_age_r2,current_beta,current_grl_alpha
1,57.52510119363092,80.76211119176553,0.5170815181692242,1.6193404213640603,41.02493977506756,113.17860279912534,3.0366141041319574,4.372970716610402,2.291698832008707,2.709468559277895,3.0366141041319574,4.372970716610402,55.36013400335008,15.050167224080269,-0.2316068410873413,-1.363781213760376,7.686158073360571e-06,0.0
2,57.22209309333533,64.33959307718436,0.915986585806762,0.18325279109852768,88.10973178601544,44.99416037467012,3.0174878294543803,3.2633869488502425,2.20859651070344,3.0410251346320214,3.0174878294543803,3.2633869488502425,56.867671691792296,45.819397993311036,-0.14411580562591553,-0.4623051881790161,9.154408582006738e-06,0.025
3,52.89090013104667,55.03250479299488,0.1045516094370703,0.12990411238925512,35.378372850529914,41.774949829713954,2.9348548936284766,2.9521784599010763,1.752627398700171,2.1238930500470676,2.9348548936284766,2.9521784599010763,47.82244556113903,45.819397993311036,-0.10865771770477295,-0.09237241744995117,1.0941850065037413e-05,0.05
4,53.13405679418414,53.38927999388015,0.23232991456785793,0.3106584922725142,60.574918034488036,75.06390153763685,2.8710386241900063,2.9046009551721275,1.9670706821646122,1.9017244708976617,2.8710386241900063,2.9046009551721275,43.88609715242881,45.819397993311036,-0.10513782501220703,0.0020621418952941895,1.3116306549289961e-05,0.075
5,54.8009538698436,55.7213620980049,0.23704728728762423,0.10669325593622234,69.89510998494262,55.43371478689953,2.894514180507692,2.9575364390344525,2.2290183850868264,2.2501494537627815,2.894514180507692,2.9575364390344525,41.87604690117253,45.819397993311036,-0.11799299716949463,-0.1632899045944214,1.5759257661579782e-05,0.1
6,54.266110827575375,59.81143404089886,0.10015778861303426,0.10594957394145404,55.12775120823028,56.77481001276635,2.853379395738918,3.1081144426977354,2.2728433565079067,2.616538046195754,2.853379395738918,3.1081144426977354,41.70854271356784,45.819397993311036,-0.07818949222564697,-0.3329967260360718,1.896822375212947e-05,0.125
7,56.618623653648285,65.97313664669177,0.1349019013108121,0.12574905057415914,66.56254655592006,63.457990639983215,2.829937764348297,3.356469407129447,2.8066266721217477,3.0997792287016392,2.829937764348297,3.356469407129447,41.12227805695142,45.819397993311036,-0.04173469543457031,-0.5291221141815186,2.285938966519435e-05,0.15
8,58.563004792435486,63.50525504530074,0.11074837847570677,0.09130304839997785,60.0979368379168,55.29750788251692,2.8983045011708883,2.9875770548115606,2.9952064622786376,3.719753719891194,2.8983045011708883,2.9875770548115606,40.95477386934673,45.819397993311036,-0.12148010730743408,-0.19860613346099854,2.7570396583288997e-05,0.17500000000000002
9,62.854785836122346,69.45696845421425,0.13186758407196608,0.1876733537302368,73.52767917498872,96.86114193205051,2.8921409871310644,3.0964432169362452,3.867671469747521,4.563884550113742,2.8921409871310644,3.0964432169362452,40.95477386934673,45.819397993311036,-0.09686613082885742,-0.31794440746307373,3.326316923375208e-05,0.2
10,67.33812501482429,67.78292162840981,0.19318269941974525,0.26064577848217557,104.50066348895356,126.04471894331202,2.9268325101989796,2.994098002296626,4.647652306548714,4.521149523680824,2.9268325101989796,2.994098002296626,40.95477386934673,45.819397993311036,-0.1482701301574707,0.050892531871795654,4.012655707396759e-05,0.22499999999999998
11,67.83337157615266,76.27285462956763,0.2664101118318599,0.13548599652024018,117.70309880191158,69.75816715202204,2.851926347119125,3.433732468946323,4.956474482314271,4.9256020692678595,2.851926347119125,3.433732468946323,40.95477386934673,45.819397993311036,-0.070046067237854,-0.5868346691131592,4.837844730438922e-05,0.25
12,68.74816865138273,68.510131249061,0.15349745024089237,0.20019418449704862,75.82458308234287,96.99162517024521,2.837236636447747,2.8318411227452716,5.206340597302869,5.165334306034356,2.837236636447747,2.8318411227452716,40.95477386934673,45.819397993311036,-0.05594742298126221,-0.05554795265197754,5.826685172296986e-05,0.275
13,68.97663548404049,68.22828748313879,0.21835283276124215,0.14545234474649396,102.14837163417184,66.1497210499435,2.732710173780994,2.8720300420869553,5.552094544996968,4.999550486089394,2.732710173780994,2.8720300420869553,40.95477386934673,45.819397993311036,-0.004606366157531738,-0.09989798069000244,7.006928192300347e-05,0.3
14,70.3341714421309,69.08956285304448,0.1670098250085984,0.15910774230159644,71.39579064322876,51.36008060417048,2.7878799614195446,2.9257452918534295,5.668591629520333,5.007991347424562,2.7878799614195446,2.9257452918534295,40.95477386934673,45.819397993311036,-0.04755234718322754,-0.12393271923065186,8.408952379742846e-05,0.325
15,70.82686107641888,69.91352530386935,0.16440172004240441,0.24378997770240873,56.51959889218635,85.98248630383341,2.857111828211364,2.8466522550104454,5.560018660035764,5.3922599629813615,2.857111828211364,2.8466522550104454,40.95477386934673,45.819397993311036,-0.06980264186859131,0.06969839334487915,0.00010065073863056549,0.35000000000000003
16,70.80820944960193,65.94045446389495,0.28115902878531257,0.206669043836785,94.85247961200861,81.26937371193365,2.7591655757559006,2.7573471268682574,5.825635484315243,4.872763821911254,2.7591655757559006,2.7573471268682574,40.95477386934673,45.819397993311036,-0.03356277942657471,0.06631213426589966,0.00012008371910009542,0.375
17,70.06884921535575,69.00686687609823,0.2353130054833302,0.2868237027954497,92.79421609849786,109.44408779080496,2.785139138974137,2.7861826667020155,5.60864122908319,5.382337018398935,2.785139138974137,2.7861826667020155,40.95477386934673,45.819397993311036,-0.03798520565032959,0.08302545547485352,0.00014270921383558732,0.4
18,73.32507912078295,71.94638097246354,0.2151190510746622,0.21116331812729405,99.47917928008778,106.38683000137176,2.8608974144486727,2.8682067386282726,6.035941100000736,5.738831277675055,2.8608974144486727,2.8682067386282726,40.95477386934673,45.819397993311036,-0.08571004867553711,-0.07058215141296387,0.0001688136332512095,0.42500000000000004
19,71.6179003563758,68.9351784696547,0.2145677161975522,0.19873937715256096,108.25108656891227,95.99776565908986,2.776601173170847,2.7946607787473545,5.946562898019251,5.3594917039010035,2.776601173170847,2.7946607787473545,40.95477386934673,45.819397993311036,-0.009119033813476562,-0.01613175868988037,0.0001986182953299768,0.44999999999999996
20,72.96452308539769,76.59421794470337,0.2325142785732071,0.2573175066490237,98.21312860587933,92.21346413092469,2.837454974351816,3.167093633409328,6.02947472088301,5.761816249643281,2.837454974351816,3.167093633409328,40.95477386934673,45.819397993311036,-0.04515981674194336,-0.3576422929763794,0.0002322437412844814,0.475
21,73.36918008826686,71.34244619005898,0.22640260043156207,0.1932499335960401,81.03453182814708,62.676824486773945,2.80083722445234,2.8968846654413536,6.221673381588167,5.535804984561576,2.80083722445234,2.8968846654413536,40.95477386934673,45.819397993311036,-0.03620123863220215,-0.10576629638671875,0.00026967247994862516,0.5
22,74.52894322636539,74.48687198090315,0.27769841331133693,0.37882169423294704,101.057385979785,140.3385938561481,2.762369461794395,2.806924841475726,6.556860533990652,6.392114534027201,2.762369461794395,2.806924841475726,40.95477386934673,45.819397993311036,-0.011839032173156738,0.029710829257965088,0.0003107154933535152,0.525
23,74.99455944936679,74.42481081142873,0.32441809141955386,0.238929494916396,125.7462433985929,93.40235834536345,2.7558519904138254,2.9463585244373336,6.657544487485135,5.991469167945377,2.7558519904138254,2.9463585244373336,40.95477386934673,45.819397993311036,-0.008817315101623535,-0.16794753074645996,0.00035498935008043036,0.55
24,75.32460706956822,71.80526784431177,0.22945713507669854,0.22939234448715198,81.09683889520028,82.62541703954588,2.750488655850716,2.787617590116418,6.761045551779282,5.945680967541443,2.750488655850716,2.787617590116418,40.95477386934673,45.819397993311036,-0.00791788101196289,0.07840955257415771,0.00040191102754766046,0.5750000000000001
25,75.61972987751665,73.7083649396099,0.3443473822607267,0.3837831423035433,117.77538561541431,131.54073821102895,2.7491431443934866,2.8449924534379836,6.797030420958297,6.118080714873247,2.7491431443934866,2.8449924534379836,40.95477386934673,45.819397993311036,0.0008657574653625488,0.11149328947067261,0.0004507158366848345,0.6
26,75.08238399128618,71.79564875982278,0.27065531889497735,0.23325350128089306,103.80953364795576,94.94471781548847,2.701381869851245,2.7780693669781638,6.847808692523183,5.968767253850216,2.701381869851245,2.7780693669781638,40.95477386934673,45.819397993311036,0.02553468942642212,0.05674046277999878,0.0005005,0.625
27,75.50745615487921,72.73945505403755,0.22811418756767732,0.21584009172326346,92.54514163223344,89.95749330042197,2.7125844568064066,2.7873689769502468,6.907929971589515,6.132715968383994,2.7125844568064066,2.7873689769502468,40.95477386934673,45.819397993311036,-0.003714442253112793,0.009423613548278809,0.0005502841633151655,0.65
28,76.37842888249025,72.83941318677819,0.22523718333523876,0.22000657096754347,97.67486852137887,100.08483177363674,2.7258093868268394,2.759175672977664,7.041507089956721,6.234362270521081,2.7258093868268394,2.759175672977664,40.95477386934673,45.819397993311036,0.010829925537109375,0.0977829098701477,0.0005990889724523396,0.675
29,76.39252516652272,73.0122576812438,0.23375564409260774,0.229445757525023,107.43572716896658,108.72868492611276,2.7152005947215274,2.7366291814823214,7.0722713302727325,6.332626516603706,2.7152005947215274,2.7366291814823214,40.95477386934673,45.819397993311036,0.02983146905899048,0.10922473669052124,0.0006460106499195698,0.7000000000000001
30,75.84133858736635,73.09937038868168,0.21911971231101945,0.2119403723191258,105.36019211198817,104.24375670570195,2.689590483254923,2.7319952819658364,7.041126685725584,6.367108939882106,2.689590483254923,2.7319952819658364,40.95477386934673,45.819397993311036,0.03491926193237305,0.08786201477050781,0.0006902845066464847,0.725
31,76.75557178388688,72.63306901606428,0.22041811935066977,0.1880995191160253,112.83987502157188,104.17082380211872,2.7322835175435944,2.7863675136629955,7.093675953658981,6.114654813721826,2.7322835175435944,2.7863675136629955,40.95477386934673,45.819397993311036,0.019464313983917236,0.001454174518585205,0.0007313275200513749,0.75
32,76.85985294258974,74.16676299946762,0.199708956395162,0.20310310725384334,114.18237768585358,110.21934095912155,2.705963327257677,2.754849487323825,7.196583245467501,6.511237107790434,2.705963327257677,2.754849487323825,40.95477386934673,45.819397993311036,0.0058509111404418945,0.049611449241638184,0.0007687562587155186,0.775
33,77.32982404188095,72.53921866018239,0.20569203399633443,0.1886513211755051,108.3432036995688,99.03635028851869,2.6944905733143663,2.740519937464226,7.323967778702677,6.232660228193405,2.6944905733143663,2.740519937464226,40.95477386934673,45.819397993311036,0.028989136219024658,0.10910868644714355,0.0008023817046700233,0.8
34,77.59599148288643,71.13017895548639,0.18511367423250846,0.17534154778140842,97.71022419633977,91.07448044588733,2.705763831609857,2.759940087595911,7.3486214394944795,5.895989048042425,2.705763831609857,2.759940087595911,40.95477386934673,45.819397993311036,0.03464120626449585,0.04127424955368042,0.0008321863667487907,0.8250000000000001
35,76.50109827498495,73.4857917198768,0.1817486898933024,0.1771228783405744,100.06586884413932,96.5116519481442,2.676673748984409,2.8202793422750005,7.216671755964832,6.184328643773312,2.676673748984409,2.8202793422750005,40.95477386934673,45.819397993311036,0.022044479846954346,-0.03802752494812012,0.0008582907861644128,0.8500000000000001
36,77.46826284335087,76.48168521740763,0.19522448098739387,0.19999726585121858,109.37646325908514,118.63950102943242,2.713714922692508,2.7095221667784113,7.294192694339721,7.106868267059326,2.713714922692508,2.7095221667784113,40.95477386934673,45.819397993311036,0.009563326835632324,0.11414498090744019,0.0008809162808999045,0.875
37,77.7725928480701,75.1002174556056,0.18392686218871943,0.17275429360045239,120.20971880326519,126.59928327579563,2.676180139458559,2.828808495033545,7.467546633939248,6.476270217959299,2.676180139458559,2.828808495033545,40.95477386934673,45.819397993311036,0.033909618854522705,0.12721401453018188,0.0009003492613694345,0.8999999999999999
38,78.7198760960769,75.28527005300873,0.17262608546707497,0.18327019819647172,119.30203339083111,113.56357977621532,2.721821283774959,2.731407430259679,7.522108379121202,6.8053527851168525,2.721821283774959,2.731407430259679,40.95477386934673,45.819397993311036,0.00987541675567627,0.05890190601348877,0.0009169104762025716,0.925
39,77.87512779555328,77.858874777089,0.18403714912720462,0.193532731919783,111.40754798109607,119.53338385744637,2.659319794158041,2.7057362384222023,7.5395164625528865,7.393603899008454,2.659319794158041,2.7057362384222023,40.95477386934673,45.819397993311036,0.022223949432373047,0.11352032423019409,0.0009309307180769967,0.95
40,78.53745818018314,74.72518908140253,0.1853113258553909,0.17175942529802737,119.43752785943062,119.39927017569143,2.6864516607281352,2.7079636667883116,7.588555054848318,6.764282866066515,2.6864516607281352,2.7079636667883116,40.95477386934673,45.819397993311036,0.03636598587036133,0.07996237277984619,0.0009427331482770302,0.9750000000000001
41,79.76361747243297,75.20212565138189,0.17506309165627112,0.15909944953129043,125.67155034817642,132.8887602126718,2.713237997275501,2.7740200124058036,7.754053512010942,6.661226690413561,2.713237997275501,2.7740200124058036,40.95477386934673,45.819397993311036,0.013814032077789307,0.13249307870864868,0.0009526215526956109,1.0
42,80.35867859091192,78.40756830323899,0.1519360099505739,0.1523685138361111,135.3704402290996,139.13628981982586,2.7677728347043495,2.7907221819644787,7.71201537641848,7.252135074258249,2.7677728347043495,2.7907221819644787,40.95477386934673,45.819397993311036,-0.022737503051757812,-0.006783843040466309,0.0009608734429260324,1.025
43,81.8638211989922,71.87389156890154,0.17018648345566276,0.13297387384451353,146.559708893998,126.71053505581757,2.7997512673612817,2.7247585285467446,7.91110660882052,6.149383412555707,2.7997512673612817,2.7247585285467446,40.95477386934673,45.819397993311036,-0.017609596252441406,0.0763249397277832,0.0009677368307662479,1.05
44,80.26002492217762,75.44867846638861,0.1560102535951477,0.15189810755061464,129.15314095144097,119.91757641029996,2.6359587658190446,2.808804417134926,8.087782359802144,6.609596067447726,2.6359587658190446,2.808804417134926,40.871021775544385,45.819397993311036,0.061226725578308105,-0.02417910099029541,0.000973429603416711,1.075
45,80.3337518509908,73.9035976754383,0.16693899469758997,0.14438845904973838,125.04705797767319,122.31574307955228,2.6553765253805035,2.7080347059562455,8.042770519927519,6.603809453970612,2.6553765253805035,2.7080347059562455,40.95477386934673,45.48494983277592,0.0473063588142395,0.15733808279037476,0.0009781406103348057,1.1
46,80.70466928146593,77.84946372756193,0.1521396012711565,0.14790817601824285,128.2141338457015,129.7801185531361,2.6812569631803376,2.7628944478306083,8.041553013288794,7.226137724209789,2.6812569631803376,2.7628944478306083,40.53601340033501,45.48494983277592,0.03790932893753052,0.04532140493392944,0.0009820317762478706,1.125
47,81.33516579377192,74.13298652164114,0.1523259119122871,0.1359202439171016,133.2634812295936,130.46851279982755,2.683256398493321,2.7012431238805967,8.160539881068857,6.669974869310257,2.683256398493321,2.7012431238805967,40.45226130653266,46.15384615384615,0.025187432765960693,0.08886122703552246,0.0009852407423384202,1.1500000000000001
48,81.0406051840215,76.78613850265043,0.1477960749487182,0.13838307733918512,139.17794411306207,140.01716761764476,2.657887175654247,2.765788189942223,8.177402188031119,7.004521684104383,2.657887175654247,2.765788189942223,40.7035175879397,45.819397993311036,0.03663921356201172,0.1357358694076538,0.00098788369345071,1.1749999999999998
49,81.42400944133101,75.8981677919726,0.1448402347876199,0.13592740295324038,141.38020835889245,133.78121157234727,2.637278928229557,2.729651806745242,8.316002377712946,6.937001239495931,2.637278928229557,2.729651806745242,40.53601340033501,44.481605351170565,0.06807076930999756,0.07707339525222778,0.0009900581499349627,1.2
50,81.12655372555732,75.86694851368168,0.14001607168559452,0.1262692580853019,137.19142288898104,137.7244755161247,2.6211552508112974,2.7486660257231033,8.306627104230461,6.874817581878458,2.6211552508112974,2.7486660257231033,39.949748743718594,43.47826086956522,0.07581937313079834,0.09479552507400513,0.0009918455914179935,1.225
51,81.76058144625307,74.204349913326,0.1363937764411396,0.1147512017584166,141.4846944633241,132.9146510605828,2.6793537930627562,2.811723135785514,8.258478933043616,6.356167169717642,2.6793537930627562,2.811723135785514,39.7822445561139,37.45819397993311,0.03056102991104126,-0.026448726654052734,0.001,1.25
52,81.73371805417877,80.34127664725517,0.13482748059371807,0.1375742904019595,142.54255034735854,144.57717992470018,2.666566780863495,2.779132387709857,8.29156920977773,7.674428273204178,2.666566780863495,2.779132387709857,38.60971524288107,45.1505016722408,0.04706168174743652,0.048928678035736084,0.001,1.275
53,82.55341680325455,79.66653661823592,0.13979664517307602,0.1415445316196684,141.82503858403345,139.1300441780218,2.719437652696517,2.7472861482945574,8.296046342482319,7.635313188750608,2.719437652696517,2.7472861482945574,38.52596314907873,44.481605351170565,0.0073244571685791016,0.14039379358291626,0.001,1.3
54,81.88477860902822,82.03298386283542,0.13118321257620003,0.15308760764407472,133.95395631007415,137.10917000148606,2.6641328063242797,2.7021472190933484,8.331530024657896,8.242115936151714,2.6641328063242797,2.7021472190933484,37.3534338358459,43.47826086956522,0.04207116365432739,0.09055179357528687,0.001,1.3250000000000002
55,82.83189269406112,78.56386609539938,0.14188095200900455,0.13104660086408507,136.20474680224854,139.304135785055,2.657417568928832,2.715295391337927,8.538508490302055,7.5128180111531035,2.657417568928832,2.715295391337927,36.4321608040201,41.80602006688963,0.045379698276519775,0.11265897750854492,0.001,1.35
56,83.37222048505467,75.69554181561422,0.1356451040885756,0.11934551748643352,142.22461453794034,138.67471558433712,2.694735648843711,2.703544489914757,8.534662818589203,6.976871331001205,2.694735648843711,2.703544489914757,35.175879396984925,32.441471571906355,0.044555604457855225,0.07716447114944458,0.001,1.375
57,83.02712194803772,78.15608378636797,0.13489754944790147,0.13002608681602223,148.94319211617986,150.0334634940361,2.675176026633437,2.751199176080251,8.523128075016603,7.321607020387681,2.675176026633437,2.751199176080251,31.993299832495815,32.441471571906355,0.05807316303253174,0.15095114707946777,0.001,1.4000000000000001
58,83.5189397227225,84.52310211283707,0.11975535278643795,0.14968131073940558,149.429131078161,162.624120348672,2.72828581984119,2.7154797638539088,8.465093366664458,8.695720176632987,2.72828581984119,2.7154797638539088,25.29313232830821,41.1371237458194,-0.007832050323486328,0.13996708393096924,0.001,1.4249999999999998
59,82.96240633097126,75.49024356089308,0.13534451623008878,0.10353814038046227,156.9358895459966,141.71342539707553,2.6479142502923705,2.6903412876320525,8.590282240504996,6.977974893257371,2.6479142502923705,2.6903412876320525,28.8107202680067,19.732441471571907,0.061015546321868896,0.11416685581207275,0.001,1.45
60,83.52348497604805,79.90197103238823,0.12420078666515685,0.11591815375364743,146.1194051106771,141.48438020533942,2.645905842134102,2.6920854606756,8.712915672928444,7.852657179369975,2.645905842134102,2.6920854606756,22.529313232830823,20.401337792642142,0.06558245420455933,0.11147183179855347,0.001,1.4749999999999999
61,86.45883024078319,86.1080090066661,0.11489907331402777,0.11977437995747978,141.4372491373289,145.1914869327609,2.64500068859439,2.740634069793599,9.30549673978208,8.946706548582352,2.64500068859439,2.740634069793599,16.331658291457288,20.735785953177256,0.034970641136169434,0.12341189384460449,0.001,1.5
62,89.24637859350872,88.2191430541584,0.11326155156346422,0.10595562979329788,146.07764397753743,144.9721023406472,2.669033413955714,2.6895820153596808,9.790307636037344,9.524896937469176,2.669033413955714,2.6895820153596808,17.504187604690117,19.39799331103679,0.06454390287399292,0.09571993350982666,0.001,1.525
63,90.47733704328937,89.59007166221389,0.11515103053407653,0.10009560163403833,149.5473928020228,146.55291722530507,2.613165785519522,2.6652562315248725,10.20303028752057,9.872916183344097,2.613165785519522,2.6652562315248725,16.08040201005025,18.729096989966553,0.06192910671234131,0.13373970985412598,0.001,1.55
64,92.4017547402949,91.59691433603548,0.11017647194652701,0.09983805454893654,153.3708580183224,152.6927851035842,2.616489477093695,2.6647831412860783,10.5781731757287,10.274527348802241,2.616489477093695,2.6647831412860783,15.41038525963149,19.39799331103679,0.092365562915802,0.0903630256652832,0.001,1.575
65,94.6707912425899,93.43561398305224,0.10198856146391512,0.09489980925584716,156.29154771456567,154.95820740154355,2.6723249298044585,2.670395371905936,10.865527574740463,10.625965529859664,2.6723249298044585,2.670395371905936,16.164154103852596,18.394648829431436,0.02247697114944458,0.1262582540512085,0.001,1.6
66,94.58378428550222,94.55138708516508,0.09649899560752226,0.09675862318695987,155.3482591638613,155.65763880496837,2.6478662778384723,2.6864128989918177,10.922788575266674,10.800556176482235,2.6478662778384723,2.6864128989918177,16.917922948073702,19.063545150501675,0.07728207111358643,0.13256549835205078,0.001,1.625
67,96.1216801271167,94.75088166712119,0.09676600257605564,0.08740948753612097,155.89708624093777,151.99046682912768,2.6572771687403796,2.6624032239052764,11.201972090818575,10.91508593926063,2.6572771687403796,2.6624032239052764,17.16917922948074,18.729096989966553,0.0648680329322815,0.08562874794006348,0.001,1.6500000000000001
68,96.20084168962897,95.35237978932052,0.09981052602455644,0.08664915566161324,158.1220122677597,151.81480326062461,2.6269671293958345,2.6843962709241884,11.307680618822873,10.969594269691902,2.6269671293958345,2.6843962709241884,15.661641541038525,19.063545150501675,0.06283015012741089,0.08628761768341064,0.001,1.675
69,97.65007374314607,95.09345148399123,0.0918955335415388,0.09620985513347446,154.64877273329537,156.88734936156,2.683733994836983,2.7036352372887142,11.429504099004033,10.857166067014969,2.683733994836983,2.7036352372887142,17.922948073701843,19.063545150501675,0.05197101831436157,0.12827908992767334,0.001,1.7000000000000002
70,96.58234795294015,94.93896941118017,0.09157850196463378,0.08862209484529336,153.26808713468876,151.118194018718,2.6447181234407666,2.7028893076855205,11.333345769438113,10.831177724245002,2.6447181234407666,2.7028893076855205,17.08542713567839,18.394648829431436,0.0660291314125061,0.11812955141067505,0.001,1.7249999999999999
71,96.236596751253,96.41708583257669,0.09595433958311576,0.08486497633931629,154.95326894891122,153.13020304293934,2.614503477086973,2.681970299685679,11.353627498824792,11.189906589163586,2.614503477086973,2.681970299685679,16.666666666666664,19.732441471571907,0.08169323205947876,0.08184635639190674,0.001,1.75
72,96.95011972143023,95.76159188261,0.09324061391341626,0.09222224461892775,162.52414198576705,166.52485549569528,2.6330843698638966,2.705237492271092,11.439617958899518,10.984856831987566,2.6330843698638966,2.705237492271092,16.750418760469014,19.063545150501675,0.06960344314575195,0.11833822727203369,0.001,1.775
73,97.02785329643007,97.0778349299096,0.08589185253908886,0.08213944013003123,161.7335476260289,158.65915804961853,2.6610029191028333,2.7498123589965413,11.373036815892512,11.117969723449503,2.6610029191028333,2.7498123589965413,18.509212730318257,19.063545150501675,0.035060763359069824,0.024264991283416748,0.001,1.7999999999999998
74,96.99217620287308,96.32655620255997,0.09594310040100536,0.08417660130007211,166.30230038130102,160.7828182360799,2.6763780344670742,2.698213357191819,11.316851887471312,11.12167970472355,2.6763780344670742,2.698213357191819,16.834170854271356,19.39799331103679,0.041408658027648926,0.08212262392044067,0.001,1.825
75,98.01438822019439,96.02781845654134,0.08607928674524554,0.0874578877785134,161.69620719666855,164.17739235358096,2.6550915321113675,2.7023970179733223,11.588048216086536,11.048045783537287,2.6550915321113675,2.7023970179733223,17.67169179229481,19.063545150501675,0.047499120235443115,0.13473743200302124,0.001,1.85
76,98.30802399908478,96.85123032789964,0.08556980454991611,0.08030775436091184,164.58725011368693,164.54282999198173,2.637959032202486,2.67679119668278,11.697696492500242,11.290902163272717,2.637959032202486,2.67679119668278,17.67169179229481,18.729096989966553,0.08309835195541382,0.11698871850967407,0.001,1.875
77,97.99180781941118,97.02241817206443,0.08416018633786558,0.0784163587169105,167.2676925275793,164.6245430018192,2.608797789019356,2.656502966896746,11.721682583666727,11.386365986189317,2.608797789019356,2.656502966896746,16.750418760469014,18.729096989966553,0.06888866424560547,0.12286919355392456,0.001,1.9
78,99.20785323099874,97.99382937632276,0.08327931170687204,0.07984651283775285,168.62172628687054,169.8355384750111,2.652020238352381,2.717512960019319,11.835129229866679,11.396291174617499,2.652020238352381,2.717512960019319,17.504187604690117,17.725752508361204,0.07239764928817749,0.09607851505279541,0.001,1.925
79,98.70970512914099,96.66629839740868,0.08128939670084709,0.07485132178534633,171.18868589161627,166.69884442485696,2.644928991694746,2.6615814819782475,11.756658109987601,11.300205431654302,2.644928991694746,2.6615814819782475,17.08542713567839,19.063545150501675,0.07474488019943237,0.11017686128616333,0.001,1.9500000000000002
80,98.62713145091506,97.13141040100302,0.0804501480018873,0.07845222374368271,171.13613779141477,173.08962629949767,2.640397702429562,2.686603099606109,11.753915722845388,11.316164316540977,2.640397702429562,2.686603099606109,17.33668341708543,18.394648829431436,0.04884737730026245,0.10037428140640259,0.001,1.975
81,99.42365866809634,97.40789932710271,0.07904784488717914,0.0764619236357236,175.83208109026577,177.2256412059567,2.6632351483931296,2.698965027978189,11.844050172585339,11.333946964812519,2.6632351483931296,2.698965027978189,16.331658291457288,17.391304347826086,0.0745307207107544,0.12115782499313354,0.001,2.0
82,100.15405773118114,97.20760899164206,0.07744131294676607,0.07535091859839832,177.31728653133015,178.27522461549893,2.680307829999045,2.6888455204341724,11.938936244702619,11.32425934973369,2.680307829999045,2.6888455204341724,16.750418760469014,18.06020066889632,0.042713701725006104,0.11932706832885742,0.001,2.0250000000000004
83,99.39125464869105,98.07232359819189,0.07671438563159562,0.07044985693533684,179.3529717526843,176.22044908402356,2.6402957347569553,2.6568240744613085,11.90615012937255,11.594657751230093,2.6402957347569553,2.6568240744613085,16.24790619765494,18.729096989966553,0.07103937864303589,0.12845486402511597,0.001,2.05
84,98.39379979937121,98.32020762772066,0.07464298015613252,0.069342068929138,179.4215257858711,178.2798519581058,2.5898542587880913,2.664757143294931,11.858383624397929,11.620246246108243,2.5898542587880913,2.664757143294931,17.08542713567839,18.394648829431436,0.0930904746055603,0.10334992408752441,0.001,2.0749999999999997
85,98.72353525337462,98.09941055144753,0.07243953662701388,0.06790501395097145,180.2815701534201,177.90545623677232,2.5983747793002743,2.6596376927800005,11.899039043253989,11.591806660527768,2.5983747793002743,2.6596376927800005,17.08542713567839,19.39799331103679,0.09463465213775635,0.13897675275802612,0.001,2.1
86,100.43346756467068,99.66876062501633,0.07200559902580539,0.06456710916498433,179.77338911660354,173.9311467811814,2.6489027708619086,2.6767336676352,12.089629293087139,11.8558510298713,2.6489027708619086,2.6767336676352,16.666666666666664,19.39799331103679,0.036813437938690186,0.067776620388031,0.001,2.125
87,100.2252758288104,98.44042218568731,0.07031687295416891,0.06637161372098635,179.14851312940843,180.01162974890258,2.662219509207823,2.684749073009427,12.008503758927286,11.584560607986706,2.662219509207823,2.684749073009427,17.33668341708543,17.725752508361204,0.061634957790374756,0.11567509174346924,0.001,2.15
88,101.14368547346923,99.05970646784856,0.06562480379139358,0.06316003012766806,181.35434800855677,183.02477246542838,2.6716615854196215,2.671235827697958,12.164356373862006,11.748996575141831,2.6716615854196215,2.671235827697958,16.917922948073702,19.39799331103679,0.02621239423751831,0.10631293058395386,0.001,2.175
89,101.30103379957241,99.6384067854355,0.06738988132882158,0.06409083006523525,185.90631888180323,183.50633989927363,2.641485804089749,2.6751419748350926,12.285090192478506,11.852736016978389,2.641485804089749,2.6751419748350926,16.750418760469014,18.394648829431436,0.053315162658691406,0.12116098403930664,0.001,2.2
90,101.01807734554936,100.63115082297436,0.0660921019475464,0.06119825947643522,184.70529353718462,181.84852625614025,2.614502360872687,2.7288830280303955,12.309949009063056,11.890971965215677,2.614502360872687,2.7288830280303955,17.252931323283082,18.729096989966553,0.09410268068313599,0.061180293560028076,0.001,2.225
91,100.5114705199173,99.6767020337159,0.06541934686789361,0.06230586285026975,185.61991774975954,184.21728893267272,2.5824112640553385,2.679327608350926,12.304852653388402,11.848053351692531,2.5824112640553385,2.679327608350926,17.001675041876048,19.732441471571907,0.07642149925231934,0.13099408149719238,0.001,2.25
92,101.59620809634926,100.8776575299011,0.06629957450893856,0.05989505750528945,188.40287852327228,185.52672319188963,2.6167461632484166,2.6781085215284675,12.418062513597446,12.092121522960854,2.6167461632484166,2.6781085215284675,16.666666666666664,19.063545150501675,0.10266286134719849,0.11081033945083618,0.001,2.275
93,101.18560343731188,100.46532876515468,0.06262676834660759,0.0600427833438717,188.6817725611292,188.6749030275887,2.639624385178788,2.708272819933684,12.267985741696766,11.918503675173756,2.639624385178788,2.708272819933684,17.587939698492463,19.063545150501675,0.0677410364151001,0.1086154580116272,0.001,2.3000000000000003
94,100.3035351419369,100.74750705068327,0.0625431021141946,0.059350552778678595,189.60212528605757,185.4629417087721,2.567900923628304,2.666888377339545,12.306575140961051,12.099872994183697,2.567900923628304,2.666888377339545,16.582914572864322,19.063545150501675,0.08561128377914429,0.12040209770202637,0.001,2.325
95,102.31860553479474,99.66769368353496,0.06331551726439491,0.06113126789247711,188.02758472129528,187.31374785254232,2.6227186173450208,2.658478638001509,12.545296328750688,11.908413568069305,2.6227186173450208,2.658478638001509,16.666666666666664,17.05685618729097,0.08616006374359131,0.15976166725158691,0.001,2.3499999999999996
96,101.60218150332146,101.13868315323539,0.06307751548724558,0.05720251753776767,188.52452036284123,184.65533146172464,2.612991590995086,2.685138859477729,12.431141214354753,12.123948071712634,2.612991590995086,2.685138859477729,16.750418760469014,18.729096989966553,0.08066189289093018,0.10366928577423096,0.001,2.375
97,102.27098813208703,100.62406809114692,0.06097816167340007,0.05735212558238802,189.1815564844077,188.93913223113503,2.6258707989000993,2.6952881932657298,12.526553160381477,11.989691491908452,2.6258707989000993,2.6952881932657298,16.582914572864322,18.394648829431436,0.08478552103042603,0.12367349863052368,0.001,2.4
98,101.72233352788929,101.64827781855861,0.05911328332807551,0.055456409473782,191.09689471629795,190.19319821360918,2.5875791161503625,2.6836429471554966,12.531687155041462,12.229596820563376,2.5875791161503625,2.6836429471554966,17.08542713567839,18.729096989966553,0.1022951602935791,0.10046881437301636,0.001,2.425
99,101.32399045602361,101.39491185217,0.058931276770043416,0.05475921289727441,193.934238401889,190.51798291668845,2.5647848387259735,2.6829052330259495,12.519870564765867,12.181210884681114,2.5647848387259735,2.6829052330259495,15.912897822445563,19.063545150501675,0.07575255632400513,0.10030478239059448,0.001,2.45
100,102.32268423211434,102.2512891890612,0.0574396974976538,0.055205136674602695,192.3574240219653,190.934802511464,2.607843449367351,2.689050862621703,12.591047132035197,12.33387750606473,2.607843449367351,2.689050862621703,17.16917922948074,18.729096989966553,0.08293396234512329,0.13467735052108765,0.001,2.475
101,101.33478841350306,101.86670455167126,0.05888060472244194,0.055659463398632,194.1023026407264,191.66142278052493,2.56815478630002,2.6977841646774956,12.511896404988402,12.230524321463594,2.56815478630002,2.6977841646774956,16.331658291457288,18.729096989966553,0.11526793241500854,0.1182633638381958,0.001,2.5
102,101.58087749896536,102.2079352949774,0.058239420017904574,0.05450795615795863,193.6575146136771,191.472859666499,2.5927632194467924,2.6868429199907693,12.48750666837197,12.331862073279543,2.5927632194467924,2.6868429199907693,16.750418760469014,18.729096989966553,0.08619880676269531,0.10493141412734985,0.001,2.5
103,102.1823934174862,101.71371015976105,0.05794995132727639,0.055544880097327026,194.9080309077124,193.77212488691146,2.586748773728184,2.686132944547213,12.625660685438607,12.234479275834202,2.586748773728184,2.686132944547213,16.331658291457288,18.394648829431436,0.0868878960609436,0.12117886543273926,0.001,2.5
104,101.8693688039604,102.30064644701903,0.058420023214777114,0.05423825070959668,195.89212685334223,192.20898508945834,2.615599171799831,2.680542705848464,12.476213913666744,12.36921247909699,2.615599171799831,2.680542705848464,16.499162479061976,19.063545150501675,0.08296388387680054,0.11830520629882812,0.001,2.5
105,102.20461555621532,102.2662502531224,0.05658419033390793,0.05242799989953886,194.33541259254443,191.65101424507472,2.6175475048659433,2.6770324292390244,12.538096927917582,12.373336670789431,2.6175475048659433,2.6770324292390244,17.08542713567839,18.394648829431436,0.07481426000595093,0.12894684076309204,0.001,2.5
106,101.81397931020663,101.35430683659072,0.056007708093678735,0.05330254341846326,195.7014205651467,194.61457865533222,2.5904346466863175,2.6640195304334764,12.541150010011503,12.229219452593238,2.5904346466863175,2.6640195304334764,17.001675041876048,18.729096989966553,0.10000437498092651,0.1459614634513855,0.001,2.5
107,102.05359584482471,102.32852553045471,0.05631771676828913,0.051893541732659705,197.84894419914514,194.05699974238672,2.635799904764198,2.694761591212805,12.452485991882119,12.332230181997037,2.635799904764198,2.694761591212805,16.750418760469014,19.063545150501675,0.06898748874664307,0.0909426212310791,0.001,2.5
108,100.49032199163133,102.89855426290761,0.05422552691232819,0.05166684221912387,195.8208876566671,193.89708441794915,2.527830994109213,2.680196236607223,12.464562256332218,12.490008772017566,2.527830994109213,2.680196236607223,17.67169179229481,18.394648829431436,0.10975021123886108,0.11431771516799927,0.001,2.5
109,103.03233754015848,102.42489077973127,0.055089857229585426,0.05227386242520052,197.3043474360327,195.64786965870937,2.6217366439014222,2.695148884253358,12.690778812172026,12.349946972518461,2.6217366439014222,2.695148884253358,17.001675041876048,19.39799331103679,0.07703429460525513,0.11732745170593262,0.001,2.5
110,102.57087863430107,102.18770145173855,0.05560472606988608,0.052566471606193974,198.8668654040875,196.88718243346963,2.6341853936513266,2.6804259963657544,12.560725076314393,12.346371108472946,2.6341853936513266,2.6804259963657544,16.499162479061976,18.729096989966553,0.06510663032531738,0.1209254264831543,0.001,2.5
111,101.57186766964706,102.29667265518852,0.0552770233209209,0.05174928032684087,198.92274372861215,196.08293279437316,2.5413793583012105,2.652979298180162,12.639395443838046,12.450829595227704,2.5413793583012105,2.652979298180162,17.252931323283082,18.729096989966553,0.11671948432922363,0.13794028759002686,0.001,2.5
112,103.03520418611204,102.6813681356883,0.05474055823019801,0.0518039466196478,198.7936901814574,196.8371069662547,2.6038454709140897,2.699461153917089,12.744797639511338,12.388161923973058,2.6038454709140897,2.699461153917089,16.834170854271356,19.39799331103679,0.0954364538192749,0.12172192335128784,0.001,2.5
113,101.78329092054511,101.99048966627855,0.05471736532160185,0.051704170500056004,199.3420856162731,197.3063338161711,2.5564158697623505,2.6877192358508157,12.63659884262724,12.28513792605703,2.5564158697623505,2.6877192358508157,16.750418760469014,19.39799331103679,0.11722010374069214,0.129116952419281,0.001,2.5
114,102.35715367047231,102.07680991182359,0.05449912439364085,0.050868728251062506,199.80736113632943,197.04772367445523,2.5628704521524246,2.674664717454177,12.73195824231734,12.341784387926593,2.5628704521524246,2.674664717454177,16.499162479061976,18.394648829431436,0.11710083484649658,0.12661850452423096,0.001,2.5
115,101.48565381176309,102.40690212185964,0.053855049837274564,0.05112718046957434,199.66646574649778,197.86540834560842,2.5889180812803745,2.6697355672268563,12.479672443127912,12.422374779564082,2.5889180812803745,2.6697355672268563,16.582914572864322,19.063545150501675,0.08864599466323853,0.12393814325332642,0.001,2.5
116,102.32788980506373,102.40099975177675,0.05408495194723258,0.05121242157790972,200.44145044170233,197.80973407656055,2.562083918445274,2.679878247621466,12.72842102434168,12.390760507870677,2.562083918445274,2.679878247621466,16.415410385259634,19.063545150501675,0.11446744203567505,0.13031858205795288,0.001,2.5
117,102.5281188555898,102.56673571736518,0.05416636578301888,0.05125303612554751,200.2954321882034,198.01678206529905,2.5910976028921615,2.6799300466492824,12.681439056268689,12.423702817298098,2.5910976028921615,2.6799300466492824,16.582914572864322,18.394648829431436,0.09707039594650269,0.12099844217300415,0.001,2.5
118,103.03567039706998,102.64216072822494,0.053845081478357315,0.050404181074737306,200.56122730964393,197.87311270723376,2.5945476259618148,2.6826727414210905,12.772610098872352,12.430758409276853,2.5945476259618148,2.6826727414210905,16.750418760469014,19.39799331103679,0.07761609554290771,0.12121939659118652,0.001,2.5
119,102.68419971817502,102.15669873087701,0.05366819787464749,0.05079631988320462,200.87391049179,198.97863672569045,2.562828038405733,2.6718081837912466,12.797447373918953,12.365960609155355,2.562828038405733,2.6718081837912466,16.415410385259634,18.729096989966553,0.10933387279510498,0.14514589309692383,0.001,2.5
120,102.64730707165384,102.24951148910267,0.053769214518705206,0.05021936842629742,201.49741392918367,198.46586164901888,2.5710201443140233,2.663965037833887,12.765347464799481,12.40827082311828,2.5710201443140233,2.663965037833887,16.582914572864322,18.06020066889632,0.10135400295257568,0.1395660638809204,0.001,2.5
121,103.22818736934182,102.467620824093,0.05314626461721744,0.049944575801242556,200.90772785333732,198.47182002753317,2.6159347002230695,2.659522114788808,12.74702283165962,12.465274887340124,2.6159347002230695,2.659522114788808,16.834170854271356,19.39799331103679,0.07687133550643921,0.14216536283493042,0.001,2.5
122,102.45997854772725,102.69594670936814,0.053252814896092744,0.050127510591892896,201.1522859864099,198.54221030142793,2.595328267894598,2.6739634223606275,12.655130036512212,12.467564901779328,2.595328267894598,2.6739634223606275,16.834170854271356,19.39799331103679,0.0914841890335083,0.13706958293914795,0.001,2.5
123,102.4290645605755,102.62749937944189,0.052796497947257166,0.04963670790594158,200.7145166445018,197.82041696401743,2.5944427952694533,2.655479033256454,12.651782716338959,12.509571853688728,2.5944427952694533,2.655479033256454,17.001675041876048,18.729096989966553,0.09951967000961304,0.13683223724365234,0.001,2.5
124,102.93454242751027,102.17721680095762,0.052567196208078856,0.050142562496522596,200.6303408573221,198.65240544858187,2.594549811265776,2.6714719426273104,12.752619494145838,12.37126846696222,2.594549811265776,2.6714719426273104,17.42043551088777,18.729096989966553,0.08176451921463013,0.13510721921920776,0.001,2.5
125,102.90916632008512,101.95050084551042,0.05310480087571208,0.05020071987224662,201.23591117922786,198.79465977085076,2.5707212085500233,2.6730758346442793,12.818801438988153,12.321072993071184,2.5707212085500233,2.6730758346442793,16.499162479061976,19.063545150501675,0.08283364772796631,0.13261806964874268,0.001,2.5
126,101.70644071952782,102.5208771364346,0.0531980563298342,0.05004374884741761,201.3357890015671,198.85523956196764,2.53201172579473,2.666446807791158,12.694346432709814,12.455054850881314,2.53201172579473,2.666446807791158,16.415410385259634,18.394648829431436,0.14297586679458618,0.13672703504562378,0.001,2.5
127,102.45041730615561,102.56697271340667,0.05277611579827128,0.04952872890891837,201.13123271692936,198.49357870350713,2.568606333117589,2.667736975245651,12.733483089274497,12.460580041177296,2.568606333117589,2.667736975245651,16.834170854271356,19.063545150501675,0.10340052843093872,0.1329619288444519,0.001,2.5
128,102.16527732452955,102.20043376297457,0.05274858049287069,0.04999662629238339,201.5506049688138,199.36946085543934,2.537977967829361,2.666923794858033,12.768261530890536,12.389442475743119,2.537977967829361,2.666923794858033,16.499162479061976,19.39799331103679,0.1161726713180542,0.13190531730651855,0.001,2.5
129,102.18283771150675,102.9226071667113,0.05271306644557309,0.04963777150746971,201.59647593026983,198.89566182930733,2.5385053217710563,2.6819217834982982,12.770189489751205,12.489049649956234,2.5385053217710563,2.6819217834982982,16.582914572864322,19.39799331103679,0.12511712312698364,0.13139432668685913,0.001,2.5
130,102.71695010186839,102.34350494078569,0.052625538803125343,0.05005349813147532,201.69540929235205,199.86937654935397,2.585823162117196,2.670957208875828,12.735056249340575,12.4058448383242,2.585823162117196,2.670957208875828,17.001675041876048,18.729096989966553,0.10531628131866455,0.13913553953170776,0.001,2.5
131,102.6051980023408,102.79860626016573,0.05311981899978927,0.05006588903258875,202.61483452827287,200.30259684176747,2.567062663872238,2.67752090345657,12.768704494239897,12.477084963616718,2.567062663872238,2.67752090345657,16.415410385259634,19.063545150501675,0.10112637281417847,0.1336638331413269,0.001,2.5
132,103.0497842913297,102.38101813785208,0.052959119292659375,0.049943662357569536,202.81759571989178,200.4324690394577,2.6137772009800027,2.674186474503482,12.71746995820472,12.403569167274297,2.6137772009800027,2.674186474503482,16.582914572864322,19.39799331103679,0.09019184112548828,0.13863849639892578,0.001,2.5
133,103.41802054553774,102.4384705916695,0.05273884401923448,0.04953256691728149,203.14682144855135,200.60916489821213,2.612220947466903,2.6752172752367613,12.795764501370376,12.412013698182378,2.612220947466903,2.6752172752367613,16.750418760469014,19.063545150501675,0.08588999509811401,0.12431228160858154,0.001,2.5
134,101.73544803536318,102.7946054720161,0.05234444349804516,0.049207681746387164,203.0988062055067,200.322072976409,2.5343729303510143,2.6763308008378965,12.692882588960018,12.480023492538809,2.5343729303510143,2.6763308008378965,16.331658291457288,19.39799331103679,0.11428755521774292,0.12457585334777832,0.001,2.5
135,103.14381508371937,102.52200848123302,0.05213296727294499,0.049380208374963555,202.83255505841382,200.44537185107586,2.619082810291693,2.6620746113384848,12.720521663301554,12.468212819817074,2.619082810291693,2.6620746113384848,16.499162479061976,19.39799331103679,0.0701403021812439,0.13161426782608032,0.001,2.5
136,103.51639187555617,102.33048156432085,0.05226968080928577,0.049189760271821134,203.02234765952156,200.56563172611504,2.62395381488193,2.653398952356549,12.78035831451416,12.455947764342445,2.62395381488193,2.653398952356549,16.917922948073702,19.063545150501675,0.08329576253890991,0.14222866296768188,0.001,2.5
137,102.26827205485435,102.86932753240784,0.052304642852177376,0.04922149025128039,203.22218524670882,200.6821621285633,2.5643731265810867,2.6806221183725825,12.709429825570316,12.48201824430638,2.5643731265810867,2.6806221183725825,16.24790619765494,19.063545150501675,0.1183043122291565,0.1326865553855896,0.001,2.5
138,102.04070863452189,102.70087108803433,0.05208899976819804,0.04905961088861111,203.1527209769142,200.5598599743285,2.5254428278860734,2.668016215231905,12.780765044629275,12.48620213473521,2.5254428278860734,2.668016215231905,16.917922948073702,19.063545150501675,0.12335926294326782,0.1331152319908142,0.001,2.5
139,102.32943145394125,102.56202432383661,0.052064229657801754,0.049177898062910126,203.16809810465904,200.7084788446841,2.549140668594258,2.6605351824425534,12.767417933273954,12.480822091118547,2.549140668594258,2.6605351824425534,16.917922948073702,18.394648829431436,0.11404919624328613,0.1402055025100708,0.001,2.5
140,103.0384853880609,102.31668131646504,0.05209495515330153,0.04889856737393599,203.3509507171273,200.84026890375145,2.5830804259333777,2.665669454778716,12.80736634399823,12.416380021085708,2.5830804259333777,2.665669454778716,16.415410385259634,19.732441471571907,0.09332752227783203,0.13687336444854736,0.001,2.5
141,102.01799363946196,102.75458131107598,0.052024753199550175,0.049065173145719995,203.40446408270194,200.91816400126072,2.5690492533359497,2.6770799718174247,12.64536474378065,12.469680751047804,2.5690492533359497,2.6770799718174247,17.001675041876048,19.063545150501675,0.1126105785369873,0.12901067733764648,0.001,2.5
142,102.84496045392163,102.66853743333083,0.05194611319495206,0.04917714197848951,203.6979803344113,201.4682364065113,2.570196617787807,2.680686553585091,12.807273735353096,12.441519210968528,2.570196617787807,2.680686553585091,16.666666666666664,19.063545150501675,0.10323303937911987,0.1331806778907776,0.001,2.5
143,102.16429051282617,102.50081754448422,0.052061641024085545,0.04916567929761864,204.06397386611607,201.52918603189016,2.5429844233258883,2.668799728055463,12.752679522912107,12.44362508652601,2.5429844233258883,2.668799728055463,16.24790619765494,19.063545150501675,0.11545342206954956,0.12992620468139648,0.001,2.5
144,102.83206330112476,102.98284779424253,0.05202498121602052,0.049173094780748106,204.09968980952124,201.3939298291669,2.5803314289655317,2.694784166023484,12.774193373956473,12.462104054199015,2.5803314289655317,2.694784166023484,16.499162479061976,19.063545150501675,0.09118938446044922,0.1216045618057251,0.001,2.5
145,102.77599341106574,102.70237083817804,0.05189697102485989,0.049015452468574645,203.9105718922575,201.4099343086166,2.5893423557281494,2.6683304692590517,12.7360100610372,12.485396917847089,2.5893423557281494,2.6683304692590517,16.415410385259634,19.39799331103679,0.1096951961517334,0.128179669380188,0.001,2.5
146,102.72377057610645,102.63466330435763,0.052017602688902785,0.04889715808041917,204.02089810011975,201.46970395499648,2.5718723876991465,2.658840421848871,12.777929242132497,12.500338394905015,2.5718723876991465,2.658840421848871,16.499162479061976,19.063545150501675,0.1008065938949585,0.136216402053833,0.001,2.5
147,104.11352797209517,102.52972401902827,0.05189998989528547,0.048883739497549955,204.0507527260325,201.52018482629273,2.6144999774856186,2.6667466554354666,12.928015785600671,12.455624312461419,2.6144999774856186,2.6667466554354666,16.24790619765494,19.063545150501675,0.07239735126495361,0.13247054815292358,0.001,2.5
148,102.14598111611116,102.57338694186514,0.051786666065204885,0.04897109916228116,204.0926875588882,201.56467276991012,2.5446568038595383,2.673346412620417,12.744050003575719,12.44453093040747,2.5446568038595383,2.673346412620417,16.750418760469014,19.063545150501675,0.11496710777282715,0.1242060661315918,0.001,2.5
149,103.30099235547448,102.6890933952204,0.05174158602154235,0.04894253138116371,204.11685459258368,201.5167545076198,2.6132012815331693,2.6718567900833077,12.76942318927503,12.472156626723681,2.6132012815331693,2.6718567900833077,16.917922948073702,19.39799331103679,0.06721794605255127,0.1292499303817749,0.001,2.5
150,103.20052906336697,102.94357616207671,0.05166717976256831,0.04867968783031738,204.05048788252788,201.4284076499301,2.5873609519683733,2.6710775751732663,12.826879788882769,12.525461298964892,2.5873609519683733,2.6710775751732663,16.08040201005025,19.063545150501675,0.10130912065505981,0.13158077001571655,0.001,2.5
151,103.01155276913539,102.91260837312527,0.05165479947474334,0.04870952087700566,204.0233785095726,201.46189803821986,2.572628258860091,2.677889016160997,12.833290138436322,12.498821236218099,2.572628258860091,2.677889016160997,16.582914572864322,19.063545150501675,0.10291677713394165,0.12069958448410034,0.001,2.5
152,103.51169924839857,102.69289074135465,0.05151272574486445,0.048677999862659735,203.9472926920982,201.3643691149045,2.6063575768590574,2.6604242340776834,12.83217534268122,12.507296492024807,2.6063575768590574,2.6604242340776834,16.917922948073702,19.063545150501675,0.08173280954360962,0.13741672039031982,0.001,2.5
153,103.29750283399419,102.95065376511386,0.051514521316068256,0.048570519294527464,203.93480192916078,201.4578483862223,2.6182298931843873,2.681102334057607,12.753720706831071,12.496818013015798,2.6182298931843873,2.681102334057607,16.750418760469014,19.063545150501675,0.07471239566802979,0.12336522340774536,0.001,2.5
154,102.4392786457311,102.63672262848819,0.05155227818156607,0.04858212893124807,204.11697492487667,201.65334409375654,2.5680634799714466,2.6634000456054077,12.732531368632612,12.48709622513889,2.5680634799714466,2.6634000456054077,16.750418760469014,19.063545150501675,0.10661840438842773,0.13010966777801514,0.001,2.5
155,103.70002381086749,102.62047875445822,0.051514427247808206,0.04849960230116462,204.22337962394982,201.7039718372766,2.6065771831339926,2.6504470871443733,12.869125447680602,12.522713504906083,2.6065771831339926,2.6504470871443733,16.582914572864322,18.394648829431436,0.09224873781204224,0.13364577293395996,0.001,2.5
156,102.542693197228,103.0197986105214,0.05153556718448898,0.04870803183237446,204.37820603260442,201.9797109138208,2.558984885862724,2.6783938296263834,12.780401239443066,12.51864133152276,2.558984885862724,2.6783938296263834,16.750418760469014,18.729096989966553,0.09860646724700928,0.12195086479187012,0.001,2.5
157,102.28838771391953,102.57133062866619,0.05161791239901004,0.04858664491752717,204.52573079120373,201.92358959797633,2.5824604377874376,2.6683018837485424,12.659067439873214,12.459258484601177,2.5824604377874376,2.6683018837485424,16.666666666666664,19.063545150501675,0.10004425048828125,0.1323302984237671,0.001,2.5
158,103.25847644901755,103.01025319179165,0.051582463110611466,0.048578858599814284,204.49592217169015,201.96708143355457,2.6004452226149977,2.6848238463385847,12.79914391739684,12.497469640495785,2.6004452226149977,2.6848238463385847,16.164154103852596,19.063545150501675,0.0837751030921936,0.12378931045532227,0.001,2.5
159,102.27479715523009,102.81906668876725,0.051668737913595775,0.04881697807174463,204.63582888400336,202.20565295777592,2.5629735452246227,2.6800747356287213,12.71477781707917,12.473384809334542,2.5629735452246227,2.6800747356287213,16.415410385259634,19.063545150501675,0.0971192717552185,0.12481015920639038,0.001,2.5
160,102.94692328627185,102.58181316158843,0.05171939230194843,0.04888764243062125,204.8733430795334,202.38827999459463,2.5929926715703866,2.671530015492519,12.759087685564255,12.451518160842333,2.5929926715703866,2.671530015492519,16.331658291457288,19.063545150501675,0.08756184577941895,0.13190889358520508,0.001,2.5
161,102.98140485242783,102.50185718345004,0.051810975319127144,0.04884173866847287,204.91411331151198,202.28184080602333,2.5493051254968946,2.670036001747667,12.897020183416268,12.440038716115282,2.5493051254968946,2.670036001747667,16.24790619765494,19.732441471571907,0.12284857034683228,0.12426567077636719,0.001,2.5
162,103.43212730880559,102.41620169036763,0.05167447579665799,0.04851273933182592,204.8539492353123,202.20311770231828,2.632639321849574,2.650256460725663,12.737201310482057,12.48232729857582,2.632639321849574,2.650256460725663,16.750418760469014,19.063545150501675,0.07820379734039307,0.14090639352798462,0.001,2.5
163,102.00682170107537,102.57895193450825,0.051552536555720334,0.04855142047871714,204.69277905539252,202.0358350874987,2.547023599071918,2.65795733777177,12.709043994820497,12.491801156646831,2.547023599071918,2.65795733777177,16.750418760469014,20.066889632107024,0.130565345287323,0.1416415572166443,0.001,2.5
164,102.44136052475103,102.79994303725636,0.05146362105231589,0.04857976278632779,204.56140819147004,202.01023629995493,2.5307191288850617,2.6650626188935247,12.844909305348867,12.51468309829865,2.5307191288850617,2.6650626188935247,16.499162479061976,19.063545150501675,0.14268893003463745,0.1327638030052185,0.001,2.5
165,102.94075220513783,103.0832169446658,0.05151970187198976,0.04859506936874677,204.62281298357837,202.16926855387098,2.598368081215838,2.6643776367340597,12.741817410467458,12.573357444941799,2.598368081215838,2.6643776367340597,17.001675041876048,19.732441471571907,0.09254497289657593,0.13938289880752563,0.001,2.5
166,102.74564306620178,102.76381167918942,0.051455032567133255,0.04860144478571056,204.74693852972544,202.23117315490111,2.5489152300497593,2.667657664787012,12.851142357741569,12.499621589048251,2.5489152300497593,2.667657664787012,16.666666666666664,19.39799331103679,0.12720346450805664,0.13773125410079956,0.001,2.5
167,102.27713297679396,102.97444698882342,0.051447223510025335,0.04854184376655215,204.84349898397423,202.3241964486929,2.5535868923468406,2.6661257097952342,12.743407554562568,12.546339625100229,2.5535868923468406,2.6661257097952342,16.834170854271356,19.39799331103679,0.1122012734413147,0.13184040784835815,0.001,2.5
168,102.66833158713489,102.7523310224348,0.05151321416349467,0.04850075195814455,204.9063229201427,202.35145890353914,2.578162986030131,2.6755559269002447,12.747893374968614,12.473628570403543,2.578162986030131,2.6755559269002447,16.750418760469014,19.063545150501675,0.09077370166778564,0.1326993703842163,0.001,2.5
169,102.75128378301011,102.8092236981344,0.051517994253829094,0.048387983807652295,204.9614653467533,202.43083042923024,2.5681283014703236,2.679986304662698,12.794575870136919,12.471722044673651,2.5681283014703236,2.679986304662698,16.582914572864322,19.063545150501675,0.10416656732559204,0.12943023443222046,0.001,2.5
170,103.0246462159021,102.73895493319202,0.051457432739848465,0.04840452585331971,205.00755432742324,202.45104817163985,2.5874999875399336,2.665991995246913,12.791136503618965,12.499643523557529,2.5874999875399336,2.665991995246913,16.582914572864322,19.39799331103679,0.09455972909927368,0.13136672973632812,0.001,2.5
171,102.04121010427299,102.47486418146752,0.051446827406210316,0.04841812029730117,205.01371279513617,202.43689153664886,2.512475558461456,2.6586360883553293,12.819523526995226,12.468893663540333,2.512475558461456,2.6586360883553293,16.750418760469014,19.063545150501675,0.11863243579864502,0.1346394419670105,0.001,2.5
172,103.07689507003606,102.59605338820646,0.051357995425436766,0.04839592688657767,204.99800963537578,202.43505088780637,2.618884524708018,2.6840506596708775,12.707454034431496,12.416892718311935,2.618884524708018,2.6840506596708775,16.666666666666664,19.732441471571907,0.06664913892745972,0.12216043472290039,0.001,2.5
173,102.68030447137215,102.71996519158915,0.0512937420551701,0.04839008272840427,205.01873206772797,202.481307677202,2.552216646459634,2.663759845555028,12.828148415340252,12.502540065293328,2.552216646459634,2.663759845555028,16.834170854271356,19.732441471571907,0.13161545991897583,0.13417041301727295,0.001,2.5
174,102.64283862345582,102.70224060262724,0.05132361116446243,0.04830044314863291,205.09226465784326,202.57125558502298,2.557981064970569,2.6635699670849036,12.803341089181565,12.499563258627187,2.557981064970569,2.6635699670849036,16.582914572864322,19.732441471571907,0.10224604606628418,0.13192826509475708,0.001,2.5
175,103.15991476752251,102.38964695755055,0.05134701713220758,0.04843867157763462,205.19164855036902,202.65849794113515,2.5953818026499533,2.65825982157602,12.79452989089429,12.452930265445772,2.5953818026499533,2.65825982157602,16.750418760469014,18.729096989966553,0.10146641731262207,0.13169121742248535,0.001,2.5
176,101.71881167413402,103.13390740742253,0.0513171124111368,0.04835454016973741,205.21856684341302,202.61244461927126,2.5313346913112467,2.691688244956792,12.698451203517179,12.5015234389034,2.5313346913112467,2.691688244956792,16.582914572864322,18.729096989966553,0.12609869241714478,0.12266451120376587,0.001,2.5
177,102.04364657761464,102.56269685879201,0.05137639154541233,0.048402429362104885,205.18434406325247,202.6183821253952,2.5236105910897053,2.6652206497447546,12.786585510675632,12.466673308790329,2.5236105910897053,2.6652206497447546,16.499162479061976,19.063545150501675,0.14257723093032837,0.1301305890083313,0.001,2.5
178,102.61619575538828,102.77938204864196,0.05125973503443863,0.0482818364573761,205.1726916391446,202.58241027015507,2.5826381143413397,2.6627409697376367,12.72403844836569,12.51748017403593,2.5826381143413397,2.6627409697376367,16.917922948073702,19.063545150501675,0.0895957350730896,0.13650888204574585,0.001,2.5
179,102.83068071937241,102.94708313192412,0.05123709345632662,0.048318439664749,205.14430060458542,202.55544513204822,2.5915846722808915,2.6740624179010806,12.740105751970505,12.517054988389031,2.5915846722808915,2.6740624179010806,16.499162479061976,19.063545150501675,0.10325837135314941,0.1355317234992981,0.001,2.5
180,101.50929080062176,102.75892917288586,0.05129289854835825,0.04824652933954794,205.121081737218,202.5475796600648,2.4726848358684648,2.6582434185372548,12.832520890675198,12.526897653688156,2.4726848358684648,2.6582434185372548,16.834170854271356,19.063545150501675,0.16423940658569336,0.13514256477355957,0.001,2.5
181,103.61035664876302,102.89838633967881,0.0512370625932013,0.04829698125753913,205.11408209361423,202.52658504626424,2.5727862077741768,2.6727754950124685,12.952442705930777,12.511185697089868,2.5727862077741768,2.6727754950124685,16.582914572864322,19.063545150501675,0.10126078128814697,0.12534350156784058,0.001,2.5
182,102.87293124558339,102.88836769435717,0.05123667550621121,0.04825771717124161,205.10790637350163,202.55128974021477,2.592208635068219,2.6690466188666813,12.74669184916383,12.520371771975105,2.592208635068219,2.6690466188666813,16.666666666666664,18.06020066889632,0.11797446012496948,0.1302698850631714,0.001,2.5
183,103.12695974480965,102.70466902104509,0.0511926539379548,0.04827723983538191,205.10779514025205,202.5409135084886,2.5919024421142374,2.6574368548632465,12.798424655268938,12.518459603937972,2.5919024421142374,2.6574368548632465,16.750418760469014,18.729096989966553,0.10341781377792358,0.137312650680542,0.001,2.5
184,103.00754887055312,102.97951191165376,0.05119406989770918,0.0482560930443448,205.13303425084408,202.57541041549632,2.5959319960531877,2.676251932131407,12.762448392321716,12.516980286027277,2.5959319960531877,2.676251932131407,16.582914572864322,19.063545150501675,0.08982813358306885,0.13400733470916748,0.001,2.5
185,101.51348675036151,102.95028839621655,0.05118443420659158,0.0483850241579539,205.13638525472413,202.54034878019505,2.518807927168394,2.6754661698803854,12.695009731567485,12.513474119945514,2.518807927168394,2.6754661698803854,16.917922948073702,19.39799331103679,0.1175881028175354,0.13131123781204224,0.001,2.5
186,102.14252181827922,102.5115612629664,0.05115027089214804,0.04820778014069815,205.09611720815175,202.52593346024835,2.5851998780440644,2.65302166093552,12.62165531880492,12.493100816988226,2.5851998780440644,2.65302166093552,16.750418760469014,19.732441471571907,0.09755951166152954,0.14280813932418823,0.001,2.5
187,101.84639567466238,102.86655637811259,0.05108668313204144,0.048237029475511915,205.0925451435236,202.52487529639814,2.5252816453451286,2.667690514720802,12.74219843131214,12.520087554701993,2.5252816453451286,2.667690514720802,16.834170854271356,19.063545150501675,0.12250703573226929,0.13395088911056519,0.001,2.5
188,103.06192306697469,102.62295363818522,0.051100353268872155,0.04811801543353393,205.0970950486073,202.55979480552034,2.5790342410006115,2.6634952926316786,12.824042400123686,12.483968725172572,2.5790342410006115,2.6634952926316786,16.666666666666664,19.063545150501675,0.09101927280426025,0.13208156824111938,0.001,2.5
189,102.99994069008372,102.6576887660202,0.0510860135844305,0.0481596203477287,205.13700181715052,202.58357657237994,2.5576285800742147,2.6647106293451825,12.875857755766441,12.487256920855978,2.5576285800742147,2.6647106293451825,16.666666666666664,19.732441471571907,0.10918140411376953,0.13272124528884888,0.001,2.5
190,102.90515343747546,102.848015316354,0.051169527379462065,0.04820177578258275,205.16681092228723,202.62132324422882,2.5743180467455433,2.662314269056288,12.806809305545674,12.532495572016789,2.5743180467455433,2.662314269056288,16.582914572864322,18.729096989966553,0.096871018409729,0.13425040245056152,0.001,2.5
191,102.49813334147136,103.01337593614457,0.05109336405019065,0.04831333804788398,205.20546406757092,202.6516913474603,2.5556731643389217,2.667486916417661,12.781347206090164,12.550021123726632,2.5556731643389217,2.667486916417661,16.834170854271356,19.063545150501675,0.11924701929092407,0.13207924365997314,0.001,2.5
192,102.20561417622783,103.00660557571462,0.051136955107176925,0.04810933443565034,205.22119339986062,202.64302603935317,2.5537783923859974,2.667846713177735,12.728515724041554,12.547630121875368,2.5537783923859974,2.667846713177735,16.666666666666664,19.063545150501675,0.11466264724731445,0.1336941123008728,0.001,2.5
193,102.17328064884971,102.68282938163017,0.05108909444318744,0.04829417230143994,205.2126299476304,202.64324394915016,2.5185623288753645,2.655542171918429,12.827708592566614,12.51975141480615,2.5185623288753645,2.655542171918429,16.415410385259634,19.39799331103679,0.13783740997314453,0.13881325721740723,0.001,2.5
194,103.49574452309153,102.69689249912632,0.051046939757051976,0.04823067581225,205.21979692673165,202.66108616857625,2.6232460579480756,2.6585767316977713,12.778157338025782,12.513469919313156,2.6232460579480756,2.6585767316977713,16.666666666666664,18.729096989966553,0.07903170585632324,0.1346467137336731,0.001,2.5
195,103.15003001150774,102.72827015752378,0.05108317817051207,0.0481734334375946,205.2344453131134,202.67328942340353,2.602288199429536,2.6583968971086587,12.771878076358457,12.520293522837967,2.602288199429536,2.6583968971086587,16.834170854271356,19.063545150501675,0.09933215379714966,0.13412785530090332,0.001,2.5
196,103.01577334507826,102.73853332621597,0.05115830757260522,0.04820701479911804,205.2569045637121,202.70076371515077,2.5883615663902244,2.671899136093548,12.78678645640362,12.48182719686757,2.5883615663902244,2.671899136093548,16.499162479061976,19.063545150501675,0.1056104302406311,0.13313955068588257,0.001,2.5
197,103.27743975001962,102.90252682995238,0.051163891851402805,0.04833180624306401,205.27786712390892,202.7122366914781,2.60040237276598,2.6691099911629155,12.802992875052857,12.522966633672299,2.60040237276598,2.6691099911629155,16.750418760469014,18.06020066889632,0.09894096851348877,0.12948864698410034,0.001,2.5
198,102.8521654394204,102.44988253284059,0.05114999377922197,0.04818933683892955,205.29047609773312,202.72869260654002,2.5889959439161037,2.6606625075324324,12.752157193731822,12.457805490015343,2.5889959439161037,2.6606625075324324,16.750418760469014,19.39799331103679,0.08695679903030396,0.13423854112625122,0.001,2.5
199,102.78976120940804,102.63871571212309,0.051159124284783,0.04815436059914305,205.29737299371206,202.71994467642793,2.565491813710786,2.6670884838869737,12.81018546757786,12.476302775252224,2.565491813710786,2.6670884838869737,16.834170854271356,18.729096989966553,0.11154437065124512,0.13080447912216187,0.001,2.5
200,103.01138597037924,102.50231737117703,0.05114678538699246,0.04825981244145827,205.29208780413296,202.72085377364652,2.5654845237731934,2.6554276377062336,12.85453570028845,12.48398374474567,2.5654845237731934,2.6554276377062336,16.666666666666664,19.063545150501675,0.10056114196777344,0.1364823579788208,0.001,2.5
201,102.51916952468642,102.78673933660706,0.051154360580733874,0.04819525044448798,205.29068023834995,202.71859302329378,2.570637190960959,2.6617990130166147,12.740633298404253,12.521768266939398,2.570637190960959,2.6617990130166147,16.834170854271356,19.063545150501675,0.11944645643234253,0.13164830207824707,0.001,2.5
202,102.15846421131536,102.7391168090412,0.05103516234849366,0.04815484542262594,205.2902386024769,202.72244711783418,2.5241719658051305,2.6607234390284304,12.807911983087434,12.515477866233391,2.5241719658051305,2.6607234390284304,16.415410385259634,19.063545150501675,0.11937099695205688,0.13669663667678833,0.001,2.5
203,102.64546170386437,102.71730518660019,0.05113297748306089,0.04811950741852805,205.29553112752075,202.72751701635661,2.5551779262184895,2.6580294581958683,12.812272682062146,12.519203686793912,2.5551779262184895,2.6580294581958683,16.331658291457288,19.39799331103679,0.10939085483551025,0.14328992366790771,0.001,2.5
204,102.99290465030639,102.71582253242416,0.05118251863361603,0.04824723735651045,205.3004217611086,202.7325527739764,2.5896870906229195,2.6625752855702784,12.77822355209683,12.505242791064209,2.5896870906229195,2.6625752855702784,16.499162479061976,19.39799331103679,0.09662538766860962,0.13256609439849854,0.001,2.5
205,103.9445592218907,102.82930227426382,0.05115599643869616,0.0483286718909557,205.30830457422203,202.7428593460134,2.6062488064694045,2.6662155322007908,12.918872536127292,12.51699916176174,2.6062488064694045,2.6662155322007908,16.666666666666664,18.394648829431436,0.10156166553497314,0.13191062211990356,0.001,2.5
206,102.70772226611574,102.85048058040964,0.05112779127992378,0.048185736850452264,205.31771993716958,202.75523182540434,2.5526864770269473,2.6694740443724054,12.832195901790856,12.511485390041186,2.5526864770269473,2.6694740443724054,16.499162479061976,19.39799331103679,0.11528712511062622,0.1311018466949463,0.001,2.5
207,102.96215866318899,102.51186434640533,0.05108797697465823,0.04824154137518494,205.33541103343867,202.76883939915277,2.576273559924945,2.660252148491084,12.812326159708864,12.471414706380072,2.576273559924945,2.660252148491084,16.582914572864322,19.063545150501675,0.11845433712005615,0.1365511417388916,0.001,2.5
208,102.55645826074546,102.7594197761255,0.05115665234562939,0.04819727529550476,205.34446146340426,202.779852111204,2.587894533547125,2.6625175787054975,12.696307829277,12.514136027332931,2.587894533547125,2.6625175787054975,17.08542713567839,19.063545150501675,0.08890926837921143,0.13667362928390503,0.001,2.5
209,103.70168960034547,102.99906043623602,0.05117145778495862,0.04820854980560848,205.3569901560619,202.79164261323552,2.6267116728739524,2.6713015164021265,12.808897392234611,12.535707920291353,2.6267116728739524,2.6713015164021265,16.331658291457288,18.729096989966553,0.08010578155517578,0.12895631790161133,0.001,2.5
210,102.3688846377272,102.68255002841502,0.05114971325300646,0.04818405952292142,205.36764401127544,202.79948767212323,2.5463821548513033,2.6576373282084895,12.783326607453365,12.513401372775585,2.5463821548513033,2.6576373282084895,16.917922948073702,19.39799331103679,0.11876022815704346,0.13370996713638306,0.001,2.5
211,102.25433932357097,102.68321077480763,0.05109007659070256,0.04815916383146841,205.36985323856425,202.79804467038565,2.5184714530580607,2.6626820978911026,12.84416119976459,12.498404308306334,2.5184714530580607,2.6626820978911026,16.582914572864322,18.729096989966553,0.14353322982788086,0.13839668035507202,0.001,2.5
212,101.64145361358796,102.81886980445887,0.05113560643976857,0.04825210695880711,205.37058369238773,202.80070618084042,2.531150235203243,2.666966880045607,12.68353916053197,12.512663314972434,2.531150235203243,2.666966880045607,16.666666666666664,18.729096989966553,0.13686144351959229,0.12791728973388672,0.001,2.5
213,101.7970925335908,103.0630794767552,0.05106673815866411,0.048273159558557745,205.37466946958097,202.80486973791218,2.5116795590974177,2.672611914350835,12.77309135456181,12.544563660254845,2.5116795590974177,2.672611914350835,16.666666666666664,19.063545150501675,0.13122189044952393,0.12575089931488037,0.001,2.5
214,103.37957518304412,102.89672121794328,0.05112792086636202,0.048130181558853805,205.37698844769093,202.80812419776532,2.607866162630781,2.6608461073808445,12.80101569253995,12.546617680170066,2.607866162630781,2.6608461073808445,16.834170854271356,19.39799331103679,0.09339219331741333,0.13737154006958008,0.001,2.5
215,103.47808863449735,102.97600751895969,0.05109520610952297,0.04821991469449423,205.38531294779563,202.81778775728665,2.5827906279507995,2.6724395520711024,12.895949858916264,12.527675443668429,2.5827906279507995,2.6724395520711024,16.834170854271356,18.729096989966553,0.1107790470123291,0.12679892778396606,0.001,2.5
216,103.21628226786602,102.48421256279069,0.05112271394012761,0.04827863014113146,205.389993050989,202.817914165382,2.59987048807256,2.6627096547729594,12.792342462332005,12.458494808362877,2.59987048807256,2.6627096547729594,16.666666666666664,19.732441471571907,0.09753590822219849,0.13428401947021484,0.001,2.5
217,103.52670745594018,102.73040179504599,0.05111870193351653,0.04814920186946623,205.39101418857797,202.82033816946787,2.590383349151867,2.669402502850944,12.882889666149964,12.487679625035927,2.590383349151867,2.669402502850944,16.415410385259634,19.063545150501675,0.09315913915634155,0.1352320909500122,0.001,2.5
218,101.91665516506687,102.8022458385863,0.0511515987241388,0.04832435773068846,205.39249477674014,202.82095520631924,2.5177106114488152,2.6722597900441656,12.778890333383327,12.493440691842682,2.5177106114488152,2.6722597900441656,16.666666666666664,19.39799331103679,0.12422221899032593,0.1319928765296936,0.001,2.5
219,102.93367775001718,102.60337901035679,0.05113514548345427,0.04829017364460489,205.39310592063507,202.82156759919133,2.5714953660565603,2.666076651384998,12.820943653483686,12.472222825755244,2.5714953660565603,2.666076651384998,16.415410385259634,19.732441471571907,0.11015981435775757,0.13335007429122925,0.001,2.5
220,102.73812715412184,102.6495698654532,0.05115308426008552,0.04816368032857327,205.39339294944776,202.82177504727673,2.5532839058631627,2.6611368353151557,12.836464512887312,12.496305873960157,2.5532839058631627,2.6611368353151557,16.582914572864322,19.063545150501675,0.11683064699172974,0.13722681999206543,0.001,2.5
221,103.8659504901624,102.70257257059664,0.05109352644039958,0.048411710966490586,205.39354837439967,202.82351664157216,2.58138089084146,2.660495232578903,12.977749859667703,12.508782389969332,2.58138089084146,2.660495232578903,16.499162479061976,19.063545150501675,0.09842061996459961,0.13672149181365967,0.001,2.5
222,102.55641588373999,102.7082550661221,0.05112169672371555,0.04819246412669137,205.3973213080785,202.82655303853014,2.550319436407169,2.667060688586538,12.809021008873305,12.490264764996276,2.550319436407169,2.667060688586538,16.499162479061976,18.729096989966553,0.11359226703643799,0.13350796699523926,0.001,2.5
223,102.64314333917308,102.9016458262568,0.05109628691795084,0.04820125731935469,205.39844077156616,202.82661637015966,2.571530623651629,2.677522805223497,12.76273805851513,12.49755529575922,2.571530623651629,2.677522805223497,16.834170854271356,19.39799331103679,0.09966570138931274,0.12758195400238037,0.001,2.5
224,103.36764324450213,103.130253820515,0.051124850222513306,0.04811706301759318,205.39965802421122,202.82860853520523,2.5945397888995094,2.68021429741263,12.838604337605998,12.53521909362895,2.5945397888995094,2.68021429741263,16.415410385259634,18.729096989966553,0.10780984163284302,0.1280273199081421,0.001,2.5
225,102.81086094535176,102.85936790644924,0.05118935800452328,0.04815616302914843,205.40285930282107,202.83271718104947,2.5680662419528417,2.66050537453846,12.806654987622744,12.540159126587934,2.5680662419528417,2.66050537453846,16.331658291457288,19.39799331103679,0.11237174272537231,0.12811636924743652,0.001,2.5
226,102.94042590475162,102.97290289122923,0.051147914324673374,0.04824570348380401,205.40636476040686,202.8348074820528,2.5778100007343134,2.6748533201058176,12.803344378319617,12.519805059783833,2.5778100007343134,2.6748533201058176,16.582914572864322,18.729096989966553,0.08729022741317749,0.13000166416168213,0.001,2.5
227,102.65028746842938,102.72095451227399,0.05120229438396554,0.048074123091422595,205.40756961688325,202.83599583042107,2.588690685067744,2.6828221341838008,12.712663902908913,12.445542699118521,2.588690685067744,2.6828221341838008,16.499162479061976,19.39799331103679,0.10226964950561523,0.12583833932876587,0.001,2.5
228,102.65755299068176,102.6014435426846,0.051155298130845704,0.04809241614812194,205.4078222686921,202.83508913174123,2.560915732104175,2.6608540174554425,12.797450913855778,12.48754030565753,2.560915732104175,2.6608540174554425,16.582914572864322,18.394648829431436,0.11870801448822021,0.138066828250885,0.001,2.5
229,102.72152771302802,102.64339117860315,0.05115082992905348,0.04834715838864894,205.40851737426553,202.83728660149717,2.5661448847309027,2.6763093240285,12.794558766299556,12.449514325247161,2.5661448847309027,2.6763093240285,16.582914572864322,19.39799331103679,0.10740768909454346,0.13263338804244995,0.001,2.5
230,103.1263710929321,102.38548327289696,0.05111665588178028,0.0482896096431292,205.4110829466751,202.8401310643225,2.5555679466656502,2.6553724035371506,12.907264961868874,12.460753112333673,2.5555679466656502,2.6553724035371506,17.001675041876048,18.729096989966553,0.10399264097213745,0.13697224855422974,0.001,2.5
231,102.02172284150244,103.08039534450774,0.05106631045540174,0.048202215653398765,205.41252092779982,202.84059541121772,2.536608495105251,2.683491684521321,12.743223099253285,12.515394497874588,2.536608495105251,2.683491684521321,16.750418760469014,19.063545150501675,0.12008243799209595,0.12581783533096313,0.001,2.5
232,102.24924562284895,103.05265496805758,0.05107084423977526,0.048286903225956954,205.4132448896092,202.84178330029133,2.546092399201002,2.671534668243051,12.760275487724062,12.545701253374284,2.546092399201002,2.671534668243051,16.750418760469014,19.39799331103679,0.11174911260604858,0.13009393215179443,0.001,2.5
233,102.59812442900947,102.83051940509706,0.05113494842994952,0.04819490082786235,205.41514395709015,202.84330499451295,2.591988315134991,2.6643417838425143,12.692350141566802,12.522870274291789,2.591988315134991,2.6643417838425143,16.750418760469014,19.39799331103679,0.09605461359024048,0.1311057209968567,0.001,2.5
234,103.03374315066952,102.52865189772386,0.05114624964407141,0.048138799650413934,205.41517511364603,202.84246586318,2.6071165949855017,2.6564265589251566,12.734086538279676,12.486254775005838,2.6071165949855017,2.6564265589251566,16.666666666666664,19.39799331103679,0.08036661148071289,0.13501042127609253,0.001,2.5
235,102.40284528364887,102.43499413940022,0.051198955113614227,0.048120363873980915,205.41446932436435,202.84203433033613,2.561578870019322,2.64704620319864,12.744509380666456,12.495667817999289,2.561578870019322,2.64704620319864,16.666666666666664,19.39799331103679,0.11674147844314575,0.13876748085021973,0.001,2.5
236,102.47283769412655,102.83796265771157,0.05116148236858186,0.04817927150323638,205.4143252987758,202.84227408214556,2.5657379487451397,2.6653704683118837,12.746038503982314,12.521277003463695,2.5657379487451397,2.6653704683118837,16.917922948073702,19.063545150501675,0.11336857080459595,0.1275862455368042,0.001,2.5
237,103.59635322097957,102.7651359532589,0.0511423493275291,0.048298450454720684,205.4150098484365,202.84480913347224,2.5909150657142628,2.6572431138526635,12.895214280491098,12.53106928350136,2.5909150657142628,2.6572431138526635,16.666666666666664,19.063545150501675,0.0927930474281311,0.13419651985168457,0.001,2.5
238,101.79237547192342,103.06869739034902,0.051147226980533235,0.04833317084555642,205.41837539545057,202.846738222052,2.5917026908753105,2.670559284280375,12.532054124765061,12.551825657337405,2.5917026908753105,2.670559284280375,16.582914572864322,19.39799331103679,0.08322805166244507,0.13272422552108765,0.001,2.5
239,102.70016469268543,102.81448451013469,0.051095628646051064,0.04830636223622389,205.41936253942237,202.8469278597114,2.553711435503297,2.665331391586508,12.827595857719281,12.516672842478672,2.553711435503297,2.665331391586508,16.666666666666664,19.063545150501675,0.10590231418609619,0.134718656539917,0.001,2.5
240,103.12768132962174,102.93897135042427,0.05110343283594553,0.04819318743104919,205.4194280985412,202.84728309860995,2.584899475826091,2.6638004046220045,12.819533891214597,12.546184727978147,2.584899475826091,2.6638004046220045,16.750418760469014,18.729096989966553,0.08624845743179321,0.13230019807815552,0.001,2.5
241,103.05020734572929,103.08627972555001,0.051198782564657215,0.048265039173256995,205.41975834781002,202.84708483641762,2.546751966827878,2.67409814958987,12.918461956171134,12.54473841549162,2.546751966827878,2.67409814958987,16.917922948073702,19.732441471571907,0.11913108825683594,0.13062632083892822,0.001,2.5
242,102.57943982455,102.80361257189492,0.051135651686133654,0.04817274763532307,205.41970715291137,202.84725048868953,2.5528266318080015,2.6699840855040278,12.80609702424987,12.500567350100514,2.5528266318080015,2.6699840855040278,16.834170854271356,19.39799331103679,0.11855727434158325,0.13134020566940308,0.001,2.5
243,102.62936345137145,102.366596234682,0.0510961195669282,0.04815896046052011,205.41958347237488,202.84725696984742,2.526889684012587,2.6577826853978594,12.893900698752859,12.449770461755453,2.526889684012587,2.6577826853978594,16.331658291457288,19.39799331103679,0.1322469711303711,0.13850826025009155,0.001,2.5
244,103.65000992204676,102.84609148414637,0.051170171798523546,0.04812576649181022,205.4207718176658,202.84954359379898,2.588763576057089,2.6671063796333643,12.91239308911552,12.517704045094774,2.588763576057089,2.6671063796333643,16.582914572864322,19.063545150501675,0.10907000303268433,0.129655122756958,0.001,2.5
245,103.20873021520362,102.95323854784503,0.05113743497698351,0.04823616887115714,205.42318927502913,202.85201347631755,2.587303531030115,2.6666825822364526,12.828523276439265,12.54038223853478,2.587303531030115,2.6666825822364526,16.415410385259634,19.063545150501675,0.10123497247695923,0.12942588329315186,0.001,2.5
246,103.07822774762484,102.87207674262515,0.051085410405643024,0.048237506661526736,205.42490884087593,202.85265000767532,2.5993258661560876,2.6729594329527786,12.766365802068407,12.505319298709116,2.5993258661560876,2.6729594329527786,16.750418760469014,19.39799331103679,0.0994994044303894,0.13250088691711426,0.001,2.5
247,101.7685085149666,102.65911462075734,0.051062980139475175,0.048187332857013945,205.42560563335067,202.8532124394956,2.567074523698944,2.6656950373314694,12.60118034017745,12.48452951756608,2.567074523698944,2.6656950373314694,16.750418760469014,19.063545150501675,0.11167949438095093,0.13330066204071045,0.001,2.5
248,102.58351523752388,102.46848340496969,0.05117412700849761,0.048198154152536074,205.42592379316014,202.85329751107207,2.562529259790328,2.650946015099618,12.777795336354318,12.49064808465964,2.562529259790328,2.650946015099618,16.24790619765494,19.39799331103679,0.09649503231048584,0.1366516351699829,0.001,2.5
249,102.09483117593992,102.98482026065074,0.05112598726597663,0.048212103944359014,205.42599650882997,202.85327347465184,2.532437499044728,2.6717979493348496,12.770342537705822,12.53135719745853,2.532437499044728,2.6717979493348496,16.666666666666664,19.063545150501675,0.12003952264785767,0.12765461206436157,0.001,2.5
250,103.22909269860043,102.97353273729816,0.05109767124705778,0.048184016850281716,205.42574296245223,202.85248440643616,2.603364291901964,2.6783586959775074,12.784421278603713,12.50942338988135,2.603364291901964,2.6783586959775074,16.750418760469014,19.063545150501675,0.08418560028076172,0.13034170866012573,0.001,2.5
251,102.68780911188429,103.18697308696632,0.05112142192583587,0.04824086798224162,205.42425010591697,202.85132688184248,2.576390892217307,2.6865650387512003,12.757079782597783,12.527480326368657,2.576390892217307,2.6865650387512003,16.582914572864322,19.063545150501675,0.09900665283203125,0.12212640047073364,0.001,2.5
252,102.54603405414115,102.82085224776762,0.051134803499308865,0.04819631045777662,205.42392394610584,202.8518695639926,2.545846338447814,2.674360075921917,12.820356316302888,12.49088017836861,2.545846338447814,2.674360075921917,16.750418760469014,19.732441471571907,0.1225401759147644,0.12496644258499146,0.001,2.5
253,102.14094842498626,102.88439594383622,0.051113363885799644,0.048142937426284005,205.42497268753436,202.853024996244,2.5350963917609235,2.6769578560538916,12.771593352658066,12.495806489899804,2.5350963917609235,2.6769578560538916,16.834170854271356,18.729096989966553,0.12248843908309937,0.1287587285041809,0.001,2.5
254,101.14491315423145,102.6253959885409,0.05114309617647374,0.04821981860941469,205.42566211898523,202.85309690137373,2.5175519153301043,2.6635993101126374,12.625013177318989,12.484066883457146,2.5175519153301043,2.6635993101126374,16.24790619765494,18.729096989966553,0.12797385454177856,0.13211590051651,0.001,2.5
255,103.03136758468858,102.60229359502378,0.05114489390672351,0.04827404334941835,205.42584328196156,202.8532669424612,2.5622163378014235,2.664166691311227,12.868310219079406,12.477733261210464,2.5622163378014235,2.664166691311227,16.666666666666664,18.729096989966553,0.10385817289352417,0.13581472635269165,0.001,2.5
256,103.27639856130833,102.52850535721285,0.05114753788939273,0.04808944362810623,205.42592627239387,202.8533236398346,2.6151681645232028,2.6543377976752445,12.758460637512718,12.49249912823323,2.6151681645232028,2.6543377976752445,17.001675041876048,19.063545150501675,0.0875348448753357,0.14525306224822998,0.001,2.5
257,102.94824354213287,102.74907436817386,0.05115796882702877,0.048219018780866194,205.42622145456286,202.85390158560762,2.572970853179344,2.663720877274223,12.81941937841163,12.508437501148236,2.572970853179344,2.663720877274223,16.499162479061976,19.063545150501675,0.11148929595947266,0.1328127384185791,0.001,2.5
258,102.5904515839901,102.81517187010085,0.05108656197586651,0.04837155261117479,205.42697695631477,202.8547233658092,2.5536464330938395,2.657243107473571,12.805848543368393,12.541059264371228,2.5536464330938395,2.657243107473571,16.750418760469014,19.39799331103679,0.10804903507232666,0.13314419984817505,0.001,2.5
259,102.33566029866536,102.77632222765664,0.05107543382238303,0.04833632271525055,205.42781148683684,202.85542965892168,2.571205678297647,2.67456741795492,12.70221457649116,12.48132491669926,2.571205678297647,2.67456741795492,16.415410385259634,19.063545150501675,0.11232191324234009,0.13107436895370483,0.001,2.5
260,102.40100192224959,103.00467967668106,0.051115122690821815,0.04828730321498619,205.42810163386105,202.85536423494983,2.557528894750317,2.666513594496609,12.756304907039981,12.551167060698953,2.557528894750317,2.666513594496609,16.750418760469014,18.394648829431436,0.11130470037460327,0.13517999649047852,0.001,2.5
261,102.96670842769757,102.6681502989702,0.05113554851992845,0.04816792231289838,205.42809687986644,202.8553774013966,2.580674494131526,2.6653446529222573,12.800005516614547,12.487391452725516,2.580674494131526,2.6653446529222573,16.331658291457288,19.39799331103679,0.10752475261688232,0.13276809453964233,0.001,2.5
262,102.98459526841565,102.7419242731305,0.05122281074948247,0.048318316917056625,205.42815349329655,202.8556934471513,2.5705954760961998,2.671726403826455,12.83380249956345,12.48297074486978,2.5705954760961998,2.671726403826455,16.750418760469014,19.732441471571907,0.10567909479141235,0.1314651370048523,0.001,2.5
263,102.70136425842591,103.07000732421875,0.051099450750217164,0.048401637781523545,205.42861386399773,202.8563103819372,2.563368235401173,2.6748897670503444,12.798862433313724,12.539081225825791,2.563368235401173,2.6748897670503444,16.834170854271356,19.063545150501675,0.10524225234985352,0.12725740671157837,0.001,2.5
264,103.2829700003517,102.9062366294223,0.0511568107859074,0.048205400676930625,205.42867318669357,202.85571299269048,2.5810946092334026,2.6718247973400615,12.861992625135873,12.515560360656535,2.5810946092334026,2.6718247973400615,16.415410385259634,19.732441471571907,0.0909155011177063,0.1313246488571167,0.001,2.5
265,103.42022761308168,102.99018308709697,0.05116953618412641,0.04815634645297376,205.42850311637125,202.85612497999517,2.5836993310120038,2.677050671848565,12.881628047681135,12.516682133626778,2.5836993310120038,2.677050671848565,16.750418760469014,19.732441471571907,0.10095816850662231,0.12847071886062622,0.001,2.5
266,102.3009364193608,103.01590282223296,0.05114740530774621,0.048207892896140296,205.4291954104425,202.85684663396216,2.5693741008464617,2.672265410821972,12.700749274274612,12.536171004126302,2.5693741008464617,2.672265410821972,16.666666666666664,18.729096989966553,0.10346263647079468,0.1271006464958191,0.001,2.5
267,103.21229553222656,102.80861768435474,0.05115931659587464,0.048187943331174626,205.42966245207157,202.85724555688557,2.562206553055014,2.666670185267726,12.90452178558912,12.511503761827347,2.562206553055014,2.666670185267726,16.415410385259634,19.39799331103679,0.09777641296386719,0.13391494750976562,0.001,2.5
268,102.78618361123243,103.02367350090307,0.05112194864569197,0.04831158613979218,205.42995022209846,202.85744830995898,2.5397790257056156,2.690393486947918,12.886589406523074,12.483319984231905,2.5397790257056156,2.690393486947918,16.750418760469014,19.39799331103679,0.10654491186141968,0.11727344989776611,0.001,2.5
269,103.32635333190612,102.96355808219782,0.05110378053594674,0.04826821013039171,205.43021115505914,202.85778180891057,2.6032507926774784,2.671980089965871,12.804211217155009,12.52654555649263,2.6032507926774784,2.671980089965871,16.666666666666664,19.063545150501675,0.09306877851486206,0.12904417514801025,0.001,2.5
270,102.43871835168682,102.65224640504971,0.05114994976214029,0.0481403634874119,205.43026513590087,202.85744177776834,2.5719898697519223,2.665103075097636,12.720458180860458,12.484941345393459,2.5719898697519223,2.665103075097636,16.582914572864322,19.063545150501675,0.11023324728012085,0.13140356540679932,0.001,2.5
271,101.60692275668708,102.49013618800952,0.05108445863453188,0.048177964923074815,205.43010122532422,202.85759222228393,2.520125219370652,2.6646483422920455,12.709706074828079,12.45387453379041,2.520125219370652,2.6646483422920455,16.582914572864322,19.063545150501675,0.12153792381286621,0.13309353590011597,0.001,2.5
272,103.06630769406931,102.9134739394172,0.051200682000948156,0.04820640670465785,205.43049056725687,202.85844671447143,2.5622730634520003,2.6780422523268888,12.875115782771278,12.498355409373408,2.5622730634520003,2.6780422523268888,16.24790619765494,19.063545150501675,0.10389536619186401,0.12536251544952393,0.001,2.5
273,103.32960016963071,102.96453808940772,0.05108733613736666,0.048227934447120265,205.43120752586992,202.85877148682457,2.578805551257365,2.6862031376880147,12.87819967797054,12.484080885565001,2.578805551257365,2.6862031376880147,16.331658291457288,19.39799331103679,0.09070342779159546,0.12070423364639282,0.001,2.5
274,101.71754015949703,102.9636967381506,0.051144567179420286,0.048230602029075594,205.43150815212945,202.85911366134184,2.5574854167062835,2.685162332943052,12.619736909466972,12.487035087917162,2.5574854167062835,2.685162332943052,16.750418760469014,19.39799331103679,0.09889090061187744,0.12696629762649536,0.001,2.5
275,102.60456395748272,102.69068893381585,0.05109882142575742,0.048185827166938464,205.43204243977866,202.85990058618245,2.538857841411827,2.670789729791341,12.853033006690454,12.475559298410065,2.538857841411827,2.670789729791341,16.750418760469014,19.063545150501675,0.13808178901672363,0.13119101524353027,0.001,2.5
276,102.53055498388345,102.68338568952171,0.051101829114072087,0.04811968929741694,205.43234973696607,202.859695689734,2.5670972792946514,2.6694692799877564,12.753512291452992,12.478073939830564,2.5670972792946514,2.6694692799877564,16.750418760469014,18.729096989966553,0.10769766569137573,0.1331021785736084,0.001,2.5
277,103.98511446340999,102.46242826838159,0.05115013084744089,0.04806641880485126,205.4321922417262,202.85967604212937,2.5976540255586507,2.6594136024398547,12.952744335385423,12.464059759541897,2.5976540255586507,2.6594136024398547,16.499162479061976,19.063545150501675,0.08005088567733765,0.13109958171844482,0.001,2.5
278,103.65483316903936,102.79730334329764,0.05112497392461528,0.04822951003311071,205.43217550050872,202.85937086634812,2.5974182551430296,2.666761013177725,12.887400400299123,12.508959588398502,2.5974182551430296,2.666761013177725,16.415410385259634,19.39799331103679,0.08650130033493042,0.13820743560791016,0.001,2.5
279,104.10653662242282,102.83640057107677,0.051167385331300434,0.04824096633488917,205.43210866343435,202.859793774659,2.6357614079512146,2.6659955284667256,12.862703109306706,12.519073017464832,2.6357614079512146,2.6659955284667256,16.24790619765494,19.063545150501675,0.06928086280822754,0.12681543827056885,0.001,2.5
280,102.191049738745,102.66323969914363,0.05117159900278901,0.048353056457628774,205.43253810761163,202.86018391995128,2.525147560253814,2.6540208660240556,12.81144630489637,12.520342016698525,2.525147560253814,2.6540208660240556,16.666666666666664,19.39799331103679,0.1138954758644104,0.13644230365753174,0.001,2.5
281,102.46642410815062,103.00974472709323,0.05102095414121546,0.04826472565083201,205.43286454857295,202.86041928294512,2.580365689755285,2.6767441181833527,12.70089684618977,12.521492084133186,2.580365689755285,2.6767441181833527,16.666666666666664,19.732441471571907,0.10552394390106201,0.12354695796966553,0.001,2.5
282,101.79887755632001,102.73341617137692,0.051113828118123004,0.048215423539330726,205.43305588407532,202.86070715862772,2.5269112822598148,2.6561574919965354,12.727732324520348,12.527994790603485,2.5269112822598148,2.6561574919965354,16.917922948073702,19.39799331103679,0.13497823476791382,0.13842558860778809,0.001,2.5
283,102.02196703324566,102.91439538655871,0.0511158167055404,0.0482644817003837,205.4332330087122,202.86066791445117,2.5292218102881656,2.6712722594921408,12.765418185261227,12.518837061215404,2.5292218102881656,2.6712722594921408,16.834170854271356,19.063545150501675,0.11869364976882935,0.13201403617858887,0.001,2.5
284,104.00240577684974,102.80600312402017,0.05111366843608157,0.048220682316101514,205.433062503885,202.8602429648307,2.618466527418076,2.6621252956199006,12.893772200324028,12.524608717315571,2.618466527418076,2.6621252956199006,16.582914572864322,19.063545150501675,0.09516775608062744,0.13875514268875122,0.001,2.5
285,102.64321093024121,102.4847129387999,0.05114181508221219,0.04825750203884166,205.4328129191694,202.85997488985095,2.5446008150301984,2.6645697710107403,12.843524873755884,12.453009959447344,2.5446008150301984,2.6645697710107403,16.499162479061976,19.39799331103679,0.11935800313949585,0.1323726773262024,0.001,2.5
286,103.06268136744923,102.89025832976785,0.051092850777571724,0.048167549883541855,205.43228665708097,202.85965006646504,2.558859409798729,2.6628199604442684,12.884653273539328,12.539385336298608,2.558859409798729,2.6628199604442684,16.666666666666664,19.39799331103679,0.11560720205307007,0.13682228326797485,0.001,2.5
287,102.06393975748288,103.0795411330003,0.051065298592924475,0.04826889687955978,205.4323058775322,202.86011007557744,2.540500688393112,2.6748443016639123,12.739986459613844,12.541149005443357,2.540500688393112,2.6748443016639123,16.415410385259634,19.063545150501675,0.115020751953125,0.12919294834136963,0.001,2.5
288,103.88471154192185,103.13197352176526,0.05107147323975411,0.04830473422206764,205.43295019715276,202.86058733375575,2.6041965376791643,2.669986218513055,12.913051830464273,12.566203095043782,2.6041965376791643,2.669986218513055,16.415410385259634,19.063545150501675,0.10171568393707275,0.12521225214004517,0.001,2.5
289,102.20617908369157,103.1769809276364,0.05114650871710761,0.04823852268150419,205.43301133454545,202.86038687715563,2.544740093812671,2.682330369151954,12.755699774328388,12.538184966530688,2.544740093812671,2.682330369151954,16.917922948073702,18.729096989966553,0.10986685752868652,0.12428027391433716,0.001,2.5
290,102.51781610587933,103.12093184863444,0.051116868872289084,0.04830670354258655,205.43287193515593,202.8604523521602,2.568374019172323,2.6723120069025352,12.747131352448584,12.557017173256762,2.568374019172323,2.6723120069025352,17.08542713567839,19.063545150501675,0.11422139406204224,0.12675738334655762,0.001,2.5
291,101.28345115060982,102.73337340594135,0.051106640117451974,0.04809775024054441,205.43297447830787,202.86040004360237,2.4855872406632056,2.6643191771363735,12.748620823999147,12.503525504300427,2.4855872406632056,2.6643191771363735,16.666666666666664,19.39799331103679,0.15562289953231812,0.13387715816497803,0.001,2.5
292,102.8640623364217,102.7928382592855,0.05114240324127814,0.04816557423376718,205.4331277818536,202.86073344048847,2.562079940808678,2.6699414317025787,12.835257520627735,12.498538747679032,2.562079940808678,2.6699414317025787,16.499162479061976,18.729096989966553,0.10921043157577515,0.1357855200767517,0.001,2.5
293,102.94118178989021,102.75742097682378,0.051096708749356984,0.04825333294063109,205.43333317486685,202.8609034305432,2.5995759680442876,2.6582118579775194,12.738202219632402,12.526625719357494,2.5995759680442876,2.6582118579775194,16.666666666666664,19.732441471571907,0.08373069763183594,0.13493138551712036,0.001,2.5
294,102.65441490697302,102.69734503194242,0.05112427164187383,0.04820063770016699,205.43349557745597,202.86075962028374,2.565780600111688,2.6659642166915947,12.78222984365083,12.491364376999464,2.565780600111688,2.6659642166915947,16.331658291457288,20.066889632107024,0.11690366268157959,0.12987428903579712,0.001,2.5
295,102.93900029423648,102.76623295302375,0.05111234124681259,0.0483647602357992,205.43329107901158,202.86069424734467,2.5488452775594177,2.6706503091448526,12.889955003057892,12.491050532031618,2.5488452775594177,2.6706503091448526,16.666666666666664,19.063545150501675,0.11467134952545166,0.13206243515014648,0.001,2.5
296,102.40399229985785,102.7193623673557,0.05116926712706261,0.04823297411701751,205.43338779468633,202.86084474289297,2.532787745522095,2.6626600708849852,12.831114775371711,12.505673937972972,2.532787745522095,2.6626600708849852,16.415410385259634,19.732441471571907,0.1121441125869751,0.13803911209106445,0.001,2.5
297,102.38678190656243,102.85156775637215,0.051152471808632416,0.048235413646418916,205.43291886168308,202.85974391567268,2.5392061346140338,2.67547630785301,12.808420678079628,12.49366557717722,2.5392061346140338,2.67547630785301,16.415410385259634,20.401337792642142,0.12062585353851318,0.12606167793273926,0.001,2.5
298,103.39583394675199,102.8809514125454,0.05108287618487724,0.04834360980668594,205.43217585833628,202.85942133772733,2.59938770522624,2.6681946073487453,12.829700883708806,12.521366333084362,2.59938770522624,2.6681946073487453,16.750418760469014,19.063545150501675,0.08326643705368042,0.12976843118667603,0.001,2.5
299,102.75939816166608,102.93377057844181,0.051054230661847486,0.048207210794240736,205.43222968582333,202.8603149720259,2.580702677843359,2.6745702008339873,12.75847457202036,12.512830520553333,2.580702677843359,2.6745702008339873,16.750418760469014,19.063545150501675,0.08933556079864502,0.12517356872558594,0.001,2.5
300,102.23788306461506,103.03235414434835,0.051124012450277305,0.04821558093596063,205.43331898956043,202.86100814972434,2.552184632874813,2.6804752812337718,12.73971118639462,12.514829450626436,2.552184632874813,2.6804752812337718,16.415410385259634,19.063545150501675,0.10346567630767822,0.12812453508377075,0.001,2.5
301,102.6376581495531,102.66291487575774,0.05112893224211793,0.04815601070339863,205.43361090016325,202.86115859423992,2.568201771932631,2.65763314432125,12.771614101863586,12.509480460431664,2.568201771932631,2.65763314432125,16.499162479061976,19.063545150501675,0.10473459959030151,0.13315367698669434,0.001,2.5
302,103.32468223891266,102.78596088320117,0.05114656057165096,0.048267486850952224,205.43349882346303,202.86077283776325,2.6001482243513943,2.6627221115456776,12.813175717390562,12.518799826452963,2.6001482243513943,2.6627221115456776,17.001675041876048,19.732441471571907,0.08920103311538696,0.139847993850708,0.001,2.5
303,101.52378806876177,102.7230768108049,0.05107606030763494,0.048197329779432765,205.43338687455835,202.86129602540694,2.5076020091422637,2.6550722544807255,12.730649810739898,12.529186462478894,2.5076020091422637,2.6550722544807255,16.666666666666664,19.063545150501675,0.14273756742477417,0.13729476928710938,0.001,2.5
304,102.77498088689705,103.08167157125314,0.051102280242359216,0.04825989883330754,205.4345019674381,202.86218971073828,2.5368895063448194,2.6772504139903397,12.893020251288485,12.534358302087687,2.5368895063448194,2.6772504139903397,16.666666666666664,19.063545150501675,0.12662899494171143,0.12527865171432495,0.001,2.5
305,103.27904800593953,103.06878332948206,0.05112732152518515,0.04821632309103491,205.434608191102,202.86182355083352,2.5971427139525036,2.6806145216708996,12.813069295643562,12.52169712730076,2.5971427139525036,2.6806145216708996,16.666666666666664,20.066889632107024,0.09517437219619751,0.12327444553375244,0.001,2.5
306,101.30019878342723,102.95024037440884,0.05105767067727731,0.04822730312877674,205.43450830609754,202.86192597354136,2.5224661415745464,2.6704624209515626,12.641342961808146,12.528443486395489,2.5224661415745464,2.6704624209515626,16.917922948073702,19.39799331103679,0.15123093128204346,0.12910866737365723,0.001,2.5
307,103.02523220963215,102.98193941148229,0.05115792152769801,0.048288348277276974,205.4343823252411,202.86159681237262,2.562594543150322,2.6722333487060954,12.865944395911953,12.529457589854365,2.562594543150322,2.6722333487060954,16.415410385259634,19.39799331103679,0.10453438758850098,0.1323806643486023,0.001,2.5
308,103.54894981192584,103.32950382806784,0.051105020876655624,0.04826714418654059,205.4345072326149,202.86189326155545,2.6346420854379984,2.6794216122515624,12.75455599773669,12.577410634146087,2.6346420854379984,2.6794216122515624,16.499162479061976,19.063545150501675,0.05636560916900635,0.129566490650177,0.001,2.5
309,102.91080767505332,102.99477751358695,0.05116841435382514,0.048204353496581816,205.43464652976797,202.862043706071,2.5595591371782263,2.673870483768425,12.852163324404003,12.527130898823307,2.5595591371782263,2.673870483768425,16.331658291457288,19.063545150501675,0.1144370436668396,0.1218024492263794,0.001,2.5
310,101.87182334759328,102.97329808876268,0.0510905744567189,0.048180323916434446,205.43456205690725,202.8620959635961,2.527126859779933,2.6722215362217114,12.741679215551022,12.52778771250543,2.527126859779933,2.6722215362217114,16.750418760469014,19.39799331103679,0.10559087991714478,0.13030076026916504,0.001,2.5
311,102.82500470543228,102.79449945150012,0.05115717756788136,0.048039683530163205,205.43458600579393,202.86209162581326,2.578922922287754,2.674836638779146,12.776913944800295,12.484209915467328,2.578922922287754,2.674836638779146,16.666666666666664,18.729096989966553,0.11369460821151733,0.13046711683273315,0.001,2.5
312,102.59917200749842,102.5209345992991,0.05113281036291889,0.04818314639072753,205.43470140517857,202.86233357203048,2.536885562254556,2.6510386148025358,12.857864153045705,12.50086189512425,2.536885562254556,2.6510386148025358,16.917922948073702,19.063545150501675,0.10631638765335083,0.13576734066009521,0.001,2.5
313,102.76277749782032,102.53682741911516,0.05107573909026694,0.04813103645691106,205.43495584612515,202.86241211141632,2.565672426367525,2.6533461940727108,12.804236183613789,12.497128272933704,2.565672426367525,2.6533461940727108,16.499162479061976,19.063545150501675,0.10650759935379028,0.1403408646583557,0.001,2.5
314,102.64493257915554,102.71138998178336,0.05113175773440893,0.04823899981768235,205.4351103509491,202.86279786789297,2.5522159751336178,2.657391997882754,12.82102512474635,12.519881857677447,2.5522159751336178,2.657391997882754,16.499162479061976,19.732441471571907,0.11999690532684326,0.13731145858764648,0.001,2.5
315,103.24044873926108,102.97910194014227,0.05111431238714175,0.048160486446575175,205.43553542451843,202.86296137678983,2.5854513393574625,2.6746337118754817,12.840425879512,12.521714577308067,2.5854513393574625,2.6746337118754817,16.499162479061976,19.39799331103679,0.07673805952072144,0.1256740689277649,0.001,2.5
316,102.51974310946824,102.84141045509772,0.05111348810582305,0.04822061800189242,205.43584696451822,202.8636699153428,2.570983034482154,2.667627746843574,12.739689748690555,12.515183525340612,2.570983034482154,2.667627746843574,16.834170854271356,19.063545150501675,0.08602410554885864,0.12962275743484497,0.001,2.5
317,103.04048007217484,102.79252303005461,0.05110737984029692,0.04826697162710703,205.43633867068905,202.86358913051643,2.5951530038811255,2.6735625578009565,12.771328093817885,12.487591229952299,2.5951530038811255,2.6735625578009565,17.001675041876048,19.063545150501675,0.09472024440765381,0.12792211771011353,0.001,2.5
318,103.58432367219397,102.6244675499141,0.05110251850493789,0.04820546580098545,205.43606644060145,202.8631576487053,2.591154745875092,2.662087489928689,12.892093220747496,12.488417650943616,2.591154745875092,2.662087489928689,16.666666666666664,19.39799331103679,0.09081840515136719,0.134024977684021,0.001,2.5
319,103.86767387709625,102.46555504432091,0.05120584560898281,0.048138741578246436,205.43572139260758,202.86310503395106,2.6147726504646953,2.6769332088355635,12.877888829664169,12.412110545563458,2.6147726504646953,2.6769332088355635,16.415410385259634,19.063545150501675,0.08282959461212158,0.12929189205169678,0.001,2.5
320,102.22702979722015,102.62011427863386,0.051077305521797296,0.048181739115595416,205.43525240848612,202.86243788294968,2.532142629176129,2.6598422048881303,12.797675928278784,12.494286849745938,2.532142629176129,2.6598422048881303,16.750418760469014,18.729096989966553,0.1400967836380005,0.13718104362487793,0.001,2.5
321,102.57143174623525,102.75526259814616,0.05108937036427022,0.04826719520682077,205.4349221336582,202.86268641239025,2.55384540438053,2.6734081590454712,12.801445109560662,12.480601785972366,2.55384540438053,2.6734081590454712,16.582914572864322,19.063545150501675,0.11198770999908447,0.12805068492889404,0.001,2.5
322,102.9197116640944,102.89561064346977,0.05116665720864756,0.04822580939949954,205.43519587173333,202.8629806671653,2.6011013455526713,2.6821698903240088,12.729317653917986,12.482394680929024,2.6011013455526713,2.6821698903240088,16.499162479061976,19.732441471571907,0.08815968036651611,0.12639999389648438,0.001,2.5
323,102.87743533596122,102.86101228337623,0.05107468018429962,0.04828112768040453,205.43561491335257,202.86340582091674,2.5826069474020596,2.667265699061263,12.77636442072627,12.520176488818931,2.5826069474020596,2.667265699061263,16.499162479061976,18.729096989966553,0.08193546533584595,0.1366632580757141,0.001,2.5
324,102.46010059248063,102.45939707676304,0.05111976527613611,0.04830735609134703,205.43585031276172,202.8634537916917,2.5483776125276907,2.6649794490839724,12.795576076411722,12.44670630617684,2.5483776125276907,2.6649794490839724,16.750418760469014,18.729096989966553,0.1402040719985962,0.1377103328704834,0.001,2.5
325,102.453581984119,102.39486439172241,0.05113344356866937,0.04813818730737852,205.43582615940215,202.86332080037297,2.587077334897602,2.67036662372857,12.678170462948593,12.417672042463934,2.587077334897602,2.67036662372857,16.499162479061976,18.394648829431436,0.08147585391998291,0.1300228238105774,0.001,2.5
326,103.19349293413273,102.64891136450113,0.05120436736761625,0.04831316956259734,205.43562045967957,202.86301343018394,2.5793782905917273,2.673833114247657,12.849235550642414,12.458047429853458,2.5793782905917273,2.673833114247657,16.750418760469014,18.729096989966553,0.10802435874938965,0.13312798738479614,0.001,2.5
327,103.04154080082624,102.86138234728554,0.051068670292645446,0.048082693252575436,205.4353917056392,202.86308513118271,2.559442467825297,2.6662817750886134,12.878679810656575,12.523242079693338,2.559442467825297,2.6662817750886134,16.582914572864322,19.063545150501675,0.12132304906845093,0.13466393947601318,0.001,2.5
328,102.37958315748665,103.11944085060553,0.0511181498105502,0.048021750829889624,205.4355370347424,202.86338602021385,2.5628008371222157,2.671390237616855,12.73620345724288,12.55954117918493,2.5628008371222157,2.671390237616855,16.582914572864322,18.729096989966553,0.11078447103500366,0.12475073337554932,0.001,2.5
329,101.27777838267673,102.6375579323657,0.0511378049538463,0.048184181074533976,205.43578592936197,202.86352334931541,2.495546310191578,2.669763773978753,12.717602229797262,12.468011010849356,2.495546310191578,2.669763773978753,16.750418760469014,19.732441471571907,0.138688325881958,0.13512086868286133,0.001,2.5
330,103.68248586478944,102.87808115267036,0.05113065666464505,0.048285948816549816,205.43598276007316,202.8639114532981,2.5837478022679212,2.6674334755709337,12.93394072770673,12.523086471302454,2.5837478022679212,2.6674334755709337,16.415410385259634,19.39799331103679,0.09181791543960571,0.13451731204986572,0.001,2.5
331,103.77858349466244,102.95959243008923,0.051134379870777756,0.048129371601004264,205.43633550135934,202.86382428937932,2.6365142343831023,2.6666501700678795,12.794859675306771,12.541768963919036,2.6365142343831023,2.6666501700678795,16.331658291457288,19.732441471571907,0.061013758182525635,0.13233381509780884,0.001,2.5
332,102.29254398313998,102.89064898538749,0.0511228175743341,0.04828062839183122,205.43624875373777,202.8640379124262,2.5607194944442417,2.65409166677341,12.725038625886492,12.56562625285375,2.5607194944442417,2.65409166677341,16.834170854271356,18.729096989966553,0.10837018489837646,0.13450950384140015,0.001,2.5
333,102.13685303756739,103.00175460764397,0.05116919644638721,0.04812882329807632,205.4364311179923,202.86424061446684,2.570448115043704,2.6831408974318998,12.664705174252815,12.500729646969798,2.570448115043704,2.6831408974318998,16.750418760469014,18.729096989966553,0.10585176944732666,0.12760943174362183,0.001,2.5
334,101.49764088130676,103.0083005260863,0.0511204151614527,0.04828852731547627,205.4365635141855,202.86426669219665,2.542161997838236,2.6600673924321714,12.621730991344355,12.571227650977297,2.542161997838236,2.6600673924321714,16.917922948073702,19.063545150501675,0.11551743745803833,0.13746720552444458,0.001,2.5
335,102.72830092847047,102.95091433828092,0.05113590735212043,0.04823312498504501,205.43634061318147,202.86385245945144,2.5651848703572897,2.675695475128582,12.798791377388651,12.512876485103748,2.5651848703572897,2.675695475128582,16.666666666666664,19.063545150501675,0.08499526977539062,0.12936007976531982,0.001,2.5
336,103.09375456230126,102.70263447330947,0.051041685849727694,0.04821040888743656,205.43607362271155,202.86366072944972,2.5889955800981377,2.6594739366933253,12.800468801054324,12.51188958847403,2.5889955800981377,2.6594739366933253,16.582914572864322,18.729096989966553,0.10505211353302002,0.13523566722869873,0.001,2.5
337,101.90078211389795,102.97504555182313,0.051083126303488685,0.04812490840420675,205.43593713706062,202.86361495308253,2.5133320175023934,2.676406131540254,12.78885680027743,12.515592495334587,2.5133320175023934,2.676406131540254,16.331658291457288,19.39799331103679,0.13256382942199707,0.12662220001220703,0.001,2.5
338,102.07094391226968,102.85878970551252,0.05113519640823505,0.048178238875192146,205.43574996769328,202.8632422099544,2.544733605392814,2.6812082636715178,12.728674029185743,12.477925179395388,2.544733605392814,2.6812082636715178,16.499162479061976,19.063545150501675,0.11475783586502075,0.12573373317718506,0.001,2.5
339,103.11494599155445,103.03758602078543,0.051062217103925785,0.048244082222515125,205.43548504751132,202.86308089546534,2.5960199349689326,2.664614269964671,12.783629388665434,12.563453084250357,2.5960199349689326,2.664614269964671,16.582914572864322,19.063545150501675,0.0836135745048523,0.12925946712493896,0.001,2.5
340,102.85583166381222,103.11242290484068,0.05106965733233409,0.04823238886020654,205.4351118844957,202.86278230290748,2.573514234680227,2.6707121919230077,12.79932253085189,12.560129873728672,2.573514234680227,2.6707121919230077,16.666666666666664,18.729096989966553,0.1016584038734436,0.12842273712158203,0.001,2.5
341,102.22006552742553,102.83066951789984,0.051120801724281344,0.04822791356555993,205.43498421673797,202.8628759990169,2.5596255457381307,2.6672826522967488,12.7138252194403,12.514067924142283,2.5596255457381307,2.6672826522967488,16.582914572864322,19.063545150501675,0.10642671585083008,0.12873363494873047,0.001,2.5
342,103.078444552781,102.8466782585833,0.051136742890430256,0.04825879060305082,205.43515924552776,202.86304598907165,2.5784063299297286,2.657286829773,12.829155501808154,12.54725076043885,2.5784063299297286,2.657286829773,16.750418760469014,19.063545150501675,0.08235114812850952,0.14061683416366577,0.001,2.5
343,102.21181613276751,103.1735363708292,0.05106430739738434,0.048258680962399894,205.43518656821706,202.862967602784,2.521084854550897,2.675196009734801,12.827808940829943,12.558894390246541,2.521084854550897,2.675196009734801,16.499162479061976,19.39799331103679,0.13142627477645874,0.12958335876464844,0.001,2.5
344,102.59273385921715,103.28753924927983,0.051076953335223683,0.04818466821542153,205.4350302998145,202.86281715826846,2.577316489051934,2.6764768397927683,12.735295490603551,12.577867957660585,2.577316489051934,2.6764768397927683,16.666666666666664,19.39799331103679,0.11145836114883423,0.12739896774291992,0.001,2.5
345,103.02151456030968,103.1346001513427,0.051151331720040674,0.048096207733636716,205.4349264531479,202.86275153016567,2.5548263482712024,2.6832676603642596,12.888506622570045,12.526925023184173,2.5548263482712024,2.6832676603642596,16.582914572864322,19.732441471571907,0.12200486660003662,0.12415742874145508,0.001,2.5
346,103.56760439720985,102.7391379365953,0.051095017523721635,0.04833298803223016,205.43503806978416,202.86305905345293,2.5787524526043355,2.6613597192094476,12.925957452911428,12.513508713763693,2.5787524526043355,2.6613597192094476,16.666666666666664,19.39799331103679,0.07334339618682861,0.1312456727027893,0.001,2.5
347,102.03475538090845,102.91522150454314,0.051072944167820454,0.04817858460455834,205.43537212736044,202.86330099967012,2.538223088885871,2.6690817596920358,12.740980143523096,12.525591639770711,2.538223088885871,2.6690817596920358,16.666666666666664,19.732441471571907,0.12694638967514038,0.130027174949646,0.001,2.5
348,102.05402246472025,102.72988909463021,0.051117345491046684,0.04808888682802784,205.43545366092343,202.8634339399561,2.554959379049202,2.6682403494283107,12.69461616439436,12.491066543553584,2.554959379049202,2.6682403494283107,16.331658291457288,19.063545150501675,0.12374591827392578,0.12984699010849,0.001,2.5
349,103.91030150242587,102.4919414201309,0.051119618748051036,0.0481637876269012,205.43594437028895,202.86417513946228,2.644662422550783,2.6504821641788037,12.796761797101453,12.4967353973899,2.644662422550783,2.6504821641788037,16.917922948073702,19.39799331103679,0.07178372144699097,0.13650816679000854,0.001,2.5
350,102.29826158175317,102.92170608163279,0.05109037948737991,0.04835256189107895,205.43645491352433,202.8643517127404,2.558425593416096,2.677639533046097,12.733070114749161,12.501178795677363,2.558425593416096,2.677639533046097,16.415410385259634,19.063545150501675,0.12395668029785156,0.12869781255722046,0.001,2.5
351,102.98088146573934,102.95547408802453,0.051033722994914606,0.04840814109181481,205.4366282554128,202.86439095691694,2.5804845264409257,2.6735596776407298,12.803428600381567,12.520160793062038,2.5804845264409257,2.6735596776407298,16.24790619765494,19.063545150501675,0.10980653762817383,0.12869322299957275,0.001,2.5
352,103.02424567907899,102.74675931898646,0.05112808437353403,0.048175156702066346,205.43686646632415,202.86477028326846,2.5618039738992153,2.6672355682156157,12.868123989009378,12.497437981060118,2.5618039738992153,2.6672355682156157,16.499162479061976,18.729096989966553,0.099773108959198,0.1349678635597229,0.001,2.5
353,102.3474291573018,102.573514421648,0.0510906557391836,0.048298972468810736,205.43706764208412,202.86488791373262,2.535706965368197,2.6699683514725803,12.811059577980233,12.454564987616395,2.535706965368197,2.6699683514725803,16.582914572864322,19.063545150501675,0.11660939455032349,0.13082808256149292,0.001,2.5
354,101.47442844205565,102.68605564589484,0.05108063855837138,0.0482427451547771,205.43709795518936,202.86474185803263,2.515140645667736,2.6704142237188027,12.698159983010347,12.475747188198127,2.515140645667736,2.6704142237188027,16.499162479061976,19.39799331103679,0.12670665979385376,0.13407015800476074,0.001,2.5
355,102.2277287622193,102.84462355291565,0.05112986562389824,0.048193447877431794,205.4369311308741,202.86468526272472,2.530283292933325,2.6637816189922217,12.80338245500472,12.527368666734983,2.530283292933325,2.6637816189922217,16.834170854271356,19.39799331103679,0.12989139556884766,0.1311894655227661,0.001,2.5
356,102.92620558235514,103.14137594675938,0.051124846266342366,0.04829796602993107,205.43686725865658,202.86463070872637,2.5791234808351526,2.6737276822029545,12.796558156484735,12.55685994776595,2.5791234808351526,2.6737276822029545,16.415410385259634,19.063545150501675,0.08486562967300415,0.129630446434021,0.001,2.5
357,102.5340188567962,102.5125483382107,0.051126731113472976,0.04828126208987523,205.43697895197013,202.86500559522955,2.5623233166571637,2.6552949063355307,12.768521420720035,12.48639661412574,2.5623233166571637,2.6552949063355307,16.164154103852596,19.063545150501675,0.1190258264541626,0.13577663898468018,0.001,2.5
358,101.98767511569076,102.66375525739281,0.05118425519921672,0.04818276789375771,205.4376842300696,202.86582946777344,2.527122628549036,2.657267887855453,12.764842694728218,12.510736918369663,2.527122628549036,2.657267887855453,16.331658291457288,19.39799331103679,0.12774372100830078,0.1376745104789734,0.001,2.5
359,102.05708143020195,103.05346945057745,0.05119166164417163,0.048187841390287596,205.43854127816817,202.86694565584827,2.5375670532085985,2.6855762499231957,12.747389453140336,12.503753824776231,2.5375670532085985,2.6855762499231957,16.415410385259634,19.39799331103679,0.12332719564437866,0.12433332204818726,0.001,2.5
360,103.531118575053,102.62472789343384,0.05113318469531372,0.04835833643989818,205.4393372655514,202.8672988024045,2.5786438747067346,2.671147996366622,12.91897762241076,12.461256189888536,2.5786438747067346,2.671147996366622,16.666666666666664,19.39799331103679,0.0833977460861206,0.12772303819656372,0.001,2.5
361,103.33035053400138,102.80474493734813,0.05114365050840618,0.04823144028168857,205.440066824806,202.86800091083234,2.5908806000522633,2.6725004995148316,12.842111843115521,12.493228197895165,2.5908806000522633,2.6725004995148316,16.834170854271356,19.063545150501675,0.09125334024429321,0.13264155387878418,0.001,2.5
362,103.72717561194645,103.00397881855534,0.051085182757333696,0.04822023769834369,205.44038153413553,202.86820585831353,2.6082803799678733,2.6720246279917435,12.869288452506265,12.534504160035812,2.6082803799678733,2.6720246279917435,16.499162479061976,19.39799331103679,0.0894274115562439,0.13143271207809448,0.001,2.5
363,102.47690634671568,102.5594312482853,0.051136942258981403,0.04813381349262984,205.44053435205814,202.86824290808227,2.5624345291399675,2.656054711262119,12.75676231767664,12.493521757349123,2.5624345291399675,2.656054711262119,16.834170854271356,18.729096989966553,0.1271849274635315,0.1384984254837036,0.001,2.5
364,101.59044323894047,102.94222621853933,0.051061392941167405,0.0482037204713327,205.44068359170527,202.8684259625183,2.5247035949074443,2.659457992151828,12.69267772629832,12.559856832625476,2.5247035949074443,2.659457992151828,16.666666666666664,19.063545150501675,0.12284594774246216,0.13116133213043213,0.001,2.5
365,103.00109459447302,102.98161111787012,0.051101077971995576,0.048192637084818205,205.44090557258133,202.86867668636665,2.5769378388147657,2.6627042644398666,12.818096823828105,12.557996312910099,2.5769378388147657,2.6627042644398666,16.415410385259634,18.729096989966553,0.10396772623062134,0.13410311937332153,0.001,2.5
366,101.82668019459275,102.89658353161254,0.05110258527312247,0.048202205399506065,205.44106784737488,202.86874205930576,2.526557807347283,2.6728521709059394,12.734354298717811,12.510546094199087,2.526557807347283,2.6728521709059394,16.582914572864322,19.39799331103679,0.13722026348114014,0.1263362169265747,0.001,2.5
367,102.72213916363229,103.00402051230338,0.05107983048237748,0.048241037040649845,205.44119032663318,202.86872230963564,2.560244819427056,2.6711277283952386,12.812389533523739,12.537198570659728,2.560244819427056,2.6711277283952386,16.499162479061976,19.732441471571907,0.11187207698822021,0.12863677740097046,0.001,2.5
368,103.41251194377242,102.55576709760072,0.05109244826525899,0.04819253496950287,205.4411561285431,202.86869393543256,2.5930752099259213,2.6540337557776716,12.851969955354878,12.498840067298914,2.5930752099259213,2.6540337557776716,17.001675041876048,18.729096989966553,0.08236175775527954,0.1343841552734375,0.001,2.5
369,102.7286139508987,102.77240403599563,0.05107717679648144,0.04820768300904877,205.440917278654,202.8685130243716,2.540938644952311,2.6624244981784884,12.871602810806964,12.516991902354569,2.540938644952311,2.6624244981784884,17.001675041876048,19.063545150501675,0.11593705415725708,0.13542819023132324,0.001,2.5
370,102.64748240715295,102.7897736412227,0.0511490451468395,0.048298403296781624,205.44056175142478,202.86785260969182,2.5441594471284494,2.6618883545980805,12.84569986621339,12.522056190465205,2.5441594471284494,2.6618883545980805,16.164154103852596,19.063545150501675,0.11539185047149658,0.13030654191970825,0.001,2.5
371,101.96832988489813,103.21067297179563,0.05109544546410466,0.04841515278586975,205.4402702497677,202.86794196801839,2.524735316159937,2.674991197809328,12.7681528024338,12.566904524098272,2.524735316159937,2.674991197809328,16.499162479061976,19.732441471571907,0.12847858667373657,0.12387579679489136,0.001,2.5
372,103.1318688959732,102.71207889824807,0.05112002204036593,0.048144327844166036,205.44057271628324,202.86859146169198,2.579177126013853,2.6708989924810402,12.837530386907172,12.479515917723793,2.579177126013853,2.6708989924810402,16.917922948073702,19.39799331103679,0.09555548429489136,0.13310998678207397,0.001,2.5
373,101.92666843229003,102.55524278723675,0.05106910391768419,0.04815832084437278,205.44094237770068,202.868922715203,2.5221546055683537,2.6583053268317793,12.767567968448402,12.485926717420087,2.5221546055683537,2.6583053268317793,16.499162479061976,18.729096989966553,0.1236732006072998,0.13376879692077637,0.001,2.5
374,102.95441944115925,102.96411091986309,0.05107847803351867,0.048232055851647686,205.44104568762594,202.8691014318562,2.5406387047951347,2.669962206014423,12.917664048659741,12.532714295148052,2.5406387047951347,2.669962206014423,16.415410385259634,19.063545150501675,0.12321507930755615,0.13422197103500366,0.001,2.5
375,102.32044345210345,102.79396985924762,0.05110611884513093,0.048245930203227295,205.44137281868325,202.86933888719233,2.540045558507718,2.6671737500257717,12.792642665268788,12.507049190559515,2.540045558507718,2.6671737500257717,16.917922948073702,18.729096989966553,0.12157630920410156,0.13301628828048706,0.001,2.5
376,101.8257193253867,102.80060442155819,0.05109648999307224,0.048185797190187764,205.4415487164828,202.86950015064863,2.556213594960607,2.6802243508622796,12.645195540870654,12.469237400935246,2.556213594960607,2.6802243508622796,16.834170854271356,19.063545150501675,0.11213511228561401,0.12996244430541992,0.001,2.5
377,101.84862892751518,102.60360676947246,0.05103717160284819,0.04811830801210276,205.44183326606176,202.86970938487994,2.5255819624991873,2.662575103766145,12.741684356127152,12.482798432825401,2.5255819624991873,2.662575103766145,17.001675041876048,19.732441471571907,0.1397242546081543,0.13251662254333496,0.001,2.5
378,103.20419043152775,102.94884353178401,0.051073515890680966,0.04815707988663262,205.44178196892668,202.86954592701582,2.5792827059076457,2.671333849629431,12.851687282773119,12.525561227447612,2.5792827059076457,2.671333849629431,16.582914572864322,19.063545150501675,0.08258122205734253,0.12977933883666992,0.001,2.5
379,102.24517582009985,103.04019108903049,0.05112551595747371,0.04819071798719291,205.44179515742778,202.86956552358774,2.545029148983596,2.678820059052279,12.762634029739866,12.521365988613372,2.545029148983596,2.678820059052279,16.415410385259634,19.063545150501675,0.10932624340057373,0.12273645401000977,0.001,2.5
380,102.84387646647953,102.6566955413308,0.05112507560569637,0.04826620280941992,205.44174063984474,202.86961135098767,2.5467389224961376,2.6670333326460924,12.877244973302487,12.480012147322945,2.5467389224961376,2.6670333326460924,16.582914572864322,19.39799331103679,0.1252261996269226,0.12734192609786987,0.001,2.5
381,102.85075401421169,102.81194639684365,0.051089992313029575,0.04816299680632891,205.4418611766106,202.86951341916088,2.5788997389763044,2.673704627365572,12.782145036924225,12.491069726720701,2.5788997389763044,2.673704627365572,17.001675041876048,19.732441471571907,0.10139405727386475,0.12816166877746582,0.001,2.5
382,102.69901545283383,103.05364033370512,0.05107675314299026,0.048232665864819266,205.44171709990383,202.8695091834435,2.5766579889172885,2.6781497775112904,12.758525701423785,12.526058299086962,2.5766579889172885,2.6781497775112904,16.666666666666664,19.063545150501675,0.10319787263870239,0.12482565641403198,0.001,2.5
383,102.79346712709871,102.48336467934293,0.05118623721589595,0.04817724747452449,205.44168136826713,202.8694153852686,2.568687061169239,2.6586095377753014,12.801306488126567,12.470635178097115,2.568687061169239,2.6586095377753014,16.582914572864322,19.063545150501675,0.09946757555007935,0.13272029161453247,0.001,2.5
384,102.7445917433031,103.09012075570914,0.05109593196080957,0.04837682972783628,205.44158616057993,202.8692476406544,2.5617952997760356,2.6811412202075973,12.81222524595021,12.524350970086445,2.5617952997760356,2.6811412202075973,16.666666666666664,19.063545150501675,0.0994461178779602,0.12472671270370483,0.001,2.5
385,102.69172292738105,102.47377567865378,0.051109761118239894,0.048155394759664565,205.44117238413747,202.8687330265109,2.578808173861735,2.6516964028910253,12.750609666258846,12.489461031247142,2.578808173861735,2.6516964028910253,16.834170854271356,19.39799331103679,0.09991449117660522,0.1409732699394226,0.001,2.5
386,103.24189047757505,102.55787314220416,0.05105713115290581,0.0481894200786101,205.44071260129587,202.86823836616847,2.56259477757529,2.654539226289577,12.909294510207184,12.49774580416472,2.56259477757529,2.654539226289577,16.834170854271356,19.063545150501675,0.1008068323135376,0.13779574632644653,0.001,2.5
387,102.45080717205003,102.93257544271923,0.05108179389132527,0.0481525598635841,205.4400586970088,202.86762582019819,2.55641507383567,2.6735633001678365,12.769611745224127,12.515621523394632,2.55641507383567,2.6735633001678365,16.499162479061976,19.39799331103679,0.10594123601913452,0.13088661432266235,0.001,2.5
388,102.70902736542412,103.04461381586897,0.05111606977568,0.04824246035072716,205.43984101006333,202.8676475091124,2.5413370451935173,2.6712154672297346,12.86648300784317,12.54505464624003,2.5413370451935173,2.6712154672297346,16.834170854271356,19.39799331103679,0.12148725986480713,0.1272503137588501,0.001,2.5
389,103.40402367366619,102.84877703102137,0.051159733360386775,0.048241292765008964,205.44020732323727,202.86820994093267,2.603416367391845,2.6676337806676145,12.819235597223892,12.516631812156243,2.603416367391845,2.6676337806676145,16.331658291457288,18.729096989966553,0.08965456485748291,0.13134068250656128,0.001,2.5
390,103.01682645711468,102.4582505242083,0.05107564207671875,0.04817719583128607,205.4404429271193,202.86835594559992,2.571624284213911,2.6591809258413157,12.837189466709667,12.46389815480414,2.571624284213911,2.6591809258413157,16.582914572864322,18.729096989966553,0.11009448766708374,0.13275617361068726,0.001,2.5
391,103.68851919509657,102.83542809119591,0.05112151960706591,0.04813558156025848,205.44081931058287,202.8688900032171,2.599664140586278,2.671343996373307,12.887398783685374,12.502853256404201,2.599664140586278,2.671343996373307,16.917922948073702,18.729096989966553,0.09464877843856812,0.12685400247573853,0.001,2.5
392,101.89811987693186,102.92172807674343,0.051074115843379515,0.048191394332958305,205.4412417771229,202.86920604897185,2.532430004234889,2.6720430300785947,12.731030884300244,12.518004768269517,2.532430004234889,2.6720430300785947,16.666666666666664,19.39799331103679,0.11757773160934448,0.13008862733840942,0.001,2.5
393,103.79002007208078,102.79065120020837,0.05105710921300516,0.048172859842561956,205.4414017004783,202.86915374041402,2.62149646334113,2.6711363345882964,12.842214716938473,12.494512704702524,2.62149646334113,2.6711363345882964,16.24790619765494,18.729096989966553,0.08466953039169312,0.13070893287658691,0.001,2.5
394,102.69448471708314,102.48262473013888,0.05107362578362476,0.04822325608054531,205.44148147046266,202.86939573766395,2.5663448741887285,2.655379877441304,12.788559602133592,12.480167063582302,2.5663448741887285,2.655379877441304,16.582914572864322,19.39799331103679,0.11004024744033813,0.1338416337966919,0.001,2.5
395,102.46564914313592,102.98896314946306,0.051048540346436765,0.048305682563861474,205.44205102968456,202.87017174149835,2.5324436044772867,2.6852809178789325,12.844500814850006,12.491714719944575,2.5324436044772867,2.6852809178789325,16.582914572864322,19.063545150501675,0.13974922895431519,0.12425023317337036,0.001,2.5
396,102.72593655738,102.83859737740711,0.05107159214952284,0.04831136679619451,205.44214664631752,202.86959190751398,2.5538565405649156,2.671953726771683,12.83231451203875,12.50162248388182,2.5538565405649156,2.671953726771683,16.499162479061976,19.063545150501675,0.1224592924118042,0.12820583581924438,0.001,2.5
397,102.46595705374202,102.62673590414501,0.051102775549968484,0.04820635930999466,205.4417604992737,202.86956577875145,2.5359905117520536,2.652626779964536,12.83391096124697,12.517251582448697,2.5359905117520536,2.652626779964536,16.582914572864322,18.729096989966553,0.11125308275222778,0.1353200078010559,0.001,2.5
398,102.66979948519862,102.83640480679414,0.051102556213362134,0.04814900740682082,205.4417163842487,202.86950688697024,2.5900759273637677,2.6720401762321244,12.712423145671186,12.500957182817237,2.5900759273637677,2.6720401762321244,16.666666666666664,19.063545150501675,0.08232039213180542,0.12768864631652832,0.001,2.5
399,103.25399914458768,102.7086769792946,0.051150570762417025,0.04810822163288011,205.44175789224442,202.8696702938016,2.5948474710710485,2.6707478757686043,12.81493890624949,12.479297000030211,2.5948474710710485,2.6707478757686043,16.666666666666664,19.063545150501675,0.0951993465423584,0.12768185138702393,0.001,2.5
400,102.86080022712848,102.70680285297509,0.05108740704892269,0.048153976831946485,205.44214069104476,202.8702349710624,2.575086691072039,2.6578562307517264,12.795594196223734,12.517587196069417,2.575086691072039,2.6578562307517264,16.666666666666664,18.729096989966553,0.10887271165847778,0.13799279928207397,0.001,2.5
401,99.56859923447396,104.61412267780624,0.06556035210089867,0.0747817074475081,198.0202574610111,174.76862572507315,2.9528233885166033,2.8518737072131306,11.002533460581922,12.317293033153318,2.9528233885166033,2.8518737072131306,18.509212730318257,18.729096989966553,-0.08864879608154297,0.06244039535522461,0.001,2.5
402,101.56825104270948,103.83834139718658,0.0813725260234558,0.0797184709222819,165.04012882609663,159.9253293040604,2.7704510213542024,2.7547326861416614,11.953014777932735,12.455540618768902,2.7704510213542024,2.7547326861416614,17.42043551088777,17.391304347826086,-0.025619864463806152,0.10340327024459839,0.001,2.5
403,102.51500608613543,101.46437447844541,0.08132265876335915,0.07632746258407931,164.38429610413723,170.55075563156484,2.7008417934628586,2.7467941560075433,12.351334161295163,12.003116416293244,2.7008417934628586,2.7467941560075433,16.917922948073702,18.06020066889632,0.04218459129333496,0.053138673305511475,0.001,2.5
404,102.25890494750772,104.52400677020734,0.08014217817803324,0.07146818920920127,178.4372376612882,176.7167552322847,2.671402060206811,2.829680365463563,12.385859048546259,12.366124035123997,2.671402060206811,2.829680365463563,15.745393634840871,19.39799331103679,0.04683500528335571,0.03101104497909546,0.001,2.5
405,103.00897628298557,107.36065612588838,0.07342896852611097,0.07107905998676517,186.8498906785719,184.9568296706796,2.727792773414497,2.8172335576851633,12.366361316124998,12.969223826226582,2.727792773414497,2.8172335576851633,16.582914572864322,19.063545150501675,0.01652008295059204,0.012125909328460693,0.001,2.5
406,103.2529413041158,102.23026354735512,0.07883860741178794,0.08025833804870529,188.97975657094065,187.19152485008624,2.706698251129994,2.7298911957437775,12.476930011257254,12.20288951580341,2.706698251129994,2.7298911957437775,18.00670016750419,18.729096989966553,0.020592033863067627,0.01932448148727417,0.001,2.5
407,103.2013554788714,105.9677101824196,0.08516940866383277,0.08178906915179862,192.4654981910284,177.9868932105227,2.69083796074642,2.832284690544358,12.51222997214926,12.644732835699484,2.69083796074642,2.832284690544358,16.499162479061976,17.391304347826086,0.036751627922058105,-0.062233686447143555,0.001,2.5
408,102.8097070026238,103.65885675232546,0.07998095119568571,0.06961389877724408,175.85317021917857,165.1436960992207,2.6685084589761705,2.7170634078341585,12.505249488293826,12.533629414229887,2.6685084589761705,2.7170634078341585,17.001675041876048,18.06020066889632,0.02513831853866577,0.1063891053199768,0.001,2.5
409,105.24200122520153,105.05085417578452,0.07487292618957196,0.07550524927700643,177.07026005270492,178.25899482650502,2.7138528188868385,2.717514557184583,12.856453320488859,12.806874176331586,2.7138528188868385,2.717514557184583,16.834170854271356,20.066889632107024,0.0136643648147583,0.006265878677368164,0.001,2.5
410,104.63092705552502,103.87208648987837,0.08541040390829745,0.091339023142156,190.72720372696818,188.085077036982,2.7234245309078915,2.6996612883730475,12.700684146465768,12.619549234575253,2.7234245309078915,2.6996612883730475,17.08542713567839,17.391304347826086,0.027293860912322998,0.07137686014175415,0.001,2.5
411,104.36185552446887,100.78123239370493,0.09202511148087343,0.08162892026745755,184.35449563797994,191.5645305416656,2.7625542262091707,2.7215033789542207,12.52943248844626,11.937098015112223,2.7625542262091707,2.7215033789542207,21.691792294807367,20.066889632107024,-0.01208186149597168,0.12704187631607056,0.001,2.5
412,104.0547215447354,101.97963706944698,0.09171668868168714,0.07534971641357925,183.58505696307873,191.41334416316107,2.687427620192868,2.814308453563065,12.693601226487152,11.899649492474303,2.687427620192868,2.814308453563065,20.18425460636516,19.732441471571907,0.06263303756713867,0.1422293782234192,0.001,2.5
413,103.99732713044389,107.42635557244853,0.0792651379502798,0.09232124439549685,187.50018351441452,187.41966451689552,2.7263531696856322,2.7485434562466216,12.567053083998074,13.183693174534419,2.7263531696856322,2.7485434562466216,19.932998324958124,19.063545150501675,0.021092474460601807,0.13917994499206543,0.001,2.5
414,104.60631452653077,105.64617649448357,0.0858407572311173,0.08486678730384961,195.1112293134782,177.43866380162063,2.692167821241983,2.7108465907565726,12.788569236320866,12.944234072962733,2.692167821241983,2.7108465907565726,16.415410385259634,22.073578595317723,0.042200446128845215,0.0681685209274292,0.001,2.5
415,105.14611964649092,106.05121905987079,0.0806337816007373,0.08136548380987302,186.41497922862195,181.68284928439851,2.705811381140346,2.694863718090249,12.85837989117033,13.073042352861385,2.705811381140346,2.694863718090249,18.592964824120603,19.063545150501675,0.032966554164886475,0.15920495986938477,0.001,2.5
416,105.36790118704688,105.83118949048097,0.0721364657034227,0.07102927156914038,184.59476824940947,171.9484641288834,2.697316793540814,2.7366143652427954,12.930283503316755,12.907800221522916,2.697316793540814,2.7366143652427954,17.001675041876048,21.73913043478261,0.039718449115753174,0.11524307727813721,0.001,2.5
417,105.88656194485611,106.94389343261719,0.06918029699293612,0.06620597772075978,183.3687221456812,184.72584339766996,2.744378541582194,2.844518078609454,12.893667160366448,12.805038873168536,2.744378541582194,2.844518078609454,17.504187604690117,17.725752508361204,0.011786103248596191,0.0630636215209961,0.001,2.5
418,105.36764260552437,107.07134343788377,0.0767223078950965,0.08171533352156547,190.9482740852701,197.90595589832319,2.715869691903068,2.728098052799901,12.872385467516517,13.174050567142142,2.715869691903068,2.728098052799901,18.341708542713565,18.394648829431436,0.033277273178100586,0.13193178176879883,0.001,2.5
419,106.21343362830592,108.3227995805517,0.08190532545348507,0.07361278829965304,198.24849027445168,193.70843878398372,2.746873594408658,2.9760820116087743,12.94603509759184,12.682848812345677,2.746873594408658,2.9760820116087743,17.587939698492463,18.394648829431436,0.026118099689483643,-0.18485581874847412,0.001,2.5
420,106.84938373917112,105.30202134556595,0.07577426359681429,0.07520479748779316,190.75732598232864,188.98043634421052,2.752811168306437,2.703237207438236,13.05813680581711,12.897854977228171,2.752811168306437,2.703237207438236,17.504187604690117,18.06020066889632,-0.025591135025024414,0.16454732418060303,0.001,2.5
421,106.12823276743417,105.35466554571553,0.0759784277385004,0.07168936482739688,190.15848642218253,183.98261875930837,2.689892905441361,2.6513505452452693,13.102740532189758,13.065748115845746,2.689892905441361,2.6513505452452693,16.331658291457288,18.394648829431436,0.011523008346557617,0.11220473051071167,0.001,2.5
422,106.65290780123354,105.84964129597846,0.07061533159396956,0.0666189964200342,187.71028408133606,185.10292349212546,2.633390752514403,2.6814412560351317,13.378744213225653,13.075259632888844,2.633390752514403,2.6814412560351317,17.001675041876048,17.725752508361204,0.054211318492889404,0.0902707576751709,0.001,2.5
423,106.73673608674476,105.70140180300709,0.07080227730661581,0.07021891953654114,191.2702281702703,189.34136207606082,2.655272612020598,2.665687644760744,13.329114960266319,13.091304444150383,2.655272612020598,2.665687644760744,16.582914572864322,18.394648829431436,0.05207991600036621,0.15858447551727295,0.001,2.5
424,106.57952354341695,109.07705073532054,0.07349624205224678,0.07203204346739728,189.07615569608296,180.95621472617057,2.665423130469905,2.7565209642301833,13.26712106100878,13.495250124596433,2.665423130469905,2.7565209642301833,16.750418760469014,19.732441471571907,0.03673267364501953,0.0617220401763916,0.001,2.5
425,107.44586953525767,108.81389094834344,0.0707612821779259,0.07352766314876519,194.28950290903575,200.71529008233827,2.6993108119197826,2.74198013165324,13.338231781619278,13.481989142886771,2.6993108119197826,2.74198013165324,16.499162479061976,18.729096989966553,0.02959132194519043,0.13275641202926636,0.001,2.5
426,106.92809165302833,106.00242303446383,0.07440814433285539,0.06739832742457406,201.5387584232605,198.71176739440713,2.675526854979932,2.718402453489527,13.30384863880611,12.992055669676102,2.675526854979932,2.718402453489527,17.33668341708543,18.729096989966553,0.03543812036514282,0.10225194692611694,0.001,2.5
427,106.77950762264693,111.65873998941785,0.06911212557823813,0.07016780526442672,209.57193376550723,213.8953286365522,2.70360231000175,3.105062874663235,13.18935789175369,12.9597467467139,2.70360231000175,3.105062874663235,16.666666666666664,18.06020066889632,0.058413922786712646,-0.2885782718658447,0.001,2.5
428,108.6766851479484,106.44227253075029,0.08164368054425497,0.0825110624566126,208.11162328160987,202.63898934967142,2.7326592672210643,2.7162459462781414,13.479408310486045,13.082686889929118,2.7326592672210643,2.7162459462781414,15.829145728643216,17.391304347826086,0.017493784427642822,0.1109076738357544,0.001,2.5
429,106.63066599476876,109.51120612613333,0.07171217016438942,0.07293684317116754,192.6284057514951,179.13806182963393,2.65101625971259,2.7311998817035588,13.320216544708813,13.65822615990272,2.65101625971259,2.7311998817035588,16.582914572864322,20.401337792642142,0.052251338958740234,0.0771988034248352,0.001,2.5
430,106.92653622779015,106.60060400308973,0.07323443605073134,0.07783740322825103,188.67913498870493,182.05230003535547,2.6853642088284646,2.6393408815198915,13.276831962355418,13.35012010108667,2.6853642088284646,2.6393408815198915,16.666666666666664,19.063545150501675,0.05152273178100586,0.13405930995941162,0.001,2.5
431,106.51176516534495,107.3371389382659,0.07323328632755295,0.06891092949587366,188.724114627295,185.58386705073227,2.609788563183604,2.689464770033208,13.420596169067588,13.348135080624584,2.609788563183604,2.689464770033208,16.24790619765494,19.063545150501675,0.0711207389831543,0.11764436960220337,0.001,2.5
432,107.26207238585506,111.45585458812906,0.06705469393500531,0.07885709051105091,198.3387568488193,202.35099169881047,2.6571981667274205,2.868979700432972,13.427741496407206,13.627989902942874,2.6571981667274205,2.868979700432972,16.917922948073702,20.066889632107024,0.03718608617782593,-0.08752608299255371,0.001,2.5
433,106.41366538809771,107.72816916373263,0.07207602943906832,0.06879915640904354,217.0920736290502,213.9614073584311,2.6992639500891142,2.730697876633609,13.127107310335042,13.296988675426878,2.6992639500891142,2.730697876633609,16.666666666666664,17.725752508361204,0.01237332820892334,0.02202582359313965,0.001,2.5
434,105.28544407114511,108.95492821632818,0.07810998991306503,0.07510929766506655,213.5700772539455,205.27206160631468,2.63425560372958,2.7326057379859745,13.09598580077665,13.537092451267817,2.63425560372958,2.7326057379859745,17.42043551088777,17.05685618729097,0.08334183692932129,0.07348358631134033,0.001,2.5
435,105.05793800545698,105.1074782406606,0.07533707879046898,0.07262878162306687,201.12515532271547,209.19597908964124,2.6253867760375518,2.671532741757141,13.080134902966881,12.950532753730698,2.6253867760375518,2.671532741757141,19.430485762144052,17.725752508361204,0.05778813362121582,0.12102627754211426,0.001,2.5
436,107.22086421129492,108.11116816287854,0.08247606900568982,0.08274776907170496,202.96381885522175,193.750627090301,2.625741063250569,2.6900959804305264,13.509861559524408,13.496646683351651,2.625741063250569,2.6900959804305264,16.917922948073702,17.05685618729097,0.05015885829925537,0.12152892351150513,0.001,2.5
437,106.33539194078301,103.29036276316563,0.07375682080460952,0.061565198328184044,200.60269558649367,211.78848348253945,2.5649331039320087,2.661706760176847,13.517407244773366,12.618281284702263,2.5649331039320087,2.661706760176847,16.582914572864322,17.391304347826086,0.09923034906387329,0.11779028177261353,0.001,2.5
438,107.51457115952893,110.53260828739026,0.07049548028152393,0.07378760149646363,218.89166645708195,213.05219215214453,2.625265705725256,2.7837859140989374,13.569239740994707,13.697797041672926,2.625265705725256,2.7837859140989374,17.75544388609715,17.391304347826086,0.07685601711273193,0.0492168664932251,0.001,2.5
439,108.84242914349988,106.93210201199636,0.06995910146527953,0.0603897309672075,209.7194814506288,205.11778106179125,2.6677515850194933,2.7208413679065515,13.709295290399037,13.170793708750237,2.6677515850194933,2.7208413679065515,14.991624790619765,17.05685618729097,0.07027983665466309,0.14881104230880737,0.001,2.5
440,107.37425431294658,108.62635226552702,0.06231299771535736,0.05701569431651396,200.82444382352844,188.03841249599904,2.5679176093345912,2.7862486193411327,13.718470378537074,13.317513864574623,2.5679176093345912,2.7862486193411327,16.834170854271356,17.725752508361204,0.11428654193878174,0.05762737989425659,0.001,2.5
441,108.37103574359837,110.82149852637862,0.06805448239073282,0.08613258012162403,193.25161577029843,195.95352928136106,2.7115173890962074,2.728154981415407,13.487393740233864,13.923417652729762,2.7115173890962074,2.728154981415407,17.001675041876048,21.73913043478261,0.034385085105895996,0.03477156162261963,0.001,2.5
442,108.52995683679629,106.07271017119238,0.08293931078870892,0.07443165205992185,207.8794479753504,211.68462624438232,2.6739309433117584,2.665450315411673,13.626034415546973,13.160967316515869,2.6739309433117584,2.665450315411673,18.00670016750419,18.06020066889632,0.04445093870162964,0.14972764253616333,0.001,2.5
443,108.04900922407856,108.15165394046235,0.07386068703990485,0.07186788195949734,208.4623747910287,199.03950750548705,2.676958232668776,2.67476189973761,13.522462405551419,13.551863520440449,2.676958232668776,2.67476189973761,17.08542713567839,20.401337792642142,0.027480006217956543,0.13693487644195557,0.001,2.5
444,108.07282444939541,107.8244303317373,0.07127899213552076,0.07296080378983731,208.08351804902605,205.99355941313166,2.677703960856401,2.715095748072085,13.525580537179406,13.36380743900669,2.677703960856401,2.715095748072085,18.00670016750419,18.394648829431436,0.0434531569480896,0.09332209825515747,0.001,2.5
445,107.89966040120852,105.46998892181294,0.07239143883612886,0.05953453960875205,202.40633787222245,197.13892259884838,2.597136943583912,2.6905855988977745,13.733561418363996,12.970906002465698,2.597136943583912,2.6905855988977745,16.331658291457288,18.394648829431436,0.07046997547149658,0.14809781312942505,0.001,2.5
446,108.27042456647659,110.29809363629906,0.06493628923617416,0.06613836020081737,202.02998553967757,200.79726305294994,2.5792296619670876,2.789520935071352,13.863002451220948,13.637668510743207,2.5792296619670876,2.789520935071352,16.331658291457288,18.729096989966553,0.0817074179649353,0.11174142360687256,0.001,2.5
447,108.28680460816452,107.25038294967601,0.06529907708741113,0.0598666067157302,205.02122303309352,202.9688343060854,2.595642439684077,2.67463483858268,13.816369495998874,13.373604902056947,2.595642439684077,2.67463483858268,15.996649916247907,18.729096989966553,0.09540992975234985,0.0895775556564331,0.001,2.5
448,107.31569191119578,109.03145545780858,0.060487656450051955,0.05874577022615484,207.72661834665678,202.82446452367265,2.564776375465457,2.732917183617684,13.715166297989274,13.555225222405781,2.564776375465457,2.732917183617684,16.08040201005025,19.063545150501675,0.08922821283340454,0.1050645112991333,0.001,2.5
449,109.92578125,109.87182688633335,0.05561506803111615,0.05448718676748483,197.9541672749735,190.24891519705986,2.630655085421487,2.7113395375152893,14.042476986321173,13.791399987644974,2.630655085421487,2.7113395375152893,15.745393634840871,19.39799331103679,0.05730050802230835,0.04695773124694824,0.001,2.5
450,107.96943063911681,111.53775869005898,0.05568190093715387,0.05126036838145559,197.06948315797737,199.57604755924697,2.56734577095888,3.0255497881401343,13.841298625696844,13.180735699707848,2.56734577095888,3.0255497881401343,17.839195979899497,19.39799331103679,0.09321242570877075,0.014607548713684082,0.001,2.5
451,108.58751792204839,108.93934799755696,0.05264654919080798,0.05337901985316372,203.85103102385298,205.64014253648227,2.5638176600138345,2.708834532511274,13.974750937329265,13.609561719224605,2.5638176600138345,2.708834532511274,15.996649916247907,18.729096989966553,0.1225055456161499,0.05091679096221924,0.001,2.5
452,109.21574777574395,108.96654553875875,0.05622590537271907,0.05387694317610766,202.15380033815725,200.74891223716097,2.6016201845165874,2.7984331778459324,13.986613735282042,13.347083729645082,2.6016201845165874,2.7984331778459324,17.252931323283082,18.394648829431436,0.07806849479675293,0.0917515754699707,0.001,2.5
453,108.4572492692139,110.48891022851235,0.055921567713146034,0.05423768345627896,201.74077520578152,193.21758048271255,2.586226740474477,2.7339593973446847,13.881236887856744,13.84641302548922,2.586226740474477,2.7339593973446847,15.494137353433835,19.063545150501675,0.08525699377059937,0.040417492389678955,0.001,2.5
454,109.09323352705094,108.58447704506558,0.05407295412878495,0.050650915623109874,197.83206762061445,202.58757804947155,2.581745446027823,2.731750703575619,14.023029365731244,13.470994834517157,2.581745446027823,2.731750703575619,17.001675041876048,18.729096989966553,0.08866780996322632,0.14069527387619019,0.001,2.5
455,109.24239317416347,109.87246076398868,0.05213497219048752,0.050997538411098976,211.24946578902814,210.94290783732234,2.6002862070074033,2.7633727147028995,13.994943447847861,13.631986008838666,2.6002862070074033,2.7633727147028995,15.41038525963149,19.063545150501675,0.07923269271850586,0.014783322811126709,0.001,2.5
456,109.0913817183656,109.31653985371159,0.05177057215591371,0.04875912139796493,216.71368410759035,218.5386769476543,2.583043672930655,2.7562228660519703,14.015448335427136,13.541179079674558,2.583043672930655,2.7562228660519703,15.996649916247907,17.391304347826086,0.09332650899887085,0.12964773178100586,0.001,2.5
457,109.38217303661047,111.35312991955607,0.05078309235885315,0.05039003480188424,217.60248114555526,209.41021509074847,2.5785244577494097,2.7238215738315645,14.087184185558428,14.047201456433555,2.5785244577494097,2.7238215738315645,16.164154103852596,19.39799331103679,0.09245908260345459,0.05334734916687012,0.001,2.5
458,109.05188494351641,108.67171707918811,0.052036270611549744,0.049847754596866495,214.3497386529817,214.5789675505265,2.582667454203569,2.703932776498954,14.009097974703739,13.569660298401695,2.582667454203569,2.703932776498954,16.415410385259634,18.06020066889632,0.09564870595932007,0.12436437606811523,0.001,2.5
459,109.10400664107485,109.18678778708978,0.05012659749119126,0.046867168256171966,213.88168041031165,210.32119480503044,2.5542788912902523,2.69389443812163,14.105163323419976,13.704236869429266,2.5542788912902523,2.69389443812163,16.164154103852596,19.732441471571907,0.13577574491500854,0.13341981172561646,0.001,2.5
460,109.49070372972855,108.76595171159725,0.047978751972891774,0.04841459065326879,216.23475483394347,217.21338140685424,2.571329758195222,2.7053899222791795,14.131308458158918,13.583894385143267,2.571329758195222,2.7053899222791795,15.159128978224457,18.729096989966553,0.09737122058868408,0.1016492247581482,0.001,2.5
461,108.974966346319,108.74547485045366,0.04934409478526419,0.04582124921091424,218.90531113718822,213.57246531610903,2.5505986537166576,2.664254111988489,14.089546650897718,13.704454275277945,2.5505986537166576,2.664254111988489,15.494137353433835,19.063545150501675,0.1358637809753418,0.1383536458015442,0.001,2.5
462,109.67550375473559,108.85273166005827,0.04616261535703237,0.042735671057649284,211.95358823332157,203.73225739648112,2.556346755131605,2.666529915404559,14.214436804229889,13.721662891349665,2.556346755131605,2.666529915404559,15.829145728643216,20.066889632107024,0.10844993591308594,0.1326749324798584,0.001,2.5
463,109.07318851336763,109.13021733210637,0.04492201921927869,0.04508848823482376,208.9799893377614,212.63789388088878,2.5486230989996113,2.7547249658450634,14.117987931473571,13.510322771742192,2.5486230989996113,2.7547249658450634,15.829145728643216,18.394648829431436,0.12784284353256226,0.04204356670379639,0.001,2.5
464,109.07302423218387,108.43139138110107,0.046484751037167545,0.04389310159711136,214.85908061016346,213.24237739282307,2.520958565387694,2.646122140629236,14.19946085068848,13.69648468693762,2.520958565387694,2.646122140629236,15.242881072026801,18.729096989966553,0.14713680744171143,0.1486515998840332,0.001,2.5
465,108.98512678290132,109.0862560973917,0.04473279973794667,0.04278139812392136,217.62940207118766,216.01887093738569,2.4625365206943686,2.6494257346443506,14.356943261483606,13.81721352095588,2.4625365206943686,2.6494257346443506,15.577889447236181,19.39799331103679,0.13992178440093994,0.13149899244308472,0.001,2.5
466,109.20463205462126,109.09830013007225,0.045532720952826726,0.04393621635028351,219.1015330047863,215.91564277980638,2.4969637881171964,2.7032943872305064,14.29710818694864,13.657807053530894,2.4969637881171964,2.7032943872305064,15.159128978224457,18.394648829431436,0.15468716621398926,0.11474645137786865,0.001,2.5
467,109.563871642453,108.22719510183686,0.04471590116595104,0.04178944353425383,215.7243168254194,208.88078762296848,2.5173729883765854,2.633899817099938,14.308567206863582,13.693605167809936,2.5173729883765854,2.633899817099938,15.07537688442211,19.39799331103679,0.13043320178985596,0.13252300024032593,0.001,2.5
468,108.61954821613766,108.87612585877893,0.04364052606462634,0.04240749846134696,212.5988004547068,211.89250902667092,2.490380183336523,2.669457353477095,14.201521224911689,13.715992860570799,2.490380183336523,2.669457353477095,15.07537688442211,19.39799331103679,0.14566433429718018,0.11646324396133423,0.001,2.5
469,109.68290725784685,108.44953066210284,0.04405271874076158,0.04210171213118129,214.6217971367253,213.62751137213564,2.510143492888765,2.658202921666429,14.354416037324684,13.66415218047075,2.510143492888765,2.658202921666429,15.577889447236181,19.732441471571907,0.14369243383407593,0.13414251804351807,0.001,2.5
470,109.52855134130124,109.39900827567314,0.043686366835031874,0.041196819133184424,217.5193866109928,213.56543846513117,2.506797963850063,2.6275070168102865,14.333075291747024,13.946328686232551,2.506797963850063,2.6275070168102865,15.242881072026801,19.39799331103679,0.1392572522163391,0.1503962278366089,0.001,2.5
471,109.35370846848991,107.97621019548397,0.04284632621548284,0.04076815149855853,216.2496788497746,214.33389634352463,2.544123949517357,2.6555466651916504,14.186550031754638,13.577582030790705,2.544123949517357,2.6555466651916504,16.08040201005025,18.729096989966553,0.1375192403793335,0.1442243456840515,0.001,2.5
472,109.31573441599681,109.32112563015227,0.042077902067995554,0.04014085271834929,218.2591490625736,217.23486578185424,2.5005532489150415,2.683040504072821,14.309419500967566,13.7636290106885,2.5005532489150415,2.683040504072821,15.326633165829145,19.732441471571907,0.1573287844657898,0.1441594362258911,0.001,2.5
473,109.414750691834,109.1752609201897,0.04187475776976876,0.039915775089060586,219.8222608454463,216.3598615971696,2.503760349810423,2.685261278248152,14.319330325677766,13.728013446897169,2.503760349810423,2.685261278248152,15.07537688442211,19.063545150501675,0.12988883256912231,0.12643921375274658,0.001,2.5
474,109.34798757275145,109.26530632605919,0.0412268050489214,0.03982300374868721,217.6256856998207,216.6310757538148,2.480232267523531,2.6973332314188263,14.377130516410073,13.709770336597659,2.480232267523531,2.6973332314188263,15.07537688442211,19.063545150501675,0.1571570634841919,0.11763954162597656,0.001,2.5
475,109.27119006184078,109.56013652074297,0.04169516178656064,0.03982438887142417,220.35846425220996,218.79806401179388,2.5036979152928645,2.671692184779955,14.290733660086115,13.845225879579882,2.5036979152928645,2.671692184779955,15.242881072026801,19.732441471571907,0.13286370038986206,0.13713830709457397,0.001,2.5
476,108.77715484261313,109.56700445577054,0.041582893979559395,0.03845214440073058,221.9532935878939,218.31282400686206,2.4897500110830695,2.6960969904194707,14.23347392793077,13.773756748059123,2.4897500110830695,2.6960969904194707,14.991624790619765,19.732441471571907,0.1582607626914978,0.0839008092880249,0.001,2.5
477,108.05699806916255,109.75497788649339,0.04053256945868633,0.039530335386660585,221.515711849858,219.33885657269022,2.4583146148790265,2.682344502031205,14.184046334757078,13.852188413358453,2.4583146148790265,2.682344502031205,15.326633165829145,18.06020066889632,0.14366096258163452,0.13306289911270142,0.001,2.5
478,109.59592646050892,108.44698372014788,0.04122897416627787,0.03947542961624554,219.87736219856606,217.96796899495715,2.4874156803341965,2.6592369876976396,14.404717012466099,13.660197915042124,2.4874156803341965,2.6592369876976396,15.494137353433835,19.063545150501675,0.1470702886581421,0.1422790288925171,0.001,2.5
479,109.07085575889703,109.42705426168283,0.04164531310299533,0.039270830705114036,221.94978094819803,217.22151714822522,2.509866326298546,2.6818497579631995,14.231853250283093,13.788563629456586,2.509866326298546,2.6818497579631995,15.159128978224457,19.732441471571907,0.12294656038284302,0.08280867338180542,0.001,2.5
480,110.11962451008297,109.96497817023543,0.04138349656833077,0.04047181330197631,219.84033629962147,219.8492600558992,2.544537827796872,2.6671210308138744,14.338066331106214,13.939567983748523,2.544537827796872,2.6671210308138744,15.494137353433835,20.066889632107024,0.11901253461837769,0.14603573083877563,0.001,2.5
481,109.52891860016227,109.53592689539677,0.04214333683576815,0.03954531979999415,223.8830434521239,221.62929823247086,2.48914400776427,2.6668344349366766,14.385146401435685,13.85444805374911,2.48914400776427,2.6668344349366766,15.159128978224457,19.732441471571907,0.1598387360572815,0.10359621047973633,0.001,2.5
482,109.20070710813181,108.68262009636614,0.04145724620900961,0.03957473114132881,224.30845672760776,221.8018207358676,2.481218359178834,2.6538978787170207,14.34333324112884,13.722554761829185,2.481218359178834,2.6538978787170207,15.242881072026801,19.39799331103679,0.15244275331497192,0.14431250095367432,0.001,2.5
483,108.91942630940346,108.96024570018551,0.041459407619944766,0.039100183441886135,224.53236100342207,221.75282859164338,2.4803885942328114,2.65048323586633,14.289521167825415,13.788429091207957,2.4803885942328114,2.65048323586633,15.07537688442211,19.732441471571907,0.1685451865196228,0.13342732191085815,0.001,2.5
484,108.69152612222898,109.11108663807745,0.040808633013536384,0.03912361762346232,224.21430636969842,222.0358232989359,2.497297856476239,2.6441230343337043,14.193407066703042,13.837616451607898,2.497297856476239,2.6441230343337043,15.07537688442211,19.732441471571907,0.14637184143066406,0.13169634342193604,0.001,2.5
485,110.1914453298802,109.50578251969455,0.04109751733278909,0.03886738549108091,224.62625454338752,221.31460045651846,2.5212490626515653,2.6663005471628245,14.421397517474253,13.850218849437292,2.5212490626515653,2.6663005471628245,14.991624790619765,19.39799331103679,0.14708149433135986,0.1379886269569397,0.001,2.5
486,108.80424412610742,109.23007100082958,0.04052571638470119,0.038332144116179204,224.07453476284417,221.9557615044125,2.413268850876059,2.6793950154231143,14.468122164408365,13.7557725970163,2.413268850876059,2.6793950154231143,15.07537688442211,19.732441471571907,0.20194119215011597,0.11137181520462036,0.001,2.5
487,108.87997584766279,108.95359052064825,0.04023259966142813,0.038424915294583424,225.64019179863348,224.18264030533092,2.42950277032964,2.6473446928936504,14.43431171340559,13.79616238201741,2.42950277032964,2.6473446928936504,15.07537688442211,19.39799331103679,0.16770464181900024,0.13436740636825562,0.001,2.5
488,110.26526202229,108.27402299861843,0.040599006104908596,0.03913972686266022,226.89965073986468,225.42307284045776,2.53603053252701,2.647307852837553,14.391461361193377,13.659968612186088,2.53603053252701,2.647307852837553,14.824120603015075,18.729096989966553,0.1431483030319214,0.14700216054916382,0.001,2.5
489,108.70690624038977,109.37301240238457,0.04107178401333004,0.038670303181661016,228.01297602821236,225.11008792736857,2.4592275471743226,2.6536249883198817,14.309881405215368,13.860971680452991,2.4592275471743226,2.6536249883198817,15.159128978224457,19.732441471571907,0.17139923572540283,0.1204100251197815,0.001,2.5
490,108.82085854484009,109.11999726056256,0.04070609261342629,0.03881179390593516,228.4374541980737,226.35929635854868,2.460499675429646,2.647108875389482,14.328844115163013,13.82963868846064,2.460499675429646,2.647108875389482,14.991624790619765,19.39799331103679,0.14917314052581787,0.1366591453552246,0.001,2.5
491,109.25899238522528,108.99547130367827,0.0406574587800994,0.03829510811479594,229.45594503891527,226.83532265755645,2.4291922830457064,2.648861323710668,14.510199097932084,13.799484370942897,2.4291922830457064,2.648861323710668,14.90787269681742,19.063545150501675,0.18395262956619263,0.1160317063331604,0.001,2.5
492,108.29567045023293,109.50081195639926,0.040291340275974925,0.03833058848977089,229.7538100966257,226.9343032071423,2.4350932055781636,2.6608054797386247,14.299845396773499,13.86469215852361,2.4350932055781636,2.6608054797386247,15.07537688442211,19.39799331103679,0.188463032245636,0.10533231496810913,0.001,2.5
493,108.91610518412374,109.04021254829739,0.04035761934304157,0.038480228093455866,229.9733172341607,227.41745189041598,2.44524969966767,2.644711812603035,14.393405869578197,13.82072731962172,2.44524969966767,2.644711812603035,14.991624790619765,19.063545150501675,0.15170890092849731,0.12919199466705322,0.001,2.5
494,108.58813760268629,109.18713442697174,0.04052410072567475,0.03849108669171764,230.30579323824526,227.46454959729044,2.4097410410492865,2.6619320625445515,14.434238283678116,13.79843927466351,2.4097410410492865,2.6619320625445515,14.90787269681742,19.063545150501675,0.20735734701156616,0.14094263315200806,0.001,2.5
495,109.07530258408742,109.20540718410327,0.04035790689551651,0.03821573472491475,229.74351736608662,226.63286434926317,2.458883136161408,2.6540818605135916,14.384390211185218,13.825865299007964,2.458883136161408,2.6540818605135916,14.90787269681742,19.732441471571907,0.16775017976760864,0.13900375366210938,0.001,2.5
496,108.90698258800921,109.3288842650959,0.04007789200574309,0.03798202370421145,229.07579160655163,226.44825096513117,2.439291236388623,2.6599072493039646,14.409692246710236,13.833168919668548,2.439291236388623,2.6599072493039646,15.07537688442211,19.063545150501675,0.1812964677810669,0.12229949235916138,0.001,2.5
497,108.89282157552901,109.1222388226053,0.04001332905574061,0.038014743377432776,229.76699742200586,227.23354587108395,2.4287699255312307,2.6614207814768407,14.438298492176049,13.787136071501767,2.4287699255312307,2.6614207814768407,15.159128978224457,19.39799331103679,0.17915773391723633,0.11305266618728638,0.001,2.5
498,108.72344413514513,109.00151054356807,0.040071052778356236,0.03819692666863518,229.96665619765494,227.07957606491038,2.417940246799284,2.6527354119214723,14.436860987089787,13.789041500027762,2.417940246799284,2.6527354119214723,14.824120603015075,19.39799331103679,0.18274062871932983,0.12836092710494995,0.001,2.5
499,109.06183718836287,109.76216390858526,0.040044294879264766,0.03800658551496407,229.2905316887988,226.16051108063664,2.4245045248986887,2.669349321952233,14.484987140700246,13.891551142153533,2.4245045248986887,2.669349321952233,15.07537688442211,19.732441471571907,0.17928338050842285,0.11652857065200806,0.001,2.5
500,109.20700406788582,108.83815790897229,0.04000605987244515,0.03807997167808156,229.47090790459458,227.73651832401953,2.492827385514226,2.6514998048444256,14.309023492899373,13.759968537550707,2.492827385514226,2.6514998048444256,15.242881072026801,19.39799331103679,0.1582111120223999,0.13249176740646362,0.001,2.5
501,109.33233834271455,109.2703735453628,0.040062816242626566,0.03784496917772453,230.90896465870205,228.26392708972944,2.463112897010305,2.6766862677889924,14.422934227053643,13.770794061514048,2.463112897010305,2.6766862677889924,14.991624790619765,19.732441471571907,0.17522001266479492,0.1056361198425293,0.001,2.5
502,109.1075698366916,109.49581521330869,0.039873683753375036,0.0378357384191907,230.99352994116907,228.23644641888978,2.420692577234265,2.6673579359532997,14.505262432385928,13.843874909008626,2.420692577234265,2.6673579359532997,14.90787269681742,19.39799331103679,0.1725735068321228,0.09979933500289917,0.001,2.5
503,109.57218406587789,109.70733698714139,0.039957612571953925,0.03813343544967199,230.95321041854783,228.31080709093789,2.4872290005835658,2.6697854684746782,14.398567172550477,13.878821892881872,2.4872290005835658,2.6697854684746782,14.991624790619765,19.063545150501675,0.14665669202804565,0.12018340826034546,0.001,2.5
504,109.98148445627797,109.56405961154695,0.04019273195409495,0.03807287744205931,230.90460790381758,227.77874781375743,2.471731485833275,2.67023303835687,14.52688318441062,13.848943904889467,2.471731485833275,2.67023303835687,14.824120603015075,19.39799331103679,0.16486740112304688,0.12584656476974487,0.001,2.5
505,108.30146669422962,109.36105096619265,0.040047188094462983,0.03785883809710825,230.13557896701934,227.10972998373484,2.417486250700064,2.662486388930509,14.353798016431544,13.831757497627999,2.417486250700064,2.662486388930509,14.991624790619765,19.39799331103679,0.1834089159965515,0.12319982051849365,0.001,2.5
506,108.70019676936931,109.26291442156635,0.03986020701339896,0.03778601156229957,229.85954371568945,227.3618669796947,2.4092405034070037,2.6666411037827813,14.45837350586551,13.799629957779594,2.4092405034070037,2.6666411037827813,14.991624790619765,19.732441471571907,0.17870396375656128,0.11421144008636475,0.001,2.5
507,110.01504179221301,109.22568514514528,0.03985418686315642,0.03781400446509039,230.40223093208556,228.02473664044535,2.458040276564146,2.6515496279483655,14.574835959391379,13.837320059836907,2.458040276564146,2.6515496279483655,14.90787269681742,19.39799331103679,0.1746348738670349,0.12423396110534668,0.001,2.5
508,109.54879027195712,109.13944331140422,0.039930194759838146,0.03775116018826347,230.88822474391816,228.29580137322978,2.473453964220619,2.664212879927262,14.435232363753583,13.782041262623459,2.473453964220619,2.664212879927262,14.991624790619765,19.063545150501675,0.1573653221130371,0.11604094505310059,0.001,2.5
509,109.33330433652229,109.25975781699088,0.03990449274030562,0.037865154881242126,231.21051314208574,228.54957616289323,2.459181942133049,2.651306414683926,14.43489209850829,13.844749894030517,2.459181942133049,2.651306414683926,15.159128978224457,19.39799331103679,0.18176525831222534,0.13897335529327393,0.001,2.5
510,108.71983023025282,109.36705956092247,0.039812243507685176,0.03774900769310253,231.24526767954356,228.58642057591058,2.4660236743626682,2.6559761048958053,14.291683720983253,13.852217301078465,2.4660236743626682,2.6559761048958053,15.159128978224457,19.39799331103679,0.18572843074798584,0.12921839952468872,0.001,2.5
511,108.59594915699918,109.02230896200224,0.0398599539245393,0.03789134089364655,231.61245109008584,229.10683479436665,2.4327653388881205,2.655163432443421,14.366599506269548,13.785571828733719,2.4327653388881205,2.655163432443421,14.991624790619765,19.063545150501675,0.19341999292373657,0.11827898025512695,0.001,2.5
512,108.98607396520362,109.30992317837617,0.03988011865884415,0.037783937846438145,231.77204233038566,229.00947917823407,2.4214864675723127,2.6595442598081354,14.478424744789724,13.829992842913471,2.4214864675723127,2.6595442598081354,14.991624790619765,19.732441471571907,0.17212045192718506,0.11901122331619263,0.001,2.5
513,108.90392090048223,109.90279597661966,0.03982824305543548,0.037832585963915824,231.6541434436587,228.85763131336225,2.4462941627406596,2.670429988848326,14.387605131970378,13.915930952116797,2.4462941627406596,2.670429988848326,14.90787269681742,19.732441471571907,0.18647056818008423,0.11434042453765869,0.001,2.5
514,109.23601533260377,109.3163541710895,0.0399239004856378,0.03800579949117026,231.66273498535156,228.98278104341946,2.4403534854077416,2.6447714523328187,14.471825174750196,13.875558920129885,2.4403534854077416,2.6447714523328187,14.991624790619765,19.39799331103679,0.19762200117111206,0.1345841884613037,0.001,2.5
515,108.77186650926345,109.27411934843032,0.04004452474902024,0.03791921878588638,231.7703166814705,228.91669471766238,2.4529694815975938,2.652770932302826,14.341101707126228,13.84314375338347,2.4529694815975938,2.652770932302826,14.90787269681742,19.39799331103679,0.19135808944702148,0.1299116015434265,0.001,2.5
516,108.85187764383441,109.61760867319776,0.03987999935595434,0.037780743316563475,231.56650109985964,228.7867328044164,2.4190918736322042,2.65921950340271,14.458810878159413,13.892549594509163,2.4190918736322042,2.65921950340271,14.90787269681742,19.063545150501675,0.18848788738250732,0.12125051021575928,0.001,2.5
517,108.35198877484754,109.27700417815244,0.039752441809405036,0.03768795716224307,231.43910470320353,228.6962095534921,2.425041829321652,2.657199823736746,14.341034175163538,13.830525372738025,2.425041829321652,2.657199823736746,15.07537688442211,19.732441471571907,0.1936253309249878,0.1292334794998169,0.001,2.5
518,108.75096080530828,109.36794155975647,0.03974612175145341,0.03776761833391461,231.40373682376728,228.7558589667381,2.420090503229368,2.6611110031804115,14.43569065617956,13.836950152215351,2.420090503229368,2.6611110031804115,14.824120603015075,19.39799331103679,0.20150506496429443,0.12383168935775757,0.001,2.5
519,108.52769375646135,109.04674558097304,0.03983270420600821,0.03775849646848181,231.57209555467767,228.83132459965836,2.4522561855252265,2.645796296588553,14.29448882698813,13.818641853970428,2.4522561855252265,2.645796296588553,14.90787269681742,19.39799331103679,0.1746455430984497,0.12856560945510864,0.001,2.5
520,108.80396397269551,109.3007520592731,0.03976621273499438,0.037741150208639856,231.4707362496074,228.70220467557874,2.441454765185639,2.6466219209907047,14.382181189966762,13.866995466991412,2.441454765185639,2.6466219209907047,15.07537688442211,19.063545150501675,0.18029052019119263,0.12604093551635742,0.001,2.5
521,108.37795616673864,109.29984234966163,0.03966952562082553,0.037611014293787076,231.42117248228448,228.68898219488136,2.4168921754987194,2.649643618924961,14.370696601356494,13.857777630605028,2.4168921754987194,2.649643618924961,14.824120603015075,19.732441471571907,0.1907605528831482,0.1230611801147461,0.001,2.5
522,108.0737327562904,109.33419983522549,0.0397119563840442,0.037675144281674386,231.55533373655388,228.9727401988562,2.4201251901374192,2.665219528619262,14.300117523027225,13.81785217336189,2.4201251901374192,2.665219528619262,14.824120603015075,19.732441471571907,0.1934763789176941,0.12357175350189209,0.001,2.5
523,108.97388998827144,109.16332829197913,0.03971383573371961,0.0376905337175398,231.69613936278887,229.06634791957893,2.4338239684975527,2.6517865235191524,14.439024038650283,13.823955204175865,2.4338239684975527,2.6517865235191524,14.824120603015075,19.732441471571907,0.15529435873031616,0.12556105852127075,0.001,2.5
524,108.87520092016888,109.47047271218189,0.0397343875737346,0.037685715210278296,231.81973752224664,229.13894342020603,2.4358835755480794,2.6547059606150243,14.41307894868068,13.876611237541887,2.4358835755480794,2.6547059606150243,14.991624790619765,19.39799331103679,0.1777445673942566,0.12313175201416016,0.001,2.5
525,108.92774183826032,109.26357052397967,0.03973437257273313,0.03775970462124085,232.07043715178267,229.61691360728796,2.456402877667042,2.663243485932366,14.361978891906228,13.809507826100225,2.456402877667042,2.663243485932366,14.991624790619765,19.732441471571907,0.1694445013999939,0.12098747491836548,0.001,2.5
526,109.54795882130787,108.95080242348355,0.039850190394188294,0.037780673146546886,232.36880549394107,229.6430020539657,2.46123560748907,2.65575605252116,14.471440879144462,13.769407584914395,2.46123560748907,2.65575605252116,14.90787269681742,19.063545150501675,0.1719534993171692,0.12550419569015503,0.001,2.5
527,108.33349273272695,109.00655280786215,0.039848736432728855,0.03772047847310037,232.41679942068743,229.6438684878142,2.3808965411417846,2.65252950119733,14.469556022529027,13.790248484914517,2.3808965411417846,2.65252950119733,14.824120603015075,19.39799331103679,0.2115435004234314,0.12748676538467407,0.001,2.5
528,108.92075939593802,109.20246295227255,0.03975782257004,0.03766508967332218,232.3488462055149,229.55827693875418,2.4320587428969955,2.6716218855867417,14.43355454551914,13.7721819255663,2.4320587428969955,2.6716218855867417,14.90787269681742,19.063545150501675,0.19693219661712646,0.11959558725357056,0.001,2.5
529,109.72266164297235,109.13352425361556,0.03971677656024944,0.037606240290662514,232.31671881236423,229.55080630707502,2.4436763351287074,2.650955303058178,14.559096796428738,13.820407612267944,2.4436763351287074,2.650955303058178,14.824120603015075,19.39799331103679,0.18631303310394287,0.13206923007965088,0.001,2.5
530,109.8351060365712,109.2451950889766,0.039712605657839094,0.03762026589650374,232.2859237134157,229.5852451898581,2.455860771326164,2.6575009264674874,14.545039124225251,13.823094632713293,2.455860771326164,2.6575009264674874,14.90787269681742,19.732441471571907,0.16896867752075195,0.1267184615135193,0.001,2.5
531,108.64047757504973,109.09492819285313,0.039704095952874253,0.03768623678829758,232.3703546060789,229.68024840083808,2.410550145048592,2.6488137005962256,14.442029780478933,13.819070589582259,2.410550145048592,2.6488137005962256,14.991624790619765,19.39799331103679,0.1865101456642151,0.12277400493621826,0.001,2.5
532,108.41301139435377,109.06806404853744,0.0397706186114943,0.03772039780000779,232.51913378027015,229.8371513137052,2.4243941358984813,2.654492090378318,14.354961566190225,13.79662468441354,2.4243941358984813,2.654492090378318,14.991624790619765,19.39799331103679,0.1886259913444519,0.12167179584503174,0.001,2.5
533,110.61448857293057,109.06017984753868,0.03979024613647405,0.03771276897859813,232.62086962215864,229.90031198354868,2.526416774570842,2.655603516460661,14.489164985004981,13.791702111030503,2.526416774570842,2.655603516460661,14.991624790619765,19.063545150501675,0.14597541093826294,0.1192675232887268,0.001,2.5
534,108.14678072010852,108.84761363766265,0.039793136587344624,0.0377017800699309,232.61675659895343,229.84322762888013,2.4081978138966775,2.647682810308144,14.350280828811416,13.772964796493683,2.4081978138966775,2.647682810308144,14.90787269681742,19.063545150501675,0.18779140710830688,0.12062239646911621,0.001,2.5
535,108.27818221662511,109.46472627263404,0.039769046882189296,0.03767898518056375,232.55640358980776,229.76938197923744,2.4146880109106474,2.6662194202576193,14.357107550654579,13.840797427505953,2.4146880109106474,2.6662194202576193,15.07537688442211,19.39799331103679,0.1965811848640442,0.11603021621704102,0.001,2.5
536,109.04207059007194,109.20493428922417,0.03973190916992312,0.03763391746575617,232.45600433605202,229.71437384053615,2.4700155242204267,2.6630148815869488,14.343929492049481,13.798473205056078,2.4700155242204267,2.6630148815869488,14.90787269681742,19.39799331103679,0.16900092363357544,0.11377787590026855,0.001,2.5
537,109.19339744529532,109.42932384069947,0.03974324678830565,0.037683809655765226,232.49972352710003,229.76580769720684,2.475385036500455,2.665316926994451,14.358075603568174,13.836423790973166,2.475385036500455,2.665316926994451,14.90787269681742,19.732441471571907,0.16080766916275024,0.11180990934371948,0.001,2.5
538,109.12800723384173,109.61627516220246,0.039741587155877646,0.0377182460648559,232.5178800547742,229.7796953896615,2.475818680359091,2.662631229413393,14.34369345366256,13.881861613346981,2.475818680359091,2.662631229413393,14.90787269681742,19.39799331103679,0.14563721418380737,0.11909812688827515,0.001,2.5
539,109.72063338696657,109.31036121789428,0.039709048105444344,0.0377032519458329,232.53001508600948,229.7767688151586,2.432834630036474,2.665281617920534,14.59117490841915,13.812731918283928,2.432834630036474,2.665281617920534,14.991624790619765,19.39799331103679,0.18414360284805298,0.11680358648300171,0.001,2.5
540,107.74748414006065,109.29052637412795,0.03972321237052106,0.03765834286111255,232.5226957234905,229.77585338988033,2.395670267006061,2.6654440032997258,14.3080372243271,13.80828691565472,2.395670267006061,2.6654440032997258,15.07537688442211,19.39799331103679,0.21225786209106445,0.11762869358062744,0.001,2.5
541,109.53395883122481,109.18767463403402,0.03972912048125387,0.03764251681873232,232.50305886324526,229.73962381930653,2.4683209695608372,2.6557685164703573,14.44738248285137,13.816752274299546,2.4683209695608372,2.6557685164703573,14.991624790619765,19.39799331103679,0.17299139499664307,0.12212806940078735,0.001,2.5
542,109.47177267154457,109.31897613117128,0.03974321116404717,0.03769559154044027,232.5240559793597,229.79646668705254,2.452847973186167,2.657877725103627,14.48135723101234,13.83666404992043,2.452847973186167,2.657877725103627,14.824120603015075,19.39799331103679,0.17946010828018188,0.12416434288024902,0.001,2.5
543,109.14277850842755,109.46214470496544,0.03972729979398063,0.03768126254147511,232.57787490410223,229.87603775075448,2.4464468688421714,2.6709797151112635,14.434754018607851,13.825978920212558,2.4464468688421714,2.6709797151112635,14.991624790619765,19.732441471571907,0.17757481336593628,0.12068372964859009,0.001,2.5
544,109.08160115406541,109.22457365208247,0.03974683188413655,0.037690386823985886,232.64551302655858,229.92484413580752,2.3992869346784786,2.6537573568797033,14.563981088162267,13.830119292472915,2.3992869346784786,2.6537573568797033,15.07537688442211,19.39799331103679,0.21068531274795532,0.1267697811126709,0.001,2.5
545,108.4037522103519,109.21750184126124,0.03973234682601301,0.037693250039748126,232.713973666755,229.9969760039977,2.4089334845742587,2.655204379040262,14.399460469857733,13.82434859323661,2.4089334845742587,2.655204379040262,14.90787269681742,19.39799331103679,0.20833319425582886,0.1255618929862976,0.001,2.5
546,108.9596137808795,109.17149518883747,0.03972594046238279,0.0376350411578365,232.78407213476234,230.0461896813434,2.446719856118437,2.6625216669063505,14.397261162698769,13.793196968410326,2.446719856118437,2.6625216669063505,15.07537688442211,19.39799331103679,0.1734534502029419,0.1204150915145874,0.001,2.5
547,109.15709757844807,109.1384246213779,0.03970633933267601,0.03759866662597577,232.79477419445863,230.0440551859878,2.4576935292887727,2.654439649454327,14.40383860653569,13.810838131601596,2.4576935292887727,2.654439649454327,14.74036850921273,19.732441471571907,0.18195468187332153,0.12239205837249756,0.001,2.5
548,108.67342908338486,109.26163204537586,0.03968544411699177,0.037633012444478614,232.78307251794453,230.0205375135543,2.420313367092829,2.658806754593865,14.419252005853446,13.822375606932368,2.420313367092829,2.658806754593865,14.90787269681742,19.39799331103679,0.18806791305541992,0.11965435743331909,0.001,2.5
549,107.75716080657601,109.01095106450212,0.03968211743899526,0.03764654700971368,232.76017497971628,230.00104581392728,2.370611027856568,2.6522020926842322,14.38511097491087,13.792054642004313,2.370611027856568,2.6522020926842322,14.991624790619765,19.732441471571907,0.20497417449951172,0.12310731410980225,0.001,2.5
550,109.21492996088024,109.4408655581267,0.03972392810673969,0.037661018479229216,232.75867867270108,230.01717940620753,2.480284980393734,2.6577772958621533,14.34763462220005,13.861306018255227,2.480284980393734,2.6577772958621533,14.74036850921273,19.39799331103679,0.16083872318267822,0.1246260404586792,0.001,2.5
551,109.77319540410386,109.64971678870977,0.039703337722138146,0.03760571736705343,232.7723758001024,230.0259392269479,2.484885560008549,2.6608432575213072,14.445486861058017,13.893885925063321,2.484885560008549,2.6608432575213072,14.824120603015075,19.063545150501675,0.17746752500534058,0.1227448582649231,0.001,2.5
552,109.14060406708838,109.51844670222356,0.03970449551365883,0.037609788610983054,232.76771568413355,230.01732311440153,2.434231305242184,2.6648622316660293,14.470932088305602,13.855577156296542,2.434231305242184,2.6648622316660293,14.824120603015075,19.732441471571907,0.19628775119781494,0.12383472919464111,0.001,2.5
553,109.77685585213666,109.23653766542773,0.039673060690438126,0.03764415450120052,232.78567717023432,230.0374295033739,2.4643292079618826,2.652946204246087,14.507891616629596,13.834932422956895,2.4643292079618826,2.652946204246087,14.90787269681742,19.39799331103679,0.1723610758781433,0.12263095378875732,0.001,2.5
554,109.11492119921711,109.12419204967078,0.039641605187800265,0.037687922750029676,232.78057764203504,230.03181901504362,2.4342957018208464,2.6602454639996176,14.465612440253024,13.790557312726177,2.4342957018208464,2.6602454639996176,14.824120603015075,19.732441471571907,0.18352371454238892,0.12131428718566895,0.001,2.5
555,109.9282898000337,109.0677959735577,0.03968455176332488,0.03768333932229109,232.8046186948741,230.07368265107323,2.4552226350135737,2.6572164572202244,14.565492067704449,13.788358516118997,2.4552226350135737,2.6572164572202244,14.90787269681742,19.732441471571907,0.15749460458755493,0.1218060851097107,0.001,2.5
556,109.36335232988674,108.79564582544027,0.0396938478290236,0.03769109247370707,232.8437598402576,230.10870152093895,2.4080932775334496,2.6589670819183655,14.593882945714086,13.728667555844106,2.4080932775334496,2.6589670819183655,14.90787269681742,20.066889632107024,0.2049691081047058,0.11879134178161621,0.001,2.5
557,108.92889856693134,108.73725814564172,0.03968946162729806,0.0376692542488559,232.85170846808097,230.10458685323147,2.4297306837149,2.6523313618025255,14.442079735760712,13.736903544652423,2.4297306837149,2.6523313618025255,14.991624790619765,19.39799331103679,0.1803075671195984,0.12106561660766602,0.001,2.5
558,109.1155142728208,108.87642332861655,0.039711208106135605,0.037666777516388174,232.8775486011601,230.13340029509172,2.4346943201132154,2.656001228153905,14.464501986351843,13.75372029307694,2.4346943201132154,2.656001228153905,14.90787269681742,19.732441471571907,0.18983173370361328,0.1250072717666626,0.001,2.5
559,108.76157532505054,109.26681102637862,0.03975059736638612,0.03766465803801415,232.8817598991458,230.1214043352516,2.447854953395262,2.6594164626654173,14.354223655496211,13.82155457946369,2.447854953395262,2.6594164626654173,14.991624790619765,19.39799331103679,0.19271337985992432,0.11808067560195923,0.001,2.5
560,107.97233193044487,109.3390062517147,0.039728339780215643,0.03763743579686685,232.8684285992953,230.110393460379,2.392299914479855,2.662762271919378,14.363047087012824,13.825965355072531,2.392299914479855,2.662762271919378,14.90787269681742,19.39799331103679,0.20664626359939575,0.11978518962860107,0.001,2.5
561,107.23189686530799,109.51757986011313,0.039728483606373245,0.037640879921191514,232.86872227347675,230.11388180327654,2.37094525516133,2.6650589006800316,14.279024226381951,13.854789006670183,2.37094525516133,2.6650589006800316,14.90787269681742,19.732441471571907,0.22877687215805054,0.12148767709732056,0.001,2.5
562,108.70529049565046,109.42053115487498,0.039714735038765714,0.03769459670104311,232.8735956035467,230.12577156398606,2.4418066322703655,2.665305899138435,14.36111995562836,13.834624159694915,2.4418066322703655,2.665305899138435,14.90787269681742,19.39799331103679,0.18217438459396362,0.11954766511917114,0.001,2.5
563,108.9599829055556,109.11017391753435,0.03974301883423548,0.03766994067408568,232.8749611501518,230.1135774440191,2.442580551757685,2.661570127193744,14.409731420839652,13.783767327018406,2.442580551757685,2.661570127193744,14.824120603015075,19.39799331103679,0.18933743238449097,0.1232832670211792,0.001,2.5
564,108.08214300721134,109.1765392392774,0.03972332950188487,0.03769499208018134,232.8733332392758,230.12718420124372,2.4034435777009233,2.663917180287798,14.351578445690162,13.789991720065624,2.4034435777009233,2.663917180287798,14.74036850921273,19.39799331103679,0.1965349316596985,0.127072274684906,0.001,2.5
565,108.97409443559758,109.4822864341098,0.03970172004134611,0.03765560380092831,232.87952314469482,230.1303036284686,2.442222058872881,2.6790254889523304,14.413636528666894,13.805824455210198,2.442222058872881,2.6790254889523304,14.90787269681742,19.39799331103679,0.1817067265510559,0.11968660354614258,0.001,2.5
566,108.91672721619982,109.11450680123524,0.039691667498356134,0.03763599468264293,232.88568529291967,230.12935100032334,2.4299643291300863,2.6618748133796513,14.43893637569306,13.783724028928622,2.4299643291300863,2.6618748133796513,14.90787269681742,19.39799331103679,0.1961948275566101,0.12770086526870728,0.001,2.5
567,108.02636029931968,109.2020033259057,0.039709131971276186,0.0377152447018735,232.87285298358654,230.1110736247289,2.3970175496297865,2.653016599923073,14.359702661408852,13.827785262296032,2.3970175496297865,2.653016599923073,14.90787269681742,19.732441471571907,0.22134780883789062,0.12526994943618774,0.001,2.5
568,108.45388280207189,109.31908643843737,0.039692878055462684,0.03773660861877693,232.86554223448786,230.11160518174188,2.403536311346083,2.6467495291528094,14.425655957642112,13.86999906265616,2.403536311346083,2.6467495291528094,14.991624790619765,19.732441471571907,0.1840624213218689,0.13176459074020386,0.001,2.5
569,108.0476208404081,109.35865043716686,0.039702214687513546,0.03765502266810092,232.86871051628586,230.12188746219493,2.441844719338856,2.6653185504734718,14.22947569228896,13.822219516920006,2.441844719338856,2.6653185504734718,15.07537688442211,19.39799331103679,0.19089579582214355,0.12312370538711548,0.001,2.5
570,107.6241229646769,109.00142738571932,0.03968198531287,0.03767424145320985,232.87600761681944,230.125639031962,2.3952810656485246,2.6503839181817095,14.28446989842196,13.795573712990036,2.3952810656485246,2.6503839181817095,15.07537688442211,19.063545150501675,0.21067136526107788,0.12434279918670654,0.001,2.5
571,108.36644171071012,109.14388040395883,0.03970882138689758,0.03768923918539066,232.87962627570633,230.12758766608096,2.4211629495349163,2.661828593665541,14.355281818651873,13.789726974972115,2.4211629495349163,2.661828593665541,15.07537688442211,19.39799331103679,0.1941729187965393,0.11769682168960571,0.001,2.5
572,109.45302503831822,109.39384440036123,0.03972287428014642,0.03767179864704808,232.8799767933499,230.13023856172595,2.4431703889389933,2.6701775370632923,14.506573185050108,13.814676584607383,2.4431703889389933,2.6701775370632923,14.824120603015075,19.39799331103679,0.1816081404685974,0.11264336109161377,0.001,2.5
573,108.17868849660084,109.04670687264024,0.0396948946480775,0.03763017562968675,232.88756649458227,230.1380117154839,2.3977749295769826,2.64832752524411,14.387896961103532,13.810805559955712,2.3977749295769826,2.64832752524411,14.991624790619765,19.39799331103679,0.1822514533996582,0.12662523984909058,0.001,2.5
574,108.68293930897161,109.38425317974793,0.039679490067251966,0.037643637358643935,232.88822862890297,230.1317599497511,2.4594246230932137,2.6689504628197405,14.303800395984746,13.816444438436758,2.4594246230932137,2.6689504628197405,14.824120603015075,19.39799331103679,0.18835842609405518,0.11304622888565063,0.001,2.5
575,108.60920699996565,108.94217834982983,0.0397053434072028,0.03755607828497887,232.88459381665817,230.13012031886888,2.4060507375790645,2.664906744972918,14.44917155829706,13.740178305967197,2.4060507375790645,2.664906744972918,14.991624790619765,19.732441471571907,0.2002800703048706,0.11987245082855225,0.001,2.5
576,109.07282220019367,109.27367857866064,0.03969112720646251,0.037630003655833945,232.88172649338816,230.12928567841698,2.452549821368015,2.6664976252361283,14.402400242024331,13.801691001075566,2.452549821368015,2.6664976252361283,14.90787269681742,19.39799331103679,0.16846948862075806,0.11990857124328613,0.001,2.5
577,108.27590152606294,109.35725928469246,0.0397006114336414,0.0376329106032649,232.87956587952786,230.12411560262726,2.419021342866984,2.666702178808359,14.343600300288879,13.817794401111412,2.419021342866984,2.666702178808359,14.90787269681742,19.39799331103679,0.20736753940582275,0.12288212776184082,0.001,2.5
578,108.67828643901065,109.0655505840595,0.0396980418319778,0.03757414474684658,232.8759587989181,230.12027462350088,2.4505705481997286,2.664818404908962,14.32943082934049,13.765115919719173,2.4505705481997286,2.664818404908962,14.991624790619765,19.39799331103679,0.17315000295639038,0.12317276000976562,0.001,2.5
579,108.33509086723903,109.2015108344547,0.03970176613635354,0.03764146805606957,232.87332163543957,230.12347452935566,2.4177630331049014,2.6638616478961445,14.359214031915968,13.795164388956433,2.4177630331049014,2.6638616478961445,14.90787269681742,19.063545150501675,0.1811964511871338,0.11783772706985474,0.001,2.5
580,109.02546380073382,109.07767376851876,0.03969455377465517,0.03766938960522313,232.87725679279373,230.12804976753566,2.4255033366045162,2.656512753221901,14.474068231119382,13.792436752829664,2.4255033366045162,2.656512753221901,14.90787269681742,19.732441471571907,0.1833575963973999,0.1222238540649414,0.001,2.5
581,109.11222126256281,109.31343104129651,0.0397034883311945,0.03764140706845749,232.88363872381112,230.1335822778402,2.4448885757919134,2.6650828605511516,14.433261189229125,13.813882594921916,2.4448885757919134,2.6650828605511516,14.824120603015075,19.39799331103679,0.17954379320144653,0.11786121129989624,0.001,2.5
582,108.17032556837327,109.11218391852235,0.03969394649617636,0.03761999317784373,232.88680217493717,230.1357266225145,2.4220917963702076,2.662270471802523,14.313273664694934,13.782074108570315,2.4220917963702076,2.662270471802523,15.07537688442211,19.39799331103679,0.17085117101669312,0.12003642320632935,0.001,2.5
583,108.31203881140729,108.76301646152866,0.039674515213499115,0.03761093320954205,232.89109600329118,230.13964216047307,2.4192499942715644,2.6505563689713494,14.350144585972055,13.747383073022135,2.4192499942715644,2.6505563689713494,14.74036850921273,19.732441471571907,0.19377052783966064,0.12356299161911011,0.001,2.5
584,108.69990503768027,108.90274578592052,0.03970157526046587,0.03763168774869131,232.8908305463679,230.13881568525946,2.446055537292506,2.663804588509244,14.347296026284171,13.735581251291128,2.446055537292506,2.663804588509244,14.991624790619765,19.39799331103679,0.18007922172546387,0.11359608173370361,0.001,2.5
585,108.28499939373789,109.13250681389135,0.039698848029726515,0.03768716493378515,232.89335144145204,230.14245784083337,2.4228306827033985,2.6575078190768444,14.333989280751801,13.800412372601869,2.4228306827033985,2.6575078190768444,14.90787269681742,19.39799331103679,0.184578537940979,0.11937326192855835,0.001,2.5
586,108.28918388021651,109.51465200979176,0.039680309063276055,0.03767696861489162,232.8951597996493,230.14261007149483,2.4128123300159396,2.672584268959071,14.36488460815532,13.83161318979933,2.4128123300159396,2.672584268959071,14.90787269681742,19.39799331103679,0.19436365365982056,0.11656403541564941,0.001,2.5
587,108.04122418734296,109.10782949900548,0.03969283498686362,0.037633373797637565,232.89567384448284,230.1429507150299,2.384641922898029,2.662855735191932,14.399801081748464,13.779442876477704,2.384641922898029,2.662855735191932,14.90787269681742,19.39799331103679,0.20582395792007446,0.11981052160263062,0.001,2.5
588,108.90406775035251,109.04704080537012,0.039699991818648486,0.03768721388584395,232.8966184836536,230.14433456982258,2.428015413396123,2.662489577679331,14.442248670300048,13.768372022188627,2.428015413396123,2.662489577679331,15.07537688442211,19.39799331103679,0.19556504487991333,0.11788511276245117,0.001,2.5
589,108.07928875742645,108.90647291100544,0.039679776814764665,0.037639318949801465,232.8987042093197,230.14775891766502,2.4199603071164844,2.6522813202146702,14.30146121339782,13.770893667852599,2.4199603071164844,2.6522813202146702,14.991624790619765,19.39799331103679,0.19399940967559814,0.12335628271102905,0.001,2.5
590,108.47401129181061,109.20546571865529,0.0396998422828751,0.03764928153476189,232.90180547512955,230.15052764790514,2.395812953137473,2.6650646434579803,14.452843127737893,13.792338808244686,2.395812953137473,2.6650646434579803,14.90787269681742,19.063545150501675,0.20694684982299805,0.11525648832321167,0.001,2.5
591,108.1510622545303,109.11774151141827,0.039670140886526414,0.03764023367676846,232.9019823441753,230.14730778824924,2.4275226960429794,2.658102382385611,14.293130120640024,13.795683449327347,2.4275226960429794,2.658102382385611,14.824120603015075,19.732441471571907,0.18697798252105713,0.12228453159332275,0.001,2.5
592,108.04484739575155,109.44498619666466,0.03968914781683054,0.03765820030334801,232.89905245220243,230.14592179008153,2.422858617613264,2.6679255340410317,14.285876207016221,13.831659744415793,2.422858617613264,2.6679255340410317,14.90787269681742,19.732441471571907,0.18112599849700928,0.11715996265411377,0.001,2.5
593,108.81041693248142,109.4825085285914,0.039684799891370824,0.037637582790094076,232.89790132097662,230.1448190746499,2.4524524239838823,2.6705743174090433,14.350209392694572,13.83122206850594,2.4524524239838823,2.6705743174090433,14.991624790619765,19.39799331103679,0.15451711416244507,0.11458349227905273,0.001,2.5
594,109.04347563828256,109.04416546773751,0.039693512003775216,0.03762194518012347,232.896871953354,230.14400852165093,2.4481125684639116,2.652044507572085,14.40983948475951,13.79914671920215,2.4481125684639116,2.652044507572085,14.824120603015075,19.39799331103679,0.17280125617980957,0.12349134683609009,0.001,2.5
595,109.05338351251292,108.85114637904343,0.0396503869138371,0.037661432422523115,232.8973383815644,230.145666983614,2.470944337110024,2.658407199342913,14.343333932822274,13.741446511003883,2.470944337110024,2.658407199342913,15.07537688442211,19.732441471571907,0.16783934831619263,0.12242811918258667,0.001,2.5
596,108.80812514926521,108.5799133147683,0.03970203247276982,0.03761172996067682,232.89862426042157,230.14700955292054,2.455817155103188,2.6434648555258047,14.339653444849267,13.732036488510694,2.455817155103188,2.6434648555258047,14.991624790619765,19.732441471571907,0.17041480541229248,0.12936550378799438,0.001,2.5
597,108.84273622343488,109.07388599102313,0.03970507582278308,0.037661903378955496,232.8999881968027,230.14909995598936,2.4362709857710643,2.6668725874910386,14.405213125986071,13.760597417187132,2.4362709857710643,2.6668725874910386,14.90787269681742,19.732441471571907,0.18160521984100342,0.1198735237121582,0.001,2.5
598,107.9877647898305,109.16788332119435,0.03966807273264906,0.03763232022573717,232.90216713654536,230.15044257632866,2.400828697373919,2.6602366233749133,14.340552815640192,13.799309437091534,2.400828697373919,2.6602366233749133,14.824120603015075,19.39799331103679,0.19053518772125244,0.12307935953140259,0.001,2.5
599,108.85219297936214,109.12970205453726,0.039683452883807056,0.03767592570803636,232.9048583319838,230.15400848899,2.4382172066162977,2.647775603775994,14.401269334444848,13.82904703082847,2.4382172066162977,2.647775603775994,14.991624790619765,19.39799331103679,0.1713886260986328,0.12739622592926025,0.001,2.5
600,107.97195926583193,109.1867324165676,0.03969061998666032,0.037594846247330956,232.9080443518046,230.1566225900299,2.39388595154537,2.660619821835521,14.358214371967156,13.801936420708596,2.39388595154537,2.660619821835521,14.90787269681742,19.39799331103679,0.21339893341064453,0.1255316138267517,0.001,2.5
601,108.83514969153221,109.21884895248158,0.03971006326889073,0.03765937588785006,232.91172023754024,230.16089341791977,2.4718451583804795,2.6640050961421085,14.296970386600973,13.798190072228678,2.4718451583804795,2.6640050961421085,14.90787269681742,19.39799331103679,0.16506385803222656,0.12014752626419067,0.001,2.5
602,109.46724775049155,109.36704828268708,0.03972462300130071,0.03766548994891221,232.9147086343174,230.16297249172044,2.469463406296032,2.661682166383418,14.4305313500128,13.834797466877712,2.469463406296032,2.661682166383418,14.991624790619765,19.39799331103679,0.15254747867584229,0.11861616373062134,0.001,2.5
603,108.93186220970985,109.26641465509216,0.039679497892233594,0.03769824219039053,232.91647121614747,230.16416053389227,2.454837071835695,2.666824956402731,14.36734186584626,13.799234903775728,2.454837071835695,2.666824956402731,15.07537688442211,19.732441471571907,0.16373109817504883,0.12061208486557007,0.001,2.5
604,109.22151325935096,109.1672454119526,0.039723157527009445,0.03767397003030298,232.91746403424185,230.16489953899065,2.4724893657805733,2.662228908028491,14.372306239065813,13.793193912825059,2.4724893657805733,2.662228908028491,14.824120603015075,19.39799331103679,0.16753965616226196,0.12092989683151245,0.001,2.5
605,108.67927906541169,109.23301931527945,0.039714249584143685,0.037651429706592625,232.91765899913796,230.16531571097997,2.427067895630496,2.6704404712919407,14.400125993955475,13.781718643213994,2.427067895630496,2.6704404712919407,15.07537688442211,19.39799331103679,0.19540178775787354,0.117972731590271,0.001,2.5
606,107.98443076997945,108.64764840626796,0.03968441642359074,0.037661924958229065,232.91832404719725,230.16543778129247,2.426300813205278,2.652356866211397,14.26346324556437,13.718892939513344,2.426300813205278,2.652356866211397,14.90787269681742,19.39799331103679,0.20044243335723877,0.13262468576431274,0.001,2.5
607,108.72155876734747,109.13926293618702,0.039688637951261034,0.03759390038491093,232.91858329325666,230.16598510742188,2.4304436878543005,2.6619134754640204,14.398459170930948,13.788560580250412,2.4304436878543005,2.6619134754640204,14.991624790619765,19.063545150501675,0.20833367109298706,0.12130981683731079,0.001,2.5
608,109.3350882985484,108.97138183491684,0.03971165628913459,0.03770384638504838,232.91914827739774,230.16622485923128,2.4698897246739375,2.649548911729385,14.402822882685829,13.79205567860683,2.4698897246739375,2.649548911729385,14.824120603015075,19.732441471571907,0.1709052324295044,0.1291840672492981,0.001,2.5
609,108.18990995576434,109.27080395548639,0.039681242095615396,0.037586152541099184,232.91912358729684,230.16578648800038,2.41240648408631,2.666475208307987,14.346242532458538,13.801184571307639,2.41240648408631,2.666475208307987,14.824120603015075,19.39799331103679,0.18113815784454346,0.11761564016342163,0.001,2.5
610,108.6454854993964,109.22345419791232,0.039719425884373424,0.03758002033949297,232.91822160628175,230.16453307288944,2.393452411919982,2.6604136495685897,14.49421224482295,13.809901141801406,2.393452411919982,2.6604136495685897,14.90787269681742,19.732441471571907,0.19502568244934082,0.11862403154373169,0.001,2.5
611,108.49795941172333,109.33810432459599,0.03969110597792383,0.03767265678448821,232.9169218999457,230.16336697479554,2.441075797855754,2.6702106078731576,14.321842971558945,13.803422258051741,2.441075797855754,2.6702106078731576,15.07537688442211,18.729096989966553,0.17061764001846313,0.11795848608016968,0.001,2.5
612,107.98586795877172,109.23526133661684,0.039718628472569004,0.0376760068919547,232.91630960589077,230.16324490448304,2.4272838996682733,2.6753905393606843,14.260794775370178,13.767312116846194,2.4272838996682733,2.6753905393606843,14.991624790619765,19.39799331103679,0.17899870872497559,0.11349427700042725,0.001,2.5
613,108.52027130126953,108.80567309529486,0.039691663273864454,0.03763950356970663,232.91630671771128,230.16327756543623,2.438117522889845,2.6550475259289694,14.335179836905782,13.742431694847285,2.438117522889845,2.6550475259289694,14.991624790619765,19.39799331103679,0.195736825466156,0.12376272678375244,0.001,2.5
614,107.85232090271099,109.08463999260229,0.03967395147786069,0.037651857417263714,232.91654234715242,230.1635960097297,2.4027153187660715,2.661065078499325,14.30780009808053,13.780169359417663,2.4027153187660715,2.661065078499325,14.90787269681742,19.063545150501675,0.19700193405151367,0.12015444040298462,0.001,2.5
615,109.47805699231836,108.9430527192693,0.03969334259978691,0.03765646845451167,232.91697572743274,230.16425208662665,2.5116804788260403,2.6569353122774975,14.306047851715855,13.764240829442256,2.5116804788260403,2.6569353122774975,14.90787269681742,19.732441471571907,0.13957595825195312,0.12385755777359009,0.001,2.5
616,108.99420917453479,109.05737031662345,0.039691416574782465,0.037678638965290126,232.91746595117516,230.1646400375111,2.4742254104646206,2.659435936439795,14.32164392199748,13.779597917129363,2.4742254104646206,2.659435936439795,14.991624790619765,19.39799331103679,0.18295937776565552,0.12647461891174316,0.001,2.5
617,108.96030838805028,109.08609197610198,0.03970806606400951,0.03765003347028059,232.91768570840858,230.16421268935187,2.437655390606853,2.6581231718477993,14.424570214608606,13.789285433332259,2.437655390606853,2.6581231718477993,15.07537688442211,19.063545150501675,0.179090678691864,0.1234239935874939,0.001,2.5
618,109.23959304579539,108.85107286638241,0.03967989292276564,0.03768746112551179,232.91737197032526,230.16423892017988,2.480235539489056,2.6449217421554003,14.352692739847717,13.781879396342912,2.480235539489056,2.6449217421554003,15.07537688442211,19.39799331103679,0.16721415519714355,0.1262943148612976,0.001,2.5
619,109.17119253340678,108.83627258096651,0.03969080876590219,0.037664265885799623,232.91720514601,230.16404933355324,2.4567145091205385,2.646297037003431,14.409573211542126,13.774797388542456,2.4567145091205385,2.646297037003431,15.07537688442211,19.732441471571907,0.17984414100646973,0.12386339902877808,0.001,2.5
620,108.26302318477151,108.8098834493886,0.03968134161765052,0.037623979799125504,232.9172744623181,230.16465973614848,2.427196515465102,2.65517572017019,14.316495609443193,13.742892635307184,2.427196515465102,2.65517572017019,14.90787269681742,19.732441471571907,0.1875065565109253,0.1240077018737793,0.001,2.5
621,109.16571959938037,109.03679986143591,0.0397051649614295,0.03768448760876289,232.91779530587507,230.16465968511574,2.452221121620293,2.663779255538481,14.421956162955892,13.762451835300611,2.452221121620293,2.663779255538481,14.991624790619765,19.39799331103679,0.15464520454406738,0.12175548076629639,0.001,2.5
622,107.88866377276192,108.69223798158575,0.039690076281477256,0.03758885333918807,232.91769736336303,230.1647229146798,2.4273756141438954,2.664372103668774,14.241084456643467,13.691780412476199,2.4273756141438954,2.664372103668774,14.991624790619765,19.732441471571907,0.18458223342895508,0.11248564720153809,0.001,2.5
623,108.74480048455985,108.96425258674749,0.0397018949365496,0.03766958116488313,232.91813823246278,230.16532892845945,2.443388956475697,2.6606604375169427,14.364269310904907,13.757302156658874,2.443388956475697,2.6606604375169427,14.991624790619765,19.39799331103679,0.19087743759155273,0.11804521083831787,0.001,2.5
624,108.85230146500733,108.98860821676095,0.039696900432982435,0.0376901905423024,232.9185697980462,230.165623081169,2.4348586104822716,2.6639709265335747,14.411361655997272,13.75223762295318,2.4348586104822716,2.6639709265335747,14.991624790619765,19.063545150501675,0.17454767227172852,0.11204612255096436,0.001,2.5
625,107.96174373658658,108.9474814934874,0.0396843883747132,0.037679430782595606,232.91882584921677,230.1652678933032,2.4023746429775628,2.6648983923487837,14.330704463786216,13.741231561105785,2.4023746429775628,2.6648983923487837,15.07537688442211,19.063545150501675,0.19716328382492065,0.11329233646392822,0.001,2.5
626,108.56803078707338,108.83037784027815,0.03968882389753508,0.037628255784511566,232.9186493891168,230.16571468493612,2.4446900378120207,2.660427687558841,14.325014469012544,13.7312337722268,2.4446900378120207,2.660427687558841,14.991624790619765,19.732441471571907,0.16785138845443726,0.11705273389816284,0.001,2.5
627,108.8622580293435,108.98808804004886,0.039714027951210984,0.03760642802535889,232.91894684604665,230.1658454308143,2.4794229638436733,2.658925180052435,14.279656438971285,13.76728747760173,2.4794229638436733,2.658925180052435,14.90787269681742,19.063545150501675,0.16962969303131104,0.1240912675857544,0.001,2.5
628,109.27089866242018,108.6829412453948,0.039732734892685806,0.037682340981868595,232.91909608569378,230.16636203523464,2.458760091407814,2.6536256246343504,14.423369485928585,13.722141221215495,2.458760091407814,2.6536256246343504,15.07537688442211,19.39799331103679,0.16697335243225098,0.12952637672424316,0.001,2.5
629,108.88443895400668,108.76398258783347,0.039718778719704355,0.03767746726804752,232.91987451396795,230.1669831036724,2.46762439633534,2.658872262291286,14.319486619639436,13.722609956926327,2.46762439633534,2.658872262291286,14.90787269681742,19.39799331103679,0.16017448902130127,0.12519633769989014,0.001,2.5
630,108.05282827917256,108.60557558703981,0.039686739831613735,0.037681676709033975,232.92022400924708,230.16724250308647,2.408634174608905,2.6460586287903545,14.330141711274983,13.729369252820478,2.408634174608905,2.6460586287903545,14.90787269681742,19.732441471571907,0.19776856899261475,0.13029378652572632,0.001,2.5
631,108.26693978621132,108.70776954064003,0.03971575379646204,0.03764012417316835,232.92058610516776,230.1680664266631,2.4043079021588043,2.6450039846043922,14.38593730255587,13.752981361338128,2.4043079021588043,2.6450039846043922,14.90787269681742,19.39799331103679,0.21677511930465698,0.12882381677627563,0.001,2.5
632,108.59355638973678,108.9303579170967,0.03968195587870863,0.0376302349602299,232.92178850796952,230.16928105689212,2.452324789772481,2.6530163192430067,14.30721652128389,13.773462136054917,2.452324789772481,2.6530163192430067,14.991624790619765,19.39799331103679,0.16841518878936768,0.12493431568145752,0.001,2.5
633,107.75129718876364,108.74295865572415,0.039716837868418925,0.03760931324400631,232.92277634203734,230.16984573415291,2.385488887128718,2.6576420128544838,14.339264888859274,13.722110448473671,2.385488887128718,2.6576420128544838,14.90787269681742,19.39799331103679,0.2110338807106018,0.12559646368026733,0.001,2.5
634,107.90927285045835,109.24342399775783,0.039694253492545045,0.03761802638653529,232.92281332607047,230.1695035086029,2.4221417053260996,2.6685944137764617,14.26090577060054,13.789344749323101,2.4221417053260996,2.6685944137764617,14.991624790619765,19.063545150501675,0.1842910647392273,0.11587440967559814,0.001,2.5
635,107.6171347459956,109.09740473514417,0.03968804560514351,0.03766146380715944,232.92268259121946,230.16960802365307,2.3846917511829777,2.6621669494986135,14.314829446163209,13.779413169044316,2.3846917511829777,2.6621669494986135,14.991624790619765,19.732441471571907,0.21255075931549072,0.12118333578109741,0.001,2.5
636,108.58516247108753,108.83058952408092,0.03967897006789444,0.03771134655312152,232.92292956890572,230.16952744295764,2.4081794628545867,2.6571447291103096,14.43797380840359,13.741107066738167,2.4081794628545867,2.6571447291103096,14.824120603015075,19.063545150501675,0.19419771432876587,0.12999433279037476,0.001,2.5
637,106.92317931975552,108.6928567025175,0.039709332400630265,0.037686516459171586,232.92261429727577,230.16950345757016,2.34974892774419,2.658753261119626,14.280862841773871,13.708739759132614,2.34974892774419,2.658753261119626,14.991624790619765,19.39799331103679,0.23604542016983032,0.12896454334259033,0.001,2.5
638,108.79615280176927,108.72773252761483,0.039683087293676395,0.0376393117733225,232.92273077014303,230.1695035086029,2.4392141768680746,2.6597174346247643,14.387067010454597,13.712832249925288,2.4392141768680746,2.6597174346247643,15.07537688442211,19.732441471571907,0.18927276134490967,0.12493950128555298,0.001,2.5
639,108.09722928505647,108.96291050225197,0.03968469732420728,0.03763750997873453,232.92260609280123,230.16962113906706,2.41140745073507,2.6663254790481514,14.330701815223374,13.740044109000012,2.41140745073507,2.6663254790481514,14.90787269681742,19.063545150501675,0.20219624042510986,0.1190187931060791,0.001,2.5
640,108.03353184072216,108.88446453183789,0.03969890271099768,0.03760654880450322,232.92299990757826,230.17012483220435,2.436154924245735,2.665092193960745,14.243717311814402,13.728061031737056,2.436154924245735,2.665092193960745,14.991624790619765,19.39799331103679,0.1882733702659607,0.12186300754547119,0.001,2.5
641,107.66214348363317,108.80729848804282,0.03970117922529104,0.037643675458770134,232.92337207378853,230.1703624406387,2.3828060519156145,2.646581705597332,14.32948551625263,13.768151713852898,2.3828060519156145,2.646581705597332,14.90787269681742,19.39799331103679,0.2076590657234192,0.12367957830429077,0.001,2.5
642,108.27105971037642,108.91603078172358,0.039684608379001396,0.03772772178303039,232.92393381192258,230.1709445200636,2.418837827653741,2.6533123601639153,14.343177020649614,13.769689674760187,2.418837827653741,2.6533123601639153,14.90787269681742,19.39799331103679,0.18920326232910156,0.12282955646514893,0.001,2.5
643,108.57164152263597,108.89289917196318,0.0397384228119299,0.037585781968158226,232.9239820930826,230.1707963209886,2.451607090344581,2.6540114345359163,14.3049747955859,13.762994303751151,2.451607090344581,2.6540114345359163,14.824120603015075,19.063545150501675,0.19493961334228516,0.11886882781982422,0.001,2.5
644,108.05193994672254,108.65635862318568,0.03969982260186069,0.03763022226434089,232.9241175819282,230.170839902948,2.4271052938010826,2.64643476240611,14.274547118437749,13.738406851140153,2.4271052938010826,2.64643476240611,14.991624790619765,19.063545150501675,0.17326664924621582,0.12828844785690308,0.001,2.5
645,107.09588234548393,108.57904907532759,0.039690340134366675,0.03767587807664903,232.92404259149754,230.17062403446056,2.4074352394596015,2.6516860512188045,14.142347946039196,13.707182105967034,2.4074352394596015,2.6516860512188045,14.90787269681742,19.39799331103679,0.18745553493499756,0.12407422065734863,0.001,2.5
646,108.53878487694004,108.52171279754128,0.03967616185421121,0.03765108246966748,232.9236449428539,230.17027502155622,2.437921376683604,2.6587303777203513,14.339472879317139,13.674586449179762,2.437921376683604,2.6587303777203513,14.90787269681742,19.39799331103679,0.17552709579467773,0.11976885795593262,0.001,2.5
647,108.12421426182017,108.88619275555563,0.03970220447260531,0.037638165517694576,232.92377447642673,230.17069588855756,2.4087250076945703,2.66964771755563,14.344142330751147,13.714734319859126,2.4087250076945703,2.66964771755563,14.90787269681742,19.063545150501675,0.201452374458313,0.10859578847885132,0.001,2.5
648,107.97822485177761,108.7457635426601,0.03969149210395126,0.03765709511312753,232.92405580555774,230.17067863949165,2.396745548775448,2.6673267190671686,14.350885431171461,13.693607218688149,2.396745548775448,2.6673267190671686,15.07537688442211,19.063545150501675,0.18607169389724731,0.12126660346984863,0.001,2.5
649,107.69015707402573,108.76168032234727,0.039674562238269116,0.03764258214213378,232.92360361377197,230.1699742856233,2.3770735699128065,2.6579718589782715,14.352291126347067,13.724858003316516,2.3770735699128065,2.6579718589782715,14.991624790619765,19.39799331103679,0.20729684829711914,0.1231842041015625,0.001,2.5
650,108.38375258964909,108.87463981092574,0.0396858864905347,0.037631124930836285,232.92324767759698,230.16987625173104,2.4580226835094305,2.6640630685366116,14.24816107789875,13.72917767272745,2.4580226835094305,2.6640630685366116,14.991624790619765,19.732441471571907,0.16157346963882446,0.11901438236236572,0.001,2.5
651,107.8177588636951,108.68935442768212,0.039694034155938696,0.0375974679920187,232.9231271408311,230.16969967845293,2.4226866006052474,2.657497988895429,14.240968336811417,13.711823693087268,2.4226866006052474,2.657497988895429,15.07537688442211,19.39799331103679,0.20388460159301758,0.12577056884765625,0.001,2.5
652,108.349202167249,108.3144341918537,0.039699952880940845,0.03770139058397765,232.92321018238164,230.16987640482924,2.441740508055567,2.6539749158265997,14.290094155163022,13.647387281309403,2.441740508055567,2.6539749158265997,14.991624790619765,19.39799331103679,0.18247056007385254,0.12837177515029907,0.001,2.5
653,108.64360267473026,108.62408659051493,0.039681883357228144,0.037633739499045055,232.92324910890716,230.16998755413553,2.4620297418367523,2.6545103864127575,14.288110058910682,13.70772563653646,2.4620297418367523,2.6545103864127575,14.824120603015075,19.39799331103679,0.176766037940979,0.1252492070198059,0.001,2.5
654,108.20133264180603,108.73302594953556,0.039704482553142996,0.03758982907868548,232.92363011856975,230.17054554610746,2.408752925431908,2.6550216571144434,14.35948200002188,13.72798930841146,2.408752925431908,2.6550216571144434,14.991624790619765,19.39799331103679,0.20845049619674683,0.12594455480575562,0.001,2.5
655,108.11593648376976,108.73938447575904,0.03969479149435234,0.03763584734055908,232.92388223363727,230.17047144656993,2.4149762264248515,2.66865555099819,14.323734403255596,13.68834938572402,2.4149762264248515,2.66865555099819,14.90787269681742,19.732441471571907,0.1996595859527588,0.12075763940811157,0.001,2.5
656,107.89539834282905,108.58912827099446,0.03968363917952207,0.0376204825862993,232.92399990778273,230.1705193663122,2.4446136731797927,2.6585212248224876,14.19071712046612,13.68870382723601,2.4446136731797927,2.6585212248224876,14.824120603015075,19.063545150501675,0.179290771484375,0.11902230978012085,0.001,2.5
657,107.81299376367923,108.71034720430406,0.039695069699281424,0.037678499597071806,232.9237825786648,230.1702490458919,2.42332061051923,2.65954332208155,14.238112927281877,13.70986883297413,2.42332061051923,2.65954332208155,14.90787269681742,19.39799331103679,0.18387055397033691,0.12151610851287842,0.001,2.5
658,107.465776427507,108.65112661916676,0.03968538290866256,0.037606332924553385,232.92362723039022,230.1701140132636,2.42262521181474,2.6549203220418462,14.170757456640501,13.71190830855864,2.42262521181474,2.6549203220418462,14.824120603015075,19.063545150501675,0.19551807641983032,0.12906414270401,0.001,2.5
659,107.07337331851723,108.80360188053604,0.03969911297461895,0.03763993891784578,232.92349373515526,230.1700792089354,2.3917661775496337,2.6685251503883793,14.184851513835453,13.701582417440255,2.3917661775496337,2.6685251503883793,15.07537688442211,19.732441471571907,0.20314693450927734,0.11909806728363037,0.001,2.5
660,108.39370563960755,108.84014456248204,0.03970066430530756,0.03768573115800934,232.92363632943363,230.17019035824165,2.436453219434524,2.655349890922623,14.314857048405274,13.748407182087467,2.436453219434524,2.655349890922623,14.824120603015075,19.39799331103679,0.17128902673721313,0.12379187345504761,0.001,2.5
661,107.87090482983358,108.74119248916473,0.039689320646588325,0.03764693490089381,232.92353897478114,230.17002036818693,2.444836550621531,2.6676636356175147,14.18514852028596,13.691685089698204,2.444836550621531,2.6676636356175147,14.991624790619765,19.063545150501675,0.17793869972229004,0.12091213464736938,0.001,2.5
662,109.01352450116795,109.0080597536221,0.039694786702019084,0.03770596377028271,232.92355195880936,230.1702950774228,2.437599212080989,2.662179895069288,14.435383649727008,13.761497006368478,2.437599212080989,2.662179895069288,14.991624790619765,19.732441471571907,0.1891835331916809,0.12087446451187134,0.001,2.5
663,108.19008062672575,108.70466636734264,0.03971425250447176,0.03768064279769575,232.924035997247,230.1709599319509,2.427943728876673,2.6681390000027556,14.299657713029053,13.68294501862797,2.427943728876673,2.6681390000027556,14.991624790619765,19.732441471571907,0.19250595569610596,0.11852812767028809,0.001,2.5
664,108.21891883070545,108.53145356959722,0.03967099676729247,0.03766261125886719,232.92457654687828,230.1712411733774,2.428670364807998,2.660824971055506,14.303253787246781,13.670248417551303,2.428670364807998,2.660824971055506,14.991624790619765,19.39799331103679,0.17476755380630493,0.12193542718887329,0.001,2.5
665,108.9127628959004,108.50556573261784,0.039663777585255244,0.03762379830647073,232.92469498779707,230.17128041755396,2.4550747675711984,2.654043920861439,14.362810355335025,13.685422626227439,2.4550747675711984,2.654043920861439,14.90787269681742,19.39799331103679,0.17398923635482788,0.12579602003097534,0.001,2.5
666,107.76794201005843,108.89823581861413,0.03970332072433116,0.03765420108585055,232.92471648300912,230.1709728942667,2.405284041735395,2.6655441446846546,14.28321104353197,13.729448902168402,2.405284041735395,2.6655441446846546,14.824120603015075,19.732441471571907,0.20637494325637817,0.1173664927482605,0.001,2.5
667,108.58498488638669,109.07337793458665,0.039717613521283196,0.03762598472793764,232.92454326891618,230.17131307850713,2.426338044842284,2.675608026542791,14.3834541486935,13.73429144345797,2.426338044842284,2.675608026542791,14.991624790619765,19.732441471571907,0.19263482093811035,0.11314564943313599,0.001,2.5
668,107.49721093872684,109.25097666456548,0.03969062042970154,0.037660505485574536,232.92488849582384,230.17157033454615,2.414011451267517,2.677570457043855,14.202884742762375,13.76391680663246,2.414011451267517,2.677570457043855,14.90787269681742,19.39799331103679,0.18529117107391357,0.11589902639389038,0.001,2.5
669,107.8305232369121,108.91461260741372,0.03972154468223078,0.03769630730700333,232.92476887918596,230.17133915623694,2.411098193882698,2.673592556280436,14.278280914728366,13.70857177530244,2.411098193882698,2.673592556280436,15.159128978224457,20.066889632107024,0.19628453254699707,0.11908143758773804,0.001,2.5
670,108.35619811756128,108.52462584836826,0.03970875520527463,0.037673222879103595,232.92479993350543,230.17139784388718,2.3967492867953815,2.6592292634141086,14.42646492106631,13.673669148448319,2.3967492867953815,2.6592292634141086,14.991624790619765,19.063545150501675,0.2103104591369629,0.12571775913238525,0.001,2.5
671,107.44249652498331,108.71543988894459,0.03972161719747125,0.037699093089055856,232.92472136479927,230.17124734833885,2.4079834955621204,2.6662681740661927,14.210019790547177,13.690708989682404,2.4079834955621204,2.6662681740661927,14.90787269681742,19.39799331103679,0.2081211805343628,0.12422811985015869,0.001,2.5
672,108.65471494537303,108.6707905032563,0.03969000502672028,0.03764597233073368,232.9245785149298,230.17078963569972,2.489454113258988,2.6791727694380643,14.208057895577333,13.643076006784089,2.489454113258988,2.6791727694380643,14.824120603015075,19.39799331103679,0.15965253114700317,0.11742621660232544,0.001,2.5
673,108.54070441726863,108.77287945699533,0.03969891822992058,0.03764268074396462,232.92487847665248,230.1721105671248,2.4257492607762066,2.66766000112961,14.376368278235047,13.698033926080301,2.4257492607762066,2.66766000112961,14.824120603015075,19.39799331103679,0.19089782238006592,0.1195107102394104,0.001,2.5
674,107.15896813474109,108.96774511432967,0.03971639661183908,0.03765390113145611,232.92548859818297,230.17200579691092,2.402554558749175,2.6707295462439293,14.169601464391354,13.727795473309264,2.402554558749175,2.6707295462439293,15.07537688442211,19.39799331103679,0.21572619676589966,0.11477541923522949,0.001,2.5
675,108.60678675665928,108.6451671689649,0.039697234635826334,0.03765119183621678,232.92576821485358,230.17231985238882,2.427734117412088,2.656009207601133,14.38363040272315,13.707441170478745,2.427734117412088,2.656009207601133,15.07537688442211,19.063545150501675,0.1910802125930786,0.1289340853691101,0.001,2.5
676,107.21070015809843,108.8830356916855,0.03969890525692472,0.037627751998179734,232.92584992733035,230.17295194389828,2.3728835203340104,2.6755026279883243,14.268964551801059,13.696538762504042,2.3728835203340104,2.6755026279883243,14.90787269681742,19.732441471571907,0.22054654359817505,0.11892318725585938,0.001,2.5
677,106.78865605902233,108.59994067954379,0.039690291624472566,0.037622416771973255,232.92656062396128,230.17340965653742,2.3786034779732352,2.660673008315938,14.167397348924698,13.684409645488829,2.3786034779732352,2.660673008315938,14.90787269681742,19.39799331103679,0.22036439180374146,0.12921291589736938,0.001,2.5
678,107.37923322770264,108.76481388564093,0.03969028301324876,0.03759628995306117,232.9268084195391,230.17344879864848,2.3669894664131816,2.667103547316331,14.320354971254691,13.698099340483497,2.3669894664131816,2.667103547316331,14.90787269681742,19.39799331103679,0.23023319244384766,0.1257232427597046,0.001,2.5
679,107.9749507808206,108.56374137138444,0.03969986856582776,0.03764017501902022,232.92683405532708,230.17357081792824,2.4194238513358672,2.6550720479576086,14.282193842046025,13.693969522431543,2.4194238513358672,2.6550720479576086,14.90787269681742,19.39799331103679,0.19066637754440308,0.12812471389770508,0.001,2.5
680,107.28483195600398,108.33954709668622,0.03969531374011607,0.03762728826806298,232.92689036204786,230.17374739120638,2.4060656972466603,2.6542366954395207,14.184245109558105,13.651639935164946,2.4060656972466603,2.6542366954395207,14.824120603015075,19.732441471571907,0.1985653042793274,0.12737685441970825,0.001,2.5
681,107.91628404678012,108.5398586107337,0.039713291198614255,0.03760964733651251,232.92714717999175,230.17367114829378,2.41769619882606,2.654351915404151,14.275640041983907,13.69135886929107,2.41769619882606,2.654351915404151,14.991624790619765,19.732441471571907,0.19667625427246094,0.12474274635314941,0.001,2.5
682,108.2528126523323,108.83926993787887,0.03971480822792804,0.03765415482497136,232.92730927587155,230.17419448903573,2.449245973647739,2.6630760243903833,14.248296330322573,13.7250605554485,2.449245973647739,2.6630760243903833,14.991624790619765,19.063545150501675,0.1906355619430542,0.11771601438522339,0.001,2.5
683,108.48644411224416,108.81863311461382,0.03969675696874583,0.037689493215303356,232.92753013214673,230.17414861060305,2.4498563383891554,2.6694420093676716,14.29319498487054,13.701827699922797,2.4498563383891554,2.6694420093676716,15.07537688442211,19.39799331103679,0.19704467058181763,0.11715346574783325,0.001,2.5
684,108.93282935367756,108.81581238201231,0.039691977527373204,0.037676182217322864,232.92716218318972,230.1739587688127,2.430138786034768,2.6745469259179155,14.441625381035221,13.685951500832038,2.430138786034768,2.6745469259179155,14.90787269681742,19.063545150501675,0.1855449676513672,0.11928606033325195,0.001,2.5
685,108.07025857027651,108.88625843469116,0.03970667296143832,0.037642508520928514,232.9270791671983,230.17374300239078,2.4389308030082155,2.6665889570944286,14.24273237071844,13.723921463242343,2.4389308030082155,2.6665889570944286,14.824120603015075,19.39799331103679,0.17019283771514893,0.11884009838104248,0.001,2.5
686,107.7315323668309,108.93689202145988,0.03970486952157276,0.03762083840758904,232.9268388604399,230.17340072580802,2.405046397118113,2.6714671096674176,14.276641131645471,13.719419539971495,2.405046397118113,2.6714671096674176,14.991624790619765,19.732441471571907,0.2060835361480713,0.11634647846221924,0.001,2.5
687,107.4544309555386,108.64873098928395,0.0396960175391817,0.037650235209078294,232.92680369110363,230.17365808391253,2.407738043834616,2.667059340205878,14.213147406202664,13.675002554188604,2.407738043834616,2.667059340205878,14.90787269681742,19.732441471571907,0.19667267799377441,0.12383192777633667,0.001,2.5
688,107.6148566624627,108.60597320862837,0.03966539264524003,0.03761660189283731,232.92719149948962,230.17423582555458,2.405000337603903,2.660618406474391,14.25345210134484,13.685780595377537,2.405000337603903,2.660618406474391,14.991624790619765,19.732441471571907,0.19458991289138794,0.122921884059906,0.001,2.5
689,107.14083680835002,108.72784704508192,0.03970831468501682,0.03760034280726343,232.92759546123358,230.1744102044249,2.372592547830425,2.680484286917492,14.255862796725939,13.650561664415443,2.372592547830425,2.680484286917492,14.991624790619765,19.732441471571907,0.2145557999610901,0.11274653673171997,0.001,2.5
690,108.20560888549191,108.55793369254938,0.03970079011653536,0.03761381192450539,232.92776471366435,230.17448864174528,2.4540295369261673,2.6720101976873085,14.22450737018681,13.641998750310279,2.4540295369261673,2.6720101976873085,14.90787269681742,19.39799331103679,0.17863643169403076,0.11867779493331909,0.001,2.5
691,107.23897898816183,108.48485036996695,0.039724246247779184,0.03762304993427318,232.92797912904365,230.17485913943287,2.423415037854832,2.6682149981176573,14.123020654547354,13.63876594747588,2.423415037854832,2.6682149981176573,14.90787269681742,19.39799331103679,0.1998664140701294,0.1175491213798523,0.001,2.5
692,107.4549715051699,108.49906360026586,0.03968289666738942,0.037570342085134226,232.92766669447496,230.17435146574192,2.412197468069131,2.666522493330531,14.199879363553608,13.646695640972228,2.412197468069131,2.666522493330531,14.991624790619765,19.39799331103679,0.19218593835830688,0.1248592734336853,0.001,2.5
693,107.02377365342336,108.62208233071011,0.03970867490249263,0.03769272469906105,232.92760435580408,230.17449093821855,2.394975147055621,2.660514667281339,14.165302260636883,13.689299028454018,2.394975147055621,2.660514667281339,14.991624790619765,19.39799331103679,0.21372753381729126,0.12601423263549805,0.001,2.5
694,108.04550071217906,108.11293892238452,0.03970634748213854,0.037608799415587583,232.92807809392013,230.17492252209513,2.428982616469289,2.650902837415204,14.267625329482495,13.616323209526547,2.428982616469289,2.650902837415204,15.07537688442211,19.39799331103679,0.19033104181289673,0.1295056939125061,0.001,2.5
695,108.00729058296038,108.54926532247792,0.03968576518459935,0.037693486452401684,232.92833726330218,230.17497702506074,2.448262023366676,2.6671751550208764,14.20214939596665,13.654754469625926,2.448262023366676,2.6671751550208764,14.991624790619765,19.732441471571907,0.18194854259490967,0.12377989292144775,0.001,2.5
696,108.4984531370639,108.57152146559496,0.03970335442042431,0.037638837789313054,232.92831702048656,230.1749772291917,2.462187726693337,2.663985763505151,14.258601204634113,13.668784482821971,2.462187726693337,2.663985763505151,14.991624790619765,19.39799331103679,0.1679384708404541,0.11630630493164062,0.001,2.5
697,107.80311020894267,108.3264497482657,0.03967479227026503,0.03764840865812971,232.92847410678064,230.1752562762104,2.4314963785647548,2.663189987673807,14.211612519307351,13.622154883317725,2.4314963785647548,2.663189987673807,14.824120603015075,19.063545150501675,0.18601495027542114,0.1174536943435669,0.001,2.5
698,107.74330829256144,108.32192518559587,0.03967251615533278,0.037641464903900856,232.9284245987833,230.17494890602137,2.3751070806928216,2.6599794287346676,14.368820021100579,13.630883003158313,2.3751070806928216,2.6599794287346676,14.90787269681742,19.39799331103679,0.21362704038619995,0.11910849809646606,0.001,2.5
699,107.96537583956567,108.4805247839478,0.03969183925483095,0.037659108426957626,232.92809089903457,230.17467424781825,2.4355698007235373,2.671059468916826,14.231841795009185,13.629359851314073,2.4355698007235373,2.671059468916826,14.90787269681742,19.39799331103679,0.18368077278137207,0.1145429015159607,0.001,2.5
700,106.73818457266394,108.36182635763417,0.039703458360391644,0.037669412754351476,232.92818613228087,230.1748464322808,2.3633163877867376,2.6667074024876625,14.203161575087352,13.61867404861195,2.3633163877867376,2.6667074024876625,15.07537688442211,19.732441471571907,0.22287648916244507,0.12061905860900879,0.001,2.5
701,106.7913477912021,108.76229827778793,0.03972328179695299,0.03764461714736993,232.9284003687464,230.17516033466046,2.374956447674801,2.675973861911225,14.178869873634735,13.67097354812367,2.374956447674801,2.675973861911225,15.07537688442211,19.39799331103679,0.2162119746208191,0.11821907758712769,0.001,2.5
702,107.17196913420455,108.7886467362726,0.03970611157828639,0.037651179314756075,232.9287030397348,230.17555481773556,2.3852058223743535,2.6798285951582486,14.224249953201268,13.664679393321775,2.3852058223743535,2.6798285951582486,14.90787269681742,19.39799331103679,0.21561342477798462,0.11375725269317627,0.001,2.5
703,108.21401862523065,108.14798818224648,0.03969808264169062,0.03764951306342281,232.9290447394852,230.17559191853704,2.4311375078843467,2.660046181152497,14.294865497991667,13.595892804123487,2.4311375078843467,2.660046181152497,14.90787269681742,19.732441471571907,0.18039625883102417,0.127427339553833,0.001,2.5
704,107.57630782390959,108.58480600210336,0.039720404905639904,0.03765076412554569,232.92942615809352,230.17623493105273,2.4041466505283884,2.6625190458967536,14.248291833516541,13.67583815469391,2.4041466505283884,2.6625190458967536,14.90787269681742,19.39799331103679,0.2006024718284607,0.11822962760925293,0.001,2.5
705,107.02657600543407,108.4892556180922,0.039677171557642506,0.03762936303049426,232.92976144250713,230.17676679426214,2.3658272996420036,2.655028796116245,14.253311697162776,13.679203055774089,2.3658272996420036,2.655028796116245,14.991624790619765,19.39799331103679,0.21452343463897705,0.12411004304885864,0.001,2.5
706,106.94694419362438,108.64632653073723,0.039702455446099114,0.03763203650563457,232.93018498252982,230.17665355261352,2.3770898662420175,2.6709454761300995,14.203592781245808,13.662866633871328,2.3770898662420175,2.6709454761300995,14.991624790619765,19.39799331103679,0.20683348178863525,0.11442047357559204,0.001,2.5
707,108.19164282512824,108.57821655273438,0.03970041366877468,0.037572026900623154,232.93008358953787,230.1766927967901,2.4040691720780414,2.66598112367866,14.371594948185548,13.66414981701701,2.4040691720780414,2.66598112367866,14.991624790619765,19.39799331103679,0.18367576599121094,0.11710929870605469,0.001,2.5
708,107.53731747727898,108.51385783830216,0.03971191300968429,0.03763182992022173,232.93004077802752,230.17651841791977,2.417153159977004,2.66656821627282,14.201476071547823,13.649505127233805,2.417153159977004,2.66656821627282,14.90787269681742,19.063545150501675,0.1969408392906189,0.11909091472625732,0.001,2.5
709,106.94325711299825,108.51296251992318,0.039708266967604905,0.037637392401595575,232.93013442660896,230.1767668963276,2.4043347044805787,2.672101264813273,14.121119417736878,13.632725938905441,2.4043347044805787,2.672101264813273,14.90787269681742,19.39799331103679,0.20281630754470825,0.11667394638061523,0.001,2.5
710,107.46928223014078,108.23509897595665,0.03966500324944355,0.03763255722397147,232.93016997933188,230.17666876036986,2.3868937005150057,2.6635046220543392,14.278656810971361,13.602944415548574,2.3868937005150057,2.6635046220543392,14.90787269681742,19.732441471571907,0.20764482021331787,0.12066584825515747,0.001,2.5
711,107.31096650447877,108.45483867938702,0.03966471297008109,0.037694516912551226,232.93008036908992,230.17674061446684,2.402361248406134,2.6659925613913646,14.200590644849205,13.639415941908208,2.402361248406134,2.6659925613913646,15.07537688442211,19.39799331103679,0.19736605882644653,0.11833733320236206,0.001,2.5
712,108.10383466659879,108.44368863823422,0.03969166510842953,0.03766903925350677,232.9301618515347,230.1768168573794,2.434736060936447,2.6706261594957335,14.26203429319551,13.62328935706097,2.434736060936447,2.6706261594957335,14.90787269681742,19.732441471571907,0.17887890338897705,0.12054258584976196,0.001,2.5
713,108.24387906584109,108.3943330388404,0.03968640277084194,0.03766643769266614,232.93012282277272,230.17655097680745,2.42257379886493,2.670391888921476,14.32653149488184,13.614122228080214,2.42257379886493,2.670391888921476,14.824120603015075,19.063545150501675,0.1882304549217224,0.1139061450958252,0.001,2.5
714,107.78919142015415,108.5275910801712,0.03972534915834815,0.03762971684585845,232.93003781317069,230.17648335842784,2.432664207078304,2.671621234919315,14.205314797572354,13.637092752998887,2.432664207078304,2.671621234919315,14.90787269681742,19.39799331103679,0.17853182554244995,0.11474239826202393,0.001,2.5
715,107.43968113782617,108.66762772371936,0.03971201174547724,0.037676127870445664,232.9298381198391,230.17624789336853,2.398129644905103,2.670230024235703,14.239018791684353,13.669264946494215,2.398129644905103,2.670230024235703,14.90787269681742,19.063545150501675,0.18591177463531494,0.11159247159957886,0.001,2.5
716,107.62410153336262,108.68526476601693,0.03967073634017253,0.037640368659360754,232.9297196278021,230.17621528344807,2.4168054063116484,2.673611664054386,14.219883867643986,13.66265443336206,2.4168054063116484,2.673611664054386,14.824120603015075,19.39799331103679,0.1801391839981079,0.10846048593521118,0.001,2.5
717,107.2145976668826,108.34855697784934,0.039685991734665645,0.03765484534926638,232.92990776841566,230.17662721972002,2.3835684548270963,2.668343727405255,14.237690537419152,13.61111420213578,2.3835684548270963,2.668343727405255,15.07537688442211,19.732441471571907,0.21753668785095215,0.11537623405456543,0.001,2.5
718,107.91960665448826,108.3714021663602,0.03969137808635606,0.03764946383726238,232.93012665663932,230.17650300603248,2.43481744833328,2.6722205697892103,14.224944798391268,13.604053066725715,2.43481744833328,2.6722205697892103,14.90787269681742,19.732441471571907,0.1713552474975586,0.11660760641098022,0.001,2.5
719,107.33258065586314,108.26003765501704,0.039713092216944176,0.03759004558159356,232.93009644577052,230.1763896623184,2.368808539468839,2.6659492951970436,14.30556196343759,13.600606376112106,2.368808539468839,2.6659492951970436,14.991624790619765,19.39799331103679,0.21025311946868896,0.12030792236328125,0.001,2.5
720,107.04039954819672,108.63009291428786,0.03968360411686514,0.037642135755174534,232.92974955752067,230.17616715957487,2.4002865367199306,2.6612561227485885,14.152697483299166,13.688686396365979,2.4002865367199306,2.6612561227485885,14.90787269681742,19.39799331103679,0.20102328062057495,0.12010735273361206,0.001,2.5
721,107.63047827588055,108.53193715583521,0.03969843542106587,0.0376240972890503,232.92987727639664,230.17654857826872,2.4048110879645677,2.669877976478143,14.257136884845881,13.64319318752225,2.4048110879645677,2.669877976478143,14.90787269681742,19.39799331103679,0.18972742557525635,0.12034755945205688,0.001,2.5
722,106.46563122619935,108.47804842027135,0.03968849000669204,0.03764537377999379,232.93016016463338,230.17697383408563,2.3574839437027872,2.6665878479297342,14.166150618637825,13.64228146211758,2.3574839437027872,2.6665878479297342,14.991624790619765,19.732441471571907,0.22137075662612915,0.11967772245407104,0.001,2.5
723,107.05355640711697,108.3490242591271,0.0396850640562611,0.03761768762184226,232.93023150011123,230.17659455876685,2.384958780390933,2.6683254983512854,14.201311526785744,13.611269488382499,2.384958780390933,2.6683254983512854,14.90787269681742,19.39799331103679,0.21414095163345337,0.11216861009597778,0.001,2.5
724,107.05322512270418,108.49111364358245,0.039690153083609576,0.037634856363503034,232.93002631157088,230.17672101789495,2.414200767600157,2.679171723266908,14.113518785192339,13.607146141919802,2.414200767600157,2.679171723266908,14.90787269681742,19.732441471571907,0.19793182611465454,0.10741209983825684,0.001,2.5
725,107.14648920567191,108.47503496252972,0.03969249856881361,0.037666743652378036,232.9302757684909,230.17684298614196,2.4002404923814424,2.6774424661362053,14.174051879039363,13.609111205391262,2.4002404923814424,2.6774424661362053,14.991624790619765,19.732441471571907,0.2041468620300293,0.11220788955688477,0.001,2.5
726,107.15218983303562,108.53752702693875,0.03970402674484293,0.03763486209471888,232.93032704006686,230.17684293510922,2.4145350695854457,2.668344358935404,14.132305781046549,13.648909897309881,2.4145350695854457,2.668344358935404,14.90787269681742,19.39799331103679,0.19474416971206665,0.12204909324645996,0.001,2.5
727,106.82758603503356,108.37558271733415,0.03973011644416718,0.037650008340145036,232.93017325089804,230.17676444675612,2.3781693081560245,2.6609997175210296,14.176477016915427,13.63855204374894,2.3781693081560245,2.6609997175210296,14.991624790619765,19.39799331103679,0.19984084367752075,0.1175336241722107,0.001,2.5
728,107.54061907539815,108.5037080388404,0.03971988362083882,0.03766341975899445,232.93015063108513,230.17664441775318,2.400728597513196,2.6770706830614786,14.251408193578673,13.61596170635925,2.400728597513196,2.6770706830614786,14.991624790619765,19.732441471571907,0.19541794061660767,0.11635780334472656,0.001,2.5
729,107.90633686263757,108.72278250499713,0.039708974629241216,0.037643238789959496,232.93030907201208,230.17682522674866,2.4416297117070336,2.675784910801661,14.201850309643513,13.663637636497269,2.4416297117070336,2.675784910801661,14.90787269681742,19.063545150501675,0.17576676607131958,0.11316734552383423,0.001,2.5
730,107.0287356991664,108.45629867502679,0.039682129232627865,0.0376048460353577,232.93020277167085,230.17676653909842,2.385498311252051,2.6757309062026415,14.194729348123573,13.610510976019512,2.385498311252051,2.6757309062026415,15.07537688442211,19.063545150501675,0.2206156849861145,0.11322832107543945,0.001,2.5
731,107.83101228493543,108.5826832442778,0.03969946131110191,0.03762879854311114,232.93024397295724,230.17691473817348,2.4424304043627663,2.677483757204037,14.18438532204684,13.630524628935849,2.4424304043627663,2.677483757204037,14.90787269681742,19.39799331103679,0.1784936785697937,0.1121675968170166,0.001,2.5
732,107.82100985477518,108.25036886463995,0.03967778024012519,0.037613570827205844,232.93039947458647,230.17701925322365,2.434647246221801,2.6766347366830576,14.205738422259614,13.566612393561016,2.434647246221801,2.6766347366830576,14.90787269681742,19.732441471571907,0.18402057886123657,0.11107438802719116,0.001,2.5
733,108.20609361402553,108.47482427386535,0.039695849439356994,0.037656854476817075,232.93055285480952,230.17716530892363,2.461929004196346,2.669843373888711,14.200906411686933,13.631868139158524,2.461929004196346,2.669843373888711,14.90787269681742,19.39799331103679,0.1765000820159912,0.11228394508361816,0.001,2.5
734,107.0904656031623,108.62691454424906,0.0396838897286947,0.03767237009910437,232.9306405225591,230.17710427376738,2.4116609923204586,2.677428039818703,14.128587235557774,13.63952824264067,2.4116609923204586,2.677428039818703,14.90787269681742,19.39799331103679,0.19590044021606445,0.1147843599319458,0.001,2.5
735,107.25658803968574,108.26303554777317,0.039711619953514146,0.03765381087726574,232.9302517940451,230.17665089891108,2.4121810722990054,2.6681937158705797,14.16024627078518,13.594459903678766,2.4121810722990054,2.6681937158705797,15.07537688442211,19.39799331103679,0.196344792842865,0.12131732702255249,0.001,2.5
736,107.34966062101687,108.03084209531445,0.03971907970069641,0.03762462271695153,232.93019249690838,230.17688406749713,2.398610906984339,2.671094744500508,14.219569974608557,13.53932292644794,2.398610906984339,2.671094744500508,14.74036850921273,19.39799331103679,0.21485614776611328,0.12022072076797485,0.001,2.5
737,106.77914640851556,108.3723350703517,0.03967080777589001,0.03761898422221276,232.93037736595576,230.17722205732977,2.376642421262348,2.6593787486736593,14.171382019068528,13.642771826141255,2.376642421262348,2.6593787486736593,14.824120603015075,19.39799331103679,0.22289520502090454,0.1236947774887085,0.001,2.5
738,106.78606680609673,108.41912119683613,0.03973217910682936,0.037688996156920555,232.93062843309974,230.1772307839282,2.3848817019007313,2.6715029250817954,14.148035971163905,13.615741649997673,2.3848817019007313,2.6715029250817954,14.90787269681742,19.39799331103679,0.21139293909072876,0.11949378252029419,0.001,2.5
739,106.76388023287008,108.50707650583324,0.03970422252538416,0.03766895777056847,232.93100430538107,230.1779239105939,2.395113464975277,2.6727973880576448,14.112908136505178,13.629453793018557,2.395113464975277,2.6727973880576448,14.824120603015075,19.39799331103679,0.19555848836898804,0.11230820417404175,0.001,2.5
740,107.30809785213502,108.11120643743304,0.039688558484641354,0.03767100121065924,232.93107814565175,230.1774856924612,2.387939044977952,2.659432385677478,14.243278327699082,13.590374669103719,2.387939044977952,2.659432385677478,14.90787269681742,19.063545150501675,0.2077319622039795,0.1208004355430603,0.001,2.5
741,106.67345378626531,108.34157105512843,0.03971896579542152,0.03767154134037503,232.9308532765962,230.17743139362653,2.393104264085217,2.664002793289746,14.100847803368241,13.622736956363537,2.393104264085217,2.664002793289746,14.90787269681742,19.39799331103679,0.21420496702194214,0.11768162250518799,0.001,2.5
742,107.08300479652495,108.29144927570253,0.03971235589490863,0.037610035900487546,232.93088274625077,230.17759061577328,2.412743725768685,2.6600544205477403,14.12384145663212,13.624568897744883,2.412743725768685,2.6600544205477403,14.991624790619765,19.39799331103679,0.20065128803253174,0.12114882469177246,0.001,2.5
743,107.3326683236127,108.02733476823788,0.039704459802040105,0.03761387194030261,232.93100583892772,230.17764516977164,2.411988800494515,2.6555538743634686,14.17603990340752,13.5852484049207,2.411988800494515,2.6555538743634686,14.991624790619765,19.732441471571907,0.18951505422592163,0.12105417251586914,0.001,2.5
744,106.32289811075233,108.07350651157341,0.039697347592618594,0.03765622943789265,232.93112463767406,230.17768880276378,2.405030770916835,2.6637549783075136,13.994961893538534,13.569869341260215,2.405030770916835,2.6637549783075136,14.824120603015075,19.732441471571907,0.20540612936019897,0.12326920032501221,0.001,2.5
745,106.61681870759233,108.45637604065962,0.039692961721613976,0.037614843780081404,232.93107305938875,230.1776233277592,2.379697507350289,2.6731174741700343,14.129746130363426,13.618364512721033,2.379697507350289,2.6731174741700343,14.991624790619765,19.39799331103679,0.21284419298171997,0.11462795734405518,0.001,2.5
746,107.18775611506834,108.28261134935462,0.03972320570618264,0.03765141719759109,232.93107014565012,230.1777149315263,2.4223413295681953,2.6645028176515,14.115996552472138,13.609447638725356,2.4223413295681953,2.6645028176515,15.07537688442211,19.063545150501675,0.18870878219604492,0.11543965339660645,0.001,2.5
747,107.10444850697989,108.22669418998386,0.03970596199259287,0.03762899097491267,232.93130549394107,230.1780157695247,2.3822243257583287,2.66888385871581,14.219689311693662,13.585126280385914,2.3822243257583287,2.66888385871581,14.991624790619765,19.063545150501675,0.20696121454238892,0.11668306589126587,0.001,2.5
748,107.21126721252747,108.52378722736269,0.03971555603159532,0.03760903518036456,232.93150562177752,230.17810089213393,2.3969221961757845,2.6722219173724833,14.196957585000911,13.634533904467936,2.3969221961757845,2.6722219173724833,14.824120603015075,19.732441471571907,0.22271543741226196,0.11764746904373169,0.001,2.5
749,107.07670883357625,108.02714380372727,0.03969510811906764,0.037664055537718996,232.93130853547524,230.1777824988732,2.3895649650388426,2.6501207606848265,14.192121951424296,13.60149887493223,2.3895649650388426,2.6501207606848265,15.159128978224457,19.39799331103679,0.1995760202407837,0.12023890018463135,0.001,2.5
750,107.21658652351928,108.32969818625561,0.03968696653768046,0.03762716980632332,232.93127760895132,230.17804419476053,2.432021651435737,2.6767759259329194,14.092728453465243,13.582050425551806,2.432021651435737,2.6767759259329194,14.824120603015075,19.39799331103679,0.2010575532913208,0.11536508798599243,0.001,2.5
751,106.82279800849544,108.37865399516944,0.03968621203223465,0.03767996977852738,232.9313744013034,230.1780878787854,2.3992968308466365,2.6701261670294416,14.112145816860487,13.611780412221036,2.3992968308466365,2.6701261670294416,14.991624790619765,19.39799331103679,0.22090929746627808,0.12149578332901001,0.001,2.5
752,106.96021934010875,108.02410531442699,0.03969655509170775,0.037661246182926524,232.93166850998972,230.17844521002627,2.395865654426204,2.664241782797619,14.14992086771545,13.55852828137452,2.395865654426204,2.664241782797619,15.07537688442211,19.063545150501675,0.2152366042137146,0.12147164344787598,0.001,2.5
753,107.14462817014761,108.30866800263574,0.03970723234778473,0.037598861898466895,232.9320413918551,230.17911894425103,2.397035204186112,2.673885440347984,14.18329190968269,13.586521145492094,2.397035204186112,2.673885440347984,14.991624790619765,19.39799331103679,0.19906514883041382,0.11160731315612793,0.001,2.5
754,106.39004595834805,108.26588746137843,0.039674323857130114,0.03767197307535637,232.93249445265062,230.17908602813415,2.3607669220098497,2.6686564512476076,14.141187236536688,13.593638716732778,2.3607669220098497,2.6686564512476076,14.90787269681742,19.39799331103679,0.22814422845840454,0.11687660217285156,0.001,2.5
755,106.64382510289076,108.23051243402487,0.039705059823378845,0.037603834077068,232.9325771108145,230.17932134009524,2.3815226195445613,2.675778327578286,14.129669433862121,13.56521044128316,2.3815226195445613,2.675778327578286,14.90787269681742,19.063545150501675,0.22250306606292725,0.11516612768173218,0.001,2.5
756,107.06087759711235,108.06676220335689,0.03969826335259019,0.03768260755816032,232.93293307254862,230.17986402224537,2.4232003301431986,2.655209405765087,14.088048339089756,13.59415113327894,2.4232003301431986,2.655209405765087,14.90787269681742,19.063545150501675,0.18324017524719238,0.12497448921203613,0.001,2.5
757,106.76203031555892,108.56400495548313,0.03968491790257706,0.03771513760289221,232.93356872763067,230.1800036478202,2.401686622469469,2.6714552900065547,14.092822026966804,13.644856787844246,2.401686622469469,2.6714552900065547,14.90787269681742,19.39799331103679,0.20272308588027954,0.1143684983253479,0.001,2.5
758,108.15589651749961,108.32431997343848,0.03972430302569615,0.03769629586948998,232.93359819728525,230.18025656607637,2.4545312482907344,2.674506130027133,14.213054248036652,13.587769438191799,2.4545312482907344,2.674506130027133,14.991624790619765,19.063545150501675,0.1750088930130005,0.1089324951171875,0.001,2.5
759,107.07217428951806,108.03266508682914,0.03968451708754902,0.03766241856542319,232.93327423555766,230.1795525694372,2.405173350418832,2.6636914106515737,14.144391347415484,13.561890037562138,2.405173350418832,2.6636914106515737,14.90787269681742,19.732441471571907,0.20435738563537598,0.11426287889480591,0.001,2.5
760,106.69659074946264,107.96815046737824,0.03968619229506008,0.037639068209108305,232.93311607578093,230.1794851041558,2.3874242050164507,2.664181189393519,14.12252122313533,13.547523358195123,2.3874242050164507,2.664181189393519,14.991624790619765,19.39799331103679,0.19986283779144287,0.12385720014572144,0.001,2.5
761,106.68540336059365,108.43036347966529,0.03970286132178115,0.03766194527912698,232.93277948785268,230.1791515031387,2.3746103026359724,2.6658784314541513,14.158722791240443,13.634868060466038,2.3746103026359724,2.6658784314541513,14.991624790619765,19.732441471571907,0.21392357349395752,0.1190493106842041,0.001,2.5
762,107.05870572446379,108.46057629027095,0.03971334841957244,0.03768043646146621,232.9324867082401,230.17919069628252,2.4489937850977705,2.6674929039932813,14.010230843944965,13.636064950439044,2.4489937850977705,2.6674929039932813,15.07537688442211,19.063545150501675,0.18199145793914795,0.11206883192062378,0.001,2.5
763,107.10248754811246,108.25914833298495,0.03970566260904523,0.03762614536395041,232.93288136646777,230.1796244745669,2.4121140950488886,2.6674138654434563,14.129627165482871,13.596026621534673,2.4121140950488886,2.6674138654434563,14.90787269681742,19.063545150501675,0.1993931531906128,0.11561816930770874,0.001,2.5
764,107.08008599720608,108.16044744281066,0.03968631542308047,0.037672403988032836,232.93291975625198,230.17962228015912,2.4083229473088457,2.662128013910657,14.136524711621666,13.592135167839535,2.4083229473088457,2.662128013910657,15.07537688442211,19.732441471571907,0.19832193851470947,0.11676323413848877,0.001,2.5
765,106.5481341823661,108.21914570786083,0.039673834664737756,0.03762048520272392,232.93310076587363,230.17983161645589,2.395233565638812,2.670750195366084,14.069405113232994,13.578017815299656,2.395233565638812,2.670750195366084,14.90787269681742,19.39799331103679,0.19138360023498535,0.11390918493270874,0.001,2.5
766,107.67625069418544,108.25534338297254,0.03968170692074039,0.037619193311917744,232.93355712379443,230.1803612852575,2.4169085077704295,2.666675870633843,14.230001628498735,13.597481172619057,2.4169085077704295,2.666675870633843,14.90787269681742,19.39799331103679,0.1956263780593872,0.11766088008880615,0.001,2.5
767,106.63021560490031,108.40983872429582,0.0397000580189915,0.03762621274311407,232.93382114940752,230.18064676240135,2.3564608795958346,2.6736913421082256,14.202133771362815,13.607332465640678,2.3564608795958346,2.6736913421082256,14.991624790619765,19.39799331103679,0.22731399536132812,0.11321192979812622,0.001,2.5
768,107.11205571620309,108.29100501019022,0.039689211415086356,0.03761295711366229,232.93434452331644,230.1815319252652,2.3929057664407956,2.6742281036632116,14.18916894443071,13.581957909574477,2.3929057664407956,2.6742281036632116,15.159128978224457,19.39799331103679,0.18386340141296387,0.11660081148147583,0.001,2.5
769,107.61651137206623,108.32415457633029,0.03968436762665584,0.03764305135428307,232.93555850439535,230.18246266036527,2.414601471955253,2.6693928066304693,14.22497379200742,13.603087374199195,2.414601471955253,2.6693928066304693,15.159128978224457,19.39799331103679,0.19806623458862305,0.11985760927200317,0.001,2.5
770,106.950527108095,108.17093421145027,0.03970357680215907,0.03765872387483367,232.93596975048584,230.18251476479216,2.3977309595200684,2.665203412639656,14.142384885343875,13.585008359673031,2.3977309595200684,2.665203412639656,14.991624790619765,19.39799331103679,0.20713388919830322,0.1163104772567749,0.001,2.5
771,106.63158603329555,108.07422096992416,0.039731146490054714,0.037642384290595514,232.936160344774,230.18295936201727,2.4413375343309975,2.668710246133964,13.94777155162102,13.555148370289883,2.4413375343309975,2.668710246133964,14.991624790619765,19.732441471571907,0.1662796139717102,0.11089456081390381,0.001,2.5
772,106.77098578064884,107.90995270591914,0.039697034605833355,0.03762463117672448,232.9365718975738,230.18336930801237,2.3871494525641053,2.6695091540996847,14.138222296633312,13.519902124054058,2.3871494525641053,2.6695091540996847,14.991624790619765,19.732441471571907,0.19263440370559692,0.11189740896224976,0.001,2.5
773,105.73351314678862,108.13930355824755,0.0396899603606768,0.03761646254953732,232.93683298388916,230.18331694842183,2.32062725805158,2.6776627266287405,14.130295394054011,13.541312989582584,2.32062725805158,2.6776627266287405,14.74036850921273,19.732441471571907,0.23939424753189087,0.1176496148109436,0.001,2.5
774,106.28793380967336,107.91139894823566,0.039689904088201236,0.0376771735183172,232.93709430023654,230.18382497934195,2.3700869430848703,2.6661839493142323,14.092800330476745,13.530155070250649,2.3700869430848703,2.6661839493142323,14.90787269681742,19.39799331103679,0.2053523063659668,0.11884331703186035,0.001,2.5
775,107.60777437347463,107.88733083667563,0.039703689028869324,0.03766473697928282,232.93719122038414,230.18357415342808,2.44958378541809,2.671069000078284,14.118275126420473,13.510689512144364,2.44958378541809,2.671069000078284,14.991624790619765,19.39799331103679,0.16973155736923218,0.11912322044372559,0.001,2.5
776,106.47445465292364,108.0793606046849,0.03968517453576652,0.03768934376762065,232.9368637570584,230.18323422435137,2.3783751943802316,2.6592276431246344,14.105240702030049,13.584614594245835,2.3783751943802316,2.6592276431246344,14.991624790619765,19.39799331103679,0.20503538846969604,0.11989808082580566,0.001,2.5
777,107.12948577727505,107.96776659911293,0.039680704979890555,0.03762037010495878,232.93701105421312,230.18352853015912,2.408247342261437,2.6633237524574818,14.14663173764994,13.550021235360749,2.408247342261437,2.6633237524574818,14.991624790619765,19.39799331103679,0.19126653671264648,0.12412714958190918,0.001,2.5
778,106.32152409130205,107.93491325250837,0.03967746081988217,0.03765592469917891,232.93718863891397,230.18373766232494,2.3640699478449734,2.67080457553417,14.117571664615292,13.521001429860807,2.3640699478449734,2.67080457553417,14.824120603015075,19.39799331103679,0.23307877779006958,0.12350505590438843,0.001,2.5
779,106.98716309002695,108.07436613255122,0.03967373967919517,0.03766106606077988,232.93725626832077,230.1836461606233,2.41565215967009,2.6689321899095106,14.095953752846773,13.55450770209067,2.41565215967009,2.6689321899095106,14.824120603015075,19.39799331103679,0.19467133283615112,0.11955660581588745,0.001,2.5
780,107.55289272647008,107.73430171698631,0.03969763500781315,0.03759956088253487,232.93730557184523,230.18402768138262,2.413673737140956,2.658162755711023,14.215030214894357,13.518814810941052,2.413673737140956,2.658162755711023,14.90787269681742,19.39799331103679,0.20210987329483032,0.12408804893493652,0.001,2.5
781,106.68657138639159,107.8769913995545,0.039736557090452165,0.0376898162939078,232.9375527284453,230.18403855135608,2.389012182577571,2.6726744812866516,14.115742851142308,13.503800159314006,2.389012182577571,2.6726744812866516,14.991624790619765,19.39799331103679,0.21423965692520142,0.12105101346969604,0.001,2.5
782,107.56724343866958,108.00209632286659,0.039677781731489316,0.03768637432501866,232.9376112843678,230.18420415259524,2.4379931235033863,2.672147726135509,14.144946400244631,13.530402055950866,2.4379931235033863,2.672147726135509,14.90787269681742,19.732441471571907,0.17777138948440552,0.12247169017791748,0.001,2.5
783,107.05917327727505,108.0085293568895,0.03970850562954468,0.03766185163604376,232.93768844732287,230.18414536287952,2.3950360600073735,2.664008697937165,14.17219710869206,13.556111530316713,2.3950360600073735,2.664008697937165,14.90787269681742,19.39799331103679,0.20851445198059082,0.12377607822418213,0.001,2.5
784,106.73026282024543,107.69935373159555,0.039691730260449636,0.03769354920921517,232.93769394253167,230.18425447087623,2.398844309188613,2.676914264525857,14.094994246260804,13.455552286128935,2.398844309188613,2.676914264525857,14.991624790619765,19.39799331103679,0.19454020261764526,0.11991941928863525,0.001,2.5
785,106.36652349986423,107.68308582114535,0.03967296009512004,0.037626566957171544,232.93781399367444,230.1844005265762,2.3796038148391188,2.6629183826637908,14.07997102274168,13.49429963663669,2.3796038148391188,2.6629183826637908,14.90787269681742,19.732441471571907,0.2048783302307129,0.12400674819946289,0.001,2.5
786,106.16422983549748,108.1454489207188,0.0396868846936142,0.03766273431803869,232.93798938029175,230.18465768054975,2.3461924905153975,2.6794860283267936,14.139743634005088,13.53706238022616,2.3461924905153975,2.6794860283267936,15.07537688442211,19.39799331103679,0.21628504991531372,0.11319917440414429,0.001,2.5
787,106.32511883964091,107.94900765307372,0.039701039604905064,0.03765934385533715,232.93825603849325,230.18507620004507,2.376220669179306,2.6700646988922934,14.081833933665724,13.526038555795932,2.376220669179306,2.6700646988922934,14.824120603015075,19.732441471571907,0.21820640563964844,0.1174960732460022,0.001,2.5
788,106.96365780726549,107.74429650450232,0.03971131834852037,0.03768117168924481,232.93862081812054,230.18531799316406,2.416199436139821,2.6676571329301817,14.089603088608937,13.492314038866738,2.416199436139821,2.6676571329301817,14.991624790619765,19.732441471571907,0.20059752464294434,0.12063044309616089,0.001,2.5
789,106.88800507614161,108.26901252772099,0.03969595545101006,0.03770992602143798,232.93865649863903,230.1851742849701,2.387792266992668,2.6724573848239555,14.159697575784808,13.582851716108545,2.387792266992668,2.6724573848239555,14.90787269681742,19.063545150501675,0.2029646635055542,0.11558264493942261,0.001,2.5
790,106.42282774140887,107.73187347718306,0.039692920493820005,0.03767364468413053,232.93864545710323,230.18515902618103,2.393294626743949,2.658757995203586,14.050155404824109,13.516529679697094,2.393294626743949,2.658757995203586,14.991624790619765,19.732441471571907,0.19805198907852173,0.12308984994888306,0.001,2.5
791,106.50503225662001,108.03394970846017,0.039706341285801416,0.037597660423820234,232.93852481810092,230.18507614901233,2.407618297005019,2.6820526497818555,14.02362273965449,13.507075609570762,2.407618297005019,2.6820526497818555,14.90787269681742,19.39799331103679,0.18498355150222778,0.11501538753509521,0.001,2.5
792,106.60889865485467,107.88291803570496,0.039687522629297756,0.037638257914861306,232.93857506731248,230.18508712105128,2.3794279953143507,2.659463847361281,14.128970550332637,13.544626717583391,2.3794279953143507,2.659463847361281,14.90787269681742,19.063545150501675,0.20705080032348633,0.11987364292144775,0.001,2.5
793,106.34625504843554,107.99217489491339,0.039683471092177396,0.03763778740695886,232.93860980214384,230.18527226782962,2.3804597071866493,2.6823555434427933,14.073347890397013,13.497803573225653,2.3804597071866493,2.6823555434427933,14.90787269681742,19.39799331103679,0.21300387382507324,0.10604846477508545,0.001,2.5
794,106.26485147907506,107.90610389326727,0.039681171932861435,0.037600039389221164,232.9390802175755,230.1858868551095,2.3801014367459805,2.6641980573086435,14.058141465562473,13.535068314211026,2.3801014367459805,2.6641980573086435,15.07537688442211,19.063545150501675,0.20297455787658691,0.12060976028442383,0.001,2.5
795,107.05450049676688,108.10868445048763,0.03971559740914971,0.037675577760938814,232.93945332947288,230.18563403891878,2.402178524726599,2.677757042307519,14.14983344437489,13.534893909824333,2.402178524726599,2.677757042307519,14.90787269681742,19.39799331103679,0.20899426937103271,0.11483621597290039,0.001,2.5
796,106.95553087908618,107.82565948078066,0.039699318090225984,0.03769816384716178,232.93923735498782,230.1857300315015,2.4135899547755817,2.6787323784270014,14.095808383807466,13.47535818476342,2.4135899547755817,2.6787323784270014,14.824120603015075,19.063545150501675,0.20687484741210938,0.11343228816986084,0.001,2.5
797,106.85355968890677,108.04244020391866,0.039696639438020924,0.03763932808236932,232.93946051158298,230.18590002155622,2.418801190665419,2.671769706700558,14.059781548964917,13.539614116069066,2.418801190665419,2.671769706700558,15.07537688442211,19.732441471571907,0.19000035524368286,0.1162610650062561,0.001,2.5
798,106.52771182675258,107.85344948656982,0.03969145510064897,0.03763867081158536,232.9394682304344,230.18591512724709,2.4118439428371,2.6575439135765153,14.0154842347955,13.54449377091832,2.4118439428371,2.6575439135765153,14.991624790619765,19.063545150501675,0.19468152523040771,0.12288802862167358,0.001,2.5
799,106.81148155889719,107.5709873824614,0.03968967257732123,0.0376279839006156,232.93952515057384,230.18603066536895,2.39834874518952,2.66417054587782,14.112724465541104,13.468123349856373,2.39834874518952,2.66417054587782,14.991624790619765,19.732441471571907,0.199579119682312,0.12147170305252075,0.001,2.5
800,105.7401279852019,107.52114832441146,0.03969448944631733,0.03764497498704438,232.93970122728715,230.1863185920843,2.369820514516016,2.660124060302275,13.984036999930888,13.470290573145634,2.369820514516016,2.660124060302275,14.991624790619765,19.39799331103679,0.2023637294769287,0.12168991565704346,0.001,2.5
