epoch,train_loss,val_loss,train_recon_loss,val_recon_loss,train_kl_loss,val_kl_loss,train_age_loss,val_age_loss,train_site_loss,val_site_loss,train_age_mae,val_age_mae,train_site_acc,val_site_acc,train_age_r2,val_age_r2,current_beta,current_grl_alpha
1,54.37063293840418,55.749012210297344,0.002662912809478752,0.0030699128341116636,2.205378190556563,4.882498513097349,3.033801042454526,3.103453103515217,1.7721875488658247,1.838821583767001,3.033801042454526,3.103453103515217,48.743718592964825,46.15384615384615,-0.20109450817108154,-0.18084490299224854,7.686158073360571e-06,0.0
2,54.038548212354904,63.02753203529179,0.018389827854170072,0.0649221442814256,21.85462848145758,60.616989735376876,2.9106668551363537,3.1663733748687948,2.0719911205509,3.0932913161440436,2.9106668551363537,3.1663733748687948,46.31490787269682,29.76588628762542,-0.11489331722259521,-0.07343769073486328,9.154408582006738e-06,0.025
3,64.47568458288758,71.66309124490489,0.10078758720177503,0.15135063365550344,85.42792548047039,111.54728946239254,2.9653289082461667,3.0809517090137186,3.978805969308569,5.059249464883454,2.9653289082461667,3.0809517090137186,40.619765494137354,39.46488294314381,-0.15463578701019287,-0.014181375503540039,1.0941850065037413e-05,0.05
4,75.23194453304936,84.32694578649209,0.20131838316693776,0.23451698668625043,141.7899335289321,164.97037386176578,2.8462252509054826,2.9409738328544592,6.467077552373685,7.995131652092057,2.8462252509054826,2.9409738328544592,40.619765494137354,40.13377926421405,-0.06751537322998047,0.06750965118408203,1.3116306549289961e-05,0.075
5,83.43148143007927,90.37365518525293,0.2703948902524696,0.3165826510426193,180.70210907646958,200.656843612824,2.8389233320801703,2.94343991343393,8.114877870134773,9.180462148277257,2.8389233320801703,2.94343991343393,40.619765494137354,40.13377926421405,-0.035994529724121094,-0.14008045196533203,1.5759257661579782e-05,0.1
6,90.92263833561934,91.62476994441106,0.31889052821363834,0.2527442273487614,195.97246736817223,159.07710919332345,2.8771506114621057,2.877669304110932,9.488554267627709,9.640793586654407,2.8771506114621057,2.877669304110932,40.619765494137354,40.13377926421405,-0.09272873401641846,0.028080105781555176,1.896822375212947e-05,0.125
7,92.75367105506373,94.22401907930406,0.21216368026270138,0.16102726378767784,144.3202335990254,125.16861066531177,2.909772823803389,2.9206013488131624,9.778323211861615,10.050221455934455,2.909772823803389,2.9206013488131624,40.619765494137354,40.13377926421405,-0.12763464450836182,-0.12839341163635254,2.285938966519435e-05,0.15
8,96.8875168843485,94.90707499526417,0.15441752176488463,0.14714466668291634,122.22883382314814,109.80175110169478,2.91685309402108,2.924661842875656,10.595386912475279,10.177395973715894,2.91685309402108,2.924661842875656,40.619765494137354,40.13377926421405,-0.11367452144622803,-0.1306825876235962,2.7570396583288997e-05,0.17500000000000002
9,100.51391353639127,103.19142079433071,0.16427117925592802,0.20548868403586257,115.24105160200416,136.42566882487523,2.9168869031334244,2.9302464799338757,11.318501462888477,11.80553911521682,2.9168869031334244,2.9302464799338757,40.619765494137354,40.13377926421405,-0.1107555627822876,-0.11217117309570312,3.326316923375208e-05,0.2
10,102.19350488301697,105.09689075890991,0.2083980582617036,0.20740700092004694,147.7887013497664,153.96989333749215,2.9080603238525904,2.8853034207653443,11.671654428069916,12.320750743649077,2.9080603238525904,2.8853034207653443,40.619765494137354,40.13377926421405,-0.12018227577209473,-0.013834118843078613,4.012655707396759e-05,0.22499999999999998
11,104.03527941935425,106.87208623471467,0.18696480687439343,0.14464942303588957,143.13161363713505,118.68372796610446,2.9147627812933483,3.002823336068603,12.023989960176861,12.335869160782932,2.9147627812933483,3.002823336068603,40.619765494137354,40.13377926421405,-0.12162423133850098,-0.21207773685455322,4.837844730438922e-05,0.25
12,106.32811653993437,103.86338219275841,0.13338953134302717,0.1386537113317279,108.5327255146787,98.21375440514606,2.938440912732327,2.916627016354564,12.42235801767065,11.993920138049685,2.938440912732327,2.916627016354564,40.619765494137354,40.13377926421405,-0.1880427598953247,-0.11902296543121338,5.826685172296986e-05,0.275
13,106.7464918587076,112.04100766389266,0.11786491140548508,0.09115904856186646,89.17457934560089,78.61051267285809,2.903762305002516,3.11404838131423,12.613188662121644,13.046722896920398,2.903762305002516,3.11404838131423,40.619765494137354,40.13377926421405,-0.14569878578186035,-0.32010602951049805,7.006928192300347e-05,0.3
14,106.32235140137537,108.43290771688505,0.11631852672926744,0.1261533679671112,93.40577474111689,103.08150885336376,2.8347688995214364,2.870895929559816,12.735328703070406,13.046929257370557,2.8347688995214364,2.870895929559816,40.619765494137354,40.13377926421405,-0.07901358604431152,-0.08215737342834473,8.408952379742846e-05,0.325
15,106.77110599792583,104.22226112901566,0.10092592659957045,0.060552921794030976,101.13608425785749,88.60233186957828,2.8414980242999155,2.8320056993427087,12.807506110799972,12.33454031290418,2.8414980242999155,2.8320056993427087,40.619765494137354,40.13377926421405,-0.06852030754089355,-0.04496026039123535,0.00010065073863056549,0.35000000000000003
16,108.64431328190432,110.26890773199075,0.07475849320890517,0.09654995427781522,104.86025052733557,123.15426714842934,2.871112470451112,2.8305782506298462,13.098055387461805,13.539778859320293,2.871112470451112,2.8305782506298462,40.619765494137354,40.13377926421405,-0.1233522891998291,0.030466973781585693,0.00012008371910009542,0.375
17,109.04150293500379,110.43513215744376,0.07967440637961105,0.07243784444786633,116.38368774618536,104.89409321048188,2.8071773199979186,2.747220088805642,13.367511600705248,13.827884141418048,2.8071773199979186,2.747220088805642,40.619765494137354,40.13377926421405,-0.0406496524810791,0.03708702325820923,0.00014270921383558732,0.4
18,108.88611657735291,113.61555812669837,0.10059740923507329,0.09143307854898,123.04596303815218,122.27563190779159,2.774155388325702,2.8245642161289584,13.430483564060538,14.227003604672026,2.774155388325702,2.8245642161289584,40.619765494137354,40.13377926421405,-0.03995811939239502,0.04536157846450806,0.0001688136332512095,0.42500000000000004
19,110.85088641040488,110.48284611016213,0.07123580017131777,0.06426244057141818,113.61066737087128,114.33917399632891,2.836135631430289,2.7735800320488155,13.643009971733669,13.758434506164347,2.836135631430289,2.7735800320488155,40.619765494137354,40.13377926421405,-0.07648742198944092,0.10371631383895874,0.0001986182953299768,0.44999999999999996
20,110.53490925953416,110.77960414312356,0.0751912501738898,0.11416290032624402,124.65890495261954,153.18274415695547,2.8126114449109663,2.78939660097843,13.648319094224991,13.757783286946275,2.8126114449109663,2.78939660097843,40.619765494137354,40.13377926421405,-0.06619417667388916,0.0369296669960022,0.0002322437412844814,0.475
21,112.48280960670867,110.54471978535221,0.11649325397645609,0.12863868280597354,156.066800524841,149.19002601853182,2.830257504030288,2.72773006129823,13.974073708756286,13.891979412091615,2.830257504030288,2.72773006129823,40.619765494137354,40.13377926421405,-0.09466946125030518,0.15510934591293335,0.00026967247994862516,0.5
22,112.2526123967003,113.17715719471808,0.11778236335296327,0.08084637111046641,138.46790353337326,114.79466836986734,2.7747766624143972,2.7875697245964637,14.094030923380124,14.249420095845608,2.7747766624143972,2.7875697245964637,40.619765494137354,40.13377926421405,-0.07197141647338867,0.1659645438194275,0.0003107154933535152,0.525
23,113.80480125082198,114.87522132899052,0.0785945210000578,0.10073947702163837,111.35665088442701,121.13437963887601,2.907183633976845,2.9416040401394947,14.01578434667795,14.121483869775881,2.907183633976845,2.9416040401394947,40.619765494137354,40.13377926421405,-0.08470118045806885,-0.049989938735961914,0.00035498935008043036,0.55
24,114.50313850543407,111.98720874595004,0.12486304762075894,0.10353250921171246,129.513992117877,127.51680395834423,2.8147224409496365,2.755258848834596,14.421077146801716,14.10070816728981,2.8147224409496365,2.755258848834596,40.619765494137354,40.13377926421405,-0.059140563011169434,0.1435282826423645,0.00040191102754766046,0.5750000000000001
25,112.44902513973678,116.49646792204484,0.09796318147250356,0.082227233510751,127.95754787630372,121.1799318957887,2.7474136731932113,2.874725135273758,14.216436568217063,14.64774874939169,2.7474136731932113,2.874725135273758,40.619765494137354,40.13377926421405,-0.013139963150024414,-0.018752574920654297,0.0004507158366848345,0.6
26,114.46811646632413,113.45373310612197,0.07933737046804461,0.09527521946757135,117.86680912292583,130.91814409849238,2.7230522892183595,2.7730763747939298,14.696800608930475,14.339357510059573,2.7230522892183595,2.7730763747939298,40.53601340033501,40.13377926421405,-0.009413599967956543,0.058225154876708984,0.0005005,0.625
27,116.08623865022132,118.0271072642859,0.09118674034049962,0.06773140592917949,131.5532271802126,129.7669876251731,2.7350242373531986,2.9106712572550695,14.979459473435803,14.845580254111402,2.7350242373531986,2.9106712572550695,40.619765494137354,40.13377926421405,-0.028334856033325195,0.10268944501876831,0.0005502841633151655,0.65
28,116.1664725835599,116.87537310035731,0.08502735971306237,0.0931636800983279,135.9449731772469,131.93075831996956,2.7922927893985254,2.7946567431740137,14.823122018146355,14.956664008839075,2.7922927893985254,2.7946567431740137,40.619765494137354,40.13377926421405,-0.04757082462310791,0.07245582342147827,0.0005990889724523396,0.675
29,115.1322706085154,120.07536632320952,0.0858959472633686,0.0717138208224622,127.17336698752551,119.2589165933156,2.7067759552193644,2.8416322274351598,14.872515459555876,15.460425316290712,2.7067759552193644,2.8416322274351598,40.619765494137354,40.13377926421405,-0.028520584106445312,0.1426333785057068,0.0006460106499195698,0.7000000000000001
30,115.8722452518329,119.91622016421927,0.07755228307977993,0.094457295028661,128.86718333386497,141.45959411416962,2.751599680039551,2.7461292640022608,14.886348916058564,15.7064351588986,2.751599680039551,2.7461292640022608,40.45226130653266,40.13377926421405,-0.01153421401977539,0.0863649845123291,0.0006902845066464847,0.725
31,116.15719538038499,122.42108470699858,0.07426036923025521,0.09031986975948945,136.06901555404792,141.1687127052741,2.6397407218639177,2.695778926479378,15.277462468874115,16.358168582852468,2.6397407218639177,2.695778926479378,40.36850921273032,40.13377926421405,0.027198493480682373,0.07028740644454956,0.0007313275200513749,0.75
32,116.22129586633525,114.70065057556765,0.08825304818462887,0.065690188478666,142.55551311039247,129.1306891808143,2.6667034865623744,2.6228762063693045,15.204579958763953,15.03851034808717,2.6667034865623744,2.6228762063693045,40.36850921273032,39.79933110367893,0.04999065399169922,0.1973356008529663,0.0007687562587155186,0.775
33,116.58607509747222,116.73672051573278,0.08768866651721137,0.08493589901405832,147.04232238565058,156.10980857415342,2.608251580441218,2.7621359920820665,15.451325601868493,15.01889740105058,2.608251580441218,2.7621359920820665,40.53601340033501,40.13377926421405,0.06661379337310791,0.14451801776885986,0.0008023817046700233,0.8
34,118.98174091639432,122.78082530554322,0.08812081288402804,0.08119803557427831,157.61765408156506,150.7294555970259,2.7271988591556773,2.7076688506531474,15.570893870725904,16.391831439474355,2.7271988591556773,2.7076688506531474,40.53601340033501,40.13377926421405,0.007886648178100586,0.08856511116027832,0.0008321863667487907,0.8250000000000001
35,117.54778119826835,114.96485895775632,0.06951595032884048,0.06812709358125227,144.296349760276,148.5662984688545,2.609677132250276,2.786886884217278,15.641852246257328,14.593183785377937,2.609677132250276,2.786886884217278,40.45226130653266,39.79933110367893,0.07164883613586426,0.1343342661857605,0.0008582907861644128,0.8500000000000001
36,117.99375920639166,121.99867728242906,0.08338591521309449,0.08099317423575698,152.91368325391608,154.1881684778526,2.6380886380596578,2.7267956422722857,15.640867904203022,16.175983751099245,2.6380886380596578,2.7267956422722857,40.53601340033501,40.13377926421405,0.07933974266052246,0.07427829504013062,0.0008809162808999045,0.875
37,118.15387278545641,119.54635313920751,0.06694696416806935,0.07374339301550269,144.74709098982052,147.99710914841464,2.6531889762111645,2.7419535148901284,15.63175386400079,15.642011272468695,2.6531889762111645,2.7419535148901284,40.28475711892797,40.13377926421405,0.03403681516647339,0.16423755884170532,0.0009003492613694345,0.8999999999999999
38,118.45596602294513,119.91109833988457,0.07519832284656201,0.07186569031764034,144.73484275728416,137.84744640337584,2.685805109477722,2.635211441429164,15.59219611949058,16.03693298990511,2.685805109477722,2.635211441429164,40.53601340033501,40.13377926421405,0.02294975519180298,0.17968618869781494,0.0009169104762025716,0.925
39,118.26465142791595,119.81997226472683,0.07515639827978271,0.06401815571912554,145.09617525289207,148.74829407758935,2.6312089110139625,2.7455240260797202,15.71725749490249,15.686923323666372,2.6312089110139625,2.7455240260797202,40.36850921273032,39.79933110367893,0.0834539532661438,0.08422863483428955,0.0009309307180769967,0.95
40,117.9728142819812,123.5330098895325,0.0658338538166666,0.0899937019798668,153.5149208720605,163.98542943846024,2.610825170823677,2.868133790516933,15.71997554657647,16.053283267196605,2.610825170823677,2.868133790516933,40.36850921273032,40.13377926421405,0.0782734751701355,-0.05870795249938965,0.0009427331482770302,0.9750000000000001
41,117.70014859044572,121.38895229990267,0.07029826406208514,0.07657057335942884,150.16989010502544,155.84753428175298,2.5804741306720267,2.818712161934894,15.755936723258626,15.776647271121226,2.5804741306720267,2.818712161934894,40.20100502512563,39.79933110367893,0.10830092430114746,-0.014594435691833496,0.0009526215526956109,1.0
42,118.75779864696203,123.24271750051442,0.07073849926342317,0.08842764742498015,146.81519017307403,153.50039126801252,2.627508050432956,2.924591664885199,15.826673252099322,15.827584014688448,2.627508050432956,2.924591664885199,40.28475711892797,39.79933110367893,0.06200897693634033,-0.12928354740142822,0.0009608734429260324,1.025
43,118.1162303624241,121.53935086049364,0.074539550459964,0.05903081148613656,146.37033694473342,132.834281181412,2.5941782716530652,2.5578317123910654,15.797473936224703,16.596859380154307,2.5941782716530652,2.5578317123910654,39.949748743718594,39.79933110367893,0.06623613834381104,0.17136824131011963,0.0009677368307662479,1.05
44,120.31242746324395,118.8719552336728,0.07181741702846146,0.0728118479202025,144.65027632465714,143.54872151760753,2.6536366152803303,2.595748136673484,16.059050724534334,15.944637678139983,2.6536366152803303,2.595748136673484,40.28475711892797,39.79933110367893,0.03523057699203491,0.19325554370880127,0.000973429603416711,1.075
45,119.34512289484941,121.0776101306928,0.06872608392831668,0.06628389364999274,142.29094032786,145.05083386475425,2.582598536457848,2.716152138534597,16.079647284656314,16.025432934330457,2.582598536457848,2.716152138534597,40.20100502512563,39.79933110367893,0.09873837232589722,0.15259462594985962,0.0009781406103348057,1.1
46,120.40216392887697,120.66871247562676,0.06611535011773532,0.07423367650313521,147.3713201781613,155.68412699109336,2.6633759363612137,2.6742845753762237,16.04813717597693,16.065464641736902,2.6633759363612137,2.6742845753762237,40.03350083752093,39.79933110367893,0.07410484552383423,0.12280279397964478,0.0009820317762478706,1.125
47,120.20052042438756,123.21614875921038,0.06709291421538421,0.06548252562216691,145.33766215210983,142.448759251215,2.55465670207038,2.6827985626399315,16.334076649779252,16.553668012587124,2.55465670207038,2.6827985626399315,40.03350083752093,39.79933110367893,0.10797280073165894,0.09190469980239868,0.0009852407423384202,1.1500000000000001
48,119.83334815761752,125.12656747058881,0.0668573452025602,0.0657627490601412,145.20765588910535,146.68214273612236,2.5930418836411517,2.667428885016553,16.145482716648225,16.980893521005893,2.5930418836411517,2.667428885016553,40.20100502512563,39.79933110367893,0.09765493869781494,0.09058719873428345,0.00098788369345071,1.1749999999999998
49,121.50439555361443,121.73012626928629,0.06655676188680594,0.06785239877310087,153.92653317347643,156.7687337103496,2.577059887561766,2.6630968106630255,16.52590851807714,16.31212270219988,2.577059887561766,2.6630968106630255,40.117252931323286,39.79933110367893,0.11184847354888916,0.107028067111969,0.0009900581499349627,1.2
50,119.87412605732929,121.21066595479398,0.06353570582030008,0.06826413908730382,158.7868568509867,164.28638501629783,2.586162023208848,2.7021842329797137,16.172133488870745,16.089337926245854,2.586162023208848,2.7021842329797137,40.28475711892797,39.79933110367893,0.08440262079238892,0.135065495967865,0.0009918455914179935,1.225
51,121.34940357304099,122.47199848902265,0.06425346837221478,0.06268238521688758,157.64982157696033,154.91836098763457,2.6349162352544377,2.8196166095925017,16.32075167900354,15.992029276181224,2.6349162352544377,2.8196166095925017,40.20100502512563,39.46488294314381,0.045849502086639404,0.12408721446990967,0.001,1.25
52,121.07886082123672,120.72734212715889,0.06317813729421178,0.06634292569646867,151.1161867330222,151.17769926447534,2.6250972048920804,2.7859871004736143,16.29762195222941,15.744002890826069,2.6250972048920804,2.7859871004736143,39.949748743718594,39.46488294314381,0.07542777061462402,0.13938361406326294,0.001,1.275
53,121.62609104175664,112.93539267957809,0.06493899838334352,0.05840232820066321,145.36377924371206,141.37084328131533,2.5969789128008,2.61953761824796,16.492220282754307,14.688510645990787,2.5969789128008,2.61953761824796,40.20100502512563,39.46488294314381,0.09902012348175049,0.1849755048751831,0.001,1.3
54,119.98090646254957,120.25321485844744,0.060336768127965366,0.07080121440532613,144.6239448176756,154.93543843042892,2.5711445321190096,2.7425424941008707,16.24175497275501,15.77786838250814,2.5711445321190096,2.7425424941008707,40.03350083752093,39.130434782608695,0.10553401708602905,0.1085239052772522,0.001,1.3250000000000002
55,122.75936312012537,120.24825416998719,0.06737261960654203,0.05902325388131333,150.78251681176062,144.3756500550337,2.569478359653722,2.566847896097496,16.799806991014847,16.308427415165216,2.569478359653722,2.566847896097496,39.7822445561139,39.130434782608695,0.10714709758758545,0.20598244667053223,0.001,1.35
56,121.6759196270251,124.13421447141513,0.06466973602921519,0.06903540303176861,154.37317794211944,158.9891268114581,2.5493617648854725,2.6071670007546213,16.643289847190257,16.959736753865627,2.5493617648854725,2.6071670007546213,40.117252931323286,39.46488294314381,0.1311820149421692,0.1382649540901184,0.001,1.375
57,122.46487559665188,120.90826824277539,0.06156396771620466,0.058445406274053965,155.85174473645898,155.7486807016226,2.4928993455928374,2.56844648150696,16.970793987638388,16.433475379561102,2.4928993455928374,2.56844648150696,39.7822445561139,39.46488294314381,0.1282828450202942,0.18306851387023926,0.001,1.4000000000000001
58,121.07474898653014,122.00478748334291,0.06283683337308654,0.0609689664008426,163.16437989303614,163.47790522240476,2.5428821792953977,2.5416213445440183,16.54110295089645,16.7312047058922,2.5428821792953977,2.5416213445440183,39.7822445561139,39.46488294314381,0.13528144359588623,0.20867133140563965,0.001,1.4249999999999998
59,120.61430059845124,123.97611279950094,0.06141806138021064,0.06356729886005555,164.5494768919058,166.70750080223468,2.436680539768545,2.6807721849269295,16.767625048332278,16.706851053397394,2.436680539768545,2.6807721849269295,39.698492462311556,39.46488294314381,0.17314743995666504,0.057082951068878174,0.001,1.45
60,121.54402699941767,119.8037126215804,0.05884840328814197,0.0637386355013353,163.3254296384265,166.3493597738719,2.5045359410233234,2.5666844485994167,16.750762797280572,16.21467222258399,2.5045359410233234,2.5666844485994167,39.86599664991625,39.130434782608695,0.13934332132339478,0.18483209609985352,0.001,1.4749999999999999
61,121.62495446644436,121.24086177149744,0.060565840271948966,0.0625600681755455,163.84427130362096,167.27074485957422,2.481507990627832,2.7017251081689944,16.835584745934263,16.09703031750427,2.481507990627832,2.7017251081689944,39.53098827470687,39.130434782608695,0.15323543548583984,0.09918159246444702,0.001,1.5
62,122.36207611237339,122.02354002477334,0.06044891294422661,0.0652528738347583,164.39266142214163,170.19042973853274,2.5090840118414595,2.6698778457067482,16.90019496681303,16.34798606821526,2.5090840118414595,2.6698778457067482,39.61474036850921,39.130434782608695,0.129686176776886,0.0852096676826477,0.001,1.525
63,120.85571680116892,125.13524706786293,0.05876224720148585,0.055090165208015955,166.7619293059536,165.03632903338277,2.4808892964118687,2.5136537280768456,16.68337055826107,17.44206234284468,2.4808892964118687,2.5136537280768456,39.27973199329983,39.130434782608695,0.1439744234085083,0.19226312637329102,0.001,1.55
64,121.71274836299008,122.63395675608147,0.059066105858614694,0.058998794920966775,169.27301741045724,168.87784038020615,2.4820534963304275,2.5744351359912785,16.85072143593026,16.75791075397096,2.4820534963304275,2.5744351359912785,39.61474036850921,39.46488294314381,0.159420907497406,0.15941184759140015,0.001,1.575
65,122.73946703937985,127.58706501734297,0.05571569102368563,0.06092321284638599,167.91600453234597,172.47029705749307,2.523071827800629,2.7052543561992834,16.93395207595186,17.354971037261862,2.523071827800629,2.7052543561992834,39.27973199329983,39.130434782608695,0.1315261721611023,0.07463669776916504,0.001,1.6
66,123.44314317048295,119.44691643348106,0.05788504761617188,0.05733153063268167,170.8453573357919,167.97049419696515,2.4834608440622814,2.6228739872425297,17.19249996747603,15.975701223647714,2.4834608440622814,2.6228739872425297,39.36348408710218,39.130434782608695,0.129156231880188,0.13158392906188965,0.001,1.625
67,120.83405594050984,127.55498961381689,0.05681941633922371,0.05803245282342601,170.17584867493392,171.75883198103378,2.416827962626165,2.6224455482584976,16.870928053480498,17.597702287909975,2.416827962626165,2.6224455482584976,39.19597989949749,39.130434782608695,0.1905527114868164,0.15364718437194824,0.001,1.6500000000000001
68,122.93248010120999,125.96880924901038,0.055808507349073784,0.06068237285350876,168.29794513440413,171.60680744081836,2.485785043419306,2.71316817532415,17.08431999487693,17.00779988853429,2.485785043419306,2.71316817532415,39.028475711892796,39.46488294314381,0.1566939353942871,0.03725552558898926,0.001,1.675
69,123.38480677516816,124.1960978428257,0.05638441386659141,0.05332820775317508,169.19019684400192,164.70940692608173,2.511211982324495,2.5805316051113167,17.098210738931268,17.054017790982556,2.511211982324495,2.5805316051113167,39.27973199329983,39.46488294314381,0.13007229566574097,0.1375475525856018,0.001,1.7000000000000002
70,122.50671959242828,125.69769200353718,0.056016672589820835,0.05554440603856259,168.86418343548797,168.28831201253527,2.482721898623647,2.585542261799841,17.008202273242638,17.338144592616867,2.482721898623647,2.585542261799841,39.36348408710218,39.46488294314381,0.14046961069107056,0.15050572156906128,0.001,1.7249999999999999
71,121.10061246785686,122.97676841710323,0.05186098199368921,0.05819799453269279,168.1417907765962,179.02861967054898,2.4216332291837914,2.6611494563495035,16.91122205213486,16.564460106916652,2.4216332291837914,2.6611494563495035,38.77721943048576,38.79598662207358,0.1772679090499878,0.0976530909538269,0.001,1.75
72,123.65653466459494,124.26385008132577,0.056078753909922924,0.053798464142458896,177.58968175635664,175.73229505864273,2.4533455168182527,2.573961457281208,17.324536635049025,17.084979912110395,2.4533455168182527,2.573961457281208,38.860971524288104,39.130434782608695,0.17206203937530518,0.16750073432922363,0.001,1.775
73,123.23295183037993,127.37277813659463,0.053841467410126326,0.05723851175362051,179.3039963049705,183.6367863173469,2.491029230993197,2.6423434062945006,17.126873219232863,17.49935063709782,2.491029230993197,2.6423434062945006,38.860971524288104,39.130434782608695,0.1362370252609253,0.08939409255981445,0.001,1.7999999999999998
74,122.27541707867952,122.99929794260491,0.05398567409646172,0.05462843036422363,181.75592322165843,184.74359044103718,2.449990907905489,2.589455075088552,17.057962312171206,16.783619108806086,2.449990907905489,2.589455075088552,38.358458961474035,38.79598662207358,0.17690914869308472,0.13450515270233154,0.001,1.825
75,122.5036189655962,124.75353580334513,0.0531808860362874,0.053448449882575896,183.66582681984957,183.94434175523227,2.465340834766177,2.60453643687194,17.05733206923084,17.089618249083045,2.465340834766177,2.60453643687194,38.77721943048576,38.79598662207358,0.13702154159545898,0.13017815351486206,0.001,1.85
76,122.24551371154274,124.87814948550833,0.05213774448663146,0.0508176979412602,184.6946332921934,181.24701019593306,2.39662653237731,2.565926393138924,17.21185686121035,17.23143791913189,2.39662653237731,2.565926393138924,38.44221105527638,38.79598662207358,0.20967769622802734,0.15448611974716187,0.001,1.875
77,122.57251820013151,120.44355947437094,0.051441252612238954,0.05506003793814908,182.8062290977593,187.3835021054067,2.4471297048444125,2.604251419022729,17.126264418788892,16.227470263988277,2.4471297048444125,2.604251419022729,38.358458961474035,39.130434782608695,0.17603522539138794,0.17197489738464355,0.001,1.9
78,121.97512960513832,125.27716360443013,0.05079306514194263,0.04997945509626714,182.99419179433954,181.68422946483395,2.3802813664952316,2.627951927408327,17.207424179792802,17.12524332729072,2.3802813664952316,2.627951927408327,38.19095477386934,38.79598662207358,0.21207523345947266,0.10857820510864258,0.001,1.925
79,123.02298244559385,125.65256530863785,0.05006065111064432,0.05094294530342654,182.3427031755048,182.2923796790898,2.4457644453799503,2.584517549910274,17.22082274643021,17.33031304464691,2.4457644453799503,2.584517549910274,38.274706867671696,38.79598662207358,0.17548751831054688,0.12696772813796997,0.001,1.9500000000000002
80,122.12326098366998,124.03391885916923,0.04904149093944423,0.04979636368145512,182.43968451162877,182.96195177569436,2.40730688520013,2.5699636936187744,17.15643523965449,17.05034067798219,2.40730688520013,2.5699636936187744,37.93969849246231,39.130434782608695,0.18788236379623413,0.15326714515686035,0.001,1.975
81,122.80659364735462,123.06592863459252,0.04839921823173911,0.04793219963543391,184.43119965366384,184.9235085069535,2.4205013819076306,2.5907254410427947,17.253248550185006,16.794438441860237,2.4205013819076306,2.5907254410427947,38.107202680067005,39.130434782608695,0.1941964030265808,0.18242716789245605,0.001,2.0
82,123.65964031379227,123.85170740746335,0.04771351563421326,0.04907153895666767,185.67965616453034,188.55994346389005,2.411719699600833,2.5923753917017907,17.4500901495392,16.94568808182426,2.411719699600833,2.5923753917017907,37.85594639865997,39.130434782608695,0.17150241136550903,0.15127980709075928,0.001,2.0250000000000004
83,123.07492074375376,122.96500457967802,0.048668958527508695,0.04914620374158075,187.63009203937983,188.13234192711056,2.4269049710764157,2.543435204387907,17.287009531529105,16.91524028140167,2.4269049710764157,2.543435204387907,38.52596314907873,39.130434782608695,0.1822727918624878,0.1792762279510498,0.001,2.05
84,121.94156714460159,127.1235830249595,0.04700409239735236,0.04845295078977693,188.62221127099528,189.32462925735524,2.3406868583992297,2.681924622194424,17.319127972601247,17.331387168986343,2.3406868583992297,2.681924622194424,37.77219430485762,38.46153846153847,0.24391686916351318,0.06466233730316162,0.001,2.0749999999999997
85,122.83505709087429,122.66873750718541,0.04719854980532448,0.0466638847338316,190.7283072160117,192.76717705870152,2.413007914321107,2.504181430491317,17.280401926344165,16.973315982116905,2.413007914321107,2.504181430491317,37.85594639865997,39.130434782608695,0.17658060789108276,0.204151451587677,0.001,2.1
86,122.07783298716073,122.40903738270636,0.045539836912498605,0.04881238617177392,190.38394512642967,193.02258438569646,2.3745226356851394,2.6534075210724386,17.244814451016374,16.473217862106885,2.3745226356851394,2.6534075210724386,37.77219430485762,38.79598662207358,0.21501171588897705,0.11035871505737305,0.001,2.125
87,122.84569239017353,123.03513175428512,0.04479259406052642,0.042975880579406205,189.4032021016132,185.6510475694535,2.4316140047868893,2.5208853471239276,17.227457378777228,16.998645371019244,2.4316140047868893,2.5208853471239276,37.52093802345058,39.130434782608695,0.1786963939666748,0.20435887575149536,0.001,2.15
88,120.67272167109964,130.12902127779446,0.04620837607425661,0.0477578216372525,191.14417329465525,190.9670091201629,2.358846538629963,2.750028286490552,17.010534152313692,17.72797540517954,2.358846538629963,2.750028286490552,37.60469011725293,38.79598662207358,0.2405637502670288,0.01622241735458374,0.001,2.175
89,122.36232247664101,122.95586686150286,0.044394377369427404,0.04615755979731729,188.69941698646227,191.37743385340457,2.3963062196121343,2.6302233802833683,17.23692734237492,16.652996152539714,2.3963062196121343,2.6302233802833683,37.3534338358459,38.46153846153847,0.20066773891448975,0.1444777250289917,0.001,2.2
90,122.44670130539579,125.2809569700107,0.044632532039479395,0.04222749620925224,190.81558281213194,188.94320091834436,2.398613863055231,2.5569897734600566,17.246409599904837,17.338987781052605,2.398613863055231,2.5569897734600566,37.68844221105528,38.79598662207358,0.20626294612884521,0.16813021898269653,0.001,2.225
91,122.0391320463401,123.26924311915369,0.04332380137176969,0.0461362124635623,191.43337067008218,192.4178243783804,2.3522301179480114,2.621532104485808,17.30418460852337,16.741541980501,2.3522301179480114,2.621532104485808,37.26968174204355,38.79598662207358,0.2249293327331543,0.13077253103256226,0.001,2.25
92,123.72587631455617,122.42155451439695,0.04347986247471629,0.04492413429512228,191.09326161651356,194.25524453255645,2.3913732868942184,2.5543642697924356,17.524140797268405,16.773381989137782,2.3913732868942184,2.5543642697924356,37.018425460636514,38.46153846153847,0.20752876996994019,0.17172390222549438,0.001,2.275
93,121.27725638895977,120.42700519370395,0.04375926927480865,0.04297655159264903,194.21381256768052,194.31947566514032,2.3339381395672234,2.5825629465556066,17.206042118807336,16.290252851403277,2.3339381395672234,2.5825629465556066,37.437185929648244,37.45819397993311,0.23066365718841553,0.18584614992141724,0.001,2.3000000000000003
94,122.06521771301576,125.2228748997717,0.042394748391268444,0.04271800112116297,194.4497406414805,193.5150735402187,2.3525401978836187,2.594593477887055,17.30805362528892,17.21354776082629,2.3525401978836187,2.594593477887055,36.767169179229484,38.46153846153847,0.24327468872070312,0.13993191719055176,0.001,2.325
95,122.34734439051131,125.50781040765769,0.041027845293782665,0.04261603615056711,193.31571306135987,198.16233141844887,2.3779580892629957,2.6268366164587014,17.288726349771522,17.172895447466285,2.3779580892629957,2.6268366164587014,36.097152428810716,38.46153846153847,0.20764374732971191,0.13805162906646729,0.001,2.3499999999999996
96,121.84127342441373,125.30608441917394,0.04187673261666817,0.041936029409086424,198.9241408918371,199.10891815491743,2.352732687739272,2.566634924515434,17.26189654556351,17.313102438298355,2.352732687739272,2.566634924515434,37.26968174204355,38.46153846153847,0.22194606065750122,0.1694909930229187,0.001,2.375
97,123.82658194537139,123.04138295865776,0.041316289991340044,0.04298840418308475,200.3308354670079,202.7556900994036,2.3873161890199235,2.6183605855922636,17.555038452148438,16.704045984657313,2.3873161890199235,2.6183605855922636,36.59966499162479,37.79264214046823,0.21663188934326172,0.13258808851242065,0.001,2.4
98,123.32463183634644,123.94632315236989,0.04069860979066023,0.04164635611816393,199.82783229706476,198.62136039606304,2.422261267650866,2.599412080037554,17.350037423010846,16.94297472529587,2.422261267650866,2.599412080037554,36.348408710217754,38.46153846153847,0.19788289070129395,0.1460639238357544,0.001,2.425
99,123.07655996453622,123.79585100256878,0.04085112505372445,0.040911432928763904,199.50398328515953,200.75627978270668,2.336841847629004,2.546460978562218,17.556715618625557,17.071453732391664,2.336841847629004,2.546460978562218,36.01340033500838,37.79264214046823,0.21972447633743286,0.18479269742965698,0.001,2.45
100,121.81728407765553,122.89911598026951,0.03991254962593866,0.04093412858088279,200.3806356049862,200.55945620329484,2.278780567386442,2.5682298435415314,17.479056465366178,16.826834238492527,2.278780567386442,2.5682298435415314,35.5108877721943,36.45484949832776,0.26329725980758667,0.18450933694839478,0.001,2.475
101,123.55844816530569,124.14122774768434,0.0403064770789402,0.041961061790037314,200.07610429671143,202.22627850280557,2.377520520084068,2.621140640316201,17.531051629352408,16.91598543913468,2.377520520084068,2.621140640316201,36.097152428810716,38.12709030100335,0.2142229676246643,0.11647385358810425,0.001,2.5
102,121.39846290575599,124.51679461935292,0.03976930419554064,0.0401811553009577,201.53069322033343,200.7825831792825,2.3114702473932773,2.599735551853244,17.29702165338462,17.055958846739703,2.3114702473932773,2.599735551853244,35.845896147403685,36.12040133779264,0.23723363876342773,0.16594231128692627,0.001,2.5
103,121.17915280340505,124.55473529216039,0.039759790883641344,0.041299952075732595,200.56746498504077,202.15627653702447,2.3182619923922285,2.627123742597956,17.23297899012989,16.980885148447094,2.3182619923922285,2.627123742597956,35.76214405360134,36.45484949832776,0.2508010268211365,0.1148267388343811,0.001,2.5
104,122.6801125607898,124.38870126985786,0.03995142215036068,0.038071344541167736,201.70836119276396,198.96653512807993,2.326429134637267,2.5592073517100866,17.50840321258085,17.152710802977698,2.326429134637267,2.5592073517100866,35.76214405360134,37.79264214046823,0.230116069316864,0.16918140649795532,0.001,2.5
105,122.29541915305695,125.29217312407732,0.03758286502543007,0.0399427827460112,200.23496638670238,203.39600068669654,2.3283690591553348,2.6041218875642604,17.426412374729686,17.19740160173397,2.3283690591553348,2.6041218875642604,35.00837520938023,36.78929765886287,0.239815354347229,0.1370266079902649,0.001,2.5
106,122.65945567477688,125.36946394292009,0.039079692258407524,0.038279435270307055,202.93290344953937,202.2143108151031,2.309489520550573,2.5808119869551134,17.555019825946545,17.28335784669704,2.309489520550573,2.5808119869551134,35.76214405360134,37.45819397993311,0.24304324388504028,0.16704851388931274,0.001,2.5
107,121.60314946518072,123.66596484742436,0.03653681866038385,0.03816001069884635,201.86953022252376,203.95883357325525,2.282376868840638,2.594596368413306,17.425818326684897,16.900980298734428,2.282376868840638,2.594596368413306,35.09212730318258,33.44481605351171,0.2651327848434448,0.1484072208404541,0.001,2.5
108,123.47693245534721,126.89684997354463,0.037845379418663845,0.03893711688277315,204.0544649568235,204.8796268833122,2.378707312659003,2.6665608970616574,17.510884438327807,17.330923625856737,2.378707312659003,2.6665608970616574,35.25963149078727,34.78260869565217,0.2190241813659668,0.08335870504379272,0.001,2.5
109,122.49850658116428,125.0220236379566,0.037436227141013696,0.03749335341678814,204.42462229768634,204.44330119767716,2.3391086220541593,2.562597097760459,17.43400308554696,17.268226023900468,2.3391086220541593,2.562597097760459,34.58961474036851,34.11371237458194,0.2236011028289795,0.18196165561676025,0.001,2.5
110,121.37488281147763,125.61578654923966,0.03637997884696453,0.03761619184926202,203.28142201281472,203.79490830029133,2.254311709747442,2.6149509798324226,17.464108861670823,17.230022695152257,2.254311709747442,2.6149509798324226,34.7571189279732,35.11705685618729,0.2775450348854065,0.1337088942527771,0.001,2.5
111,122.95099651394177,124.66841911392467,0.03689585587437229,0.03768138349504774,204.06130030646395,204.80592177783367,2.3459492336765204,2.6027581811349925,17.504160179764384,17.07691266624425,2.3459492336765204,2.6027581811349925,34.505862646566165,34.78260869565217,0.24429559707641602,0.1316545605659485,0.001,2.5
112,121.5810441315873,125.30208873429825,0.036235872088265376,0.036610311015593165,204.38702967658114,204.68827084952773,2.292740154905335,2.5770849655304464,17.389864068534507,17.280902990130677,2.292740154905335,2.5770849655304464,34.25460636515913,34.448160535117054,0.2537301182746887,0.15494060516357422,0.001,2.5
113,123.29082086457679,124.20678578252378,0.035882770353725404,0.037422556455019726,204.67425539665285,206.68152523997637,2.2773060654875024,2.5854029775064524,17.778134665497184,17.03632715792959,2.2773060654875024,2.5854029775064524,34.92462311557789,33.11036789297659,0.2732073664665222,0.143684983253479,0.001,2.5
114,124.1329818291081,125.06026262264187,0.036462836335701757,0.03658421674001974,206.14764084807993,205.6617010110198,2.4146592273584364,2.5787298169024413,17.534096591636363,17.227413136026133,2.4146592273584364,2.5787298169024413,34.25460636515913,33.77926421404682,0.1944636106491089,0.14851301908493042,0.001,2.5
115,121.99638399926063,124.66072266237393,0.03506918338874676,0.035656387852286815,204.64564887323172,204.9317184499275,2.3087645874949954,2.5850320380666982,17.425040035790932,17.128930774420798,2.3087645874949954,2.5850320380666982,33.835845896147404,33.44481605351171,0.24941599369049072,0.14812058210372925,0.001,2.5
116,122.38468621284319,124.5548318716196,0.03500477784941943,0.036197853489564016,204.79432657775368,205.60848054917759,2.3253305533423494,2.5749370238454046,17.4529859648278,17.137793891804673,2.3253305533423494,2.5749370238454046,33.584589614740366,33.11036789297659,0.2504120469093323,0.15106117725372314,0.001,2.5
117,122.6782375316524,125.72242823572063,0.03520942257227411,0.03572698125621945,205.37159746895284,205.82709709856422,2.3148204102188696,2.6081029037169388,17.54307017653831,17.27186571395517,2.3148204102188696,2.6081029037169388,33.66834170854271,33.11036789297659,0.24874556064605713,0.12487286329269409,0.001,2.5
118,123.64072713420619,124.68661958318091,0.03436813032382497,0.035403373498581726,204.7032355175945,205.3983857528023,2.3837939367022747,2.603172579736614,17.528949088986394,17.079646037175106,2.3837939367022747,2.603172579736614,33.584589614740366,33.11036789297659,0.20564115047454834,0.13202548027038574,0.001,2.5
119,122.0676854834884,124.43565822843723,0.0347824153651045,0.035858954499198445,205.31045373760077,206.06012315016525,2.312741815544652,2.597986585719131,17.427293240724495,17.044787907680142,2.312741815544652,2.597986585719131,33.24958123953099,33.11036789297659,0.24343091249465942,0.13799822330474854,0.001,2.5
120,122.54909879598186,124.78599885155923,0.03468341219989299,0.0352090754636554,205.24487465709896,205.60127834970737,2.2977954973926895,2.5836356164619674,17.568447582685767,17.158130400156896,2.2977954973926895,2.5836356164619674,33.41708542713568,33.11036789297659,0.2534281015396118,0.14636480808258057,0.001,2.5
121,122.99543923229429,125.0510979081476,0.03439504270702351,0.035445429696187525,205.33577070124386,206.29192941723062,2.325981087421053,2.6090999726069013,17.573198481420775,17.13457186644691,2.325981087421053,2.6090999726069013,33.584589614740366,33.11036789297659,0.234444260597229,0.13394147157669067,0.001,2.5
122,124.46598874703923,124.35008678627652,0.03440262903919571,0.035056239074986915,205.88307609110822,206.5321840011954,2.3495330467096327,2.583315641186309,17.796541408877477,17.071754238677265,2.3495330467096327,2.583315641186309,33.41708542713568,33.44481605351171,0.23059433698654175,0.14822924137115479,0.001,2.5
123,122.42415852762348,124.92472900594755,0.03400841825197091,0.03468602059726731,206.3586224119867,207.25892970872962,2.3237145222611164,2.5893080928253887,17.46561465271354,17.168632335088724,2.3237145222611164,2.5893080928253887,32.747068676716914,32.77591973244147,0.2532663941383362,0.1475355625152588,0.001,2.5
124,122.98096482677875,125.35311256842469,0.033731518753209906,0.03453546110852108,206.83356750590517,207.44948019072365,2.297538102771369,2.600397346011771,17.65546576022303,17.221032745463393,2.297538102771369,2.600397346011771,33.41708542713568,33.11036789297659,0.2541707158088684,0.13923591375350952,0.001,2.5
125,121.57065897930407,125.31724749919164,0.03374574625462144,0.034695134837691204,207.13845927431754,207.9842340986067,2.2966243721532265,2.6043904258255974,17.37608142194636,17.201742210515764,2.2966243721532265,2.6043904258255974,33.91959798994975,33.11036789297659,0.27973586320877075,0.1342594027519226,0.001,2.5
126,122.27116588292209,124.31794532086937,0.03365812667799954,0.034258615125880194,207.25952058980613,207.7269876027187,2.277281037127752,2.5910506073049078,17.57420641133933,17.042040120000426,2.277281037127752,2.5910506073049078,33.584589614740366,32.77591973244147,0.2747538685798645,0.14983367919921875,0.001,2.5
127,123.68961481193402,125.26170711453543,0.03334858968005308,0.03433909024233404,207.1466563366965,207.78009451671588,2.3065845183591347,2.6083129656354718,17.770069897074993,17.178979149630237,2.3065845183591347,2.6083129656354718,33.66834170854271,32.77591973244147,0.251503586769104,0.12979459762573242,0.001,2.5
128,123.40688555284561,124.79766838048214,0.03358060685009812,0.03445839282611142,207.56181447909304,208.57183664379312,2.3427727334263735,2.598219139520141,17.604830289805555,17.116270371504054,2.3427727334263735,2.598219139520141,33.584589614740366,32.77591973244147,0.23178142309188843,0.13202601671218872,0.001,2.5
129,123.33175599115778,125.04472573066634,0.03346576561630271,0.034069364223890876,208.0811376779323,208.48726962800808,2.313891412824442,2.589602399430546,17.67636772296337,17.191627311068633,2.313891412824442,2.589602399430546,33.0820770519263,33.11036789297659,0.24998068809509277,0.1497114896774292,0.001,2.5
130,121.90808713775584,124.95978959507767,0.03308408015986383,0.03389366185386045,207.962939596256,208.64486184008544,2.2847923186156818,2.589464442785767,17.479031136287517,17.175056211924474,2.2847923186156818,2.589464442785767,33.41708542713568,32.441471571906355,0.2699809670448303,0.14059162139892578,0.001,2.5
131,121.91195888295645,124.79083629595397,0.032998696131822054,0.03386006584035912,208.2326216450089,208.9070667279604,2.305131679403922,2.6095588055741428,17.418750734185455,17.080938192514274,2.305131679403922,2.6095588055741428,33.50083752093803,33.77926421404682,0.256436288356781,0.1284053921699524,0.001,2.5
132,122.88576466673783,124.89600673407615,0.03298439881709752,0.03388341386681017,208.62283910498945,209.49776645009732,2.296490388499632,2.6205539886768046,17.63936008600334,17.06886260565308,2.296490388499632,2.6205539886768046,32.914572864321606,33.11036789297659,0.2553281784057617,0.11571139097213745,0.001,2.5
133,124.20952870737968,125.01503404087845,0.0329683864585918,0.03378552422675002,209.03786354767817,209.57336400264882,2.371316981675038,2.602349249415573,17.679553595819264,17.147287014734786,2.371316981675038,2.602349249415573,32.914572864321606,33.11036789297659,0.21447604894638062,0.13229280710220337,0.001,2.5
134,124.31706189230658,124.40675369313728,0.03283222139480725,0.03361385997172981,208.9625424076764,209.47585778890246,2.361892049236713,2.5903627601355614,17.72937734722093,17.06164384286938,2.361892049236713,2.5903627601355614,32.83082077051927,33.11036789297659,0.21389925479888916,0.14041811227798462,0.001,2.5
135,122.63670036021988,124.88931825567647,0.032749173934984846,0.03358121142788077,209.03201874137125,209.76827625287416,2.2885502439048424,2.5920351803502113,17.613332716464196,17.153088627052945,2.2885502439048424,2.5920351803502113,33.24958123953099,32.441471571906355,0.24707430601119995,0.14185523986816406,0.001,2.5
136,122.65372197392398,124.98414167831574,0.03279335836769149,0.03363315069605674,209.37378164831318,210.0717176864777,2.2744761739344255,2.601807372625855,17.658882946225265,17.142664839192776,2.2744761739344255,2.601807372625855,32.83082077051927,32.77591973244147,0.2716577649116516,0.1392456293106079,0.001,2.5
137,122.07525256490787,125.57726244463969,0.0327157137550451,0.0335770643574737,209.4758634072053,210.00125724256637,2.262331615940011,2.607816649121186,17.579617156854628,17.243286104106584,2.262331615940011,2.607816649121186,32.83082077051927,32.77591973244147,0.25790536403656006,0.14014923572540283,0.001,2.5
138,123.33541054781557,125.67648769621067,0.03270632734949665,0.033528898845747564,209.4014815645202,209.8961418942863,2.320404632606698,2.5954341816662945,17.657446939541867,17.300309503357546,2.320404632606698,2.5954341816662945,33.165829145728644,32.441471571906355,0.23467254638671875,0.13784682750701904,0.001,2.5
139,122.41288974576659,125.18057842956338,0.03259398735797585,0.033393549679912454,209.2306519577052,209.76308933628044,2.2828995706248323,2.6051234664725618,17.58551457339595,17.17211421277611,2.2828995706248323,2.6051234664725618,32.99832495812395,32.77591973244147,0.2853390574455261,0.1361141800880432,0.001,2.5
140,122.87724232633708,125.13748694582527,0.03264363201169712,0.03365422833872878,209.53649258254163,210.42475641052857,2.297835253790595,2.6106465365177014,17.633506369151462,17.146741388633497,2.297835253790595,2.6106465365177014,32.663316582914575,32.441471571906355,0.24993664026260376,0.12838518619537354,0.001,2.5
141,123.34156070881752,125.101086160411,0.03279894892394643,0.033684911910307445,209.8904760926213,210.49300427899314,2.2988964520906485,2.6085070662673897,17.72308481238795,17.14586070708208,2.2988964520906485,2.6085070662673897,32.663316582914575,33.11036789297659,0.25243687629699707,0.12800312042236328,0.001,2.5
142,122.31863674246885,124.71617815406825,0.032834011265755296,0.03364889020953689,209.94024032004913,210.52403141902045,2.3010722013374467,2.610731230930341,17.511955909792903,17.062207017853908,2.3010722013374467,2.610731230930341,32.57956448911223,32.77591973244147,0.2522621154785156,0.1221272349357605,0.001,2.5
143,123.603628340678,124.9192727385556,0.03279677716706266,0.033642782888882936,209.8582971978627,210.30566487902382,2.3316950482539394,2.6085671868212645,17.677109627268422,17.109363214626757,2.3316950482539394,2.6085671868212645,32.99832495812395,32.77591973244147,0.24263137578964233,0.13080823421478271,0.001,2.5
144,121.98114545301377,124.67161544748772,0.03282725638156161,0.03367256097819494,209.7768080054815,210.30402805494225,2.294833617394094,2.6057713127455187,17.46320753880282,17.06821448986347,2.294833617394094,2.6057713127455187,33.24958123953099,32.77591973244147,0.24847692251205444,0.13073790073394775,0.001,2.5
145,123.03105935459361,124.82187563280597,0.03279309927593523,0.03352879846225614,209.77388966622664,210.29236447133349,2.3193124710415276,2.605485503091461,17.599760630621983,17.099154765789326,2.3193124710415276,2.605485503091461,33.165829145728644,32.77591973244147,0.24221301078796387,0.13456612825393677,0.001,2.5
146,123.1851641273179,124.75881468093515,0.03262710314200352,0.033407127005001376,209.72833435978723,210.30624501920465,2.326411001646339,2.5844937654641957,17.60932857507038,17.149539593470138,2.326411001646339,2.5844937654641957,32.57956448911223,32.77591973244147,0.23896050453186035,0.14571505784988403,0.001,2.5
147,124.34112239562886,125.38722399963584,0.032507258793417135,0.033337147563795584,209.75955660259305,210.35243429228615,2.363810011290226,2.60733845959539,17.728341104197543,17.20669137833509,2.363810011290226,2.60733845959539,32.914572864321606,32.77591973244147,0.22300583124160767,0.13406050205230713,0.001,2.5
148,123.13936828408808,124.93789050252143,0.032413830515777245,0.033217289076999675,209.83246475807587,210.36930296014384,2.293573018893525,2.5929048444116396,17.69870519398445,17.160146209308536,2.293573018893525,2.5929048444116396,32.41206030150754,32.441471571906355,0.2653493285179138,0.14501166343688965,0.001,2.5
149,123.23909387636424,125.26557044600165,0.032351010277792434,0.033155303473356976,209.72675345211573,210.27322275423285,2.331791666484558,2.593342183824367,17.604028227341235,17.224402450000163,2.331791666484558,2.593342183824367,32.41206030150754,32.77591973244147,0.2403395175933838,0.13936442136764526,0.001,2.5
150,123.26287187483642,124.45662717276991,0.032306984591124646,0.03316219999489178,209.7047258182187,210.32993482506794,2.3150512469274114,2.590037565964919,17.65901811238709,17.072514843382564,2.3150512469274114,2.590037565964919,32.914572864321606,32.77591973244147,0.2642062306404114,0.14436906576156616,0.001,2.5
151,122.44830928016547,124.93979361543687,0.032278881593914684,0.03316809944683891,209.87994024382164,210.52557903787365,2.3369047957249425,2.6008576286277645,17.43051541869964,17.136646915040288,2.3369047957249425,2.6008576286277645,32.747068676716914,32.77591973244147,0.24322408437728882,0.14083749055862427,0.001,2.5
152,123.36387685395565,124.91842174211075,0.032330771667923364,0.03319594612887073,210.0166998628396,210.64901121005565,2.2954318543375036,2.601119798162709,17.738010419273696,17.131556877723106,2.2954318543375036,2.601119798162709,32.747068676716914,32.77591973244147,0.2566646933555603,0.14065825939178467,0.001,2.5
153,122.41469265987325,124.71267973220468,0.03233416356658017,0.033199216485222845,210.10368587423608,210.71319814828726,2.271167351772238,2.601420362657528,17.620949210034343,17.08949242148511,2.271167351772238,2.601420362657528,32.914572864321606,32.77591973244147,0.2637937664985657,0.13444703817367554,0.001,2.5
154,123.27702316207503,124.71733657173489,0.03233571674431389,0.033159865172312016,210.16426781633592,210.7516172785424,2.315166427861506,2.590294226356175,17.661405178370387,17.12380168429984,2.315166427861506,2.590294226356175,32.663316582914575,32.77591973244147,0.24165034294128418,0.13912194967269897,0.001,2.5
155,122.42774784465132,124.26249067121525,0.03230285540946964,0.03314617980134527,210.2012699708667,210.78178273076597,2.361665983695281,2.5935968962002756,17.35205062150556,17.022921460129346,2.361665983695281,2.5935968962002756,32.747068676716914,32.77591973244147,0.2270735502243042,0.13871610164642334,0.001,2.5
156,123.62479589772184,124.81143627358121,0.03226803704921524,0.03310421466777556,210.19798547179255,210.73450661343475,2.329740045058667,2.5906897013801395,17.687246019117396,17.14144963484544,2.329740045058667,2.5906897013801395,32.32830820770519,32.77591973244147,0.24965351819992065,0.13959336280822754,0.001,2.5
157,122.26806543500379,124.6486065204327,0.03223304672968547,0.03306314909836919,210.15576496475705,210.71638580628462,2.293880641560259,2.592387172290713,17.523493701289446,17.10380384196406,2.293880641560259,2.592387172290713,33.0820770519263,32.77591973244147,0.26353931427001953,0.14245682954788208,0.001,2.5
158,123.14176824624015,125.0739269958292,0.0321867809111449,0.033001547187168065,210.12445068359375,210.68294777758544,2.319031414274794,2.604935031272097,17.622796887728438,17.15124261658327,2.319031414274794,2.604935031272097,32.663316582914575,32.77591973244147,0.2318745255470276,0.13612526655197144,0.001,2.5
159,123.44395561793341,124.68930574244878,0.032120556840470285,0.03291553731098223,210.14180473187062,210.75417330432495,2.3506270113901877,2.588344117072115,17.58845761233638,17.124095259701527,2.3506270113901877,2.588344117072115,32.747068676716914,32.441471571906355,0.24708932638168335,0.14521312713623047,0.001,2.5
160,122.67911988327052,124.5362563117292,0.032092341482389715,0.032941944461104065,210.21247536612915,210.7928308595383,2.285730550836279,2.5882207430326023,17.630171317351323,17.093842538304152,2.285730550836279,2.5882207430326023,32.747068676716914,32.77591973244147,0.25434744358062744,0.14226311445236206,0.001,2.5
161,122.6131416716967,125.1846666367955,0.03210528957434435,0.03296578562130099,210.27155558268228,210.8873663044295,2.3110631382844757,2.5974339888646054,17.540963548312035,17.195861593138016,2.3110631382844757,2.5974339888646054,32.41206030150754,33.11036789297659,0.26083695888519287,0.13819730281829834,0.001,2.5
162,121.95174184316767,125.52661686517722,0.03210543246449937,0.03293276226839493,210.29750965827674,210.83799473178826,2.2843047773818075,2.589933826771867,17.488953496143846,17.28676720686182,2.2843047773818075,2.589933826771867,31.993299832495815,32.77591973244147,0.2621268033981323,0.14475780725479126,0.001,2.5
163,123.88911657796633,125.11110421885614,0.03208436128032866,0.032941436862267776,210.27154160184875,210.83793987159345,2.31907996460421,2.584750381201805,17.77211201730086,17.219213769587387,2.31907996460421,2.584750381201805,32.663316582914575,32.77591973244147,0.24325519800186157,0.144428551197052,0.001,2.5
164,122.0786250384409,125.00747144820299,0.03209273781708537,0.03294517436254782,210.2823689778646,210.86850725767206,2.280287037343036,2.5876798486231163,17.526388682712064,17.189691581853655,2.280287037343036,2.5876798486231163,32.32830820770519,32.77591973244147,0.2706024646759033,0.14419889450073242,0.001,2.5
165,123.23449434826722,124.95542609173319,0.03208845643516961,0.032934487700761364,210.31316106083804,210.88358937139097,2.305448063254556,2.587576874123768,17.682074014864973,17.179591083207658,2.305448063254556,2.587576874123768,32.57956448911223,33.44481605351171,0.25571316480636597,0.14397132396697998,0.001,2.5
166,122.31972363087,125.51806079264867,0.03209826556444667,0.032987047883878184,210.34175687499183,210.92896283510137,2.238377724460621,2.579298859854606,17.700323993037493,17.316931651188778,2.238377724460621,2.579298859854606,32.663316582914575,33.11036789297659,0.2797492742538452,0.1432991623878479,0.001,2.5
167,122.74396247799872,125.70849364417852,0.03214705482724324,0.03300484334645064,210.38449188692485,210.96740988026494,2.268361770128285,2.5878770279645122,17.69520084502509,17.329273383354263,2.268361770128285,2.5878770279645122,32.83082077051927,32.77591973244147,0.2715800404548645,0.14123636484146118,0.001,2.5
168,123.34040173094476,124.97772563819503,0.03213558032160228,0.03294967541028823,210.41349350307854,210.9877715860322,2.2642965296804407,2.588057484515136,17.826681268075404,17.18258467964504,2.2642965296804407,2.588057484515136,32.1608040201005,33.11036789297659,0.2723275423049927,0.14063423871994019,0.001,2.5
169,122.63794759370174,125.01354679375588,0.032126430409587604,0.03292381914214147,210.4466684363795,211.02333650620884,2.32001421160035,2.5909182347581536,17.519032310600856,17.18116444169877,2.32001421160035,2.5909182347581536,32.663316582914575,32.77591973244147,0.24015462398529053,0.1439993977546692,0.001,2.5
170,121.87487680508663,125.22654514886862,0.0321040048983129,0.03296797389918346,210.46255976231254,211.0131593531988,2.2878463336171415,2.591447362931676,17.462922784750983,17.222171088126192,2.2878463336171415,2.591447362931676,32.747068676716914,32.77591973244147,0.27101558446884155,0.13707005977630615,0.001,2.5
171,121.96881116295181,125.12921484497478,0.032064482510414355,0.03290208562411193,210.44154853756902,210.98385589497545,2.289913209239442,2.5910557966965895,17.47552172023447,17.20389890511299,2.289913209239442,2.5910557966965895,32.99832495812395,32.441471571906355,0.2465464472770691,0.1426767110824585,0.001,2.5
172,123.48912153132197,125.16155163819175,0.032006752095380224,0.032844467294156354,210.41545232776022,210.97311411573736,2.3348447242174517,2.591039758063479,17.644805860279792,17.210427124763413,2.3348447242174517,2.591039758063479,32.32830820770519,32.77591973244147,0.23529982566833496,0.14047956466674805,0.001,2.5
173,122.60210757359388,125.2214769344266,0.0319956950032132,0.032865065458327236,210.39768210048453,210.97711013232586,2.3109159972799485,2.5874947265637758,17.53919488980343,17.233042442679007,2.3109159972799485,2.5874947265637758,32.32830820770519,32.441471571906355,0.2535781264305115,0.14197653532028198,0.001,2.5
174,122.63070347720455,124.06205953642676,0.03198345766794342,0.032821987870843915,210.41149751544998,210.97394395911175,2.338603415880571,2.5837561111386402,17.46185150018689,17.012384436999675,2.338603415880571,2.5837561111386402,32.57956448911223,32.441471571906355,0.23929619789123535,0.14269089698791504,0.001,2.5
175,122.82907585003468,124.45247121957632,0.03198778584062854,0.03285750875056388,210.4115172726425,210.9844597143473,2.276243247378811,2.594268160918883,17.688606006615924,17.0589219766317,2.276243247378811,2.594268160918883,32.914572864321606,33.11036789297659,0.2580397129058838,0.1394405961036682,0.001,2.5
176,122.97089158510244,124.87493860761458,0.0319988415724718,0.032855711391438606,210.42087295506667,210.98489032860186,2.2623913639554227,2.6036439675551195,17.758520062444997,17.115288463324607,2.2623913639554227,2.6036439675551195,32.663316582914575,32.77591973244147,0.2918166518211365,0.13411855697631836,0.001,2.5
177,123.72514232079587,124.80230416900737,0.03198617424697333,0.03282751382194634,210.4190043284865,210.98040240743885,2.3284757738337047,2.59761694522207,17.711120202912756,17.118848500841835,2.3284757738337047,2.59761694522207,32.41206030150754,32.441471571906355,0.24087274074554443,0.137690007686615,0.001,2.5
178,122.44877949112424,125.05302388373028,0.03200337984965774,0.03285317825633148,210.40594073476103,210.97081463153546,2.333530023868759,2.5939320114544,17.440684165187818,17.180043947736554,2.333530023868759,2.5939320114544,32.83082077051927,32.77591973244147,0.24723213911056519,0.14291954040527344,0.001,2.5
179,122.10816158122154,124.64266304347827,0.03198310550632988,0.0328116456426705,210.40469753961867,210.9697434543367,2.2827343980670975,2.5835621117748144,17.524951979542898,17.129089747782935,2.2827343980670975,2.5835621117748144,32.41206030150754,33.11036789297659,0.2657954692840576,0.15082204341888428,0.001,2.5
180,122.69657178460254,124.55599904140102,0.031983018083688204,0.03283856910058487,210.40761523989576,210.98947684501724,2.347274301439474,2.5829236092774766,17.44901371321686,17.113663191779402,2.347274301439474,2.5829236092774766,32.663316582914575,33.11036789297659,0.23946189880371094,0.1475488543510437,0.001,2.5
181,122.936335999762,125.22243994773432,0.03196844005554765,0.0328215099372792,210.43508433177442,211.00989637087818,2.308085332563774,2.5769349061525784,17.614530362076497,17.264917443827244,2.308085332563774,2.5769349061525784,32.747068676716914,33.44481605351171,0.2503359913825989,0.14886099100112915,0.001,2.5
182,123.83782912977976,125.43663139726007,0.03199238109229198,0.03286347100916116,210.44129036499228,211.0075310034098,2.3572370159366423,2.59882845527751,17.647368205851645,17.242066469479564,2.3572370159366423,2.59882845527751,32.663316582914575,32.77591973244147,0.2248738408088684,0.13736343383789062,0.001,2.5
183,124.3321902532274,124.7192397101667,0.03197426267180411,0.032846147138438496,210.43934368088816,211.01083705736244,2.333361881661854,2.5859126550298073,17.81786996595424,17.137338858384354,2.333361881661854,2.5859126550298073,32.99832495812395,33.11036789297659,0.2364795207977295,0.1441287398338318,0.001,2.5
184,122.13884899963685,125.20959595134825,0.031977832114551734,0.03282131122605857,210.4544296392444,211.03237568016436,2.284659807007117,2.5997677933810945,17.52530359303332,17.193844364638313,2.284659807007117,2.5997677933810945,32.41206030150754,32.77591973244147,0.24964618682861328,0.1338021159172058,0.001,2.5
185,123.45183515948067,125.06955925676735,0.03198368510409216,0.032839580635262974,210.46480221644518,211.0310300999262,2.315092575410303,2.5862715714751277,17.69659924467205,17.20632295704207,2.315092575410303,2.5862715714751277,32.24455611390285,33.11036789297659,0.243056058883667,0.14405816793441772,0.001,2.5
186,123.17354907062985,125.18543567466098,0.031974315534110245,0.032839986916170474,210.465368759692,211.0359147496048,2.2849754863847638,2.6037061748696013,17.731295299689773,17.1771927581583,2.2849754863847638,2.6037061748696013,32.41206030150754,33.11036789297659,0.25865626335144043,0.12883371114730835,0.001,2.5
187,121.78688037814807,124.84195405583716,0.03199052845613042,0.03284889259017431,210.4696309203079,211.0400627927238,2.2795440200185855,2.5944737941525053,17.470252003502008,17.13619190394679,2.2795440200185855,2.5944737941525053,32.32830820770519,33.11036789297659,0.2604917883872986,0.13819336891174316,0.001,2.5
188,123.25987404674741,125.01655542890364,0.031976726904536415,0.032848220991350735,210.48114294822093,211.05297331028558,2.299380654266332,2.588502821714982,17.705341479686435,17.189022038692613,2.299380654266332,2.588502821714982,32.41206030150754,33.11036789297659,0.2630833387374878,0.14002501964569092,0.001,2.5
189,123.07414084583071,125.23503225064995,0.0319735537808844,0.032837297231656654,210.4914466947367,211.06317899059692,2.315575763807824,2.593126627115103,17.619608107523703,17.21884589051722,2.315575763807824,2.593126627115103,32.57956448911223,33.11036789297659,0.24497830867767334,0.14461159706115723,0.001,2.5
190,122.14669715459623,124.94754622851725,0.03196539699569519,0.032851477617703156,210.4970818396589,211.06025624354947,2.3004956668745136,2.601406072693126,17.479360034118347,17.136508243139772,2.3004956668745136,2.601406072693126,32.663316582914575,33.11036789297659,0.27210748195648193,0.13772624731063843,0.001,2.5
191,122.05795387766469,124.60218632420569,0.03197103936593337,0.03285248857925967,210.48602374155118,211.04294195781185,2.294445299822681,2.5742796416266707,17.47976325145319,17.14882024873459,2.294445299822681,2.5742796416266707,32.077051926298154,33.11036789297659,0.26320093870162964,0.14798635244369507,0.001,2.5
192,123.01509420116942,125.5423130558486,0.031973548408229545,0.032853596373445614,210.47568840397463,211.04094923140613,2.3093126375271846,2.5791438207977193,17.626591318216754,17.32225208856589,2.3093126375271846,2.5791438207977193,32.49581239530988,32.77591973244147,0.2566910982131958,0.1440834403038025,0.001,2.5
193,123.7515041536622,124.95407604613033,0.03196088424953983,0.032791833539670925,210.47422506821215,211.0467255761392,2.2827589691583836,2.590971044872118,17.853536915739177,17.169133463830853,2.2827589691583836,2.590971044872118,32.747068676716914,33.11036789297659,0.2682516574859619,0.14612948894500732,0.001,2.5
194,122.94528921565019,124.49431727482722,0.03196965429426438,0.03287046542235442,210.48433773481665,211.05357279187461,2.275608364261774,2.6018314082486973,17.713742018145332,17.044584497560226,2.275608364261774,2.6018314082486973,32.83082077051927,32.77591973244147,0.27684539556503296,0.14033305644989014,0.001,2.5
195,122.54570388154967,124.77112969746159,0.031980752845106014,0.03282032018670669,210.48721896224285,211.05994188187512,2.348051315975349,2.602015271234672,17.416493653851738,17.09940304963485,2.348051315975349,2.602015271234672,32.914572864321606,32.77591973244147,0.23233562707901,0.13669389486312866,0.001,2.5
196,123.29707933231015,124.99879657145726,0.03197787827507934,0.03283358012702951,210.49411312339694,211.06381342961237,2.3208951426910196,2.5948777549641586,17.648236218808684,17.166346061987223,2.3208951426910196,2.5948777549641586,32.57956448911223,33.11036789297659,0.2308937907218933,0.14328128099441528,0.001,2.5
197,123.39058893609486,124.28820014877064,0.03195587108832108,0.0328267597683696,210.4999119744229,211.06956798336577,2.293566762103108,2.5846462576684344,17.74892615313506,17.054922416457366,2.293566762103108,2.5846462576684344,32.83082077051927,33.11036789297659,0.26228857040405273,0.14451438188552856,0.001,2.5
198,122.61932040778436,125.57595345487563,0.03197789220279785,0.03281121205127359,210.50460017985435,211.07671328133165,2.3112221075661816,2.5995101697468836,17.541701631530046,17.267882420466496,2.3112221075661816,2.5995101697468836,32.663316582914575,32.441471571906355,0.24704140424728394,0.14525610208511353,0.001,2.5
199,124.08323117356804,124.92199844819646,0.031968662761763314,0.0328184874684715,210.5091361041045,211.07848340292838,2.3149467225450167,2.6076288095684754,17.823309995820573,17.11273424601475,2.3149467225450167,2.6076288095684754,32.663316582914575,32.77591973244147,0.23392629623413086,0.13731038570404053,0.001,2.5
200,123.29974242550644,124.4841730889668,0.03195909187946487,0.032839143692350706,210.51218676287525,211.08189330850556,2.3221683757788374,2.5894440169318464,17.644949182992804,17.079718478148596,2.3221683757788374,2.5894440169318464,32.914572864321606,33.11036789297659,0.2504143714904785,0.14553862810134888,0.001,2.5
201,123.22130688231195,124.8856053942422,0.03198710657107071,0.03282273124691635,210.51774454036948,211.08731329161986,2.3460436382485392,2.5921419671546655,17.55762912040979,17.15191386296199,2.3460436382485392,2.5921419671546655,32.077051926298154,32.441471571906355,0.23716890811920166,0.14058321714401245,0.001,2.5
202,122.64800072035797,124.7151419853287,0.03197749291033401,0.03281179526478152,210.5221182665034,211.09240329704156,2.2889516804885224,2.595691310920843,17.61424565914288,17.10717421949508,2.2889516804885224,2.595691310920843,32.41206030150754,32.77591973244147,0.25303447246551514,0.13373929262161255,0.001,2.5
203,122.46566511758009,124.77527161665186,0.031972827018555285,0.03287252532100199,210.52547333428208,211.092756596696,2.320592463316031,2.6022822984484923,17.482855641861857,17.099415236890913,2.320592463316031,2.6022822984484923,32.32830820770519,32.77591973244147,0.24437469244003296,0.13657814264297485,0.001,2.5
204,123.18527142446445,125.07557183205084,0.031987452158826084,0.03281093775029964,210.53087238969914,211.10353139411646,2.295019386202047,2.5967726803144884,17.703492309979257,17.176013602062213,2.295019386202047,2.5967726803144884,32.49581239530988,32.77591973244147,0.25549864768981934,0.14073234796524048,0.001,2.5
205,122.51816031042256,124.78483040595931,0.031988571936161676,0.03283225739979026,210.54149424490618,211.1147702322357,2.2800208983109824,2.588033633088587,17.61506311617904,17.144076793887542,2.2800208983109824,2.588033633088587,32.49581239530988,32.441471571906355,0.2634187936782837,0.14768636226654053,0.001,2.5
206,122.65188606300546,125.11591928539468,0.03196538697110748,0.03283380410543652,210.54973912838116,211.12114871226026,2.283893699821715,2.5988746957236706,17.630193148026713,17.177768812530417,2.283893699821715,2.5988746957236706,32.57956448911223,32.77591973244147,0.2693363428115845,0.13438838720321655,0.001,2.5
207,122.69419919625798,124.85943797440035,0.03196720167420418,0.0328225344917846,210.55556295065824,211.12373617421025,2.3018069027656285,2.602416682801518,17.58491445186749,17.11584833712881,2.3018069027656285,2.602416682801518,31.909547738693465,33.11036789297659,0.26014232635498047,0.13466113805770874,0.001,2.5
208,123.55579806891717,125.02604756945351,0.031974839330518263,0.03281686522290858,210.55810173711984,211.1271654722284,2.313074981746961,2.5903367095169014,17.723428381148295,17.185411064122434,2.313074981746961,2.5903367095169014,32.83082077051927,32.77591973244147,0.23739558458328247,0.13864940404891968,0.001,2.5
209,122.16610941415655,125.319326343345,0.031987550195737104,0.03284652157372057,210.5622239360458,211.13169534230312,2.2895523990618325,2.595039173910849,17.5160544921006,17.229953105633076,2.2895523990618325,2.595039173910849,32.1608040201005,32.77591973244147,0.252718985080719,0.1413244605064392,0.001,2.5
210,123.56300092023022,125.34010565001829,0.03198427847357251,0.03284269181332461,210.5655704415224,211.1341517521785,2.3301326581581154,2.595546338071791,17.6736922655473,17.23258660868259,2.3301326581581154,2.595546338071791,32.1608040201005,32.77591973244147,0.22889626026153564,0.13972795009613037,0.001,2.5
211,124.81967661488595,125.52872007746362,0.031992231444198285,0.03279709108298439,210.56878161150806,211.1366082130866,2.3131019302348994,2.605043813137705,17.976117172432904,17.2418257480481,2.3131019302348994,2.605043813137705,32.57956448911223,33.11036789297659,0.23583126068115234,0.1383500099182129,0.001,2.5
212,122.89395785691151,125.19510926211558,0.031963957061794536,0.032830447681173436,210.57004492167053,211.13724015149782,2.254498561223348,2.5874016906904136,17.766788760621345,17.22802283373166,2.254498561223348,2.5874016906904136,32.57956448911223,32.441471571906355,0.2833080291748047,0.1376405954360962,0.001,2.5
213,123.29044371433993,125.63047703771687,0.03198389549251378,0.0328574531203927,210.5704861485978,211.13744918159816,2.3090514889114866,2.606325968452122,17.682423513338993,17.258317580589882,2.3090514889114866,2.606325968452122,32.663316582914575,32.77591973244147,0.2615969777107239,0.1387884020805359,0.001,2.5
214,121.85789152365832,125.35468851044824,0.03196802503200032,0.032830492584003654,210.57054644253984,211.13708710431254,2.326415382238289,2.5994455989786616,17.343824396181347,17.2238077144559,2.326415382238289,2.5994455989786616,32.99832495812395,32.77591973244147,0.24136966466903687,0.13993263244628906,0.001,2.5
215,122.28131747605214,124.412622228514,0.03199468544018229,0.032813102804298784,210.56895180962593,211.13369317198277,2.2403192691866876,2.5882803779780663,17.68679302221966,17.068894242761925,2.2403192691866876,2.5882803779780663,32.41206030150754,33.11036789297659,0.2873237133026123,0.14172005653381348,0.001,2.5
216,124.19104433299309,124.85884732147522,0.031969781653016456,0.03287312823244959,210.56750258249255,211.13601919320914,2.3277719092728506,2.5947837207628335,17.806385500347194,17.138616724556506,2.3277719092728506,2.5947837207628335,32.57956448911223,32.77591973244147,0.24493491649627686,0.13858217000961304,0.001,2.5
217,123.20176590707034,125.101099964767,0.03196743211492122,0.03285207701566626,210.56934659564914,211.13757839649418,2.352054122304996,2.5964178002398945,17.5356838954753,17.18216889359082,2.352054122304996,2.5964178002398945,32.57956448911223,33.11036789297659,0.2255098819732666,0.13592898845672607,0.001,2.5
218,123.05226994040024,124.78180120461761,0.031976588039192524,0.032805061634368325,210.5701745830389,211.13705076900214,2.281672010469676,2.600327313943053,17.716928299947,17.106590219963355,2.281672010469676,2.600327313943053,32.49581239530988,33.11036789297659,0.283189058303833,0.13780444860458374,0.001,2.5
219,123.34830500412626,124.60149253411437,0.03197213746856904,0.03282458918250125,210.57032742652063,211.13767852272875,2.277901731743485,2.5888612573362115,17.787447464526,17.104923742670678,2.277901731743485,2.5888612573362115,32.49581239530988,32.77591973244147,0.2795916795730591,0.14125347137451172,0.001,2.5
220,122.93574541817159,125.06990630491123,0.03196457022772962,0.03283407830673715,210.57043201440143,211.13718794500548,2.302831144987838,2.588001562998845,17.630148635238058,17.201182502567967,2.302831144987838,2.588001562998845,31.742043551088777,32.77591973244147,0.25255799293518066,0.14645302295684814,0.001,2.5
221,124.39068289138564,125.03110772072272,0.03194988796010089,0.03283501466281438,210.56986360533952,211.13651655828673,2.3097429159697973,2.5930225881047075,17.900403503596884,17.178359152880002,2.3097429159697973,2.5930225881047075,32.747068676716914,32.441471571906355,0.26142460107803345,0.14202487468719482,0.001,2.5
222,123.35490305020382,124.93602035675559,0.03196243167709765,0.03283589076637026,210.56908164990807,211.1358884983637,2.314238791489721,2.583452506208898,17.67975775241053,17.18805237837061,2.314238791489721,2.583452506208898,32.32830820770519,32.77591973244147,0.26276832818984985,0.14640218019485474,0.001,2.5
223,122.22429706822687,124.6270898417087,0.03197222317208597,0.03281215628154302,210.56844862741443,211.13511229039833,2.2986693050793465,2.591506841589376,17.500343655022345,17.102107590257525,2.2986693050793465,2.591506841589376,32.41206030150754,32.77591973244147,0.25552117824554443,0.14167052507400513,0.001,2.5
224,123.5793918756584,124.2125677408582,0.031959404785129895,0.03283244772599293,210.5671832725231,211.13326597692176,2.322464026398395,2.5918070663975232,17.699981191050465,17.018298889083606,2.322464026398395,2.5918070663975232,32.24455611390285,33.11036789297659,0.246742844581604,0.13871300220489502,0.001,2.5
225,123.78595497220805,124.65547981389788,0.03196528142121569,0.03283672794749506,210.5659992467219,211.1332376027187,2.3266060847533208,2.605634008362939,17.728866562771437,17.065399514392865,2.3266060847533208,2.605634008362939,32.747068676716914,32.77591973244147,0.2437344193458557,0.13499242067337036,0.001,2.5
226,122.78922234667805,124.95691836558058,0.03195976912725711,0.03280337757888845,210.5660055342631,211.13327904130304,2.306466906913361,2.5866556191524137,17.589938615834093,17.182628803827292,2.306466906913361,2.5866556191524137,32.49581239530988,32.77591973244147,0.26451992988586426,0.14204907417297363,0.001,2.5
227,123.04124970811496,125.10670922831149,0.03196370055028542,0.0328147194432375,210.56670250565162,211.1344103350687,2.2981997744322222,2.5993080035499903,17.66514402258536,17.17462731045624,2.2981997744322222,2.5993080035499903,32.83082077051927,33.11036789297659,0.24899417161941528,0.1390291452407837,0.001,2.5
228,123.61607296942067,125.04265163255775,0.03197208249089706,0.03283581493989281,210.56758488282887,211.13536051364247,2.2838546950214074,2.600669589728416,17.82314301815065,17.157728657674628,2.2838546950214074,2.600669589728416,31.909547738693465,32.77591973244147,0.2612830400466919,0.13587868213653564,0.001,2.5
229,123.07173900508401,125.2213134765625,0.03196957705845086,0.03284570728008165,210.56819349637183,211.13561133955633,2.339887849849273,2.600689470169935,17.546176836917947,17.193398769085224,2.339887849849273,2.600689470169935,32.57956448911223,32.441471571906355,0.232924222946167,0.13842493295669556,0.001,2.5
230,122.6406157603815,125.15833774936638,0.03195409082075958,0.03284142531429645,210.5689301355001,211.1364245462577,2.305177263279057,2.592786076076852,17.564086789461836,17.20451390065477,2.305177263279057,2.592786076076852,32.914572864321606,32.77591973244147,0.25387728214263916,0.1402549147605896,0.001,2.5
231,124.10967644415109,124.85963383805392,0.0319697679936187,0.03280782285940687,210.5691795924201,211.136474609375,2.315819882467963,2.582184048400675,17.825967775916734,17.176585076245974,2.315819882467963,2.582184048400675,32.663316582914575,32.77591973244147,0.25897979736328125,0.14346396923065186,0.001,2.5
232,124.85732344686485,124.89612066466673,0.03198678332881712,0.03284275261404921,210.56948806532662,211.13659453631246,2.3409142350431664,2.591067554958688,17.900210618573418,17.15722495496871,2.3409142350431664,2.591067554958688,32.663316582914575,33.11036789297659,0.23599833250045776,0.1404639482498169,0.001,2.5
233,123.94656526702931,124.9632995758567,0.03196499619626719,0.03285896295937009,210.56918235280406,211.1358686466281,2.320106656307751,2.5899882866786075,17.780486130834223,17.173895513732298,2.320106656307751,2.5899882866786075,32.747068676716914,32.77591973244147,0.236425518989563,0.14400577545166016,0.001,2.5
234,123.1972020850509,125.1337409386268,0.031969002418382284,0.032849478706667656,210.56885274251303,211.13614330483122,2.288975420908712,2.5849672081478463,17.72400637008437,17.22304880339964,2.288975420908712,2.5849672081478463,32.49581239530988,32.441471571906355,0.2634372115135193,0.14427584409713745,0.001,2.5
235,124.34836196260436,124.93801022532791,0.03195299578197238,0.03280398007918361,210.56915883842225,211.13639841749517,2.312262520318854,2.5963064460052694,17.884380327796617,17.14989411791033,2.312262520318854,2.5963064460052694,32.49581239530988,33.11036789297659,0.24433869123458862,0.1405920386314392,0.001,2.5
236,122.90631471566819,124.71701368759308,0.031972221902242456,0.0328066093990436,210.56898130483964,211.1361694846265,2.324403010820424,2.5802063543262292,17.55954557767066,17.153995759511073,2.324403010820424,2.5802063543262292,32.663316582914575,32.77591973244147,0.24564588069915771,0.14794975519180298,0.001,2.5
237,121.55645682943526,125.01397781627234,0.031957935186187225,0.03283931227731067,210.56909805885712,211.13640484762033,2.312381485199409,2.5854178758767934,17.325641413230194,17.19774635021503,2.312381485199409,2.5854178758767934,32.663316582914575,32.77591973244147,0.2373294234275818,0.14541339874267578,0.001,2.5
238,122.21551912394001,125.63341218571998,0.03195675283395864,0.03281287883835094,210.56928681288932,211.13679744248407,2.279155347814512,2.603827132827861,17.55713226727305,17.266410881859006,2.279155347814512,2.603827132827861,32.24455611390285,33.11036789297659,0.25653696060180664,0.1348177194595337,0.001,2.5
239,123.48950007453037,125.68353656781557,0.03198060300357178,0.03285261335779592,210.5691231834629,211.13607150176696,2.3079666715970193,2.593097909238426,17.725490076458033,17.30861659990904,2.3079666715970193,2.593097909238426,32.663316582914575,32.77591973244147,0.2661287784576416,0.13952088356018066,0.001,2.5
240,123.84852147701397,124.82532636457462,0.03196601758101078,0.03280639633486502,210.5686874517444,211.1358948774561,2.316930204180617,2.5908209727360654,17.77040696263912,17.143813933815846,2.316930204180617,2.5908209727360654,32.747068676716914,32.77591973244147,0.24921965599060059,0.1476203203201294,0.001,2.5
241,123.89039207982458,125.42509118529865,0.031969190289701646,0.03284738181675956,210.56860336227032,211.13578377918256,2.3175422558233367,2.6071524173519682,17.77694414768187,17.214764732182225,2.3175422558233367,2.6071524173519682,32.663316582914575,32.77591973244147,0.24889624118804932,0.13132023811340332,0.001,2.5
242,121.81785115764369,125.71898827185997,0.03196122559720348,0.0328176656121195,210.56879137508832,211.1363330955888,2.2789419376271054,2.603832920259457,17.47823833101359,17.283508498533116,2.2789419376271054,2.603832920259457,32.41206030150754,32.77591973244147,0.26257389783859253,0.13715100288391113,0.001,2.5
243,122.13029421194514,125.25549755287808,0.03197807838619254,0.032807898636047654,210.56895472336456,211.1363004856684,2.2993962972407767,2.598817068597545,17.479360660316555,17.205859142801035,2.2993962972407767,2.598817068597545,32.24455611390285,33.11036789297659,0.24449682235717773,0.1412144899368286,0.001,2.5
244,122.5795255625867,125.309114334974,0.03196505912684117,0.0328066421043514,210.56937274261935,211.13707429509498,2.3060752434946186,2.601792668020446,17.549172741683883,17.207655326179836,2.3060752434946186,2.601792668020446,32.32830820770519,32.77591973244147,0.24798089265823364,0.13604533672332764,0.001,2.5
245,122.33430250925035,125.14032576953288,0.031966285315190926,0.032811247323169354,210.56985885134495,211.13721606404485,2.290780009935849,2.5972455999125605,17.546013311325407,17.187537729142104,2.290780009935849,2.5972455999125605,32.32830820770519,32.77591973244147,0.26849085092544556,0.14035820960998535,0.001,2.5
246,123.52137577433882,124.9300556501816,0.03196980641964492,0.03284192158775186,210.57003559259513,211.13718988424958,2.3353530486025402,2.599177155606324,17.649707672783677,17.1396836883647,2.3353530486025402,2.599177155606324,32.914572864321606,32.77591973244147,0.25004905462265015,0.133228600025177,0.001,2.5
247,123.43954384706328,124.6599460971794,0.03196004417473747,0.03279892985637371,210.57013603990004,211.13759972817923,2.29662221041157,2.5865559530098703,17.74953688488933,17.123533679490105,2.29662221041157,2.5865559530098703,32.663316582914575,32.441471571906355,0.25534653663635254,0.14114028215408325,0.001,2.5
248,123.69238420547153,124.68848799383362,0.03195732459425926,0.03284717520642839,210.5704163211075,211.1374754634589,2.3214176939160778,2.5877069884718065,17.725718314523874,17.125779955682148,2.3214176939160778,2.5877069884718065,32.57956448911223,32.77591973244147,0.25220608711242676,0.1419820785522461,0.001,2.5
249,121.92732172315843,124.85567744838752,0.03197487045572431,0.03283548564416509,210.57014424437455,211.13727485376057,2.242510593117182,2.5910844707170058,17.609423575089803,17.149087909073334,2.242510593117182,2.5910844707170058,32.57956448911223,32.77591973244147,0.28742820024490356,0.14481431245803833,0.001,2.5
250,122.82173204022637,125.27214626962923,0.03193676047077031,0.03280178817568415,210.5699667107919,211.13709169725908,2.3204423298987513,2.6030205906832897,17.554518116578784,17.19658008945427,2.3204423298987513,2.6030205906832897,32.49581239530988,33.11036789297659,0.2611091732978821,0.13950127363204956,0.001,2.5
251,122.8086836669513,124.71394455313283,0.0319681437420885,0.03280993998299873,210.56960175225083,211.1366272993311,2.2769387922494655,2.5862295539881472,17.68241307563718,17.135310208119677,2.2769387922494655,2.5862295539881472,32.747068676716914,32.77591973244147,0.2562662959098816,0.14471560716629028,0.001,2.5
252,123.106502015387,125.36222277995336,0.03195435437724818,0.032789250293802655,210.56914641669448,211.1362350106638,2.278222006968717,2.5946258430098212,17.73812935540025,17.239782071831236,2.278222006968717,2.5946258430098212,31.993299832495815,33.11036789297659,0.2589266300201416,0.14095181226730347,0.001,2.5
253,122.93897987250706,125.18973094723296,0.03193908954160896,0.03280761457954761,210.56881353483726,211.13613697677152,2.2753886465650908,2.5888251181828936,17.71312824805178,17.222682617978506,2.2753886465650908,2.5888251181828936,32.747068676716914,32.77591973244147,0.2620331645011902,0.14366793632507324,0.001,2.5
254,123.91532338204695,125.0776336057529,0.031949677815039955,0.03282004258405405,210.5689290108992,211.13617606784987,2.3613950167868403,2.597365053999783,17.650375947680704,17.17464038440615,2.3613950167868403,2.597365053999783,32.49581239530988,33.11036789297659,0.22733086347579956,0.13995128870010376,0.001,2.5
255,123.40043062500818,125.40165644106658,0.031955286511025034,0.03281789732766789,210.5688871961942,211.13604965975452,2.3211557837187544,2.5923964100139196,17.668114414566524,17.254352040115407,2.3211557837187544,2.5923964100139196,32.57956448911223,32.77591973244147,0.24914783239364624,0.14211660623550415,0.001,2.5
256,122.35522575953497,125.0917798810978,0.03198284137263969,0.032812111378712795,210.5686883974315,211.13583603670764,2.312434285929055,2.5900547496451183,17.48523192669279,17.199401437638198,2.312434285929055,2.5900547496451183,32.663316582914575,33.11036789297659,0.252574622631073,0.14205873012542725,0.001,2.5
257,124.40683724612647,124.53854860031485,0.031963395251201426,0.03280861985972494,210.56843318971158,211.13563323260152,2.3524909746307423,2.5948344042468627,17.775388097842935,17.074417790441608,2.3524909746307423,2.5948344042468627,32.663316582914575,32.77591973244147,0.23575598001480103,0.13939762115478516,0.001,2.5
258,122.07491002170684,125.28101019715784,0.03195963479840576,0.03281731493646484,210.56833647403684,211.13567686559364,2.2700869807446225,2.5949315378897166,17.556215059417777,17.222617847863646,2.2700869807446225,2.5949315378897166,32.32830820770519,32.77591973244147,0.2708674669265747,0.13937705755233765,0.001,2.5
259,122.54010653855214,124.94001397480534,0.0319573174806396,0.03282145638778856,210.5684835667187,211.13577729802466,2.29438545076891,2.600145014632107,17.576359919766883,17.138775720245462,2.29438545076891,2.600145014632107,32.24455611390285,33.11036789297659,0.25671684741973877,0.1354830265045166,0.001,2.5
260,121.43698429382427,124.7074843696926,0.03195564592977864,0.03279245385657186,210.56848118972138,211.1358012323794,2.2466699949261333,2.58758326836653,17.498881865586068,17.129960844747995,2.2466699949261333,2.58758326836653,32.49581239530988,32.77591973244147,0.28465354442596436,0.13580691814422607,0.001,2.5
261,122.69772758036602,125.21475658608121,0.031975772818378864,0.032820476162991795,210.56875045495218,211.13620250280883,2.3102778825328576,2.605439160579822,17.560202680041442,17.17784292482612,2.3102778825328576,2.605439160579822,32.1608040201005,32.77591973244147,0.2460821270942688,0.13878291845321655,0.001,2.5
262,122.37837449270278,125.39978619323526,0.031971983446223255,0.03278054865108286,210.56902189270735,211.13636596067295,2.3057745677142885,2.588079100867179,17.509842893386406,17.26693638511326,2.3057745677142885,2.588079100867179,32.57956448911223,32.77591973244147,0.25084108114242554,0.14707207679748535,0.001,2.5
263,123.543056750018,124.39898546403866,0.0319647929027452,0.03278364327091437,210.5692167298079,211.13660785585742,2.2918260448941434,2.5825279365016467,17.784626122096075,17.083428561488123,2.2918260448941434,2.5825279365016467,32.49581239530988,33.11036789297659,0.2583491802215576,0.14398789405822754,0.001,2.5
264,121.82088415506897,125.30759662130605,0.031969711047221266,0.032821471986662985,210.56950805255116,211.13683893210114,2.2482309852612876,2.5985641224328493,17.570976286078217,17.217034416453895,2.2482309852612876,2.5985641224328493,32.83082077051927,32.77591973244147,0.29403114318847656,0.14170044660568237,0.001,2.5
265,123.07794754309471,125.43715864200657,0.03196381556004336,0.03278818096105869,210.5696069151912,211.13673426395275,2.2807418225797975,2.6016137823213303,17.724857522015597,17.233804814392908,2.2807418225797975,2.6016137823213303,32.747068676716914,32.441471571906355,0.25793224573135376,0.13481146097183228,0.001,2.5
266,124.47605464047123,124.72055895751137,0.0319609885264681,0.032856068346512356,210.5693613176969,211.13654243188557,2.358749047395971,2.586747682214182,17.77045755689867,17.13507018838838,2.358749047395971,2.586747682214182,32.663316582914575,32.77591973244147,0.23805731534957886,0.14269673824310303,0.001,2.5
267,123.92685744191334,125.18017955767272,0.0319602565599646,0.03283320033430655,210.56933844229283,211.13643118051382,2.3365118711238333,2.598448223094876,17.727330282904596,17.19189782924078,2.3365118711238333,2.598448223094876,32.24455611390285,32.77591973244147,0.23319017887115479,0.13596391677856445,0.001,2.5
268,122.12962483161658,125.15449717850191,0.0319562016095548,0.03281468613988978,210.56915434001877,211.13622863157138,2.2984630949732847,2.582428370032422,17.48203078067083,17.23482412000165,2.2984630949732847,2.582428370032422,32.663316582914575,32.77591973244147,0.2371584177017212,0.14514625072479248,0.001,2.5
269,123.29805589481015,124.95122627590014,0.03196472869296769,0.03283752063694208,210.5689514773575,211.13597341684195,2.3246113862623923,2.588187263163436,17.637270513691096,17.176887400572912,2.3246113862623923,2.588187263163436,32.57956448911223,33.11036789297659,0.23858535289764404,0.14074748754501343,0.001,2.5
270,123.19560469175303,124.95560075128357,0.03194974867667585,0.032802028637566295,210.5683692663758,211.13545038229645,2.2897860708348516,2.5938094100824567,17.72125865546503,17.160904153932297,2.2897860708348516,2.5938094100824567,32.747068676716914,32.77591973244147,0.2540772557258606,0.1414387822151184,0.001,2.5
271,123.28451862686643,125.37573180948213,0.0319512790783466,0.0328366851502637,210.56793851868392,211.134975114395,2.3311294762533112,2.5973251424106865,17.615011440449624,17.234376199269374,2.3311294762533112,2.5973251424106865,32.914572864321606,32.77591973244147,0.23480379581451416,0.14073514938354492,0.001,2.5
272,123.41503420626897,125.35996963347878,0.03196544097221676,0.032835504806360674,210.56778051226183,211.13504058939955,2.2886521968010882,2.585325351925598,17.768543588456197,17.26722334539611,2.2886521968010882,2.585325351925598,32.1608040201005,32.77591973244147,0.2651115655899048,0.14290493726730347,0.001,2.5
273,123.31303957838509,125.54518921000503,0.03196147403101027,0.03282395081227041,210.56798012891608,211.13538276391682,2.2876974541937285,2.5988831807139725,17.75100944749075,17.26359639438897,2.2876974541937285,2.5988831807139725,32.663316582914575,32.77591973244147,0.2612413763999939,0.13642102479934692,0.001,2.5
274,123.4310784779202,125.33137116703301,0.03194694196683678,0.03284018877955982,210.56793092762805,211.13517786746837,2.306323313433521,2.5944963362703355,17.718742415333914,17.233990972257377,2.306323313433521,2.5944963362703355,32.914572864321606,32.77591973244147,0.24269431829452515,0.1431155800819397,0.001,2.5
275,123.42186383066864,125.08818072060677,0.03195149606870647,0.0328058583481256,210.56804070400833,211.13527600342613,2.320408935722594,2.5828323140989577,17.674641645933114,17.220349927411032,2.320408935722594,2.5828323140989577,32.41206030150754,32.77591973244147,0.23791444301605225,0.1475340723991394,0.001,2.5
276,122.50441900409845,125.2116730348721,0.03194775678828933,0.03280740886627631,210.5679761416948,211.13509943014802,2.3517479912519854,2.58633089703461,17.397136739350643,17.234553818718645,2.3517479912519854,2.58633089703461,32.49581239530988,32.77591973244147,0.23512190580368042,0.1451990008354187,0.001,2.5
277,124.6362213441475,125.10534581213093,0.03195192206220411,0.032780226631507425,210.5679315154876,211.13532177979332,2.370480882861906,2.5815051391371915,17.76729732622054,17.22777017063919,2.370480882861906,2.5815051391371915,32.747068676716914,32.77591973244147,0.20767885446548462,0.1455175280570984,0.001,2.5
278,124.12151936031067,124.85819162732383,0.03196717975302357,0.032788292968950944,210.56823697241907,211.13555505044485,2.3528477322915493,2.5968190555189765,17.717253689789892,17.13239563268961,2.3528477322915493,2.5968190555189765,32.32830820770519,33.11036789297659,0.23092621564865112,0.14136743545532227,0.001,2.5
279,123.56346191712959,124.30949447784934,0.03195980876384668,0.032807606344039626,210.56827917051075,211.1355987344697,2.2995758879324497,2.579291850826812,17.765458782713615,17.07523511165759,2.2995758879324497,2.579291850826812,31.993299832495815,33.11036789297659,0.26669955253601074,0.14879411458969116,0.001,2.5
280,122.96387618430695,124.79326902663827,0.031953379823834054,0.032857907992043224,210.56849289579407,211.13585588844325,2.320285215250012,2.5882287599569977,17.583415266257436,17.145167870665077,2.320285215250012,2.5882287599569977,32.747068676716914,32.77591973244147,0.24775856733322144,0.1416805386543274,0.001,2.5
281,123.0629657381144,124.57872494088367,0.03196845246694196,0.03282983660897284,210.56869481276826,211.13594096001972,2.2776260164315176,2.5920594759210696,17.731207778905105,17.090774609492374,2.2776260164315176,2.5920594759210696,32.1608040201005,32.77591973244147,0.2691003680229187,0.1386094093322754,0.001,2.5
282,122.73228768966905,124.54652200654199,0.031948679686840654,0.03278753457958483,210.56874534313005,211.13597367200563,2.291343675785927,2.5944846417991614,17.623922811281343,17.077065534814942,2.291343675785927,2.5944846417991614,32.57956448911223,32.77591973244147,0.23916852474212646,0.14306581020355225,0.001,2.5
283,122.92372317929164,124.7717831206561,0.03195801470272705,0.032790139367349175,210.5687397712439,211.1359475432431,2.2990624421405634,2.593325698654787,17.63905185271348,17.12559424754369,2.2990624421405634,2.593325698654787,31.993299832495815,33.11036789297659,0.24089038372039795,0.13967084884643555,0.001,2.5
284,122.73229643088489,125.43278365629573,0.03196556796904784,0.03278952662562048,210.5687265827428,211.1359410620852,2.3038212953500414,2.605034452616969,17.58648855762066,17.222669537649505,2.3038212953500414,2.605034452616969,32.24455611390285,32.10702341137124,0.2450639009475708,0.13275092840194702,0.001,2.5
285,123.33056313468384,124.94125789782674,0.03194027314808101,0.03282526834403791,210.56881586071634,211.1362354189257,2.294417527852146,2.5874062740683157,17.734358741210734,17.17723962216074,2.294417527852146,2.5874062740683157,32.914572864321606,33.11036789297659,0.2633870244026184,0.14185208082199097,0.001,2.5
286,122.35790891663314,125.26986561650816,0.031962891600689096,0.03278132106946862,210.56900824414225,211.1360915066008,2.292278350897171,2.6001774722517137,17.546240284215266,17.204657643933757,2.292278350897171,2.6001774722517137,32.49581239530988,32.77591973244147,0.27035701274871826,0.1362771987915039,0.001,2.5
287,122.504094147802,124.83639148724916,0.031957184767952715,0.03278708609948589,210.5688003718953,211.13604358685853,2.322600833534995,2.5839872902452345,17.484510365842375,17.16653166168111,2.322600833534995,2.5839872902452345,32.41206030150754,32.77591973244147,0.24079018831253052,0.14227235317230225,0.001,2.5
288,123.52196268819684,125.21687375582181,0.031955139564858806,0.0327958745078299,210.56887295976955,211.13617224039442,2.3309072060401315,2.5992450395156705,17.663166301733686,17.19685281479239,2.3309072060401315,2.5992450395156705,32.077051926298154,33.44481605351171,0.2421048879623413,0.13583672046661377,0.001,2.5
289,123.13828960016146,125.28111746797593,0.03197988896463784,0.03281626657249537,210.56903173296496,211.13653834926643,2.341518892914406,2.5859909647683237,17.55459176835103,17.249459815264547,2.341518892914406,2.5859909647683237,32.663316582914575,32.77591973244147,0.24069297313690186,0.14648526906967163,0.001,2.5
290,123.35080390559568,125.44541272830006,0.03194480916014069,0.03279076326003043,210.5692716818958,211.13659504663985,2.353290450433191,2.593650337844389,17.561786530205552,17.25934649630135,2.353290450433191,2.593650337844389,32.41206030150754,32.77591973244147,0.22657746076583862,0.13828915357589722,0.001,2.5
291,123.14835274598906,125.28549209645759,0.03194981702358479,0.03281487722610151,210.5694699950354,211.13675860656943,2.281176515160693,2.5893675969994585,17.737637039005655,17.24020513005081,2.281176515160693,2.5893675969994585,32.24455611390285,32.77591973244147,0.27922797203063965,0.14570313692092896,0.001,2.5
292,123.280241565289,125.11810966159986,0.03195773429195186,0.032832483708061105,210.56949795670246,211.13667353499295,2.2996917326046993,2.59996237563449,17.708467652849617,17.174940897070844,2.2996917326046993,2.59996237563449,32.41206030150754,33.44481605351171,0.24044400453567505,0.13578307628631592,0.001,2.5
293,122.77608944942403,125.31079849192132,0.03196643317863969,0.03280028959979182,210.5693881803222,211.13670619594612,2.2633179204547824,2.5903318414720005,17.71675706668515,17.24237629242964,2.2633179204547824,2.5903318414720005,32.663316582914575,32.77591973244147,0.25933486223220825,0.1365559697151184,0.001,2.5
294,122.743414209516,124.80253613832403,0.031966737289000395,0.03280788665033105,210.56949284488033,211.1366800671836,2.301594625565674,2.5917292207379803,17.59539127509598,17.136531593807565,2.301594625565674,2.5917292207379803,32.32830820770519,33.11036789297659,0.25503480434417725,0.13532692193984985,0.001,2.5
295,123.47284615419218,124.47560599336656,0.031965415525426415,0.0328261889268124,210.56949057011948,211.13677820314132,2.3418269105492726,2.581781345865001,17.620581293026206,17.100985402646273,2.3418269105492726,2.581781345865001,32.747068676716914,32.441471571906355,0.23177117109298706,0.14549964666366577,0.001,2.5
296,122.63308907513643,124.8764985763907,0.031968355871474924,0.032829287570954165,210.56946503656792,211.1363922425337,2.279932239347167,2.5974530248737655,17.638313031476148,17.134147296382434,2.279932239347167,2.5974530248737655,32.83082077051927,33.11036789297659,0.2611883282661438,0.14078855514526367,0.001,2.5
297,123.95329849524315,124.79352454756415,0.03194301004460708,0.03281096448766747,210.5690841291418,211.13628762541805,2.3443301690483414,2.5940510636588003,17.709167007625204,17.127761837630768,2.3443301690483414,2.5940510636588003,32.663316582914575,32.77591973244147,0.233656108379364,0.14497077465057373,0.001,2.5
298,123.7385286494116,125.0683608039167,0.03196479550483239,0.03280390751700736,210.5687886402635,211.13595193205867,2.33694559126044,2.584731560487014,17.688362254169917,17.210689238481297,2.33694559126044,2.584731560487014,32.57956448911223,33.11036789297659,0.21147692203521729,0.14830297231674194,0.001,2.5
299,123.01339100593299,125.11472134287142,0.031965387407908684,0.032843730135207194,210.56881928563718,211.13628976879312,2.3195074363369836,2.5875774251178756,17.59564857227319,17.21141665276875,2.3195074363369836,2.5875774251178756,32.49581239530988,33.11036789297659,0.24550026655197144,0.141157329082489,0.001,2.5
300,122.49131408129105,124.78581503163214,0.03197488890745532,0.032800185453632606,210.56913169464673,211.13650992403063,2.3139744168350247,2.5784129673820675,17.50783041054679,17.17313757229808,2.3139744168350247,2.5784129673820675,32.99832495812395,32.77591973244147,0.25452613830566406,0.14633512496948242,0.001,2.5
301,122.98975261132321,124.48370534839438,0.03194555607772552,0.032802859614026986,210.56913506844936,211.13647287426187,2.3372507714346624,2.599869988036395,17.537695263298712,17.048342676067033,2.3372507714346624,2.599869988036395,32.663316582914575,33.11036789297659,0.2330835461616516,0.1304847002029419,0.001,2.5
302,121.52226561477636,125.06248007171529,0.03197011604306087,0.032802125432818234,210.5688896243097,211.13590610465874,2.285052619787117,2.5991930562915613,17.400787938180283,17.166129960662943,2.285052619787117,2.5991930562915613,32.57956448911223,32.77591973244147,0.26334941387176514,0.13431590795516968,0.001,2.5
303,122.59232566744039,125.30668076224948,0.031955008249935794,0.03280211453104896,210.56866437186747,211.135964792309,2.2973009593522726,2.6069500175208153,17.578057230018093,17.191698552772753,2.2973009593522726,2.6069500175208153,32.24455611390285,32.77591973244147,0.2601451277732849,0.12947213649749756,0.001,2.5
304,122.88046351549414,125.10917719710233,0.03195936661494437,0.03278061417383095,210.5687505316295,211.13588844733096,2.2877929326477564,2.5876712926654113,17.664208254023414,17.21003896655845,2.2877929326477564,2.5876712926654113,32.663316582914575,32.441471571906355,0.24524939060211182,0.14136260747909546,0.001,2.5
305,122.95731549286963,125.04568831019577,0.03195520910361105,0.03276440122454462,210.5686694325714,211.13586226753566,2.3276376496607334,2.6027295764872065,17.56004486850758,17.15216948595334,2.3276376496607334,2.6027295764872065,32.663316582914575,32.77591973244147,0.2438204288482666,0.13495665788650513,0.001,2.5
306,123.2966388977153,125.09251791657412,0.031948449501964314,0.032788432673566716,210.56808543245197,211.13494883253423,2.312917316978301,2.5953530029309633,17.67207312464115,17.18366023609072,2.312917316978301,2.5953530029309633,32.24455611390285,32.77591973244147,0.2499237060546875,0.13520091772079468,0.001,2.5
307,123.25946888372526,124.91309175523229,0.03197722331974874,0.032817456958485286,210.56774102343587,211.13504252864365,2.3237102570845254,2.596956136633321,17.632254356115908,17.14295969679204,2.3237102570845254,2.596956136633321,32.57956448911223,32.77591973244147,0.24021708965301514,0.13605964183807373,0.001,2.5
308,122.98054095448761,124.73819423917942,0.03196148849537025,0.032820299815972113,210.56773217998358,211.1350141544406,2.300257351330577,2.587382235255927,17.646830333537192,17.13670073863256,2.300257351330577,2.587382235255927,32.57956448911223,32.441471571906355,0.2465982437133789,0.14171403646469116,0.001,2.5
309,123.07140976540008,124.88951202698775,0.031961218140382865,0.03275186663188265,210.56794237810962,211.13512520168138,2.2920567861553813,2.5993297538629743,17.689605955702177,17.13113640941505,2.2920567861553813,2.5993297538629743,32.49581239530988,32.77591973244147,0.2539154887199402,0.1373215913772583,0.001,2.5
310,123.05831551352138,124.91302796430811,0.031954969274788046,0.03281580236893035,210.56794317044205,211.13518404242984,2.3440381582058856,2.5976350171908886,17.53104401912721,17.140909985953748,2.3440381582058856,2.5976350171908886,32.41206030150754,33.11036789297659,0.22615301609039307,0.14098912477493286,0.001,2.5
311,123.3174130489279,124.5984834907047,0.03196074706276058,0.03282254556798217,210.56784916403305,211.13497036835022,2.3493221940307363,2.5904713641839683,17.56701080283927,17.09949165522853,2.3493221940307363,2.5904713641839683,32.24455611390285,33.11036789297659,0.23374640941619873,0.14080345630645752,0.001,2.5
312,123.04041892200259,125.13148666943196,0.03195046996650983,0.03278410008619462,210.567719809374,211.13491591641736,2.296180584921909,2.596842727533551,17.67103848225707,17.186985548523356,2.296180584921909,2.596842727533551,32.49581239530988,32.441471571906355,0.26448142528533936,0.1349446177482605,0.001,2.5
313,123.00874285162793,125.13629757680224,0.031939340390302426,0.032804046984899006,210.56758564960217,211.13428152843463,2.3421898215659698,2.5937261326257204,17.526677888841487,17.19729395773897,2.3421898215659698,2.5937261326257204,32.747068676716914,32.77591973244147,0.2347601056098938,0.13995909690856934,0.001,2.5
314,123.36466456018701,124.39246820047946,0.031957044027483644,0.03278016269107328,210.5668988251806,211.1340068702315,2.280845965172977,2.5819943796432137,17.78188986594553,17.083727830229794,2.280845965172977,2.5819943796432137,32.663316582914575,33.11036789297659,0.2751618027687073,0.14483147859573364,0.001,2.5
315,122.46800873467271,124.9357080619072,0.03195606246965015,0.032768371312514595,210.56714406484735,211.13443192191747,2.2760086311167806,2.5933285596777362,17.617070940870736,17.158374936285625,2.2760086311167806,2.5933285596777362,32.32830820770519,32.77591973244147,0.2868115305900574,0.14021068811416626,0.001,2.5
316,122.86828134047926,124.8392659573252,0.0319647550695206,0.03281746435922923,210.56723566869994,211.13436001678772,2.328794605967587,2.592452968642066,17.538765931249262,17.141704693287114,2.328794605967587,2.592452968642066,32.663316582914575,33.11036789297659,0.24231958389282227,0.1419115662574768,0.001,2.5
317,122.63575021306075,125.15168272292733,0.03195292026528362,0.032758560829039,210.56724936838324,211.13420962330488,2.3333236815741714,2.5952499941439933,17.478674867844063,17.195807367662923,2.3333236815741714,2.5952499941439933,31.993299832495815,32.77591973244147,0.2180018424987793,0.1409229040145874,0.001,2.5
318,123.50304247985534,124.98115937606148,0.03195574552045396,0.03278676939997386,210.56707845461028,211.1342684130206,2.28949970096799,2.595384470196472,17.78360448610443,17.161294621368715,2.28949970096799,2.595384470196472,32.57956448911223,32.77591973244147,0.2558012008666992,0.1375410556793213,0.001,2.5
319,123.20733468776173,124.82940819271433,0.03196362118350601,0.03279704488440102,210.56710976452084,211.1343141893878,2.3021218904498433,2.5964331443493185,17.68659501259451,17.127796380416207,2.3021218904498433,2.5964331443493185,32.32830820770519,32.77591973244147,0.2696838974952698,0.13742876052856445,0.001,2.5
320,123.31947868513302,125.82164123943419,0.031953568765316374,0.032809514614650634,210.56718017987072,211.1342945928159,2.3271311583431125,2.596761596641413,17.633998528996504,17.32525518666143,2.3271311583431125,2.596761596641413,32.49581239530988,32.77591973244147,0.24115407466888428,0.14459049701690674,0.001,2.5
321,123.85135444883925,125.45924994937552,0.03196547602863368,0.032801998187367336,210.5671619051066,211.1342684130206,2.360430783362844,2.5994724485786462,17.64047179869072,17.244645893773107,2.360430783362844,2.5994724485786462,32.57956448911223,32.441471571906355,0.2230944037437439,0.13793796300888062,0.001,2.5
322,122.49866865148496,125.34342803444751,0.03195823297853047,0.032814551942224886,210.56713573257727,211.134346850341,2.29354522176324,2.5901634525694575,17.570592539993363,17.24940497739658,2.29354522176324,2.5901634525694575,32.49581239530988,33.11036789297659,0.26130980253219604,0.1368817687034607,0.001,2.5
323,123.8940773840925,125.28370431753305,0.03197556407108179,0.03284960500522202,210.56733565594084,211.13469341367383,2.3063790143235043,2.589378680672534,17.811169597172057,17.239808360071088,2.3063790143235043,2.589378680672534,32.32830820770519,32.77591973244147,0.25302278995513916,0.1428930163383484,0.001,2.5
324,123.11562885431388,125.07082532799762,0.03193329842807959,0.03279613515355914,210.5675202693971,211.13442528766134,2.3298201848514117,2.5800821446256097,17.585165199522596,17.225133442958462,2.3298201848514117,2.5800821446256097,32.49581239530988,32.77591973244147,0.2384132742881775,0.14478302001953125,0.001,2.5
325,123.0733347625988,124.77365214370167,0.03195412016756071,0.032832967223331684,210.56733563038173,211.13368847697078,2.3526441735438564,2.589569268019303,17.508230161427253,17.13722909653067,2.3526441735438564,2.589569268019303,32.57956448911223,32.77591973244147,0.22636812925338745,0.1357296109199524,0.001,2.5
326,124.10341678791909,124.8876117719057,0.03194385718310898,0.03281761419314604,210.56645363659115,211.1333811067817,2.3389753951898573,2.5835441761590965,17.75525511129817,17.178100136211484,2.3389753951898573,2.5835441761590965,32.41206030150754,33.11036789297659,0.23954689502716064,0.14565002918243408,0.001,2.5
327,123.64257204193166,125.43589384659477,0.03196277116835616,0.032768940397329555,210.56625005827476,211.1332830218567,2.303697722641068,2.590022221855495,17.768915080544936,17.268331221513524,2.303697722641068,2.590022221855495,32.41206030150754,32.77591973244147,0.24910151958465576,0.1417585015296936,0.001,2.5
328,123.74612554553366,125.39467026318196,0.03195260258912541,0.03281034839442343,210.5661120135181,211.13320667687867,2.3437471761176334,2.597443650797458,17.669479897273845,17.23781380605538,2.3437471761176334,2.597443650797458,32.663316582914575,32.77591973244147,0.24455159902572632,0.13895833492279053,0.001,2.5
329,122.97196666519446,125.07556637154774,0.03197380318189386,0.032815877323266254,210.56620351513428,211.13358391088786,2.277509237653646,2.5913472079911757,17.713357411037936,17.19228097666865,2.277509237653646,2.5913472079911757,32.41206030150754,32.77591973244147,0.2641931176185608,0.14497315883636475,0.001,2.5
330,123.16720031533808,124.71530631074937,0.03195648254137143,0.03278891802033453,210.56638030750267,211.1333701857755,2.3032290472257477,2.598946013179511,17.675248138069907,17.097438502869878,2.3032290472257477,2.598946013179511,32.32830820770519,32.77591973244147,0.23937159776687622,0.13164913654327393,0.001,2.5
331,122.6472275828197,124.52966910780074,0.03196707393481105,0.03282814956329339,210.5664743650299,211.133847597052,2.334651650695545,2.5930314199581592,17.476983682194746,17.078046400012777,2.334651650695545,2.5930314199581592,31.993299832495815,33.11036789297659,0.23608291149139404,0.13463586568832397,0.001,2.5
332,122.64906942345189,124.31809640329418,0.03194525515289363,0.03281868066028209,210.5666846909515,211.1335663045928,2.319459820512551,2.5885646279440278,17.52293206539186,17.04913432781513,2.319459820512551,2.5885646279440278,32.49581239530988,33.11036789297659,0.23723465204238892,0.1411716341972351,0.001,2.5
333,122.49293978130397,124.32878735392389,0.03193909107041319,0.0328286240955061,210.56644742572726,211.1331326283739,2.295190547978259,2.5816825401025474,17.564515188910455,17.071916369690147,2.295190547978259,2.5816825401025474,32.32830820770519,33.11036789297659,0.251445472240448,0.1393035650253296,0.001,2.5
334,122.44281819917049,124.53776596222434,0.031954151508047354,0.03281165950972101,210.56597148952773,211.1330497512052,2.2714286942777524,2.5935586232405443,17.625773169487164,17.078088425473624,2.2714286942777524,2.5935586232405443,32.077051926298154,32.77591973244147,0.27105164527893066,0.13493973016738892,0.001,2.5
335,122.9431727934922,124.72081100821096,0.0319464281700564,0.032791479624633406,210.56602991765467,211.1332764896661,2.279101640934521,2.5848547208269306,17.702827555849723,17.140813770102817,2.279101640934521,2.5848547208269306,32.747068676716914,32.77591973244147,0.27502185106277466,0.1406506896018982,0.001,2.5
336,122.45652264925702,125.46348270684182,0.03194543363610704,0.03280921351401304,210.5662491637059,211.13344653075356,2.3109930112733315,2.588196804690919,17.509823176129977,17.279318337456438,2.3109930112733315,2.588196804690919,32.41206030150754,33.44481605351171,0.24672222137451172,0.14379072189331055,0.001,2.5
337,122.79446119758951,124.82119421815393,0.03197331649798844,0.032856223762135046,210.56631888895978,211.1334486741286,2.3116485090111967,2.596149102501247,17.575438871655233,17.126994333937017,2.3116485090111967,2.596149102501247,32.49581239530988,32.77591973244147,0.24962806701660156,0.13737857341766357,0.001,2.5
338,122.23744170989224,125.06063250793662,0.03196727526896763,0.03278646345272112,210.56621685699002,211.13301494687695,2.295869855225785,2.6034870506529026,17.511371785072825,17.152881638262183,2.295869855225785,2.6034870506529026,32.41206030150754,32.77591973244147,0.25147509574890137,0.13826346397399902,0.001,2.5
339,123.1533669706565,124.94834113998158,0.031968180352269705,0.0328087329640237,210.56577008373574,211.13325250427857,2.3471698641177996,2.58607096975065,17.540657113744587,17.18266652021121,2.3471698641177996,2.58607096975065,32.57956448911223,32.77591973244147,0.2285708785057068,0.1421184539794922,0.001,2.5
340,122.6732848277643,125.21689052007669,0.03196405172597623,0.03283662020063719,210.56627860780137,211.1336252474067,2.303816828496093,2.5829782749099475,17.574699972143126,17.245649356905833,2.303816828496093,2.5829782749099475,32.83082077051927,32.10702341137124,0.25414133071899414,0.14384865760803223,0.001,2.5
341,123.48278172171895,124.87259699588635,0.03197041725493356,0.03283880186270312,210.56648479314705,211.1337473177192,2.288958233205517,2.591079363456139,17.781174041518014,17.152486233408236,2.288958233205517,2.591079363456139,32.83082077051927,33.11036789297659,0.2577061653137207,0.14019101858139038,0.001,2.5
342,123.08028970331802,124.82586095803558,0.03194965846474646,0.03281379327875714,210.56666557273672,211.13387811463014,2.3170486031664876,2.5905890297331537,17.61640894712515,17.14461551462129,2.3170486031664876,2.5905890297331537,32.57956448911223,33.11036789297659,0.24857139587402344,0.14008021354675293,0.001,2.5
343,123.06412228787165,125.44641638918465,0.031972061424598824,0.03283512304508965,210.5668146590292,211.1340263137052,2.349392916089925,2.597921595525582,17.516138281255113,17.24672372046123,2.349392916089925,2.597921595525582,32.24455611390285,32.77591973244147,0.2180284857749939,0.13734328746795654,0.001,2.5
344,123.04318437943706,125.97341607645602,0.03195281736115914,0.03281922775467104,210.5671880776359,211.1343859414193,2.272411862010732,2.6016666578209917,17.742896393116194,17.340892332453393,2.272411862010732,2.6016666578209917,32.663316582914575,32.77591973244147,0.25827616453170776,0.1313806176185608,0.001,2.5
345,124.29458546598552,125.23121464451819,0.031970170100330306,0.0328366117907009,210.56743022465028,211.13448407737707,2.3568080473984505,2.6008518252484376,17.73998536855931,17.19489365836051,2.3568080473984505,2.6008518252484376,32.1608040201005,32.77591973244147,0.22754758596420288,0.14095193147659302,0.001,2.5
346,122.61298971000429,125.02968383074604,0.03195959917414728,0.032831632983824084,210.56749741955218,211.1345799678943,2.2987732044616136,2.6087798553964365,17.577772926445583,17.130804253262422,2.2987732044616136,2.6087798553964365,32.747068676716914,32.77591973244147,0.25533968210220337,0.13058865070343018,0.001,2.5
347,123.2344337603954,125.10677245787554,0.031972581710997136,0.032815398243458374,210.56750140677346,211.1347761377443,2.345956702128527,2.6133667569495365,17.560508641765345,17.132463260637877,2.345956702128527,2.6133667569495365,31.993299832495815,32.77591973244147,0.22889649868011475,0.12780481576919556,0.001,2.5
348,124.04881004192922,124.95853870608735,0.031960824526334725,0.03280378595293565,210.56771242279103,211.1349025968724,2.341590315452972,2.6071881801388335,17.73648531992032,17.121355602175097,2.341590315452972,2.6071881801388335,32.49581239530988,32.77591973244147,0.2311859130859375,0.13120025396347046,0.001,2.5
349,123.91850510793715,124.54985189278389,0.031958056879003646,0.03282107956034683,210.56764860169173,211.13470652908785,2.3180330123134594,2.592901337505583,17.781096715623608,17.082475263538168,2.3180330123134594,2.592901337505583,32.1608040201005,32.77591973244147,0.25038808584213257,0.13900911808013916,0.001,2.5
350,122.7098863560151,124.47935820104287,0.031968363490535986,0.03280867760795415,210.56755306173608,211.13464763730664,2.2916043196091898,2.5918760825957743,17.618657516275018,17.071455891714447,2.2916043196091898,2.5918760825957743,32.41206030150754,33.11036789297659,0.2607157230377197,0.14320844411849976,0.001,2.5
351,123.80172803613608,124.96978744455804,0.031948137800622625,0.032808244328036355,210.56760400104363,211.13479588741444,2.357963693800883,2.580850424973861,17.63795105376635,17.202618324637015,2.357963693800883,2.580850424973861,32.747068676716914,32.77591973244147,0.22788119316101074,0.15203052759170532,0.001,2.5
352,121.55129783796505,126.01955214790677,0.031953761597449455,0.03279459445323035,210.56758250583158,211.1346868814832,2.2654484164974398,2.6105091460173746,17.465410293246833,17.32359640255421,2.2654484164974398,2.6105091460173746,32.57956448911223,32.77591973244147,0.2756890058517456,0.13127267360687256,0.001,2.5
353,122.8737399614037,125.03696372756193,0.031948725026806,0.03282197944844845,210.56760216078766,211.1347369446005,2.3115427158585744,2.603564767135824,17.591616568253865,17.147906746752685,2.3115427158585744,2.603564767135824,32.1608040201005,32.77591973244147,0.24266517162322998,0.139936625957489,0.001,2.5
354,122.68952814098978,124.8863448841516,0.03193930754597163,0.03278129061926966,210.56782110012955,211.1349875663834,2.2916215476478565,2.58746630451751,17.614539592110333,17.166087826757526,2.2916215476478565,2.58746630451751,32.57956448911223,33.11036789297659,0.25521063804626465,0.1447058916091919,0.001,2.5
355,122.86792866309085,125.10031416264665,0.031957680262762495,0.03278332991045853,210.56803738132393,211.13506600370374,2.3120048485409277,2.5951914890952734,17.589066315336243,17.185704122817636,2.3120048485409277,2.5951914890952734,32.57956448911223,32.77591973244147,0.25983840227127075,0.14003747701644897,0.001,2.5
356,123.60303542042897,125.7563821543818,0.03195456510887074,0.03282379126020499,210.56804686375398,211.1354780930739,2.303864498234274,2.6029215417179374,17.760508998953917,17.29371867929414,2.303864498234274,2.6029215417179374,32.83082077051927,33.11036789297659,0.24873477220535278,0.13473933935165405,0.001,2.5
357,123.50252012831082,125.03350064587035,0.03194266387965012,0.03279224107895408,210.56824591810778,211.1353690871427,2.3423726554691693,2.583231480225273,17.624884102212725,17.208220529715753,2.3423726554691693,2.583231480225273,32.24455611390285,32.77591973244147,0.21836739778518677,0.14333975315093994,0.001,2.5
358,122.32431405992364,124.96025996383617,0.031950732334275145,0.03277456655749509,210.56819280627585,211.135275442066,2.272148839193373,2.5891074631923816,17.599912154614625,17.175947399841103,2.272148839193373,2.5891074631923816,32.1608040201005,32.77591973244147,0.26157963275909424,0.14297139644622803,0.001,2.5
359,123.4869463998868,125.35158921563904,0.031943485218800693,0.03279444861870546,210.5681895347097,211.1355173882832,2.3260531313654966,2.5892597799715786,17.670727899126472,17.253751053060576,2.3260531313654966,2.5892597799715786,32.32830820770519,32.77591973244147,0.2530210018157959,0.13919997215270996,0.001,2.5
360,122.66959257141829,125.61986684639717,0.031978018956268256,0.03278200481597795,210.56857028878113,211.1358072032099,2.2701403359871613,2.600084511332687,17.674988457505627,17.274937014117288,2.2701403359871613,2.600084511332687,32.32830820770519,32.77591973244147,0.2720603942871094,0.13758063316345215,0.001,2.5
361,123.28469876747835,125.12510413230463,0.03193928900376037,0.03282202351651463,210.5687145444017,211.13589217272093,2.262762628008972,2.5976272809465595,17.82014991849711,17.183346349658773,2.262762628008972,2.5976272809465595,32.49581239530988,32.77591973244147,0.270794153213501,0.1370941400527954,0.001,2.5
362,122.98875450249294,124.759674097782,0.031959327458836125,0.03279199674227166,210.5686888574955,211.1358180731834,2.313096723364825,2.588250712806166,17.609954899479597,17.138396642678558,2.313096723364825,2.588250712806166,32.57956448911223,33.11036789297659,0.23093396425247192,0.14257311820983887,0.001,2.5
363,123.00188048600751,124.96101619248407,0.03196801891990343,0.032788152678754415,210.56860814182403,211.13579194442084,2.3107913790436045,2.596433885918812,17.619494701749716,17.154116879338805,2.3107913790436045,2.596433885918812,32.41206030150754,32.441471571906355,0.26322078704833984,0.13880163431167603,0.001,2.5
364,121.99970969962115,124.58866754742371,0.031948022201183056,0.03281706641350303,210.56860678719116,211.1357352980802,2.2565832381671798,2.594980563607104,17.581689377725624,17.08400130192173,2.2565832381671798,2.594980563607104,32.663316582914575,32.77591973244147,0.2853362560272217,0.13609719276428223,0.001,2.5
365,123.79635719797719,124.87504092825695,0.03193602251697026,0.03280530643203984,210.56874074249012,211.13591411679883,2.343467690437483,2.6013585707814397,17.68036717426038,17.12214374223282,2.343467690437483,2.6013585707814397,32.24455611390285,33.11036789297659,0.23975902795791626,0.13107824325561523,0.001,2.5
366,122.83874851654922,125.12882385764233,0.03194386643705456,0.03281985078766992,210.56856865299807,211.13548687070508,2.322821151870779,2.600118259123735,17.550783448083518,17.17662022823474,2.322821151870779,2.600118259123735,32.32830820770519,32.77591973244147,0.24290406703948975,0.1395055055618286,0.001,2.5
367,123.12917895293116,125.68787483547045,0.03196060007915425,0.03282403509852081,210.56813074875518,211.13510534994577,2.3241111165914106,2.5931855284649394,17.604996559807603,17.30922651450371,2.3241111165914106,2.5931855284649394,32.49581239530988,32.77591973244147,0.24808788299560547,0.13882195949554443,0.001,2.5
368,123.21470751994019,125.36293415082338,0.03195779742532639,0.03279555414532339,210.56784430780203,211.1343075551317,2.297016942521036,2.5932500960436156,17.703385706123594,17.24405158562804,2.297016942521036,2.5932500960436156,32.57956448911223,32.77591973244147,0.24787288904190063,0.14037835597991943,0.001,2.5
369,123.47402453142993,125.18675772880631,0.03196134531817444,0.03280201845842859,210.5671177900816,211.13420293801605,2.2777852696589687,2.593996836588933,17.812943616704125,17.20657318970033,2.2777852696589687,2.593996836588933,32.49581239530988,32.77591973244147,0.25782376527786255,0.13866829872131348,0.001,2.5
370,122.53761281280262,124.48597967345579,0.03194973337615355,0.03278885258480059,210.5670281031623,211.13451030820508,2.2873559173826794,2.5848258697866995,17.596951393625844,17.093932429284955,2.2873559173826794,2.5848258697866995,32.663316582914575,32.77591973244147,0.2584448456764221,0.1433737874031067,0.001,2.5
371,122.78032757169638,124.83788766510112,0.03195232050290559,0.032777956559207524,210.56748760485368,211.13498118729098,2.2995273180343396,2.5944859774216362,17.60897976349746,17.13533617740491,2.2995273180343396,2.5944859774216362,32.41206030150754,32.77591973244147,0.25541383028030396,0.13780707120895386,0.001,2.5
372,123.24698353931932,124.78150220379781,0.03194026638702232,0.032786817068738684,210.56784338767406,211.13494194311443,2.3294772702445536,2.585862256212777,17.61246333289985,17.149930277795697,2.3294772702445536,2.585862256212777,32.663316582914575,33.11036789297659,0.2474268078804016,0.14801740646362305,0.001,2.5
373,122.96674580789691,125.25088220296496,0.031953565308346824,0.03281874617057102,210.56793264008846,211.13508580440663,2.291559241325212,2.5849321303160293,17.670167833516746,17.246589523494045,2.291559241325212,2.5849321303160293,33.0820770519263,32.77591973244147,0.26908284425735474,0.14525210857391357,0.001,2.5
374,124.15709069026775,124.39191130571142,0.03196483122269113,0.03282059225749013,210.56787196275977,211.13505967564407,2.341731762366878,2.5929736493024538,17.7577167204277,17.05066962864088,2.341731762366878,2.5929736493024538,32.41206030150754,33.11036789297659,0.24013715982437134,0.14371180534362793,0.001,2.5
375,121.81518127850352,125.44958207758772,0.03194392260968985,0.03284829107415317,210.5678948637229,211.13494199414717,2.284534591326562,2.5953682481644544,17.4609299904138,17.25501507979173,2.284534591326562,2.5953682481644544,32.663316582914575,33.11036789297659,0.26772183179855347,0.13755065202713013,0.001,2.5
376,123.43070301458464,124.94635634916682,0.03194458570512296,0.03280348449098227,210.56767482533925,211.13475235648778,2.291375804386746,2.591500819726134,17.763510213625093,17.165981885980205,2.291375804386746,2.591500819726134,32.83082077051927,33.11036789297659,0.26665443181991577,0.14392495155334473,0.001,2.5
377,123.19492356701312,124.75944799723035,0.031949515231390495,0.03280271223456564,210.5675643333039,211.13466738697676,2.3153994664474946,2.5871104420626843,17.644282796275075,17.141771549365192,2.3153994664474946,2.5871104420626843,32.83082077051927,32.77591973244147,0.24732792377471924,0.14338326454162598,0.001,2.5
378,122.2554579180489,125.03988285128489,0.03195196637880662,0.03285353254514394,210.56752341316772,211.13473924107376,2.27764303680241,2.594152323777062,17.56965855577683,17.176721113581323,2.27764303680241,2.594152323777062,32.57956448911223,32.441471571906355,0.2720322012901306,0.13977360725402832,0.001,2.5
379,122.15528067072832,124.38608380065713,0.03197110821828371,0.032810483152750744,210.567613790183,211.13496817394244,2.255166365672995,2.592700729402013,17.617049110195346,17.050325227820355,2.255166365672995,2.592700729402013,33.0820770519263,33.11036789297659,0.27917128801345825,0.14608347415924072,0.001,2.5
380,121.45149747251067,124.79018616437115,0.031963021024886885,0.03281952952810355,210.56784277425538,211.13507493443313,2.272640249437623,2.5969684131966786,17.42387266175032,17.11834143954376,2.272640249437623,2.5969684131966786,32.83082077051927,32.77591973244147,0.25982266664505005,0.14096808433532715,0.001,2.5
381,124.11312692408985,124.42092688825218,0.03196301533087115,0.032790497381451934,210.56794562411667,211.13513811296443,2.331018128387093,2.586166274188753,17.78106451433907,17.0769008043219,2.331018128387093,2.586166274188753,32.32830820770519,33.11036789297659,0.24419164657592773,0.1464133858680725,0.001,2.5
382,123.2968806357839,125.47704424905936,0.03195861035605371,0.03282486896550775,210.56805033979305,211.13536046260975,2.3288638623715245,2.5989252388676674,17.624278999852574,17.249840395107714,2.3288638623715245,2.5989252388676674,32.83082077051927,33.11036789297659,0.23714804649353027,0.13748180866241455,0.001,2.5
383,123.23400531302345,125.1861289544249,0.031961030028822834,0.032819618773101564,210.5681691896576,211.135373526991,2.3090584389927797,2.601819076665668,17.671119689941406,17.182977925176207,2.3090584389927797,2.601819076665668,32.747068676716914,33.11036789297659,0.2527046203613281,0.1323292851448059,0.001,2.5
384,122.57602769605678,124.17578681256859,0.03196132798340652,0.0328305746899002,210.56818777113105,211.13540838235198,2.3042368365691934,2.5826433701658726,17.553989039793287,17.038434660155637,2.3042368365691934,2.5826433701658726,32.32830820770519,32.77591973244147,0.2535349726676941,0.13751721382141113,0.001,2.5
385,122.72487097249758,124.97008282205333,0.03195272249105688,0.032855521862622486,210.56822856347165,211.13530157082855,2.294845305495526,2.592736530463432,17.611933981353914,17.1670091399381,2.294845305495526,2.592736530463432,32.57956448911223,32.77591973244147,0.24790841341018677,0.13980859518051147,0.001,2.5
386,122.93615594860697,125.07300942717588,0.031952095403643306,0.032809143456128925,210.56811101712174,211.13549993508636,2.295530484549364,2.601846472475441,17.65213539212992,17.160273459444078,2.295530484549364,2.601846472475441,32.663316582914575,33.11036789297659,0.26548779010772705,0.13277864456176758,0.001,2.5
387,124.13933615628599,125.49438231605352,0.0319505500789713,0.032846485367387435,210.56843147725115,211.13547166294876,2.312921828361013,2.602700899277244,17.84059781405195,17.241977997846828,2.312921828361013,2.602700899277244,32.663316582914575,33.11036789297659,0.2523661255836487,0.1317930817604065,0.001,2.5
388,123.13558448778724,125.13819673468038,0.03194854100245727,0.03281750801614296,210.56825136219837,211.13556311361765,2.3171281167610207,2.59499115449529,17.62722954358687,17.193876091054452,2.3171281167610207,2.59499115449529,32.663316582914575,32.77591973244147,0.24844932556152344,0.13799357414245605,0.001,2.5
389,123.1346004109087,125.30664519243017,0.03195303010206726,0.03279510525407201,210.56861731754475,211.13599041074414,2.321904102961222,2.605401420274307,17.612703495888255,17.19633783066153,2.321904102961222,2.605401420274307,32.32830820770519,32.77591973244147,0.23202985525131226,0.13613450527191162,0.001,2.5
390,123.63633745918722,125.3550583702266,0.03195346347126529,0.03278349266452933,210.56852947088143,211.1357942408941,2.3398552687723235,2.594271704504721,17.659197093254356,17.239412556523863,2.3398552687723235,2.594271704504721,32.32830820770519,32.77591973244147,0.23676568269729614,0.13724225759506226,0.001,2.5
391,123.49488592866678,125.19114820295353,0.03195291970992208,0.03281788643835779,210.56861637185767,211.13579209751907,2.3114843947603876,2.588573424712471,17.716019842892237,17.223719223685887,2.3114843947603876,2.588573424712471,32.914572864321606,33.11036789297659,0.2577918767929077,0.13945281505584717,0.001,2.5
392,124.02254819630379,124.60496286245493,0.03194876747764335,0.0328020792591532,210.56852648046547,211.13572672457997,2.317952333782586,2.591979820194053,17.802148732707728,17.096264902963288,2.317952333782586,2.591979820194053,32.41206030150754,32.77591973244147,0.25977838039398193,0.1343337893486023,0.001,2.5
393,123.44822452615453,124.80005122666375,0.03196159752719167,0.032815022898657266,210.56847551559883,211.13574637218463,2.340078273210893,2.5958656507192246,17.62090448798047,17.12362234568516,2.340078273210893,2.5958656507192246,32.32830820770519,33.11036789297659,0.23099857568740845,0.1400654911994934,0.001,2.5
394,122.42461755647132,125.4232927405316,0.03195562322859588,0.0328245870021474,210.56859526003225,211.13594044969233,2.283203896565653,2.5912475410512457,17.5868070401139,17.262124406055463,2.283203896565653,2.5912475410512457,32.663316582914575,32.77591973244147,0.2677621841430664,0.1383674144744873,0.001,2.5
395,122.79875765853191,125.85860904961525,0.03194164787068139,0.03280951638385205,210.56861951562828,211.13571376226417,2.283935220596978,2.598781778660905,17.659444419183522,17.326587842858356,2.283935220596978,2.598781778660905,32.57956448911223,33.44481605351171,0.2629290819168091,0.13843631744384766,0.001,2.5
396,122.21236438847068,125.2629941347052,0.03197085964095652,0.03278610334547866,210.56848683828485,211.13584889695795,2.278019456208451,2.58991151749091,17.559907235891576,17.23407944070057,2.278019456208451,2.58991151749091,32.747068676716914,32.77591973244147,0.26579082012176514,0.13961642980575562,0.001,2.5
397,122.97707763109574,125.34460495148215,0.0319637579896442,0.03274915212871239,210.56824510021625,211.13525160977673,2.2966026451120425,2.602234038222195,17.65710058164357,17.21344240373592,2.2966026451120425,2.602234038222195,32.49581239530988,32.77591973244147,0.253451406955719,0.13298273086547852,0.001,2.5
398,122.65418505389087,124.79861266477451,0.03194254901965259,0.03279907775911998,210.5676742119206,211.13482441471572,2.3159211372809994,2.5985808882824952,17.53457183773993,17.115193947501805,2.3159211372809994,2.5985808882824952,33.0820770519263,32.77591973244147,0.245796799659729,0.14187270402908325,0.001,2.5
399,123.9080043262373,125.19476841444953,0.03195592699887565,0.032821567386488455,210.56752701700233,211.13492898079863,2.3735572061746364,2.5961066416673435,17.612424780176312,17.201842674842247,2.3735572061746364,2.5961066416673435,32.32830820770519,33.11036789297659,0.21940451860427856,0.14399677515029907,0.001,2.5
400,123.46165022858024,125.05680303669295,0.031955408107121185,0.03278661881850715,210.5676902119239,211.1351839913971,2.3219551964221488,2.5900035980951825,17.677960311148436,17.192565908400113,2.3219551964221488,2.5900035980951825,32.57956448911223,32.77591973244147,0.2542848587036133,0.14480650424957275,0.001,2.5
401,124.62211579493741,126.47470189735643,0.0374900167199535,0.039590431695000386,201.77448695708358,182.11674407652788,2.748002858617198,2.798189557914351,16.632561311450235,16.856030674682412,2.748002858617198,2.798189557914351,33.24958123953099,34.11371237458194,-0.0035892724990844727,0.008284270763397217,0.001,2.5
402,123.0784842588594,126.70126268775965,0.0398268794743859,0.04076306505695633,186.84899462727046,193.56489501748993,2.4450481449139976,2.7387689730794134,17.235217249373495,17.077079839929688,2.4450481449139976,2.7387689730794134,33.91959798994975,33.44481605351171,0.17781466245651245,0.05166637897491455,0.001,2.5
403,123.97894325448041,122.75195184918152,0.039665465728322066,0.04120450195261467,195.97379380933802,197.72793334144413,2.4203096753987836,2.6471886339793635,17.487732061389302,16.561038431913957,2.4203096753987836,2.6471886339793635,32.24455611390285,29.431438127090303,0.18676620721817017,0.15185177326202393,0.001,2.5
404,126.60618453289396,121.70655021539899,0.039199251007644376,0.03740725617693818,195.81290278602486,193.50588254386366,2.495801465195827,2.630153661587565,17.78683010976718,16.404666329705993,2.495801465195827,2.630153661587565,29.98324958123953,25.75250836120401,0.1470375657081604,0.14911788702011108,0.001,2.5
405,126.92391041255676,127.31291423274521,0.03639189646871046,0.03920464845604721,197.80974687483643,205.4395242136059,2.497296347290627,2.669472332383478,17.846052805582683,17.40523773371974,2.497296347290627,2.669472332383478,26.549413735343386,23.745819397993312,0.13864243030548096,0.14695507287979126,0.001,2.5
406,129.0711756311669,133.7183007587956,0.036342240888718985,0.03961388325711158,199.36516850917184,208.20778275811952,2.648289245976076,2.8021620523969464,17.82222545087038,18.287610089101122,2.648289245976076,2.8021620523969464,23.19932998324958,26.08695652173913,0.067588210105896,-0.024886488914489746,0.001,2.5
407,127.8108233990182,130.80840947077826,0.03526921815533734,0.03448922340337648,199.32957031658947,199.93503001541598,2.530518492262567,2.6251453436337986,17.923689482799126,18.23936138344449,2.530518492262567,2.6251453436337986,23.366834170854272,22.74247491638796,0.12735986709594727,0.11228084564208984,0.001,2.5
408,128.1329506469931,127.93107900970357,0.03304356779010851,0.033551500854783235,196.46343459955213,194.73792713382173,2.4610947967574024,2.643890874441651,18.197404666561976,17.608885688526573,2.4610947967574024,2.643890874441651,20.938023450586265,20.066889632107024,0.17711776494979858,0.13594061136245728,0.001,2.5
409,130.31173523307046,132.81774968686312,0.031277198151028536,0.03325521153550483,195.2149651046574,201.6731254041793,2.4909010820053332,2.753990343183179,18.54434503782135,18.254594037365354,2.4909010820053332,2.753990343183179,19.430485762144052,21.73913043478261,0.14786726236343384,0.10233616828918457,0.001,2.5
410,129.67723634294927,130.40819541905637,0.030243686015032842,0.032751218132350754,194.947409062729,206.90446329276298,2.4965308183801036,2.69041513120849,18.400816311988,17.96246136949214,2.4965308183801036,2.69041513120849,19.262981574539364,20.066889632107024,0.1569805145263672,0.07213306427001953,0.001,2.5
411,130.16914227100673,133.89797884325517,0.03068568989622034,0.03206367345906819,207.0876862799103,206.14553475778638,2.476042820580641,2.8672562371129575,18.558145181218183,18.13018497734963,2.476042820580641,2.8672562371129575,19.849246231155778,20.066889632107024,0.17127567529678345,-0.030672907829284668,0.001,2.5
412,131.3334102406973,134.12961159900678,0.0292751989647172,0.03265950136061097,206.07648453960067,217.87488201230664,2.5494159885387324,2.7887208302284163,18.571363318106236,18.409653577517506,2.5494159885387324,2.7887208302284163,19.932998324958124,19.39799331103679,0.107951819896698,0.05500692129135132,0.001,2.5
413,131.58300428534272,132.3244554908778,0.03287546791548106,0.030644762868616095,212.41502881329663,204.28540993374725,2.5499742494356292,2.6729645904489985,18.617619963347213,18.39901054981959,2.5499742494356292,2.6729645904489985,17.839195979899497,19.063545150501675,0.12224233150482178,0.13953226804733276,0.001,2.5
414,131.5921932968063,131.84776369943268,0.029965659562916414,0.03165960812748077,207.61609970425042,209.7853909495682,2.435394240783487,2.7046260012432084,18.964739695665624,18.207385347041,2.435394240783487,2.7046260012432084,17.75544388609715,21.070234113712374,0.18467235565185547,0.10472089052200317,0.001,2.5
415,132.27578745575207,131.2558557516755,0.030015258998352678,0.02851914806933108,206.21864037697438,205.05577143538358,2.470826588683392,2.6077058801682895,18.99543103101465,18.381337717624014,2.470826588683392,2.6077058801682895,18.00670016750419,23.076923076923077,0.1805517077445984,0.15040582418441772,0.001,2.5
416,132.13585929934504,137.21843155570653,0.02853703755305041,0.030604291863016858,203.61682111014872,203.92481989525632,2.5301045536795255,2.8522448164962206,18.79042814564665,18.840046739099815,2.5301045536795255,2.8522448164962206,18.592964824120603,23.411371237458194,0.15731477737426758,-0.07073533535003662,0.001,2.5
417,132.6068115489966,134.85497082356227,0.028820139803678747,0.02899701457881808,202.67183525558292,210.6623182520021,2.5038038502186786,2.754935411306528,18.963652666689363,18.658256677480843,2.5038038502186786,2.754935411306528,18.927973199329983,25.08361204013378,0.1509033441543579,-0.0018723011016845703,0.001,2.5
418,132.47086948925127,132.62955906080163,0.029092205834997758,0.030128786938395786,210.65783701629894,211.76785615136393,2.4400213124164982,2.673190740438608,19.12616000023719,18.45796141736085,2.4400213124164982,2.673190740438608,18.425460636515915,17.725752508361204,0.1826062798500061,0.09041637182235718,0.001,2.5
419,133.45070429662962,131.4066827576296,0.028675202732684226,0.030511147327048325,208.1934562695885,204.3777042248576,2.4701557782427153,2.679544454434245,19.232300363793044,18.195726541372444,2.4701557782427153,2.679544454434245,18.257956448911223,18.729096989966553,0.15278875827789307,0.11405020952224731,0.001,2.5
420,134.59555523998574,133.84064664808804,0.029040811333799082,0.03142157370803946,205.95594347980952,211.98329616789036,2.543504851547318,2.57454591052588,19.24159742000714,18.995810939316765,2.543504851547318,2.57454591052588,17.33668341708543,19.063545150501675,0.09843295812606812,0.18534237146377563,0.001,2.5
421,132.5060221609758,134.21366009664376,0.027802075601028438,0.02811677236247023,207.55954424220712,219.01402747112772,2.4206684422453044,2.6176815830345537,19.192127048869427,18.94026131135564,2.4206684422453044,2.6176815830345537,17.33668341708543,17.725752508361204,0.1918843388557434,0.14098548889160156,0.001,2.5
422,133.83372461775838,133.87552813781943,0.028526797201141242,0.027484383259628927,216.96421739843422,206.57861465913396,2.411885883740245,2.630584903385328,19.481989034655903,18.836538212753858,2.411885883740245,2.630584903385328,18.84422110552764,20.735785953177256,0.2089775800704956,0.15856045484542847,0.001,2.5
423,133.60088960529373,137.68528206611558,0.028461143330762932,0.02977483742636781,208.40817715694357,205.65331423960401,2.4500564921840753,2.7153853070377107,19.32263440143323,19.343813995055132,2.4500564921840753,2.7153853070377107,17.33668341708543,19.732441471571907,0.1723726987838745,0.06411021947860718,0.001,2.5
424,134.24482367945276,134.75320500912875,0.028410867670897264,0.027905513815905735,204.73853149925245,211.0480808015651,2.43524720840518,2.705934641751956,19.496592663840033,18.78504622979308,2.43524720840518,2.705934641751956,17.587939698492463,24.414715719063544,0.18377667665481567,0.056212782859802246,0.001,2.5
425,133.05239160176697,135.8462004900776,0.027768884974233868,0.027950566990867905,216.9126741291091,216.25325542947522,2.4405478280992363,2.661037223394898,19.23989856662463,19.137287522638122,2.4405478280992363,2.661037223394898,18.257956448911223,19.39799331103679,0.17773783206939697,0.12068897485733032,0.001,2.5
426,134.69690331182687,133.0287853738536,0.0284234882118664,0.027580691171330354,213.57967411213784,206.0256188434103,2.448140874779604,2.6235296917599578,19.54655743124497,18.688447524871314,2.448140874779604,2.6235296917599578,16.917922948073702,22.073578595317723,0.18267202377319336,0.12791305780410767,0.001,2.5
427,132.8013405344594,135.51065892758578,0.02804462685619467,0.027783485254067243,211.4813376064077,206.20326564622962,2.3967070176174095,2.68574467550552,19.322242027551084,18.998100663507262,2.3967070176174095,2.68574467550552,17.504187604690117,20.066889632107024,0.1906757950782776,0.0736204981803894,0.001,2.5
428,135.1455442342327,136.56764920339936,0.029274484810342942,0.031107207990709356,210.4294268481895,219.52392828185424,2.450676782646371,2.694151232473826,19.629137978481886,19.180949571539326,2.450676782646371,2.694151232473826,15.745393634840871,18.394648829431436,0.15890127420425415,0.06859362125396729,0.001,2.5
429,132.8371058836255,135.78354866767808,0.02693832150568415,0.032133222996789876,214.33074585676593,219.56217415595933,2.4534516346514526,2.6934042080588965,19.158812780076733,19.026157404666762,2.4534516346514526,2.6934042080588965,18.00670016750419,17.391304347826086,0.17324388027191162,0.08874571323394775,0.001,2.5
430,132.921035753822,133.96859787140403,0.02912249706585703,0.030030028259126238,208.24338980056532,208.22648681844757,2.4298648914100736,2.708188805691773,19.247139114431,18.621500605324837,2.4298648914100736,2.708188805691773,17.33668341708543,19.063545150501675,0.19471853971481323,0.1000356674194336,0.001,2.5
431,134.0191142019914,134.09630133077053,0.029890962338178003,0.030831209100458935,216.3041414040417,212.95170001281943,2.4223885005043577,2.668274507873433,19.487417706692437,18.76568013768531,2.4223885005043577,2.668274507873433,16.917922948073702,17.725752508361204,0.18884581327438354,0.1341453194618225,0.001,2.5
432,134.21379350058396,136.23077673258192,0.02944123569308114,0.0305505274642371,214.17682500740193,218.92599119868964,2.3488649000075195,2.644830873578687,19.74744002184077,19.261768002972556,2.3488649000075195,2.644830873578687,15.829145728643216,19.063545150501675,0.23561006784439087,0.12401831150054932,0.001,2.5
433,134.96657399955507,137.82872386919615,0.029465239906880124,0.028665142339408197,217.67447691746492,218.9140352485172,2.4069943823407045,2.7132196474234793,19.72290386985894,19.376569352421075,2.4069943823407045,2.7132196474234793,14.991624790619765,18.394648829431436,0.21340322494506836,0.03863120079040527,0.001,2.5
434,136.54065186773713,135.11202104753474,0.027991327439969908,0.030105271236503802,214.5221836978267,213.91640056495282,2.4462422885287745,2.61585329288623,19.92090112120662,19.12603931363211,2.4462422885287745,2.61585329288623,15.326633165829145,19.063545150501675,0.17188268899917603,0.12546628713607788,0.001,2.5
435,136.74207243288382,137.43013623087703,0.027858405578351102,0.029472711573924906,213.63654855188213,221.83006199865437,2.4362985488757416,2.6548718521028856,19.99121972344429,19.471151064869552,2.4362985488757416,2.6548718521028856,15.07537688442211,18.394648829431436,0.18773657083511353,0.10676020383834839,0.001,2.5
436,136.78779134319055,134.38996478945117,0.028091311485973037,0.02729361131164342,224.78452028820863,223.674141772216,2.449856056440216,2.636181053907975,19.95741488586119,18.91925721184466,2.449856056440216,2.636181053907975,14.74036850921273,19.732441471571907,0.17843693494796753,0.1388394832611084,0.001,2.5
437,136.08923405019482,137.71334267300506,0.026831991096936677,0.028838768352234243,218.02188856677594,227.39052609855116,2.3672697452244846,2.5985332340699774,20.067066518505612,19.69582333772079,2.3672697452244846,2.5985332340699774,15.41038525963149,18.394648829431436,0.22466516494750977,0.14977675676345825,0.001,2.5
438,135.63785633489715,138.23467833860263,0.026811847481970214,0.02787064023340825,226.2190739872867,228.828262635298,2.341763598036327,2.6811418939992335,20.05167385401638,19.552169595673732,2.341763598036327,2.6811418939992335,15.07537688442211,18.394648829431436,0.23936349153518677,0.07400798797607422,0.001,2.5
439,136.10382749726824,135.7149028969449,0.02756201082425601,0.026180472424297427,230.02181978720915,228.5721439629494,2.430381711004567,2.5607302308481272,19.878104090091572,19.40983956633603,2.430381711004567,2.5607302308481272,14.90787269681742,19.39799331103679,0.20298224687576294,0.17394781112670898,0.001,2.5
440,135.50739849352556,141.18345147072273,0.025799536568984715,0.02870549749346282,226.2315904115712,232.26159438321423,2.3211104318724205,2.8143234077504644,20.08774226714219,19.741527232039335,2.3211104318724205,2.8143234077504644,15.242881072026801,17.391304347826086,0.24074530601501465,-0.03909015655517578,0.001,2.5
441,135.45265223313018,136.52005632585505,0.02647273887691386,0.02627480795675496,227.86958075288553,224.7144264042577,2.3607997135501013,2.6210154155425003,19.957262598290114,19.390767585473714,2.3607997135501013,2.6210154155425003,14.321608040201006,20.401337792642142,0.201790452003479,0.13271933794021606,0.001,2.5
442,135.8450709203979,136.7788682510223,0.02664574428806253,0.026341430263525267,222.94987814949585,223.89373763987052,2.3966118686362927,2.664841578556941,19.929259384896486,19.311200202508115,2.3966118686362927,2.664841578556941,14.991624790619765,19.39799331103679,0.20690959692001343,0.12259823083877563,0.001,2.5
443,136.66894007288232,135.87991190116142,0.02570053268929123,0.02673208501102733,221.70980380008768,225.55727337993508,2.3542704516319772,2.65408431008508,20.221494875960612,19.163271333062927,2.3542704516319772,2.65408431008508,14.656616415410383,18.729096989966553,0.2434569001197815,0.08360892534255981,0.001,2.5
444,137.32476400250766,136.68079659452405,0.024514625685124143,0.025705353366242203,224.1992039257158,227.02248915860486,2.3483617333710893,2.6785925024727915,20.370123797724993,19.249837141770584,2.3483617333710893,2.6785925024727915,15.326633165829145,19.39799331103679,0.21473181247711182,0.11230039596557617,0.001,2.5
445,135.76162011739197,136.8077124145916,0.025033836238947345,0.023750503164370322,229.1860445108845,227.74617152389476,2.368736864134694,2.6801121218946067,19.995268832898418,19.270905969932326,2.368736864134694,2.6801121218946067,14.237855946398659,19.732441471571907,0.21974360942840576,0.0852540135383606,0.001,2.5
446,134.61718289936007,137.05451398868624,0.023575421971841475,0.025619318116967094,222.62629467119123,223.13330256739587,2.3526707821754953,2.670462192899009,19.816183706823505,19.349766447392593,2.3526707821754953,2.670462192899009,15.829145728643216,17.725752508361204,0.20200246572494507,0.08515703678131104,0.001,2.5
447,135.90095655482818,136.92233000790395,0.0245514209390036,0.025168763816256986,228.97357080609754,233.1144212703641,2.349331553058209,2.553895786055753,20.081491106119586,19.671121603669132,2.349331553058209,2.553895786055753,14.991624790619765,17.05685618729097,0.21760040521621704,0.15066134929656982,0.001,2.5
448,136.25806374605776,138.08422856665774,0.024572734713204942,0.025339199666145652,229.00028235149543,233.2755757207456,2.2656369097468443,2.6853422249439967,20.403987478770603,19.509095992531666,2.2656369097468443,2.6853422249439967,14.154103852596315,18.394648829431436,0.25169891119003296,0.054172396659851074,0.001,2.5
449,136.85774570893204,136.70513497547162,0.023985751016904762,0.023886134293565783,231.4162235739243,233.9104600478973,2.3512609975421848,2.6325740901921506,20.266685351654512,19.391745366380366,2.3512609975421848,2.6325740901921506,13.735343383584588,19.732441471571907,0.21653228998184204,0.1222606897354126,0.001,2.5
450,136.6523421142169,138.30329757231135,0.023768767174738935,0.024290116067763955,233.8686084843161,235.7850912853228,2.358393612419141,2.6415617808849117,20.203759964986062,19.683960216101198,2.358393612419141,2.6415617808849117,14.90787269681742,17.725752508361204,0.2257937788963318,0.15010297298431396,0.001,2.5
451,136.95327117255385,134.7463373037485,0.023548964732381168,0.02412764372360148,233.9660788173452,228.47669916567594,2.3208236179160115,2.5882236558856775,20.376680080215735,19.134075407200434,2.3208236179160115,2.5882236558856775,14.991624790619765,18.394648829431436,0.23140579462051392,0.14557576179504395,0.001,2.5
452,136.49502359003677,135.83582798374138,0.02300336220031807,0.024434236678790088,227.2598783917962,235.0724278070456,2.3300823222852034,2.5494977175990075,20.258704806891718,19.466769891439075,2.3300823222852034,2.5494977175990075,14.489112227805695,16.387959866220736,0.20986026525497437,0.16145598888397217,0.001,2.5
453,135.9218568274723,139.55208554475203,0.02343982292442166,0.024339999698326738,230.03426344470563,223.43949946272733,2.3450855038673235,2.768009245595007,20.09841956006023,19.556834134768483,2.3450855038673235,2.768009245595007,13.484087102177556,18.729096989966553,0.2331879734992981,0.014356791973114014,0.001,2.5
454,136.43373823565256,135.69005954704156,0.023159931496509554,0.022506863134212317,222.0186266108374,227.19741821289062,2.3170063950907647,2.6138432807348244,20.286693013892503,19.24654144746404,2.3170063950907647,2.6138432807348244,14.237855946398659,19.39799331103679,0.25129640102386475,0.15288925170898438,0.001,2.5
455,136.50565561776983,138.2929610950891,0.02267070321781152,0.023579612536274868,228.08142772272004,234.39232408402356,2.2849244174845453,2.6348233773158145,20.396206882930482,19.702526991981326,2.2849244174845453,2.6348233773158145,13.316582914572864,17.05685618729097,0.2513169050216675,0.09994328022003174,0.001,2.5
456,135.62200457446738,135.21502221148947,0.022522598495660115,0.021463080667532407,234.5366431257034,229.0949457991482,2.238343293942399,2.6012646027631985,20.35795918820891,19.189098249709726,2.238343293942399,2.6012646027631985,13.819095477386934,19.39799331103679,0.2703785300254822,0.17100709676742554,0.001,2.5
457,137.50049853045337,137.63337197192138,0.023012899068282477,0.02331413067005151,230.64238535818743,235.18728433564354,2.397512539746973,2.7310274149661877,20.256830640374318,19.281891526187145,2.397512539746973,2.7310274149661877,13.651591289782244,18.729096989966553,0.17537766695022583,0.03017294406890869,0.001,2.5
458,136.4993027985795,138.95301298313714,0.022174314029477348,0.023552245681600827,233.39977587727046,231.5463454842966,2.3146348099413028,2.794084064936558,20.304840777986612,19.357330290370165,2.3146348099413028,2.794084064936558,14.656616415410383,16.05351170568562,0.2649829387664795,0.0010331273078918457,0.001,2.5
459,137.1482170782297,136.21396450693393,0.022023902248148142,0.023674846791902116,231.31052111141645,238.02682786003803,2.376212871254389,2.5804758837390502,20.250337469717564,19.449024576805904,2.376212871254389,2.5804758837390502,14.991624790619765,16.05351170568562,0.19806790351867676,0.141446053981781,0.001,2.5
460,136.74919281772634,136.5650684267382,0.022913101149513893,0.022634817436835836,236.93416157120237,233.31970393458337,2.363337951289549,2.616247842144408,20.20785556646248,19.413078831191047,2.363337951289549,2.616247842144408,14.489112227805695,17.725752508361204,0.2272580862045288,0.1276717185974121,0.001,2.5
461,136.5786554793417,136.08255357008713,0.022051120906993373,0.02172189514249264,229.61927020969102,231.91643766575433,2.3103499376594123,2.5465072963548745,20.334347755265995,19.52626044614658,2.3103499376594123,2.5465072963548745,13.735343383584588,17.725752508361204,0.24734348058700562,0.17915493249893188,0.001,2.5
462,137.42971357029288,137.5731716092215,0.02146484957730251,0.022042799037086922,235.59163748838594,237.21113387398097,2.3443561307149916,2.6082580902903376,20.401462491033865,19.6380084366304,2.3443561307149916,2.6082580902903376,13.819095477386934,17.725752508361204,0.22542786598205566,0.13598567247390747,0.001,2.5
463,137.09164735420265,135.6002755053466,0.02164859138117164,0.02153986033338767,232.71063482901158,231.70380358233498,2.318292731615766,2.5676089752477944,20.412579662636098,19.366580401774634,2.318292731615766,2.5676089752477944,13.316582914572864,19.063545150501675,0.2542473077774048,0.161718487739563,0.001,2.5
464,137.793370181392,136.71711705440663,0.02135338491668154,0.02127705387347518,235.4674741658733,239.53290478760582,2.2724875165789173,2.587412918690455,20.689847732109442,19.529023358654417,2.2724875165789173,2.587412918690455,13.651591289782244,19.063545150501675,0.27176541090011597,0.13857847452163696,0.001,2.5
465,137.23425763256387,139.14052599648568,0.021351413330191145,0.021840720552714372,237.68109432456882,236.54890043839166,2.244158565099515,2.693371877223752,20.662569707362497,19.6963121994682,2.244158565099515,2.693371877223752,13.651591289782244,18.394648829431436,0.2698820233345032,0.07065385580062866,0.001,2.5
466,136.66318842953373,140.22724194989158,0.02096611712209044,0.021717741780207307,233.2258101675778,238.77296641678316,2.3580591518874945,2.7960423944785844,20.207621722964188,19.6052232633865,2.3580591518874945,2.7960423944785844,13.735343383584588,17.391304347826086,0.2260829210281372,-0.020156383514404297,0.001,2.5
467,135.7079171032163,136.64439514568417,0.020761797388694193,0.02090807918172616,235.62148140503135,234.0738272268238,2.2135624570063808,2.644326961160105,20.449619229315115,19.34490244045704,2.2135624570063808,2.644326961160105,14.154103852596315,18.06020066889632,0.27641725540161133,0.10196173191070557,0.001,2.5
468,137.1113233198872,136.72327742050325,0.02052791573581484,0.02064168709252391,231.46271252911694,229.74853648310122,2.3045075179344447,2.5880303438690593,20.45834373269648,19.5304866203895,2.3045075179344447,2.5880303438690593,13.316582914572864,18.394648829431436,0.24113821983337402,0.14378660917282104,0.001,2.5
469,136.03177802566708,141.39158951877351,0.020492786447980894,0.02094285907130377,228.79636719158947,233.16676590833376,2.255423636891734,2.800028703683196,20.390225942410417,19.827410005805483,2.255423636891734,2.800028703683196,13.986599664991624,17.391304347826086,0.2716469168663025,-0.0016093254089355469,0.001,2.5
470,137.64895709116055,137.94845438163017,0.01994583632179241,0.02209128656838849,229.34281269629398,232.25228626672242,2.266944423991831,2.612373730012007,20.679100739496636,19.70169966196934,2.266944423991831,2.612373730012007,13.735343383584588,16.387959866220736,0.2694425582885742,0.09941619634628296,0.001,2.5
471,137.45062491003193,136.89476079526156,0.021170129512797047,0.020663876908778345,230.9952205741026,236.57495459106855,2.352365386346277,2.5720560151996423,20.38259549995563,19.611335888355473,2.352365386346277,2.5720560151996423,14.154103852596315,16.05351170568562,0.20475560426712036,0.18312257528305054,0.001,2.5
472,136.3373815130748,135.40819450046706,0.020434417807102402,0.021487490140076067,236.63407067278123,235.51563245077995,2.32271785232889,2.591362814440775,20.24790923599422,19.25614931750856,2.32271785232889,2.591362814440775,14.154103852596315,15.719063545150503,0.25793635845184326,0.17096936702728271,0.001,2.5
473,135.30206697550253,136.40201913074506,0.02045825943413192,0.020064943572848937,233.79798017594482,233.230108509893,2.271628642601384,2.63173954303448,20.194676809774172,19.33452662337185,2.271628642601384,2.63173954303448,13.90284757118928,20.401337792642142,0.26860517263412476,0.10902619361877441,0.001,2.5
474,136.6898821602315,139.51795444041989,0.019757528700421204,0.02188679407098421,230.78648481257198,234.50811206217992,2.3583975980429592,2.7228131892290404,20.212675247959154,19.683872082560356,2.3583975980429592,2.7228131892290404,14.824120603015075,15.384615384615385,0.24426794052124023,0.03625082969665527,0.001,2.5
475,135.35198241062898,136.9540793632584,0.02074556842358967,0.01998092972340193,235.1035387048769,236.26099913734257,2.230367133765165,2.573341819354922,20.32812492332267,19.619541831638504,2.230367133765165,2.573341819354922,14.824120603015075,18.729096989966553,0.28979426622390747,0.1590554118156433,0.001,2.5
476,135.8778803072982,136.6554830034441,0.0197243294156027,0.021383139613181053,233.83973118767668,234.5498677129331,2.2323986002348577,2.5918147938706007,20.42766786380429,19.504466002601443,2.2323986002348577,2.5918147938706007,14.489112227805695,16.387959866220736,0.2843495011329651,0.12132757902145386,0.001,2.5
477,136.732427766375,139.56311841473533,0.020291340726129772,0.02058592811849803,232.27520757064948,239.20168771392923,2.24394430906529,2.6593811432254753,20.564139556245788,19.8825227616224,2.24394430906529,2.6593811432254753,13.06532663316583,18.06020066889632,0.28063565492630005,0.10107934474945068,0.001,2.5
478,137.7401518701908,137.67747451629128,0.020189513001509847,0.02032565435139232,245.9423173811767,246.72889433895864,2.3199546488884906,2.560603228699802,20.53493988254362,19.800273748544548,2.3199546488884906,2.560603228699802,13.149078726968174,17.725752508361204,0.2567892074584961,0.15827792882919312,0.001,2.5
479,136.51263494188063,136.27986683414932,0.019640376635357563,0.020422784605353173,239.02891568642366,236.89439494155323,2.2492864711001093,2.6090898306473442,20.502933447884157,19.37723967383139,2.2492864711001093,2.6090898306473442,14.154103852596315,17.725752508361204,0.27475714683532715,0.1152886152267456,0.001,2.5
480,136.7902546280393,137.43722034058842,0.019756116955798476,0.020056135180004465,238.7337763800693,243.05533178833417,2.2253003823297908,2.531720883072818,20.630451537855905,19.839659349575488,2.2253003823297908,2.531720883072818,13.400335008375208,17.391304347826086,0.28086328506469727,0.17106014490127563,0.001,2.5
481,137.94067209010547,138.17307388662894,0.019530248704991947,0.020171697242154327,243.5687636945715,244.4829018379135,2.2639553882368846,2.59146044963977,20.743647573780972,19.807302423942847,2.2639553882368846,2.59146044963977,12.897822445561138,16.05351170568562,0.2730509638786316,0.129921555519104,0.001,2.5
482,136.5025337001986,136.5581014371636,0.019097296901708673,0.019242381409159473,239.77903221040916,236.76797281220604,2.2224236107751154,2.5800682437858455,20.581461074164565,19.520213698065003,2.2224236107751154,2.5800682437858455,13.819095477386934,17.391304347826086,0.2866787314414978,0.15067964792251587,0.001,2.5
483,138.34059301532892,140.70469563461864,0.01899208646061732,0.01977024092821772,241.3093151303392,249.96553054860604,2.2381856597248633,2.6462693445658605,20.901501280179176,20.148184103311902,2.2381856597248633,2.6462693445658605,13.23283082077052,16.722408026755854,0.30400586128234863,0.08951133489608765,0.001,2.5
484,136.64057577315288,135.59346914131905,0.01908004892930713,0.01972915814024549,246.29520496770965,243.17932506548522,2.2791303981288995,2.5189446876678976,20.437648891404248,19.50927794976378,2.2791303981288995,2.5189446876678976,13.5678391959799,16.05351170568562,0.2840747833251953,0.19619369506835938,0.001,2.5
485,136.99769520719647,138.09560014093202,0.019158840048402997,0.019737678919498337,241.56007773752387,245.96500470725988,2.1961540660666463,2.6091314869182165,20.758932832497447,19.738585067034567,2.1961540660666463,2.6091314869182165,13.23283082077052,16.387959866220736,0.29572200775146484,0.10172122716903687,0.001,2.5
486,137.46005696307873,136.78441637734505,0.01897816905998305,0.019072831960326452,245.47851092212363,245.1187164408706,2.2475602806513035,2.5266729389943405,20.696439867642656,19.72402630681577,2.2475602806513035,2.5266729389943405,12.73031825795645,16.722408026755854,0.27383315563201904,0.18741375207901,0.001,2.5
487,136.7387673842847,135.73147554939806,0.01881601115442201,0.019552352131160605,245.29844859776586,249.21960301223805,2.182495761756322,2.548062984759991,20.747443053790274,19.448351238084875,2.182495761756322,2.548062984759991,13.06532663316583,16.05351170568562,0.32079631090164185,0.17280840873718262,0.001,2.5
488,136.32076594418217,137.0419182410607,0.01845643738319027,0.018422362410204864,245.70957752528102,243.4938232013613,2.1987983217990177,2.5388195674156266,20.614924707205052,19.739541477981618,2.1987983217990177,2.5388195674156266,13.316582914572864,16.722408026755854,0.3001248240470886,0.174785315990448,0.001,2.5
489,137.07127745866376,138.49129953033548,0.018174839597600988,0.018840962740589544,241.2661847189643,244.66652176770876,2.2160146072681624,2.6388431504418617,20.714323235516574,19.729029550201517,2.2160146072681624,2.6388431504418617,12.814070351758794,16.387959866220736,0.3117937445640564,0.07935494184494019,0.001,2.5
490,137.13968161322563,135.97505223711198,0.01793292610027782,0.01791499548881349,242.0563660179151,239.69865259278976,2.2020414909925092,2.5388718695943573,20.769813659003432,19.526873534339725,2.2020414909925092,2.5388718695943573,13.149078726968174,17.725752508361204,0.30679965019226074,0.17099016904830933,0.001,2.5
491,136.57403301194284,139.0652261689355,0.01810645276502748,0.01858487793160322,238.43421064469482,240.9411185274156,2.2274159997751566,2.616012499085238,20.581250240255642,19.91310197453834,2.2274159997751566,2.616012499085238,13.400335008375208,17.05685618729097,0.2930126190185547,0.12109369039535522,0.001,2.5
492,136.84424170617083,137.3297222481922,0.017421658348972274,0.01849321919465344,238.28585907442485,240.66512061281747,2.2242680706171134,2.5962836367629443,20.644902448158966,19.62526197018831,2.2242680706171134,2.5962836367629443,13.23283082077052,16.05351170568562,0.32620006799697876,0.13331669569015503,0.001,2.5
493,137.48605727510437,137.19168948170332,0.01810016150163546,0.018224350647085087,239.0642003198365,241.39518329531055,2.2316902758088744,2.58560620422746,20.75070744423411,19.629596754858724,2.2316902758088744,2.58560620422746,13.06532663316583,17.391304347826086,0.2930606007575989,0.148162841796875,0.001,2.5
494,135.7708874419706,135.53772656494957,0.01763220131709248,0.017305556834242414,239.90306589711253,241.53681578365058,2.1759934341488174,2.57694183703649,20.574690510479847,19.324950387246634,2.1759934341488174,2.57694183703649,12.646566164154105,17.05685618729097,0.31155842542648315,0.15395545959472656,0.001,2.5
495,137.3027492504024,138.34237982198147,0.016957085233312755,0.01761855080997864,241.48394325550277,244.5864243523333,2.2272772836924797,2.6271653534177952,20.727029429807935,19.734539121289714,2.2272772836924797,2.6271653534177952,13.06532663316583,17.725752508361204,0.3110610246658325,0.10652518272399902,0.001,2.5
496,137.73755170352496,136.43572224900873,0.01732294840217136,0.01772881257519076,242.15933209647685,242.0817170924566,2.2541401314375986,2.609130143321876,20.7331930604612,19.40779108028348,2.2541401314375986,2.609130143321876,13.06532663316583,16.722408026755854,0.2585129141807556,0.1255183219909668,0.001,2.5
497,136.96140170456775,137.0267774907243,0.017058819591674573,0.017353675505738193,241.75176909940328,245.08685532381702,2.2282962950829486,2.567458226130559,20.655629188371464,19.65049189947122,2.2282962950829486,2.567458226130559,13.149078726968174,18.06020066889632,0.29924654960632324,0.15140414237976074,0.001,2.5
498,136.7369864510132,137.51017674474812,0.017034665202500434,0.017441026941190995,244.40338513040462,245.4199699988732,2.155047479786066,2.5765104732385846,20.829967208044412,19.719933347159802,2.155047479786066,2.5765104732385846,12.73031825795645,16.722408026755854,0.345981240272522,0.14203572273254395,0.001,2.5
499,137.84668582168655,137.2858047740515,0.016922728590654766,0.01718961113571722,244.23028968287073,244.38133653111282,2.2434780318133996,2.5556850887859945,20.7866724451982,19.737791322944155,2.2434780318133996,2.5556850887859945,12.39530988274707,17.05685618729097,0.2856329679489136,0.14010053873062134,0.001,2.5
500,137.16037709349564,138.80805203747192,0.01682680741052332,0.0173106383482449,242.76492820752526,246.03052206900605,2.1462519090978343,2.6472419687736792,20.94140154073386,19.767215173778727,2.1462519090978343,2.6472419687736792,12.646566164154105,16.722408026755854,0.3335506319999695,0.09201627969741821,0.001,2.5
501,137.203444667797,136.8009234272118,0.016605294638717395,0.016880867803425695,245.29942388231032,246.4752429464589,2.2352540333267035,2.5334955545572133,20.682545628379938,19.707027345995442,2.2352540333267035,2.5334955545572133,12.479061976549414,16.387959866220736,0.2751871943473816,0.16911941766738892,0.001,2.5
502,136.2496639999313,137.87105583267467,0.016672375270319943,0.01703105843859572,244.78895453831657,246.9022970550435,2.135740557507654,2.597897215431749,20.790419324558584,19.727732368137527,2.135740557507654,2.597897215431749,12.479061976549414,16.722408026755854,0.34812861680984497,0.12168759107589722,0.001,2.5
503,137.66979937018263,137.28775519431633,0.01641790708604969,0.01676058503222904,245.63588710765742,246.15138928467613,2.170484574396207,2.569805027250462,20.97009501944435,19.695552800411363,2.170484574396207,2.569805027250462,12.562814070351758,16.387959866220736,0.3244057893753052,0.14659684896469116,0.001,2.5
504,136.74410893170278,137.97935460323475,0.01636770712071328,0.017122257370065685,243.8645815953138,245.99194198149104,2.1513883909787763,2.6130212908205777,20.842610427882004,19.704183699693967,2.1513883909787763,2.6130212908205777,12.311557788944723,17.391304347826086,0.33062684535980225,0.12157940864562988,0.001,2.5
505,137.8563208651902,137.90478939196737,0.016591571677020647,0.016360052253889,245.3671755383362,245.86110546915828,2.1818344291530463,2.591139878716357,20.973369272510013,19.755094215622712,2.1818344291530463,2.591139878716357,12.39530988274707,17.05685618729097,0.3027492165565491,0.13610625267028809,0.001,2.5
506,136.72802706259978,137.97928958752482,0.016001891394705828,0.01648856774844653,243.8793415216545,246.0696238131826,2.1453312469686896,2.6017523792675106,20.857635689740206,19.738089258455513,2.1453312469686896,2.6017523792675106,12.562814070351758,16.722408026755854,0.3373503088951111,0.11613065004348755,0.001,2.5
507,137.05616578784222,138.08267217017337,0.016121038652245123,0.016501574256896575,245.21971713118816,247.93752617979527,2.1370154675127475,2.596997252276111,20.94791873695463,19.7726545174385,2.1370154675127475,2.596997252276111,12.479061976549414,16.722408026755854,0.33854854106903076,0.13093483448028564,0.001,2.5
508,137.23790521158446,137.99556801071932,0.0161168204068239,0.01640307068525748,246.1553096803189,247.4656789007793,2.127715561258134,2.585298247161916,21.01197999286492,19.790444976908706,2.127715561258134,2.585298247161916,12.479061976549414,17.05685618729097,0.3446623682975769,0.14121264219284058,0.001,2.5
509,136.9825504628857,137.0661292953236,0.015956099174754504,0.016270636752197972,245.84413844736378,247.34751815540736,2.1079173455485947,2.576642762857137,21.02039763995351,19.630574905752738,2.1079173455485947,2.576642762857137,12.479061976549414,16.722408026755854,0.3462064266204834,0.13863641023635864,0.001,2.5
510,137.95825011286902,138.1340317742083,0.015845592063500655,0.016025226354524243,246.20967137833537,248.1959595441021,2.1616990947643515,2.597423581375326,21.054141480719025,19.781692173170008,2.1616990947643515,2.597423581375326,12.479061976549414,17.05685618729097,0.3321813941001892,0.12617772817611694,0.001,2.5
511,136.61164329439353,138.84034407497649,0.015698845265823193,0.01623139233269221,246.86813295706233,248.82040747192792,2.1467769413537514,2.604883894872506,20.829484150437654,19.90040667479652,2.1467769413537514,2.604883894872506,12.479061976549414,16.722408026755854,0.33495277166366577,0.11628472805023193,0.001,2.5
512,137.32764620118004,138.7086588881885,0.015951873433512558,0.01613936340903558,247.56495152765783,248.90293772005316,2.184839607283498,2.618171371345137,20.858306894350292,19.83420861923575,2.184839607283498,2.618171371345137,12.39530988274707,16.722408026755854,0.31086403131484985,0.11717784404754639,0.001,2.5
513,135.29847106422412,138.38812459990334,0.01571838050406782,0.016224168440370654,247.5380221419598,249.84438321422974,2.138449602190973,2.5888339699710095,20.591693945266492,19.85790780874399,2.138449602190973,2.5888339699710095,12.479061976549414,17.05685618729097,0.329923152923584,0.1289193034172058,0.001,2.5
514,137.02742906631138,137.9022415314231,0.01590180499681975,0.016083290579302054,248.9380906966064,250.53897140656028,2.158340615243768,2.5877350588706025,20.877496077187697,19.76391994514593,2.158340615243768,2.5877350588706025,12.39530988274707,16.387959866220736,0.32572251558303833,0.1265060305595398,0.001,2.5
515,136.34129476627115,137.78260895081587,0.015641830884968514,0.01594726957791924,248.60561298006144,249.56674179026115,2.088917791743574,2.5983888345418564,20.948655484709107,19.70825184468043,2.088917791743574,2.5983888345418564,12.311557788944723,16.722408026755854,0.37091881036758423,0.12657487392425537,0.001,2.5
516,136.45751079003415,138.11815681585102,0.015661543397423212,0.015987118058230564,248.7196646838931,251.597775870741,2.1098936257050864,2.60034061275597,20.908945447835492,19.769091877251565,2.1098936257050864,2.60034061275597,12.479061976549414,16.722408026755854,0.3539714813232422,0.12793493270874023,0.001,2.5
517,136.97777852580774,137.18081241467326,0.015582072169487201,0.015845419505741882,250.55532573655222,252.67462780802546,2.143095299227154,2.5653917821354693,20.913042649951212,19.686282352460267,2.143095299227154,2.5653917821354693,12.311557788944723,16.722408026755854,0.3448553681373596,0.15116620063781738,0.001,2.5
518,137.8045644584413,138.3586286972199,0.01558687796557269,0.016002943268961532,251.49305328931442,253.37076040414664,2.1301761783746818,2.6192966735482615,21.11696856065811,19.75996168640545,2.1301761783746818,2.6192966735482615,12.311557788944723,16.722408026755854,0.3514525294303894,0.11792987585067749,0.001,2.5
519,137.23316549176548,137.64173394142585,0.015739240494854687,0.016082063211395988,251.77240128253572,252.9310197606932,2.1284875406492096,2.6066222254647857,21.007668068660564,19.65467563999138,2.1284875406492096,2.6066222254647857,12.311557788944723,16.387959866220736,0.3488278388977051,0.11918413639068604,0.001,2.5
520,136.11460165921568,136.9264169138012,0.01563293421937393,0.01576212572749941,251.23580751147503,252.4672216204895,2.1099493687276665,2.555860011473946,20.83969869565724,19.66405767740613,2.1099493687276665,2.555860011473946,12.311557788944723,16.05351170568562,0.3549940586090088,0.16642463207244873,0.001,2.5
521,137.8896942394263,137.96670180100662,0.01543265429030561,0.015854847972533576,250.70846843879227,252.45525051359348,2.133728453462048,2.595835183376453,21.123525779251278,19.752173076106555,2.133728453462048,2.595835183376453,12.311557788944723,16.722408026755854,0.34478169679641724,0.1283549666404724,0.001,2.5
522,137.61521070726354,137.84668570936324,0.015578923907623918,0.015911906527785156,251.13921533836992,252.65251322972733,2.1213485659466715,2.6051289062436207,21.105653082306063,19.700237299686293,2.1213485659466715,2.6051289062436207,12.311557788944723,16.722408026755854,0.35199111700057983,0.11209779977798462,0.001,2.5
523,135.73117663512878,137.5848000823056,0.015531597467111283,0.01571312861635434,250.98107079485155,252.32292211015886,2.1202141360022515,2.5881743957366434,20.73229058423833,19.698829306407916,2.1202141360022515,2.5881743957366434,12.311557788944723,16.722408026755854,0.35451728105545044,0.13041144609451294,0.001,2.5
524,135.884451733562,137.3176425181105,0.015399149692363076,0.015716454023526463,251.11461282854702,252.9694946186997,2.102550683508766,2.5654787291651187,20.81593609974412,19.713355303608054,2.102550683508766,2.5654787291651187,12.39530988274707,16.387959866220736,0.36749154329299927,0.13727492094039917,0.001,2.5
525,136.0195077611773,137.36435987797867,0.015380716147884053,0.015675351867782433,251.40954615402862,252.80877022121263,2.119422125057559,2.5864358346996497,20.79227744953916,19.659866913505223,2.119422125057559,2.5864358346996497,12.311557788944723,16.387959866220736,0.33297187089920044,0.1272965669631958,0.001,2.5
526,135.52318295681695,137.587507675324,0.015393089105248751,0.015722600777437257,251.25003468371315,252.60533555455032,2.0745256753822465,2.5819012401096,20.827731447203874,19.718132280585756,2.0745256753822465,2.5819012401096,12.311557788944723,16.387959866220736,0.3720315098762512,0.13217967748641968,0.001,2.5
527,135.62068812691388,138.02320121841686,0.015426667956276554,0.015767597278773186,251.54441807936982,253.6782303111609,2.097583268355684,2.5958690786840126,20.777993181442696,19.76314353942871,2.097583268355684,2.5958690786840126,12.311557788944723,16.387959866220736,0.3600216507911682,0.12787973880767822,0.001,2.5
528,136.4208890828655,137.10870774693313,0.015390643143286956,0.015609896682626427,252.29107479434117,253.68184929787117,2.1129871908344415,2.585023233324389,20.891680156765272,19.612813853898576,2.1129871908344415,2.585023233324389,12.311557788944723,16.722408026755854,0.3539838194847107,0.1338081955909729,0.001,2.5
529,138.5902917500916,138.1602504564368,0.01530381082284141,0.01559283676554128,252.1330000016358,253.59528184973675,2.136490595799994,2.6074549793001003,21.255099144812604,19.75584781608454,2.136490595799994,2.6074549793001003,12.39530988274707,16.722408026755854,0.33520007133483887,0.11461341381072998,0.001,2.5
530,137.4021722739266,138.5063780207299,0.015292850450941765,0.01559957451993805,252.32353854538806,253.91126223152696,2.158047100207714,2.594838820173589,20.952770063825188,19.86285626848406,2.158047100207714,2.594838820173589,12.311557788944723,16.387959866220736,0.3310752511024475,0.11522191762924194,0.001,2.5
531,136.133556474593,138.12060659147028,0.015285672960019791,0.015576417944129294,252.43520985256686,253.81120984131675,2.1430773383608615,2.592139537517841,20.74393530866409,19.793824447835966,2.1430773383608615,2.592139537517841,12.311557788944723,16.387959866220736,0.3331364393234253,0.12667876482009888,0.001,2.5
532,136.67506054697725,137.57079945439878,0.01527760421211396,0.01556482108428227,252.37097270205192,253.90747402025306,2.1453800560841008,2.5826567989527978,20.845342616939064,19.712295283441957,2.1453800560841008,2.5826567989527978,12.311557788944723,16.387959866220736,0.3339787721633911,0.12573885917663574,0.001,2.5
533,137.65533529054778,137.55671385698096,0.015261904840393482,0.01558931173451469,252.43656310523974,254.07888314237562,2.14839374479936,2.5908519615696424,21.03234625262032,19.68485318697416,2.14839374479936,2.5908519615696424,12.311557788944723,17.05685618729097,0.3448106646537781,0.12405204772949219,0.001,2.5
534,135.56309677967474,137.8721463002489,0.015281945906916455,0.015569149625540577,252.62525198727198,254.27006086776888,2.043002400565986,2.598940578990158,20.930030634255466,19.72363884712143,2.043002400565986,2.598940578990158,12.311557788944723,16.722408026755854,0.3720138669013977,0.12184083461761475,0.001,2.5
535,135.10363879435425,138.1456938268349,0.015255187762904307,0.015543379088907338,252.77110656022626,254.47952576704247,2.1146694539579713,2.585721159459755,20.62311452996591,19.817970639487175,2.1146694539579713,2.585721159459755,12.311557788944723,16.387959866220736,0.36184704303741455,0.12828826904296875,0.001,2.5
536,136.44982976609938,137.80830760943053,0.015271041431531336,0.015554866660074844,253.202310584498,254.69999597862014,2.1042158539770437,2.589468009495815,20.92362395882407,19.73920563790312,2.1042158539770437,2.589468009495815,12.311557788944723,16.722408026755854,0.34690582752227783,0.12959963083267212,0.001,2.5
537,137.00414231394603,137.36632933345527,0.01524687385876075,0.015474605975192925,253.20282120441072,254.39671376716333,2.1351737522799366,2.5778320991873342,20.94161698806226,19.68579511100233,2.1351737522799366,2.5778320991873342,12.311557788944723,16.387959866220736,0.33528566360473633,0.13306182622909546,0.001,2.5
538,135.89654275200874,137.3031973440113,0.015132241210021964,0.015421978263402464,252.64723831764618,254.03724629583965,2.099374096197898,2.5681735201424183,20.827630408844556,19.702227327735926,2.099374096197898,2.5681735201424183,12.311557788944723,16.722408026755854,0.3380401134490967,0.14054524898529053,0.001,2.5
539,136.35467383609944,137.9182000303747,0.015150168834182385,0.015470494095697052,252.63919379203963,254.24769291191996,2.072090327240514,2.5954865348777645,21.001105901184594,19.743236828807206,2.072090327240514,2.5954865348777645,12.311557788944723,16.387959866220736,0.3697855472564697,0.1214442253112793,0.001,2.5
540,136.56377885010176,137.59222116119486,0.01518050815217459,0.015486185700573451,252.82467814945497,254.36626396051616,2.091603674281582,2.6058531501221416,20.984343488811447,19.64691481063996,2.091603674281582,2.6058531501221416,12.311557788944723,16.387959866220736,0.3778364658355713,0.11568498611450195,0.001,2.5
541,136.2329189741432,137.70297440238622,0.015182208861076152,0.015486427589029971,252.9223274984951,254.45575793212075,2.071052354384507,2.5990558946411744,20.979806040599318,19.68943922495762,2.071052354384507,2.5990558946411744,12.311557788944723,16.387959866220736,0.37132585048675537,0.1144670844078064,0.001,2.5
542,136.71970938677765,137.87635670537534,0.015197179419061846,0.015477229962530344,253.07283012351797,254.57615135983878,2.0781389297153083,2.5944537550310627,21.055870819730774,19.73789841514766,2.0781389297153083,2.5944537550310627,12.311557788944723,16.387959866220736,0.367840051651001,0.12385249137878418,0.001,2.5
543,137.34337461334178,138.00669825116927,0.01515563619377675,0.015402514306847068,253.0603099420442,254.48707315196162,2.116049699847223,2.5956735276059564,21.06688216703022,19.760341606012556,2.116049699847223,2.5956735276059564,12.311557788944723,16.722408026755854,0.3463907241821289,0.12285208702087402,0.001,2.5
544,136.84574499082325,137.65378807858878,0.015100528144432072,0.015375422924308473,253.04776683404816,254.5977874041401,2.0918613985754937,2.5806859257229195,21.039935011360512,19.734705704909103,2.0918613985754937,2.5806859257229195,12.311557788944723,16.387959866220736,0.3554341197013855,0.1251029372215271,0.001,2.5
545,136.49018366572446,137.9106057463681,0.015086517678620529,0.015394621992788985,253.15283558396638,254.67576201065728,2.0894072527062755,2.593978163390654,20.97616671078169,19.74617262747774,2.0894072527062755,2.593978163390654,12.311557788944723,17.05685618729097,0.3655189871788025,0.11617594957351685,0.001,2.5
546,135.86073635491096,137.63349194989158,0.015097103560564906,0.015387677696586452,253.2273594330703,254.86315795490177,2.105247040090449,2.5945907476355,20.802741748803424,19.68887605316264,2.105247040090449,2.5945907476355,12.311557788944723,16.387959866220736,0.34715521335601807,0.12490379810333252,0.001,2.5
547,136.96214920631806,138.1799430719586,0.015101239760679315,0.015409253023714325,253.47659288978258,255.0372405291401,2.14360440396384,2.6037927463301846,20.907901329411136,19.770521202214983,2.14360440396384,2.6037927463301846,12.311557788944723,17.05685618729097,0.33578920364379883,0.12208068370819092,0.001,2.5
548,136.21231885491503,138.26519214030492,0.015135971716974847,0.015444169954761215,253.54209851340033,255.00224329715587,2.071397081691416,2.602523873880954,20.974537221630612,19.791378927071356,2.071397081691416,2.602523873880954,12.227805695142377,16.722408026755854,0.3736361265182495,0.11698353290557861,0.001,2.5
549,136.44770580400373,138.09203040081522,0.015146624792984982,0.01541855641294981,253.52108253466224,254.94486912756062,2.1174317911841363,2.6031650237016453,20.88351253209202,19.75483789731029,2.1174317911841363,2.6031650237016453,12.311557788944723,17.05685618729097,0.3543098568916321,0.11989545822143555,0.001,2.5
550,135.7470427342196,137.69087193721913,0.015123652678039206,0.015411583837557795,253.32779250152944,254.7076912564179,2.0589225811375247,2.602716784812136,20.918950516973908,19.675999497888878,2.0589225811375247,2.602716784812136,12.311557788944723,16.387959866220736,0.3641934394836426,0.11626750230789185,0.001,2.5
551,138.3324583938573,137.9360844538762,0.015107540265536887,0.015408191113517834,253.28380606442042,254.82549288440308,2.1166267187351755,2.604525491146738,21.262933456318663,19.719595555079025,2.1166267187351755,2.604525491146738,12.311557788944723,16.722408026755854,0.3566916584968567,0.11232966184616089,0.001,2.5
552,136.9416906462243,137.8435717426415,0.015101743515711932,0.015386213445693355,253.36854757695542,254.86643252165422,2.157824186424115,2.590549642824409,20.861171997172548,19.743015219136623,2.157824186424115,2.590549642824409,12.311557788944723,16.722408026755854,0.33669400215148926,0.12285667657852173,0.001,2.5
553,135.8124913610206,137.74391526442307,0.0150816734533888,0.015360039014082689,253.4081030866409,254.92874574182824,2.0994178557915104,2.589516858193388,20.810547657747765,19.726174823416514,2.0994178557915104,2.589516858193388,12.311557788944723,16.387959866220736,0.3496142029762268,0.12744438648223877,0.001,2.5
554,137.17363349237235,137.6940675052911,0.015082633745243502,0.015376239488630192,253.44106529146384,254.90911048710547,2.1406972599988006,2.5979652691844315,20.95892995965341,19.69086134154661,2.1406972599988006,2.5979652691844315,12.311557788944723,16.722408026755854,0.34489941596984863,0.12130707502365112,0.001,2.5
555,136.81061757150007,137.63450841999372,0.015081615544468713,0.015373337300600216,253.44367359870643,255.0030368562526,2.108471562115591,2.598634840254002,20.983003916652557,19.676922246365244,2.108471562115591,2.598634840254002,12.311557788944723,16.387959866220736,0.35559719800949097,0.11865907907485962,0.001,2.5
556,137.1373511335159,137.71974723075942,0.015087373609306724,0.01536322126856516,253.54294577235953,255.0403809818536,2.1267146980343155,2.6023140838712355,20.993600056199373,19.68292632469764,2.1267146980343155,2.6023140838712355,12.39530988274707,16.722408026755854,0.35021889209747314,0.11878979206085205,0.001,2.5
557,137.0236823562801,137.956516737922,0.01507654485029092,0.015373941124681646,253.55277879673432,255.06060489922464,2.1182073200967046,2.5859214214975617,20.99638890980476,19.779452811914144,2.1182073200967046,2.5859214214975617,12.311557788944723,16.722408026755854,0.36584484577178955,0.1228751540184021,0.001,2.5
558,136.82547460968172,138.0013622169112,0.015077680081029233,0.01537241299876501,253.63451734379908,255.1559551328321,2.0663086752995374,2.596818338668466,21.11242639359517,19.755710876107614,2.0663086752995374,2.596818338668466,12.311557788944723,16.387959866220736,0.36695921421051025,0.11680412292480469,0.001,2.5
559,135.6693606736073,137.43308668870193,0.01507252696246358,0.015360628376188486,253.67639006801585,255.1290730760249,2.051164135461676,2.593032999580919,20.926629633560054,19.653421153192934,2.051164135461676,2.593032999580919,12.311557788944723,17.05685618729097,0.3818776607513428,0.12179046869277954,0.001,2.5
560,135.5110946987542,137.12682564521714,0.015076181740567114,0.015352819952802315,253.62751562990735,255.10695880392322,2.065068203799888,2.5863183461702786,20.853274647314944,19.612318134626815,2.065068203799888,2.5863183461702786,12.311557788944723,16.387959866220736,0.36749422550201416,0.12678462266921997,0.001,2.5
561,135.66543154820326,137.51174646077746,0.015070871353286695,0.015366710996548068,253.64574372309136,255.18026212864496,2.0552933966893847,2.5785677329353662,20.91346287048442,19.712536853292715,2.0552933966893847,2.5785677329353662,12.311557788944723,16.387959866220736,0.3824161887168884,0.13108325004577637,0.001,2.5
562,137.21198028615572,137.7353769768042,0.015088773561856854,0.015369790609315486,253.72821602110488,255.25576823052754,2.0995534125284934,2.6018194618033723,21.089972200505496,19.687491598735285,2.0995534125284934,2.6018194618033723,12.311557788944723,16.722408026755854,0.35281234979629517,0.1247321367263794,0.001,2.5
563,135.79553715947085,137.7494665547757,0.015085379009632709,0.015354710434840674,253.7556306209596,255.23594527738948,2.089969935728677,2.576696510697687,20.8354292794488,19.76568471468412,2.089969935728677,2.576696510697687,12.311557788944723,16.387959866220736,0.3499026894569397,0.13248282670974731,0.001,2.5
564,137.42454193984244,137.86542457401953,0.015072183245153383,0.015366417813709747,253.76512122992895,255.27355768210114,2.0952514635657944,2.588172113616331,21.14538634602149,19.7544405500227,2.0952514635657944,2.588172113616331,12.311557788944723,16.722408026755854,0.3579014539718628,0.12417411804199219,0.001,2.5
565,136.12610233888356,137.46545777591973,0.015063374120760803,0.01535547455542263,253.76349528710446,255.243895310622,2.096962727893337,2.587161797743577,20.880566374940088,19.67748606244856,2.096962727893337,2.587161797743577,12.311557788944723,16.722408026755854,0.3598267436027527,0.12621456384658813,0.001,2.5
566,137.58911914921285,137.14240471575172,0.015062900010490137,0.015350194436102409,253.78005286237502,255.29330066693666,2.172320401848261,2.5866252817836495,20.947094126562376,19.614476360206222,2.172320401848261,2.5866252817836495,12.311557788944723,17.05685618729097,0.32124316692352295,0.12517887353897095,0.001,2.5
567,136.31970636569076,137.93158260077536,0.015065623041697881,0.015354339438288109,253.83900801819973,255.35376915564905,2.0601207543058413,2.6088634988536006,21.02979811791399,19.70558501406258,2.0601207543058413,2.6088634988536006,12.311557788944723,16.387959866220736,0.387270987033844,0.11232596635818481,0.001,2.5
568,137.1231387344437,137.99507804538894,0.015064551081614478,0.015344606332455988,253.87459938649957,255.3905147182503,2.122841187258262,2.5950507168785784,21.00231610271,19.759717348028584,2.122841187258262,2.5950507168785784,12.311557788944723,16.722408026755854,0.33681702613830566,0.11795032024383545,0.001,2.5
569,136.40220161578563,138.03525816238047,0.015063993227192304,0.015361793055806471,253.9287306180152,255.43065166154435,2.1375168436136676,2.5992198405058486,20.814090562625545,19.755234651342285,2.1375168436136676,2.5992198405058486,12.311557788944723,16.722408026755854,0.34185993671417236,0.11643272638320923,0.001,2.5
570,135.693252895745,137.71056735954156,0.015066377771784312,0.015352984158365822,253.93264484245773,255.39214613286148,2.104131282474128,2.6039259130739447,20.77245688638096,19.676186456329447,2.104131282474128,2.6039259130739447,12.311557788944723,16.722408026755854,0.3665483593940735,0.1155436635017395,0.001,2.5
571,137.28348207713373,137.62512074346128,0.015062857319412119,0.015345111778971543,253.8923867128203,255.39955746449755,2.1345559939667207,2.588145776735899,20.99923723626576,19.706438555765313,2.1345559939667207,2.588145776735899,12.311557788944723,16.05351170568562,0.34234094619750977,0.1303120255470276,0.001,2.5
572,137.25250750211015,137.82745453187056,0.015059704257415566,0.01535992885326163,253.94280208415123,255.47722133266487,2.143959574563619,2.6007755663881333,20.964822206864604,19.708997139563927,2.143959574563619,2.6007755663881333,12.311557788944723,16.722408026755854,0.3469547629356384,0.1197434663772583,0.001,2.5
573,135.8681909506844,138.02342300670202,0.01506979593155372,0.015354415953134413,254.00763338175253,255.5081263003142,2.0590748890760158,2.60173223090411,20.942597636825077,19.745316298111625,2.0590748890760158,2.60173223090411,12.311557788944723,16.722408026755854,0.3550732731819153,0.11575734615325928,0.001,2.5
574,135.60464201500668,137.64264094630212,0.015068516648457177,0.01534493529801584,254.02805390988962,255.5130452950264,2.030221616003781,2.6006555557250977,20.9764441485381,19.6723895312153,2.030221616003781,2.6006555557250977,12.311557788944723,17.05685618729097,0.3811873197555542,0.11778897047042847,0.001,2.5
575,136.53459931697878,138.10375956149403,0.015061647763828337,0.015348528511822224,254.02113130144537,255.5086519375294,2.080909888748348,2.601592716963395,21.010373621929432,19.76180258403255,2.080909888748348,2.601592716963395,12.311557788944723,16.387959866220736,0.36813366413116455,0.11823838949203491,0.001,2.5
576,136.2851100135688,138.317392406655,0.015060134569005151,0.015354060866935396,254.04199568909817,255.54757425059444,2.0605696781196787,2.609685779016552,21.021492541135856,19.780240285356708,2.0605696781196787,2.609685779016552,12.311557788944723,16.722408026755854,0.368663489818573,0.10919314622879028,0.001,2.5
577,135.23507038672366,137.86173230429557,0.015063381260900541,0.01535025840145489,254.0689967936607,255.5492205667655,2.0543594671853223,2.6085667211475183,20.830109016380117,19.692466774114397,2.0543594671853223,2.6085667211475183,12.311557788944723,16.387959866220736,0.3820997476577759,0.11293649673461914,0.001,2.5
578,136.0824986238975,137.81219063953412,0.01506608220244722,0.015338699093530807,254.04990794630706,255.52360488738503,2.065775120078619,2.596203462734669,20.965351507292322,19.71965438944839,2.065775120078619,2.596203462734669,12.311557788944723,16.722408026755854,0.3817787766456604,0.12000340223312378,0.001,2.5
579,136.46607022948402,137.6216411781949,0.015061324262614027,0.015348486602306366,254.03298996201713,255.51239804679335,2.1017987833949587,2.5956980791378976,20.933998635066814,19.683061708176016,2.1017987833949587,2.5956980791378976,12.311557788944723,17.05685618729097,0.3561514616012573,0.11843407154083252,0.001,2.5
580,136.67320082774714,138.30958735743494,0.015071821948154587,0.015360598533373812,254.03345411546667,255.5276176937448,2.0957804712618215,2.6073031194233973,20.993476481094234,19.785829601479215,2.0957804712618215,2.6073031194233973,12.311557788944723,16.387959866220736,0.35231727361679077,0.11515742540359497,0.001,2.5
581,136.93782388505025,137.8511357132009,0.01506519376907117,0.01533959329402367,254.0501291859689,255.5398334515932,2.107149734169594,2.5967148107828506,21.012292293248265,19.725906161560264,2.107149734169594,2.5967148107828506,12.311557788944723,16.722408026755854,0.3582044243812561,0.12056154012680054,0.001,2.5
582,135.2969093003265,138.2329877260138,0.015067136723242412,0.015355508899110616,254.05227814487478,255.53639981579224,2.032182062890262,2.597420686862142,20.90901157883943,19.800156220145848,2.032182062890262,2.597420686862142,12.311557788944723,16.387959866220736,0.38552892208099365,0.12003391981124878,0.001,2.5
583,135.73009151030624,137.9746761768558,0.015061870975485399,0.01533944514832369,254.05615213927712,255.54491840477374,2.062318354595446,2.595902830461993,20.90523901257283,19.75304941030649,2.062318354595446,2.595902830461993,12.311557788944723,16.722408026755854,0.3782429099082947,0.12340313196182251,0.001,2.5
584,137.2240661672212,137.25971275508203,0.015060921329100129,0.015356311798843253,254.06747114478642,255.56263028658353,2.0935748745648306,2.577924077726128,21.11026256887158,19.66398742446134,2.0935748745648306,2.577924077726128,12.311557788944723,16.722408026755854,0.3628360629081726,0.13156265020370483,0.001,2.5
585,135.95318204793497,137.51744901216946,0.015062770024690796,0.01534362519191061,254.08489775537845,255.5729553835049,2.1011765578284334,2.59909859788059,20.833277058561443,19.65201092085312,2.1011765578284334,2.59909859788059,12.311557788944723,16.722408026755854,0.3644777536392212,0.12317991256713867,0.001,2.5
586,135.85298292201568,137.74575392298874,0.015064993501957537,0.015347725608974795,254.09186823603696,255.57166496965797,2.1119798407882104,2.589365064499769,20.780825923235973,19.726871107732972,2.1119798407882104,2.589365064499769,12.311557788944723,16.387959866220736,0.3538067936897278,0.12417453527450562,0.001,2.5
587,136.83730120634914,138.04255135322495,0.015055715820909645,0.015338711702205665,254.0810887322354,255.56144821524222,2.1157226694289166,2.586607397998057,20.966464727967228,19.794509001001465,2.1157226694289166,2.586607397998057,12.311557788944723,16.722408026755854,0.35019659996032715,0.12517070770263672,0.001,2.5
588,135.30679346848174,137.9683321439303,0.015062912289284082,0.015348036377924342,254.08136850226066,255.5710403799612,2.0807422920687113,2.6036702757296353,20.765303412074818,19.728471411510455,2.0807422920687113,2.6036702757296353,12.311557788944723,16.387959866220736,0.3666834235191345,0.11269891262054443,0.001,2.5
589,135.97783825744935,137.8033551372413,0.015065795437774466,0.015344456377062311,254.0889326699415,255.5720303130389,2.0775848369502543,2.5979210628713654,20.908981684264624,19.71272448153799,2.0775848369502543,2.5979210628713654,12.311557788944723,16.387959866220736,0.36256712675094604,0.1174994707107544,0.001,2.5
590,135.6116717928019,137.8398724303995,0.015063540582580982,0.015352136038094261,254.0924088879047,255.5791770399215,2.067991323806533,2.600515495574594,20.864528505846085,19.712241124947333,2.067991323806533,2.600515495574594,12.311557788944723,16.722408026755854,0.3653378486633301,0.11463630199432373,0.001,2.5
591,136.06378130377638,137.6982720416525,0.01506371571490513,0.015353556208462021,254.10137142008873,255.58640807288944,2.103890528830651,2.60427339898304,20.847251476754295,19.672645766599523,2.103890528830651,2.60427339898304,12.311557788944723,16.722408026755854,0.35508203506469727,0.11006826162338257,0.001,2.5
592,136.1085794726808,137.034299308241,0.015065494921663697,0.015361722371849329,254.1047231396239,255.59098438275697,2.0842794165938745,2.60634488006898,20.915044353235906,19.533634236823755,2.0842794165938745,2.60634488006898,12.311557788944723,16.387959866220736,0.3604500889778137,0.10935181379318237,0.001,2.5
593,136.33249445776244,137.52393991731878,0.015059649262583536,0.015350880166733744,254.10826616910234,255.59027370082893,2.101886464922472,2.6011611251129354,20.90700611197569,19.647115732913832,2.101886464922472,2.6011611251129354,12.311557788944723,17.05685618729097,0.3587784767150879,0.1123536229133606,0.001,2.5
594,136.00504403937003,138.04538213927611,0.015060712410202577,0.015346476596384544,254.1071486992253,255.5891702199062,2.091960488851346,2.6091614064564275,20.87129345930601,19.72740609031856,2.091960488851346,2.6091614064564275,12.311557788944723,16.387959866220736,0.3534197211265564,0.11155331134796143,0.001,2.5
595,135.37969385399492,138.08037906506388,0.015062199119272543,0.015341687841608772,254.1086811723821,255.59135248190583,2.061007490509519,2.605757243657192,20.83908241757596,19.744616652013466,2.061007490509519,2.605757243657192,12.311557788944723,16.387959866220736,0.38322943449020386,0.11393868923187256,0.001,2.5
596,136.09548244763857,137.71420145194267,0.01505873408761356,0.015341068144551289,254.11232309005968,255.5985518745754,2.0701538412215523,2.601533561247248,20.95480126551847,19.684051099030867,2.0701538412215523,2.601533561247248,12.311557788944723,16.387959866220736,0.36833614110946655,0.11268287897109985,0.001,2.5
597,135.42904752542825,138.14587667713994,0.015059073705232424,0.01534532990468585,254.11655371073303,255.5976473192706,2.064546681728395,2.6019043077194572,20.838334018061907,19.769274676523878,2.064546681728395,2.6019043077194572,12.311557788944723,16.722408026755854,0.3757985830307007,0.11360210180282593,0.001,2.5
598,135.02589950689318,138.56272311513638,0.015055308684744128,0.015343710587026682,254.11986696380666,255.6027710063003,2.064095027083328,2.611541190673675,20.759060219104963,19.823731406476586,2.064095027083328,2.611541190673675,12.39530988274707,16.387959866220736,0.3763613700866699,0.11735934019088745,0.001,2.5
599,136.16009922762413,137.74231038683632,0.015058754646910396,0.015335279856387987,254.12195468308337,255.60623623136692,2.110361048923665,2.600773180607569,20.84710050867231,19.691954271450488,2.110361048923665,2.600773180607569,12.311557788944723,16.722408026755854,0.3570166230201721,0.11257469654083252,0.001,2.5
600,136.03978620621825,137.7111656673776,0.015057360291655738,0.015350819833227823,254.1238315396972,255.60549712420308,2.0964903332280556,2.6054444671873265,20.86464987647793,19.67170730641853,2.0964903332280556,2.6054444671873265,12.311557788944723,16.722408026755854,0.3581942915916443,0.11418604850769043,0.001,2.5
601,134.83513131453165,137.41079426130722,0.01505401860953775,0.015350290636429221,254.12292033184315,255.6044423795464,2.05870374203527,2.588393764751013,20.737079131543336,19.662787364079403,2.05870374203527,2.588393764751013,12.311557788944723,16.722408026755854,0.37985605001449585,0.12978553771972656,0.001,2.5
602,134.85659076939876,136.9441338478522,0.015061882020315932,0.015347690617410236,254.124875731604,255.61051134600686,2.0280432305743346,2.581955278996241,20.833351815765226,19.588769306705945,2.0280432305743346,2.581955278996241,12.311557788944723,16.722408026755854,0.4038841128349304,0.12962627410888672,0.001,2.5
603,135.26948317331286,137.4815257400972,0.01505914336254499,0.015334018322337033,254.13186374581238,255.61904549997388,2.0720245686408063,2.5876972515846175,20.783984342412133,19.679022613576425,2.0720245686408063,2.5876972515846175,12.311557788944723,16.387959866220736,0.38870948553085327,0.12619978189468384,0.001,2.5
604,135.45842667520546,138.13037726871147,0.01505766671238283,0.015346884310096004,254.1383210506471,255.62671179117567,2.1056138658443686,2.5974149624240837,20.721005077138418,19.779635757905584,2.1056138658443686,2.5974149624240837,12.311557788944723,16.387959866220736,0.3640486001968384,0.12165570259094238,0.001,2.5
605,135.0142335364567,137.86899436516904,0.015058460472217157,0.015347882211332936,254.14123292344698,255.62251776755852,2.0820520163780483,2.6063387003232004,20.70285000633355,19.70058853889389,2.0820520163780483,2.6063387003232004,12.311557788944723,16.722408026755854,0.3622674345970154,0.10981625318527222,0.001,2.5
606,133.97382333011083,137.1285476939734,0.015062808416396928,0.015342200561161822,254.13979530014984,255.62290969899666,2.0045809731810937,2.586304228441372,20.727181119934798,19.612604307091754,2.0045809731810937,2.586304228441372,12.311557788944723,16.722408026755854,0.4114872217178345,0.12613099813461304,0.001,2.5
607,136.73971641962254,138.01390922827068,0.015060516514221028,0.015340391643046337,254.14101919816366,255.62259605178068,2.121403424584087,2.598678862370775,20.92989297927524,19.752552938301825,2.121403424584087,2.598678862370775,12.311557788944723,16.387959866220736,0.3487253189086914,0.11832064390182495,0.001,2.5
608,135.55354674577313,137.101774336901,0.015059820998778296,0.015352269226566803,254.14006351745707,255.62192017418087,2.0656012011133447,2.5881350494946127,20.860064897904643,19.601755014630065,2.0656012011133447,2.5881350494946127,12.311557788944723,16.387959866220736,0.36867254972457886,0.12289220094680786,0.001,2.5
609,136.56735882527465,137.84146807106043,0.0150554892880034,0.015342816078169489,254.1376756319848,255.6180553627652,2.0739023549672546,2.6038291239020817,21.037926068457725,19.70261548275134,2.0739023549672546,2.6038291239020817,12.311557788944723,16.387959866220736,0.38345998525619507,0.11915367841720581,0.001,2.5
610,136.43344831866037,137.32959157886313,0.0150551754120157,0.015347212141871852,254.13477768890024,255.61621787795255,2.094310254906889,2.583799057580954,20.94992055845021,19.66032803257971,2.094310254906889,2.583799057580954,12.311557788944723,16.722408026755854,0.3553321361541748,0.1207425594329834,0.001,2.5
611,136.97341998178555,137.2945967964504,0.015060678356868439,0.015348407486609391,254.13351297298667,255.61629907104083,2.0934711860452264,2.602672240407172,21.060432475615585,19.596709127011508,2.0934711860452264,2.602672240407172,12.311557788944723,17.05685618729097,0.3667933940887451,0.11277520656585693,0.001,2.5
612,135.70519669371433,137.10124548462323,0.015060294525607348,0.015342644839407409,254.13451558022044,255.61651468436455,2.055864403794958,2.5857705368246124,20.919607005926032,19.608744535159108,2.055864403794958,2.5857705368246124,12.311557788944723,16.387959866220736,0.37628835439682007,0.12057119607925415,0.001,2.5
613,136.1996878107988,138.14164841055472,0.015050308568281445,0.015341863195010052,254.13351269183647,255.61198670250118,2.0396816686569545,2.603198301832014,21.067055544062477,19.764543431259717,2.0396816686569545,2.603198301832014,12.311557788944723,16.387959866220736,0.386566162109375,0.11494112014770508,0.001,2.5
614,135.518554227436,138.01041695585218,0.015056046184582925,0.015351372394075361,254.12719062025621,255.60798420475479,2.044979308717814,2.5993467166670987,20.914936209443827,19.74985041028281,2.044979308717814,2.5993467166670987,12.311557788944723,16.387959866220736,0.3918624520301819,0.11826616525650024,0.001,2.5
615,134.89895583876412,137.5699195479071,0.015052422587845593,0.015336479592981147,254.12479353350412,255.60624689720945,2.097988095914499,2.6071092404649407,20.631991148394356,19.63846822247457,2.097988095914499,2.6071092404649407,12.311557788944723,16.722408026755854,0.3664218783378601,0.11411130428314209,0.001,2.5
616,136.38888733830285,137.22115114141866,0.015059314287537507,0.015341135115677298,254.12308633826686,255.60448805384812,2.08989721406844,2.5954096468794705,20.95424957211493,19.60381285881119,2.08989721406844,2.5954096468794705,12.227805695142377,16.722408026755854,0.356187105178833,0.11073613166809082,0.001,2.5
617,135.76572422046758,137.45374264924422,0.015061559322503843,0.015345598072635889,254.12072482979676,255.60107197330947,2.0593306515085037,2.600603855573214,20.921316035029477,19.63474799956765,2.0593306515085037,2.600603855573214,12.311557788944723,16.722408026755854,0.3791857361793518,0.1072089672088623,0.001,2.5
618,135.6387388143108,137.6077865549553,0.015061847586340741,0.01534009546377886,254.11885270161844,255.60141185135348,2.0998494317583503,2.617789181578518,20.774362921914463,19.61400108592566,2.0998494317583503,2.617789181578518,12.311557788944723,16.722408026755854,0.36124563217163086,0.10767096281051636,0.001,2.5
619,135.00529419916558,137.64906413100636,0.015057427933442733,0.01534756754266478,254.11787130844652,255.59931471196305,2.045281412613452,2.6124426114519306,20.811379875170324,19.638295712678328,2.045281412613452,2.6124426114519306,12.311557788944723,16.722408026755854,0.3872113823890686,0.10642087459564209,0.001,2.5
620,136.16731673708713,137.1724500879396,0.015057009878807032,0.01534764365570302,254.11718085463121,255.59820520917708,2.0586091122235883,2.6014525595317317,21.0038011733012,19.575943159020465,2.0586091122235883,2.6014525595317317,12.311557788944723,16.722408026755854,0.3721018433570862,0.11591100692749023,0.001,2.5
621,135.32600701873625,137.76688459007238,0.015062875855383361,0.015342024977265991,254.1148566113445,255.5982835954647,2.06704102209465,2.6017733728606567,20.81024321040117,19.693867775907485,2.06704102209465,2.6017733728606567,12.311557788944723,16.387959866220736,0.3846251964569092,0.11771339178085327,0.001,2.5
622,136.04255392563402,137.62449023396672,0.015057222028473514,0.015344214220733746,254.11640725702895,255.5990467390488,2.099434888542597,2.595248440037603,20.85637112079154,19.684964476620472,2.099434888542597,2.595248440037603,12.311557788944723,16.722408026755854,0.3549901843070984,0.1215100884437561,0.001,2.5
623,135.94965177245277,137.3097127448755,0.015059162021756571,0.015338079655000995,254.11612424099664,255.59845200350452,2.09743601992302,2.5905252762861477,20.843787044736008,19.636179244637887,2.09743601992302,2.5905252762861477,12.311557788944723,16.387959866220736,0.36189407110214233,0.12759655714035034,0.001,2.5
624,136.0683061098134,137.82402354977202,0.015058075406992655,0.01534724414323684,254.11750657993744,255.60185675477504,2.054314762703338,2.598801113690022,20.99688146901091,19.71421244311891,2.054314762703338,2.598801113690022,12.311557788944723,16.722408026755854,0.3793763518333435,0.12017661333084106,0.001,2.5
625,136.37966517667275,137.4697353911639,0.015052401903748413,0.0153432465485456,254.12043938564895,255.60345035412638,2.098047364097544,2.595819335318728,20.92795625044473,19.652299747020503,2.098047364097544,2.595819335318728,12.311557788944723,16.387959866220736,0.3399239778518677,0.11713224649429321,0.001,2.5
626,137.23254921048928,137.1819323791708,0.015058303659023652,0.015345491886288426,254.12153778842946,255.6040192160718,2.097803792761798,2.595724009351188,21.099262154481718,19.59502411526581,2.097803792761798,2.595724009351188,12.311557788944723,16.387959866220736,0.36479389667510986,0.12267565727233887,0.001,2.5
627,136.02029815111527,137.78809823639017,0.015055789122392284,0.015341923998849448,254.1229667471881,255.60599198867644,2.0884548753150542,2.607615046676585,20.88485871767079,19.68058329043181,2.0884548753150542,2.607615046676585,12.311557788944723,16.387959866220736,0.3761243224143982,0.11253631114959717,0.001,2.5
628,136.20981811318964,137.53038091244906,0.015060387614184687,0.01533994871973493,254.12364771857332,255.60559306575303,2.0408418440139875,2.6004770232682244,21.065600745042964,19.650455449337144,2.0408418440139875,2.6004770232682244,12.311557788944723,16.722408026755854,0.3842809200286865,0.11216014623641968,0.001,2.5
629,135.8169300328547,137.95950633785796,0.015062830307937447,0.015347151880006129,254.1232859549211,255.60618167736857,2.1051680842036977,2.6153088955576203,20.794045066514006,19.691784064506606,2.1051680842036977,2.6153088955576203,12.311557788944723,16.387959866220736,0.36015695333480835,0.10507935285568237,0.001,2.5
630,135.51036483279026,137.55259929133896,0.01505614691406139,0.015348348233936025,254.12376477930016,255.60546461634812,2.072674572567644,2.60735266902375,20.83021357231204,19.634271321886757,2.072674572567644,2.60735266902375,12.311557788944723,16.722408026755854,0.36691415309906006,0.11075544357299805,0.001,2.5
631,135.06052111141645,137.4178693892565,0.015059671943486235,0.015338120452536389,254.12330844693847,255.60533815722002,2.082874421098923,2.596886802277836,20.709644304847398,19.63872528714081,2.082874421098923,2.596886802277836,12.311557788944723,16.722408026755854,0.3574269413948059,0.121479332447052,0.001,2.5
632,135.05682893174776,137.5417568755389,0.015059402792822177,0.015337141629395677,254.12296897083073,255.6047824106886,2.096007407610141,2.603998318165042,20.669506842966257,19.64216784729208,2.096007407610141,2.603998318165042,12.311557788944723,16.722408026755854,0.3544480800628662,0.11608809232711792,0.001,2.5
633,134.36363253441687,137.35109728554818,0.015057910736057428,0.015339534412010457,254.12339207634855,255.6061405960134,2.053772448694686,2.593250533011446,20.657572942762517,19.63627807591671,2.053772448694686,2.593250533011446,12.311557788944723,16.387959866220736,0.38404417037963867,0.12039637565612793,0.001,2.5
634,136.04303475640327,137.41120823888875,0.015060426012130838,0.015342869957828003,254.1234593734869,255.60538408668543,2.0608984297843436,2.597834277711186,20.972074684385877,19.63455045821276,2.0608984297843436,2.597834277711186,12.311557788944723,16.387959866220736,0.36933594942092896,0.11362290382385254,0.001,2.5
635,135.5597743508804,137.36434543571343,0.015055350095058605,0.015337608776438395,254.12302024240668,255.60515086706664,2.1152496825111173,2.609424284868017,20.712369691986137,19.590408497430808,2.1152496825111173,2.609424284868017,12.311557788944723,16.387959866220736,0.351667582988739,0.1061139702796936,0.001,2.5
636,134.70788921822654,137.50619981440414,0.015059524700919188,0.015332425240564307,254.12279920721772,255.6046976453086,2.0599509791113824,2.592179355015324,20.707888419504343,19.670513325311667,2.0599509791113824,2.592179355015324,12.311557788944723,16.387959866220736,0.3849037289619446,0.11679190397262573,0.001,2.5
637,135.9012700373204,137.68782757915383,0.015055529971355869,0.01533585178500733,254.12285901553668,255.6051313215275,2.0620629955176732,2.60599382904461,20.94022893346534,19.665394920170506,2.0620629955176732,2.60599382904461,12.311557788944723,16.722408026755854,0.37092310190200806,0.10825234651565552,0.001,2.5
638,136.30062113495129,137.57061002087036,0.015055229700165778,0.01534103123739013,254.12256132857485,255.60381018597147,2.117174174917403,2.6069555346383697,20.854766155607138,19.639066428245112,2.117174174917403,2.6069555346383697,12.311557788944723,16.387959866220736,0.3516133427619934,0.1126871109008789,0.001,2.5
639,134.72576270430932,137.33023173354542,0.015059092715444975,0.015356650529273578,254.1217612006157,255.60336778315414,2.061561903562178,2.603800791960496,20.70663078665933,19.600451772428276,2.061561903562178,2.603800791960496,12.311557788944723,16.722408026755854,0.3873012661933899,0.110698401927948,0.001,2.5
640,136.21944878608537,137.49884905862967,0.015056556653874105,0.015339127103221856,254.1213126893419,255.60336109786527,2.1038015719434524,2.603167081756337,20.878650087008324,19.636080132678998,2.1038015719434524,2.603167081756337,12.311557788944723,16.387959866220736,0.347583532333374,0.11025339365005493,0.001,2.5
641,136.0857801836739,137.42615067600008,0.015062956613686616,0.015341712990433078,254.1215469897093,255.60420048436194,2.1395249027303316,2.5934735333241745,20.74474429924484,19.650620604039833,2.1395249027303316,2.5934735333241745,12.311557788944723,16.387959866220736,0.34040147066116333,0.12113833427429199,0.001,2.5
642,137.53038024902344,137.55136113501712,0.015059118450836122,0.015341986104671572,254.1218551814656,255.60371873530258,2.129952866028701,2.6034165568973706,21.062381178889442,19.64583340775608,2.129952866028701,2.6034165568973706,12.311557788944723,16.387959866220736,0.35820627212524414,0.11062949895858765,0.001,2.5
643,135.6523636605472,137.28796754154473,0.01505969058865778,0.015348749029696187,254.1222324083798,255.60445554599315,2.066752580741742,2.588805781559003,20.87637875108064,19.63698524296483,2.066752580741742,2.588805781559003,12.311557788944723,16.722408026755854,0.38015884160995483,0.12256121635437012,0.001,2.5
644,135.48539202257217,137.95146679320064,0.015061306374044575,0.015342989858601205,254.12236020393308,255.60397818574938,2.0765948521232285,2.6052554714241154,20.81345693949279,19.720338585384713,2.0765948521232285,2.6052554714241154,12.311557788944723,16.387959866220736,0.38779598474502563,0.11317586898803711,0.001,2.5
645,134.92875778734984,137.72820325360252,0.015053511190055003,0.015345602246456123,254.12173326450775,255.603629376976,2.0790589023475072,2.5949599224588145,20.694739346528173,19.706571266403962,2.0790589023475072,2.5949599224588145,12.311557788944723,16.387959866220736,0.3584386706352234,0.11399441957473755,0.001,2.5
646,136.1425893965678,137.4865276119781,0.01505955697896842,0.015344664476263682,254.12173944981254,255.6038234544837,2.067468778971252,2.5971627976982092,20.972275642893422,19.65162813703352,2.067468778971252,2.5971627976982092,12.311557788944723,16.387959866220736,0.38340985774993896,0.1128494143486023,0.001,2.5
647,135.58039591420237,137.3352786163024,0.015063589786677005,0.0153429051487392,254.12162744978963,255.60355522640572,2.1048133053771614,2.6041126155534315,20.74780199635568,19.6005291508193,2.1048133053771614,2.6041126155534315,12.311557788944723,16.722408026755854,0.3564826250076294,0.11092543601989746,0.001,2.5
648,134.9114021544081,138.14181503244865,0.01505776839502393,0.01534510211688918,254.12143567978237,255.60339830073227,2.0634325011890735,2.620644292703839,20.7381473074806,19.712240608240847,2.0634325011890735,2.620644292703839,12.311557788944723,16.387959866220736,0.37669098377227783,0.10252797603607178,0.001,2.5
649,136.11051718553705,137.54148931088656,0.01506116444329221,0.015337479500143624,254.1213517692221,255.60317600211968,2.0956173765799107,2.5972317684454262,20.881415451791018,19.66241423820572,2.0956173765799107,2.5972317684454262,12.311557788944723,16.722408026755854,0.35679489374160767,0.11384612321853638,0.001,2.5
650,135.19424985441532,137.61092991653493,0.015052759093255853,0.015349121568070407,254.12125451680603,255.60349643669,2.034185444889356,2.6021135850096226,20.88245860216406,19.66165608307191,2.034185444889356,2.6021135850096226,12.311557788944723,16.722408026755854,0.3972061276435852,0.11341321468353271,0.001,2.5
651,135.5937821278021,137.53776718701008,0.015059062228280694,0.015351195551803877,254.12153390344463,255.603594521615,2.063540822896526,2.5918667228724246,20.874297108482477,19.67776242386936,2.063540822896526,2.5918667228724246,12.311557788944723,16.387959866220736,0.38499611616134644,0.11125761270523071,0.001,2.5
652,135.59338626829623,137.6137070161443,0.015059210477050524,0.01534505864686292,254.12216797386182,255.60449484120244,2.0825567493087283,2.6031171725346494,20.817170700635543,19.65920001128844,2.0825567493087283,2.6031171725346494,12.311557788944723,16.387959866220736,0.3613765239715576,0.11175549030303955,0.001,2.5
653,136.82284098614002,137.50896849361152,0.015060382976291867,0.015351583966268944,254.12235371191898,255.60465171584318,2.098561688284179,2.6037596460170174,21.015046207549386,19.636323475917447,2.098561688284179,2.6037596460170174,12.311557788944723,16.387959866220736,0.35971635580062866,0.11436736583709717,0.001,2.5
654,134.6432570516564,137.764259414928,0.015058841361310115,0.015335325643818913,254.12269377588626,255.6046430402775,2.064279081234381,2.609557538526911,20.681977998870902,19.669991151943652,2.064279081234381,2.609557538526911,12.311557788944723,16.722408026755854,0.3622891306877136,0.11190396547317505,0.001,2.5
655,134.61177643180093,137.20765629899142,0.015057528575560955,0.015329142178978808,254.12242522631058,255.60440318640258,2.040444072566839,2.607193154236146,20.747186782172378,19.565765355343004,2.040444072566839,2.607193154236146,12.311557788944723,16.387959866220736,0.383861243724823,0.11162155866622925,0.001,2.5
656,135.24928586566867,137.40725309952447,0.015059195256088447,0.015340416882199587,254.1224425553876,255.60451224336657,2.0979531841661463,2.6102916444823094,20.702161370409993,19.596386568203418,2.0979531841661463,2.6102916444823094,12.311557788944723,16.387959866220736,0.3661242127418518,0.1141500473022461,0.001,2.5
657,135.3772023263289,137.1604430539951,0.015055429494598104,0.015351285930585901,254.12247626785458,255.60446861037443,2.0714522222777707,2.5996278105770863,20.80724808199322,19.57901501735317,2.0714522222777707,2.5996278105770863,12.311557788944723,16.387959866220736,0.36415112018585205,0.11758363246917725,0.001,2.5
658,135.99832751403503,136.82352470474498,0.015055884825536853,0.015341860463338153,254.12250890683887,255.60462349473832,2.0590263199766277,2.5754286820274532,20.96875084664554,19.584228847337805,2.0590263199766277,2.5754286820274532,12.311557788944723,16.387959866220736,0.3801499605178833,0.13653790950775146,0.001,2.5
659,134.6273521793947,137.39092185744474,0.015055355030912251,0.015347845198268874,254.12254867681506,255.60463227236949,2.070714823564692,2.600722523437296,20.659490154017156,19.621825693443068,2.070714823564692,2.600722523437296,12.311557788944723,16.387959866220736,0.3889278173446655,0.11620765924453735,0.001,2.5
660,135.47443051234362,137.51163434184915,0.015057056512015948,0.015350528067619506,254.12247867041097,255.60446651803213,2.108513876221687,2.6141384955632647,20.715508561637535,19.605720577431363,2.108513876221687,2.6141384955632647,12.311557788944723,16.387959866220736,0.3651214838027954,0.10764890909194946,0.001,2.5
661,135.1439995949392,137.07266485411986,0.015057132477985954,0.015343227342742941,254.12236309211258,255.60439680731017,2.0652354478436696,2.6002613772516665,20.779257705662918,19.55955922563738,2.0652354478436696,2.6002613772516665,12.311557788944723,16.722408026755854,0.37340325117111206,0.12164753675460815,0.001,2.5
662,136.21381167311165,137.2335004009132,0.015059737365387092,0.015340959752931642,254.1224485106604,255.60498531686025,2.0742996377960923,2.5926775342245962,20.96602610487435,19.61447910321596,2.0742996377960923,2.5926775342245962,12.311557788944723,16.387959866220736,0.36789923906326294,0.12009906768798828,0.001,2.5
663,134.40110477211087,137.8991265950793,0.015057049212755769,0.015343577538719743,254.12318877918236,255.6053188158118,2.0562100973560584,2.609454269791925,20.65775464567507,19.6972724378707,2.0562100973560584,2.609454269791925,12.311557788944723,16.387959866220736,0.3774200677871704,0.11531639099121094,0.001,2.5
664,135.0303228432609,137.40909849441172,0.015059796289869988,0.015343723167668417,254.12351348212417,255.60575693187906,2.0444966524689643,2.6052004708892924,20.818737831946393,19.612028651412913,2.0444966524689643,2.6052004708892924,12.311557788944723,16.722408026755854,0.40023016929626465,0.11771124601364136,0.001,2.5
665,135.62029382651374,137.00380326593202,0.015059817967689916,0.01533593592486254,254.1236945939823,255.6056022516461,2.064566511205293,2.5938667860318185,20.876522230343205,19.564971923828125,2.064566511205293,2.5938667860318185,12.311557788944723,16.722408026755854,0.3781900405883789,0.12204837799072266,0.001,2.5
666,134.7990101058679,136.5393746162338,0.015056372668525482,0.015342751767075181,254.12367166746003,255.60571115551187,2.0644733857868904,2.5899799858845993,20.71254610735767,19.483745740807574,2.0644733857868904,2.5899799858845993,12.311557788944723,17.05685618729097,0.38038355112075806,0.12476706504821777,0.001,2.5
667,135.0817266620783,136.80688348980652,0.015057112954531982,0.015350520209001258,254.12389288156277,255.60600107250406,2.117989241377992,2.6059861589833644,20.608541718679458,19.48922686752268,2.117989241377992,2.6059861589833644,12.311557788944723,16.387959866220736,0.35479336977005005,0.11484694480895996,0.001,2.5
668,134.6858438207476,137.03192848026953,0.015060042403950364,0.015355712949083401,254.12384178890056,255.6058071991273,2.0440986428029175,2.592570234700589,20.75103614717672,19.574483297341644,2.0440986428029175,2.592570234700589,12.311557788944723,16.387959866220736,0.39290744066238403,0.118366539478302,0.001,2.5
669,135.18554030630855,137.4692555303159,0.015054199741638486,0.015345887408707053,254.12388454929268,255.60593580163044,2.06993008698251,2.604041985444799,20.773481963267876,19.627535070463964,2.06993008698251,2.604041985444799,12.311557788944723,17.05685618729097,0.37589043378829956,0.11462044715881348,0.001,2.5
670,135.2189926837557,137.87746467717915,0.015055879200161302,0.01533576629644752,254.1241905685246,255.606389125454,2.0689013367721585,2.6130690909548346,20.78325846686435,19.682096723728755,2.0689013367721585,2.6130690909548346,12.311557788944723,16.387959866220736,0.3781217932701111,0.10613387823104858,0.001,2.5
671,135.22093181514262,137.26065420705737,0.015059456513130684,0.01532924774859761,254.1243632203171,255.60638249119788,2.078300937336294,2.6007061610652453,20.755446694404437,19.595825297377978,2.078300937336294,2.6007061610652453,12.311557788944723,16.722408026755854,0.36854612827301025,0.11098933219909668,0.001,2.5
672,134.73729392711442,137.23810977999582,0.015054293922218845,0.015339547908400811,254.12478238973185,255.6068010106932,2.058441488187716,2.5998470408461962,20.71829837051468,19.593890269863167,2.058441488187716,2.5998470408461962,12.311557788944723,16.387959866220736,0.38684433698654175,0.11373764276504517,0.001,2.5
673,135.3045963817705,136.7721769913383,0.015057060777067739,0.01534432799471262,254.1249741086209,255.60714109286815,2.0947682126682605,2.600640793707857,20.722778301143165,19.49832339589811,2.0947682126682605,2.600640793707857,12.311557788944723,16.387959866220736,0.352441668510437,0.11323291063308716,0.001,2.5
674,134.03152837705372,137.2051541127489,0.015059964765655735,0.015335326818095203,254.12548454961984,255.607561857804,2.0709001367016255,2.5977652447678174,20.539767883530814,19.59354559474167,2.0709001367016255,2.5977652447678174,12.311557788944723,16.387959866220736,0.3799213171005249,0.11147063970565796,0.001,2.5
675,134.52148309704447,137.09328774544707,0.015060412274732862,0.015342866600083068,254.12561500332063,255.60780160961343,2.044111606064354,2.6027207207121577,20.718125057380202,19.556304950777903,2.044111606064354,2.6027207207121577,12.311557788944723,16.722408026755854,0.3792799115180969,0.11942756175994873,0.001,2.5
676,134.5914807854785,136.6567869154506,0.015059052356573404,0.015345342647296728,254.12581467109308,255.6078669825525,2.08338119296772,2.592002487501572,20.61431539398142,19.501159132124986,2.08338119296772,2.592002487501572,12.311557788944723,16.387959866220736,0.37243813276290894,0.11606544256210327,0.001,2.5
677,135.35808940229305,136.8404033750196,0.015058742535036912,0.01533944402388406,254.1261108756265,255.60809152660562,2.088276884264283,2.5922196828402004,20.75295067152985,19.53723233838544,2.088276884264283,2.5922196828402004,12.311557788944723,16.722408026755854,0.3509713411331177,0.12046623229980469,0.001,2.5
678,135.11220666831062,136.90320344752692,0.015055033682503893,0.015344174236158862,254.12605548903372,255.607989052865,2.083160467083929,2.5751407999657467,20.719123725316035,19.601026273491392,2.083160467083929,2.5751407999657467,12.311557788944723,16.722408026755854,0.3746948838233948,0.1245998740196228,0.001,2.5
679,136.02138852833502,136.9964223498086,0.01505450997969613,0.015342612925256575,254.12598573822072,255.60776231440414,2.113670764057281,2.6060856728250763,20.80942895144873,19.526837926245854,2.113670764057281,2.6060856728250763,12.311557788944723,16.387959866220736,0.3534301519393921,0.11285400390625,0.001,2.5
680,135.8758774953871,136.8820333831685,0.015059063594844473,0.015346434291290201,254.12574870302848,255.6080152326603,2.0753550932834695,2.599464608674065,20.895273611174158,19.523820717597886,2.0753550932834695,2.599464608674065,12.311557788944723,16.387959866220736,0.36333519220352173,0.11393088102340698,0.001,2.5
681,135.07079993779934,137.1715882980704,0.015056634343648876,0.015352150714990487,254.12586067749228,255.6080326348244,2.0557826328117845,2.6043458933814314,20.792975628595656,19.567088449280398,2.0557826328117845,2.6043458933814314,12.311557788944723,16.387959866220736,0.38479185104370117,0.11308985948562622,0.001,2.5
682,135.99670635076424,137.67841678479044,0.015058227019131783,0.015353889086199644,254.1259684347028,255.60786274683517,2.116151332056502,2.619859412362344,20.797050408981555,19.621912799950028,2.116151332056502,2.619859412362344,12.311557788944723,16.387959866220736,0.35600781440734863,0.10327118635177612,0.001,2.5
683,134.70679684739616,137.12191180481162,0.015060922272902738,0.015346234941537364,254.1258007413778,255.60784738598062,2.03499937017559,2.597443134888359,20.782523434765174,19.57786196450326,2.03499937017559,2.597443134888359,12.311557788944723,16.387959866220736,0.39012694358825684,0.11330634355545044,0.001,2.5
684,135.63875560664653,137.14117411227528,0.015057062961073776,0.015332885500803639,254.12610118872357,255.60855791481043,2.092612711428797,2.59606831368794,20.79607664520417,19.585841666894613,2.092612711428797,2.59606831368794,12.311557788944723,16.387959866220736,0.38036084175109863,0.12804776430130005,0.001,2.5
685,134.28197444743248,137.0534281140586,0.015057485652042294,0.015341848022862023,254.1260979171574,255.60787570915093,2.05147797977505,2.582354122978389,20.648124547859332,19.609432775440023,2.05147797977505,2.582354122978389,12.311557788944723,16.387959866220736,0.37787777185440063,0.12482869625091553,0.001,2.5
686,134.50572225037132,136.75352881185984,0.01506615393768553,0.0153322708964298,254.12582923978616,255.6078690238621,2.0327733745127667,2.594395859983055,20.748986105223995,19.513330134261015,2.0327733745127667,2.594395859983055,12.311557788944723,16.387959866220736,0.39484190940856934,0.11650115251541138,0.001,2.5
687,134.3681409826231,136.99522660169313,0.01505976351729939,0.015350636982524077,254.12592991712305,255.6079410310573,2.062606193512129,2.604828399160634,20.6319724263458,19.53036777151867,2.062606193512129,2.604828399160634,12.311557788944723,16.387959866220736,0.37561488151550293,0.11572903394699097,0.001,2.5
688,134.127740984586,136.73174574223648,0.01505830292426162,0.015346074124866703,254.1259479874143,255.60785595948082,2.0965969558536908,2.6196401175049235,20.481920612916674,19.433236807883784,2.0965969558536908,2.6196401175049235,12.311557788944723,16.387959866220736,0.3679501414299011,0.10235291719436646,0.001,2.5
689,134.7038900353002,136.8794187718012,0.015060168676939443,0.01534332383897492,254.1261605114194,255.60860399737405,2.051623155323904,2.599686038135286,20.732070970774895,19.522635801181348,2.051623155323904,2.599686038135286,12.311557788944723,16.387959866220736,0.38604623079299927,0.11700338125228882,0.001,2.5
690,135.04275369564292,137.28645819724602,0.015059300830940306,0.015343079826230788,254.1267113869314,255.6086954990757,2.0909834191627437,2.6016764712572895,20.68176315537649,19.59807090376532,2.0909834191627437,2.6016764712572895,12.311557788944723,16.387959866220736,0.34833836555480957,0.11444419622421265,0.001,2.5
691,136.0038773809845,136.99098567898855,0.015062862809067296,0.015351619032588491,254.12659631981523,255.6084578396086,2.0714662520330354,2.603440161931475,20.932538593234728,19.533683764097283,2.0714662520330354,2.603440161931475,12.39530988274707,16.387959866220736,0.37903058528900146,0.10335749387741089,0.001,2.5
692,134.85821515311747,137.1801400072997,0.01506149022679283,0.015345726280557272,254.12653602587318,255.6086148163148,2.0783669816788715,2.6076705033165157,20.68270473703867,19.55882488365556,2.0783669816788715,2.6076705033165157,12.311557788944723,16.722408026755854,0.3778679370880127,0.1060481071472168,0.001,2.5
693,134.6725019138662,136.96607506793478,0.015058460381736907,0.015335062278876934,254.12659217923928,255.6084077764913,2.0984309025146253,2.5896837464144395,20.585370525443174,19.569975179972058,2.0984309025146253,2.5896837464144395,12.311557788944723,16.387959866220736,0.35443001985549927,0.1181330680847168,0.001,2.5
694,136.23073834749923,136.75769869699127,0.015061242627588348,0.015351404096420393,254.12639210252107,255.60831632582241,2.101766275600772,2.5917300747389778,20.88701090021948,19.522157592518273,2.101766275600772,2.5917300747389778,12.311557788944723,17.05685618729097,0.3473086953163147,0.12101972103118896,0.001,2.5
695,135.17801615141545,136.68425074548625,0.01505619309642906,0.015342568408660466,254.12652084376145,255.6085190788958,2.063162773498139,2.585159825640777,20.792278471903586,19.52718051540413,2.063162773498139,2.585159825640777,12.311557788944723,16.387959866220736,0.3811931014060974,0.12000054121017456,0.001,2.5
696,134.69772929282644,136.84953833742685,0.01505685350085473,0.01534139902570774,254.12646295237582,255.6084863669099,2.059144427229212,2.6038986942839863,20.70827687964767,19.504021501062706,2.059144427229212,2.6038986942839863,12.311557788944723,16.387959866220736,0.3940773606300354,0.11184823513031006,0.001,2.5
697,135.17321184372383,136.57404289118023,0.015063280643742388,0.015345044960470303,254.12656250511182,255.60854949440844,2.063082718369949,2.6004465192456707,20.7915558008293,19.459277417747472,2.063082718369949,2.6004465192456707,12.311557788944723,17.05685618729097,0.364837646484375,0.11253970861434937,0.001,2.5
698,134.65676409595176,136.80419309482127,0.015059642183283964,0.015333951176782715,254.1264885881638,255.6083686343802,2.085434629290148,2.6013112060202404,20.621211606254132,19.502716562022332,2.085434629290148,2.6013112060202404,12.311557788944723,16.387959866220736,0.3694767951965332,0.11037713289260864,0.001,2.5
699,133.61738379396985,137.04858781183046,0.015060783334238645,0.015347020781558493,254.12654034536288,255.60853872650046,2.020860898434816,2.5975585940689547,20.60705653946204,19.5628509011157,2.020860898434816,2.5975585940689547,12.311557788944723,16.722408026755854,0.39147859811782837,0.12096971273422241,0.001,2.5
700,134.8858016124323,137.17820897947587,0.01505826149522709,0.01532940197748484,254.12671194923183,255.6086389548005,2.0454273543365837,2.5954245787400465,20.78704125358032,19.595179025146077,2.0454273543365837,2.5954245787400465,12.311557788944723,16.722408026755854,0.3866737484931946,0.12266033887863159,0.001,2.5
701,135.0635313228946,136.96544802866651,0.015057276544384221,0.015345963263217622,254.12653099072838,255.60857791964426,2.0791204249239845,2.5847686860074965,20.72150864912637,19.58459179217999,2.0791204249239845,2.5847686860074965,12.311557788944723,16.722408026755854,0.3816151022911072,0.12418109178543091,0.001,2.5
702,134.64485470054538,137.15104532401298,0.015059501578535266,0.015343437450984649,254.1265032079751,255.6085319391461,2.0527946713382077,2.595077064922422,20.71674971524595,19.590786490552002,2.0527946713382077,2.595077064922422,12.311557788944723,16.722408026755854,0.37540555000305176,0.11821675300598145,0.001,2.5
703,135.0508645599212,137.6867948296078,0.015059317122065341,0.01534130316489317,254.12644935492895,255.6084382430367,2.0761095239489125,2.6138368506096676,20.728006979528583,19.64165859158621,2.0761095239489125,2.6138368506096676,12.311557788944723,16.387959866220736,0.36929160356521606,0.10628014802932739,0.001,2.5
704,134.05832026751597,136.91985854337048,0.015062097406991362,0.015347234017050584,254.12653602587318,255.60872162783824,2.0281405416964686,2.607131337641075,20.673404747916624,19.508386790553065,2.0281405416964686,2.607131337641075,12.311557788944723,16.722408026755854,0.3970035910606384,0.10929352045059204,0.001,2.5
705,134.5299455907876,136.62167424741,0.015058124965209658,0.015346079566406965,254.1267116425225,255.60866717590537,2.0187142654080286,2.612487474014129,20.796009114838924,19.432682222347196,2.0187142654080286,2.612487474014129,12.311557788944723,16.387959866220736,0.3830486536026001,0.10912352800369263,0.001,2.5
706,133.6300032470294,136.67747150535968,0.015063784913576428,0.015333816250256671,254.12665556583372,255.60908135761784,2.021783408208109,2.5964381774532357,20.6068121528306,19.491991846856465,2.021783408208109,2.5964381774532357,12.311557788944723,16.722408026755854,0.39831238985061646,0.11954820156097412,0.001,2.5
707,134.5065642441537,136.4805983221252,0.015062277571889424,0.015345024063336012,254.12704048604022,255.60919903911477,2.1061712205909204,2.6093731524553587,20.528961053845073,19.413809696567498,2.1061712205909204,2.6093731524553587,12.311557788944723,16.387959866220736,0.35507041215896606,0.10673916339874268,0.001,2.5
708,134.7330387441357,136.55411562712297,0.01506189791051986,0.015333703158417075,254.1271120771092,255.60927104630997,2.084325748072996,2.609550069407077,20.639792709094994,19.42798408457268,2.084325748072996,2.609550069407077,12.311557788944723,16.722408026755854,0.3746253252029419,0.10916990041732788,0.001,2.5
709,135.17534280901577,137.32736267293976,0.015058358238894535,0.015340806109625162,254.12738538067944,255.60947589172568,2.1203354131835987,2.6211770258619635,20.620225836084515,19.54775176159913,2.1203354131835987,2.6211770258619635,12.311557788944723,16.387959866220736,0.3479071259498596,0.0992896556854248,0.001,2.5
710,136.113256994404,136.95157937142363,0.015059280229523353,0.015352255365745878,254.12761929766017,255.6097178379429,2.07964480901683,2.609446453808941,20.929879672563256,19.507784821118,2.07964480901683,2.609446453808941,12.311557788944723,16.722408026755854,0.36658579111099243,0.11004936695098877,0.001,2.5
711,134.35270131173445,136.41727674605457,0.015062506076641119,0.015334525787237296,254.12776935519884,255.60977228987576,2.0692027270095035,2.5955914805166698,20.609094028696543,19.44249263495506,2.0692027270095035,2.5955914805166698,12.311557788944723,16.387959866220736,0.36910080909729004,0.11772578954696655,0.001,2.5
712,134.71441844639867,136.17800234791426,0.015059021970809404,0.015342554223901253,254.12792833286713,255.60991630426616,2.0871882877956884,2.590061514672627,20.62748124012396,19.41122483090812,2.0871882877956884,2.590061514672627,12.311557788944723,16.722408026755854,0.3612063527107239,0.1186378002166748,0.001,2.5
713,134.07933813762824,136.3640946097996,0.015056244423690952,0.015334616162904529,254.12789380250862,255.60999907936937,2.060719291968162,2.5954055969531717,20.57987275115609,19.432413432909094,2.060719291968162,2.5954055969531717,12.311557788944723,16.387959866220736,0.38116949796676636,0.11968374252319336,0.001,2.5
714,133.5015022878471,136.85695431304217,0.015058906711450774,0.0153447906502264,254.128092524594,255.61039999256963,2.014500905520952,2.5948404396656763,20.60295982616431,19.5326794270289,2.014500905520952,2.5948404396656763,12.311557788944723,16.722408026755854,0.39719152450561523,0.12302398681640625,0.001,2.5
715,133.61380781879777,136.6150879110381,0.015059650992628317,0.015340452225735554,254.12867716369118,255.6109689055478,2.0573725299020507,2.603849062552819,20.49680639231824,19.457281004226328,2.0573725299020507,2.603849062552819,12.311557788944723,16.722408026755854,0.3918968439102173,0.11951231956481934,0.001,2.5
716,134.53685792446936,136.3296138291375,0.015053812294287398,0.015335708797401608,254.1289014193281,255.61079891549306,2.0715061276402307,2.5870612504888935,20.639016686572102,19.450550194169367,2.0715061276402307,2.5870612504888935,12.311557788944723,17.05685618729097,0.3748859763145447,0.13029319047927856,0.001,2.5
717,133.64886950008832,136.48401159586317,0.015061487902386404,0.015339274015464512,254.1286578154444,255.61075313912588,2.052710234819345,2.5922419809577457,20.517805479679076,19.46588783519324,2.052710234819345,2.5922419809577457,12.311557788944723,16.722408026755854,0.384798526763916,0.12396347522735596,0.001,2.5
718,135.04455170240035,136.54590680686925,0.015060823034788395,0.015338556501503573,254.12867657583163,255.61080769312423,2.0810402118580624,2.5897692310371525,20.711951688705778,19.48568351771122,2.0810402118580624,2.5897692310371525,12.311557788944723,16.722408026755854,0.35990846157073975,0.12315511703491211,0.001,2.5
719,134.94339538778692,136.80077134964856,0.015057401921930825,0.015341026250609386,254.12864718285437,255.61091669905545,2.0399306387557856,2.6069027317008846,20.81505001330096,19.48525601007468,2.0399306387557856,2.6069027317008846,12.311557788944723,16.387959866220736,0.3894340991973877,0.11078709363937378,0.001,2.5
720,134.10479690321725,136.76148685723246,0.015054172764483908,0.015343636816311441,254.12898844809988,255.61126535473062,2.082141961284618,2.613370848339936,20.520696627235093,19.45799348505843,2.082141961284618,2.613370848339936,12.311557788944723,16.722408026755854,0.3634692430496216,0.10557574033737183,0.001,2.5
721,133.8892793895012,136.25538946553615,0.015055904007349881,0.015342469604368194,254.12919685708817,255.6112697435462,2.0558268991946376,2.5963887075915384,20.556538235202705,19.407720272357647,2.0558268991946376,2.5963887075915384,12.311557788944723,16.387959866220736,0.3885640501976013,0.1155356764793396,0.001,2.5
722,133.69956303122055,136.74261586881403,0.015064850805243056,0.015345467727967728,254.1291125375821,255.61125229034934,2.080620078784936,2.586596244952352,20.444213193065956,19.534542102877513,2.080620078784936,2.586596244952352,12.311557788944723,16.387959866220736,0.3614289164543152,0.12079417705535889,0.001,2.5
723,135.17671650897717,136.19163303949364,0.015058548114819444,0.015346988169694426,254.12914594333975,255.61142013702903,2.094197493701724,2.5904581714234625,20.69891305025698,19.412759379000967,2.094197493701724,2.5904581714234625,12.311557788944723,16.387959866220736,0.3564123511314392,0.12150043249130249,0.001,2.5
724,136.2460908618205,136.69332671404683,0.01506168020567802,0.01534582218809371,254.12929050566962,255.61144626579156,2.089618141727032,2.605903723566827,20.92652529807546,19.466761898436275,2.089618141727032,2.605903723566827,12.311557788944723,16.722408026755854,0.3680422902107239,0.11609011888504028,0.001,2.5
725,133.34239153326857,136.16825147137595,0.015061871471566771,0.015347735526470037,254.12941331719634,255.6116773420353,2.031085952442495,2.597848292577227,20.52138178392471,19.38591360647144,2.031085952442495,2.597848292577227,12.311557788944723,16.387959866220736,0.3997228145599365,0.1139829158782959,0.001,2.5
726,134.540377209534,136.65225781086696,0.01505826260127015,0.015341312814516367,254.12966699136962,255.6118561097212,2.0539992762171044,2.6093378505579206,20.692240397135418,19.448247341806674,2.0539992762171044,2.6093378505579206,12.311557788944723,16.387959866220736,0.37774568796157837,0.11280161142349243,0.001,2.5
727,134.60517089690396,136.67654163781617,0.015060271699624246,0.015346895031207381,254.12969183482517,255.6117580247962,2.045055564524141,2.6103857169581897,20.732029341373412,19.44995882040681,2.045055564524141,2.6103857169581897,12.311557788944723,16.387959866220736,0.3873526453971863,0.10984563827514648,0.001,2.5
728,134.72669627638518,136.82237682533903,0.015056454164710775,0.015347300299807735,254.1303924356074,255.612529639815,2.062296968808326,2.604186076384324,20.704610623306966,19.49772473083292,2.062296968808326,2.604186076384324,12.311557788944723,16.387959866220736,0.3823319673538208,0.11041688919067383,0.001,2.5
729,135.3717573667491,136.69622884386757,0.015060490218788336,0.01534163049518763,254.13040380941163,255.61249702989457,2.0895604154772096,2.6119068920811683,20.751831971620597,19.449334166919108,2.0895604154772096,2.6119068920811683,12.311557788944723,16.387959866220736,0.366615355014801,0.1061813235282898,0.001,2.5
730,133.67250978607228,136.16884493110172,0.01505920732428181,0.015336951281389465,254.13048687652127,255.6128588520165,2.0279578553571973,2.605182452345373,20.596790058129596,19.364032394511245,2.0279578553571973,2.605182452345373,12.311557788944723,16.387959866220736,0.400983989238739,0.10890144109725952,0.001,2.5
731,134.46950074775734,137.02120604243964,0.015059291534874607,0.015339061592932928,254.1308979692571,255.61303333295228,2.046026596072531,2.605907739205504,20.701982034910063,19.532327734905742,2.046026596072531,2.605907739205504,12.311557788944723,16.387959866220736,0.3924839496612549,0.11176931858062744,0.001,2.5
732,133.8418635331606,136.59175232341855,0.015054586042386403,0.015342385850747094,254.1310754517215,255.6131838285006,2.034273847862704,2.6018212367858378,20.611714374280254,19.458695529695337,2.034273847862704,2.6018212367858378,12.311557788944723,16.387959866220736,0.3799635171890259,0.12038439512252808,0.001,2.5
733,134.0819571541382,136.4025432369781,0.015054037805390818,0.01534249135807007,254.13137998852497,255.61396417011784,2.0442712957934916,2.597031002459319,20.629740163908533,19.435224584113794,2.0442712957934916,2.597031002459319,12.311557788944723,16.722408026755854,0.38974547386169434,0.1157190203666687,0.001,2.5
734,134.7836566458595,136.50888730052324,0.015063206554457571,0.015343821968845898,254.13211739442656,255.61454180969443,2.0990293389389065,2.6080531085215286,20.605803999269828,19.423427428688893,2.0990293389389065,2.6080531085215286,12.311557788944723,16.05351170568562,0.3572949767112732,0.11011254787445068,0.001,2.5
735,134.87981538756608,136.2788070627678,0.01506051398233403,0.015346105895737143,254.13212749027528,255.61386817753515,2.07638814401387,2.602347755910561,20.692960780669296,19.39452610207242,2.07638814401387,2.602347755910561,12.311557788944723,16.387959866220736,0.3651552200317383,0.1118893027305603,0.001,2.5
736,133.46656216568684,136.52177934423338,0.015056727282465801,0.015345434047730273,254.13179626976026,255.61384199773985,2.082019325876156,2.608256707622056,20.39341672581045,19.425394332528512,2.082019325876156,2.608256707622056,12.39530988274707,16.05351170568562,0.3541378974914551,0.10898423194885254,0.001,2.5
737,133.67455753089993,136.46738742585964,0.015055511199823976,0.015343652686172703,254.1318067234365,255.6139401336976,2.0250390466533514,2.601631412537999,20.605956714956005,19.434391978592377,2.0250390466533514,2.601631412537999,12.39530988274707,16.387959866220736,0.3857957720756531,0.11052876710891724,0.001,2.5
738,133.35210982279563,136.14900677020734,0.01505689028887643,0.015339125801239126,254.1319393241026,255.6141821819803,2.1000822229401352,2.6112929578608894,20.31633783145566,19.34173188480645,2.1000822229401352,2.6112929578608894,12.311557788944723,16.387959866220736,0.35669487714767456,0.10425716638565063,0.001,2.5
739,133.7568220077847,136.91781452906173,0.015064657029307368,0.015328197696411291,254.1321371771782,255.61397279465078,2.0229057339168275,2.6146781197359727,20.62880825317485,19.48534103699751,2.0229057339168275,2.6146781197359727,12.311557788944723,16.722408026755854,0.38212764263153076,0.10032963752746582,0.001,2.5
740,135.06619318925357,136.66138277085727,0.015060353212969587,0.015345389767858297,254.13191545189326,255.61395978130227,2.068997649491532,2.6087111533684872,20.752407026051277,19.451951138550623,2.068997649491532,2.6087111533684872,12.311557788944723,16.722408026755854,0.3723081350326538,0.10566401481628418,0.001,2.5
741,133.58386261139682,136.6875239853875,0.015064053950360173,0.015345142331958614,254.1321798353339,255.61437166654147,2.045133096888237,2.5999163951363453,20.527534088697067,19.483563273248066,2.045133096888237,2.5999163951363453,12.311557788944723,16.387959866220736,0.38225746154785156,0.11472135782241821,0.001,2.5
742,135.26452358124445,135.9666838885151,0.01506303480734278,0.015337737984207761,254.13239859576203,255.6144434696057,2.095658944080423,2.5918285168931634,20.712088947519785,19.363660487044218,2.095658944080423,2.5918285168931634,12.311557788944723,16.722408026755854,0.3593587875366211,0.11949044466018677,0.001,2.5
743,134.04971092390255,136.51935181888848,0.015061580870843413,0.015350561243260783,254.13254607183052,255.61463979255396,2.0379836910733427,2.604919126599927,20.642152201590225,19.43491976556172,2.0379836910733427,2.604919126599927,12.311557788944723,16.722408026755854,0.3862154483795166,0.11377185583114624,0.001,2.5
744,134.04386808564715,136.6877530713544,0.015058004353476229,0.015341022282365373,254.13285865975385,255.6148446890024,2.0366451089306294,2.6081458366036814,20.64499977405746,19.458922593489937,2.0366451089306294,2.6081458366036814,12.311557788944723,16.387959866220736,0.3859092593193054,0.11092472076416016,0.001,2.5
745,135.00043325248475,136.61981139932587,0.015060535114152448,0.015342412768772812,254.13314522850254,255.61513680040238,2.0358169691846197,2.608201977401274,20.838796919115026,19.445164843147815,2.0358169691846197,2.608201977401274,12.311557788944723,16.722408026755854,0.3836667537689209,0.10242605209350586,0.001,2.5
746,134.5682622248204,136.34306503857258,0.015053133392890593,0.015343983944218893,254.133288538436,255.61520880759758,2.0826193519573115,2.604438180508821,20.611956990943284,19.401105446959022,2.0826193519573115,2.604438180508821,12.311557788944723,17.05685618729097,0.38210028409957886,0.11175405979156494,0.001,2.5
747,133.83325202980234,136.13450107127926,0.015059442136130939,0.01534365957297609,254.13374842351405,255.61649274028665,2.0145120413059763,2.602980793917857,20.669275600107472,19.3637654932845,2.0145120413059763,2.602980793917857,12.311557788944723,16.387959866220736,0.3983142375946045,0.10710537433624268,0.001,2.5
748,134.65141265715786,136.17826394173613,0.015056916484468845,0.015349846504578822,254.13464340133282,255.61664527714453,2.1101875165399395,2.594893359021598,20.545882558902505,19.39678049884911,2.1101875165399395,2.594893359021598,12.311557788944723,16.722408026755854,0.3771810531616211,0.11666995286941528,0.001,2.5
749,134.17914370436165,136.17870379291648,0.01505596784584636,0.015347392120738093,254.13525469858243,255.61780055629768,2.052612016348783,2.5932893705208566,20.624154443916563,19.401679029432827,2.052612016348783,2.5932893705208566,12.311557788944723,16.722408026755854,0.3833731412887573,0.11386960744857788,0.001,2.5
750,133.96117973647125,136.2700281047502,0.015059152914451394,0.01533793350899698,254.1358758105305,255.61780713952106,2.0678166346733695,2.6011766183336444,20.534947048679268,19.396285238872004,2.0678166346733695,2.6011766183336444,12.311557788944723,17.05685618729097,0.3806041479110718,0.11821186542510986,0.001,2.5
751,133.96690865777046,136.56557885619708,0.01506039246267809,0.015347384788519563,254.1358862897659,255.61791828882735,2.038980055694005,2.597762776059052,20.622601935611897,19.46563396007321,2.038980055694005,2.597762776059052,12.311557788944723,16.387959866220736,0.3840901851654053,0.11408507823944092,0.001,2.5
752,134.0088688836026,136.0479430131689,0.0150608505283044,0.015348180041439757,254.1364177659129,255.61873787462113,2.077050029133233,2.5909256520478623,20.516783965093207,19.382618294910444,2.077050029133233,2.5909256520478623,12.227805695142377,16.387959866220736,0.36384546756744385,0.11789345741271973,0.001,2.5
753,133.5924263958955,136.16101278349709,0.015064274269769239,0.015341041921124012,254.1368358362859,255.61883391823656,2.056362415278577,2.613388377288512,20.495557360113963,19.33784540361385,2.056362415278577,2.613388377288512,12.311557788944723,16.05351170568562,0.38508278131484985,0.11251729726791382,0.001,2.5
754,134.11455079658546,135.904428437402,0.01505984666864926,0.015344915313515376,254.13679251359335,255.61879691950054,2.063137045258054,2.6012543531564565,20.579659620122094,19.322929580076085,2.063137045258054,2.6012543531564565,12.311557788944723,16.722408026755854,0.3939012885093689,0.1188516616821289,0.001,2.5
755,133.57808993290018,135.57133713534046,0.01506122178125072,0.015340123799034584,254.137106558386,255.62014617409594,2.0474823319931925,2.596039418791449,20.519331384144436,19.271956172675193,2.0474823319931925,2.596039418791449,12.311557788944723,16.387959866220736,0.389639675617218,0.11716073751449585,0.001,2.5
756,134.78002533521285,136.05685950441904,0.015067043157303752,0.015338585297748397,254.13818298033135,255.6201265264913,2.0536377617661876,2.6055186608164607,20.741251301725505,19.340623581289847,2.0536377617661876,2.6055186608164607,12.311557788944723,16.387959866220736,0.38244950771331787,0.11318546533584595,0.001,2.5
757,133.5518232693824,135.88845136253332,0.01505676684417517,0.015349720894393315,254.13845334460387,255.62059077132108,2.0343295561408676,2.6016043197351157,20.553536841617756,19.31868370719578,2.0343295561408676,2.6016043197351157,12.311557788944723,16.387959866220736,0.3857053518295288,0.114127516746521,0.001,2.5
758,133.78746211628618,135.59418632992134,0.015058125927732318,0.015350896743652613,254.13799946591683,255.61928504765234,2.0757539577819593,2.589798416182349,20.476390483990386,19.29524831867537,2.0757539577819593,2.589798416182349,12.311557788944723,16.387959866220736,0.3880695104598999,0.12402898073196411,0.001,2.5
759,134.05070816372307,136.2174752021713,0.015062378042407171,0.015343934957897385,254.13682364459015,255.6188795925383,2.055530222217042,2.604329386682415,20.589710992784358,19.376313493403305,2.055530222217042,2.604329386682415,12.311557788944723,16.722408026755854,0.37551599740982056,0.11259686946868896,0.001,2.5
760,134.1656608901032,136.17133777835298,0.015060545215180372,0.015350820325364835,254.13760723580467,255.62015255318838,2.071938005124704,2.610079513345674,20.563477939497087,19.34983393181128,2.071938005124704,2.610079513345674,12.311557788944723,16.722408026755854,0.38414251804351807,0.10891997814178467,0.001,2.5
761,133.77781012709215,136.45814177344076,0.015062638613047512,0.015341653728415337,254.1381747247386,255.62053182850713,2.026714804983219,2.605012801179918,20.621577053613198,19.42239810471551,2.026714804983219,2.605012801179918,12.311557788944723,16.722408026755854,0.4013632535934448,0.11208909749984741,0.001,2.5
762,133.0428893634023,136.34776423527643,0.015061710773962527,0.015349273339387366,254.13889452041295,255.6212774168289,2.0359386822686125,2.6038909086016906,20.446921554642106,19.40368460333068,2.0359386822686125,2.6038909086016906,12.227805695142377,16.387959866220736,0.3956558108329773,0.11720806360244751,0.001,2.5
763,133.83356962731136,136.25920462209643,0.015057230608497233,0.015348987442045707,254.13915622014696,255.62112692128056,2.036669414646462,2.6046468063341734,20.60286669834974,19.383706548939582,2.036669414646462,2.6046468063341734,12.311557788944723,16.722408026755854,0.37900060415267944,0.11562526226043701,0.001,2.5
764,134.80326130162533,136.0604351643336,0.015060859084928055,0.015337057109535937,254.1390148527059,255.62110727367593,2.089234035817822,2.589061968302647,20.63911063227821,19.39070970158912,2.089234035817822,2.589061968302647,12.311557788944723,16.387959866220736,0.3681654930114746,0.11478573083877563,0.001,2.5
765,133.7137825101664,136.24759993026888,0.015061068162946046,0.015339104362131161,254.13903154280518,255.62100474890258,2.0625114420949915,2.598975061971607,20.501382105713912,19.398404245791227,2.0625114420949915,2.598975061971607,12.311557788944723,16.722408026755854,0.3850145936012268,0.11720651388168335,0.001,2.5
766,135.2071383298941,136.42882132131518,0.015060020493689794,0.015341370329136234,254.13895803480293,255.62094590815414,2.066116934046274,2.6062184344964683,20.789237190131566,19.412916725694537,2.066116934046274,2.6062184344964683,12.311557788944723,16.722408026755854,0.3641337752342224,0.10988503694534302,0.001,2.5
767,134.40556957813564,136.54446400926264,0.015064277498978167,0.015340104524706518,254.13890653319496,255.6209131961682,2.0856615690330367,2.5938905409745945,20.570288544723535,19.473030186018416,2.0856615690330367,2.5938905409745945,12.311557788944723,16.387959866220736,0.3670913577079773,0.11883288621902466,0.001,2.5
768,133.49195856704583,136.50935695482337,0.015062054101271646,0.01535222308716447,254.13892061626493,255.6208848729979,2.0632895968068183,2.6063708094848836,20.454682907666793,19.42856308289595,2.0632895968068183,2.6063708094848836,12.311557788944723,16.722408026755854,0.3807758688926697,0.11387425661087036,0.001,2.5
769,133.6384399516299,135.91181532435593,0.015063150639222995,0.015341364840874106,254.13893073767275,255.62105052526977,2.090632842014383,2.596295501874841,20.401948222762577,19.33928337862659,2.090632842014383,2.596295501874841,12.39530988274707,16.722408026755854,0.3765040636062622,0.11869823932647705,0.001,2.5
770,133.00433094018268,136.2025810930641,0.015061817345657142,0.01535038051995944,254.13902211149335,255.6205906692556,2.0283577394245857,2.600081689381679,20.461952976245975,19.38607684106731,2.0283577394245857,2.600081689381679,12.311557788944723,16.387959866220736,0.3983778953552246,0.12237626314163208,0.001,2.5
771,134.394311825035,136.4915403027997,0.015057962192799678,0.01534695222188896,254.13860166412303,255.6208457308868,2.0765046106910385,2.607007344032211,20.595509508346993,19.423092755984303,2.0765046106910385,2.607007344032211,12.311557788944723,16.722408026755854,0.37592560052871704,0.1097753643989563,0.001,2.5
772,132.86520109703793,135.69449383279553,0.0150607922169032,0.015347290662643702,254.138703057115,255.62068211992448,2.0381671879159744,2.5938262724158756,20.40469901246242,19.30322698765375,2.0381671879159744,2.5938262724158756,12.311557788944723,16.722408026755854,0.38680702447891235,0.12302321195602417,0.001,2.5
773,133.74210990254005,136.0562152671176,0.01506066305634614,0.015346453017415012,254.13876833508363,255.62098938804806,2.0583281692747692,2.594171289616205,20.519597655764375,19.374535117260987,2.0583281692747692,2.594171289616205,12.311557788944723,16.387959866220736,0.3722131848335266,0.11667418479919434,0.001,2.5
774,133.5878642479978,136.3956235037201,0.01505570538292079,0.015334855687234514,254.13894630317114,255.62105695539495,2.069340794130386,2.6220733433662846,20.455711690624753,19.35871335415537,2.069340794130386,2.6220733433662846,12.311557788944723,16.387959866220736,0.3655800223350525,0.10201990604400635,0.001,2.5
775,133.5866560177188,135.85070484378267,0.01505775592590946,0.0153390670656211,254.139478443855,255.62181545499973,2.0699909052856804,2.5865735856186984,20.453518750879233,19.356228104403186,2.0699909052856804,2.5865735856186984,12.311557788944723,16.722408026755854,0.37074363231658936,0.12422513961791992,0.001,2.5
776,133.8193584806356,136.78976828278508,0.015056076016545395,0.015351475954653826,254.1397760285804,255.6218568935841,2.0717846672339255,2.608975803572996,20.494678711372003,19.47683104703259,2.0717846672339255,2.608975803572996,12.311557788944723,16.387959866220736,0.368987500667572,0.11026835441589355,0.001,2.5
777,133.72808579743608,135.8421209328948,0.01506474159246114,0.01534223306712299,254.13981411165528,255.62184377817007,2.081869055877379,2.589113461134027,20.446169465031456,19.34689073339354,2.081869055877379,2.589113461134027,12.311557788944723,16.387959866220736,0.3825828433036804,0.11871844530105591,0.001,2.5
778,133.3732828878278,136.05067224406878,0.015061265241410864,0.015347268105325692,254.1398575621434,255.62195273306855,2.040767732377428,2.5975240225775984,20.498513006085727,19.3633674825713,2.040767732377428,2.5975240225775984,12.311557788944723,16.387959866220736,0.38136351108551025,0.12155479192733765,0.001,2.5
779,135.023368899347,135.97303991413435,0.0150652332808604,0.01534850071231059,254.13997569635285,255.6220727620715,2.0704626130498633,2.5988100252821296,20.739444988257123,19.343984623019114,2.0704626130498633,2.5988100252821296,12.311557788944723,16.387959866220736,0.3667140603065491,0.1165395975112915,0.001,2.5
780,133.1658232671332,136.25491996433425,0.015059180487527619,0.01535766705384721,254.1401537922359,255.62280503084827,2.0499600002314375,2.6011198300581713,20.429444595796976,19.393428068894607,2.0499600002314375,2.6011198300581713,12.311557788944723,16.722408026755854,0.37545281648635864,0.1147691011428833,0.001,2.5
781,132.3831406023035,135.68000303542735,0.015059553096117687,0.015339711360184843,254.14078392655006,255.62262192537952,1.9909883404097566,2.5890717921049697,20.4498229226475,19.314592827123942,1.9909883404097566,2.5890717921049697,12.311557788944723,16.387959866220736,0.4061385989189148,0.12280726432800293,0.001,2.5
782,134.41521283889335,135.8249730649202,0.015062526957298842,0.015352710707729875,254.14075243772575,255.6227178669295,2.0942364833263096,2.6018102161063,20.546492258707683,19.305367970546353,2.0942364833263096,2.6018102161063,12.311557788944723,16.387959866220736,0.3603321313858032,0.11216866970062256,0.001,2.5
783,133.77571430557737,135.68085977305537,0.015065702160436603,0.015335542760340864,254.1410878499349,255.62367483285757,2.056178223946985,2.597888218519281,20.532766776667966,19.288316063258957,2.056178223946985,2.597888218519281,12.311557788944723,16.387959866220736,0.37198907136917114,0.117215096950531,0.001,2.5
784,132.85312983578373,135.31993975687186,0.01506272945053863,0.015347336160399044,254.14177285965962,255.6237838387888,2.0490008714410726,2.5994301926730867,20.369782487751053,19.211503025680084,2.0490008714410726,2.5994301926730867,12.311557788944723,16.387959866220736,0.3796805739402771,0.11456549167633057,0.001,2.5
785,133.28955645537258,135.72267074329798,0.015059103462314686,0.015346786692539187,254.14187300025517,255.62391453363426,2.1126958740815844,2.596156585176653,20.265983712533412,19.30186927438181,2.1126958740815844,2.596156585176653,12.311557788944723,16.722408026755854,0.3695257902145386,0.11087185144424438,0.001,2.5
786,133.6930152471341,136.1766587069202,0.015061310419135757,0.015345378753956545,254.14174085965308,255.62366835169968,2.022059371123961,2.6032343827761135,20.618584062585878,19.37143434250235,2.022059371123961,2.6032343827761135,12.311557788944723,16.05351170568562,0.3979337811470032,0.11541885137557983,0.001,2.5
787,132.78419757887747,136.16708072930277,0.015064717655754968,0.015347306893820746,254.14168363280433,255.62379481082775,2.047309152644683,2.5992689459618914,20.361070597790793,19.381414911021356,2.047309152644683,2.5992689459618914,12.311557788944723,16.05351170568562,0.3879944682121277,0.11616307497024536,0.001,2.5
788,133.34384559107386,136.33970718638952,0.015063513814466982,0.015350733404001065,254.14235023996937,255.62459485108238,2.0347451960022127,2.6066111840531976,20.510692411131995,19.393913804886733,2.0347451960022127,2.6066111840531976,12.311557788944723,16.722408026755854,0.390450119972229,0.11034023761749268,0.001,2.5
789,133.16274500452295,136.03860841068536,0.01506034877943733,0.01533743029890152,254.14277242535923,255.62471263464477,2.0347745210880808,2.597736365819057,20.474384937254428,19.36032079613727,2.0347745210880808,2.597736365819057,12.311557788944723,16.387959866220736,0.3882761597633362,0.12067794799804688,0.001,2.5
790,134.02555911065744,135.7070609510543,0.01506267853667788,0.015366010327378044,254.14275169692047,255.6246689506199,2.0804437508734828,2.602241589472844,20.509938941329366,19.280489548392918,2.0804437508734828,2.602241589472844,12.311557788944723,16.387959866220736,0.3772844076156616,0.11346250772476196,0.001,2.5
791,133.38391343313245,135.69807321810003,0.01506159596856515,0.015343382546559823,254.14242241889787,255.62425481994018,2.0504023066317814,2.601789282317146,20.471735013389907,19.28005360121711,2.0504023066317814,2.601789282317146,12.311557788944723,16.387959866220736,0.37056058645248413,0.11270606517791748,0.001,2.5
792,132.98373193277587,136.0159605912939,0.015057845036475802,0.015353600824731448,254.1420651025309,255.62369698106644,2.0222955988080455,2.5996841260023342,20.476019646853857,19.349944162528253,2.0222955988080455,2.5996841260023342,12.311557788944723,17.05685618729097,0.38892966508865356,0.11064887046813965,0.001,2.5
793,133.44732262181677,136.1628204141572,0.015060877929780152,0.015349287851199657,254.14157388198316,255.62324350414468,2.0763453426872265,2.6020457306035785,20.406588012848665,19.372233298311265,2.0763453426872265,2.6020457306035785,12.311557788944723,16.722408026755854,0.36549389362335205,0.11133110523223877,0.001,2.5
794,133.26238038591802,135.9358822111302,0.015060978300457623,0.015350299183416327,254.14138924296776,255.62344615515258,2.076806007318161,2.6034646991104586,20.368217564108384,19.32258726521878,2.076806007318161,2.6034646991104586,12.311557788944723,16.722408026755854,0.35946863889694214,0.11200863122940063,0.001,2.5
795,133.19291515765678,135.47874027111857,0.0150575682012305,0.015347523624108588,254.14132787554308,255.62317165004768,2.0553531806472956,2.584498209299451,20.418683462606204,19.28805825223891,2.0553531806472956,2.584498209299451,12.311557788944723,16.387959866220736,0.390020489692688,0.12500572204589844,0.001,2.5
796,133.8777265692476,135.9638442227673,0.01506285628512926,0.015353448947511589,254.141845243061,255.62394112169144,2.0427323098558077,2.5956468693787436,20.59350769963097,19.351632886905733,2.0427323098558077,2.5956468693787436,12.311557788944723,16.387959866220736,0.38686472177505493,0.12270694971084595,0.001,2.5
797,133.8667868481609,135.37762134768892,0.015061524376847237,0.015359842262065729,254.14215113449737,255.6242397142493,2.1053662967042905,2.5977231507317278,20.403418373222927,19.22815701794066,2.1053662967042905,2.5977231507317278,12.311557788944723,16.722408026755854,0.3610013723373413,0.11524242162704468,0.001,2.5
798,132.5761646417717,135.80726194860145,0.015062954605961066,0.015340790174353282,254.14232928149863,255.62425497303838,2.0107276216024528,2.618506815919908,20.42920920916738,19.251738704566574,2.0107276216024528,2.618506815919908,12.311557788944723,16.722408026755854,0.4098106622695923,0.1064920425415039,0.001,2.5
799,133.37710761704437,135.48427232212845,0.01505979875779681,0.015345602744822717,254.1428723614819,255.62473881444006,2.038247576311006,2.6055095267535053,20.50683741353864,19.2261323514192,2.038247576311006,2.6055095267535053,12.311557788944723,16.387959866220736,0.37913352251052856,0.10399818420410156,0.001,2.5
800,132.4854395369589,135.1955413308032,0.015059729744766026,0.015345102029675026,254.1423704316668,255.62369039784306,2.017653123817252,2.5934838499113866,20.390288051049314,19.20446299549728,2.017653123817252,2.5934838499113866,12.311557788944723,16.722408026755854,0.40917718410491943,0.12199020385742188,0.001,2.5
