epoch,train_loss,val_loss,train_recon_loss,val_recon_loss,train_kl_loss,val_kl_loss,train_age_loss,val_age_loss,train_site_loss,val_site_loss,train_age_mae,val_age_mae,train_site_acc,val_site_acc,train_age_r2,val_age_r2,current_beta,current_grl_alpha
1,57.53745700446405,57.17250308543942,0.010102493342143207,0.038896028874410835,10.972446751554607,26.52194407153688,3.234845624297508,3.2466382517862478,1.8009170906827279,1.6867661579795505,3.234845624297508,3.2466382517862478,48.65996649916248,41.80602006688963,-0.34874892234802246,-0.3586479425430298,7.686158073360571e-06,0.0
2,55.01968063022224,64.44376595283431,0.2966746939486595,0.792417260316702,68.28843663405733,131.68278156395343,2.9573555368075217,2.962190769986564,2.072409415564545,3.843456426193084,2.9573555368075217,2.962190769986564,43.969849246231156,19.39799331103679,-0.12833070755004883,0.025794804096221924,9.154408582006738e-06,0.025
3,58.71370295743447,75.23243833305844,0.6144385359295249,0.21149582448212997,121.80553091231303,78.79833371982127,2.8695853319599403,3.566093382628068,3.010830211080299,4.305736262662753,2.8695853319599403,3.566093382628068,41.37353433835846,45.819397993311036,-0.08976852893829346,-0.6931102275848389,1.0941850065037413e-05,0.05
4,60.47058562976831,63.76566023810651,0.15799040348585727,0.22922047828152825,66.56947759887082,75.0191757304214,2.8392689942914235,2.885766188037834,3.5445373341865474,4.049792600714642,2.8392689942914235,2.885766188037834,41.541038525963145,45.819397993311036,-0.08358645439147949,-0.0539400577545166,1.3116306549289961e-05,0.075
5,64.53198876692421,67.62421843359702,0.3454247593280658,0.3280120852798921,92.57460036030167,94.16545681650423,2.821657742687206,2.8948745504270827,4.3720479930066185,4.774320883097059,2.821657742687206,2.8948745504270827,41.038525963149084,45.819397993311036,-0.05010807514190674,0.07243621349334717,1.5759257661579782e-05,0.1
6,69.50033777642689,76.93417302262424,0.2800782655351725,0.25304489341069225,97.92958214534588,104.49076792228979,2.838531812431425,2.856504260895643,5.32808528194076,6.766316007212253,2.838531812431425,2.856504260895643,40.871021775544385,45.819397993311036,-0.05502748489379883,0.044999539852142334,1.896822375212947e-05,0.125
7,76.67306794593082,88.73668270047293,0.23500518433412715,0.19641312961793664,111.93988881837983,119.90300179165742,2.819017393505154,3.0964295297960773,6.830048711255967,8.418217666970447,2.819017393505154,3.0964295297960773,40.95477386934673,45.819397993311036,-0.027686476707458496,-0.3001077175140381,2.285938966519435e-05,0.15
8,83.03649187966607,88.78811859845318,0.17934976350921683,0.14278322194132917,117.46931207040247,100.92775744179818,2.8437678889812936,3.1770486871534365,8.039477233311638,8.197364303180604,2.8437678889812936,3.1770486871534365,40.95477386934673,45.819397993311036,-0.058817386627197266,-0.3790435791015625,2.7570396583288997e-05,0.17500000000000002
9,85.72614172036124,86.56825567647367,0.1683756010965686,0.18425675070405406,119.29056325430048,121.34445787512738,2.8073976503145355,3.008243930778376,8.688566516192514,8.251261144976153,2.8073976503145355,3.008243930778376,40.95477386934673,45.819397993311036,-0.05981111526489258,-0.244939923286438,3.326316923375208e-05,0.2
10,88.89044776034714,83.79850881314995,0.24792238480881032,0.24655809619753655,141.6634665382168,137.47548351479216,2.8822343501214007,2.8608722997748335,9.080665066014582,8.126669789636415,2.8822343501214007,2.8608722997748335,40.95477386934673,45.819397993311036,-0.07840943336486816,-0.03845977783203125,4.012655707396759e-05,0.22499999999999998
11,89.32853622053136,85.77116659413214,0.27406576460530013,0.24955147116080575,156.90951676105135,157.66381779801486,2.838487025681053,2.877659735472306,9.293914981822871,8.469818719653382,2.838487025681053,2.877659735472306,40.95477386934673,45.819397993311036,-0.04464149475097656,-0.0906522274017334,4.837844730438922e-05,0.25
12,90.74420319370289,84.70697853318026,0.20644083441901248,0.16466760082189055,139.01141140169435,108.06165436199278,2.8073071982193634,3.0716816398212345,9.684011111906425,7.692158561885157,2.8073071982193634,3.0716816398212345,40.95477386934673,45.819397993311036,-0.05044376850128174,-0.2857184410095215,5.826685172296986e-05,0.275
13,92.1324855989747,85.22689936711238,0.17150038251126032,0.16335054977881072,108.99643254879132,91.91931285028872,2.832519700179747,2.971395440723585,9.893110516482661,8.09723522511613,2.832519700179747,2.971395440723585,40.95477386934673,45.819397993311036,-0.0570676326751709,-0.18980705738067627,7.006928192300347e-05,0.3
14,94.58919485529863,81.6062462593002,0.16546876563798243,0.14261227003906085,92.87053615883167,66.5913783299883,2.8574104093427035,2.9710410661920656,10.310951926201033,7.378483579310286,2.8574104093427035,2.9710410661920656,40.95477386934673,45.819397993311036,-0.07032501697540283,-0.16423583030700684,8.408952379742846e-05,0.325
15,95.89068131950033,89.30949853495211,0.17592058611575084,0.18149625004135247,97.92093561322645,109.86169050848206,2.8459263966111483,2.900381745303355,10.60320131183669,9.122243992859703,2.8459263966111483,2.900381745303355,40.95477386934673,45.819397993311036,-0.07587552070617676,-0.052002906799316406,0.00010065073863056549,0.35000000000000003
16,97.94532784824595,86.48596400640481,0.18605862560384037,0.1677320425127661,109.44914940813278,98.63563764693346,2.8863480925759677,2.8314097134963325,10.890180899270216,8.767047722602769,2.8863480925759677,2.8314097134963325,40.95477386934673,45.819397993311036,-0.11868834495544434,0.09371554851531982,0.00012008371910009542,0.375
17,100.82157747150465,89.19856757224603,0.1572327786304643,0.12835441863656444,75.70875163373836,82.83879362380624,2.883077418983881,2.941069531201519,11.48147630611656,8.988468967552567,2.883077418983881,2.941069531201519,40.95477386934673,45.819397993311036,-0.12830829620361328,-0.009183526039123535,0.00014270921383558732,0.4
18,102.41764885217101,95.18780629850151,0.1287177402769501,0.13167965760996508,86.97211995596064,89.46166280280787,2.774781076952041,2.8849256150299887,12.130506585790483,10.353427497838252,2.774781076952041,2.8849256150299887,40.95477386934673,45.819397993311036,-0.024129152297973633,-0.026977896690368652,0.0001688136332512095,0.42500000000000004
19,106.36970926409391,90.38589053967326,0.13956801630743784,0.11899850472658374,102.75582334943353,94.14193771515403,2.8910319010416665,2.91116459393581,12.568850812800166,9.316145370636496,2.8910319010416665,2.91116459393581,40.95477386934673,45.819397993311036,-0.0611952543258667,-0.09860372543334961,0.0001986182953299768,0.44999999999999996
20,105.24578799913876,100.63033782040395,0.19180562732806758,0.20922367862833782,121.00353479944482,129.14006527291494,2.8485401207877565,2.8844149965905026,12.459555977353299,11.42497999452827,2.8485401207877565,2.8844149965905026,40.95477386934673,45.819397993311036,-0.0765615701675415,0.06665849685668945,0.0002322437412844814,0.475
21,106.5918639037677,94.57475780882564,0.16229362398935124,0.14750622945485706,108.01120450069357,99.3717678669703,2.816946778864517,2.870628039573746,12.829248316523618,10.268206605943151,2.816946778864517,2.870628039573746,40.871021775544385,45.819397993311036,-0.0696096420288086,0.012087464332580566,0.00026967247994862516,0.5
22,109.09335172515819,94.78650200885275,0.18399391566688691,0.16388056026055262,112.11780990268318,103.46513223807548,2.7851645874617685,2.807584990625796,13.41941028703597,10.49533902681791,2.7851645874617685,2.807584990625796,40.95477386934673,45.819397993311036,-0.048847198486328125,-0.015431404113769531,0.0003107154933535152,0.525
23,108.38102729835703,99.84423108563375,0.19374416346725706,0.1979377402808754,120.71844612773339,133.36227529264215,2.73598031542409,2.854740729698768,13.420945167541504,11.355568091606216,2.73598031542409,2.854740729698768,41.038525963149084,45.819397993311036,0.013315081596374512,-0.05690300464630127,0.00035498935008043036,0.55
24,111.14181224624915,91.51099750429492,0.2029200936581821,0.1520679956893857,134.3094689578467,111.14265314312684,2.816949422235665,2.835689417893273,13.72613464208504,9.755784293082247,2.816949422235665,2.835689417893273,40.787269681742046,45.819397993311036,-0.03377377986907959,-0.005017757415771484,0.00040191102754766046,0.5750000000000001
25,110.70288351752251,99.7312068109927,0.196536515151436,0.19986790164457915,131.265199773076,126.60748964647784,2.8055132617503156,2.80190504992686,13.672896905959751,11.489139949198949,2.8055132617503156,2.80190504992686,40.787269681742046,45.819397993311036,-0.06767165660858154,0.014383971691131592,0.0004507158366848345,0.6
26,112.02807931564561,97.71161261210872,0.2083342446753727,0.18565449572127798,129.68632241509468,128.91092740572415,2.8161548046610463,2.8074681439925993,13.902503127029393,11.069883349747164,2.8161548046610463,2.8074681439925993,40.871021775544385,45.819397993311036,-0.05357229709625244,0.014614224433898926,0.0005005,0.625
27,111.23191220077437,98.22430950662364,0.1875230558653373,0.16772434469250133,128.04348259036067,125.64496314007303,2.73230820764449,2.8246634429115116,13.997860969211189,11.123498227683996,2.73230820764449,2.8246634429115116,40.871021775544385,45.819397993311036,-0.01735544204711914,0.020487964153289795,0.0005502841633151655,0.65
28,112.68304111090936,93.2970394785189,0.1803952844398505,0.14295412664828094,135.89384146072157,115.3729370015122,2.7995268020597934,2.8530974746946507,14.08566630186148,10.057700329401023,2.7995268020597934,2.8530974746946507,40.619765494137354,45.819397993311036,-0.02481210231781006,-0.04913341999053955,0.0005990889724523396,0.675
29,113.18033537233694,100.12792463525881,0.16560077594852127,0.1595439531631693,131.29993864279896,141.80912867517375,2.7187955870700242,2.84171475933547,14.429596162920621,11.450210147079417,2.7187955870700242,2.84171475933547,40.787269681742046,45.48494983277592,-0.0048285722732543945,0.05443370342254639,0.0006460106499195698,0.7000000000000001
30,114.27993189110428,98.60982952309293,0.16767699394992847,0.14889632818292217,147.91066482518386,140.53902310272522,2.77799773016567,2.8528634903821657,14.468037479087535,11.114193785549407,2.77799773016567,2.8528634903821657,40.7035175879397,45.48494983277592,-0.026743173599243164,-0.039527058601379395,0.0006902845066464847,0.725
31,112.78754013547146,99.11198746799226,0.17507396361336636,0.16905168376638738,153.23422959421947,151.51547409618976,2.688323417899996,2.805378028780322,14.435109926028867,11.350291682724968,2.688323417899996,2.805378028780322,40.7035175879397,45.48494983277592,0.02663719654083252,0.02360522747039795,0.0007313275200513749,0.75
32,112.33348742921149,101.08925161712544,0.16998725785082908,0.15379698285490373,154.0187993648663,142.73233818130748,2.743226501410531,2.8021668486770577,14.179340269897052,11.758645717914288,2.743226501410531,2.8021668486770577,40.7035175879397,45.819397993311036,-0.022905468940734863,-0.01631009578704834,0.0007687562587155186,0.775
33,113.26878093674755,93.01845864388456,0.17572584768236182,0.13002532745484124,155.5498041507587,137.55615652843463,2.723626131987452,2.8927290312023866,14.42277065353777,9.877424539929649,2.723626131987452,2.8927290312023866,40.7035175879397,45.819397993311036,0.012959778308868408,-0.061257243156433105,0.0008023817046700233,0.8
34,113.067589304555,101.57993732567216,0.15486158512944553,0.13770739843813473,151.04273621321124,142.97104667740123,2.719627008965267,2.8510412858880083,14.398525530369438,11.711526567720648,2.719627008965267,2.8510412858880083,40.7035175879397,45.819397993311036,0.007248282432556152,-0.01351475715637207,0.0008321863667487907,0.8250000000000001
35,115.50646126649687,109.25835625383766,0.14094835155373642,0.17280791236405388,142.46759245343745,165.03478830394937,2.7571895725563342,2.8816737195719844,14.777077880936051,13.143758075293091,2.7571895725563342,2.8816737195719844,40.53601340033501,45.819397993311036,-0.02479088306427002,0.05960971117019653,0.0008582907861644128,0.8500000000000001
36,115.47118812190428,96.28537788518695,0.18308652111233978,0.1341818470420646,165.9390983901032,134.81234235986818,2.8250913156736237,2.9177670797775423,14.553110862297428,10.453186889954633,2.8250913156736237,2.9177670797775423,40.7035175879397,45.819397993311036,-0.026235103607177734,-0.0978999137878418,0.0008809162808999045,0.875
37,114.28938943936397,107.65625949208952,0.1536308018056991,0.16062203398516345,145.2386553842618,150.82365274588798,2.715650080037077,2.815421851582352,14.654048526706408,13.025702549861027,2.715650080037077,2.815421851582352,40.7035175879397,45.819397993311036,0.002492666244506836,0.018807590007781982,0.0009003492613694345,0.8999999999999999
38,116.03955418061172,94.77462518494265,0.1622587586168069,0.1352272191673617,153.4279861577991,142.24323382425467,2.7591510737561302,2.834221845486491,14.86986983121939,10.399129854795525,2.7591510737561302,2.834221845486491,40.7035175879397,44.14715719063545,-0.014267444610595703,0.024127960205078125,0.0009169104762025716,0.925
39,114.65869936791297,102.4110556765145,0.14370229420949465,0.1340986420976677,150.3959718637131,152.98218299074716,2.73210542046245,2.7831477138111027,14.678681570081855,12.077465826053682,2.73210542046245,2.7831477138111027,40.20100502512563,43.47826086956522,0.024235010147094727,0.02376687526702881,0.0009309307180769967,0.95
40,115.47830304987666,97.11293647281302,0.13444098465806076,0.10582111646299777,155.54931346695227,140.7317136936762,2.697133664110398,2.8798504697040572,14.948043008545536,10.735337672026262,2.697133664110398,2.8798504697040572,36.767169179229484,32.441471571906355,0.028917908668518066,-0.03302621841430664,0.0009427331482770302,0.9750000000000001
41,116.6032167878782,103.43041129734205,0.12082145852309775,0.11824992348916555,152.8705877307272,161.17000771206756,2.699425619850606,2.7639619945283718,15.169076485050782,12.339839823668617,2.699425619850606,2.7639619945283718,29.313232830820766,29.09698996655518,0.011855363845825195,0.06987535953521729,0.0009526215526956109,1.0
42,118.2186320191452,99.98297144656995,0.12012009127954741,0.09900357534355145,164.0674125377457,155.60596269588407,2.6861300975633426,2.8783634299019907,15.529782074779721,11.311800385797303,2.6861300975633426,2.8783634299019907,22.529313232830823,10.367892976588628,0.025448143482208252,-0.019453048706054688,0.0009608734429260324,1.025
43,118.60292510730737,108.97615102302271,0.11176737965750734,0.10731070361607849,166.97293218615866,161.50842305569347,2.6328393023217744,2.8756831808632435,15.767396425282335,13.115458887157631,2.6328393023217744,2.8756831808632435,17.16917922948074,12.040133779264215,0.04610717296600342,-0.038308143615722656,0.0009677368307662479,1.05
44,120.32783040569056,112.38576836729528,0.11363922017103863,0.11676339536008229,167.2562471322678,169.0528508827439,2.6841069186352806,2.8451934602348303,15.95795498181827,13.885308399646975,2.6841069186352806,2.8451934602348303,13.651591289782244,15.050167224080269,0.0038936734199523926,-0.018548011779785156,0.000973429603416711,1.075
45,121.56266017894649,110.79782226970762,0.12260947837002913,0.113505345747423,173.6199775580785,169.3480065387228,2.650682229692213,2.796467703720399,16.301997975488405,13.714331579048897,2.650682229692213,2.796467703720399,12.562814070351758,9.364548494983277,0.0746719241142273,0.022175312042236328,0.0009781406103348057,1.1
46,123.10423653249565,112.71208798207567,0.11928930028748871,0.11820086826847548,176.15432984625275,174.3751066584252,2.655792778261143,2.803074253044001,16.59501363284624,14.07530595785798,2.655792778261143,2.803074253044001,10.887772194304858,8.361204013377927,0.051938414573669434,0.006994128227233887,0.0009820317762478706,1.125
47,122.50364935537878,111.66694074649875,0.12252929386132128,0.1119042731896292,177.88602285209413,168.5686513843345,2.6485331286138027,2.809833420558917,16.495572618903026,13.848290937800073,2.6485331286138027,2.809833420558917,10.050251256281408,8.361204013377927,0.04496127367019653,0.0339321494102478,0.0009852407423384202,1.1500000000000001
48,124.66520542675127,114.82798118974054,0.11986963140155801,0.11494992760611218,172.0874392511058,172.43010811183763,2.681652111823435,2.7703063719248693,16.830110222450653,14.597618868518435,2.681652111823435,2.7703063719248693,9.715242881072026,8.695652173913043,0.02607804536819458,0.015871644020080566,0.00098788369345071,1.1749999999999998
49,124.57527132529509,115.48493932003161,0.11986228408076656,0.12884070128700806,177.13072669765657,172.75088592835493,2.665968085054177,2.882167004422599,16.858103702615452,14.390511959292818,2.665968085054177,2.882167004422599,10.217755443886096,6.354515050167224,0.03307163715362549,-0.025897741317749023,0.0009900581499349627,1.2
50,125.07022723480685,112.8415841960588,0.12778302903600675,0.11262732911169729,176.65382960333895,168.96616131326428,2.6559423717422104,2.755152153729595,16.985618747858148,14.24681753139432,2.6559423717422104,2.755152153729595,8.375209380234507,7.023411371237458,0.043707072734832764,0.04497396945953369,0.0009918455914179935,1.225
51,125.63290314538595,117.40043364559926,0.12219576629961355,0.11778704518059822,175.86020715352478,171.1916630977771,2.6459151184938263,2.721177154560153,17.129223949745473,15.258758905340597,2.6459151184938263,2.721177154560153,8.458961474036851,8.02675585284281,0.06497114896774292,0.06476128101348877,0.001,1.25
52,125.34070964155086,116.87416377753318,0.12193043356514856,0.11795034326837214,173.5834186240856,167.69365403803695,2.614616737493518,2.723355342711892,17.165189107259113,15.147638738753406,2.614616737493518,2.723355342711892,9.128978224455611,7.6923076923076925,0.08532804250717163,0.0648350715637207,0.001,1.275
53,127.73190136371146,113.60008576562173,0.11981179199526258,0.12153663663162435,171.43327290648392,170.40518234406028,2.7174610660303777,2.745365377253912,17.335748126159363,14.4255334509655,2.7174610660303777,2.745365377253912,7.956448911222782,6.688963210702341,0.005051791667938232,0.08175861835479736,0.001,1.3
54,128.08301824061715,116.38072025975256,0.1200449958917883,0.11403172650066108,174.90618850477975,169.42543402324154,2.7456188617239845,2.7656859841235106,17.320756637471007,14.92239444949555,2.7456188617239845,2.7656859841235106,8.375209380234507,7.357859531772576,0.004979729652404785,0.044007062911987305,0.001,1.3250000000000002
55,127.96099569809496,116.51748539851262,0.12532620683586976,0.12334226505413502,173.87698893331404,169.60594289518122,2.6893413218621234,2.7962370213856267,17.464334302611487,14.856196709699853,2.6893413218621234,2.7962370213856267,7.872696817420436,7.023411371237458,0.026659846305847168,-0.018631815910339355,0.001,1.35
56,128.7286911905311,117.19018228077968,0.12495938674788579,0.1305435853309456,172.81799681901532,172.58699020334709,2.631787149550727,2.7027174150664672,17.79082080706879,15.269258339668198,2.631787149550727,2.7027174150664672,7.788944723618091,7.023411371237458,0.05999523401260376,0.08273464441299438,0.001,1.375
57,127.1524281461834,115.52751514345508,0.12297538154987833,0.11878887506631705,175.96533021655316,170.95902423156943,2.6214650495966874,2.7433976752303515,17.506302301608137,14.817360814199798,2.6214650495966874,2.7433976752303515,7.6214405360134005,7.023411371237458,0.0676543116569519,0.06560778617858887,0.001,1.4000000000000001
58,127.57112901134906,114.80472010992044,0.12489620814571029,0.11620210173437029,173.80785951342816,168.01364003057066,2.6519444384167543,2.705689173478347,17.49865180483615,14.787033671120737,2.6519444384167543,2.705689173478347,7.788944723618091,7.023411371237458,0.04430335760116577,0.07960420846939087,0.001,1.4249999999999998
59,128.5916373861495,112.4820865388698,0.11924470820069513,0.11944135918864439,172.2526925245122,167.72173776275736,2.599731338283724,2.7153641404116833,17.86083418240699,14.292891598066758,2.599731338283724,2.7153641404116833,8.207705192629817,7.023411371237458,0.08316069841384888,0.033732712268829346,0.001,1.45
60,127.68667497746709,114.8508241072945,0.11984251636755926,0.11828516274192262,173.07126925418925,168.37335735818615,2.611739319972257,2.7213584053077824,17.643534134780143,14.748757665372613,2.611739319972257,2.7213584053077824,7.537688442211055,7.023411371237458,0.07482802867889404,0.05513942241668701,0.001,1.4749999999999999
61,127.71636436372945,115.36766036936272,0.1209839890200888,0.11263038604255504,172.2245846337809,170.44045994991444,2.6108777331347444,2.6606160781056585,17.651997663667252,15.035068534289714,2.6108777331347444,2.6606160781056585,7.2864321608040195,7.6923076923076925,0.08316248655319214,0.0866934061050415,0.001,1.5
62,129.4519323352194,121.09642967810997,0.1176306726395385,0.11975947488410815,173.8063542351651,171.88432036434926,2.6494938085226956,2.7244872361122563,17.883617723806818,15.98749454842762,2.6494938085226956,2.7244872361122563,6.78391959798995,7.023411371237458,0.04474455118179321,0.051661133766174316,0.001,1.525
63,129.29625931936292,113.12728195445594,0.1202875486944788,0.13301840043287214,175.5861017939633,173.6854903307248,2.6502681992561175,2.716611161279838,17.849272263109984,14.414281781301849,2.6502681992561175,2.716611161279838,7.118927973199329,6.354515050167224,0.057852983474731445,0.0866662859916687,0.001,1.55
64,129.16034605195574,117.51609911966483,0.13005737870482345,0.12329602989066006,177.61877065687324,171.99818731709865,2.6218821223656734,2.7556133158629557,17.90488734157441,15.177321567981936,2.6218821223656734,2.7556133158629557,7.035175879396985,7.023411371237458,0.07591074705123901,0.0429728627204895,0.001,1.575
65,129.74150957014893,118.46603444587427,0.12605171338647256,0.12103654942584277,176.540045528955,174.99754746861282,2.628882407742729,2.6580051522589847,18.001136214289833,15.659985347735045,2.628882407742729,2.6580051522589847,7.118927973199329,7.023411371237458,0.07126730680465698,0.0973743200302124,0.001,1.6
66,128.9289661196608,118.31188355002514,0.13197607236291894,0.12600159119303808,176.6641517012962,171.1004128854809,2.616558600909746,2.72715054307893,17.874389111696175,15.421505082809805,2.616558600909746,2.72715054307893,6.867671691792294,7.023411371237458,0.0758671760559082,0.08201515674591064,0.001,1.625
67,128.13398180375347,120.82914147010216,0.1202584397004078,0.13104127055924872,173.45595434243157,175.06558727659908,2.555212411449183,2.7547556771881205,17.902415925733607,15.840339791415925,2.555212411449183,2.7547556771881205,7.537688442211055,7.023411371237458,0.12091290950775146,-0.017143964767456055,0.001,1.6500000000000001
68,129.64787254141802,120.00284548348009,0.12484323758775465,0.10923390471715991,177.71698171848828,172.09714051313622,2.626211542979357,2.7359009849586613,17.99042809388945,15.736600486729854,2.626211542979357,2.7359009849586613,6.78391959798995,7.6923076923076925,0.07048672437667847,0.011034488677978516,0.001,1.675
69,130.26277155532708,123.34924431229913,0.12335657227278954,0.13302896884472473,175.2003931911347,175.60851269980338,2.645143478160328,2.7074802009557004,18.057412752953407,16.4856801686877,2.645143478160328,2.7074802009557004,6.700167504187604,7.023411371237458,0.06004679203033447,0.08768153190612793,0.001,1.7000000000000002
70,130.4922522923455,121.42025420019858,0.12363586441256492,0.12986350829485666,177.66026699762648,174.97006674674043,2.671699231992814,2.7258992242972586,18.023092832197896,16.045386850235854,2.671699231992814,2.7258992242972586,7.872696817420436,6.0200668896321075,0.0527651309967041,0.019667863845825195,0.001,1.7249999999999999
71,130.87378706684464,118.99582932386112,0.13050023043275477,0.12673707159366895,177.7930320599171,176.41058492501045,2.645797561760524,2.7234373618926493,18.175706087045334,15.568224052123004,2.645797561760524,2.7234373618926493,6.867671691792294,7.023411371237458,0.05129808187484741,0.03281569480895996,0.001,1.75
72,129.68877580856758,123.65435640469045,0.12002242698491718,0.13578551878099857,178.4204883671286,176.84402368858107,2.596645369202248,2.759827267764803,18.08813054837174,16.388863120190674,2.596645369202248,2.759827267764803,7.45393634840871,6.354515050167224,0.09036391973495483,0.009097456932067871,0.001,1.775
73,131.51739668087345,114.94805765311455,0.13038220115542612,0.12298564852081413,180.05910079163723,176.8482576708331,2.611167617379321,2.6962953116184094,18.40788815688448,14.840758422545367,2.611167617379321,2.6962953116184094,7.202680067001675,6.354515050167224,0.07502341270446777,0.05792343616485596,0.001,1.7999999999999998
74,131.00286101016965,116.99861537971624,0.1332810888038808,0.14028113148483545,183.9104222436646,179.76222152454798,2.6434253452211567,2.7784689844252672,18.206857863383078,15.000306384619263,2.6434253452211567,2.7784689844252672,6.700167504187604,6.354515050167224,0.055843234062194824,0.010123968124389648,0.001,1.825
75,131.61443964001322,119.14916492066655,0.12876652358365018,0.1313151011997242,182.2290149733449,178.21480287277578,2.6469414645503315,2.7208492022294264,18.319864720355724,15.605379579856644,2.6469414645503315,2.7208492022294264,5.778894472361809,6.354515050167224,0.06511980295181274,0.05667752027511597,0.001,1.85
76,131.65330196105856,116.82086936925167,0.1270837402298822,0.11966635281824348,180.39431527551494,176.78484331724238,2.609133596995368,2.6721313669530047,18.441764275632313,15.28848903872895,2.609133596995368,2.6721313669530047,6.95142378559464,6.688963210702341,0.08281594514846802,0.10577255487442017,0.001,1.875
77,130.46156934677455,120.64970306090288,0.12971716445295056,0.13283588764659537,182.32793573478557,180.09419832261509,2.6065557015002074,2.7652512433935565,18.21023801103908,15.771601578064985,2.6065557015002074,2.7652512433935565,6.78391959798995,6.354515050167224,0.08101552724838257,0.00981837511062622,0.001,1.9
78,132.6852418270143,121.89028060555857,0.12678398958202983,0.12727452891825833,182.96153259277344,182.09880790582866,2.6221082202553547,2.74165104703361,18.608774399238214,16.09122761436131,2.6221082202553547,2.74165104703361,6.532663316582915,6.688963210702341,0.08228880167007446,0.008961021900177002,0.001,1.925
79,131.54854720481475,116.29794365107814,0.12878517553185298,0.12127550053456954,185.76494359410987,182.66651503138718,2.566612489059742,2.6842987194507817,18.54696167413913,15.145903966897308,2.566612489059742,2.6842987194507817,6.281407035175879,6.354515050167224,0.0949636697769165,0.09296417236328125,0.001,1.9500000000000002
80,131.77632481049454,121.36319429021216,0.12119416293486877,0.11897995589568862,186.91829427083334,185.50649549809586,2.555869611663435,2.715277442166638,18.62603401618587,16.065909053968348,2.555869611663435,2.715277442166638,6.197654941373535,6.688963210702341,0.1057271957397461,0.03209793567657471,0.001,1.975
81,132.08502488639488,121.35003738658484,0.12504012505812462,0.12347634276219435,189.61919148763022,188.24378707018187,2.571187148741142,2.7089458811641935,18.640511814673342,16.080826229873708,2.571187148741142,2.7089458811641935,6.281407035175879,7.023411371237458,0.10910928249359131,0.06579643487930298,0.001,2.0
82,131.6902333168528,121.46347941523013,0.12028772607320916,0.12718104924944332,190.7526351698679,188.0067732692961,2.5976871425782018,2.7332716570251363,18.482777523635022,16.029843301677385,2.5976871425782018,2.7332716570251363,6.95142378559464,6.354515050167224,0.10255193710327148,0.010940134525299072,0.001,2.0250000000000004
83,130.86892485498782,119.00713294804295,0.12652567016519295,0.12401376809164832,191.40556258771886,188.0087261391324,2.5270896445167326,2.71322482086743,18.5289300921774,15.59934834253828,2.5270896445167326,2.71322482086743,6.448911222780569,6.688963210702341,0.11394208669662476,0.09116941690444946,0.001,2.05
84,131.37836943199886,117.1885043243102,0.12625314534908563,0.12275567738009137,193.11313086019288,188.94364694448618,2.5732461212068745,2.687234235846478,18.492062343424887,15.313658634555779,2.5732461212068745,2.687234235846478,6.197654941373535,6.688963210702341,0.09610754251480103,0.06543081998825073,0.001,2.0749999999999997
85,131.56372469034628,125.29392694071383,0.12497825362724276,0.12080122064487592,193.5785861885927,193.93959953792915,2.5486480007618915,2.7151010610586823,18.603089321398457,16.850533638510814,2.5486480007618915,2.7151010610586823,5.9463986599664995,7.357859531772576,0.11938232183456421,0.025799810886383057,0.001,2.1
86,133.01727553068892,116.70222565003462,0.12000810323747958,0.12044161513298252,196.94313616728664,193.30245614450513,2.601459871384766,2.686916431854401,18.735685390044296,15.216948305085351,2.601459871384766,2.686916431854401,6.78391959798995,6.354515050167224,0.07194596529006958,0.100044846534729,0.001,2.125
87,133.24990251755196,119.4755114807333,0.12285663933809877,0.11285057701295036,197.64392616361428,193.8716807285679,2.5804640452067056,2.658487487397465,18.844487907499126,15.858295214216048,2.5804640452067056,2.658487487397465,6.197654941373535,7.6923076923076925,0.09975379705429077,0.0923033356666565,0.001,2.15
88,132.27581214585297,120.05715883695163,0.11522720246209171,0.11805230805208053,196.09777101040686,192.42314923646856,2.5719132906627813,2.675062745709882,18.67715778702268,15.924148610603051,2.5719132906627813,2.675062745709882,6.281407035175879,6.688963210702341,0.09758996963500977,0.08376741409301758,0.001,2.175
89,131.92977291854783,120.07062778026364,0.12146939915079168,0.11856922843683523,196.90819193010952,194.16341254703178,2.597402235171703,2.6996335767982,18.53007189113291,15.852677804570533,2.597402235171703,2.6996335767982,6.448911222780569,6.688963210702341,0.09662681818008423,0.05389684438705444,0.001,2.2
90,133.85698522315352,123.11990792775234,0.12146922618999353,0.12282605708442802,197.98547455294047,196.07693547787875,2.583257699531926,2.71606510299504,18.957732892315992,16.412005217179008,2.583257699531926,2.71606510299504,5.778894472361809,6.688963210702341,0.09329891204833984,0.03135979175567627,0.001,2.225
91,133.12528810229534,117.18969379539872,0.12246976972524844,0.11485167864373695,198.65426357147882,194.19855466096297,2.593559046286834,2.637296752387465,18.780155488594094,15.464237697945789,2.593559046286834,2.637296752387465,5.778894472361809,6.688963210702341,0.10050123929977417,0.12354618310928345,0.001,2.25
92,133.3424727345631,124.82470294863086,0.11794455968455055,0.12192270266870192,198.7525363583461,197.1617828675337,2.5553160544416214,2.749255697862759,18.93920690450237,16.65335646919582,2.5553160544416214,2.749255697862759,6.030150753768844,6.688963210702341,0.1174013614654541,0.0005733370780944824,0.001,2.275
93,131.91906551699742,119.86002995417668,0.12167550708281136,0.11701548724967899,199.59900446752806,195.8283312743324,2.5281554654215648,2.6594876134674683,18.735091230178398,15.930974756196191,2.5281554654215648,2.6594876134674683,6.030150753768844,6.688963210702341,0.11798304319381714,0.10218042135238647,0.001,2.3000000000000003
94,132.11693364691294,120.21581403547306,0.11844731571536567,0.11613553677713592,199.6451113395755,196.97832292537626,2.5389774137206214,2.6842635331743936,18.74283659597937,15.927748814075686,2.5389774137206214,2.6842635331743936,6.197654941373535,6.688963210702341,0.1386425495147705,0.060644686222076416,0.001,2.325
95,132.8458803518733,118.7791578107853,0.1146450462927371,0.1116325469270199,201.0676758732628,197.44398029033954,2.5597655401757016,2.69202725863377,18.82673654284709,15.617933952688771,2.5597655401757016,2.69202725863377,6.61641541038526,6.688963210702341,0.10226893424987793,0.05771869421005249,0.001,2.3499999999999996
96,131.5520451224629,122.45980061814936,0.11435230946171424,0.11275184979307212,200.90477385912308,197.84823659431177,2.5091247031437094,2.6438285339636147,18.719982977887895,16.498354854392367,2.5091247031437094,2.6438285339636147,5.8626465661641545,6.688963210702341,0.13814198970794678,0.09440380334854126,0.001,2.375
97,132.25589265296207,120.50703601135459,0.1147527403667744,0.11034825728290455,200.9901190267336,197.5325429654839,2.488273218848198,2.636069450091359,18.923210707940846,16.13162308313376,2.488273218848198,2.636069450091359,6.532663316582915,7.023411371237458,0.15691876411437988,0.10491985082626343,0.001,2.4
98,133.28933611027958,120.09554400491874,0.11009472901847095,0.1113309102213901,201.33283140351824,198.81415871712676,2.572605498871412,2.700303905384995,18.877765844016018,15.856168089901724,2.572605498871412,2.700303905384995,6.448911222780569,6.688963210702341,0.10906976461410522,0.07084137201309204,0.001,2.425
99,132.40091877846262,122.7501129099358,0.11549097891129441,0.11271564443175211,203.09962102995445,201.22405306710846,2.5416771115569814,2.667157632451392,18.791434216139905,16.485761042821366,2.5416771115569814,2.667157632451392,5.6951423785594635,7.023411371237458,0.11620938777923584,0.06814438104629517,0.001,2.45
100,132.6547127472895,118.63249012618559,0.11281250056559516,0.11187283512840303,203.67880816435695,199.15751683672136,2.5328531353118233,2.682009444188912,18.86908437578722,15.618263534877611,2.5328531353118233,2.682009444188912,6.281407035175879,6.688963210702341,0.11846059560775757,0.07329678535461426,0.001,2.475
101,133.04218290958372,123.84669522696913,0.11137274720111684,0.11260784997987906,203.12686553392777,201.6214341383714,2.5341336950784554,2.684552335420181,18.9431352886922,16.652835243123032,2.5341336950784554,2.684552335420181,5.6951423785594635,7.023411371237458,0.12066006660461426,0.05947279930114746,0.001,2.5
102,132.6087581308643,120.46257343100864,0.11487744201966865,0.11059948605139519,204.39266847645618,201.6630149509596,2.5864466886025177,2.6658821560467367,18.698557360088405,16.032416362826243,2.5864466886025177,2.6658821560467367,5.527638190954774,7.023411371237458,0.093392014503479,0.08021897077560425,0.001,2.5
103,133.71984679255652,119.48229886058182,0.1109211758353203,0.11017505562923426,205.38727276928262,202.20257956208195,2.5816714983289963,2.653496763777972,18.935693191323846,15.873494113169386,2.5816714983289963,2.653496763777972,5.778894472361809,6.354515050167224,0.09537547826766968,0.08838605880737305,0.001,2.5
104,133.0912191368627,122.23437808748074,0.11089195103900916,0.10922274845699004,205.6808553980024,203.4429023768192,2.543660134726034,2.67870580791231,18.923949144194076,16.348225019448577,2.543660134726034,2.67870580791231,5.6951423785594635,7.023411371237458,0.10447520017623901,0.09563654661178589,0.001,2.5
105,133.01338678867972,119.4449599148039,0.11204219276282057,0.11045818402117312,207.2040482973134,204.39548127547553,2.517213733951051,2.6757927945625024,18.987187166709198,15.798643198300365,2.517213733951051,2.6757927945625024,5.443886097152429,6.688963210702341,0.14322274923324585,0.08180177211761475,0.001,2.5
106,132.5442808525047,121.38680744490097,0.11161241696607727,0.10833424222608873,207.7253562122134,205.39087893891096,2.559431093621693,2.6792292084582274,18.766695083285896,16.17692888700045,2.559431093621693,2.6792292084582274,5.527638190954774,7.357859531772576,0.1135338544845581,0.06149733066558838,0.001,2.5
107,132.53676660176697,121.01445987152815,0.10479580471214138,0.1027234235286314,207.7616911972787,204.72861457748158,2.5389341964593886,2.6836147085081374,18.828039054295527,16.090557018650017,2.5389341964593886,2.6836147085081374,6.030150753768844,7.6923076923076925,0.12300872802734375,0.08528715372085571,0.001,2.5
108,133.96468730268367,120.12870012876581,0.10707000847687474,0.11014143320230338,209.34682974503866,207.15089937037848,2.5592207285627047,2.666149801235135,19.051992288586284,15.963832070596242,2.5592207285627047,2.666149801235135,6.113902847571189,6.688963210702341,0.11006885766983032,0.08050090074539185,0.001,2.5
109,132.83490473301566,120.53801094488954,0.1106142731792164,0.10816990417182246,210.71550317505495,207.90320518264005,2.563323055679475,2.6422409086323104,18.812745412190754,16.117664748609663,2.563323055679475,2.6422409086323104,5.611390284757118,6.688963210702341,0.11778759956359863,0.10859596729278564,0.001,2.5
110,133.7110846565796,120.77520736643304,0.10812481293077245,0.1053072645462875,211.45140124245904,208.3075614087159,2.596944026212197,2.6851770806073345,18.887469165488902,16.036787680558934,2.596944026212197,2.6851770806073345,6.030150753768844,6.688963210702341,0.0879250168800354,0.07573109865188599,0.001,2.5
111,134.01834932004587,119.86762081898974,0.10647146237805061,0.10453054246595472,211.93712714369371,209.12091804427845,2.5424465446216575,2.6655780846458614,19.112648479902564,15.914059670872513,2.5424465446216575,2.6655780846458614,6.030150753768844,6.688963210702341,0.125909686088562,0.0865066647529602,0.001,2.5
112,133.78573774532657,121.13143681044562,0.10536286757769098,0.10379402488968444,212.32903288516965,209.25721061987224,2.5333063278965016,2.699291958856742,19.09369069008372,16.065801378077886,2.5333063278965016,2.699291958856742,5.8626465661641545,6.688963210702341,0.119418203830719,0.05957520008087158,0.001,2.5
113,133.17094873782978,120.56443921857853,0.10392874302077333,0.10359756753197481,212.50154129105,209.31002481007656,2.586690047278476,2.6680878819430554,18.81083361627269,16.046043931839858,2.586690047278476,2.6680878819430554,5.6951423785594635,6.688963210702341,0.08834010362625122,0.07693517208099365,0.001,2.5
114,134.0806032880467,121.31117983406602,0.10695062693788777,0.10596254243699205,212.77996256203707,210.04312562464074,2.5631812401552696,2.66759634097683,19.062630728461237,16.196245936645713,2.5631812401552696,2.66759634097683,5.527638190954774,6.688963210702341,0.11162787675857544,0.08202469348907471,0.001,2.5
115,133.38550231524647,120.12718159857403,0.10526224591424517,0.10341871474997255,213.0007417253913,209.6663103390697,2.5708087792548304,2.6921619053269707,18.901021864745683,15.886333347562962,2.5708087792548304,2.6921619053269707,6.030150753768844,7.023411371237458,0.10371935367584229,0.06500160694122314,0.001,2.5
116,133.56448348922345,120.52581792212649,0.10531435241701216,0.10246849443800872,213.2277507941727,210.13910274441824,2.542615650886267,2.681624115111437,19.021341665705645,15.99776941956485,2.542615650886267,2.681624115111437,5.611390284757118,7.6923076923076925,0.10113263130187988,0.06961983442306519,0.001,2.5
117,133.17612366540547,119.778670958452,0.10229649533278978,0.10104890092958176,213.32717307648267,209.9465210063003,2.5074369847474984,2.6686145541659965,19.049788991011166,15.887690888599408,2.5074369847474984,2.6686145541659965,6.281407035175879,7.357859531772576,0.13375252485275269,0.07436525821685791,0.001,2.5
118,134.01967813820895,120.19970606162795,0.10345872989551506,0.10284471013474225,213.54629115323525,210.95535926436102,2.5601405122971017,2.6770678355941007,19.06011223593349,15.945977207808989,2.5601405122971017,2.6770678355941007,5.8626465661641545,6.688963210702341,0.11762040853500366,0.08317118883132935,0.001,2.5
119,134.79306140177613,119.35902205757473,0.1041318162327236,0.10257147394594142,214.76588537066027,211.76385768520393,2.5604595019789396,2.6615082938535557,19.21345433118555,15.824412897677725,2.5604595019789396,2.6615082938535557,6.113902847571189,7.357859531772576,0.11187499761581421,0.09014022350311279,0.001,2.5
120,133.3224996953354,120.32325673183071,0.10377905759929212,0.10228306269366606,215.05050314131694,211.98177212616272,2.5352957787825234,2.681050037460582,18.994846912684352,15.958647740724494,2.5352957787825234,2.681050037460582,5.6951423785594635,7.6923076923076925,0.10984987020492554,0.07618623971939087,0.001,2.5
121,133.38454804029098,120.61210091377181,0.10321685548253993,0.10143239270384893,215.39891964706345,212.2763120721415,2.5191352874589725,2.668780381065547,19.055780589680378,16.05333697915476,2.5191352874589725,2.668780381065547,6.281407035175879,6.688963210702341,0.13798755407333374,0.07817524671554565,0.001,2.5
122,134.32330015556298,120.47946529324636,0.10272598503722218,0.10171982219885026,215.4716863584279,212.37358858752808,2.5388893789582117,2.6647312665065397,19.184352040889873,16.038879965460023,2.5388893789582117,2.6647312665065397,6.030150753768844,7.357859531772576,0.12463545799255371,0.08724135160446167,0.001,2.5
123,133.18984060111757,121.06714989907765,0.10367974212121724,0.10251374535237666,216.15563264524118,213.338538077364,2.5597895781199136,2.6743119105846187,18.8946327803722,16.127324276544577,2.5597895781199136,2.6743119105846187,5.8626465661641545,7.357859531772576,0.11108046770095825,0.07777363061904907,0.001,2.5
124,133.94213056963693,120.72912434351484,0.10343121387800779,0.10125967773007709,216.47167572583785,212.97157425386052,2.5666487624297787,2.6864401528667847,19.02449917433849,16.023657591446586,2.5666487624297787,2.6864401528667847,6.030150753768844,8.02675585284281,0.1139826774597168,0.05886483192443848,0.001,2.5
125,133.90555149506486,121.05879706443353,0.10243670872008581,0.10118498869962915,216.2802466004338,213.18724279499372,2.5257648694854686,2.6792452742024806,19.140072105318257,16.111149105339944,2.5257648694854686,2.6792452742024806,6.281407035175879,7.357859531772576,0.12944680452346802,0.07922261953353882,0.001,2.5
126,134.60698527427175,121.99143201132682,0.10276951097962844,0.10086696268523417,216.75539895318062,213.6718621397497,2.5291050722451267,2.681859082601541,19.27017710636209,16.28980200266758,2.5291050722451267,2.681859082601541,6.197654941373535,7.6923076923076925,0.1282287836074829,0.07146972417831421,0.001,2.5
127,134.0739904560236,120.3738489565642,0.10153391232193015,0.10060582354814313,216.8137701088859,213.46127742907674,2.5433332624547247,2.6740863578375365,19.121128807515156,15.98969755204625,2.5433332624547247,2.6740863578375365,6.448911222780569,7.357859531772576,0.11800152063369751,0.07872509956359863,0.001,2.5
128,133.68997519539428,121.39426679834474,0.10200082020244407,0.10099686784389425,216.96897507352844,214.10964358530714,2.5490101769541575,2.6557442320629105,19.02717083942151,16.248598790886412,2.5490101769541575,2.6557442320629105,6.030150753768844,7.6923076923076925,0.1241910457611084,0.08837002515792847,0.001,2.5
129,133.24312344907315,121.18527818762738,0.10242265075994297,0.10111337885210746,217.78165761669678,214.86370614858774,2.502666689443029,2.6807133234464207,19.07658383355069,16.13171959561249,2.502666689443029,2.6807133234464207,6.197654941373535,7.357859531772576,0.13168352842330933,0.07244563102722168,0.001,2.5
130,134.33072811874314,121.39449259269995,0.10220388159580167,0.09987446952324647,218.20961433040037,214.8317394958292,2.5553271818400627,2.67945926404717,19.13608151025309,16.177579194008306,2.5553271818400627,2.67945926404717,5.778894472361809,8.02675585284281,0.10335421562194824,0.06579279899597168,0.001,2.5
131,133.33949369242043,120.83106736913572,0.10106916509730932,0.09949495523769321,218.07885330685818,214.61709661069125,2.5248582407058384,2.6746334272084824,19.029494440535604,16.079491022039814,2.5248582407058384,2.6746334272084824,5.9463986599664995,8.02675585284281,0.11838686466217041,0.07566910982131958,0.001,2.5
132,133.25886740117417,120.96855883135844,0.10091135597209036,0.09949798891974931,217.86508081586317,214.61201742421025,2.5178341006913176,2.6627245348034094,19.03451558533226,16.142716308899946,2.5178341006913176,2.6627245348034094,6.030150753768844,8.02675585284281,0.1287873387336731,0.08289968967437744,0.001,2.5
133,132.92571781228736,120.95478933072808,0.10123442514008613,0.1001524553699637,218.05085498803425,214.97871041696607,2.4842812024568595,2.679113528401557,19.068443649777617,16.090591526350448,2.4842812024568595,2.679113528401557,5.778894472361809,7.6923076923076925,0.1525667905807495,0.07465505599975586,0.001,2.5
134,134.21985011524092,120.65885889570052,0.10184979398845628,0.10051047871742759,218.5184813072933,215.49324469422817,2.5534179869608664,2.6698084627106837,19.119642280054652,16.059145726487788,2.5534179869608664,2.6698084627106837,6.113902847571189,7.6923076923076925,0.10123306512832642,0.08035945892333984,0.001,2.5
135,134.91278970740748,121.32573153900861,0.10169132289724733,0.09989206891594124,218.8399272004963,215.5070015897719,2.5361594762434714,2.680956482488575,19.30997370874862,16.159197265089155,2.5361594762434714,2.680956482488575,6.113902847571189,7.6923076923076925,0.12182670831680298,0.07238984107971191,0.001,2.5
136,132.73017625153764,120.1596215289572,0.10135025272716829,0.09980291452096857,218.8048440751119,215.4906450864862,2.4844268187006913,2.682735278056218,19.02872401226306,15.920659199207522,2.4844268187006913,2.682735278056218,6.030150753768844,7.6923076923076925,0.14439994096755981,0.07340115308761597,0.001,2.5
137,133.21466833782355,119.67220456943065,0.10148244378604682,0.10015005289411864,218.85714067366456,215.68882174794888,2.5459008923727064,2.6767321852935995,18.941163786691636,15.84107697209387,2.5459008923727064,2.6767321852935995,6.197654941373535,7.357859531772576,0.133924663066864,0.07822167873382568,0.001,2.5
138,133.7912751522096,120.4294226655992,0.10159775889299223,0.10033779773225752,219.0742352867446,215.8995633842953,2.517970872284779,2.673500738016339,19.14020776988274,16.002134377342404,2.517970872284779,2.673500738016339,5.9463986599664995,8.02675585284281,0.14046937227249146,0.0733722448348999,0.001,2.5
139,134.29827980539906,120.19880007740646,0.1016394932141256,0.1001810476084218,219.21699633829957,216.06453120509119,2.5436032241712665,2.6644385730143774,19.16467476210602,15.983195560034302,2.5436032241712665,2.6644385730143774,5.6951423785594635,7.6923076923076925,0.11098361015319824,0.08149164915084839,0.001,2.5
140,133.03809760523401,120.8941576393153,0.1011814311446257,0.09890432860141614,219.386943031196,215.99141562981748,2.5091896053135296,2.661550938086366,19.015937032012683,16.131199855868235,2.5091896053135296,2.661550938086366,6.113902847571189,8.02675585284281,0.12408214807510376,0.08118289709091187,0.001,2.5
141,133.8031310268383,120.6642582615881,0.09999906779633495,0.09853559286399032,219.2294173248649,215.84434708305028,2.5377228196142507,2.653409913232095,19.08361189249572,16.109746365244174,2.5377228196142507,2.653409913232095,6.197654941373535,8.02675585284281,0.1208810806274414,0.09200966358184814,0.001,2.5
142,133.93604290066054,120.71652956551134,0.10002404880683426,0.09892294426327167,219.13559100536045,215.89907178591724,2.526781657632671,2.6602436316053204,19.143031514869065,16.09961012454336,2.526781657632671,2.6602436316053204,5.9463986599664995,7.6923076923076925,0.12775909900665283,0.0912582278251648,0.001,2.5
143,133.73953993396344,120.90390943444294,0.10023249501059803,0.09875976745300867,219.21129113585505,215.98395933833808,2.558316446428922,2.670886083590147,19.009070343707673,16.105174785473675,2.558316446428922,2.670886083590147,6.113902847571189,7.357859531772576,0.10273784399032593,0.08353859186172485,0.001,2.5
144,134.09070933484153,121.31384269688839,0.10038503615101378,0.09915995754824833,219.3627651348785,216.19882732888928,2.536381483078003,2.67852680978169,19.14504782199061,16.164117028481986,2.536381483078003,2.67852680978169,6.197654941373535,7.6923076923076925,0.13509297370910645,0.07639825344085693,0.001,2.5
145,134.8106365619193,121.18907971844625,0.10052911778740348,0.0989954774096658,219.47009484372546,216.14809180422372,2.517387230791638,2.6741052909838317,19.345965361475347,16.152470668422737,2.517387230791638,2.6741052909838317,6.030150753768844,8.02675585284281,0.13443249464035034,0.079578697681427,0.001,2.5
146,134.7237672662016,121.57833984783262,0.10024209522721755,0.09858061418086789,219.46444702148438,216.2297010645021,2.563902318976832,2.675181022854553,19.189104564225854,16.22716218253043,2.563902318976832,2.675181022854553,6.197654941373535,7.6923076923076925,0.10215318202972412,0.07814627885818481,0.001,2.5
147,134.47415575190405,121.81435182501241,0.10023797790159532,0.09877652493009599,219.5510791414347,216.24741942746982,2.561476051308202,2.667918008306752,19.146445106621364,16.296110666715183,2.561476051308202,2.667918008306752,5.9463986599664995,7.6923076923076925,0.11005425453186035,0.08188676834106445,0.001,2.5
148,133.03690667847292,121.54352036287952,0.10008362694401637,0.09853853950632058,219.4667064724256,216.1105844248896,2.5039362432169954,2.671155282884936,19.03166260391823,16.232308639730498,2.5039362432169954,2.671155282884936,6.030150753768844,7.357859531772576,0.15751296281814575,0.08021444082260132,0.001,2.5
149,133.36839248427194,121.1191995167812,0.09983380066489854,0.09832067894796065,219.454495837341,216.3027085524339,2.534162138375006,2.6757816016474694,19.007334650062038,16.133571108049374,2.534162138375006,2.6757816016474694,6.030150753768844,8.02675585284281,0.11970847845077515,0.08003193140029907,0.001,2.5
150,133.97004615361965,120.18131641400697,0.09962850354824034,0.0985523726679011,219.71327682316203,216.5465753357546,2.511397096978959,2.6703548622769255,19.195949512909806,15.962179426365473,2.511397096978959,2.6703548622769255,6.113902847571189,7.357859531772576,0.1353445053100586,0.08593231439590454,0.001,2.5
151,133.99401431187513,121.41986737203439,0.0998053501548879,0.09851138727322072,219.87200677255092,216.625185606073,2.5213250163412173,2.6699520975451008,19.17089246944766,16.211090212282926,2.5213250163412173,2.6699520975451008,5.9463986599664995,7.6923076923076925,0.11654329299926758,0.07767564058303833,0.001,2.5
152,134.13153394382803,121.8897583875369,0.09971702197438709,0.09823550019774549,219.95833847071458,216.73916335089947,2.5364538013835247,2.6716905158499014,19.15301075972105,16.299885312849064,2.5364538013835247,2.6716905158499014,6.113902847571189,7.6923076923076925,0.12061190605163574,0.08015406131744385,0.001,2.5
153,132.41286692148077,121.51105083350753,0.0996135556867574,0.09838569964154509,220.04129736307678,216.73069676427937,2.4983862943984754,2.6673904031415447,18.923483463587672,16.237015810299877,2.4983862943984754,2.6673904031415447,5.9463986599664995,8.02675585284281,0.14412635564804077,0.07914620637893677,0.001,2.5
154,133.6026875609329,120.82737216502926,0.09943133228188583,0.09808954658815294,219.99758747554503,216.6548839046006,2.5213660882345996,2.673930840348719,19.092553057263245,16.0807331493467,2.5213660882345996,2.673930840348719,6.113902847571189,7.6923076923076925,0.1452484130859375,0.07989299297332764,0.001,2.5
155,134.68860095869158,120.29472621547737,0.09929647105722571,0.0977786066241089,219.9127132089893,216.59064756667735,2.5035104727625246,2.6710310030142996,19.363346796339282,15.982978332800212,2.5035104727625246,2.6710310030142996,5.9463986599664995,8.02675585284281,0.14422011375427246,0.0867464542388916,0.001,2.5
156,134.35897765806573,120.6758724455052,0.09921843058100498,0.09763040984155343,219.86152043174857,216.54516310675885,2.5027702757261907,2.6742897193168718,19.299668546897085,16.049470541070537,2.5027702757261907,2.6742897193168718,6.448911222780569,7.6923076923076925,0.1507781744003296,0.08031463623046875,0.001,2.5
157,133.6813381840436,120.41401932630252,0.09920270964378487,0.09778426602532632,219.85446287120007,216.5913794271922,2.509715128583924,2.6642831113426184,19.14331098457477,16.027079795913952,2.509715128583924,2.6642831113426184,6.113902847571189,8.02675585284281,0.13345950841903687,0.08487236499786377,0.001,2.5
158,134.46442868282247,121.1286403183953,0.09936307731335686,0.09816130532269494,219.91076810955002,216.6499786376953,2.5344045046386205,2.6601117199479933,19.225816899208567,16.182431374106518,2.5344045046386205,2.6601117199479933,6.030150753768844,7.6923076923076925,0.1329418420791626,0.08575725555419922,0.001,2.5
159,134.24286819023504,120.81088241526116,0.09947265275259513,0.0979265979301172,219.90919318271042,216.58974219484872,2.5419099123234323,2.6722974179181764,19.158967176274437,16.082381101754997,2.5419099123234323,2.6722974179181764,6.030150753768844,7.6923076923076925,0.11815768480300903,0.0764995813369751,0.001,2.5
160,134.35411129285342,121.58293828039265,0.09933277459150583,0.09791779034711844,219.88669996405366,216.59254093233957,2.5048185696753626,2.6709783850704945,19.29252278026025,16.240750462713848,2.5048185696753626,2.6709783850704945,6.281407035175879,7.6923076923076925,0.14551806449890137,0.07589572668075562,0.001,2.5
161,133.7334463608325,120.93510013439982,0.09907520788298979,0.0976002544264331,219.87983540034972,216.57595386313753,2.536078215843469,2.678268956500152,19.07466347213566,16.089377884880754,2.536078215843469,2.678268956500152,5.8626465661641545,7.6923076923076925,0.13370734453201294,0.07726669311523438,0.001,2.5
162,134.66691482007204,120.4503303451283,0.09903736129228394,0.0975895104151107,219.88005635886137,216.6160321698141,2.5485780167220224,2.6680992431066506,19.223865397212094,16.022928215588216,2.5485780167220224,2.6680992431066506,6.113902847571189,7.6923076923076925,0.11968421936035156,0.08111226558685303,0.001,2.5
163,133.4867377353074,121.11141845294863,0.09899047547498939,0.09771576810341615,219.9268676655576,216.6684414662645,2.5137079992086644,2.677294424146314,19.092439814428587,16.12752423876504,2.5137079992086644,2.677294424146314,5.8626465661641545,7.357859531772576,0.12705224752426147,0.07753181457519531,0.001,2.5
164,135.5041288187356,121.39707732439838,0.09908503380103327,0.09770876824556785,219.97432965609298,216.704980040075,2.5646926066783604,2.6703615515527117,19.34293619152689,16.205448405798464,2.5646926066783604,2.6703615515527117,6.281407035175879,7.6923076923076925,0.11942064762115479,0.0783548355102539,0.001,2.5
165,133.31073700922417,121.45291346929544,0.09906990521617072,0.09781048307351045,220.00925280700378,216.7356156569261,2.5295202752054236,2.664015229330414,19.009770481231026,16.23562730195929,2.5295202752054236,2.664015229330414,6.197654941373535,7.6923076923076925,0.13608652353286743,0.0802382230758667,0.001,2.5
166,133.75718768198087,121.39102657662586,0.09909560020944382,0.09771387104605353,220.02864297071295,216.7410696788775,2.5465965890005804,2.6767632793822016,19.04782272223851,16.18502466335743,2.5465965890005804,2.6767632793822016,6.113902847571189,7.6923076923076925,0.11962318420410156,0.07564663887023926,0.001,2.5
167,134.54835824630968,120.77551825788109,0.09902882556020715,0.09777199551712311,220.0228772187353,216.71148569368597,2.548008556941047,2.665803745837515,19.20183571539133,16.09479515369122,2.548008556941047,2.665803745837515,6.197654941373535,7.357859531772576,0.11977308988571167,0.07641685009002686,0.001,2.5
168,133.4046933223654,120.47152008260771,0.09904963348429008,0.09772937104454806,219.99943023630522,216.72389741725348,2.538906407316326,2.674457939970852,19.000409476122066,16.00803973921964,2.538906407316326,2.674457939970852,5.8626465661641545,8.02675585284281,0.12122923135757446,0.07488876581192017,0.001,2.5
169,132.17382999081508,121.7971775220788,0.09893840652464622,0.09764684669449178,220.01937786977695,216.74430964543268,2.4744533458147417,2.6695277451671484,18.94761397011915,16.287974497945015,2.4744533458147417,2.6695277451671484,6.030150753768844,7.6923076923076925,0.15614205598831177,0.08112525939941406,0.001,2.5
170,134.77293919957862,121.2080497869281,0.09883647589278181,0.09750855741492881,220.04929946055964,216.77440773444033,2.5505344500294083,2.6546110476937184,19.23920739395934,16.214920496860874,2.5505344500294083,2.6546110476937184,5.778894472361809,7.6923076923076925,0.13022935390472412,0.08315718173980713,0.001,2.5
171,134.1492102924903,121.52572080682353,0.09883532854081,0.09751317682473556,220.08068208678483,216.81482780737224,2.557214976155778,2.6715458244783026,19.0944143068451,16.22764089195226,2.557214976155778,2.6715458244783026,6.113902847571189,7.6923076923076925,0.12013137340545654,0.07893800735473633,0.001,2.5
172,133.24442796052202,121.08666466550285,0.09895216517612164,0.0975339658882307,220.1386509676475,216.88175658159034,2.5251332994681506,2.6694223521943874,19.00966765692885,16.146182602464556,2.5251332994681506,2.6694223521943874,6.030150753768844,7.6923076923076925,0.11763608455657959,0.07757246494293213,0.001,2.5
173,134.86231084724568,121.72357756955967,0.09884694504428349,0.09770627245057785,220.1880079873243,216.91073776806476,2.5747714314229126,2.6694524639027573,19.184340798076075,16.273434450793825,2.5747714314229126,2.6694524639027573,6.113902847571189,7.6923076923076925,0.10872840881347656,0.07909542322158813,0.001,2.5
174,133.9228048148866,122.05028286426761,0.0987694968455401,0.09741851483101031,220.22406471035188,216.96425993546197,2.515752755617177,2.6839543050746855,19.17350401950242,16.295317662599494,2.515752755617177,2.6839543050746855,6.113902847571189,8.02675585284281,0.13903170824050903,0.06849551200866699,0.001,2.5
175,134.3577420284201,120.8490950160202,0.09888278021534883,0.09755662474843571,220.26889914763433,216.98501438919118,2.47747729291868,2.6742487495958205,19.375285881847592,16.084164807629026,2.47747729291868,2.6742487495958205,6.281407035175879,7.357859531772576,0.14062488079071045,0.0776968002319336,0.001,2.5
176,133.42544128826916,121.02248997512868,0.09876078136352638,0.09734701729040082,220.28359274808287,216.99079639855836,2.55203626343553,2.6713271284581825,18.96517037626487,16.127649256218238,2.55203626343553,2.6713271284581825,6.197654941373535,8.02675585284281,0.12398475408554077,0.08619028329849243,0.001,2.5
177,134.35799493582005,121.47758652294759,0.09898613082553873,0.09749123566226417,220.27998185916562,216.98939815253317,2.558487753971937,2.6677105578291775,19.132282685195182,16.229489568882563,2.558487753971937,2.6677105578291775,6.197654941373535,7.6923076923076925,0.11635231971740723,0.08400982618331909,0.001,2.5
178,134.87907064619975,121.09822643879664,0.09894282651606516,0.0974819864018705,220.2926826668744,217.00477880777723,2.543271525621015,2.6776082635324534,19.282152220631765,16.123922574480243,2.543271525621015,2.6776082635324534,6.030150753768844,7.6923076923076925,0.12867587804794312,0.07797324657440186,0.001,2.5
179,134.6771503748806,120.6408971575989,0.09913246774144309,0.09782102200697895,220.30645746841302,217.0137231118703,2.5322180173704574,2.6799060580722465,19.27488839806025,16.025494715840523,2.5322180173704574,2.6799060580722465,5.9463986599664995,7.6923076923076925,0.12290292978286743,0.0795280933380127,0.001,2.5
180,134.10306281979558,120.46221704387345,0.09888026892040643,0.09770955055653052,220.30122319258237,217.00406368600088,2.533846085594727,2.6918734890162743,19.155237887971964,15.953880042136712,2.533846085594727,2.6918734890162743,6.030150753768844,8.02675585284281,0.13417500257492065,0.07438790798187256,0.001,2.5
181,134.21907117578453,120.56788849591412,0.09888827269101262,0.09736771186358953,220.29521473128992,217.0039476375516,2.510173998086696,2.6689517003636696,19.249455546214552,16.04384778255603,2.510173998086696,2.6689517003636696,5.8626465661641545,7.357859531772576,0.13622599840164185,0.08109289407730103,0.001,2.5
182,132.9027109577428,121.05753711713197,0.09887376451362517,0.09755451336851885,220.30060629788755,217.01495152093895,2.5546053741844856,2.6823108602925685,18.85289137886597,16.101660639147298,2.5546053741844856,2.6823108602925685,5.8626465661641545,7.6923076923076925,0.10684221982955933,0.07411110401153564,0.001,2.5
183,133.45085751071846,122.39245511058182,0.09883533435650607,0.09761217515604154,220.31824256986428,217.03038172897288,2.5167029686708946,2.682264147793569,19.076232359037927,16.368770800306645,2.5167029686708946,2.682264147793569,5.8626465661641545,8.02675585284281,0.13893568515777588,0.0690949559211731,0.001,2.5
184,134.46360376252602,121.8511138456721,0.09878162907395929,0.09762795476311426,220.3289895624771,217.0302494521125,2.492474418189657,2.6765165249240837,19.351474771547558,16.277741645889538,2.492474418189657,2.6765165249240837,6.197654941373535,8.02675585284281,0.15578579902648926,0.0753067135810852,0.001,2.5
185,133.42168269325143,121.43625870516468,0.09886867863748541,0.09733614113717573,220.3207617013698,217.0157723825512,2.541465260475325,2.6782337415178485,18.996102459266957,16.189680156899136,2.541465260475325,2.6782337415178485,5.778894472361809,7.6923076923076925,0.12299114465713501,0.07884985208511353,0.001,2.5
186,134.81907727930016,121.28083681342594,0.0987742015439861,0.09758298888952038,220.3073718200377,217.0112491467326,2.5270369068861407,2.6711589309284123,19.31888841983661,16.179772038922263,2.5270369068861407,2.6711589309284123,6.113902847571189,8.02675585284281,0.13092857599258423,0.07773083448410034,0.001,2.5
187,132.57464047532585,121.29227914459331,0.09879377535489736,0.097313331770259,220.30747727692827,217.0140742681497,2.5127370034030934,2.668291420442205,18.91289591190204,16.190715910997678,2.5127370034030934,2.668291420442205,6.113902847571189,8.02675585284281,0.14264249801635742,0.07873034477233887,0.001,2.5
188,133.96436134734546,121.79337583816171,0.09878289542306008,0.09741470297443428,220.312456115007,217.01973119627274,2.507972133419222,2.6734246649471016,19.205136601050295,16.2755131163326,2.507972133419222,2.6734246649471016,5.6951423785594635,7.6923076923076925,0.137376606464386,0.07541501522064209,0.001,2.5
189,134.10399450049727,122.14968075959578,0.09871319787486314,0.09754229915082255,220.31804719602243,217.0290225229933,2.54382324578175,2.6739769420496198,19.12552286592161,16.345090346192833,2.54382324578175,2.6739769420496198,6.030150753768844,7.6923076923076925,0.12419456243515015,0.08000916242599487,0.001,2.5
190,134.59213088145808,120.96390490069437,0.09875135469426662,0.09757939466963643,220.32460085870431,217.02893005166962,2.5629202828335402,2.672454191290814,19.16585010739427,16.112496117684355,2.5629202828335402,2.672454191290814,6.113902847571189,7.6923076923076925,0.11276084184646606,0.08052116632461548,0.001,2.5
191,134.02458776221602,121.3596117408778,0.09871965121334322,0.09735935649843917,220.32545458411852,217.03184448038056,2.524193478988443,2.672582983571949,19.16852740187142,16.191294756222728,2.524193478988443,2.672582983571949,6.030150753768844,7.6923076923076925,0.13022547960281372,0.08178025484085083,0.001,2.5
192,133.41850109515678,121.74634146291676,0.09872058338456018,0.09743476860897995,220.32603646283172,217.0291410720468,2.541107757207337,2.6655620779082128,18.996567566390812,16.28968920755546,2.541107757207337,2.6655620779082128,5.8626465661641545,8.02675585284281,0.11294877529144287,0.07755672931671143,0.001,2.5
193,133.6156112824253,122.19781068017251,0.09868996421895435,0.09740627614351419,220.3266167057619,217.028645901377,2.5269296352987114,2.6690333886290074,19.078530019252145,16.369575631259675,2.5269296352987114,2.6690333886290074,6.030150753768844,7.357859531772576,0.12990331649780273,0.08097922801971436,0.001,2.5
194,132.61297916687113,121.23374719524064,0.09877969084972113,0.09753610432945366,220.32170363127486,217.02875403975165,2.5354711865659936,2.666207510492076,18.852361739780036,16.185212980544687,2.5354711865659936,2.666207510492076,5.9463986599664995,8.02675585284281,0.13059180974960327,0.08000719547271729,0.001,2.5
195,135.06239699678406,121.77326521347199,0.09873242285633008,0.09750318793847808,220.32838053998836,217.03797080764005,2.5714020002227733,2.6707221169934225,19.23446084985781,16.279578151511508,2.5714020002227733,2.6707221169934225,6.281407035175879,7.6923076923076925,0.11715584993362427,0.08327823877334595,0.001,2.5
196,134.83959686177062,121.71249537643382,0.0988784480958528,0.09732521245611153,220.33544952545932,217.04266127774548,2.526387310307629,2.662530077739703,19.324914306052765,16.292036276597244,2.526387310307629,2.662530077739703,6.281407035175879,8.02675585284281,0.1319912075996399,0.08522933721542358,0.001,2.5
197,133.70658992083628,120.99878215470841,0.0987752815661718,0.09745792974795785,220.3387105357108,217.04528839213393,2.490918507727746,2.6725920969028536,19.204740192023554,16.119079742941967,2.490918507727746,2.6725920969028536,5.778894472361809,7.6923076923076925,0.14750194549560547,0.08228617906570435,0.001,2.5
198,133.80225294359167,121.61932071953713,0.09884693246440872,0.097341323402215,220.34071245305302,217.04688102186324,2.519115609739294,2.6691258240702957,19.139266721766997,16.253608786541484,2.519115609739294,2.6691258240702957,5.9463986599664995,7.6923076923076925,0.13492357730865479,0.08523893356323242,0.001,2.5
199,133.9631995579705,121.27793562771086,0.09882295669572837,0.09746832906402474,220.34211743736586,217.0494463866371,2.4850137629101625,2.6652786364922156,19.273765337127738,16.196847781688472,2.4850137629101625,2.6652786364922156,6.197654941373535,7.6923076923076925,0.1572447419166565,0.08160215616226196,0.001,2.5
200,133.86106818884463,121.09357901480685,0.09878692719804581,0.09748789947168485,220.34506432614734,217.051299487468,2.4854101052436,2.656823588055512,19.252157182549713,16.185336776401687,2.4854101052436,2.656823588055512,6.113902847571189,7.6923076923076925,0.1495341658592224,0.08779764175415039,0.001,2.5
201,133.91154641002865,121.19471776445573,0.09877869815033684,0.09753776722927157,220.34779161105004,217.0545166423887,2.549578334817934,2.6681812893985506,19.069748579756897,16.17148034787896,2.549578334817934,2.6681812893985506,6.113902847571189,8.02675585284281,0.12151229381561279,0.08383017778396606,0.001,2.5
202,133.0755362965953,121.76358006710193,0.09883357425980033,0.09750171087956348,220.35178811026978,217.0596679891631,2.5072853992532447,2.6647484932456127,19.029414312723695,16.295557959821313,2.5072853992532447,2.6647484932456127,6.197654941373535,8.02675585284281,0.13973528146743774,0.07924729585647583,0.001,2.5
203,133.81594375789265,121.35075046705163,0.09880210393088147,0.09752166420719695,220.35461668592802,217.0592428864444,2.5118785156077474,2.6842502359562492,19.163721905681157,16.15448344750548,2.5118785156077474,2.6842502359562492,5.8626465661641545,7.6923076923076925,0.139540433883667,0.07416719198226929,0.001,2.5
204,134.09221226166642,120.71806371172136,0.09879156742463359,0.09761643566714481,220.3553944496653,217.06148148858827,2.515692153368364,2.6700438336783825,19.207536611125697,16.070546296926643,2.515692153368364,2.6700438336783825,6.030150753768844,7.6923076923076925,0.14542323350906372,0.0822288990020752,0.001,2.5
205,135.19670613606772,120.10326786105051,0.09880807320626338,0.09741588796560581,220.35651813040627,217.06264304476838,2.5437915353120073,2.666798554933988,19.344133514455415,15.957360927875225,2.5437915353120073,2.666798554933988,6.197654941373535,7.357859531772576,0.11887669563293457,0.08351147174835205,0.001,2.5
206,133.94479058296037,120.20790143475485,0.09881011565126965,0.09724693598356535,220.35982338347827,217.06774830897916,2.5003332924004176,2.669191618029489,19.22412437170594,15.971142874114888,2.5003332924004176,2.669191618029489,6.113902847571189,8.02675585284281,0.15119785070419312,0.08651959896087646,0.001,2.5
207,133.7518950802597,120.81043728219227,0.09868461400320382,0.09734630943540745,220.36097147316988,217.06544014921155,2.499595780668147,2.6684580877871817,19.187782485680764,16.093830877323214,2.499595780668147,2.6684580877871817,5.8626465661641545,7.6923076923076925,0.13729465007781982,0.08463466167449951,0.001,2.5
208,132.1901452401575,120.50910949707031,0.09874574333379417,0.09757286691446368,220.3604532622013,217.0651614083893,2.4655505125247053,2.6615826573260253,18.977556014580145,16.05414675709396,2.4655505125247053,2.6615826573260253,5.8626465661641545,7.6923076923076925,0.169025719165802,0.08915048837661743,0.001,2.5
209,134.76019414904928,120.58043254737471,0.09879098569278541,0.0973195646169991,220.3599378627349,217.0643899464687,2.5564771541199294,2.678004316661669,19.21877729713018,16.019197132276453,2.5564771541199294,2.678004316661669,6.030150753768844,8.02675585284281,0.11705589294433594,0.08325475454330444,0.001,2.5
210,133.1528415009005,121.80264226090549,0.09864857222516732,0.09736315041381778,220.36006719183482,217.0655541053185,2.5312552428125734,2.6616479242127076,18.973000791603997,16.312699171213005,2.5312552428125734,2.6616479242127076,6.365159128978225,7.6923076923076925,0.11959594488143921,0.08727371692657471,0.001,2.5
211,132.94855469874602,122.7035922557614,0.09868417274662399,0.0973600061192959,220.3601652365833,217.06454477979986,2.507724293911677,2.6568778103410597,19.002729441452665,16.507200885377202,2.507724293911677,2.6568778103410597,6.113902847571189,8.02675585284281,0.14707881212234497,0.08912354707717896,0.001,2.5
212,131.8947247835859,121.6777216678479,0.09879006158367074,0.09741689339529312,220.3594333258905,217.06388410995638,2.4778423892393384,2.674614157565063,18.88158747099552,16.24880568080124,2.4778423892393384,2.674614157565063,6.113902847571189,7.6923076923076925,0.1694583296775818,0.08131110668182373,0.001,2.5
213,133.3522800464726,121.68256202110878,0.09878593074217114,0.09756426413521718,220.3584854918309,217.06287932635152,2.502524910660046,2.6715635798846598,19.099052493096995,16.258896607619064,2.502524910660046,2.6715635798846598,6.030150753768844,8.02675585284281,0.1433998942375183,0.08063721656799316,0.001,2.5
214,133.27566171770718,122.08922326843874,0.098757249626083,0.09756155765574911,220.35758969612058,217.0625460825636,2.5134079947543504,2.6735850751998034,19.0510854098066,16.33416477892311,2.5134079947543504,2.6735850751998034,6.197654941373535,8.02675585284281,0.13349658250808716,0.07972222566604614,0.001,2.5
215,133.4274446624807,121.93292067920085,0.09872303831966678,0.09742202410430813,220.358698935964,217.06509399414062,2.5120771071020283,2.6660172779823226,19.085440755489483,16.32563563254366,2.5120771071020283,2.6660172779823226,6.113902847571189,8.02675585284281,0.13300210237503052,0.08251827955245972,0.001,2.5
216,133.72906834076798,120.97722426704739,0.09871454156273773,0.09754226199759289,220.3607228341414,217.06723665473453,2.5209230354283525,2.6648594320418444,19.119229554730644,16.137944135378834,2.5209230354283525,2.6648594320418444,6.365159128978225,7.6923076923076925,0.1343015432357788,0.0760347843170166,0.001,2.5
217,133.13095371367743,122.02014052987498,0.09885670990999819,0.09767512735415462,220.3648132119746,217.0731419081672,2.502284426984675,2.6685921133162585,19.055492931474593,16.33530146302188,2.502284426984675,2.6685921133162585,6.197654941373535,7.6923076923076925,0.1425507664680481,0.08142006397247314,0.001,2.5
218,134.95643209332798,121.92283645680915,0.09872551616811673,0.0972866132905252,220.37086172439345,217.07816643858433,2.5726914505663028,2.6820154716338602,19.209393109907857,16.275649054792016,2.5726914505663028,2.6820154716338602,5.8626465661641545,7.6923076923076925,0.1026763916015625,0.07240277528762817,0.001,2.5
219,134.6662895164298,121.32736568387136,0.09871173027272599,0.09749020464145221,220.3737380444704,217.07955519252,2.5430320866742924,2.6789453244926937,19.24034459546982,16.16572296818762,2.5430320866742924,2.6789453244926937,6.113902847571189,8.02675585284281,0.137539803981781,0.07642823457717896,0.001,2.5
220,133.89195080218803,120.92032766182686,0.098808777729171,0.09749865524445887,220.37535499048792,217.08146922644164,2.5431184209571214,2.6728851532058973,19.085197956717792,16.102494418421717,2.5431184209571214,2.6728851532058973,6.197654941373535,8.02675585284281,0.12227582931518555,0.07806247472763062,0.001,2.5
221,132.81034030626768,121.01077173545607,0.09873812965162634,0.09757250933643169,220.37693620486874,217.08169815931032,2.544969719258984,2.675283814752381,18.863335294739485,16.11337182992278,2.544969719258984,2.675283814752381,6.365159128978225,7.357859531772576,0.12217706441879272,0.07735860347747803,0.001,2.5
222,134.80856218449833,120.59858027429485,0.09879583660731563,0.09735940725707688,220.37658660735318,217.08201818561872,2.540689283878959,2.668353851024921,19.275810270453217,16.051766370052476,2.540689283878959,2.668353851024921,5.9463986599664995,8.02675585284281,0.11930793523788452,0.08254176378250122,0.001,2.5
223,134.77545651638727,120.60971788897562,0.09871561558202682,0.09735063441022981,220.3779651891047,217.08419575260635,2.5230690410588457,2.6784391650388075,19.32206522879289,16.023739138574506,2.5230690410588457,2.6784391650388075,6.030150753768844,7.6923076923076925,0.14051145315170288,0.07123512029647827,0.001,2.5
224,133.89393562048525,120.63306817402409,0.09883048679910512,0.09725221415925583,220.37911409668786,217.08370292944255,2.551403944616142,2.6752370081617682,19.060733702514238,16.038035558617633,2.551403944616142,2.6752370081617682,5.8626465661641545,7.6923076923076925,0.10965639352798462,0.08166223764419556,0.001,2.5
225,134.14345863636214,120.93430223752026,0.09870929057574153,0.09758860914404177,220.37880999438926,217.08412808319397,2.5466589991571116,2.6779475483208595,19.12489650157628,16.090082356762327,2.5466589991571116,2.6779475483208595,5.778894472361809,8.02675585284281,0.13297420740127563,0.0764458179473877,0.001,2.5
226,133.89604874551796,120.71586266967365,0.09879493652226737,0.09747026880648622,220.37980455050317,217.08593086574388,2.5423957171352267,2.6725185236404574,19.08818770493295,16.062705830985486,2.5423957171352267,2.6725185236404574,6.197654941373535,7.6923076923076925,0.11531275510787964,0.08472508192062378,0.001,2.5
227,133.20462230382054,121.33014456962663,0.09866693225288312,0.09754341818317522,220.38199823785268,217.08686823510007,2.4783363190527936,2.6741415513399054,19.142105540238834,16.18067788599327,2.4783363190527936,2.6741415513399054,6.030150753768844,7.6923076923076925,0.1538143754005432,0.07986283302307129,0.001,2.5
228,134.47138085037818,121.77656024435292,0.09881402323743206,0.09759855180679755,220.3814596562729,217.08551234624855,2.533730215762728,2.6734629259460347,19.229246500548804,16.271986112945456,2.533730215762728,2.6734629259460347,6.281407035175879,7.6923076923076925,0.13743627071380615,0.08533990383148193,0.001,2.5
229,134.05376111003423,121.13412276558255,0.09871532976427669,0.09737686621006515,220.38085635902493,217.08588294600165,2.5021872500478723,2.6674630833310027,19.240370630618916,16.161543463384827,2.5021872500478723,2.6674630833310027,6.030150753768844,7.6923076923076925,0.1382044553756714,0.08215540647506714,0.001,2.5
230,134.792799676483,121.7538539159258,0.09874431465688463,0.09756793644914659,220.38100976480712,217.08607044028597,2.54373404248875,2.6708361265252667,19.263532335035364,16.275331812957457,2.54373404248875,2.6708361265252667,6.030150753768844,7.6923076923076925,0.11364293098449707,0.07823729515075684,0.001,2.5
231,134.61117073199657,122.51011463790434,0.09875836465476545,0.0974209415274719,220.38115869774492,217.08574127911723,2.547170859485415,2.667170079655472,19.216893883007057,16.437610989828972,2.547170859485415,2.667170079655472,5.778894472361809,8.02675585284281,0.12071454524993896,0.08181250095367432,0.001,2.5
232,133.83602059266875,121.3639615929645,0.0988206119218863,0.09756801728420832,220.3808807168574,217.08580027296392,2.52596254963771,2.6788503956236567,19.12547528763712,16.17331004700932,2.52596254963771,2.6788503956236567,6.030150753768844,7.6923076923076925,0.1300603747367859,0.07325571775436401,0.001,2.5
233,134.23642362661698,122.19591034854136,0.09883477775944736,0.09739010574227591,220.38109520891405,217.08603788139828,2.5521822930181046,2.675597617458739,19.126894840643036,16.34949400911363,2.5521822930181046,2.675597617458739,6.197654941373535,8.02675585284281,0.11016649007797241,0.07888013124465942,0.001,2.5
234,133.7461963953884,122.02907480603477,0.0987334793786108,0.0975044648782864,220.38101827599095,217.08581558278573,2.523837603915676,2.672818292343497,19.11390391466406,16.324441632299518,2.523837603915676,2.672818292343497,5.9463986599664995,8.02675585284281,0.1293594241142273,0.08259272575378418,0.001,2.5
235,134.31246718210193,121.46440599116194,0.09886267364424477,0.09748587341212907,220.38092173923002,217.08602262260922,2.523535053534324,2.669028294923712,19.22804009455133,16.2228820092702,2.523535053534324,2.669028294923712,6.113902847571189,8.02675585284281,0.14257436990737915,0.08993417024612427,0.001,2.5
236,132.68539398040005,121.30900874823631,0.098873094884894,0.09759230116837,220.38119905558065,217.08629937315465,2.5084344757661547,2.670842911487439,18.947924123537202,16.18633723498188,2.5084344757661547,2.670842911487439,6.197654941373535,7.6923076923076925,0.13516956567764282,0.08190113306045532,0.001,2.5
237,133.05459487378297,120.94888446004096,0.09878862470737854,0.09733249493765592,220.38141876169584,217.08650636194542,2.4865759297631294,2.6615925696382554,19.087357433197685,16.14211519107372,2.4865759297631294,2.6615925696382554,6.197654941373535,7.357859531772576,0.1616724729537964,0.08876228332519531,0.001,2.5
238,133.39950047785314,121.38645457902481,0.09877800716826664,0.09747442702784587,220.38179345825807,217.08653897186585,2.5072913904685272,2.669505614500779,19.09419332916413,16.205862214334037,2.5072913904685272,2.669505614500779,6.197654941373535,8.02675585284281,0.14443689584732056,0.08521044254302979,0.001,2.5
239,132.61966019060145,122.63153867179335,0.09878623069980037,0.09744929749032726,220.38176094706932,217.08655198521438,2.491379575713396,2.6686263618660613,18.98595986613876,16.45752130463769,2.491379575713396,2.6686263618660613,6.030150753768844,7.6923076923076925,0.1493891477584839,0.08157318830490112,0.001,2.5
240,132.70791518628297,121.91289683568438,0.09873936690976672,0.09750147754432366,220.3824325638201,217.08791011950643,2.514375878738199,2.663257102902518,18.934631111234477,16.329890145904642,2.514375878738199,2.663257102902518,6.197654941373535,8.02675585284281,0.1270751953125,0.08631658554077148,0.001,2.5
241,133.1743044445862,121.47351314072625,0.09882884109439562,0.09741589980181244,220.383188295604,217.0884921478986,2.5000416158232057,2.671875343673604,19.070893343569246,16.216176514641496,2.5000416158232057,2.671875343673604,6.281407035175879,7.6923076923076925,0.14362281560897827,0.08131486177444458,0.001,2.5
242,135.14023926190197,121.34748243248981,0.09877696066745362,0.0973614318464512,220.38365101774335,217.08863172244068,2.5336685835616275,2.6663896822211735,19.363209671710603,16.207436657270858,2.5336685835616275,2.6663896822211735,5.6951423785594635,8.02675585284281,0.13601821660995483,0.08412665128707886,0.001,2.5
243,133.94286690205584,121.5548641753436,0.09872963459198199,0.09759486528942019,220.38361012316628,217.08842687702497,2.499340959929142,2.676231485545436,19.226727429746184,16.219341982965883,2.499340959929142,2.676231485545436,5.9463986599664995,7.6923076923076925,0.1466326117515564,0.07891231775283813,0.001,2.5
244,134.78027037040673,120.9433248768682,0.09878592958152793,0.09732312823717411,220.38357597619444,217.08851184653597,2.4990629526837984,2.6747482070157362,19.395031467354677,16.10153800109557,2.4990629526837984,2.6747482070157362,6.281407035175879,7.6923076923076925,0.14538198709487915,0.07905322313308716,0.001,2.5
245,133.99272058637098,120.69417569469847,0.09878170074679744,0.09738121283891607,220.38366185480626,217.0885859460735,2.4955976276940834,2.667885167144214,19.247917644941626,16.072285607507,2.4955976276940834,2.667885167144214,5.8626465661641545,8.02675585284281,0.1520061492919922,0.08445525169372559,0.001,2.5
246,133.85774961947595,119.91806193578203,0.0987423897238832,0.09749928607689497,220.3838127557956,217.08875384378592,2.504701315258416,2.660815477371216,19.193620793583804,15.938249170182141,2.504701315258416,2.660815477371216,6.197654941373535,7.6923076923076925,0.13749951124191284,0.0877801775932312,0.001,2.5
247,133.09377249201737,119.99019783555863,0.09871085360022246,0.09754455667674342,220.38403307532946,217.08908514832973,2.5364588824548515,2.6779864703532446,18.945558896216514,15.901153701603612,2.5364588824548515,2.6779864703532446,6.030150753768844,7.357859531772576,0.13754171133041382,0.08352375030517578,0.001,2.5
248,134.2434108612725,120.49624276559886,0.09877114570769832,0.09738001087836198,220.38435667922948,217.08922916272013,2.5493500148830703,2.6789064526956614,19.13680098004876,15.999635259443302,2.5493500148830703,2.6789064526956614,5.8626465661641545,7.357859531772576,0.10821163654327393,0.08185821771621704,0.001,2.5
249,134.69860492239846,119.87174143201133,0.09877623349328336,0.09744626679847072,220.3842015609869,217.08917027093895,2.52834184645009,2.6697138512014944,19.290863474809147,15.902298633868877,2.52834184645009,2.6697138512014944,6.030150753768844,7.6923076923076925,0.11683577299118042,0.08526933193206787,0.001,2.5
250,133.75822573970112,120.15993175697965,0.09879285104610214,0.09752674390839094,220.38451872399105,217.08935347847316,2.503373525849539,2.66499945471518,19.17768947722724,15.974064150781535,2.503373525849539,2.66499945471518,6.113902847571189,7.6923076923076925,0.14657670259475708,0.08409970998764038,0.001,2.5
251,133.1931945954136,120.6408497992168,0.09872453813277297,0.09741522182389645,220.38460046202692,217.0896805472996,2.498794826430891,2.6705806638086123,19.078432210925435,16.053527168605637,2.498794826430891,2.6705806638086123,6.281407035175879,7.6923076923076925,0.142564594745636,0.08345317840576172,0.001,2.5
252,135.2165006960257,122.00491164599772,0.09872334876052499,0.09752132217820272,220.38489720330168,217.08985048632158,2.5518913640448795,2.6650025222612466,19.323804842567124,16.343053272336622,2.5518913640448795,2.6650025222612466,6.197654941373535,7.6923076923076925,0.10952132940292358,0.0849180817604065,0.001,2.5
253,134.7959857729811,121.81261857456985,0.0987486319625797,0.09738879466435582,220.38518397652325,217.090164439734,2.579395163997733,2.677258635843079,19.157185119999514,16.267851319201416,2.579395163997733,2.677258635843079,5.9463986599664995,7.6923076923076925,0.09812164306640625,0.0774351954460144,0.001,2.5
254,133.66344432734965,121.418632354226,0.09881184321252545,0.09722081541915402,220.38540220021002,217.09061123136692,2.5196073402711496,2.6691970657744135,19.110027198216425,16.21327315684545,2.5196073402711496,2.6691970657744135,5.778894472361809,7.6923076923076925,0.12762773036956787,0.08193546533584595,0.001,2.5
255,133.1104613899985,120.20111533072482,0.09879850930654424,0.09749269782001757,220.38586517794047,217.09080964665748,2.455927822458085,2.65937739550868,19.19047160763637,15.99917394261695,2.455927822458085,2.65937739550868,6.030150753768844,8.02675585284281,0.16023200750350952,0.08404374122619629,0.001,2.5
256,133.09111012725575,121.35304944092613,0.09873405555684363,0.09740153612899143,220.38613155499175,217.09108425382786,2.5344367925845197,2.666182154397103,18.951087910126603,16.209164584360792,2.5344367925845197,2.666182154397103,6.113902847571189,7.6923076923076925,0.1325230598449707,0.07778757810592651,0.001,2.5
257,134.06468218574972,120.86264788267206,0.09877501781312265,0.0973305530023814,220.3864340726255,217.0915899882747,2.532068262148143,2.6695525399019884,19.152899290049696,16.10098792876687,2.532068262148143,2.6695525399019884,6.113902847571189,7.357859531772576,0.1348908543586731,0.0815395712852478,0.001,2.5
258,134.46970821105856,121.19846070968985,0.09870142881544791,0.09765493518433045,220.3867515934572,217.0915354853091,2.534073069267337,2.6910582186785033,19.227904529028404,16.103568839388945,2.534073069267337,2.6910582186785033,5.9463986599664995,7.6923076923076925,0.12532275915145874,0.07066810131072998,0.001,2.5
259,133.83734711051187,121.44962874702786,0.09876695518667375,0.09743776486370476,220.38668531868325,217.09152247196056,2.519233793868891,2.6653890856931044,19.14593752185304,16.230853154109074,2.519233793868891,2.6653890856931044,5.8626465661641545,8.02675585284281,0.135850727558136,0.08108717203140259,0.001,2.5
260,133.7301296317198,121.67811056283804,0.09861338051220081,0.09744035627032602,220.38667788098206,217.0915354853091,2.517901563963898,2.6691106521963675,19.128521288259943,16.265384986647796,2.517901563963898,2.6691106521963675,6.113902847571189,8.02675585284281,0.11649328470230103,0.07933151721954346,0.001,2.5
261,134.4442086659085,122.13584537569895,0.09878857262819456,0.09745521691431569,220.38657592568964,217.09150930551382,2.5306587538727165,2.659624189836126,19.233030657872085,16.385387060235576,2.5306587538727165,2.659624189836126,6.113902847571189,7.6923076923076925,0.13511472940444946,0.08795958757400513,0.001,2.5
262,133.18024062471375,121.77026474356252,0.09876471277407466,0.09759346154023174,220.38662083304706,217.09146363121212,2.478496405347508,2.6684579825321566,19.136728820289598,16.285741841115282,2.478496405347508,2.6684579825321566,6.113902847571189,7.357859531772576,0.15610355138778687,0.08073955774307251,0.001,2.5
263,133.17509386327797,121.93330643567752,0.0987917527406659,0.09737680197061105,220.38667647523098,217.0917120075545,2.4878910314697316,2.677500276661238,19.107510398979763,16.291266323332007,2.4878910314697316,2.677500276661238,6.197654941373535,8.02675585284281,0.15704452991485596,0.0760498046875,0.001,2.5
264,133.10019232719588,121.55256147607912,0.09878038133258996,0.09738670984737849,220.38659632185994,217.0916662311873,2.4967212756874173,2.6846772587817647,19.066041505516473,16.193584792988755,2.4967212756874173,2.6846772587817647,6.365159128978225,8.02675585284281,0.15494120121002197,0.07569652795791626,0.001,2.5
265,132.99346295074002,121.28604478102464,0.09888255579936844,0.09717423924833636,220.38686344012544,217.0918559198794,2.500224322729574,2.6672159182188104,19.03416578653869,16.192707182970334,2.500224322729574,2.6672159182188104,6.113902847571189,7.6923076923076925,0.14486825466156006,0.08554929494857788,0.001,2.5
266,133.97396467199277,121.4884400894012,0.09875928601827254,0.09735370626716709,220.3868781877323,217.09182974008414,2.5509810379801485,2.672165667332933,19.078020102214975,16.21830195806497,2.5509810379801485,2.672165667332933,6.197654941373535,7.6923076923076925,0.11700063943862915,0.08165597915649414,0.001,2.5
267,133.55374958287533,120.59531323487144,0.09875604726211909,0.09753062541169866,220.38707532515278,217.09220253424502,2.5163512166021658,2.6678496435733146,19.09786739700803,16.052589390987535,2.5163512166021658,2.6678496435733146,6.030150753768844,7.357859531772576,0.13353657722473145,0.08471596240997314,0.001,2.5
268,133.65054768573498,121.24494847326375,0.0987057894268627,0.09743255835313064,220.38738648176593,217.09233986334658,2.5139508183477712,2.655628170855468,19.12443804461353,16.2191998759241,2.5139508183477712,2.655628170855468,6.113902847571189,8.02675585284281,0.13716459274291992,0.09040874242782593,0.001,2.5
269,134.7708085154369,120.28836865887594,0.09881167070100855,0.09731549346028363,220.38747529967546,217.09236823754964,2.5032030797284253,2.6592556864122883,19.380712879762378,16.017025985845354,2.5032030797284253,2.6592556864122883,6.113902847571189,7.357859531772576,0.1258414387702942,0.0894973874092102,0.001,2.5
270,133.65746116957672,120.75794579751515,0.09877727939505473,0.09737862352543451,220.38762185561598,217.09259711938557,2.510601310474389,2.67191277140359,19.13585528656466,16.072956601911564,2.510601310474389,2.67191277140359,6.030150753768844,7.6923076923076925,0.1364763379096985,0.08159291744232178,0.001,2.5
271,132.77721493208227,121.47457895948736,0.09892051090397427,0.097492272264782,220.38783639879082,217.0929262805543,2.5021488554713316,2.6702899629854437,18.985134738174516,16.2211288975234,2.5021488554713316,2.6702899629854437,6.197654941373535,8.02675585284281,0.15347343683242798,0.08309167623519897,0.001,2.5
272,134.59139848514218,121.2641122875405,0.09870091089401613,0.0972907113590368,220.3881221752071,217.09308325726053,2.530711997493827,2.663215014448134,19.262325729357336,16.20030102044045,2.530711997493827,2.663215014448134,6.281407035175879,7.6923076923076925,0.10795390605926514,0.08795285224914551,0.001,2.5
273,133.5625467731725,121.70650147913291,0.09873483961501113,0.0974851770195674,220.38839236056586,217.09337097984493,2.5087206455531033,2.662988435464559,19.12252315923796,16.289418864808354,2.5087206455531033,2.662988435464559,6.281407035175879,8.02675585284281,0.13712382316589355,0.08438342809677124,0.001,2.5
274,134.6291041286347,120.8751634578641,0.09877757052929957,0.09738880179099814,220.38856649478677,217.09343854719182,2.531136222021464,2.6612729085328986,19.268578687504906,16.128317092972058,2.531136222021464,2.6612729085328986,6.113902847571189,8.02675585284281,0.12960052490234375,0.08382272720336914,0.001,2.5
275,133.65826390456513,121.28635881098616,0.09869081060241415,0.09737017735789054,220.38865715295225,217.09356714969493,2.5530800603741977,2.6685954168887442,19.008597241374517,16.18859255991652,2.5530800603741977,2.6685954168887442,5.9463986599664995,8.02675585284281,0.1232527494430542,0.08070904016494751,0.001,2.5
276,133.3934287833209,121.45234909823108,0.09879077874885332,0.09754638523361754,220.3887416513721,217.093582408484,2.5203042765158905,2.657289887750428,19.053936598887994,16.255672352768507,2.5203042765158905,2.657289887750428,5.6951423785594635,7.6923076923076925,0.1314699649810791,0.08516067266464233,0.001,2.5
277,133.545560405482,121.80551887435658,0.09879199894678653,0.09751227951568106,220.38889837983865,217.09378296714962,2.538095600441273,2.6673426053994476,19.03098906064952,16.296155026923852,2.538095600441273,2.6673426053994476,6.030150753768844,7.6923076923076925,0.130088210105896,0.08382439613342285,0.001,2.5
278,134.7178341148287,121.05945053866077,0.09866942405401163,0.09751761881603445,220.38903668018642,217.0939530082371,2.567909497112485,2.668594649802881,19.176026288388762,16.14318354871361,2.567909497112485,2.668594649802881,5.8626465661641545,8.02675585284281,0.11432087421417236,0.07757782936096191,0.001,2.5
279,133.8927997480485,121.24369962558299,0.09880147934259481,0.09749394121975405,220.38941158122154,217.09450013023556,2.521224328620949,2.65723264257246,19.15104879446365,16.214124794389093,2.521224328620949,2.65723264257246,5.9463986599664995,8.02675585284281,0.13400471210479736,0.08365994691848755,0.001,2.5
280,133.90134924500433,122.25225087551767,0.09875782262190702,0.09749263230972864,220.38964432248318,217.09441296631675,2.588482955792042,2.6761694026232563,18.9509915011612,16.359024979199056,2.588482955792042,2.6761694026232563,5.8626465661641545,7.357859531772576,0.111133873462677,0.07706433534622192,0.001,2.5
281,135.41784182345648,120.96010566634877,0.09877121287524401,0.09743123773149025,220.3897664439139,217.09473554426214,2.524930408052863,2.671632643926104,19.444945103758744,16.11421782834873,2.524930408052863,2.671632643926104,5.8626465661641545,8.02675585284281,0.1432286500930786,0.08371233940124512,0.001,2.5
282,135.5502474224148,120.83534475473257,0.09879373234869847,0.09752543385212238,220.39008675068865,217.09500377234008,2.529506386224948,2.6724567612676715,19.457693563234468,16.0867736522968,2.529506386224948,2.6724567612676715,5.9463986599664995,8.02675585284281,0.12593072652816772,0.0793105959892273,0.001,2.5
283,133.2595726025963,120.2389329891141,0.09875194802006684,0.09727779920384239,220.39049613096407,217.09536345108697,2.4873555205774864,2.6672332023697156,19.12601916314769,15.9832128920284,2.4873555205774864,2.6672332023697156,6.030150753768844,8.02675585284281,0.1735537052154541,0.08480584621429443,0.001,2.5
284,132.8743280509808,121.3248005742612,0.09873779674670605,0.097369387122899,220.39056128113714,217.09554660758843,2.4977989656042614,2.672780016991606,19.01764332629129,16.18372726759384,2.4977989656042614,2.672780016991606,5.778894472361809,8.02675585284281,0.16491717100143433,0.07968676090240479,0.001,2.5
285,133.80795553900688,121.233576796924,0.09881776991850966,0.09755191578215182,220.39082295531205,217.09574941169458,2.514312967383482,2.6741241563522697,19.154810181814224,16.16141313533719,2.514312967383482,2.6741241563522697,6.030150753768844,8.02675585284281,0.1429513692855835,0.07912850379943848,0.001,2.5
286,132.98507273816185,121.46624092433764,0.0987330270647204,0.0975647872955504,220.39095059751065,217.09577559148985,2.503168233475294,2.675101914134711,19.02368555436382,16.205010557653114,2.503168233475294,2.675101914134711,6.365159128978225,7.357859531772576,0.13947045803070068,0.07981997728347778,0.001,2.5
287,133.2085926432905,121.96488585200996,0.09884599875814751,0.09740959887819545,220.39126972856633,217.09644702924135,2.5065121091590257,2.6697247913449904,19.058334986368816,16.320901570910195,2.5065121091590257,2.6697247913449904,6.030150753768844,8.02675585284281,0.14462149143218994,0.07769936323165894,0.001,2.5
288,134.33027030395303,121.02160598601785,0.09869236251966439,0.09732164484900376,220.39185206734356,217.0968524843554,2.5358078068424907,2.6802694877254525,19.1948141772144,16.100628368033213,2.5358078068424907,2.6802694877254525,6.030150753768844,8.02675585284281,0.11499708890914917,0.07806426286697388,0.001,2.5
289,135.42204808629737,120.64278394003776,0.09872856429174318,0.09738137976680711,220.39203839326024,217.09693745386642,2.5566365039927677,2.665737051628904,19.35067618991462,16.068449553039958,2.5566365039927677,2.665737051628904,5.8626465661641545,8.02675585284281,0.1206885576248169,0.08409512042999268,0.001,2.5
290,133.1954482188776,120.74357987726013,0.09874233798166017,0.09744513675221632,220.39219381821215,217.0971009117305,2.511983813951962,2.6705598464378943,19.039311177367143,16.074128176456313,2.511983813951962,2.6705598464378943,5.9463986599664995,7.357859531772576,0.13409942388534546,0.08676022291183472,0.001,2.5
291,134.4635151107507,120.49123630077145,0.0987474235957192,0.09746878449633767,220.39237636138046,217.09732321034306,2.50876462759085,2.6695285712596166,19.302580343019624,16.026748073539608,2.50876462759085,2.6695285712596166,5.778894472361809,7.357859531772576,0.14570242166519165,0.08497655391693115,0.001,2.5
292,134.8775100324621,120.46006596287756,0.09890108571779388,0.09754044413068223,220.39265283428045,217.0974279295242,2.5177167436385672,2.6658528193980953,19.358492808126325,16.03152718432372,2.5177167436385672,2.6658528193980953,5.9463986599664995,7.357859531772576,0.13402515649795532,0.08700209856033325,0.001,2.5
293,133.4140025127673,121.48987372663109,0.09878583136365642,0.09736320271739195,220.3931697928526,217.09807104410535,2.5192314647949323,2.6693900181696963,19.06127026492427,16.226912032800374,2.5192314647949323,2.6693900181696963,6.030150753768844,7.6923076923076925,0.14992451667785645,0.08337348699569702,0.001,2.5
294,133.1346261361536,121.9174421941955,0.09878051775184708,0.09738354305160485,220.39342073220104,217.09834126246017,2.504323645053397,2.66318952678438,19.05011974187752,16.331023213058014,2.504323645053397,2.66318952678438,6.113902847571189,7.6923076923076925,0.14051228761672974,0.08393222093582153,0.001,2.5
295,132.86825081012157,121.89638649420594,0.09882032884974376,0.09723387745810193,220.39365723065197,217.09854391346806,2.4750508199784425,2.6612424858437733,19.08465466906677,16.332684319154872,2.4750508199784425,2.6612424858437733,6.281407035175879,7.6923076923076925,0.1499651074409485,0.08248633146286011,0.001,2.5
296,132.86002647617156,121.58194046275672,0.09868453778763313,0.09755550683740788,220.39377403578766,217.09914768180718,2.4961878338850525,2.665747462307729,19.019626569508308,16.256214113139787,2.4961878338850525,2.665747462307729,6.281407035175879,8.02675585284281,0.15669620037078857,0.08078742027282715,0.001,2.5
297,133.23828815095987,121.4585708056804,0.09882737611306572,0.09733952252960525,220.39419269402023,217.09890349014947,2.552089946353855,2.677626777253422,18.92754342607917,16.19594567595517,2.552089946353855,2.677626777253422,6.197654941373535,7.6923076923076925,0.11836344003677368,0.08140522241592407,0.001,2.5
298,133.41605795088725,122.25711702582828,0.09870796525847772,0.09766596134590066,220.39411921157708,217.09894931754937,2.5228535789540865,2.6727258553074353,19.050830313907795,16.370293390790753,2.5228535789540865,2.6727258553074353,6.113902847571189,7.6923076923076925,0.13053715229034424,0.07801824808120728,0.001,2.5
299,133.13702075645153,121.3610388969498,0.09876247158451895,0.09735155287494628,220.3942679144829,217.09917386160248,2.4931594922115257,2.6686080012433107,19.08409454754649,16.20349407196045,2.4931594922115257,2.6686080012433107,6.365159128978225,7.6923076923076925,0.16453248262405396,0.08198392391204834,0.001,2.5
300,134.93691950147874,121.03888587568915,0.09871720523890139,0.09728412733827546,220.39429255346556,217.09916513500406,2.5608389161939,2.6739397670911704,19.241045109990054,16.123080792634383,2.5608389161939,2.6739397670911704,6.030150753768844,7.357859531772576,0.12341523170471191,0.07624799013137817,0.001,2.5
301,134.0991765059019,121.15665308209168,0.09880408311459288,0.09734469941228528,220.39439875157035,217.09923923454156,2.5462046711888147,2.670863571773006,19.1173810623399,16.15585199885544,2.5462046711888147,2.670863571773006,6.197654941373535,7.6923076923076925,0.1282188892364502,0.07886600494384766,0.001,2.5
302,134.55537636915045,122.09395234481148,0.09880009430836593,0.09743888132946946,220.39452215095662,217.0994004979979,2.551228779244862,2.6728976307106658,19.19355005235528,16.337189387318283,2.551228779244862,2.6728976307106658,6.197654941373535,8.02675585284281,0.1266155242919922,0.07667678594589233,0.001,2.5
303,133.55076932667487,122.54002163481951,0.0987523120127531,0.09747055367283199,220.39463854714654,217.09949863395562,2.480629070719682,2.6637707705481795,19.204436426785723,16.45377819673672,2.480629070719682,2.6637707705481795,6.113902847571189,7.6923076923076925,0.14739149808883667,0.08476787805557251,0.001,2.5
304,133.20785729489734,122.20433480763515,0.09874168765954236,0.09772653954981961,220.39499323092514,217.10028116998066,2.525522476065299,2.6615075801925916,19.001176866055335,16.393378544810624,2.525522476065299,2.6615075801925916,6.113902847571189,8.02675585284281,0.13490581512451172,0.08547067642211914,0.001,2.5
305,133.01094369552843,122.07562192068451,0.09868676768275761,0.09736284835382449,220.39552946106673,217.10053623161187,2.4739028474993043,2.6666932520659072,19.116663662832188,16.352151845211168,2.4739028474993043,2.6666932520659072,5.9463986599664995,8.02675585284281,0.16098928451538086,0.08713293075561523,0.001,2.5
306,133.11377446415835,121.78685137898627,0.0987382106595303,0.0975025052759161,220.3958157486652,217.10069974050873,2.523691318741995,2.675333197698944,18.98785394959314,16.268450609417663,2.523691318741995,2.675333197698944,5.8626465661641545,7.6923076923076925,0.15102934837341309,0.07857608795166016,0.001,2.5
307,133.9594705092847,121.72969458334423,0.0987955932591229,0.09745362366122945,220.39604468161937,217.10110519562278,2.5479799726700265,2.676677119373079,19.08411613221544,16.252996403238047,2.5479799726700265,2.676677119373079,6.113902847571189,7.6923076923076925,0.1251421570777893,0.0778546929359436,0.001,2.5
308,134.19116098477414,122.20157176754546,0.09869677715714853,0.09750364698394884,220.39651251558084,217.10147140656028,2.520518486224227,2.668813124149539,19.212858102629134,16.370953132476295,2.520518486224227,2.668813124149539,6.113902847571189,7.6923076923076925,0.14864259958267212,0.08104139566421509,0.001,2.5
309,133.8714676031116,122.22222938665179,0.09885800739678506,0.0974931245962513,220.39690316102812,217.1017853599727,2.5396332788707023,2.669330424688333,19.091542852583842,16.37353518176637,2.5396332788707023,2.669330424688333,6.281407035175879,7.6923076923076925,0.11920243501663208,0.0819239616394043,0.001,2.5
310,133.22167209644414,121.3641893265638,0.09870706187870035,0.09746441698592642,220.397217486971,217.10193136463994,2.489332409360301,2.6608583640095382,19.11251616358158,16.227349431219707,2.489332409360301,2.6608583640095382,6.281407035175879,7.6923076923076925,0.1542239785194397,0.08469134569168091,0.001,2.5
311,134.441631221292,121.56945545617553,0.09883043725336817,0.09728052559305593,220.39717636236193,217.10190957366024,2.5815172474987342,2.6688438267213446,19.079929399729973,16.244482936667758,2.5815172474987342,2.6688438267213446,6.197654941373535,8.02675585284281,0.10559505224227905,0.07972633838653564,0.001,2.5
312,133.62721254997317,121.36770081280865,0.09888602435039714,0.0975713783931174,220.39739650298202,217.10241097032426,2.518757210304989,2.668484366458395,19.105314545495627,16.20515206506021,2.518757210304989,2.668484366458395,6.197654941373535,7.357859531772576,0.1320253610610962,0.08236050605773926,0.001,2.5
313,134.16355464047123,120.55935066758988,0.09884062317048685,0.09727212532507536,220.39785224748417,217.10264418994305,2.5702465291398653,2.6628173625588816,19.058123890479006,16.060543149610027,2.5702465291398653,2.6628173625588816,6.281407035175879,7.6923076923076925,0.10479378700256348,0.08265382051467896,0.001,2.5
314,132.39580381256053,121.13309889573317,0.09874824589271242,0.09749888284848286,220.39786702065012,217.10258101141173,2.5038006241796804,2.674627244273157,18.903929769493626,16.139819269594938,2.5038006241796804,2.674627244273157,5.8626465661641545,7.6923076923076925,0.1324588656425476,0.0803079605102539,0.001,2.5
315,134.34319764205958,121.1475713213152,0.09871767913077145,0.0972562220732504,220.3979640685933,217.10280336105703,2.5466669608200814,2.683421016138134,19.164815643923966,16.116378178165906,2.5466669608200814,2.683421016138134,6.030150753768844,7.357859531772576,0.12683027982711792,0.0744132399559021,0.001,2.5
316,134.4592882472666,120.9789565478679,0.09870686421991393,0.09746566342569912,220.3979806564561,217.10252860078845,2.505180278615137,2.675423516876323,19.312496047922515,16.106606642936782,2.505180278615137,2.675423516876323,6.365159128978225,7.6923076923076925,0.15201342105865479,0.07829713821411133,0.001,2.5
317,134.16390319006328,120.83282873861766,0.09868912436255259,0.09743488158868707,220.39805669481032,217.10319784413213,2.514525345621796,2.6576267253595054,19.225386803273977,16.13077772899615,2.514525345621796,2.6576267253595054,6.113902847571189,7.357859531772576,0.13507461547851562,0.08556133508682251,0.001,2.5
318,133.8902944951401,121.75892348273543,0.09875036150816098,0.09748277043219793,220.39840815814097,217.10311716137124,2.4942489087681476,2.671925531980585,19.23148255531912,16.2730901329015,2.4942489087681476,2.671925531980585,5.9463986599664995,8.02675585284281,0.13867026567459106,0.08105552196502686,0.001,2.5
319,133.42928190247298,120.89886219445678,0.09878938774916794,0.09716340677694334,220.39856049044047,217.10333956204929,2.540648212384938,2.6737245715980147,19.00007402876913,16.095745211062223,2.540648212384938,2.6737245715980147,5.778894472361809,7.6923076923076925,0.1188095211982727,0.08140414953231812,0.001,2.5
320,133.61321175477812,121.24939745644662,0.09877007610634143,0.09746852883427438,220.398580937729,217.10324142609153,2.5016201397082716,2.661394879969466,19.153948456398407,16.2027802004862,2.5016201397082716,2.661394879969466,5.9463986599664995,8.02675585284281,0.15211230516433716,0.08243769407272339,0.001,2.5
321,133.26621922376367,121.66804027238419,0.09872036945180877,0.09731424794248912,220.39851389618175,217.10293839368532,2.5203435936165812,2.668714693158765,19.028389245421444,16.264581032819972,2.5203435936165812,2.668714693158765,6.281407035175879,8.02675585284281,0.13138538599014282,0.07902610301971436,0.001,2.5
322,132.90670124609866,120.59959845399378,0.09884777396817503,0.09751182714832268,220.3981527970664,217.10274875602593,2.526700420395613,2.670521198706483,18.93738986259729,16.045434186291136,2.526700420395613,2.670521198706483,6.448911222780569,7.6923076923076925,0.12321799993515015,0.08663475513458252,0.001,2.5
323,135.0107035932429,120.79782808743991,0.09879346386571626,0.09753287444046907,220.3981279280517,217.10303219186025,2.559791514222546,2.6722748861663717,19.258927100866885,16.079813842390692,2.559791514222546,2.6722748861663717,5.8626465661641545,8.02675585284281,0.11201989650726318,0.08028984069824219,0.001,2.5
324,134.80522231161095,122.66185512989261,0.09880572699721735,0.09749483060477968,220.39812350632556,217.1028490863915,2.5290036648761487,2.6804627263825074,19.310192483553735,16.428063867881544,2.5290036648761487,2.6804627263825074,6.281407035175879,7.6923076923076925,0.1379638910293579,0.07956814765930176,0.001,2.5
325,134.64693227285517,121.84180840839909,0.09875753566847374,0.0974050802131959,220.39814985776866,217.10295804128998,2.518579630795835,2.667186666093144,19.30981629338097,16.303899564073237,2.518579630795835,2.667186666093144,6.030150753768844,7.6923076923076925,0.13461965322494507,0.07571601867675781,0.001,2.5
326,134.4910464646229,121.14616562451009,0.09884296598496349,0.09748191902270684,220.39854242014925,217.10388229523215,2.56131697499772,2.66367093934662,19.150409867815437,16.175303184866507,2.56131697499772,2.66367093934662,5.9463986599664995,7.6923076923076925,0.10373014211654663,0.08257603645324707,0.001,2.5
327,132.85539285222092,121.65722130612785,0.09880930593415121,0.09729558867355653,220.39931545545107,217.10405662306974,2.5302484934054426,2.66457583035115,18.91649111551256,16.27483623402573,2.5302484934054426,2.66457583035115,6.281407035175879,7.6923076923076925,0.1286104917526245,0.08158141374588013,0.001,2.5
328,134.81433207705192,121.53074370419301,0.09875252231381447,0.09736290442006644,220.3992145225231,217.10387571200877,2.567513221472352,2.658596443890728,19.196496391615877,16.267465859352544,2.567513221472352,2.658596443890728,6.281407035175879,7.6923076923076925,0.125757098197937,0.086719810962677,0.001,2.5
329,133.69336913858027,121.46143996835154,0.09879685285652502,0.09756658360810583,220.39919934041137,217.10401513345266,2.528115051275921,2.6690723935895937,19.090489302847654,16.222135878725595,2.528115051275921,2.6690723935895937,5.8626465661641545,7.6923076923076925,0.13844847679138184,0.08220916986465454,0.001,2.5
330,133.5759836065909,121.68870029002926,0.09878884995952124,0.09735919452929577,220.3993660880493,217.10429198606357,2.5198730991114324,2.6691057227527017,19.09174013696923,16.267530964369758,2.5198730991114324,2.6691057227527017,6.197654941373535,7.6923076923076925,0.1423105001449585,0.08489018678665161,0.001,2.5
331,134.36814458645767,122.29560568819078,0.09876197713803207,0.09755251818277365,220.39947486762426,217.10423967750575,2.5745734533472877,2.66662409632501,19.086076455299978,16.396318773760843,2.5745734533472877,2.66662409632501,6.61641541038526,7.6923076923076925,0.10156691074371338,0.08346861600875854,0.001,2.5
332,134.58881714276134,121.55299895423711,0.0988816135817237,0.09747728772685679,220.3996284523202,217.10461242063388,2.507125917591242,2.6736815214954492,19.33252962390382,16.226638672742556,2.507125917591242,2.6736815214954492,5.778894472361809,8.02675585284281,0.13970649242401123,0.08100020885467529,0.001,2.5
333,134.04186351015738,121.82920679200852,0.09872093195192379,0.09740133596004849,220.39991402426358,217.10481956252286,2.514307585193883,2.6644914955598455,19.20162593260083,16.309465322207448,2.514307585193883,2.6644914955598455,6.197654941373535,7.357859531772576,0.1436501145362854,0.08667618036270142,0.001,2.5
334,133.73006910774575,121.04635431296052,0.09881172864580873,0.09741330513088998,220.40013989012445,217.10522067985406,2.530961616554452,2.6707044110250315,19.089286487905223,16.134253205264294,2.530961616554452,2.6707044110250315,6.197654941373535,8.02675585284281,0.13527917861938477,0.08078896999359131,0.001,2.5
335,133.40879180243667,121.44323230347905,0.09886540871868581,0.09754762472117624,220.40024682944343,217.1048936620604,2.5264164670627918,2.683851314627606,19.038656544645427,16.17416130499696,2.5264164670627918,2.683851314627606,6.030150753768844,7.6923076923076925,0.11688411235809326,0.07448917627334595,0.001,2.5
336,133.8830674265697,121.67687490712042,0.0987770784415392,0.09739971606926774,220.4001680818235,217.10502879675414,2.4990807398280106,2.679584519918946,19.21553566068461,16.233720820883047,2.4990807398280106,2.679584519918946,6.197654941373535,7.6923076923076925,0.13891726732254028,0.07378023862838745,0.001,2.5
337,134.41791478193784,121.56917878217921,0.09871054232320195,0.09740828862258025,220.40026824797818,217.1052097078151,2.527590146815557,2.6637522855331266,19.236990965391122,16.259676875876742,2.527590146815557,2.6637522855331266,6.030150753768844,7.6923076923076925,0.13883590698242188,0.08431416749954224,0.001,2.5
338,133.39586758254163,121.07112810524012,0.09872902510453709,0.09715446289068082,220.40041861222616,217.1053208571214,2.4889906155603816,2.6690511910811714,19.148375653341986,16.144219532459477,2.4889906155603816,2.6690511910811714,6.030150753768844,8.02675585284281,0.14947229623794556,0.08363604545593262,0.001,2.5
339,133.4289402282817,120.81496174279663,0.0987549939721673,0.09734806420910717,220.40048409466766,217.10606205662756,2.489946134725408,2.673709436403868,19.152118801072216,16.078972328466715,2.489946134725408,2.673709436403868,5.9463986599664995,7.6923076923076925,0.15606993436813354,0.08146560192108154,0.001,2.5
340,134.1603843139444,121.44328012115581,0.09882830673675841,0.09750216045606894,220.4013875836703,217.1064675117416,2.520534721051828,2.66502448069212,19.206626508703184,16.230660885074066,2.520534721051828,2.66502448069212,6.197654941373535,8.02675585284281,0.12233400344848633,0.08280915021896362,0.001,2.5
341,134.2843323392884,121.7113985297672,0.09879773600616647,0.09712611143804314,220.40159819074213,217.10654605112745,2.518475422907115,2.674808976642264,19.23760045752853,16.25500549839492,2.518475422907115,2.674808976642264,6.197654941373535,7.6923076923076925,0.13813650608062744,0.08059513568878174,0.001,2.5
342,133.11448902021502,121.60180921777834,0.09885077866128142,0.09734994721253182,220.4017427019538,217.1066506682431,2.5438286335624043,2.661672435875322,18.927561825443952,16.272453582406442,2.5438286335624043,2.661672435875322,6.197654941373535,8.02675585284281,0.1188092827796936,0.08072006702423096,0.001,2.5
343,135.08136057893634,121.22745832870636,0.09881482791261657,0.09743251868314966,220.40183047193977,217.10673568878684,2.5725905304178722,2.665677802618531,19.234656913795664,16.185549783866144,2.5725905304178722,2.665677802618531,6.030150753768844,7.6923076923076925,0.11578893661499023,0.08629447221755981,0.001,2.5
344,133.55133199771646,121.10554879485166,0.09883018298514525,0.09761997050664896,220.40189580102663,217.10671609221492,2.525294549501122,2.6664304645563845,19.070536576723136,16.15887311469751,2.525294549501122,2.6664304645563845,6.113902847571189,7.6923076923076925,0.11798357963562012,0.08688992261886597,0.001,2.5
345,134.46353154525886,122.48218829815204,0.09872050602082631,0.09737960102167417,220.4020159288467,217.1073003150149,2.5395060835571543,2.6663778745211086,19.210363533428964,16.434405872255663,2.5395060835571543,2.6663778745211086,5.8626465661641545,8.02675585284281,0.11613261699676514,0.08694761991500854,0.001,2.5
346,133.76420917862424,121.01037694618455,0.09873147126617943,0.09740353786825735,220.40250725163088,217.1073701278023,2.5342179538816265,2.663630007900123,19.086361289224033,16.1482826220152,2.5342179538816265,2.663630007900123,5.9463986599664995,7.6923076923076925,0.14097899198532104,0.08354556560516357,0.001,2.5
347,134.15771116323808,121.23002468861864,0.09872756435393888,0.09764658477792772,220.40248470849528,217.10731343042892,2.5243370928356996,2.669485725288008,19.19470529220811,16.174596231517985,2.5243370928356996,2.669485725288008,6.030150753768844,7.6923076923076925,0.12660950422286987,0.0822829008102417,0.001,2.5
348,133.73228743407793,120.82667806874151,0.09877101882318755,0.09756793365829365,220.4023089640504,217.1072720428773,2.5416415280832516,2.6772328698914185,19.05769831211723,16.070702036088925,2.5416415280832516,2.6772328698914185,6.113902847571189,7.6923076923076925,0.13184654712677002,0.08016878366470337,0.001,2.5
349,134.1202836284286,120.28801362410836,0.09887440311699057,0.09747295819198008,220.40224841451726,217.1071150661711,2.51182397446241,2.6667119794864718,19.22472871048766,15.99455110364933,2.51182397446241,2.6667119794864718,6.030150753768844,7.6923076923076925,0.13324439525604248,0.0869249701499939,0.001,2.5
350,133.53554295934424,121.29212859801225,0.09867332653583993,0.09727142968006357,220.40221166051612,217.10714338934142,2.483693412799931,2.6658141110653064,19.192213486586784,16.19810747382633,2.483693412799931,2.6658141110653064,6.448911222780569,7.6923076923076925,0.16560214757919312,0.08210790157318115,0.001,2.5
351,133.8061302606784,121.17040525710702,0.09865701158641771,0.09751937486056898,220.40242809506518,217.10742243636014,2.5322966751341442,2.659208005886014,19.100524407135982,16.19353244615638,2.5322966751341442,2.659208005886014,5.9463986599664995,7.357859531772576,0.11747026443481445,0.08545410633087158,0.001,2.5
352,134.07207547799626,121.50970966760131,0.09880796081107265,0.097350925580913,220.40264652322486,217.10765131819608,2.5131317251291705,2.6675821195876717,19.211177487269516,16.236304069442493,2.5131317251291705,2.6675821195876717,6.030150753768844,8.02675585284281,0.1339259147644043,0.0876196026802063,0.001,2.5
353,133.98283304441316,120.92353979002273,0.09880746369385839,0.09735514505152719,220.40286553924406,217.10786494124295,2.4845700819088985,2.666694657858399,19.279014261523685,16.12173147424806,2.4845700819088985,2.666694657858399,6.113902847571189,7.6923076923076925,0.1360982060432434,0.08946824073791504,0.001,2.5
354,133.468429872139,121.45556222156537,0.09873432904431968,0.0976720699498486,220.40327532846524,217.10815057148503,2.552314365329455,2.6749311155300077,18.972915850692058,16.203362263963374,2.552314365329455,2.6749311155300077,5.8626465661641545,7.6923076923076925,0.12774717807769775,0.0803457498550415,0.001,2.5
355,133.2365079333435,120.61935583006179,0.09879399077277287,0.09723179199324802,220.4034560569367,217.10841430868194,2.5216875228051165,2.6573082069090774,19.0183999750083,16.089078730962747,2.5216875228051165,2.6573082069090774,6.030150753768844,8.02675585284281,0.1339983344078064,0.08779412508010864,0.001,2.5
356,132.26728848915803,121.93516111852334,0.09885524631395212,0.09741462398332895,220.40335801218822,217.10809167970382,2.5026022469378395,2.676369042699552,18.88179968509642,16.295020125781413,2.5026022469378395,2.676369042699552,5.9463986599664995,8.02675585284281,0.14978009462356567,0.07629519701004028,0.001,2.5
357,134.61197533280006,121.33613765040369,0.09876469565146732,0.09761357551633713,220.40332475978525,217.1083031083429,2.537658288051535,2.669129308649529,19.245586187595897,16.19689551643703,2.537658288051535,2.669129308649529,6.113902847571189,8.02675585284281,0.13843846321105957,0.08107709884643555,0.001,2.5
358,133.4661781656083,121.46403646309639,0.09885713273356708,0.09742210967385251,220.4034709323391,217.10840772545856,2.5279973583604822,2.6672207551656357,19.04539166103855,16.22823844067628,2.5279973583604822,2.6672207551656357,6.448911222780569,7.6923076923076925,0.14001649618148804,0.07466346025466919,0.001,2.5
359,133.0690994646082,120.7030096660091,0.09881752936584466,0.09722013460054844,220.40359829338752,217.1084927460023,2.4892121403660608,2.682223891733482,19.082339968912965,16.03106505097354,2.4892121403660608,2.682223891733482,5.9463986599664995,7.6923076923076925,0.16243720054626465,0.07465165853500366,0.001,2.5
360,134.33203666853146,121.48984058086688,0.09873238791223347,0.09719084143439265,220.40369817839195,217.1087019802336,2.5523291532717756,2.6763120821885837,19.145592521782497,16.20617262735016,2.5523291532717756,2.6763120821885837,6.113902847571189,7.6923076923076925,0.10978645086288452,0.07509481906890869,0.001,2.5
361,135.0079290495446,121.68782012837387,0.09873885164658229,0.09753681544874823,220.40380276627278,217.1087129012398,2.564184580216655,2.670608482233258,19.245203561319578,16.262809801261163,2.564184580216655,2.670608482233258,6.281407035175879,8.02675585284281,0.09879618883132935,0.07811158895492554,0.001,2.5
362,134.12639900348094,121.5398300834324,0.09877588342831563,0.09724893754840296,220.40383558417085,217.1088022595664,2.5368604464347237,2.6702020774318225,19.150862494106068,16.23448812044584,2.5368604464347237,2.6702020774318225,6.030150753768844,7.6923076923076925,0.115642249584198,0.08318758010864258,0.001,2.5
363,134.57192645560158,121.05437699129749,0.09873138117281037,0.09752474421242806,220.4042301912803,217.1093232528023,2.527777142660502,2.6573776409378818,19.267226703202905,16.175815891661372,2.527777142660502,2.6573776409378818,6.365159128978225,7.6923076923076925,0.12381422519683838,0.08648902177810669,0.001,2.5
364,134.30462881628193,120.815893396486,0.09875081199996635,0.09741926913377034,220.40447870251322,217.10944098533196,2.519576904961412,2.6722661531888523,19.23836370688587,16.08347443035215,2.519576904961412,2.6722661531888523,5.9463986599664995,8.02675585284281,0.13408756256103516,0.08246636390686035,0.001,2.5
365,133.1835388490303,121.10770702043106,0.0988264717348856,0.09764447018354633,220.4046218079738,217.10960010541322,2.522779739082758,2.669688823629781,19.004522141499734,16.149524022105545,2.522779739082758,2.669688823629781,6.197654941373535,7.6923076923076925,0.11909282207489014,0.083687424659729,0.001,2.5
366,132.8478038410845,122.08087561361766,0.0987622587624906,0.0976961161878994,220.4045798654732,217.1094757896602,2.4906848199802827,2.6706607150393586,19.033672565990557,16.34123222963467,2.4906848199802827,2.6706607150393586,5.778894472361809,7.6923076923076925,0.15425974130630493,0.07994645833969116,0.001,2.5
367,134.86565482237032,121.24128123509844,0.09872549455269697,0.09752096843759352,220.40453414022423,217.1094604798384,2.5177252348543613,2.669790631552604,19.356129424256494,16.175958419723255,2.5177252348543613,2.669790631552604,6.113902847571189,7.6923076923076925,0.12287718057632446,0.08344000577926636,0.001,2.5
368,134.04137038545593,120.8073217334556,0.0987700364073517,0.09764256268540354,220.40453902201438,217.10960439216333,2.543981385989804,2.664532854405534,19.112494968689067,16.10491475452946,2.543981385989804,2.664532854405534,6.113902847571189,7.6923076923076925,0.12332141399383545,0.08917295932769775,0.001,2.5
369,135.04675967729273,120.59853881019414,0.09879372296371253,0.09731789710729019,220.40482053005914,217.10977657662588,2.51910092922511,2.666041844664609,19.388210558611743,16.058696644760694,2.51910092922511,2.666041844664609,6.197654941373535,7.6923076923076925,0.13147199153900146,0.08490467071533203,0.001,2.5
370,133.45484418246016,121.13966892714484,0.09882531891665866,0.0975263013588545,220.4049479422258,217.11001199065242,2.51344506864372,2.670527785916791,19.086787353208916,16.153423586816693,2.51344506864372,2.670527785916791,6.281407035175879,7.6923076923076925,0.13583815097808838,0.07942146062850952,0.001,2.5
371,133.05012328181434,121.57138301377313,0.09874655825508699,0.09749602227406358,220.40512647261372,217.11011660776808,2.5230774372266964,2.6742192526724824,18.976961988899575,16.228697572663478,2.5230774372266964,2.6742192526724824,5.9463986599664995,7.357859531772576,0.13673079013824463,0.07738739252090454,0.001,2.5
372,133.5748099322295,121.06964897232311,0.09873950206854036,0.09749141813919297,220.40525480490834,217.11026041802754,2.5171589811443282,2.675857888416303,19.0996562344345,16.123436723664454,2.5171589811443282,2.675857888416303,5.8626465661641545,7.6923076923076925,0.13209015130996704,0.08381736278533936,0.001,2.5
373,134.76403599009043,121.0842545933548,0.09880054051951946,0.09737114411433007,220.4055077123083,217.11050455865254,2.537619980935076,2.6710800717905614,19.276106177861966,16.140714610300734,2.537619980935076,2.6710800717905614,6.030150753768844,8.02675585284281,0.1263909935951233,0.08331048488616943,0.001,2.5
374,134.2596423278502,120.93478572169275,0.09882246989950264,0.09752391478090382,220.4055532842026,217.1106134625183,2.542052020978688,2.6731012449615377,19.161926758349242,16.104725700557033,2.542052020978688,2.6731012449615377,6.113902847571189,8.02675585284281,0.12251335382461548,0.08159065246582031,0.001,2.5
375,133.33786994767948,121.687090130554,0.09882321467052153,0.09740353226163316,220.4059771053755,217.1112434106527,2.4958704065038533,2.663654786687232,19.116117225020773,16.283551107680918,2.4958704065038533,2.663654786687232,6.113902847571189,7.6923076923076925,0.1558462381362915,0.08671760559082031,0.001,2.5
376,134.551126553585,121.60194098431131,0.09870230916956162,0.09735086007062409,220.40639330993346,217.11142651612144,2.5080974868793584,2.6684421695594405,19.322111343818293,16.252169522952077,2.5080974868793584,2.6684421695594405,5.8626465661641545,8.02675585284281,0.13519805669784546,0.08374977111816406,0.001,2.5
377,133.04733317261764,121.13887432187695,0.09878363113357394,0.09738051512568292,220.40650551442926,217.1114919400933,2.496704294453913,2.6654574392631303,19.05551589314063,16.168504029213384,2.496704294453913,2.6654574392631303,6.113902847571189,7.6923076923076925,0.1425158977508545,0.0860784649848938,0.001,2.5
378,134.71283357706503,120.75432456536437,0.09877586117641411,0.09756606762425157,220.40659520134855,217.1115900250183,2.5008722996991284,2.6675512336169596,19.37611318233624,16.085276673868748,2.5008722996991284,2.6675512336169596,6.113902847571189,7.6923076923076925,0.1541917324066162,0.08239740133285522,0.001,2.5
379,133.01458276336515,120.90279952339505,0.09872046809400147,0.0973739407483152,220.40651256874378,217.11145269591674,2.4919252140038775,2.6689050556425267,19.063315568856858,16.11094783859508,2.4919252140038775,2.6689050556425267,6.197654941373535,7.357859531772576,0.16083359718322754,0.0803605318069458,0.001,2.5
380,133.9871633967363,122.93914782163691,0.09882063729379645,0.097481263271941,220.40639739939115,217.111197736351,2.4960323102909516,2.6678269930109133,19.245490663614703,16.52142964876615,2.4960323102909516,2.6678269930109133,6.197654941373535,8.02675585284281,0.1393364667892456,0.08154094219207764,0.001,2.5
381,133.83889918750654,121.54160484900841,0.09874404782126697,0.09757488425260404,220.4061550223448,217.11097753008073,2.5169353920411024,2.6606447066750416,19.15314363514758,16.263449518975605,2.5169353920411024,2.6606447066750416,5.8626465661641545,7.6923076923076925,0.13984346389770508,0.08428549766540527,0.001,2.5
382,132.56926938157585,121.83159366977654,0.09872053201673818,0.09742081753386303,220.40602372519334,217.11091654595722,2.498811864773033,2.6771220331606655,18.953592389871925,16.272046200806482,2.498811864773033,2.6771220331606655,5.8626465661641545,8.02675585284281,0.13492614030838013,0.0760161280632019,0.001,2.5
383,134.72191337444875,121.52613825463132,0.09881642494519152,0.09726791699295459,220.40604552711474,217.1109971776854,2.5128737582233884,2.667714166003326,19.341916913363203,16.239208549958807,2.5128737582233884,2.667714166003326,6.197654941373535,8.02675585284281,0.14022845029830933,0.08244824409484863,0.001,2.5
384,133.92997994734415,122.03953950301461,0.09873194739197566,0.09751997068275177,220.40626346965132,217.11155083187447,2.5351866473704328,2.671455109797194,19.116608400840057,16.33061585059533,2.5351866473704328,2.671455109797194,6.365159128978225,7.357859531772576,0.13726472854614258,0.0819740891456604,0.001,2.5
385,133.08093126255463,120.73998783583625,0.09883454665416848,0.09727069339325596,220.40682735475065,217.1118080879135,2.526990020295084,2.66557848971823,18.9713679462222,16.088385853081643,2.526990020295084,2.66557848971823,6.030150753768844,7.6923076923076925,0.13379120826721191,0.0830235481262207,0.001,2.5
386,133.71057772995837,121.6417194226115,0.09873395893641652,0.09756422463966452,220.4073102685874,217.11237924633218,2.547480868334746,2.6738393761242514,19.035844579214228,16.24389051035495,2.547480868334746,2.6738393761242514,6.281407035175879,7.6923076923076925,0.13018107414245605,0.07707995176315308,0.001,2.5
387,135.02856506654365,122.12862414101693,0.09877254498164657,0.09733613161837378,220.4074922750144,217.11238572749008,2.575352899193564,2.681376716364985,19.21581782687649,16.318704984658538,2.575352899193564,2.681376716364985,6.030150753768844,7.357859531772576,0.1132509708404541,0.07845592498779297,0.001,2.5
388,133.9588858446284,121.18667321858996,0.09870237463982261,0.0974244700626386,220.4074599171803,217.11225493057916,2.5302978484474834,2.671787256381185,19.137061759654802,16.159065415627982,2.5302978484474834,2.671787256381185,6.281407035175879,8.02675585284281,0.14613240957260132,0.08347475528717041,0.001,2.5
389,132.5144292170079,120.92516681581836,0.09876331046747802,0.09746794422533998,220.4075021408311,217.11261476242422,2.503318506069918,2.671650388966436,18.92909586090139,16.10716625200865,2.503318506069918,2.671650388966436,6.030150753768844,7.6923076923076925,0.15229177474975586,0.08222401142120361,0.001,2.5
390,134.08410826000934,121.17046205654592,0.09883648656321131,0.09745162690562947,220.40764700987032,217.11252315865713,2.5601769687742046,2.6778348728167174,19.07244199883798,16.137674966384736,2.5601769687742046,2.6778348728167174,6.113902847571189,8.361204013377927,0.11880213022232056,0.0794559121131897,0.001,2.5
391,133.64324662353926,120.77482804008152,0.09873437371036316,0.09729540340577479,220.4079112655154,217.11303537426187,2.501569634506251,2.6729436407121128,19.160111754783234,16.073253405134015,2.501569634506251,2.6729436407121128,6.448911222780569,7.357859531772576,0.1344854235649109,0.077919602394104,0.001,2.5
392,133.60364904355762,121.07955057405708,0.09878451216160952,0.0977388658999998,220.40832110585478,217.113177092179,2.5610261334845768,2.6605470985871893,18.973812933942583,16.17129954526257,2.5610261334845768,2.6605470985871893,5.9463986599664995,8.02675585284281,0.1125679612159729,0.08089041709899902,0.001,2.5
393,133.97359186680472,120.0776545546924,0.09875725044976527,0.09734335486904833,220.4083481985121,217.1133536654571,2.5248991752190006,2.676892739873267,19.156188076664655,15.921960948701686,2.5248991752190006,2.676892739873267,6.030150753768844,7.6923076923076925,0.14119404554367065,0.07743221521377563,0.001,2.5
394,133.34059114951384,120.45621993150998,0.09872252739953435,0.09749142591371185,220.40859752763654,217.11370221906682,2.5024979170443027,2.675114948215293,19.09679793033568,16.002978308942406,2.5024979170443027,2.675114948215293,5.9463986599664995,8.02675585284281,0.14496219158172607,0.07543802261352539,0.001,2.5
395,133.55230562091873,120.94907361288932,0.09873103830882253,0.09753992582942331,220.408879879132,217.11389410216674,2.5541268445339234,2.677154668597473,18.984252277930178,16.095419969845775,2.5541268445339234,2.677154668597473,6.113902847571189,7.6923076923076925,0.11473262310028076,0.0755620002746582,0.001,2.5
396,134.0297818080065,120.54700949678453,0.09871891751211492,0.09732668694843816,220.40910597502486,217.11401831585428,2.510531469405796,2.668540559086114,19.210536228352456,16.040891752593893,2.510531469405796,2.668540559086114,5.9463986599664995,8.361204013377927,0.14023548364639282,0.08333802223205566,0.001,2.5
397,132.44971441783298,122.03491149698213,0.09874921824964047,0.09755049311995108,220.40921084405588,217.11445000179634,2.480091590977194,2.6711270609826947,18.985836182407397,16.330668430264577,2.480091590977194,2.6711270609826947,6.030150753768844,8.02675585284281,0.1530594825744629,0.08178967237472534,0.001,2.5
398,133.56542424340944,121.80678428216125,0.09879920318398244,0.09732974091401467,220.40963972593272,217.1146135106932,2.5095936780798573,2.6760281535694035,19.12046173709122,16.27038305977914,2.5095936780798573,2.6760281535694035,5.9463986599664995,7.6923076923076925,0.12337690591812134,0.07235926389694214,0.001,2.5
399,133.03389662034948,121.2711263293008,0.09876491441399209,0.09737312816158186,220.4095398920465,217.1144215255278,2.4802505374953174,2.68025318356262,19.10219281642281,16.150568368841572,2.4802505374953174,2.68025318356262,6.113902847571189,8.02675585284281,0.16063541173934937,0.07911545038223267,0.001,2.5
400,135.3387280948198,121.29403661007068,0.09877954841508738,0.097561477169544,220.40955543198578,217.1145655399182,2.572774940599349,2.6615102179473062,19.28558280919265,16.211341873857886,2.572774940599349,2.6615102179473062,6.113902847571189,8.02675585284281,0.11608690023422241,0.0860641598701477,0.001,2.5
401,131.47896063467564,129.74255314957736,0.14114038174475857,0.129641230389426,214.04051691563285,197.36147193525946,2.7493779419654576,2.709321150412926,17.97662187061917,17.755146747448773,2.7493779419654576,2.709321150412926,6.448911222780569,7.357859531772576,-0.004682302474975586,0.07405799627304077,0.001,2.5
402,132.2797489134311,122.44258321806738,0.13119935472706454,0.13328036037974533,197.5077432348101,194.82635467427232,2.6139088024446115,2.762797607626006,18.548481623331707,16.13450174108397,2.6139088024446115,2.762797607626006,6.700167504187604,7.6923076923076925,0.08362710475921631,0.03348451852798462,0.001,2.5
403,133.53028261322072,122.92345295781675,0.13061091041744655,0.11886701254441985,196.37821730417224,192.07438266715874,2.6593729730826525,2.7448505876853715,18.662539292020814,16.28795034032203,2.6593729730826525,2.7448505876853715,5.9463986599664995,9.03010033444816,0.061598002910614014,0.03854244947433472,0.001,2.5
404,133.92624737150106,121.0954003477575,0.12596476207825807,0.1343973554097689,191.04641726188723,190.75271356384889,2.642448691267464,2.6456708557230972,18.794500999514582,16.21703775909832,2.642448691267464,2.6456708557230972,6.95142378559464,8.361204013377927,0.06233400106430054,0.09756290912628174,0.001,2.5
405,135.35351414257158,122.9595188408791,0.13551766167034457,0.14970136595808942,198.46869448561165,201.54004937111335,2.6371299202118688,2.708695888519287,19.092515463006357,16.395568838087613,2.6371299202118688,2.708695888519287,6.61641541038526,7.6923076923076925,0.07572627067565918,0.08492839336395264,0.001,2.5
406,135.6034297463882,122.46162133870715,0.14424380864729633,0.1361544065949909,202.165057311705,203.2969657872433,2.6516474159918038,2.673109524226109,19.09646153410076,16.405105992703135,2.6516474159918038,2.673109524226109,5.9463986599664995,9.03010033444816,0.046057164669036865,0.06562727689743042,0.001,2.5
407,134.79483972801836,123.21343585878711,0.14097996635153465,0.13598563001307357,205.63161664033055,200.07272905330595,2.6043246870663896,2.6594794458370146,19.076671638680462,16.59703712399588,2.6043246870663896,2.6594794458370146,7.035175879396985,9.698996655518394,0.11000710725784302,0.10126858949661255,0.001,2.5
408,134.05824366686133,124.10748347151639,0.15213042849571862,0.14082272968762694,199.41079111274962,198.25692396897537,2.634314479540341,2.7063570931603675,18.83839661232391,16.63460960196811,2.634314479540341,2.7063570931603675,6.448911222780569,9.364548494983277,0.08531391620635986,0.07136809825897217,0.001,2.5
409,135.64633820244615,127.70796821109427,0.14556427182664025,0.14100874950455183,198.3342493718593,198.92591919149444,2.626332918004175,2.6785716197163763,19.181489295895574,17.43789198884996,2.626332918004175,2.6785716197163763,6.61641541038526,11.37123745819398,0.07895946502685547,0.059440016746520996,0.001,2.5
410,135.885260142673,128.42288544823893,0.14475793480074386,0.1550543158748078,195.86849763445318,195.72932143195416,2.667658606565977,2.8256616098027565,19.105950708565,17.137435115699386,2.667658606565977,2.8256616098027565,7.118927973199329,9.364548494983277,0.05281674861907959,0.002053678035736084,0.001,2.5
411,137.01434188152678,129.47129936601007,0.15180796205098904,0.14503213239952076,196.03861434655374,195.32790652884287,2.7012063909814983,2.9485465467574206,19.22968004696333,16.980547952811456,2.7012063909814983,2.9485465467574206,6.61641541038526,10.367892976588628,0.030459046363830566,-0.13274621963500977,0.001,2.5
412,135.44647513282558,117.82298539075565,0.16148085862248387,0.15050407222481477,197.58157358856457,193.30874286766436,2.6399463596855175,2.7279850264456758,19.097643757984667,15.311879802308354,2.6399463596855175,2.7279850264456758,6.700167504187604,9.364548494983277,0.07409119606018066,0.038555800914764404,0.001,2.5
413,136.18924118885442,124.26054943684352,0.1535264490237787,0.14916557472286415,194.40296506642096,187.3646796491234,2.6337774714433166,2.7086741740886984,19.266930166401057,16.65878038821013,2.6337774714433166,2.7086741740886984,6.78391959798995,10.702341137123746,0.0798453688621521,0.08576840162277222,0.001,2.5
414,136.48158818792857,128.69424486957664,0.16617519831537603,0.17343602536314706,196.55395799186363,205.15115228863465,2.6404027251941673,2.8549301999069776,19.302563438862812,17.098340758511853,2.6404027251941673,2.8549301999069776,6.95142378559464,10.367892976588628,0.07240563631057739,0.02743285894393921,0.001,2.5
415,136.55166206807147,128.92703196037573,0.1659917801219215,0.15790898245712587,205.19503799515155,205.91256611801708,2.6339870110229033,2.6717744471636107,19.33413382870468,17.697319094552643,2.6339870110229033,2.6717744471636107,6.700167504187604,9.364548494983277,0.09800374507904053,0.0956164002418518,0.001,2.5
416,135.19161473566564,119.51328366895184,0.1770962858120201,0.16945839222258946,204.72953262201307,196.3468522291917,2.54839694679682,2.696525138357411,19.31676721493004,15.73992037374439,2.54839694679682,2.696525138357411,6.700167504187604,9.698996655518394,0.11813956499099731,0.06181931495666504,0.001,2.5
417,137.3363521198931,121.33051812927859,0.16680969327837977,0.18408077382124388,203.3579536067381,203.30163992687213,2.6213098287183034,2.7165428180758373,19.52930692292538,16.03899916837048,2.6213098287183034,2.7165428180758373,7.537688442211055,8.361204013377927,0.08864128589630127,0.07860934734344482,0.001,2.5
418,136.774821500283,122.69766309349035,0.1730720605233207,0.1608772089947825,207.33663620940806,206.02137240916989,2.5846038747273097,2.6993436773485167,19.52507125113278,16.368122977955284,2.5846038747273097,2.6993436773485167,6.365159128978225,10.367892976588628,0.09796631336212158,0.09254980087280273,0.001,2.5
419,137.07916561363132,124.28157326688735,0.16272408226926124,0.1685919023078421,207.06059599961068,209.73153589561232,2.573091853603446,2.729955251400287,19.62260045318348,16.59078400270596,2.573091853603446,2.729955251400287,7.035175879396985,9.364548494983277,0.11068898439407349,0.02217930555343628,0.001,2.5
420,136.25418872929097,124.23446517485041,0.1669556567666918,0.1572169072452596,211.52486576866264,206.07255972667681,2.531018314649112,2.79497735954846,19.58208632349369,16.389302438716825,2.531018314649112,2.79497735954846,6.281407035175879,10.367892976588628,0.1433393359184265,0.01019197702407837,0.001,2.5
421,135.57086968861233,123.3552600260961,0.16404801776860428,0.17134980388907683,209.56845862102668,209.55903880651977,2.5579281384421755,2.674065294871761,19.36566638147811,16.57267527755686,2.5579281384421755,2.674065294871761,6.95142378559464,9.03010033444816,0.11285364627838135,0.08021718263626099,0.001,2.5
422,137.59145980144865,122.40037579998922,0.15998678723072488,0.16148344355084027,210.6019731071127,208.82518500388665,2.564009461570625,2.7662113693645565,19.75214561705214,16.107379578427725,2.564009461570625,2.7662113693645565,7.035175879396985,8.361204013377927,0.11270362138748169,0.019133150577545166,0.001,2.5
423,136.99189065648883,121.35771766075722,0.15720261136690775,0.14417053893657034,213.57107191229585,209.05746378308555,2.553794846462844,2.6670293385368526,19.662838474190615,16.199809686794726,2.553794846462844,2.6670293385368526,6.113902847571189,10.702341137123746,0.134427011013031,0.12051522731781006,0.001,2.5
424,136.7288055675513,120.17035019278127,0.15051981100385114,0.15713706762096954,212.74807800599677,210.04069840549226,2.565000770479391,2.7080617780270786,19.578105341849014,15.836449603970634,2.565000770479391,2.7080617780270786,6.197654941373535,8.695652173913043,0.1102178692817688,0.11324542760848999,0.001,2.5
425,136.30158884121946,123.73773366870688,0.1521553036505653,0.14430525485289136,213.1660568774046,209.30647767746328,2.5212675754349037,2.6617682713728685,19.623450986903716,16.691518869687084,2.5212675754349037,2.6617682713728685,6.448911222780569,10.367892976588628,0.12382984161376953,0.11036741733551025,0.001,2.5
426,136.67663114154757,120.83428174277213,0.14514587287926795,0.14414990197456,213.12622591718358,210.48222892021255,2.585364318972257,2.6810974492675883,19.507578675671038,16.05263717357929,2.585364318972257,2.6810974492675883,6.365159128978225,8.02675585284281,0.09374713897705078,0.08732771873474121,0.001,2.5
427,136.86714093130038,123.54270235910064,0.13955878739680477,0.13376113448453986,213.01044465389285,212.60956126949858,2.515769398192465,2.7001794772004604,19.755606279101602,16.538728474773293,2.515769398192465,2.7001794772004604,6.197654941373535,10.367892976588628,0.14820122718811035,0.06133061647415161,0.001,2.5
428,137.80532417744647,124.88852581930001,0.1387374503678413,0.14509067382900212,216.66169881900552,214.72317953970918,2.538275482267191,2.699651421511851,19.875158654984517,16.80678853063679,2.538275482267191,2.699651421511851,6.700167504187604,9.364548494983277,0.117789626121521,0.09867388010025024,0.001,2.5
429,137.3806870426964,124.25757024758636,0.14035190856536628,0.1342871442287662,216.15401894523072,215.79229021869773,2.488545649814446,2.663318743275161,19.93919959779161,16.791541766163498,2.488545649814446,2.663318743275161,6.197654941373535,10.033444816053512,0.16188925504684448,0.08535408973693848,0.001,2.5
430,136.65599880506045,121.53625131052074,0.13641649739227102,0.13681862391157693,218.83933686171744,216.3377668706071,2.494899122758926,2.685874003630418,19.775451372616256,16.178997572449138,2.494899122758926,2.685874003630418,6.61641541038526,8.695652173913043,0.14501643180847168,0.10076481103897095,0.001,2.5
431,135.57893788195534,126.76072338193555,0.13628423967752823,0.13264706591299943,218.9154450689728,219.207014409196,2.4257663865784305,2.7410628803597645,19.767449447657395,17.058585291323453,2.4257663865784305,2.7410628803597645,6.113902847571189,10.033444816053512,0.2048795223236084,0.022225260734558105,0.001,2.5
432,137.1071232679102,125.21099156918733,0.13127868863406095,0.13141812339275577,220.4386089586932,218.65920280533092,2.5422277426599855,2.6752449884063823,19.72439789572353,16.94644813154852,2.5422277426599855,2.6752449884063823,6.448911222780569,10.033444816053512,0.10129320621490479,0.12232422828674316,0.001,2.5
433,136.5155997987169,122.40389578318516,0.13006443763697767,0.13286900919017983,221.23597479585428,216.27508371410562,2.517683234446412,2.6690405212517168,19.67981054635104,16.403829491656758,2.517683234446412,2.6690405212517168,6.448911222780569,8.695652173913043,0.15235084295272827,0.11151570081710815,0.001,2.5
434,137.00092319507695,128.7019063126682,0.1353322169688878,0.1287056483751954,221.4267561000396,225.61639613531105,2.5157656661629475,2.6558634860061083,19.78153574766226,17.70192647060024,2.5157656661629475,2.6558634860061083,6.197654941373535,11.37123745819398,0.15236610174179077,0.10589069128036499,0.001,2.5
435,135.87974775815928,122.21212273537115,0.13023243659804615,0.13462812166947585,225.1742027193258,219.02198776194084,2.5329211976260595,2.7261156708899152,19.50610430795743,16.1933477650518,2.5329211976260595,2.7261156708899152,6.365159128978225,8.02675585284281,0.13591831922531128,0.04704689979553223,0.001,2.5
436,136.4368414183957,125.61157481726197,0.13063109909469758,0.12571458991953363,220.92735405543343,219.82069708272365,2.5051432458599607,2.6523702567237675,19.701626552409262,17.096097588937816,2.5051432458599607,2.6523702567237675,6.365159128978225,10.702341137123746,0.1562827229499817,0.10137885808944702,0.001,2.5
437,136.0114429416369,121.45893288296601,0.12558299273102727,0.12689686444491446,220.4702076105217,217.31953807818053,2.45387002810761,2.6568657833596934,19.771468403750728,16.25234519039907,2.45387002810761,2.6568657833596934,6.030150753768844,8.361204013377927,0.1631094217300415,0.09909713268280029,0.001,2.5
438,137.2330422968521,125.2543801400175,0.12647011688905746,0.12476871060487818,221.8172621734977,221.01301242994225,2.507088375650658,2.6820373032802722,19.85568605036392,16.93560680657326,2.507088375650658,2.6820373032802722,5.9463986599664995,9.698996655518394,0.15318673849105835,0.08078724145889282,0.001,2.5
439,136.57450207274164,121.84160769663526,0.1250781083551284,0.12352558257787125,220.63047195000067,216.96633365082502,2.4523314287514744,2.6515393799363967,19.888764718469464,16.34560598099112,2.4523314287514744,2.6515393799363967,6.365159128978225,9.698996655518394,0.15769273042678833,0.10803389549255371,0.001,2.5
440,136.52751586505116,125.45698011519518,0.12352168009658555,0.12267862397392458,220.13727831560962,219.32033750604228,2.469109066367349,2.6873753110700624,19.829444342122805,16.960870698144205,2.469109066367349,2.6873753110700624,6.61641541038526,9.698996655518394,0.17644566297531128,0.08924758434295654,0.001,2.5
441,136.5850208480554,125.186257761059,0.12336041217972485,0.12084759547558915,221.0203658827585,220.83365194773594,2.5038025670714514,2.634485845980437,19.736720335942817,17.065458973913287,2.5038025670714514,2.634485845980437,6.197654941373535,10.033444816053512,0.14636731147766113,0.11687827110290527,0.001,2.5
442,136.8269213703609,124.06143025171797,0.12180789107054323,0.12047318546070303,224.1372784945234,221.44401963658157,2.4705949700258087,2.684872455820192,19.88441038850564,16.689284991261154,2.4705949700258087,2.684872455820192,6.532663316582915,10.033444816053512,0.14705818891525269,0.06631165742874146,0.001,2.5
443,136.73416792008544,123.82962275986688,0.1185855455758983,0.11988921543228187,222.95774644503442,220.7242565346402,2.5026014358354374,2.6600775718688965,19.77072069113778,16.717568681391587,2.5026014358354374,2.6600775718688965,6.448911222780569,9.698996655518394,0.13675469160079956,0.1189262866973877,0.001,2.5
444,136.68476026781042,124.17530631381133,0.11935253888119006,0.11502707667374691,222.9449913753337,221.37905914408705,2.470978219305451,2.663429957169753,19.855557015193767,16.777490928420256,2.470978219305451,2.663429957169753,6.61641541038526,9.698996655518394,0.17563921213150024,0.08929306268692017,0.001,2.5
445,135.9662687982147,124.63354221713982,0.11784178653803702,0.12138872239800999,224.6812622223667,225.64802571682628,2.439113702206955,2.661131219321669,19.80740833761704,16.873907153024323,2.439113702206955,2.661131219321669,6.281407035175879,8.695652173913043,0.20416635274887085,0.1127517819404602,0.001,2.5
446,134.8212357973134,123.76106456131441,0.12017778573024213,0.11346934733283161,228.62246060011975,226.85843206807522,2.3775475847860874,2.6429549922113833,19.761844136607106,16.755283068653732,2.3775475847860874,2.6429549922113833,6.113902847571189,9.698996655518394,0.21083170175552368,0.1099361777305603,0.001,2.5
447,135.84131485573212,125.32084875202499,0.11454482885760878,0.1173774973803938,230.05937900255674,227.89098493391057,2.4214545198820745,2.6889791289300824,19.83497864037902,16.928177645373903,2.4214545198820745,2.6889791289300824,6.365159128978225,9.03010033444816,0.1868719458580017,0.08357751369476318,0.001,2.5
448,136.20060851386245,124.85941592825695,0.11836478643281576,0.11501883974541789,229.3956061128396,227.95227867305078,2.4266831922770744,2.6494944318879807,19.890520265154304,16.95480559103465,2.4266831922770744,2.6494944318879807,5.8626465661641545,9.698996655518394,0.18360942602157593,0.10076594352722168,0.001,2.5
449,136.33200643210355,123.6053593868396,0.11536414877603601,0.11727571377786107,229.58383705228616,226.04655507575708,2.4387013812360654,2.6383256720858674,19.881307292024495,16.737429960116895,2.4387013812360654,2.6383256720858674,6.365159128978225,9.698996655518394,0.19002914428710938,0.12138146162033081,0.001,2.5
450,137.35044858283933,126.80806612250797,0.11851976670861444,0.1155477167670942,229.35947485944533,229.83116660229737,2.499457405639853,2.6774805644682815,19.902141408105592,17.260096010954484,2.499457405639853,2.6774805644682815,6.448911222780569,9.364548494983277,0.1526508331298828,0.07989668846130371,0.001,2.5
451,135.8539571075184,122.68872942972342,0.11413303550513745,0.11377885476701634,231.0664618410657,228.28405899507146,2.4561579630802224,2.653438237997202,19.73327759082992,16.509018882062524,2.4561579630802224,2.653438237997202,6.61641541038526,9.698996655518394,0.18002349138259888,0.11794543266296387,0.001,2.5
452,136.30242889250943,124.0893710337355,0.11468549133894632,0.11425797907903441,231.50032631316577,231.6165678094462,2.4309619044139357,2.6796257647383572,19.898362995192432,16.709823180999244,2.4309619044139357,2.6796257647383572,6.281407035175879,9.364548494983277,0.20453834533691406,0.07056617736816406,0.001,2.5
453,136.10550703754777,123.58564079565348,0.11422108777703552,0.11327295080076492,233.5935758657791,230.9073267397673,2.4460219358479356,2.67126692178656,19.813471572083643,16.634490973175968,2.4460219358479356,2.67126692178656,6.281407035175879,9.364548494983277,0.17562848329544067,0.09345138072967529,0.001,2.5
454,137.23870452165204,124.67331407221663,0.11425799415938219,0.11309225515876725,233.02120728868135,231.4668121848218,2.4701198257593253,2.6608842822620304,19.96792480494309,16.883097575261043,2.4701198257593253,2.6608842822620304,6.113902847571189,9.364548494983277,0.1694667935371399,0.10666495561599731,0.001,2.5
455,136.48967141002865,125.14029078659007,0.11213912091013574,0.11104982847154739,233.5543647395506,231.00095380189825,2.443678932972689,2.6679816636752127,19.89775872030849,16.955703971377982,2.443678932972689,2.6679816636752127,6.61641541038526,9.698996655518394,0.1855717897415161,0.08182215690612793,0.001,2.5
456,135.10417029606037,124.33183196715288,0.11232224215364936,0.11192481596035303,232.6490102029925,231.4624272477268,2.4054204950380567,2.6642030553275524,19.735578505038415,16.80508030537379,2.4054204950380567,2.6642030553275524,6.281407035175879,9.03010033444816,0.20873141288757324,0.09657037258148193,0.001,2.5
457,135.29674255268858,124.25836845066236,0.11207060686857058,0.11017586420411649,234.377196805561,232.52135924272315,2.4135715486216585,2.6573660692642367,19.74934414683075,16.811036298107542,2.4135715486216585,2.6573660692642367,6.532663316582915,9.364548494983277,0.18289077281951904,0.09986937046051025,0.001,2.5
458,137.35696395797345,124.66587885725858,0.11006061196127528,0.1092490094112712,234.10053236560407,232.05132275839713,2.48775391243211,2.6586996887041177,19.939299284712952,16.88881668677697,2.48775391243211,2.6586996887041177,6.281407035175879,9.03010033444816,0.1702721118927002,0.09473782777786255,0.001,2.5
459,135.40551824266188,123.9049109264361,0.10915564238975196,0.10869800057698253,234.05415755739963,231.68923496003933,2.3963333597934025,2.6777800269748853,19.823461503838775,16.679565595543902,2.3963333597934025,2.6777800269748853,6.281407035175879,9.03010033444816,0.20991885662078857,0.08497947454452515,0.001,2.5
460,137.33450851568224,124.85991109892676,0.10960005212519038,0.1084454793944008,234.16297414194997,232.3921930829817,2.431014268242534,2.677727446508248,20.105106922449977,16.87063309659926,2.431014268242534,2.677727446508248,6.281407035175879,9.364548494983277,0.17178404331207275,0.0843777060508728,0.001,2.5
461,136.43725607662745,124.58451807538802,0.1097157101959639,0.10891801290787183,233.99613743052012,231.75229836148162,2.4436031186600626,2.6582593495231808,19.887899002637496,16.873990253461244,2.4436031186600626,2.6582593495231808,6.030150753768844,9.698996655518394,0.18971771001815796,0.0993993878364563,0.001,2.5
462,136.682485302489,125.85872642491573,0.10952089643308666,0.10762230566014415,234.56298163588121,233.71955310221898,2.4250584155870243,2.6718426898969057,19.992504749266146,17.087948904388327,2.4250584155870243,2.6718426898969057,6.197654941373535,10.033444816053512,0.1888466477394104,0.0845136046409607,0.001,2.5
463,135.37548692661713,124.47716034854136,0.10810365268283553,0.10761654738299424,236.05748640153075,233.47673141836722,2.424705189077099,2.651774530028021,19.732149948426827,16.871888393542438,2.424705189077099,2.651774530028021,6.532663316582915,9.698996655518394,0.1863132119178772,0.10537987947463989,0.001,2.5
464,136.5151796069377,125.11069386459911,0.10827589238458742,0.10721963741209196,235.56698235235422,233.9129920372596,2.445633954937933,2.665270079737124,19.89736592789591,16.95810339044169,2.445633954937933,2.665270079737124,6.281407035175879,9.698996655518394,0.16250324249267578,0.09950846433639526,0.001,2.5
465,137.19645995071386,124.72287987546379,0.10807227966074569,0.10711390532578115,236.43503349470333,234.6648777990437,2.4576590448568014,2.6689405218015945,19.99741354260213,16.86939941840028,2.4576590448568014,2.6689405218015945,6.197654941373535,9.698996655518394,0.17130577564239502,0.09338271617889404,0.001,2.5
466,136.08722279099763,124.66407681468338,0.10784480219061052,0.10696165921496707,236.64338494944613,234.3554644632499,2.4475006945368833,2.670559542633618,19.806044423600138,16.85287436673474,2.4475006945368833,2.670559542633618,6.281407035175879,9.03010033444816,0.1760467290878296,0.099678635597229,0.001,2.5
467,137.49353617759206,125.62735641122264,0.10710246487827955,0.10526653760452334,236.4017842355086,234.6496984169236,2.4587414344551175,2.678460116370466,20.05378190237074,17.022108014212005,2.4587414344551175,2.678460116370466,6.281407035175879,9.698996655518394,0.1896369457244873,0.0904397964477539,0.001,2.5
468,135.6036883023516,124.67689993867906,0.10559708353013449,0.10489479011317161,236.8292104698705,235.03602406173246,2.404389211280861,2.67144770765783,19.839084606074806,16.853051086731977,2.404389211280861,2.67144770765783,6.448911222780569,9.364548494983277,0.2027760148048401,0.10054141283035278,0.001,2.5
469,135.9129446978545,124.55185798976733,0.10571552706972838,0.1057316194908276,237.60121775871545,235.7428351054622,2.395109821204564,2.6707539861417535,19.928596074856706,16.82981440056128,2.395109821204564,2.6707539861417535,6.281407035175879,9.364548494983277,0.18808895349502563,0.10049301385879517,0.001,2.5
470,136.97925724815482,124.86533536879115,0.10749718450771105,0.10740883192390104,237.67903019635122,235.85512300319098,2.4582084259595502,2.6473097857025554,19.95219158127879,16.962484870068604,2.4582084259595502,2.6473097857025554,6.197654941373535,9.03010033444816,0.17642462253570557,0.11271518468856812,0.001,2.5
471,135.32833634828603,125.62225142769192,0.10749343821351452,0.10566000431078333,238.09129980141594,236.36753977899966,2.38238283377796,2.658853728635654,19.849401560261022,17.079483485142124,2.38238283377796,2.658853728635654,6.197654941373535,9.698996655518394,0.21025991439819336,0.09406799077987671,0.001,2.5
472,136.21277323200476,125.15192119891827,0.10591299232825561,0.10504622809763338,238.32123763756937,235.9524845391213,2.4244401407002205,2.6917380273940172,19.900387580270944,16.886970979314185,2.4244401407002205,2.6917380273940172,6.281407035175879,9.698996655518394,0.1839269995689392,0.07606911659240723,0.001,2.5
473,135.09044490028268,125.42092780684149,0.10590426263148262,0.10523178164277189,237.99693735400635,236.022243027703,2.4134348365330016,2.686133890247664,19.70900346446077,16.95753369921426,2.4134348365330016,2.686133890247664,6.365159128978225,9.364548494983277,0.1888023018836975,0.07631087303161621,0.001,2.5
474,136.6020090687814,124.89636873481265,0.10514618891916883,0.10455249180163827,238.1196926762311,235.97976209965836,2.454921179281008,2.668538860652758,19.886985216508158,16.905550162529067,2.454921179281008,2.668538860652758,6.532663316582915,9.698996655518394,0.16746437549591064,0.10160183906555176,0.001,2.5
475,136.34148119442426,124.40526884455346,0.10530867798244534,0.10478509501569645,238.1025491072305,236.27326449901364,2.4118913034697873,2.661210524995989,19.963939807323154,16.829211595465107,2.4118913034697873,2.661210524995989,6.197654941373535,9.364548494983277,0.22020405530929565,0.10327619314193726,0.001,2.5
476,137.26118834733563,124.88595078382205,0.1056828398625655,0.10508786914340629,238.455064962058,236.48129155085638,2.482275309874185,2.6677022992966566,19.93658428096292,16.905769520380026,2.482275309874185,2.6677022992966566,6.365159128978225,9.364548494983277,0.17309081554412842,0.09424740076065063,0.001,2.5
477,136.44860044955408,124.82367943601066,0.10584354465530946,0.10528038374855367,238.52549960904784,236.47719510183686,2.4232077394897615,2.669662004330485,19.95122268012221,16.887397230269517,2.4232077394897615,2.669662004330485,6.030150753768844,9.03010033444816,0.1834726333618164,0.0931742787361145,0.001,2.5
478,136.4707810802875,124.97301812315466,0.10563659472032208,0.10460964395948079,238.6111803677813,236.75501013918466,2.3733435759392614,2.6610913308567827,20.105276008746532,16.943056954986673,2.3733435759392614,2.6610913308567827,6.030150753768844,9.03010033444816,0.213617205619812,0.09646904468536377,0.001,2.5
479,136.61544738462823,125.44542546096852,0.10518631351553216,0.10403712350488906,238.77557628637982,236.6921956244121,2.4240699279647777,2.6647541044547807,19.982087603366157,17.026676860541404,2.4240699279647777,2.6647541044547807,6.030150753768844,9.698996655518394,0.19441354274749756,0.09986215829849243,0.001,2.5
480,136.15271650406982,125.21765177544941,0.1045019857123669,0.10340473369810493,238.70763889229676,236.56424149222997,2.4484610297971434,2.6614836251057907,19.81651786983113,16.99108612417776,2.4484610297971434,2.6614836251057907,6.197654941373535,9.698996655518394,0.17695456743240356,0.10310530662536621,0.001,2.5
481,137.21870414695547,124.01313138725766,0.10377728489775155,0.10294690486479763,238.5262808232651,236.3811005557261,2.46011870710095,2.6566385848067675,19.99492400854676,16.76484523888017,2.46011870710095,2.6566385848067675,6.281407035175879,9.698996655518394,0.1815982460975647,0.10877114534378052,0.001,2.5
482,137.17018988783434,124.27081533578726,0.10363969788379605,0.10290795587077986,238.69311510657946,236.82980632463028,2.420017566712857,2.6572434423759232,20.105518526368005,16.81448607939143,2.420017566712857,2.6572434423759232,6.281407035175879,9.364548494983277,0.19968801736831665,0.0977826714515686,0.001,2.5
483,136.62094279789247,124.64024996039859,0.1036978940318777,0.10307102214333205,238.7306289545056,236.60147758152175,2.4011974598295125,2.664113152385954,20.052110253466633,16.86777539715719,2.4011974598295125,2.664113152385954,6.030150753768844,9.698996655518394,0.19606488943099976,0.092978835105896,0.001,2.5
484,136.283898818433,124.35463732461068,0.10355475209216576,0.10289824160943462,238.69142626278364,236.51250899196867,2.3827499740287488,2.658377892197574,20.040080244617048,16.827911459881328,2.3827499740287488,2.658377892197574,6.365159128978225,9.698996655518394,0.20668357610702515,0.09425175189971924,0.001,2.5
485,136.16906296108635,124.46201954717222,0.10347747324749054,0.10314672253402977,238.50550773275558,236.39518395873614,2.3952348527796503,2.663184583785143,19.979712174765428,16.83494090714981,2.3952348527796503,2.663184583785143,6.448911222780569,9.698996655518394,0.20686596632003784,0.09970909357070923,0.001,2.5
486,136.2981330705448,124.27225175430145,0.10370784083153535,0.1031119982933121,238.48086982356443,236.48893462216176,2.407363520195736,2.6718836069904444,19.969098191764488,16.77087859086767,2.407363520195736,2.6718836069904444,6.030150753768844,9.698996655518394,0.20152801275253296,0.09837073087692261,0.001,2.5
487,136.38945145343416,124.99236468567099,0.1036877226914393,0.10282322869053652,238.56695692103912,236.57517244983276,2.4189894650649384,2.6544578625605655,19.952471351304045,16.967220325533763,2.4189894650649384,2.6544578625605655,6.365159128978225,9.03010033444816,0.2039390206336975,0.10241496562957764,0.001,2.5
488,135.64347200377702,124.72475936022092,0.10343703380481682,0.10250905465122848,238.67325912807854,236.61831118988752,2.399187021718752,2.6472653800428514,19.862711007071898,16.935331146852626,2.399187021718752,2.6472653800428514,6.113902847571189,9.364548494983277,0.19845348596572876,0.10653179883956909,0.001,2.5
489,135.74278573654405,124.34982774409163,0.1034714190579539,0.10253900130058212,238.6877995272178,236.72017427272223,2.446457814131949,2.6570126946554535,19.740752403859915,16.831075457824912,2.446457814131949,2.6570126946554535,5.9463986599664995,9.03010033444816,0.19141286611557007,0.10708397626876831,0.001,2.5
490,136.19641578457063,124.62562816198853,0.10340705180737242,0.10266879362904507,238.85784068658722,236.92461744837937,2.4397555951097702,2.6580858469806787,19.851563576677535,16.882949363427816,2.4397555951097702,2.6580858469806787,6.281407035175879,9.03010033444816,0.18019723892211914,0.1045946478843689,0.001,2.5
491,136.1159766371326,124.60263569299194,0.1033848386314047,0.10244019561288349,239.02112879665253,237.0787253491456,2.4063214904299532,2.662554038408209,19.935750303156613,16.864960794863492,2.4063214904299532,2.662554038408209,6.365159128978225,9.698996655518394,0.19982421398162842,0.10161662101745605,0.001,2.5
492,135.53655170076456,125.13135648491391,0.10303964955073905,0.10226414011274293,239.17656841949002,237.20859167807077,2.3779480237657302,2.6579024855508453,19.905022721793785,16.984669267533217,2.3779480237657302,2.6579024855508453,6.281407035175879,9.698996655518394,0.20548951625823975,0.0990721583366394,0.001,2.5
493,137.02807456165104,124.48387995691203,0.1028271758526414,0.1019938913077415,239.3494314324716,237.3613346061579,2.4640876583917257,2.664140817712382,19.944916567011695,16.836482976192613,2.4640876583917257,2.664140817712382,6.197654941373535,9.698996655518394,0.18168550729751587,0.09723412990570068,0.001,2.5
494,135.8485956495531,124.51172273055367,0.10263438816096515,0.10174173323506097,239.4251044447498,237.30411271825682,2.391598967451546,2.661636858879523,19.92651055046861,16.849624818782743,2.391598967451546,2.661636858879523,6.030150753768844,9.364548494983277,0.20623153448104858,0.09740984439849854,0.001,2.5
495,136.7151209641142,124.73680635280034,0.10273144137070607,0.10222166582294133,239.3403083123953,237.2565154008642,2.411223816112857,2.673155470436632,20.040938516358036,16.859999136781212,2.411223816112857,2.673155470436632,6.365159128978225,9.03010033444816,0.22017258405685425,0.09514349699020386,0.001,2.5
496,136.0533408415777,125.54793875193516,0.10298343294828981,0.10208034886663973,239.3228074014686,237.19601021961225,2.385811074095555,2.6739434350693108,19.984774108707803,17.019902723688745,2.385811074095555,2.6739434350693108,6.365159128978225,9.03010033444816,0.20811259746551514,0.09558886289596558,0.001,2.5
497,136.4518663671548,125.10265710122609,0.10287599189447198,0.10216424372483257,239.24268025409435,237.17222054267808,2.4124653670855705,2.6591613109295187,19.98455353997261,16.9751802718759,2.4124653670855705,2.6591613109295187,6.281407035175879,9.364548494983277,0.19393479824066162,0.10120820999145508,0.001,2.5
498,136.4947212513168,124.98601473294772,0.10279473970633256,0.10213793251028029,239.21234680380255,237.1471627021713,2.435259318231937,2.665320958580859,19.9247651795047,16.93338299754471,2.435259318231937,2.665320958580859,6.113902847571189,9.03010033444816,0.18845456838607788,0.098125159740448,0.001,2.5
499,135.58158460454126,126.33999797093828,0.10274237202140354,0.10194868549555042,239.25363969403494,237.24540838031066,2.3785326105466043,2.6614767771500807,19.912320263222036,17.21572979955769,2.3785326105466043,2.6614767771500807,6.281407035175879,9.698996655518394,0.2132379412651062,0.09941303730010986,0.001,2.5
500,137.1394311850594,125.35538653625693,0.10265666716911485,0.10190572253238397,239.32254153559956,237.28106077060252,2.450608618095692,2.6565845028612527,20.007664391343518,17.03348666289977,2.450608618095692,2.6565845028612527,6.197654941373535,9.698996655518394,0.19094645977020264,0.1032721996307373,0.001,2.5
501,134.92128583694023,124.49472597052022,0.10259106520632004,0.1017560812591709,239.34520375109597,237.30535459996864,2.404732566782378,2.6527647780734163,19.701671635485575,16.87283896761993,2.404732566782378,2.6527647780734163,6.281407035175879,9.03010033444816,0.195126473903656,0.11016470193862915,0.001,2.5
502,136.57414419407422,124.195200610719,0.10255888598648148,0.10184012019514639,239.41040366219116,237.38339269121354,2.4102082963365206,2.654312656874641,20.015810776395814,16.80825794181696,2.4102082963365206,2.654312656874641,6.281407035175879,9.364548494983277,0.19794857501983643,0.10802537202835083,0.001,2.5
503,135.58866889991953,124.68509860341764,0.10232253430077379,0.10150178830858855,239.42869133366213,237.3243358701368,2.4077563417616803,2.664781060107177,19.826114900547456,16.874910909595297,2.4077563417616803,2.664781060107177,6.281407035175879,9.698996655518394,0.1905503273010254,0.10132420063018799,0.001,2.5
504,136.14330254687337,124.02627078665539,0.10224529874933824,0.10168175414254434,239.37190213355188,237.2970309050187,2.4231197849989337,2.6666819610723285,19.890977191765305,16.737412334684546,2.4231197849989337,2.6666819610723285,6.281407035175879,9.364548494983277,0.20929241180419922,0.10343456268310547,0.001,2.5
505,136.5135807312114,123.6329977488438,0.10220390573218839,0.10144881286150635,239.33983889376898,237.24410071739783,2.4056004144039185,2.6647695944859433,20.017606121810836,16.66455205068939,2.4056004144039185,2.6647695944859433,6.113902847571189,9.698996655518394,0.20060670375823975,0.10070806741714478,0.001,2.5
506,137.05603134692015,123.36451032249425,0.10224599404950038,0.10158774712711673,239.29150311391757,237.2641510724224,2.4351891017639056,2.6613194192931005,20.037331343096504,16.621173667269804,2.4351891017639056,2.6613194192931005,6.281407035175879,9.698996655518394,0.1862471103668213,0.1089552640914917,0.001,2.5
507,136.31858618654798,123.98000524514495,0.10226046076821323,0.10150101045800691,239.36979038871112,237.381825169592,2.418504821195874,2.648689793902496,19.939876920613813,16.78215407687286,2.418504821195874,2.648689793902496,6.281407035175879,9.364548494983277,0.204687237739563,0.10318970680236816,0.001,2.5
508,135.99092544223396,124.56756145260405,0.10239161770647295,0.1017645237637204,239.44511472360173,237.40179831208195,2.428513508945254,2.667822260521726,19.844277150267533,16.84221203271362,2.428513508945254,2.667822260521726,6.197654941373535,9.364548494983277,0.17837607860565186,0.10032439231872559,0.001,2.5
509,136.58174089850294,124.68306617354071,0.10238238325470456,0.10162050593457493,239.45961765308476,237.40359211286972,2.4148610153389933,2.6600120474263576,20.003396674815935,16.888771178331663,2.4148610153389933,2.6600120474263576,6.197654941373535,9.698996655518394,0.1856054663658142,0.09651947021484375,0.001,2.5
510,135.43769938662223,124.93691613442921,0.10223700748865729,0.10144222415609902,239.43683262606163,237.36062576140847,2.39718463153296,2.671703845760894,19.827651319391965,16.904510517184153,2.39718463153296,2.671703845760894,6.532663316582915,9.364548494983277,0.21672677993774414,0.09237551689147949,0.001,2.5
511,136.05939505367823,125.10468465747641,0.10228081822545085,0.1015349794241497,239.39600360812852,237.33120707125966,2.3701119534733706,2.648529768787499,20.033208661742346,17.007574413133703,2.3701119534733706,2.648529768787499,6.113902847571189,9.698996655518394,0.20645630359649658,0.1038053035736084,0.001,2.5
512,136.89838937219463,125.20989418667695,0.1021603858550789,0.10137788702213645,239.40480327765945,237.3747767317654,2.439621350274014,2.645269614796973,19.992500471310002,17.038418983536022,2.439621350274014,2.645269614796973,6.030150753768844,9.698996655518394,0.18771374225616455,0.10741907358169556,0.001,2.5
513,135.008069343503,124.70988737380624,0.10221738263440491,0.10167824217806691,239.4277135187657,237.3597634101791,2.383562405504773,2.660290451751505,19.78259755299119,16.893298586076718,2.383562405504773,2.660290451751505,6.197654941373535,9.03010033444816,0.2113264799118042,0.09965711832046509,0.001,2.5
514,136.59670695907107,125.26761244451721,0.10219262934709514,0.10154126397642403,239.41241866579807,237.37886011640364,2.438915837749564,2.6581517860642245,19.934273002535054,17.011283230223384,2.438915837749564,2.6581517860642245,6.281407035175879,9.03010033444816,0.1882193684577942,0.10306793451309204,0.001,2.5
515,136.84585939340255,124.36763755772823,0.10225997846479991,0.10167715613758285,239.46267817767222,237.4429450401893,2.4329227039362715,2.66051266424632,20.002059671347663,16.824165510094684,2.4329227039362715,2.66051266424632,6.448911222780569,9.364548494983277,0.18205344676971436,0.09852731227874756,0.001,2.5
516,137.22043125273993,125.51238727888534,0.10230117694317196,0.10169195266671005,239.50637830162367,237.46555535051735,2.4237522224285692,2.6604737406191616,20.10446833126509,17.053223517427476,2.4237522224285692,2.6604737406191616,6.113902847571189,9.698996655518394,0.18029356002807617,0.09141850471496582,0.001,2.5
517,136.53789779688645,124.75774130932862,0.10224681967866281,0.10158295892054421,239.55015175466363,237.5237183331646,2.403707758266123,2.659960946909161,20.028096948237074,16.9038438446147,2.403707758266123,2.659960946909161,6.197654941373535,9.364548494983277,0.20834147930145264,0.09580737352371216,0.001,2.5
518,135.9490482451728,124.25551087242305,0.10218794977095857,0.10144078230678437,239.59836119583105,237.5558739601569,2.384896134211989,2.673489270800332,19.966764063491695,16.76283567804955,2.384896134211989,2.673489270800332,6.281407035175879,9.698996655518394,0.20732790231704712,0.09608793258666992,0.001,2.5
519,134.7477310410696,124.99054003559228,0.10204992365946922,0.10131886564070565,239.6235514629626,237.5576533697122,2.3705420298392648,2.666989668555882,19.769585508797036,16.929363263490607,2.3705420298392648,2.666989668555882,6.365159128978225,9.03010033444816,0.2175884246826172,0.1012197732925415,0.001,2.5
520,135.41721437284895,125.81229760415577,0.10210388817729263,0.10126040449808274,239.60976027803406,237.537304371097,2.3867516525626384,2.6466823477410153,19.85484534412173,17.154653421612487,2.3867516525626384,2.6466823477410153,6.113902847571189,9.698996655518394,0.22155410051345825,0.10661405324935913,0.001,2.5
521,137.09645578969065,124.48829977488438,0.10200949569842724,0.10137910535403319,239.58901798625288,237.52810189237562,2.425673408524275,2.6552934295756363,20.07395179147896,16.863998113268593,2.425673408524275,2.6552934295756363,6.113902847571189,9.03010033444816,0.1932375431060791,0.10582059621810913,0.001,2.5
522,137.11019703211696,125.2816638244833,0.1021028828730735,0.10130146001294305,239.5897557244229,237.53014667217548,2.4234800218936785,2.6601944982407484,20.08326041319063,17.007982534708386,2.4234800218936785,2.6601944982407484,6.281407035175879,9.364548494983277,0.1915763020515442,0.09744399785995483,0.001,2.5
523,135.77422635639132,123.9791329680478,0.10211213396072787,0.10144905078171887,239.58683135321792,237.52885819757265,2.420820889960182,2.659819079083344,19.8240429256829,16.748574036818283,2.420820889960182,2.659819079083344,6.365159128978225,9.698996655518394,0.19054442644119263,0.10378599166870117,0.001,2.5
524,136.42004092933743,124.2137019690064,0.10218293051324298,0.10153176436157131,239.59287976340033,237.5455104355828,2.431333045863626,2.660778180412624,19.92165353989082,16.7925907632579,2.431333045863626,2.660778180412624,6.197654941373535,9.698996655518394,0.19211411476135254,0.10155600309371948,0.001,2.5
525,135.43520693882826,124.40332388479176,0.10217950485609284,0.10164346842462801,239.6069945011107,237.54988878945443,2.4013012170392263,2.6599645024557974,19.81478013784642,16.832931786476568,2.4013012170392263,2.6599645024557974,6.030150753768844,9.698996655518394,0.20261389017105103,0.1028134822845459,0.001,2.5
526,136.0363833301231,124.80225635133061,0.10221394153945211,0.10146618851251825,239.60729269925474,237.55669022882265,2.399807976318564,2.662629790130666,19.939488569096703,16.904757285995228,2.399807976318564,2.662629790130666,6.197654941373535,9.364548494983277,0.23251694440841675,0.0973806381225586,0.001,2.5
527,136.94321966890115,123.93576246280735,0.10226188053437812,0.10151230212438067,239.6145386304488,237.55877047637634,2.407530014239364,2.647131716527269,20.097678416138717,16.777943218830835,2.407530014239364,2.647131716527269,6.197654941373535,9.364548494983277,0.19692426919937134,0.10426825284957886,0.001,2.5
528,136.02320953829204,124.78296556759838,0.10224335157691535,0.10146539897523994,239.61248493034836,237.5505419064525,2.406272797129262,2.662673667920473,19.917452088552505,16.90076820985928,2.406272797129262,2.662673667920473,6.197654941373535,9.03010033444816,0.20602548122406006,0.0959402322769165,0.001,2.5
529,136.7811610542949,125.00096849932719,0.10220649571374832,0.10165053379276524,239.60084559250518,237.5395265406988,2.416357641443735,2.6631699038987175,20.038797832214254,16.942847038192493,2.416357641443735,2.6631699038987175,6.365159128978225,9.364548494983277,0.19268780946731567,0.1010856032371521,0.001,2.5
530,136.06983449351247,124.47508719453843,0.10209007245461944,0.10139728516938296,239.5956827543888,237.5366196648333,2.4112540169976264,2.661952779444564,19.911867154503188,16.841371332123927,2.4112540169976264,2.661952779444564,6.030150753768844,9.698996655518394,0.20419394969940186,0.10529553890228271,0.001,2.5
531,137.40352951382073,124.18142855845167,0.10213901355887578,0.10147966157931548,239.59479066474952,237.53618762166204,2.466103329730393,2.6637143721947303,20.01404892300042,16.777339622727204,2.466103329730393,2.6637143721947303,6.197654941373535,9.03010033444816,0.18486738204956055,0.10706961154937744,0.001,2.5
532,137.34738537454524,124.46731536763168,0.10216221582749781,0.1014944398682253,239.59060346900517,237.53081846715614,2.4578122777156093,2.6626088077009324,20.027689983297634,16.837832218029828,2.4578122777156093,2.6626088077009324,6.281407035175879,9.698996655518394,0.17297637462615967,0.10364335775375366,0.001,2.5
533,135.1933527040721,124.23919277127371,0.10210623315081524,0.10166625262403169,239.58353077746315,237.52356875620558,2.3993653480331703,2.6695384197809227,19.77223635917932,16.771385486309345,2.3993653480331703,2.6695384197809227,6.197654941373535,9.364548494983277,0.20157265663146973,0.09969013929367065,0.001,2.5
534,137.08933637609434,123.71666097481514,0.1021783992747965,0.10138253404145257,239.57633987503436,237.5158863896909,2.4563936184798454,2.6617250099628667,19.980335411314588,16.690378067884158,2.4563936184798454,2.6617250099628667,6.197654941373535,9.698996655518394,0.1701650619506836,0.10626298189163208,0.001,2.5
535,136.5581503249892,124.40604594559176,0.10218876153480268,0.10128146347692579,239.5726994909034,237.51606245264162,2.4252144827115876,2.667649375953802,19.96763449178469,16.81050156430656,2.4252144827115876,2.667649375953802,6.197654941373535,9.364548494983277,0.1847236156463623,0.09936356544494629,0.001,2.5
536,136.24385157701758,125.22711661348374,0.10215446133310072,0.1014075053226589,239.57580050112216,237.5206016106749,2.396878216134843,2.655889599618306,19.989789614525673,17.009969806990096,2.396878216134843,2.655889599618306,6.197654941373535,9.364548494983277,0.18975502252578735,0.10402488708496094,0.001,2.5
537,137.02840562881138,124.35267605988875,0.10218148129419666,0.10138414202127169,239.5775712618676,237.52659657966333,2.442764257066813,2.661559250043786,20.009036560953163,16.818075384184667,2.442764257066813,2.661559250043786,6.281407035175879,9.698996655518394,0.19549798965454102,0.09755164384841919,0.001,2.5
538,136.81893220578806,124.9116292589883,0.10220636439882531,0.10155566108964359,239.59398074765102,237.54807998504128,2.424606117171858,2.651513676978274,20.02160781272492,16.959963061737774,2.424606117171858,2.651513676978274,6.281407035175879,9.364548494983277,0.18889755010604858,0.10490500926971436,0.001,2.5
539,135.78534923406502,125.30013384866874,0.10216469924204313,0.10155616287004987,239.6115499525214,237.55413792843007,2.38720144618496,2.6549821856827243,19.927110485096073,17.02725814895885,2.38720144618496,2.6549821856827243,6.365159128978225,9.698996655518394,0.2032637596130371,0.10692811012268066,0.001,2.5
540,136.2684795564942,125.93299442150919,0.10209915352676383,0.10143380557314607,239.60922936418748,237.54891253315085,2.3935185944415016,2.6593475110554774,20.004798342834167,17.140758744051624,2.3935185944415016,2.6593475110554774,6.365159128978225,9.698996655518394,0.20476001501083374,0.09633314609527588,0.001,2.5
541,136.35579963824657,124.88268703601034,0.1021591981801156,0.10151276572990577,239.60581392578942,237.5492567489777,2.4225968168408825,2.656659635811745,19.935016395658305,16.938746308801964,2.4225968168408825,2.656659635811745,6.281407035175879,9.698996655518394,0.19676202535629272,0.10104995965957642,0.001,2.5
542,136.6074888143108,124.76055596903414,0.10212790079951486,0.10142674130141535,239.61428562081238,237.56261747736596,2.461021984042834,2.6493607013919283,19.87008337918638,16.93623221917296,2.461021984042834,2.6493607013919283,6.365159128978225,9.698996655518394,0.1816815733909607,0.103221595287323,0.001,2.5
543,136.5108874910441,124.78210357359819,0.10222115452515221,0.1014893263279395,239.6191197432066,237.56186076390702,2.413194997027092,2.664557602891954,19.99422464418651,16.89493749612151,2.413194997027092,2.664557602891954,6.448911222780569,9.364548494983277,0.20036977529525757,0.09406036138534546,0.001,2.5
544,136.9591098191151,124.76961433129965,0.10207365986140729,0.10152026181137283,239.61900853551612,237.56002986231775,2.468772036346359,2.6704100501975887,19.917167350475115,16.874875550286028,2.468772036346359,2.6704100501975887,6.197654941373535,9.698996655518394,0.17863398790359497,0.09736871719360352,0.001,2.5
545,135.3392849767228,125.27149197887816,0.10215343602338628,0.10143577190346542,239.61717806868816,237.56100372008257,2.393180428238171,2.6646647381543316,19.81996117404957,16.992504719507735,2.393180428238171,2.6646647381543316,6.281407035175879,9.698996655518394,0.20699352025985718,0.09069442749023438,0.001,2.5
546,136.81360287562487,124.98765880367827,0.10207386688021959,0.10149835057581548,239.62100707905577,237.56538355390364,2.4441068304244,2.6625169176720456,19.96206146828094,16.942168392066574,2.4441068304244,2.6625169176720456,6.281407035175879,9.03010033444816,0.17379814386367798,0.09585994482040405,0.001,2.5
547,136.82606365772548,126.04197996515893,0.10206279394464876,0.10133938608460602,239.62523340579853,237.56952771853443,2.445938855958744,2.6564129858112655,19.959058119424025,17.171374317794342,2.445938855958744,2.6564129858112655,6.030150753768844,9.698996655518394,0.16877979040145874,0.1006578803062439,0.001,2.5
548,135.31596898473487,125.2327696631186,0.10206574210319887,0.1014007105675828,239.6281947354775,237.56919202517506,2.4160058374580626,2.6661307157880088,19.74683826772412,16.980368591869954,2.4160058374580626,2.6661307157880088,6.281407035175879,9.03010033444816,0.19231480360031128,0.0994105339050293,0.001,2.5
549,135.38578860284494,124.76457576687918,0.10206197395646192,0.10133865527983095,239.6280769846547,237.56870792860968,2.4399654657597116,2.6575028864436323,19.68892334533896,16.912625418060202,2.4399654657597116,2.6575028864436323,6.197654941373535,9.698996655518394,0.1833774447441101,0.1032453179359436,0.001,2.5
550,137.482715907009,124.66459574109336,0.10208237918727163,0.10142061789597955,239.62442172512138,237.5644654749229,2.4584736185057876,2.6647103765736455,20.052780867022285,16.870991435736716,2.4584736185057876,2.6647103765736455,6.281407035175879,9.364548494983277,0.1705074906349182,0.10367363691329956,0.001,2.5
551,135.29248085213666,124.73588592631363,0.10213396342555482,0.10144657883357044,239.62209027416543,237.56553170194593,2.4047741905928057,2.663459830459544,19.775822123490787,16.88899451673629,2.4047741905928057,2.663459830459544,6.197654941373535,9.364548494983277,0.20278406143188477,0.10255652666091919,0.001,2.5
552,135.46039495675808,125.10117906551297,0.10205102937804594,0.10153336414325995,239.62485390412348,237.56743256942084,2.4296074708302817,2.6648835482007285,19.734921351549414,16.957766325577445,2.4296074708302817,2.6648835482007285,6.281407035175879,9.364548494983277,0.18734592199325562,0.10127687454223633,0.001,2.5
553,135.52970275367724,124.59089630024887,0.102030046371559,0.10149259287178716,239.62563061993725,237.56574547809103,2.4033627414224137,2.662718412469462,19.827521277831828,16.862212471340012,2.4033627414224137,2.662718412469462,6.61641541038526,9.03010033444816,0.2032727599143982,0.10434246063232422,0.001,2.5
554,137.0786962972414,125.11964834972369,0.10207634054785797,0.10130811183647966,239.62239683013865,237.56309708305028,2.4073704383281407,2.66246395286509,20.125288645426433,16.968763561950478,2.4073704383281407,2.66246395286509,6.030150753768844,9.03010033444816,0.20000088214874268,0.10133785009384155,0.001,2.5
555,136.14803379384716,125.3377769750895,0.10215459121281976,0.10134258106301063,239.62124183948714,237.56251311541402,2.4301713064088295,2.657620743365591,19.87073782660454,17.026912510594396,2.4301713064088295,2.657620743365591,6.365159128978225,9.698996655518394,0.1870741844177246,0.09613502025604248,0.001,2.5
556,136.23188339565667,124.33335019114823,0.10205964928795544,0.10140903453563767,239.62057712369628,237.56061908632617,2.389470211025858,2.669164793945874,20.00962985500419,16.791381938002978,2.389470211025858,2.669164793945874,6.281407035175879,9.364548494983277,0.21015328168869019,0.09820413589477539,0.001,2.5
557,135.23225988135664,125.06205132015573,0.10211242762841971,0.10148388107484799,239.61973451649524,237.56265728290265,2.4093886488047076,2.664511438994902,19.74993964854996,16.951066313778675,2.4093886488047076,2.664511438994902,6.365159128978225,9.364548494983277,0.2018948793411255,0.09843546152114868,0.001,2.5
558,136.2738212700465,124.88249994998792,0.10206163331392024,0.10138776292868681,239.62081239530988,237.56278144555745,2.376940951874508,2.67110438809347,20.055604682296163,16.895395891323535,2.376940951874508,2.67110438809347,6.197654941373535,9.364548494983277,0.21688932180404663,0.0932435393333435,0.001,2.5
559,134.90399302829252,124.91988819339204,0.10201610437589674,0.10127347792470734,239.62029819712168,237.56038101859716,2.3799058783992852,2.6706887830459953,19.772753902416135,16.904143885226553,2.3799058783992852,2.6706887830459953,6.197654941373535,9.03010033444816,0.20890533924102783,0.09242838621139526,0.001,2.5
560,136.32576673753698,124.67552144232403,0.10202025880466155,0.10128102805403164,239.61865898911879,237.55884835233655,2.394672120236472,2.6597415452019426,20.012809184727757,16.888110903991905,2.394672120236472,2.6597415452019426,6.281407035175879,9.698996655518394,0.2005596160888672,0.0984339714050293,0.001,2.5
561,135.84778460785373,125.33239705267559,0.10200021771629851,0.10137075751421842,239.61714330829767,237.56007369944084,2.4289670849165925,2.6562148535929397,19.814332220821925,17.030048874309628,2.4289670849165925,2.6562148535929397,6.197654941373535,9.364548494983277,0.18177199363708496,0.09972745180130005,0.001,2.5
562,135.80677243333366,125.30175367884812,0.10209564193209611,0.10139715200582874,239.62003447821792,237.56345273021074,2.3952868200426725,2.660351105756983,19.907150364401353,17.011506102954264,2.3952868200426725,2.660351105756983,6.281407035175879,9.364548494983277,0.2121497392654419,0.10338759422302246,0.001,2.5
563,135.7597375610965,124.47317693703948,0.102074346687626,0.1014378088523313,239.62250060012792,237.5637731137483,2.410449117472024,2.6664658142970157,19.852260826021382,16.827437372111955,2.410449117472024,2.6664658142970157,6.448911222780569,9.698996655518394,0.20715665817260742,0.09870117902755737,0.001,2.5
564,135.19683669200495,124.74271237172411,0.10195993151596842,0.10124224997483768,239.62282722000302,237.564871899659,2.3748095295137697,2.6654661347634816,19.846622249788574,16.88438194810746,2.3748095295137697,2.6654661347634816,6.113902847571189,9.364548494983277,0.21073698997497559,0.09929585456848145,0.001,2.5
565,135.96193689956536,124.59302839706574,0.10202461308869884,0.10142024304954503,239.6236803064394,237.56559564596833,2.3743256971464684,2.658056908227927,20.001080207888606,16.876638278514644,2.3743256971464684,2.658056908227927,6.113902847571189,9.03010033444816,0.22588086128234863,0.09997248649597168,0.001,2.5
566,136.08441256678086,124.85575422714386,0.1020844369328002,0.10148783718363497,239.62465822357228,237.56658971269792,2.407630094132032,2.6508929434428645,19.925650911315202,16.950660833148255,2.407630094132032,2.6508929434428645,6.030150753768844,9.364548494983277,0.20198506116867065,0.10899227857589722,0.001,2.5
567,136.86624564677228,124.86108783734682,0.10217089008795756,0.10143784722655912,239.62620235168356,237.56847072843723,2.4059388330034674,2.666679253944984,20.087073481062948,16.904378769788455,2.4059388330034674,2.666679253944984,5.9463986599664995,9.03010033444816,0.19384843111038208,0.09987205266952515,0.001,2.5
568,136.0342302434209,124.3121615508727,0.10202290549549825,0.10126143360018332,239.6278404862038,237.5708032308215,2.4199988230988008,2.6666117559707283,19.878519042253096,16.794831444985892,2.4199988230988008,2.6666117559707283,6.197654941373535,9.03010033444816,0.18342041969299316,0.09808951616287231,0.001,2.5
569,135.51549804789735,124.37720196063702,0.10214471547447856,0.10146142629576367,239.6307737519793,237.57323800281537,2.3925478134922047,2.6727274851655483,19.857100973975918,16.789450782597264,2.3925478134922047,2.6727274851655483,6.197654941373535,9.03010033444816,0.20824211835861206,0.09479624032974243,0.001,2.5
570,136.92246825251746,124.60149278927807,0.1020174669710236,0.10147897258749773,239.63158499815157,237.57194534352791,2.4597631195681777,2.6647554616066924,19.936874974313096,16.85822190249644,2.4597631195681777,2.6647554616066924,6.281407035175879,9.364548494983277,0.16628801822662354,0.09728294610977173,0.001,2.5
571,135.52243422822937,124.85695829359584,0.10212479787605691,0.10129046009037407,239.62984682527218,237.57054347417824,2.4206076303319115,2.653030893077021,19.774312765354686,16.944527456991647,2.4206076303319115,2.653030893077021,6.197654941373535,9.364548494983277,0.18378520011901855,0.10178196430206299,0.001,2.5
572,136.17964489296253,124.86689732784411,0.10210014811063332,0.10138694082315151,239.62882479311435,237.5695779857827,2.412688936620102,2.6620104177341015,19.929516557473033,16.919557195044682,2.412688936620102,2.6620104177341015,6.448911222780569,9.698996655518394,0.2076493501663208,0.09868699312210083,0.001,2.5
573,136.3698459542177,124.76369205844841,0.10202815179000148,0.10134110427819766,239.62799522105973,237.56903953934992,2.4105886043216316,2.662386419781076,19.973872620855744,16.897795992950133,2.4105886043216316,2.662386419781076,6.197654941373535,9.364548494983277,0.19004368782043457,0.09846901893615723,0.001,2.5
574,135.53448118276933,124.2934991842927,0.10197191810238501,0.10142648593837202,239.62808825622253,237.56950602962021,2.4250653273296514,2.6612563890756973,19.763380504333394,16.807131451507875,2.4250653273296514,2.6612563890756973,6.281407035175879,9.364548494983277,0.17574703693389893,0.09663259983062744,0.001,2.5
575,136.0298120699935,124.49460589048456,0.10201962568003128,0.10142341836738746,239.6280620836932,237.56945581340472,2.389466410306231,2.665044684075193,19.969233514475864,16.835989253576784,2.389466410306231,2.665044684075193,6.448911222780569,9.364548494983277,0.19617414474487305,0.10064363479614258,0.001,2.5
576,135.46745315628436,124.5073932150136,0.1021539312436353,0.10137793180037502,239.6286235151179,237.57016879180603,2.4287093160939177,2.6722885039339097,19.73900579327914,16.81682360212141,2.4287093160939177,2.6722885039339097,6.113902847571189,9.364548494983277,0.186440110206604,0.09495222568511963,0.001,2.5
577,136.53543213504042,125.24147982900358,0.10205306047870086,0.10131136103716981,239.6290618538657,237.57011015518853,2.4344738176719627,2.663991883446939,19.935329114572088,16.988543870855732,2.4344738176719627,2.663991883446939,6.197654941373535,9.364548494983277,0.18969380855560303,0.09398633241653442,0.001,2.5
578,135.89577255376818,125.0659950281864,0.10208085562465978,0.10137361704206786,239.62867759819605,237.5698222795059,2.4010757229835344,2.6652203993653774,19.907585243084522,16.949749343770005,2.4010757229835344,2.6652203993653774,6.197654941373535,9.698996655518394,0.2058209776878357,0.08875864744186401,0.001,2.5
579,136.67284683406453,125.66846792673985,0.10208290331128055,0.10139205747822853,239.6285647547225,237.57005116134184,2.4126958088259802,2.6572732470904703,20.028139536105208,17.09408198710668,2.4126958088259802,2.6572732470904703,6.448911222780569,9.364548494983277,0.1949954628944397,0.09794831275939941,0.001,2.5
580,135.11181910273618,125.16712500020414,0.10209533690757289,0.10144896551119444,239.62875284421784,237.5703149495715,2.394329267929946,2.655255018668031,19.771031180019154,16.999855832511365,2.394329267929946,2.655255018668031,6.281407035175879,9.364548494983277,0.2038593292236328,0.10040926933288574,0.001,2.5
581,136.00638093421207,125.48345546658621,0.10201779257512372,0.10134268783805363,239.62934083155852,237.57120649152776,2.4435476737605466,2.6561009796168094,19.802303595359202,17.060605339382004,2.4435476737605466,2.6561009796168094,6.197654941373535,9.03010033444816,0.17637598514556885,0.1045447587966919,0.001,2.5
582,134.76686502581265,124.94572065984924,0.10205785875244557,0.10146427732646265,239.63013973268033,237.57146594197454,2.3714970575904526,2.6540658386255984,19.77054493071845,16.959139208331155,2.3714970575904526,2.6540658386255984,6.448911222780569,9.698996655518394,0.21228432655334473,0.10487765073776245,0.001,2.5
583,135.90377056179335,124.63096741130919,0.10205426513899112,0.10139844240153513,239.6302461608171,237.5714202166401,2.401412581678611,2.6637329752229926,19.908179770362636,16.8672004559367,2.401412581678611,2.6637329752229926,6.197654941373535,9.03010033444816,0.2082691788673401,0.09838449954986572,0.001,2.5
584,135.9726339368964,124.8587368866273,0.10208682573620398,0.10150569159051646,239.6302083077742,237.57157265143252,2.378519372524728,2.6608015390542836,19.99062535271573,16.921527301188696,2.378519372524728,2.6608015390542836,6.113902847571189,9.698996655518394,0.22659891843795776,0.0943259596824646,0.001,2.5
585,135.25830108795932,124.37456622171561,0.10219065906164834,0.10145973284607349,239.6304883589497,237.57172957710597,2.3826536333540975,2.661582847104025,19.83533516441358,16.822358644925632,2.3826536333540975,2.661582847104025,6.113902847571189,9.698996655518394,0.2125183343887329,0.09786480665206909,0.001,2.5
586,135.23868426605685,124.58065984719573,0.10206047174718912,0.10130563301087223,239.6302813812716,237.57144843774495,2.366463374851936,2.6643559685518907,19.880008039362668,16.85528759653353,2.366463374851936,2.6643559685518907,6.448911222780569,9.364548494983277,0.23206591606140137,0.09931069612503052,0.001,2.5
587,135.39688325048093,124.52687690250052,0.10211391569781343,0.10135609688966171,239.63012927900408,237.57165108875287,2.397139482562067,2.65425951983219,19.819609142028707,16.87481172746639,2.397139482562067,2.65425951983219,6.197654941373535,9.364548494983277,0.20604437589645386,0.09899252653121948,0.001,2.5
588,135.09829241626426,124.56445138988687,0.10211419119457503,0.10134670826104972,239.63126055080087,237.57326862245898,2.3889322109158515,2.667827229834719,19.78451290482053,16.841625392237635,2.3889322109158515,2.667827229834719,6.197654941373535,9.364548494983277,0.206676185131073,0.09296029806137085,0.001,2.5
589,135.5185711986855,124.9718466921395,0.10211980300432873,0.10137882033817744,239.63202438482287,237.57336885075904,2.4296176741071283,2.6554932402926545,19.746510855516597,16.960098745033495,2.4296176741071283,2.6554932402926545,6.448911222780569,9.364548494983277,0.17938989400863647,0.09958815574645996,0.001,2.5
590,137.11422739715832,123.96045626126804,0.10205470698213258,0.10141362040537256,239.6323481931958,237.57448723324165,2.4139388494156115,2.6530704920905888,20.112691425598246,16.76508124616234,2.4139388494156115,2.6530704920905888,6.197654941373535,9.364548494983277,0.1947370171546936,0.1029360294342041,0.001,2.5
591,134.4671901530357,124.37367223018786,0.10203630157701135,0.10145778241364853,239.63338982919154,237.5745918503573,2.3832552892279186,2.6643769166940032,19.67533862371141,16.813797405332227,2.3832552892279186,2.6643769166940032,6.532663316582915,9.698996655518394,0.20345360040664673,0.09302783012390137,0.001,2.5
592,135.0835488221953,124.91833307272614,0.10203099572778347,0.1013162316237405,239.63339184836127,237.57470524510413,2.383735993000331,2.658227761054916,19.797169600699217,16.941204836536013,2.383735993000331,2.658227761054916,6.448911222780569,9.03010033444816,0.20800316333770752,0.1002962589263916,0.001,2.5
593,135.54776512158776,124.66478435809796,0.1020645965109119,0.10150555862630889,239.63357832763262,237.5748513008041,2.400593904594281,2.6618196493805852,19.839431206784656,16.87968244520717,2.400593904594281,2.6618196493805852,6.197654941373535,9.364548494983277,0.21316051483154297,0.09846091270446777,0.001,2.5
594,134.21000587041652,124.54454920842097,0.10199240352989641,0.10152373480358251,239.63349004646443,237.57469437513063,2.3855159126933496,2.661897112294583,19.617128158134832,16.85539918599719,2.3855159126933496,2.661897112294583,6.197654941373535,9.03010033444816,0.21502304077148438,0.09943515062332153,0.001,2.5
595,137.258619988983,123.51654080802382,0.1020892519547512,0.10128625848620233,239.63348823176756,237.5747989922463,2.4008868096062486,2.6660880436466687,20.180718576888143,16.637272046959918,2.4008868096062486,2.6660880436466687,6.197654941373535,9.03010033444816,0.20545369386672974,0.10103970766067505,0.001,2.5
596,135.53160989783717,124.21520608244931,0.10204949585636656,0.10137681772676997,239.63348984199152,237.57510416802754,2.422150609880636,2.650677787819036,19.77153337501002,16.823217187836818,2.422150609880636,2.650677787819036,6.281407035175879,9.698996655518394,0.20011144876480103,0.10357987880706787,0.001,2.5
597,137.781506613471,123.89892858805067,0.10212468026421177,0.10134638113321667,239.63358742667603,237.5751129456587,2.454645481141568,2.6782792475709947,20.124013530149732,16.677163956556033,2.454645481141568,2.6782792475709947,6.197654941373535,9.03010033444816,0.18735623359680176,0.09638309478759766,0.001,2.5
598,134.22397921512675,124.28490986393447,0.10213948428081707,0.10149854384238106,239.6335104170756,237.57473137386665,2.4490515498859398,2.6561906887934756,19.429286937617775,16.820595629637854,2.4490515498859398,2.6561906887934756,6.448911222780569,9.03010033444816,0.17698156833648682,0.0974278450012207,0.001,2.5
599,135.92428627205854,124.31792659185403,0.10205391694602854,0.10120152420423502,239.63405398268196,237.57574937495102,2.4017000457948976,2.6673918727249606,19.911419339715138,16.793653494538272,2.4017000457948976,2.6673918727249606,6.365159128978225,9.03010033444816,0.18860125541687012,0.10299664735794067,0.001,2.5
600,136.173689543502,123.84917036585983,0.10212987459185136,0.10123071739805184,239.6347282575802,237.5761068592901,2.4196746816587207,2.6736618164789716,19.907360568917177,16.68108690701998,2.4196746816587207,2.6736618164789716,6.365159128978225,9.698996655518394,0.18937134742736816,0.09625762701034546,0.001,2.5
601,136.5414813375553,124.14125089103163,0.10206728590842667,0.10143654972912874,239.6348942128857,237.57618754205097,2.4398921825977626,2.679898097762296,19.920279069961214,16.720752505554405,2.4398921825977626,2.679898097762296,6.365159128978225,9.364548494983277,0.18014991283416748,0.09057140350341797,0.001,2.5
602,135.59986879997317,124.82311766761602,0.10203580424763649,0.10148936353100582,239.63528905002715,237.57729500352738,2.430923578527505,2.6700400803798816,19.758869238235242,16.886689399795788,2.430923578527505,2.6700400803798816,6.365159128978225,9.698996655518394,0.18495213985443115,0.0946241021156311,0.001,2.5
603,134.3379170020022,124.13822176623903,0.10208139987896435,0.10139429317569254,239.63637528667098,237.5777810903696,2.4017373746763324,2.675317142320716,19.594027865871514,16.733897556828015,2.4017373746763324,2.675317142320716,6.281407035175879,9.03010033444816,0.20929056406021118,0.0953207015991211,0.001,2.5
604,135.54969478332418,124.51783104325617,0.10203748241291573,0.10137990221730044,239.63663223241042,237.57800134767257,2.3961105123037467,2.6699195857032088,19.85327206264988,16.826015325692985,2.3961105123037467,2.6699195857032088,6.365159128978225,9.364548494983277,0.2013360857963562,0.09687060117721558,0.001,2.5
605,135.9668951753396,124.02622835293263,0.10210426130536414,0.10148518816583531,239.63674333786446,237.5778181911711,2.3887819117637137,2.671711379469039,19.95868543564175,16.72229898255007,2.3887819117637137,2.671711379469039,6.113902847571189,9.364548494983277,0.19210052490234375,0.10106629133224487,0.001,2.5
606,135.08443132716806,125.16452574969135,0.10202426264933007,0.10147706571231319,239.63656281386588,237.5777221985884,2.3966935815124257,2.673535132487881,19.758473279687827,16.944488149024174,2.3966935815124257,2.673535132487881,6.532663316582915,9.364548494983277,0.21868205070495605,0.09168899059295654,0.001,2.5
607,136.62683956587134,125.24564272264972,0.10206782166382775,0.10135406332968869,239.63653633462724,237.5777810903696,2.408177379387707,2.671119878922019,20.03249475744302,16.967982786554956,2.408177379387707,2.671119878922019,6.365159128978225,9.03010033444816,0.19664031267166138,0.09096765518188477,0.001,2.5
608,135.3026525858459,125.04278503213838,0.1020618201400367,0.10124576572690122,239.63666798960622,237.57787927736007,2.3862956912074256,2.6806305236242287,19.833303755052526,16.898900226605775,2.3862956912074256,2.6806305236242287,6.113902847571189,9.03010033444816,0.19115197658538818,0.08706831932067871,0.001,2.5
609,136.11940920013478,124.76616740147007,0.10206838028265204,0.10134171863961777,239.63672363179015,237.57785743534765,2.3970159953163694,2.666826740156448,19.964492286669348,16.884969915434667,2.3970159953163694,2.666826740156448,6.030150753768844,9.364548494983277,0.213911771774292,0.09255659580230713,0.001,2.5
610,136.3045098386218,125.11322194995688,0.10213658395823921,0.10138547178793911,239.63688600882014,237.5778966795242,2.4426014335510917,2.6731719205212037,19.86474326946827,16.935337162336776,2.4426014335510917,2.6731719205212037,6.113902847571189,9.364548494983277,0.1792663335800171,0.0920209288597107,0.001,2.5
611,135.62474175074593,124.6183586503351,0.1020307437184468,0.10122960409691502,239.637026635047,237.57835439216333,2.398557180735334,2.678139938558623,19.860943169649723,16.82148990184567,2.398557180735334,2.678139938558623,6.365159128978225,9.698996655518394,0.18159139156341553,0.09589755535125732,0.001,2.5
612,134.5954395594509,124.0497828199712,0.10210208123053738,0.10138812327265341,239.63762103772444,237.5790520097101,2.3869326206507595,2.670602066461059,19.68994155002,16.730357575177347,2.3869326206507595,2.670602066461059,6.448911222780569,9.03010033444816,0.19640952348709106,0.09522587060928345,0.001,2.5
613,135.8600780161182,124.6537638380376,0.10208465770461052,0.10140864526149022,239.6383042327523,237.5796557270165,2.435751851479612,2.68085083594689,19.796415284251047,16.820402623817674,2.435751851479612,2.68085083594689,6.532663316582915,9.698996655518394,0.20125770568847656,0.09494239091873169,0.001,2.5
614,135.10344906907585,124.75884616813532,0.10209354593526179,0.10149908362324023,239.63861158105797,237.579679712404,2.4150337130580115,2.6645047736407124,19.707241972087814,16.890439553404335,2.4150337130580115,2.6645047736407124,6.113902847571189,9.03010033444816,0.19713091850280762,0.09999233484268188,0.001,2.5
615,134.6451993651526,124.32562077244788,0.1020529560582522,0.10138969723895241,239.63823509535797,237.57903016769765,2.3574930826822915,2.6649629559405272,19.78822270110624,16.80244086657878,2.3574930826822915,2.6649629559405272,6.197654941373535,9.364548494983277,0.21405750513076782,0.1013982892036438,0.001,2.5
616,135.72367097225222,125.14673800771452,0.10207614512299773,0.10140708171105305,239.63788989400945,237.57865956794458,2.4207819246966236,2.6686311709043573,19.814045313415015,16.95565662575406,2.4207819246966236,2.6686311709043573,6.365159128978225,9.364548494983277,0.20489811897277832,0.09792649745941162,0.001,2.5
617,135.0712960401372,125.71254487819097,0.10205323945487564,0.10124029254036204,239.63786648186408,237.57914994153688,2.4371131498809637,2.6734670835195176,19.634581311863272,17.054343851912382,2.4371131498809637,2.6734670835195176,6.448911222780569,9.03010033444816,0.18433594703674316,0.09383535385131836,0.001,2.5
618,135.91145838445155,124.99931672265298,0.10212945194300295,0.10140507528714113,239.63769457128578,237.57841313084631,2.4162538478921607,2.665677104107911,19.865176001186146,16.935035418507248,2.4162538478921607,2.665677104107911,6.448911222780569,10.033444816053512,0.19126087427139282,0.09523814916610718,0.001,2.5
619,135.3138092143252,124.03009354709383,0.10202453618672624,0.10136720278988713,239.63730285235584,237.57836730344638,2.4109649394624797,2.6635829397667212,19.761534941655707,16.747481075018943,2.4109649394624797,2.6635829397667212,6.197654941373535,9.364548494983277,0.189336359500885,0.09740990400314331,0.001,2.5
620,135.1305636560897,124.27006058708879,0.10214268326310057,0.10144788415535637,239.63760876935132,237.57871167237144,2.3907382771797114,2.669939268392863,19.785541959344044,16.776388844518756,2.3907382771797114,2.669939268392863,6.365159128978225,9.03010033444816,0.20922881364822388,0.09850305318832397,0.001,2.5
621,135.13003133649204,124.31178388308521,0.10206591971904988,0.1012905569230035,239.63771990036446,237.57886859804492,2.400265806284382,2.6717697952104653,19.756867879998545,16.77927347010992,2.400265806284382,2.6717697952104653,6.281407035175879,9.364548494983277,0.20971381664276123,0.09443354606628418,0.001,2.5
622,135.53977089631098,124.21212834897248,0.10213249744582216,0.10132691441072668,239.63778775980325,237.57885558469638,2.41111083366164,2.668998093908048,19.80626727668085,16.767650623385325,2.41111083366164,2.668998093908048,6.281407035175879,9.364548494983277,0.207697331905365,0.09766119718551636,0.001,2.5
623,136.45335723007943,123.34726911563938,0.1020253002893186,0.10125821811399333,239.6380389547428,237.57919556480587,2.409700251903566,2.6608098119397625,19.9932385577229,16.619256198206873,2.409700251903566,2.6608098119397625,6.113902847571189,9.03010033444816,0.19559907913208008,0.10260725021362305,0.001,2.5
624,134.95829177421942,123.64470575645217,0.10209849681486836,0.1015069909817399,239.63814868000483,237.5791433072808,2.372186241038081,2.671505108326175,19.80675232470335,16.64660858230846,2.372186241038081,2.671505108326175,6.281407035175879,9.03010033444816,0.21105027198791504,0.10178327560424805,0.001,2.5
625,134.83069772896056,123.76784073947664,0.1021075156615607,0.10132078554817665,239.63814361930093,237.57919556480587,2.3570242387365856,2.6644303399982263,19.826717894280975,16.69249696635881,2.3570242387365856,2.6644303399982263,6.365159128978225,9.698996655518394,0.22733783721923828,0.10241878032684326,0.001,2.5
626,135.02450224143178,124.51066977204287,0.10209319553333311,0.10132093573095009,239.63799961927148,237.5790778322762,2.4381676211429,2.6641942521800166,19.62205162240033,16.841771294839408,2.4381676211429,2.6641942521800166,6.448911222780569,9.364548494983277,0.182917058467865,0.09526747465133667,0.001,2.5
627,134.98847151201974,124.35971477597852,0.10208822327542744,0.10144726304106888,239.63827555543014,237.5799498286933,2.3809746757424257,2.67346692802914,19.786425592112582,16.78373676797618,2.3809746757424257,2.67346692802914,6.197654941373535,9.364548494983277,0.2062464952468872,0.09507006406784058,0.001,2.5
628,135.9572962213002,124.09446560658739,0.10207658422053159,0.10133177238862251,239.63925832879403,237.58056242569634,2.416185753629036,2.6699951899091534,19.874558661251612,16.741124896301475,2.416185753629036,2.6699951899091534,6.113902847571189,9.364548494983277,0.18566161394119263,0.09824341535568237,0.001,2.5
629,135.41360151588017,123.56371830458625,0.10204718980807156,0.10123251989035303,239.63935090389285,237.58056232363086,2.3736715145047187,2.6724262939248993,19.893368176279754,16.62770134788692,2.3736715145047187,2.6724262939248993,6.030150753768844,9.03010033444816,0.2134542465209961,0.09927064180374146,0.001,2.5
630,136.89536087317282,124.59643848125751,0.10203889301873531,0.10141742089919023,239.63969743431514,237.58020917707464,2.4317004992135205,2.6710001409651842,20.015634616615383,16.838487688912995,2.4317004992135205,2.6710001409651842,6.281407035175879,9.364548494983277,0.20252668857574463,0.09495067596435547,0.001,2.5
631,134.96359534079906,125.27681984789794,0.1020558461596818,0.1012490435089156,239.63911374090506,237.5800914955777,2.3836843895552744,2.6688284259974755,19.773326608603522,16.98111321694875,2.3836843895552744,2.6688284259974755,6.197654941373535,9.364548494983277,0.20847952365875244,0.09913849830627441,0.001,2.5
632,135.73630310263067,125.06335765621733,0.10208159163469445,0.10138786666369358,239.63928634157932,237.58039886576674,2.414510830762598,2.67334474209559,19.835383918417158,16.924843414970066,2.414510830762598,2.67334474209559,6.532663316582915,9.364548494983277,0.19287776947021484,0.09344196319580078,0.001,2.5
633,135.81240085620976,124.39604248251005,0.10201393770462704,0.10149955410622434,239.63948659721132,237.5803858524182,2.4050802369812625,2.6655242634457488,19.878908256390186,16.81481978885306,2.4050802369812625,2.6655242634457488,6.448911222780569,9.03010033444816,0.21179068088531494,0.10041970014572144,0.001,2.5
634,135.23508398417053,124.51800256429308,0.10210680375047265,0.10133229250891951,239.63981472507393,237.5811880360479,2.426499540082973,2.678666565330531,19.699169126986657,16.799817209658414,2.426499540082973,2.678666565330531,6.365159128978225,9.364548494983277,0.1936807632446289,0.0929415225982666,0.001,2.5
635,133.83693555771205,123.9129128854809,0.10208722036737493,0.10150698011734813,239.64021454624196,237.581351493912,2.3668327319562135,2.6715517418839063,19.598543039318706,16.700108882176835,2.3668327319562135,2.6715517418839063,6.197654941373535,9.364548494983277,0.22839808464050293,0.09239190816879272,0.001,2.5
636,134.9799205326355,124.76596518424044,0.10207110778171213,0.10148859614612267,239.64042796481596,237.58146917540893,2.379931733835882,2.6692644242060224,19.787847116364905,16.877586294576076,2.379931733835882,2.6692644242060224,6.365159128978225,9.364548494983277,0.21792948246002197,0.09274804592132568,0.001,2.5
637,135.7347774537564,124.46808261935129,0.1020867098466036,0.10135553194128949,239.6405628402429,237.58173735245416,2.4341116674381684,2.6759453250412957,19.776274931890082,16.797992266141453,2.4341116674381684,2.6759453250412957,6.197654941373535,9.03010033444816,0.1895458698272705,0.09080696105957031,0.001,2.5
638,134.70551707716643,123.87747932357533,0.10195391856046578,0.10140218775108906,239.6409245272178,237.5819292865868,2.3916400732906222,2.669884131504939,19.69786366665583,16.698045877309944,2.3916400732906222,2.669884131504939,6.365159128978225,9.364548494983277,0.20048117637634277,0.09830212593078613,0.001,2.5
639,135.86686328268132,123.96306431492835,0.10210970311208786,0.1013639053722289,239.6410437349099,237.58306935798365,2.4195700786021885,2.66742040720273,19.846311297648317,16.722562477341462,2.4195700786021885,2.66742040720273,6.365159128978225,9.364548494983277,0.1884106993675232,0.09627014398574829,0.001,2.5
640,135.1370072612411,124.268086768313,0.10196754463653468,0.10148294409581252,239.64212762011556,237.58304108584605,2.3808255674851,2.676304389800515,19.816602906589733,16.756891473878586,2.3808255674851,2.676304389800515,6.197654941373535,9.698996655518394,0.21548855304718018,0.09200423955917358,0.001,2.5
641,134.34386233229134,123.58964538574219,0.10206304063749073,0.10129604007687457,239.64201314085892,237.58278592214936,2.3738997959012362,2.670172199357712,19.678731796929185,16.639637337879194,2.3738997959012362,2.670172199357712,6.365159128978225,9.03010033444816,0.21166390180587769,0.09573870897293091,0.001,2.5
642,135.2191085176452,122.51837081654016,0.10206508019960905,0.10127316011632964,239.6413516710751,237.58184845072768,2.392688961684005,2.6752456231260777,19.797413527266663,16.410166061044137,2.392688961684005,2.6752456231260777,6.448911222780569,9.03010033444816,0.20036190748214722,0.10132420063018799,0.001,2.5
643,135.75498962402344,124.45916783769792,0.10202842331811211,0.10130470599916866,239.6408679649059,237.5819334712714,2.4072031291884994,2.667745769621935,19.86105473516774,16.820819554918984,2.4072031291884994,2.667745769621935,6.365159128978225,9.698996655518394,0.20121479034423828,0.09398841857910156,0.001,2.5
644,135.79480397082253,124.83995125046542,0.10205859533656182,0.10150263109633754,239.64086783711036,237.5818506451355,2.431118823775095,2.6687061603252706,19.797264428194644,16.89405450214909,2.431118823775095,2.6687061603252706,6.365159128978225,9.698996655518394,0.19984692335128784,0.09256792068481445,0.001,2.5
645,135.3993667781453,125.12289586912429,0.1020364681355518,0.10146885208262249,239.64080979237005,237.58147565656682,2.411689337773539,2.664413538266185,19.776470192313393,16.963529644203824,2.411689337773539,2.664413538266185,6.197654941373535,9.03010033444816,0.1903018355369568,0.09086018800735474,0.001,2.5
646,135.03295839651545,125.14082216498844,0.10209769813010042,0.10135916797413076,239.64050717249987,237.5815868058731,2.360874239124445,2.6704636959726593,19.85562165737951,16.948985390041184,2.360874239124445,2.6704636959726593,6.113902847571189,9.364548494983277,0.2117229700088501,0.08813726902008057,0.001,2.5
647,136.09988868496126,124.49546201571971,0.10207266635082075,0.1013938136224364,239.64051384342775,237.58163258224027,2.3951359949319606,2.6634541737993427,19.96622690363745,16.840934568424288,2.3951359949319606,2.6634541737993427,6.448911222780569,9.364548494983277,0.20562267303466797,0.09661388397216797,0.001,2.5
648,135.55500941699873,124.98592009273261,0.10209047684517737,0.10125466471033351,239.64050154949553,237.58157159811677,2.3912132009988656,2.6613282750681493,19.869016493984205,16.945432892611194,2.3912132009988656,2.6613282750681493,6.030150753768844,9.364548494983277,0.21883624792099,0.09665292501449585,0.001,2.5
649,135.4645710342893,124.90689885576433,0.1020245667004106,0.10135328540435204,239.64057431628356,237.58167182641682,2.398898413632583,2.6590114046498683,19.827885597395138,16.936557597539895,2.398898413632583,2.6590114046498683,6.281407035175879,9.03010033444816,0.20275968313217163,0.09815913438796997,0.001,2.5
650,135.3792866206848,124.52211024051526,0.10205318942241733,0.10146696118008731,239.6405991086209,237.58212535437133,2.436659071713037,2.6747117186071083,19.697541123458887,16.812477022509114,2.436659071713037,2.6747117186071083,6.365159128978225,9.698996655518394,0.19789034128189087,0.08737915754318237,0.001,2.5
651,134.77849319432448,125.4843993936494,0.10201865210005985,0.10128417386857164,239.64108146015724,237.58213617331208,2.3978024523461885,2.6695817712956047,19.69395965946779,17.020361291126264,2.3978024523461885,2.6695817712956047,6.281407035175879,9.03010033444816,0.19353479146957397,0.08915424346923828,0.001,2.5
652,136.61404789552418,124.49182925016984,0.10203310471633371,0.10134221401601332,239.6411516710342,237.58234106976053,2.3822744459762446,2.659877407112249,20.107651047570823,16.850948493217544,2.3822744459762446,2.659877407112249,6.281407035175879,9.364548494983277,0.19502294063568115,0.09810209274291992,0.001,2.5
653,134.47420446756897,123.86758364163913,0.10207757210262257,0.10131072808667568,239.64133515988962,237.5824435435011,2.427286102144762,2.6706355503171584,19.544638373344586,16.69383224436272,2.427286102144762,2.6706355503171584,6.113902847571189,9.364548494983277,0.1962498426437378,0.08858108520507812,0.001,2.5
654,135.28782653808594,124.24489835911372,0.10210287045543917,0.10132988791501642,239.64146121742337,237.58245007569175,2.4173528249539324,2.664348137418562,19.737157965425272,16.788152401263897,2.4173528249539324,2.664348137418562,6.281407035175879,9.03010033444816,0.18136334419250488,0.09874528646469116,0.001,2.5
655,135.09224257477163,124.85451395296333,0.10206153836581774,0.10139743724594945,239.64127941546928,237.5822690115326,2.3883384104749465,2.6725677303645923,19.78509267171224,16.885404063706414,2.3883384104749465,2.6725677303645923,6.197654941373535,9.03010033444816,0.20635300874710083,0.088844895362854,0.001,2.5
656,136.61867649710956,124.13163298029565,0.10201499996772363,0.10117731193535304,239.64102321094404,237.5817241860074,2.4203895919486706,2.6716870591791975,19.99423534067432,16.743513285914393,2.4203895919486706,2.6716870591791975,6.030150753768844,9.03010033444816,0.194011390209198,0.09190613031387329,0.001,2.5
657,134.9083726841401,124.70363660321188,0.10209435833558765,0.10131663118915812,239.64071287222245,237.58180915551839,2.4051385508909497,2.6730206164229275,19.697911717783864,16.8538857909748,2.4051385508909497,2.6730206164229275,6.448911222780569,9.364548494983277,0.1911405324935913,0.09596389532089233,0.001,2.5
658,136.19526756708348,124.90648031075264,0.1020793081752619,0.10132474875868762,239.64077735785864,237.58221461063243,2.406127142546764,2.6736345905125343,19.952328354469696,16.892611130424168,2.406127142546764,2.6736345905125343,6.197654941373535,9.698996655518394,0.19600051641464233,0.09433269500732422,0.001,2.5
659,134.85517581703274,124.81034289714086,0.10213281131868986,0.1013932666152616,239.6411329873243,237.58225610024954,2.387783356847076,2.6687576531566504,19.73933025340938,16.888001107053213,2.387783356847076,2.6687576531566504,6.113902847571189,9.364548494983277,0.19627386331558228,0.1012723445892334,0.001,2.5
660,134.96640464488786,124.28520409319313,0.1021128551569616,0.1013823496707307,239.6412140352642,237.5822495680589,2.403200711437206,2.6629824526732584,19.715327609523857,16.80030057262816,2.403200711437206,2.6629824526732584,6.281407035175879,9.364548494983277,0.20164525508880615,0.09892421960830688,0.001,2.5
661,134.52473286128722,123.24172953219717,0.10206930828553748,0.10144833166364045,239.6412190448499,237.58188769490422,2.370505914416545,2.6602103678279096,19.725086697781304,16.59990904881404,2.370505914416545,2.6602103678279096,6.113902847571189,9.03010033444816,0.22090667486190796,0.10316848754882812,0.001,2.5
662,134.97247669724763,123.23825364128801,0.10205568566643812,0.10122646015124975,239.64126783719215,237.582657166548,2.4301470052856495,2.6610528250601777,19.635715027750038,16.596729859061863,2.4301470052856495,2.6610528250601777,6.365159128978225,9.364548494983277,0.20119434595108032,0.10784363746643066,0.001,2.5
663,133.67342395878316,123.05573134916682,0.10208041926025346,0.10134235061829704,239.64173331971543,237.58306262166204,2.409908875748141,2.667600760093102,19.43661333208707,16.54055939549985,2.409908875748141,2.667600760093102,6.281407035175879,9.03010033444816,0.19610804319381714,0.09894132614135742,0.001,2.5
664,134.85383345254104,124.61378499417002,0.10204217304636286,0.10145907968681393,239.6420385466149,237.58304731184026,2.3984794932194493,2.667595967002537,19.70699147363404,16.852160807836015,2.3984794932194493,2.667595967002537,6.365159128978225,9.698996655518394,0.20525628328323364,0.0905306339263916,0.001,2.5
665,135.37284920083817,123.97355294626293,0.1020620516821168,0.10142360617683882,239.64202027185078,237.58308211616847,2.3670429995710927,2.678024401234145,19.905100207432632,16.69283541548611,2.3670429995710927,2.678024401234145,6.113902847571189,9.364548494983277,0.22242319583892822,0.0877951979637146,0.001,2.5
666,135.56430766810124,124.00205570080607,0.1020686250161286,0.10128326479806549,239.6419385082558,237.5828206244121,2.4216183909219713,2.6608983234418275,19.779663724915267,16.749943379175704,2.4216183909219713,2.6608983234418275,6.197654941373535,9.364548494983277,0.1904970407485962,0.0965118408203125,0.001,2.5
667,134.73237760662033,123.95040957345611,0.10203312850327947,0.10150836462958601,239.64184539641568,237.5828664007793,2.3760689075668053,2.665920755137568,19.749934028740505,16.72450213607737,2.3760689075668053,2.665920755137568,6.113902847571189,9.698996655518394,0.21784371137619019,0.09237343072891235,0.001,2.5
668,133.68532847239942,124.19084088379722,0.10205725186084783,0.10155458900342418,239.64220225271868,237.5833829541669,2.333209892014163,2.6685793144647096,19.669095715086662,16.76460223373362,2.333209892014163,2.6685793144647096,6.113902847571189,9.364548494983277,0.22295671701431274,0.09919911623001099,0.001,2.5
669,136.13366678771462,123.51374676554498,0.10211750072500414,0.10135338751966738,239.64232958820796,237.58321944527003,2.424487080406304,2.6590369497254542,19.884919612251934,16.65785156683778,2.424487080406304,2.6590369497254542,6.448911222780569,9.698996655518394,0.1903018355369568,0.1003454327583313,0.001,2.5
670,135.45952034955047,124.20844975602267,0.10213349622298325,0.10143813892052723,239.64222832301155,237.58313447575904,2.407530962721986,2.656489548475846,19.800956208502228,16.80441700096513,2.407530962721986,2.656489548475846,6.281407035175879,9.698996655518394,0.19704115390777588,0.103146493434906,0.001,2.5
671,134.2216027034587,123.74684372713733,0.10212084310288405,0.10126765067362067,239.64251277035405,237.58345491032935,2.3593790415343725,2.658685937773025,19.697830238533978,16.705540271108365,2.3593790415343725,2.658685937773025,6.113902847571189,9.364548494983277,0.22995322942733765,0.10421121120452881,0.001,2.5
672,134.71885509906303,123.69785362422267,0.1020053808688119,0.10139834693941384,239.64224460416503,237.5829818878684,2.4055630407940405,2.661754136101458,19.658751824792706,16.68651200616639,2.4055630407940405,2.661754136101458,6.532663316582915,9.698996655518394,0.20398205518722534,0.10724455118179321,0.001,2.5
673,135.10094391840386,124.09142129955484,0.10205445323807111,0.10124227292461938,239.64213357538833,237.5832653237027,2.4053130026039367,2.6538403815649025,19.735910569004076,16.78899750980645,2.4053130026039367,2.6538403815649025,6.448911222780569,9.03010033444816,0.21606969833374023,0.10269474983215332,0.001,2.5
674,135.3833207812541,124.22238363310645,0.10204180738135199,0.10143059153221921,239.64220120479513,237.5832326117168,2.398250116175743,2.671786625648422,19.81357697146622,16.761313703147863,2.398250116175743,2.671786625648422,6.113902847571189,9.364548494983277,0.20491909980773926,0.09313637018203735,0.001,2.5
675,135.6333343403623,123.36291577903722,0.10209553818556931,0.10132797271710973,239.64274247008152,237.58384949546993,2.4243836778292502,2.666773320839158,19.785168620609557,16.60447987266209,2.4243836778292502,2.666773320839158,6.113902847571189,9.03010033444816,0.19254904985427856,0.1006205677986145,0.001,2.5
676,136.00938816805382,123.30624111520008,0.10203036307739452,0.10133343070346774,239.64288396531813,237.58395850140116,2.4095766841866064,2.6788843076763342,19.90481306040906,16.556812327841055,2.4095766841866064,2.6788843076763342,6.197654941373535,9.03010033444816,0.20714950561523438,0.09617900848388672,0.001,2.5
677,136.4982855204162,124.04941826759772,0.10209138901089904,0.10128018339740791,239.64302162668812,237.58413502364652,2.424445790461759,2.664198672891062,19.957972946678176,16.74951470416525,2.424445790461759,2.664198672891062,6.281407035175879,9.03010033444816,0.19165992736816406,0.09190982580184937,0.001,2.5
678,133.88580945907924,125.18577476169752,0.10201581009668322,0.10155657334969594,239.643185358351,237.5838864431732,2.3706066939898673,2.668423509916733,19.59701021632158,16.96405676136846,2.3706066939898673,2.668423509916733,6.113902847571189,9.364548494983277,0.2116786241531372,0.08957117795944214,0.001,2.5
679,134.7228919177798,124.95224435353359,0.10207590779018162,0.10120663590056442,239.64288411867278,237.5837621274202,2.428025791193772,2.662426932599632,19.592156776032056,16.93540997967672,2.428025791193772,2.662426932599632,6.197654941373535,9.698996655518394,0.1716141700744629,0.09058117866516113,0.001,2.5
680,134.27640936003257,124.6358863039559,0.102045480417746,0.10130687942572661,239.6423258054596,237.58281169368271,2.3765361744355116,2.6725805108762506,19.657336198305167,16.84165721115061,2.3765361744355116,2.6725805108762506,6.030150753768844,9.698996655518394,0.20602160692214966,0.0908963680267334,0.001,2.5
681,134.7077960297091,124.34253904412822,0.10207458418268255,0.10134822705816665,239.6418121440127,237.5828029670843,2.3837854367005367,2.668805753108251,19.721859939933022,16.79430463401769,2.3837854367005367,2.668805753108251,6.281407035175879,9.364548494983277,0.20077520608901978,0.09412741661071777,0.001,2.5
682,134.2511679235615,123.43497423663187,0.10207951939984582,0.10135656572803606,239.64170165197734,237.58277030613112,2.3899399487417146,2.6622478930049116,19.612069387132397,16.63246315538285,2.3899399487417146,2.6622478930049116,6.700167504187604,9.03010033444816,0.20146167278289795,0.10491776466369629,0.001,2.5
683,136.1593166076558,123.621351006039,0.10206287016021946,0.10138663024108945,239.64173914719268,237.58279862930144,2.408126551901276,2.6656798383463984,19.939142549856623,16.659435961158778,2.408126551901276,2.6656798383463984,6.532663316582915,9.03010033444816,0.2123570442199707,0.1008685827255249,0.001,2.5
684,135.09615529122664,124.62286433089139,0.10215233347473832,0.10124867329729043,239.64181577340642,237.58286405327328,2.395042492516676,2.668241988855062,19.76574479874654,16.852080769363454,2.395042492516676,2.668241988855062,6.365159128978225,9.364548494983277,0.20314031839370728,0.09601372480392456,0.001,2.5
685,134.35889243121125,125.2482624883237,0.10199593629070262,0.10138062886071444,239.64176833569704,237.58285313226708,2.391472106003881,2.654626991437829,19.629034074307288,17.017977417910778,2.391472106003881,2.654626991437829,6.281407035175879,9.364548494983277,0.21396422386169434,0.10103672742843628,0.001,2.5
686,133.48820835541642,123.8363295335036,0.10213152007192024,0.10138248841599079,239.64213176069148,237.58351145460455,2.369519593128607,2.6519188139350915,19.520728266219198,16.743717193603516,2.369519593128607,2.6519188139350915,6.61641541038526,9.698996655518394,0.22204166650772095,0.10477739572525024,0.001,2.5
687,135.18663812122952,123.73853125939003,0.10204025959499317,0.10142509407522686,239.64232330066673,237.5836052017467,2.371119969054882,2.66355580709451,19.855631411375114,16.689236746185202,2.371119969054882,2.66355580709451,6.365159128978225,9.03010033444816,0.21783840656280518,0.10164570808410645,0.001,2.5
688,134.47659519010253,124.36061621828621,0.10206476668866236,0.10146546027433115,239.64269048285044,237.58392777969206,2.340439739738477,2.66189111833987,19.805658116811884,16.81864014437366,2.340439739738477,2.66189111833987,6.365159128978225,9.364548494983277,0.2397066354751587,0.10267919301986694,0.001,2.5
689,135.93858909926422,123.77746980086617,0.10210342524289286,0.10131383861686075,239.6425440547055,237.58372941543425,2.445413348662793,2.6666470419204353,19.783128370991104,16.68777271257994,2.445413348662793,2.6666470419204353,6.197654941373535,9.364548494983277,0.18733853101730347,0.09986799955368042,0.001,2.5
690,133.52918431267668,123.57738701555641,0.10208695175959237,0.10133988223346978,239.64269112182822,237.583912520903,2.3398579748431643,2.6546111872363647,19.617917643919263,16.683859222310044,2.3398579748431643,2.6546111872363647,6.365159128978225,9.03010033444816,0.2351481318473816,0.1051073670387268,0.001,2.5
691,135.56156030651712,123.47940936136405,0.10208351402176884,0.10142577843223527,239.64291453401447,237.58418069794823,2.4200073901932044,2.6581083524187274,19.783944412691508,16.653755749348413,2.4200073901932044,2.6581083524187274,6.281407035175879,9.698996655518394,0.18682503700256348,0.10721439123153687,0.001,2.5
692,135.67352683420356,122.70979166190361,0.102076236738931,0.10129394439550546,239.6431460228797,237.58449460032793,2.416653238548905,2.664354613792139,19.816401115813647,16.481119672590275,2.416653238548905,2.664354613792139,6.365159128978225,9.364548494983277,0.2012820839881897,0.10229671001434326,0.001,2.5
693,135.19208014151158,123.69783507382192,0.10207734836056404,0.10146103438027328,239.64343964594292,237.58462539723885,2.3992407058351604,2.670035199576796,19.77234954450598,16.66165173253088,2.3992407058351604,2.670035199576796,6.197654941373535,9.364548494983277,0.20718640089035034,0.09762406349182129,0.001,2.5
694,135.97099322090597,123.91181846286939,0.102045578810338,0.10138175163081657,239.64353677056343,237.58461238389032,2.37411777018702,2.674305786655898,20.003507626915297,16.691652482967314,2.37411777018702,2.674305786655898,6.197654941373535,9.698996655518394,0.22214984893798828,0.09491431713104248,0.001,2.5
695,133.83935843360683,123.51156570281472,0.10200648845939381,0.10142371723783455,239.64362027217794,237.5847038345592,2.380075773402075,2.6720179251603855,19.559314443438097,16.618457826084914,2.380075773402075,2.6720179251603855,6.281407035175879,9.364548494983277,0.21889054775238037,0.10071593523025513,0.001,2.5
696,135.61678162132276,123.79108104897183,0.1021156129700255,0.10152111950028302,239.64363192713242,237.58464065602791,2.407933122947987,2.6708846602551515,19.83120504855311,16.67774057547783,2.407933122947987,2.6708846602551515,6.113902847571189,9.364548494983277,0.20576447248458862,0.09795105457305908,0.001,2.5
697,135.54504862262976,123.91758927055027,0.1020099504958445,0.1014394878244719,239.643693268998,237.58496981719665,2.405923179645634,2.658972508133853,19.822909506920794,16.738795717424374,2.405923179645634,2.658972508133853,6.197654941373535,9.698996655518394,0.20917725563049316,0.09962290525436401,0.001,2.5
698,135.24654072772717,123.75578486720056,0.10205674002967288,0.10132367672230487,239.64396516681717,237.58531000143708,2.406318662553976,2.6664229101161894,19.76201177242413,16.68410720952777,2.406318662553976,2.6664229101161894,6.197654941373535,9.698996655518394,0.20866477489471436,0.09809815883636475,0.001,2.5
699,134.66427775882997,125.03883956347819,0.10212050991092295,0.10132263142328995,239.6441403489616,237.58520543535417,2.362135091618677,2.6891430979189663,19.778097683061507,16.87255756671612,2.362135091618677,2.6891430979189663,6.197654941373535,9.698996655518394,0.21071380376815796,0.09021461009979248,0.001,2.5
700,135.07372285213503,123.94470010712793,0.1020898345976419,0.10143805504542928,239.64411369080918,237.58529673292486,2.4029215624184666,2.663873716341612,19.737633045394617,16.729513544701412,2.4029215624184666,2.663873716341612,6.197654941373535,9.364548494983277,0.20001262426376343,0.10020673274993896,0.001,2.5
701,134.5647754765036,123.2556945647683,0.10207086872665128,0.10147907422936481,239.64422556303654,237.58544707537496,2.3898279151724813,2.6702287221034635,19.675128623668474,16.57264006177717,2.3898279151724813,2.6702287221034635,6.197654941373535,9.03010033444816,0.20780736207962036,0.10168600082397461,0.001,2.5
702,133.6161516659224,123.47013099695927,0.10208561939110908,0.10145797946780023,239.6442146748554,237.58545381169654,2.388307253519694,2.6796534739210456,19.48996304267615,16.587257857306746,2.388307253519694,2.6796534739210456,6.030150753768844,9.364548494983277,0.2017260193824768,0.09120690822601318,0.001,2.5
703,134.36122169686323,124.2655805760004,0.10211732865028844,0.10136575777594461,239.64441505828296,237.58561716749517,2.3689635059541994,2.6735645034241435,19.697001797470016,16.764631953925193,2.3689635059541994,2.6735645034241435,6.281407035175879,9.364548494983277,0.21906089782714844,0.08888411521911621,0.001,2.5
704,133.99215332746905,124.62869961843842,0.10210554647435695,0.10129701373569144,239.64453815095987,237.5856303339419,2.388991853899293,2.6684355384928726,19.563104591177936,16.852656016780383,2.388991853899293,2.6684355384928726,6.365159128978225,9.698996655518394,0.21197867393493652,0.09101718664169312,0.001,2.5
705,134.6403386357242,124.24914800841673,0.10209757592560259,0.10147635058116754,239.64442323719837,237.58549953703098,2.3990715823980233,2.67464498452917,19.662504547604765,16.758082412158366,2.3990715823980233,2.67464498452917,6.365159128978225,9.698996655518394,0.2137385606765747,0.09027045965194702,0.001,2.5
706,134.3264930252254,124.04880584920927,0.10214409019979001,0.10129514635605956,239.64442819566582,237.58600966029343,2.3938733249453445,2.6649028130598293,19.61532129195068,16.747276657002427,2.3938733249453445,2.6649028130598293,6.281407035175879,9.364548494983277,0.2144964337348938,0.09474855661392212,0.001,2.5
707,134.2853730423766,123.66481485015971,0.10202513779926939,0.10138893037735419,239.64477930116894,237.58561068633728,2.401910744320408,2.662255177131066,19.583008208666215,16.678402706133483,2.401910744320408,2.662255177131066,6.281407035175879,9.698996655518394,0.20080584287643433,0.10315579175949097,0.001,2.5
708,133.97973733770988,123.56771927135047,0.10207295307961341,0.10138848097527704,239.64437017648464,237.58544513613086,2.370646616521992,2.6674212492429294,19.61566481917747,16.64348673740757,2.370646616521992,2.6674212492429294,6.448911222780569,9.03010033444816,0.21546900272369385,0.09933573007583618,0.001,2.5
709,135.13593206613308,123.55218107804008,0.10210784231398373,0.10127420145333013,239.64421909658154,237.58564569479645,2.4185289709611952,2.676418723868686,19.70324865497736,16.6134082003182,2.4185289709611952,2.676418723868686,6.113902847571189,9.03010033444816,0.18953734636306763,0.09556329250335693,0.001,2.5
710,134.24490151972427,123.47067168883257,0.10213437516685307,0.10129897812238106,239.64545247702543,237.58664190490111,2.394001390067377,2.6677970160608706,19.598619365212905,16.62296631344186,2.394001390067377,2.6677970160608706,6.365159128978225,9.364548494983277,0.2086118459701538,0.09461164474487305,0.001,2.5
711,134.10832884004168,123.82868077204778,0.10211114572919593,0.10125302670392702,239.64481298807678,237.58485213569972,2.3802890410175674,2.663353770871625,19.612447684334352,16.707906448721488,2.3802890410175674,2.663353770871625,6.113902847571189,9.03010033444816,0.2184862494468689,0.10153859853744507,0.001,2.5
712,133.57093046817747,123.85416713446678,0.10205332057509989,0.10148101015932186,239.64360156290894,237.58446847156537,2.378274461132797,2.664080650112701,19.51102375944256,16.710777793042237,2.378274461132797,2.664080650112701,6.448911222780569,9.03010033444816,0.2138628363609314,0.10003793239593506,0.001,2.5
713,135.30808405021526,123.46387218870845,0.10210884366203193,0.10138903142118134,239.64291708992553,237.58375574832775,2.3657557704740233,2.6537326203540816,19.895999304613277,16.663781488220827,2.3657557704740233,2.6537326203540816,6.281407035175879,9.364548494983277,0.224612295627594,0.10744017362594604,0.001,2.5
714,134.9763624744,123.41056691045347,0.10208694499541367,0.10135807410929115,239.6424181760855,237.5835835128325,2.3635045727293695,2.6551320130211056,19.83641284514512,16.648929149410797,2.3635045727293695,2.6551320130211056,6.197654941373535,9.03010033444816,0.22363686561584473,0.1068044900894165,0.001,2.5
715,134.7709224323931,123.78482078628795,0.10203422230342325,0.1012055968062136,239.64226093643674,237.58345480826387,2.3747753949221253,2.6530359158149133,19.761523053474363,16.730098124730546,2.3747753949221253,2.6530359158149133,6.281407035175879,9.698996655518394,0.2158188819885254,0.10488080978393555,0.001,2.5
716,134.85852710206305,124.70413572891898,0.10208492452774814,0.10125923111885288,239.64226604825888,237.58436390548246,2.4076045833440682,2.6645571404077537,19.680546516150088,16.879386684966327,2.4076045833440682,2.6645571404077537,6.281407035175879,9.698996655518394,0.219110906124115,0.09454399347305298,0.001,2.5
717,135.1167145542164,123.63864202084748,0.10206526063594785,0.10138501844876587,239.64409490486287,237.5860358400887,2.396434673711882,2.6609679073793036,19.765697178928498,16.67703124591738,2.396434673711882,2.6609679073793036,6.113902847571189,9.364548494983277,0.20912235975265503,0.09915930032730103,0.001,2.5
718,134.47825558660819,124.09826869390481,0.10206356587222273,0.1014122683866367,239.64502875808896,237.58686420351367,2.3616892740355064,2.6634078496275935,19.742241755602148,16.76163059094279,2.3616892740355064,2.6634078496275935,6.365159128978225,9.03010033444816,0.22104406356811523,0.0962982177734375,0.001,2.5
719,132.71356615229467,124.47524440089197,0.1020836693732383,0.1012489773507501,239.64586719915496,237.58729588945573,2.365311009200973,2.664795727235418,19.378434550223037,16.83289397121672,2.365311009200973,2.664795727235418,6.448911222780569,9.03010033444816,0.21177220344543457,0.100136399269104,0.001,2.5
720,134.77165830474803,124.7807602132842,0.10208899420459866,0.10140679831488875,239.6461786369183,237.58725664527918,2.3936100165847956,2.6705139169724887,19.705154323098647,16.876811005200032,2.3936100165847956,2.6705139169724887,6.448911222780569,9.364548494983277,0.2100488543510437,0.09277236461639404,0.001,2.5
721,133.7586171008035,124.35340233231867,0.1020837980049539,0.1013871914517122,239.6461599532084,237.58703868444945,2.3768019097134894,2.664058422165172,19.55297184150223,16.810711602303495,2.3768019097134894,2.664058422165172,6.532663316582915,9.364548494983277,0.20249533653259277,0.09644472599029541,0.001,2.5
722,134.6615481736073,124.01478775687839,0.10199901551457506,0.10142373174030246,239.645933269456,237.5870713964354,2.3804538142141984,2.6639456924387446,19.722619374593098,16.743318021895494,2.3804538142141984,2.6639456924387446,6.113902847571189,9.364548494983277,0.21201926469802856,0.09932929277420044,0.001,2.5
723,133.62667384059785,123.60147472368834,0.1020147238095202,0.10139646759898367,239.64617623436192,237.587760236351,2.3450962522720773,2.6604011768481404,19.621713491340778,16.671293526588872,2.3450962522720773,2.6604011768481404,6.281407035175879,9.364548494983277,0.22301656007766724,0.10307168960571289,0.001,2.5
724,134.22761512641333,123.5119920813519,0.10208656303147774,0.10145928728141912,239.64652043890513,237.58753783567295,2.394933792015216,2.6662034517945257,19.592375098760403,16.635979148456485,2.394933792015216,2.6662034517945257,6.448911222780569,9.364548494983277,0.20984578132629395,0.10432827472686768,0.001,2.5
725,134.17551431064828,123.80903002888861,0.10204394237829413,0.10155285002794553,239.64647859864098,237.58777978189016,2.396606521989832,2.6658604950410467,19.57694558122849,16.69639732845651,2.396606521989832,2.6658604950410467,6.197654941373535,9.364548494983277,0.20613694190979004,0.09941679239273071,0.001,2.5
726,133.81118723295842,123.26458576929609,0.10211782093772936,0.10149930656753654,239.64666847727406,237.5880021825682,2.4126516674431526,2.6717154166371526,19.455929562873777,16.569954100261164,2.4126516674431526,2.6717154166371526,6.281407035175879,9.364548494983277,0.1828402280807495,0.09826982021331787,0.001,2.5
727,134.00966957386214,124.15883761504821,0.10201499331586525,0.10116755763025188,239.64668161465696,237.5878190260667,2.374526352538935,2.6721090186001066,19.61002258799184,16.747690130635647,2.374526352538935,2.6721090186001066,6.448911222780569,9.364548494983277,0.21697640419006348,0.09409445524215698,0.001,2.5
728,134.11158565859898,123.13998823899489,0.10209072479850284,0.10143301596111279,239.64678689263374,237.5880042749105,2.3724988992489764,2.661058724125891,19.63647330266547,16.57701681768615,2.3724988992489764,2.661058724125891,6.448911222780569,9.364548494983277,0.20758932828903198,0.10366624593734741,0.001,2.5
729,133.97262819887607,123.56859749376176,0.1020227242853973,0.10133762650166865,239.6470277872517,237.58858196551984,2.357815652037386,2.6692611652871836,19.652745321967096,16.638151108221866,2.357815652037386,2.6692611652871836,6.030150753768844,9.03010033444816,0.22160834074020386,0.10032135248184204,0.001,2.5
730,133.87651315046915,122.92940452346036,0.10208293255200139,0.10132907512893645,239.64727811318147,237.58854925353393,2.3776741842528684,2.6564414485242454,19.573933992753275,16.54877264922279,2.3776741842528684,2.6564414485242454,6.281407035175879,9.364548494983277,0.20925790071487427,0.10635882616043091,0.001,2.5
731,134.20811362721813,124.09125638725766,0.10204194647133649,0.10144024486824821,239.64739706528246,237.58854925353393,2.377026150973398,2.665677854448657,19.642206377320154,16.753411946886757,2.377026150973398,2.665677854448657,6.281407035175879,9.03010033444816,0.211675226688385,0.09592103958129883,0.001,2.5
732,135.05840445922647,124.49304775888704,0.10205635299884294,0.10145758281782719,239.64713531443022,237.588015144884,2.4408262806322107,2.664308445908154,19.620861085415687,16.83787473468079,2.4408262806322107,2.664308445908154,6.113902847571189,9.03010033444816,0.18178248405456543,0.1025923490524292,0.001,2.5
733,134.64246198440117,123.23557192186847,0.1020802946221489,0.10138389458225722,239.6467961705909,237.58801524694945,2.409109104418475,2.6671339891427337,19.632819768372094,16.57791841628161,2.409109104418475,2.6671339891427337,6.532663316582915,9.698996655518394,0.19617986679077148,0.10101830959320068,0.001,2.5
734,134.38338193142633,122.84570685038997,0.10201739293945894,0.10140731267905155,239.64684135909854,237.58794334181974,2.3524375149552745,2.671901472436146,19.751030626408816,16.48563691525156,2.3524375149552745,2.671901472436146,6.365159128978225,9.364548494983277,0.225600004196167,0.0975269079208374,0.001,2.5
735,133.87678231346348,122.73096440548083,0.10207694216040111,0.1012973968300931,239.6467054613072,237.58783438692126,2.3869095092243087,2.658694532802671,19.546282629271847,16.502332036710502,2.3869095092243087,2.658694532802671,6.281407035175879,9.03010033444816,0.2032284140586853,0.1044774055480957,0.001,2.5
736,133.76521078905267,122.93407207986583,0.10200608237155119,0.10136087707253204,239.64680350605568,237.5877668706071,2.381179166199574,2.6733680090377963,19.541174842284953,16.498920813850734,2.381179166199574,2.6733680090377963,6.030150753768844,9.364548494983277,0.22139060497283936,0.09511709213256836,0.001,2.5
737,134.59025923890286,122.85025131582815,0.1021038319921773,0.10136331956721469,239.64678696931108,237.58798916921967,2.396640083098931,2.6626436319638254,19.659782198805306,16.514330012343798,2.396640083098931,2.6626436319638254,6.365159128978225,9.03010033444816,0.2070675492286682,0.10108375549316406,0.001,2.5
738,133.356527306127,122.10410247598604,0.10210927894067524,0.10120054658340372,239.64697850928633,237.58849051485095,2.37404760843146,2.661573281654945,19.480811174990144,16.368342651571318,2.37404760843146,2.661573281654945,6.197654941373535,9.364548494983277,0.21270471811294556,0.10648888349533081,0.001,2.5
739,133.71893438342428,123.04947144371211,0.10205199620631872,0.1014733132610353,239.64738914195817,237.58856890113856,2.382927956093895,2.6714158409016586,19.526662986282528,16.527834267121893,2.382927956093895,2.6714158409016586,6.113902847571189,9.03010033444816,0.22023218870162964,0.08972889184951782,0.001,2.5
740,133.3590214408223,124.00360459547777,0.10211068366839858,0.10139941289572413,239.6474455509154,237.58852970799475,2.374170796955051,2.6764686753518605,19.48094080760451,16.703517818131974,2.374170796955051,2.6764686753518605,6.365159128978225,9.03010033444816,0.20978939533233643,0.0897645354270935,0.001,2.5
741,135.17660709042445,123.93622086438846,0.10206945346577882,0.10138684184754572,239.6473702793345,237.58851450023843,2.411900454829486,2.6683287309563677,19.731276406714663,16.71446257371169,2.411900454829486,2.6683287309563677,6.197654941373535,9.364548494983277,0.2097790241241455,0.09420692920684814,0.001,2.5
742,133.58851063790632,123.62881536069123,0.10204009636862194,0.10157916086872286,239.6473940237483,237.58853629121813,2.3872057157545234,2.6576470108733927,19.487747374491477,16.68498927853179,2.3872057157545234,2.6576470108733927,6.281407035175879,9.364548494983277,0.198738694190979,0.10243886709213257,0.001,2.5
743,134.1615303844663,124.12612721114652,0.10202439362729215,0.10137494192474263,239.64745298861658,237.58858849771048,2.3534177935103475,2.6729106592095415,19.703718044849698,16.738700534986414,2.3534177935103475,2.6729106592095415,6.448911222780569,9.364548494983277,0.21565979719161987,0.09581929445266724,0.001,2.5
744,133.6457606176635,123.72995852467209,0.10199342289911442,0.1013048557583305,239.64757160844914,237.5888349858415,2.3538541049014783,2.671856278958528,19.599261649689282,16.6626446829193,2.3538541049014783,2.671856278958528,6.365159128978225,9.364548494983277,0.2260051965713501,0.09936869144439697,0.001,2.5
745,134.19346087022842,122.80795078851706,0.10195845703733226,0.10131983294534842,239.64784286729056,237.58888285455097,2.3544912703672245,2.658891546287664,19.706896502368615,16.51713411784092,2.3544912703672245,2.658891546287664,6.281407035175879,9.03010033444816,0.23869991302490234,0.10185348987579346,0.001,2.5
746,133.6974402192849,122.8692414146602,0.10207649871981524,0.10137750691793436,239.647556094069,237.5885297590275,2.3565561935130876,2.667499972825066,19.601474618192892,16.50355592300262,2.3565561935130876,2.667499972825066,6.365159128978225,9.03010033444816,0.23253220319747925,0.09972327947616577,0.001,2.5
747,135.01712068081702,123.96751505874073,0.10206845622366198,0.10125886606532196,239.6473954806176,237.5883858977353,2.3879679615174108,2.664840852935179,19.771177531486778,16.731210600173593,2.3879679615174108,2.664840852935179,6.281407035175879,9.364548494983277,0.2111758589744568,0.09290838241577148,0.001,2.5
748,133.80398010049433,123.90269528902493,0.10203176117821953,0.10125688827257093,239.64722006844116,237.58826173508047,2.3773873487309594,2.6560888322300737,19.560298347792635,16.744503397606685,2.3773873487309594,2.6560888322300737,6.448911222780569,9.698996655518394,0.21122920513153076,0.1016770601272583,0.001,2.5
749,134.44610623818147,122.51702370531982,0.10200051833536956,0.10108024955892243,239.64719992786198,237.5883858977353,2.374018749799361,2.671079865267444,19.698835558228357,16.422432516729554,2.374018749799361,2.671079865267444,6.113902847571189,9.698996655518394,0.22512048482894897,0.09571534395217896,0.001,2.5
750,133.80165736519513,123.39891713120068,0.10206548225640052,0.10138474636552326,239.64720764671338,237.58819401463538,2.4022773298586233,2.6591569540093976,19.48515707683723,16.63451801733827,2.4022773298586233,2.6591569540093976,6.365159128978225,9.03010033444816,0.20375752449035645,0.0999402403831482,0.001,2.5
751,134.82992491091116,123.16322913536659,0.10203757815974042,0.1014198683526205,239.64684118018477,237.5888304949604,2.421208365678388,2.6621682532256266,19.63402269833052,16.57834060375507,2.421208365678388,2.6621682532256266,6.281407035175879,9.698996655518394,0.19361400604248047,0.09905755519866943,0.001,2.5
752,133.79322529957324,122.68393653691014,0.1020486000769302,0.10127096947120584,239.64763039440365,237.5887563954229,2.3879256394240924,2.649796650959895,19.526528484657582,16.519625191704485,2.3879256394240924,2.649796650959895,6.365159128978225,9.03010033444816,0.20726382732391357,0.1102173924446106,0.001,2.5
753,133.70545922411947,123.0293286683966,0.10203371215705297,0.10132546805119434,239.64767696310327,237.5888501935978,2.3727209124732855,2.6564888962136464,19.55459283863879,16.568616812843143,2.3727209124732855,2.6564888962136464,6.365159128978225,9.364548494983277,0.20845335721969604,0.10539746284484863,0.001,2.5
754,134.49587607583408,123.67661719178675,0.10205318621504846,0.1013898916766795,239.64779218357413,237.58900711927126,2.3951133048314746,2.6667038022873792,19.645494973839227,16.667416215341625,2.3951133048314746,2.6667038022873792,6.448911222780569,9.698996655518394,0.2166087031364441,0.09418082237243652,0.001,2.5
755,133.83930734094463,123.44300342164311,0.10203786415221104,0.10133651614089474,239.64781758933012,237.58891995535248,2.389190302022937,2.668511839614664,19.531953495351512,16.615281038061035,2.389190302022937,2.668511839614664,6.281407035175879,9.03010033444816,0.20576155185699463,0.09917789697647095,0.001,2.5
756,134.67272115991742,123.21130138894786,0.1020441573094483,0.1014824057851348,239.64773439442493,237.5888501935978,2.3776706197553343,2.6664205434729022,19.733193932665852,16.575184464853344,2.3776706197553343,2.6664205434729022,6.197654941373535,9.03010033444816,0.2272987961769104,0.10024833679199219,0.001,2.5
757,134.638503836627,124.07336816181706,0.1021130301644854,0.10135940487269175,239.64816953828387,237.58953035794772,2.4155873054236023,2.6703135456927245,19.61258623068856,16.735944275871965,2.4155873054236023,2.6703135456927245,6.030150753768844,9.03010033444816,0.20168769359588623,0.09306955337524414,0.001,2.5
758,133.5458994087462,124.42240160683724,0.10201929447239567,0.10138679400435259,239.64844118051192,237.5893406692556,2.3597587716439663,2.668962066388848,19.561569852844954,16.80979870314582,2.3597587716439663,2.668962066388848,6.197654941373535,9.698996655518394,0.22417545318603516,0.09114444255828857,0.001,2.5
759,132.4574845152684,123.03186928229188,0.10207420994388798,0.10131004054012108,239.64838369807205,237.5896611038259,2.362289245404191,2.6717559804884488,19.336284714128503,16.52332607958229,2.362289245404191,2.6717559804884488,6.448911222780569,9.698996655518394,0.23054558038711548,0.09717273712158203,0.001,2.5
760,134.6835371876881,123.36783454410208,0.10206904031423668,0.10127250282062734,239.64859941696602,237.58974821671197,2.408760145481308,2.679187372775381,19.6420829779339,16.568232443819078,2.408760145481308,2.679187372775381,6.197654941373535,9.364548494983277,0.19017881155014038,0.08855664730072021,0.001,2.5
761,134.706586853743,124.28418402528284,0.1020351161983744,0.10143004963330202,239.6489245544127,237.5901841383714,2.4124269098093363,2.6825038605310447,19.635699794520086,16.741521790673502,2.4124269098093363,2.6825038605310447,6.365159128978225,9.364548494983277,0.19423264265060425,0.08810055255889893,0.001,2.5
762,132.9552690004384,123.65420555191295,0.10206851928527631,0.10128296627647503,239.6487768227531,237.58994219215418,2.373613712575967,2.673477183217588,19.401869465557972,16.642634943576162,2.373613712575967,2.673477183217588,6.448911222780569,9.364548494983277,0.22044521570205688,0.0918387770652771,0.001,2.5
763,134.20528954996337,123.12965872774156,0.10205916663510116,0.10138694974391357,239.64881863745813,237.58985717161045,2.3866055227404264,2.675833925355637,19.6128999336281,16.530635304275563,2.3866055227404264,2.675833925355637,6.365159128978225,9.364548494983277,0.20632970333099365,0.09389793872833252,0.001,2.5
764,133.51130609815843,123.58646109590562,0.10209230026557817,0.10150791674752697,239.64874006875198,237.5898463526697,2.4133427802042746,2.6609841908100855,19.393884930379027,16.66651981570649,2.4133427802042746,2.6609841908100855,6.113902847571189,9.03010033444816,0.19804692268371582,0.09767568111419678,0.001,2.5
765,133.99548265722328,122.44366546937056,0.10206811051422628,0.10132940886012687,239.64870673967167,237.5897853685462,2.3631557923066158,2.664447030893536,19.641285137515172,16.427607565021834,2.3631557923066158,2.664447030893536,6.281407035175879,9.364548494983277,0.2283858060836792,0.10146337747573853,0.001,2.5
766,133.59162772480568,122.69158524733324,0.10200159758379311,0.10143080597936509,239.6486706246483,237.58977439650724,2.377050762400156,2.6622624229826655,19.51884284410844,16.483725455293687,2.377050762400156,2.6622624229826655,6.197654941373535,9.03010033444816,0.22008073329925537,0.1024969220161438,0.001,2.5
767,134.2798672009952,122.00175307666179,0.10203816294919706,0.10148127177686596,239.6487482987856,237.58998148736347,2.376257149218714,2.6589996033288963,19.65886450213204,16.355538183231417,2.376257149218714,2.6589996033288963,6.030150753768844,9.03010033444816,0.21441411972045898,0.106597900390625,0.001,2.5
768,133.844394881921,124.17432584730678,0.10204546272105708,0.10140832869902901,239.64877891860016,237.59005997571657,2.376412683595565,2.6571753391852746,19.571302397965987,16.795538675824933,2.376412683595565,2.6571753391852746,6.113902847571189,9.698996655518394,0.21598130464553833,0.09755676984786987,0.001,2.5
769,132.44563881316577,124.9116984083501,0.10204171708830237,0.10142975689276405,239.64890244578197,237.5900099125993,2.342890400782702,2.6635922444703986,19.392118140880388,16.92375880978179,2.342890400782702,2.6635922444703986,6.61641541038526,9.03010033444816,0.2328282594680786,0.09871423244476318,0.001,2.5
770,134.345502409304,123.16069051174814,0.10213722676737624,0.10131739426317024,239.6489826247121,237.59058535776808,2.4387316062821816,2.662605878900126,19.484549137415797,16.576538927977698,2.4387316062821816,2.662605878900126,6.113902847571189,9.364548494983277,0.18765705823898315,0.09510397911071777,0.001,2.5
771,133.3546287626078,123.88350355983977,0.10210156126237994,0.10136381663805664,239.64982960252107,237.59106491241965,2.3730801445754928,2.650954367723752,19.48333496783846,16.756047041519828,2.3730801445754928,2.650954367723752,6.448911222780569,9.364548494983277,0.2172730565071106,0.0997847318649292,0.001,2.5
772,135.18114503384436,124.15124322897614,0.102027310585756,0.10124092429477634,239.64992624151847,237.59108450899157,2.450210530953591,2.6591484147968103,19.617262250814008,16.78503613806887,2.450210530953591,2.6591484147968103,6.113902847571189,9.03010033444816,0.1646667718887329,0.09332501888275146,0.001,2.5
773,133.44084924030145,123.5695993429841,0.10197901766953157,0.10139441814111627,239.64983875268268,237.59083592851823,2.418956343253054,2.663683162485078,19.362974610959665,16.655072728925724,2.418956343253054,2.663683162485078,6.197654941373535,9.698996655518394,0.1837778091430664,0.08970040082931519,0.001,2.5
774,134.34785046090232,122.89125673428029,0.10204055887870053,0.10134363732609063,239.64945281011177,237.59054820593383,2.382783853428647,2.666539514343874,19.652881018480464,16.510846243255514,2.382783853428647,2.666539514343874,6.365159128978225,9.698996655518394,0.1990414261817932,0.0953819751739502,0.001,2.5
775,134.07389614290528,124.48883306701048,0.10201026933576593,0.10143329514607936,239.64935875258453,237.59043705662756,2.4062094680428303,2.6678362530609436,19.527818997701008,16.82645309728922,2.4062094680428303,2.6678362530609436,6.448911222780569,9.364548494983277,0.2061033844947815,0.09254074096679688,0.001,2.5
776,133.84102210167865,123.71173304937356,0.10204219971619659,0.10138415261156185,239.64926065671784,237.59029110299306,2.3808702120629186,2.6700254276045987,19.55725565387975,16.664475042285726,2.3808702120629186,2.6700254276045987,6.197654941373535,9.698996655518394,0.21878546476364136,0.0927092432975769,0.001,2.5
777,133.4108605824124,123.48826808355325,0.10206488222882176,0.10144311702969082,239.64899238829238,237.58994229421967,2.4087366750292243,2.6540095925729807,19.387619108011574,16.667818637197232,2.4087366750292243,2.6540095925729807,6.448911222780569,9.364548494983277,0.20158374309539795,0.10545206069946289,0.001,2.5
778,133.74105303331436,122.84361726384498,0.1021107412637578,0.10143447308536357,239.64884348091368,237.58992489205556,2.3648253697246764,2.6640334153255094,19.585382621292293,16.508818039527306,2.3648253697246764,2.6640334153255094,6.281407035175879,9.364548494983277,0.22021764516830444,0.10020792484283447,0.001,2.5
779,133.65935047347742,122.4836669717744,0.10205766370198635,0.10129373268937586,239.6488123499169,237.58995755300873,2.3703401999257916,2.6738669019080326,19.55250848038512,16.407355981526965,2.3703401999257916,2.6738669019080326,6.532663316582915,9.03010033444816,0.2176377773284912,0.0995488166809082,0.001,2.5
780,133.0533039853401,122.45269854491372,0.10209136804444106,0.1014854482633613,239.64891389626354,237.59023654899468,2.406496581120707,2.6686379917489247,19.322823296040546,16.41681056198069,2.406496581120707,2.6686379917489247,6.448911222780569,9.03010033444816,0.18860745429992676,0.10004961490631104,0.001,2.5
781,133.2508347861132,122.36439833114777,0.10206238955409083,0.10135099311736116,239.64929480368968,237.59032595835401,2.3524072797254503,2.6711877779817104,19.524602353273323,16.391528104061265,2.3524072797254503,2.6711877779817104,6.281407035175879,9.03010033444816,0.23775631189346313,0.09658396244049072,0.001,2.5
782,133.63728038589758,122.88306115702242,0.10213097560545507,0.10141121174978174,239.64927537876557,237.59045017204156,2.3567322239005186,2.669276976665127,19.588903443098467,16.500980590896862,2.3567322239005186,2.669276976665127,6.281407035175879,9.364548494983277,0.22832781076431274,0.09766513109207153,0.001,2.5
783,133.32130746505968,122.376530624951,0.10209515468658914,0.1014057520689773,239.64936767271416,237.5904371076603,2.3778342397967775,2.6669853124331473,19.462409883687645,16.406551125057565,2.3778342397967775,2.6669853124331473,6.281407035175879,9.364548494983277,0.20771276950836182,0.10009074211120605,0.001,2.5
784,133.14864417096877,122.12605308609264,0.10209217369306826,0.1013891610961694,239.64942587080913,237.59050686941498,2.4027497700510714,2.6635243071361527,19.353131343771267,16.366841478890002,2.4027497700510714,2.6635243071361527,6.281407035175879,9.698996655518394,0.2134155035018921,0.10000908374786377,0.001,2.5
785,133.73944726940775,122.70532121945385,0.10204863351094264,0.1014531363910656,239.6494954171492,237.5904895182836,2.4040915426896445,2.6642543209037655,19.4672751434684,16.48049338924446,2.4040915426896445,2.6642543209037655,6.197654941373535,9.364548494983277,0.20286542177200317,0.10051769018173218,0.001,2.5
786,132.73837755672895,122.788257050275,0.10206137295544047,0.10126338709756283,239.64948463120453,237.59055494225544,2.3663962130969893,2.658851077325368,19.380144128847363,16.513326648087006,2.3663962130969893,2.658851077325368,6.448911222780569,9.364548494983277,0.22490113973617554,0.10893869400024414,0.001,2.5
787,134.42896793435767,123.66806668182679,0.10214453553734114,0.10130449252383765,239.64952877178862,237.5907183490868,2.4240478231279896,2.6630954232104247,19.545291648238546,16.676548067941315,2.4240478231279896,2.6630954232104247,6.448911222780569,9.03010033444816,0.18640726804733276,0.10194706916809082,0.001,2.5
788,132.97603695356665,123.08133840401436,0.10211065400335657,0.10140817410571121,239.6496694746928,237.59083388720867,2.3450305485845213,2.6676267014698043,19.491763656462858,16.545587386574635,2.3450305485845213,2.6676267014698043,6.365159128978225,9.364548494983277,0.23189258575439453,0.09767729043960571,0.001,2.5
789,132.0692954263096,121.73777332114535,0.10203947900627526,0.10135342836080985,239.64983765364093,237.5909385043243,2.3646985705773433,2.6509397444517715,19.25142506099426,16.32694712610149,2.3646985705773433,2.6509397444517715,6.365159128978225,9.03010033444816,0.2143605351448059,0.10524570941925049,0.001,2.5
790,132.88566313317074,122.53732233462127,0.10204760852570909,0.1012629083915299,239.64979029260888,237.5907183490868,2.3669496257500833,2.667971134185791,19.407944354979037,16.435779392918615,2.3669496257500833,2.667971134185791,6.281407035175879,9.03010033444816,0.21673864126205444,0.09782755374908447,0.001,2.5
791,133.82134212321373,122.5349812587368,0.10221768260451418,0.10143992686052386,239.6497169635204,237.59121535693524,2.3480143630923935,2.6691551439738195,19.65185231858961,16.431724765228985,2.3480143630923935,2.6691551439738195,6.281407035175879,9.364548494983277,0.21753370761871338,0.09954094886779785,0.001,2.5
792,132.5499256076525,123.51381729279075,0.10207840730397146,0.10145565680536538,239.6500733853185,237.5908535348133,2.3218837491231947,2.6719643989932975,19.47598754780576,16.619060873586598,2.3218837491231947,2.6719643989932975,6.365159128978225,9.364548494983277,0.23604518175125122,0.09549820423126221,0.001,2.5
793,132.86290895599416,122.7024424626277,0.10214314312741185,0.10137592791813273,239.64968570472806,237.59079464303213,2.3541878360000688,2.668568694073221,19.441659815547055,16.466988742152186,2.3541878360000688,2.668568694073221,6.281407035175879,9.03010033444816,0.2356964349746704,0.10073882341384888,0.001,2.5
794,132.8283355303945,122.99595279757395,0.10213685289050267,0.1012950400295465,239.6495783820224,237.59044363985095,2.4076742488934566,2.6611589452494746,19.274286861196035,16.547936267278665,2.4076742488934566,2.6611589452494746,6.365159128978225,9.364548494983277,0.19635748863220215,0.10553628206253052,0.001,2.5
795,133.3032876275093,123.59606009901168,0.1020253895340453,0.10130382453817188,239.64917971101437,237.5899510208181,2.381976313726786,2.6619806034509157,19.44639378456614,16.66549250752631,2.381976313726786,2.6619806034509157,6.197654941373535,9.364548494983277,0.20642942190170288,0.09904992580413818,0.001,2.5
796,133.2162887087619,123.09046104201505,0.10208720796222064,0.10134909207306578,239.64879905917937,237.58985084355078,2.363911956598611,2.6749981693599536,19.48317454288553,16.525309830604986,2.363911956598611,2.6749981693599536,6.365159128978225,9.364548494983277,0.2232559323310852,0.09396356344223022,0.001,2.5
797,132.61580309077124,123.23311030665369,0.10203041319721308,0.10139734427566113,239.64874019654752,237.5902496644087,2.3492355230864965,2.6583688426575933,19.40711828452259,16.603718311092926,2.3492355230864965,2.6583688426575933,6.281407035175879,9.03010033444816,0.22237306833267212,0.09783464670181274,0.001,2.5
798,133.85399685193545,123.38394468683862,0.10203664253155391,0.10143636077343421,239.64928803052535,237.59058101998525,2.3913031578862687,2.668791009430901,19.52855262884143,16.60261051152462,2.3913031578862687,2.668791009430901,6.365159128978225,9.364548494983277,0.20002436637878418,0.09331870079040527,0.001,2.5
799,132.56869192458876,122.23069002795778,0.10208033910099186,0.10131568354507753,239.64930845225476,237.59031289397274,2.32881523296861,2.668129208095895,19.458946496398006,16.373968775057076,2.32881523296861,2.668129208095895,6.197654941373535,9.03010033444816,0.24009966850280762,0.10851675271987915,0.001,2.5
800,133.5216014357268,122.72524233406602,0.10204533624838745,0.10128069736287745,239.6492733084776,237.5904175110884,2.3706817199636743,2.669828701976151,19.523936292434257,16.467787962693436,2.3706817199636743,2.669828701976151,6.365159128978225,9.03010033444816,0.2257249355316162,0.0999029278755188,0.001,2.5
