epoch,train_loss,val_loss,train_recon_loss,val_recon_loss,train_kl_loss,val_kl_loss,train_age_loss,val_age_loss,train_site_loss,val_site_loss,train_age_mae,val_age_mae,train_site_acc,val_site_acc,train_age_r2,val_age_r2,current_beta,current_grl_alpha
1,58.35088946471861,68.86719149331185,0.0011635177193429977,0.0036953649496080285,0.005206724856566744,0.018704938244410982,3.057105913833158,3.244414818326765,2.4986276139366366,4.03945485166084,3.057105913833158,3.244414818326765,40.03350083752093,42.14046822742475,-0.2490711212158203,-0.29479074478149414,7.686158073360571e-06,0.0
2,59.98720802294349,60.64374215626796,0.005997168903287432,0.009330046674654037,0.08806652257490398,0.24351359450298807,2.975611712665015,3.046631128094268,3.069407042546488,2.986988569980481,2.975611712665015,3.046631128094268,38.77721943048576,42.80936454849498,-0.19039535522460938,-0.19836437702178955,9.154408582006738e-06,0.025
3,61.3477538602436,63.44204603469491,0.010537317659162996,0.012494992377566653,0.3698971973392033,0.7492382376887726,2.9820113481588697,2.9986464283538106,3.3214086543774886,3.6899692071321417,2.9820113481588697,2.9986464283538106,39.61474036850921,44.14715719063545,-0.1429969072341919,-0.11231756210327148,1.0941850065037413e-05,0.05
4,61.34900731736891,60.37599914448716,0.01500917192380033,0.020609096639531112,1.1194337674321442,1.71795111157025,2.9589007951107056,2.9455301283195268,3.3900942431023373,3.2344829956424674,2.9589007951107056,2.9455301283195268,40.787269681742046,45.48494983277592,-0.17073118686676025,-0.13855838775634766,1.3116306549289961e-05,0.075
5,62.024053040061965,65.66267400122805,0.02327997965653937,0.02722326626870345,3.230214880938506,6.090222931227157,2.910567904636888,2.9483167702537716,3.6684407005757342,4.282120605774947,2.910567904636888,2.9483167702537716,40.787269681742046,45.819397993311036,-0.14597368240356445,-0.12599337100982666,1.5759257661579782e-05,0.1
6,67.51954797843793,75.46612727442712,0.03717315623184145,0.04747195600416748,10.768633863235038,17.44617148306856,2.9403035960205437,2.9998532920378107,4.675523208413691,6.084105129624689,2.9403035960205437,2.9998532920378107,40.95477386934673,45.819397993311036,-0.1339176893234253,-0.03991281986236572,1.896822375212947e-05,0.125
7,70.87725791739459,80.822179481736,0.05588014785768199,0.07368312825925374,18.526206011748194,19.710994848040833,2.8901587890420526,3.121334570307397,5.4937144707595085,6.785606062133176,2.8901587890420526,3.121334570307397,40.95477386934673,45.819397993311036,-0.12611114978790283,-0.03853762149810791,2.285938966519435e-05,0.15
8,74.30096518613985,83.02130576041232,0.07718861609747261,0.10715492438512503,19.471833479863715,29.474137787834856,2.913256374835169,3.1158695197025668,6.10487870994325,7.235058974262863,2.913256374835169,3.1158695197025668,40.95477386934673,45.819397993311036,-0.1187131404876709,-0.32777655124664307,2.7570396583288997e-05,0.17500000000000002
9,77.02196486072125,84.78872754661535,0.1664736842739722,0.20607016741432074,50.219437795667794,69.37503697321965,2.871196324701485,3.22475254894499,6.757175314566198,7.24181191339142,2.871196324701485,3.22475254894499,40.95477386934673,45.819397993311036,-0.08282601833343506,-0.4339839220046997,3.326316923375208e-05,0.2
10,79.46691610825121,79.40158632208272,0.22913185827795984,0.2487054309717389,68.21847946320347,62.559429564204905,2.9185944094729783,2.9370213304475,7.0912261073114085,7.019010232842487,2.9185944094729783,2.9370213304475,40.95477386934673,45.819397993311036,-0.137947678565979,-0.06579089164733887,4.012655707396759e-05,0.22499999999999998
11,81.04580107006795,77.23879045467312,0.27014846892612465,0.29184008980275794,68.76220493540292,76.68275956884276,2.9050230900047214,2.9746648946334684,7.439396335851008,6.464653809333725,2.9050230900047214,2.9746648946334684,40.95477386934673,45.819397993311036,-0.11290109157562256,-0.17410898208618164,4.837844730438922e-05,0.25
12,81.30779017156092,72.10770490257238,0.25482030854352955,0.166781730974797,71.93632385279466,54.54365295869451,2.8666655921456803,3.0157406202526795,7.609759044008239,5.340327674329879,2.8666655921456803,3.0157406202526795,40.95477386934673,45.819397993311036,-0.08613777160644531,-0.22864484786987305,5.826685172296986e-05,0.275
13,81.42509639362993,72.53076909298083,0.141918829924597,0.10104607972612349,47.356069274084454,40.173070990520976,2.8967176074758045,2.96303036220895,7.5658194096244165,5.596290197659496,2.8967176074758045,2.96303036220895,40.95477386934673,45.819397993311036,-0.0987933874130249,-0.08656680583953857,7.006928192300347e-05,0.3
14,81.29510604117185,84.43823752514893,0.10888832103666948,0.161411120241701,41.65302672777543,53.610057613921406,2.893218552047883,3.017342055521681,7.556887861472278,7.802437692980304,2.893218552047883,3.017342055521681,40.95477386934673,45.819397993311036,-0.13599371910095215,-0.009752869606018066,8.408952379742846e-05,0.325
15,82.03869081941282,82.71948160535118,0.2062204461451152,0.20683721106586647,67.5018535978231,74.85254317063551,2.862009938637815,2.9642568136936047,7.77910521841129,7.608251487132299,2.862009938637815,2.9642568136936047,40.95477386934673,45.819397993311036,-0.09759032726287842,-0.021541357040405273,0.00010065073863056549,0.35000000000000003
16,82.44149813500282,79.19493490876162,0.18714411082479424,0.17066150225923213,69.64473854716698,64.88525257939878,2.898477772372452,2.929405122297663,7.753765060674006,7.0150809080704395,2.898477772372452,2.929405122297663,40.95477386934673,45.819397993311036,-0.09881246089935303,-0.09530699253082275,0.00012008371910009542,0.375
17,82.59102815918787,79.80989273734714,0.15733064069620128,0.13847510925304132,63.25797488980956,61.833138660443666,2.8481295675887934,2.9988420535888163,7.940545155574728,6.935992779939071,2.8481295675887934,2.9988420535888163,40.95477386934673,45.819397993311036,-0.09161961078643799,-0.2061861753463745,0.00014270921383558732,0.4
18,82.98583823352602,78.26242126668974,0.1217098695723655,0.10431493659282608,58.702973722013795,53.21264393273803,2.876786608991511,2.9893537564421178,7.940483699491875,6.66176282920965,2.876786608991511,2.9893537564421178,40.95477386934673,45.819397993311036,-0.08991217613220215,-0.2148681879043579,0.0001688136332512095,0.42500000000000004
19,83.27352716136019,79.19174985343398,0.11034748593417044,0.10781245743450911,57.00640497255565,56.59611957766938,2.8733944325790532,2.948935968820068,8.010188337546497,6.967731994131337,2.8733944325790532,2.948935968820068,40.95477386934673,45.819397993311036,-0.11407387256622314,-0.1491565704345703,0.0001986182953299768,0.44999999999999996
20,82.9079383581727,79.4593451254344,0.09728199842587189,0.09112000176340442,50.8210848004774,47.06634599309302,2.8564901363909545,2.9547480444445657,7.990299901371226,7.007213981653934,2.8564901363909545,2.9547480444445657,40.95477386934673,45.819397993311036,-0.07234978675842285,-0.1346733570098877,0.0002322437412844814,0.475
21,82.52649367953865,85.60417660103992,0.12098188927924414,0.1759476588920606,60.64133494263718,85.37991077844116,2.853474145758292,2.9489475771734948,7.9174089751251575,8.234198339009366,2.853474145758292,2.9489475771734948,40.95477386934673,45.819397993311036,-0.10876548290252686,-0.03108048439025879,0.00026967247994862516,0.5
22,83.6147059531667,84.56621791367547,0.2202315581104464,0.23807907254002167,100.68124481661236,103.2502272232719,2.8543097485649325,2.9349061158987193,8.109709030419738,8.054493079616075,2.8543097485649325,2.9349061158987193,40.95477386934673,45.819397993311036,-0.0799405574798584,-0.04998672008514404,0.0003107154933535152,0.525
23,83.25196088219009,78.57606628826231,0.20216220869391008,0.14815339196884514,90.30401165321643,75.77025338877802,2.8576058502772343,2.933660246456746,8.030731174814042,6.879223577952305,2.8576058502772343,2.933660246456746,40.95477386934673,45.819397993311036,-0.07832932472229004,-0.05282175540924072,0.00035498935008043036,0.55
24,83.86115931985367,81.67116181746773,0.14118230659857867,0.1493198583556657,76.9641204271684,84.97708280429393,2.888809129021675,3.074240182953136,8.071381044946923,7.07481733213699,2.888809129021675,3.074240182953136,40.95477386934673,45.819397993311036,-0.10684776306152344,-0.28922903537750244,0.00040191102754766046,0.5750000000000001
25,84.31455386623466,81.78701256589348,0.1522721328228163,0.15041913854637273,83.55104960788235,79.29315882143767,2.8963823574072554,2.939250201285882,8.135777685909815,7.502419878407864,2.8963823574072554,2.939250201285882,40.95477386934673,45.819397993311036,-0.11523711681365967,-0.0487591028213501,0.0004507158366848345,0.6
26,84.75762361817225,80.8915310607706,0.139891821385628,0.1261664134104515,72.45082396438573,66.64465240172319,2.915987448077306,2.979836185640316,8.168331978508775,7.206893072479146,2.915987448077306,2.979836185640316,40.95477386934673,45.819397993311036,-0.11282336711883545,-0.19322717189788818,0.0005005,0.625
27,84.49537270192924,82.3557785952769,0.13721355785876263,0.15106067923598465,71.5305623193482,76.73033981578406,2.87396536121017,2.963440201354266,8.241863309837866,7.542178219377396,2.87396536121017,2.963440201354266,40.95477386934673,45.819397993311036,-0.09384000301361084,-0.129738450050354,0.0005502841633151655,0.65
28,84.0254825994597,80.96893203378123,0.13972135679406336,0.12798534622758528,74.48241698043032,71.99504831881826,2.8711229644628427,2.940771582931978,8.15485858757492,7.337248360432909,2.8711229644628427,2.940771582931978,40.95477386934673,45.819397993311036,-0.10589122772216797,-0.1262531280517578,0.0005990889724523396,0.675
29,84.04217122907015,81.23415800879233,0.12164860691756658,0.11759965779589969,70.59578630712564,70.0911301577769,2.844629688678275,2.9327486621894963,8.241094058881853,7.416009904548875,2.844629688678275,2.9327486621894963,40.95477386934673,45.819397993311036,-0.09112846851348877,-0.06974184513092041,0.0006460106499195698,0.7000000000000001
30,84.63565086479763,82.33994693819895,0.11560736539176161,0.11964811713599839,70.87586600656685,76.25510467733427,2.8709480047625315,2.9431559361741693,8.281380067917969,7.604064214189714,2.8709480047625315,2.9431559361741693,40.95477386934673,45.819397993311036,-0.08426880836486816,-0.12549734115600586,0.0006902845066464847,0.725
31,84.26522852707548,82.59252414256832,0.12867096276139495,0.13785673358966674,82.94996113992816,90.24522507071096,2.861067025505718,2.9211686430966175,8.231977946794213,7.71422768596024,2.861067025505718,2.9211686430966175,40.95477386934673,45.819397993311036,-0.09103453159332275,-0.057585835456848145,0.0007313275200513749,0.75
32,84.00776110062847,81.01545812294236,0.1308244700407862,0.11856985834729313,89.95278317245406,89.31219038437042,2.8526022394298507,2.9298054007782186,8.203750195016013,7.376230113881089,2.8526022394298507,2.9298054007782186,40.95477386934673,45.819397993311036,-0.07137763500213623,-0.09844911098480225,0.0007687562587155186,0.775
33,84.73074190021559,82.47840521566845,0.12355509842160958,0.1245439679776147,93.09178596125975,94.46716849540788,2.8785823302053326,2.935327730051251,8.270751372453955,7.649629599274601,2.8785823302053326,2.935327730051251,40.95477386934673,45.819397993311036,-0.09115135669708252,-0.08850741386413574,0.0008023817046700233,0.8
34,84.5549709505372,81.42107751138234,0.11512530616280221,0.10347121049428863,89.1979938424013,83.78648754107115,2.8806638470047483,2.943997420594844,8.231131724576455,7.4175833667002395,2.8806638470047483,2.943997420594844,40.95477386934673,45.819397993311036,-0.10101699829101562,-0.13319873809814453,0.0008321863667487907,0.8250000000000001
35,84.9949833599966,82.22162225015187,0.10560258878535361,0.11410692745327551,85.73698372896791,92.38233751277859,2.8898686396217026,2.9379566513176347,8.293552834783966,7.591775213196923,2.8898686396217026,2.9379566513176347,40.95477386934673,45.819397993311036,-0.12052452564239502,-0.1068040132522583,0.0008582907861644128,0.8500000000000001
36,84.52685658057132,82.54955227957123,0.11743492165103031,0.11323148390919867,94.87963865909545,92.87410562572671,2.8598866802164458,2.9439538298641956,8.285508045599089,7.639039588213764,2.8598866802164458,2.9439538298641956,40.95477386934673,45.819397993311036,-0.0824425220489502,-0.11969995498657227,0.0008809162808999045,0.875
37,85.06841210344528,81.40204605051507,0.1033547846116812,0.09030948853412998,88.98712104528992,84.08637893319529,2.884419412469145,2.995439982334507,8.323729304213021,7.260885881341022,2.884419412469145,2.995439982334507,40.95477386934673,45.819397993311036,-0.08850634098052979,-0.20435690879821777,0.0009003492613694345,0.8999999999999999
38,84.66905947226775,82.86221856975236,0.09128725740877627,0.09363666896935689,83.70274232899524,83.93488564379638,2.8453724292454807,2.96219901815306,8.364087144733473,7.651726756207521,2.8453724292454807,2.96219901815306,40.95477386934673,45.819397993311036,-0.1015329360961914,-0.1539679765701294,0.0009169104762025716,0.925
39,84.37074397357065,83.12066622322618,0.0999524259637149,0.10617702135373916,85.24949982098398,87.48475108577256,2.860521261416488,2.9469536522957793,8.25672243667807,7.74574884842072,2.860521261416488,2.9469536522957793,40.95477386934673,45.819397993311036,-0.07729661464691162,-0.12595748901367188,0.0009309307180769967,0.95
40,84.86596774256209,83.28468480955398,0.10901731162814039,0.11141688630832079,90.33224677720062,92.05161045546515,2.8482975967765056,2.926359962061496,8.389465416695804,7.838217033590362,2.8482975967765056,2.926359962061496,40.95477386934673,45.819397993311036,-0.06208157539367676,-0.07752346992492676,0.0009427331482770302,0.9750000000000001
41,84.38983366437493,82.50282272287835,0.11262392454860198,0.11299342091466272,92.64704097575279,93.3519153403598,2.8531673481715982,2.936843785952565,8.278288500991899,7.649649553075682,2.8531673481715982,2.936843785952565,40.95477386934673,45.819397993311036,-0.0891427993774414,-0.10378396511077881,0.0009526215526956109,1.0
42,85.44842269871901,82.40106017454013,0.11097408213357829,0.10807555218703771,92.23946613203141,90.38385397614444,2.9077157299322898,2.93475755082325,8.32661658914844,7.63695432190911,2.9077157299322898,2.93475755082325,40.95477386934673,45.819397993311036,-0.08306312561035156,-0.09603714942932129,0.0009608734429260324,1.025
43,84.85176350962577,82.53466386061449,0.10795177114968324,0.10714393390660303,89.90384104104098,88.90805150673143,2.8528443556934144,2.940495889721108,8.372828759939427,7.646808649783948,2.8528443556934144,2.940495889721108,40.95477386934673,45.819397993311036,-0.09101450443267822,-0.12053084373474121,0.0009677368307662479,1.05
44,85.4957398968925,83.30591830760739,0.10902559055854727,0.11828476347552494,90.7266238035269,96.18551043762412,2.902293844638358,2.931458478787272,8.352798351690398,7.824424990842175,2.902293844638358,2.931458478787272,40.95477386934673,45.819397993311036,-0.11260008811950684,-0.06760883331298828,0.000973429603416711,1.075
45,84.5620441916001,82.97154636446848,0.12142231609903188,0.1203895131979499,98.51318460333488,98.09391950524372,2.8517926881461086,2.9263058242989226,8.31347416793082,7.772123945995318,2.8517926881461086,2.9263058242989226,40.95477386934673,45.819397993311036,-0.09487926959991455,-0.09743857383728027,0.0009781406103348057,1.1
46,84.55661286780582,82.49779214508159,0.11807096290278873,0.11571337367379944,97.6187472063892,97.97482210497394,2.8636234221945656,2.937520165108518,8.277665307573738,7.6446118514274675,2.8636234221945656,2.937520165108518,40.95477386934673,45.819397993311036,-0.10065007209777832,-0.10475444793701172,0.0009820317762478706,1.125
47,84.51354337657116,82.07970385088969,0.11326715679623973,0.11089584448166116,98.15436879833739,98.51464836095089,2.851567479633606,2.936305704722835,8.306011677587053,7.5654329743273685,2.851567479633606,2.936305704722835,40.95477386934673,45.819397993311036,-0.09637260437011719,-0.12061536312103271,0.0009852407423384202,1.1500000000000001
48,85.61228001017867,82.66230467729345,0.11055898898510477,0.11155960310163307,99.23974441962825,100.89153289794922,2.8749795187657803,2.928659079465579,8.45579809958811,7.704238025639767,2.8749795187657803,2.928659079465579,40.95477386934673,45.819397993311036,-0.08058857917785645,-0.0852888822555542,0.00098788369345071,1.1749999999999998
49,84.4996511564782,82.37353515625,0.11198703661386292,0.10998015240283315,101.03200731644878,99.97426612879521,2.8102235123140726,2.9436493438223135,8.426856689517022,7.601967076394072,2.8102235123140726,2.9436493438223135,40.95477386934673,45.819397993311036,-0.08332467079162598,-0.13070666790008545,0.0009900581499349627,1.2
50,85.04075648117704,81.96548847211244,0.10662210073752619,0.10078837752441898,99.11651682893635,97.44297025036254,2.874988769566394,2.9488097911694378,8.342198773644478,7.507181038425918,2.874988769566394,2.9488097911694378,40.95477386934673,45.819397993311036,-0.10943353176116943,-0.12444734573364258,0.0009918455914179935,1.225
51,84.7127745610785,82.23417724813505,0.10009588354845941,0.10091403268751094,97.75055776369233,98.78694303378612,2.8512151912229147,2.9336923883112775,8.349340259130276,7.605818112159652,2.8512151912229147,2.9336923883112775,40.95477386934673,45.819397993311036,-0.0695037841796875,-0.10670721530914307,0.001,1.25
52,86.17848057323565,83.25213138235851,0.10234139119610315,0.10607494491099514,99.73041266053166,102.17498889017264,2.8938452067287326,2.939915259944954,8.513746160957682,7.789030540746989,2.8938452067287326,2.939915259944954,40.95477386934673,45.819397993311036,-0.11273908615112305,-0.12443232536315918,0.001,1.275
53,84.41835958714061,82.50735427703347,0.10683291531487725,0.10408756757360638,102.55985749466734,101.74347778626509,2.8399875339750866,2.9325124268547746,8.321830743920664,7.6627674118730935,2.8399875339750866,2.9325124268547746,40.95477386934673,45.819397993311036,-0.07872867584228516,-0.09948980808258057,0.001,1.3
54,84.89829434342121,82.87698971547411,0.10536727611243825,0.10841438007294932,102.33523490560714,103.92315051228705,2.847896558755207,2.9223820230235225,8.394428470426268,7.765784804238923,2.847896558755207,2.9223820230235225,40.95477386934673,45.819397993311036,-0.09783637523651123,-0.09822583198547363,0.001,1.3250000000000002
55,85.0879906378,83.27373940968593,0.11025351740207705,0.11094288034582617,105.01780732632481,106.07395427282837,2.845018807767424,2.9393580565883166,8.439487021173065,7.793270066430337,2.845018807767424,2.9393580565883166,40.95477386934673,45.819397993311036,-0.09129083156585693,-0.1262136697769165,0.001,1.35
56,84.9684893226304,83.01787283906968,0.11279733666223497,0.11426303944360452,107.00553707461461,108.1007199494735,2.8712161805362157,2.9294113466970897,8.336088992043756,7.770867725678511,2.8712161805362157,2.9294113466970897,40.95477386934673,45.819397993311036,-0.10045814514160156,-0.10214841365814209,0.001,1.375
57,84.78206237077313,82.87325075079366,0.11372511896306346,0.1134845125784842,108.00291329133051,108.03755361499594,2.8627321528429963,2.9377254179887546,8.323871152484836,7.717168831904995,2.8627321528429963,2.9377254179887546,40.95477386934673,45.819397993311036,-0.08939290046691895,-0.10132861137390137,0.001,1.4000000000000001
58,86.7902875226147,82.24358283715902,0.11175341775619005,0.10944004725652395,107.64800722515163,106.59729983734846,2.9255187579335478,2.927127956945362,8.537620953379363,7.624125278115671,2.9255187579335478,2.927127956945362,40.95477386934673,45.819397993311036,-0.11829590797424316,-0.08481848239898682,0.001,1.4249999999999998
59,85.16574906903496,82.23356337531355,0.10789764627589653,0.10574832157446788,106.42553921800163,105.89391857644786,2.8635025379845445,2.9375097871225413,8.39977765043377,7.591854926335771,2.8635025379845445,2.9375097871225413,40.95477386934673,45.819397993311036,-0.08256089687347412,-0.12025141716003418,0.001,1.45
60,84.68822214711251,82.90750106760491,0.1050972803378824,0.10529707788324676,105.10519480745198,104.76440536856252,2.8583361755064383,2.9407372147741926,8.320594875457099,7.717276206383338,2.8583361755064383,2.9407372147741926,40.95477386934673,45.819397993311036,-0.11014044284820557,-0.11433577537536621,0.001,1.4749999999999999
61,85.544296162412,82.9268314272265,0.105693994791963,0.10610451860770732,105.12332269614267,105.24138064687467,2.887937004642071,2.939978449639668,8.402884505701625,7.723161153570067,2.887937004642071,2.939978449639668,40.95477386934673,45.819397993311036,-0.09377360343933105,-0.12156355381011963,0.001,1.5
62,85.33456000451068,83.17076725784352,0.10891254148890625,0.11154864828124095,106.35005285112902,107.41650880539298,2.8715967145597117,2.931881904602051,8.4090694965829,7.794714662941004,2.8715967145597117,2.931881904602051,40.95477386934673,45.819397993311036,-0.09702908992767334,-0.10649609565734863,0.001,1.525
63,85.05135109037211,83.09905204645368,0.11224968690219236,0.11068623468130329,107.80412001106608,107.1950465683953,2.865624314776218,2.94430491916312,8.369386685753188,7.743320020146195,2.865624314776218,2.94430491916312,40.95477386934673,45.819397993311036,-0.092826247215271,-0.1238929033279419,0.001,1.55
64,84.63346147137871,82.85780946865529,0.1103065829580553,0.10938216758312588,107.2815154824824,106.88578923968566,2.829444684774632,2.940435869637939,8.394840705334842,7.70700019019902,2.829444684774632,2.940435869637939,40.95477386934673,45.819397993311036,-0.05129444599151611,-0.12412071228027344,0.001,1.575
65,84.59294040239037,82.69618628256298,0.1088205756404292,0.10896380457491381,106.80194431733047,106.93814495175977,2.8687552319499514,2.937232848393877,8.26919745759948,7.684358800932715,2.8687552319499514,2.937232848393877,40.95477386934673,45.819397993311036,-0.09319579601287842,-0.10051870346069336,0.001,1.6
66,85.35979799050183,82.64441254784829,0.10957090980942724,0.11059766604150817,107.22520331761346,107.56427292839739,2.8558670152571533,2.926499794159446,8.460999381801791,7.705750819432695,2.8558670152571533,2.926499794159446,40.95477386934673,45.819397993311036,-0.08377718925476074,-0.09208667278289795,0.001,1.625
67,85.3637702469051,82.78115296124615,0.11023545046797151,0.11073507321219779,107.98429735142182,108.46650323261784,2.882608497562121,2.9385002967107257,8.38128456678023,7.696889115017792,2.882608497562121,2.9385002967107257,40.95477386934673,45.819397993311036,-0.09623467922210693,-0.1193011999130249,0.001,1.6500000000000001
68,84.88512255798034,82.89846515974472,0.11025370674916049,0.1093177169710896,108.18304697672527,107.61541074414716,2.8498057320689036,2.941306335072852,8.383919915561899,7.71238752830786,2.8498057320689036,2.941306335072852,40.95477386934673,45.819397993311036,-0.09012365341186523,-0.12567579746246338,0.001,1.675
69,84.86981820980309,82.72690151048744,0.10882920735645134,0.10913304299315481,107.42922902067302,107.71152052353058,2.845353073011491,2.9295894756763676,8.394653115839615,7.713242924731711,2.845353073011491,2.9295894756763676,40.95477386934673,45.819397993311036,-0.08023715019226074,-0.10712575912475586,0.001,1.7000000000000002
70,85.09947874238543,82.87483342913879,0.10986983260667105,0.11076673127735738,108.1258604730194,108.95182647194751,2.852190796454348,2.9301495320820887,8.419724440454837,7.740573560912473,2.852190796454348,2.9301495320820887,40.95477386934673,45.819397993311036,-0.06686985492706299,-0.0962979793548584,0.001,1.7249999999999999
71,85.23517037396455,82.80090589746584,0.11136958344997074,0.11137709562296054,109.366204586061,109.60322047715204,2.8659988591818752,2.930882163669752,8.404890310424856,7.723338627894985,2.8659988591818752,2.930882163669752,40.95477386934673,45.819397993311036,-0.08754968643188477,-0.09518694877624512,0.001,1.75
72,85.01560979232916,82.58710977305536,0.11013838371739315,0.10821637294463889,109.03127049840674,108.09373369503979,2.8717341838370216,2.9322564474316346,8.344085500068601,7.6773902405065835,2.8717341838370216,2.9322564474316346,40.95477386934673,45.819397993311036,-0.0877145528793335,-0.1008535623550415,0.001,1.775
73,86.51535220761195,82.5810025320404,0.10775240027724799,0.1079098448954697,107.81793899152746,107.9004053479453,2.913481693171976,2.932967058392273,8.51951145287135,7.674137399348128,2.913481693171976,2.932967058392273,40.95477386934673,45.819397993311036,-0.12004327774047852,-0.11083853244781494,0.001,1.7999999999999998
74,85.64454050239806,83.1333632963557,0.1092427292935413,0.11091518571544251,108.58542160213094,109.04613387704295,2.8985197939465395,2.9449807959655456,8.389783130818277,7.747737702717351,2.8985197939465395,2.9449807959655456,40.95477386934673,45.819397993311036,-0.11919105052947998,-0.1179354190826416,0.001,1.825
75,85.41338339442983,82.84296807636784,0.1107841187610698,0.11035380664477779,109.24601620365827,109.68987743671124,2.9023011026270624,2.934832926976641,8.331767396910905,7.720086458136007,2.9023011026270624,2.934832926976641,40.95477386934673,45.819397993311036,-0.1186140775680542,-0.10423934459686279,0.001,1.85
76,84.35809283999342,82.84383915419562,0.11101548342499103,0.11103440783793313,109.70050055217902,109.61561686538136,2.8227663163963075,2.9363764751715005,8.359176233984916,7.715508083037309,2.8227663163963075,2.9363764751715005,40.95477386934673,45.819397993311036,-0.07404184341430664,-0.1070709228515625,0.001,1.875
77,85.05481135945024,82.92564090996682,0.11039688418209054,0.11037412851450834,109.70704902636146,109.89277107978744,2.868986297891767,2.9407863441518316,8.359982078398891,7.718715471567518,2.868986297891767,2.9407863441518316,40.95477386934673,45.819397993311036,-0.09630346298217773,-0.1161569356918335,0.001,1.9
78,85.04921005479055,82.94491725143382,0.11080806850887823,0.11129196987403277,110.13666473081963,110.49016622077662,2.845440768316962,2.933335714914328,8.429330747530887,7.744620355076615,2.845440768316962,2.933335714914328,40.95477386934673,45.819397993311036,-0.08384859561920166,-0.11134684085845947,0.001,1.925
79,85.89589586369756,82.93988843426656,0.11166059243269702,0.112551291426488,110.81623253750442,111.38973810202302,2.9099716421347765,2.9380163636095946,8.404768710559736,7.729140666017564,2.9099716421347765,2.9380163636095946,40.95477386934673,45.819397993311036,-0.11449551582336426,-0.10928916931152344,0.001,1.9500000000000002
80,85.85467308210568,82.9001697042714,0.11324956150759805,0.11424057372537345,111.78395023058407,112.39096153539957,2.908505275620887,2.9350520783044822,8.400412096250397,7.72955131690239,2.908505275620887,2.9350520783044822,40.95477386934673,45.819397993311036,-0.12911558151245117,-0.10839557647705078,0.001,1.975
81,84.7321791656852,82.96613094878435,0.11466203585042427,0.11479142440302316,112.81534867789877,113.0335738778513,2.8527782482517825,2.941800578382103,8.342605429478427,7.722259594843938,2.8527782482517825,2.941800578382103,40.95477386934673,45.819397993311036,-0.08291006088256836,-0.12083935737609863,0.001,2.0
82,85.06994701749716,82.85678667049343,0.11461226301426863,0.11469808594638288,113.20008292909044,113.21444480156022,2.8761730269970407,2.9385898057433675,8.339908168543523,7.71000532322504,2.8761730269970407,2.9385898057433675,40.95477386934673,45.819397993311036,-0.09981822967529297,-0.11792385578155518,0.001,2.0250000000000004
83,86.16260333037256,82.76436801259733,0.11433415192255822,0.11381252075118764,113.16844237310004,113.06494946942281,2.9068026163270524,2.934434314236593,8.466612493971883,7.704195282531024,2.9068026163270524,2.934434314236593,40.95477386934673,45.819397993311036,-0.12711310386657715,-0.11369109153747559,0.001,2.05
84,85.1306356049862,82.75226585362667,0.11402917687018313,0.11415943543249149,113.17012196449778,113.27970508588197,2.8306914338314755,2.9314692849698276,8.488612808374503,7.710557483111735,2.8306914338314755,2.9314692849698276,40.95477386934673,45.819397993311036,-0.08644735813140869,-0.10651147365570068,0.001,2.0749999999999997
85,85.82151229577248,82.93879755843045,0.11417308545841444,0.11453690168052214,113.43386425484765,113.80190920112125,2.8684943936378313,2.9381503516615037,8.513297803038528,7.727640821782243,2.8684943936378313,2.9381503516615037,40.95477386934673,45.819397993311036,-0.09598171710968018,-0.12045168876647949,0.001,2.1
86,85.25470193067387,82.99973649245042,0.11455978233510725,0.11490049539601126,113.84309911168799,113.90733051619003,2.880955929332842,2.9375590273369117,8.36239204614406,7.7415079623959135,2.880955929332842,2.9375590273369117,40.95477386934673,45.819397993311036,-0.10794460773468018,-0.11937284469604492,0.001,2.125
87,85.52823246583667,83.09355673901612,0.11529080157902971,0.11565826185371565,113.97643732425556,114.07664581605025,2.8500780500159593,2.934915825674765,8.509559105788444,7.768016413302725,2.8500780500159593,2.934915825674765,40.95477386934673,45.819397993311036,-0.08358156681060791,-0.11779701709747314,0.001,2.15
88,85.32289000851425,83.05297486678414,0.11536804187287837,0.11582713013508647,114.128868831462,114.23503316923926,2.863900031676045,2.939607810814644,8.426978782193745,7.745758554209834,2.863900031676045,2.939607810814644,40.95477386934673,45.819397993311036,-0.10446357727050781,-0.11287057399749756,0.001,2.175
89,86.07598726154372,82.91854741023137,0.11598610922918846,0.11619239173405944,114.40788350832123,114.64608532449473,2.9065720595706446,2.9340492419175876,8.449402889015287,7.735394214706676,2.9065720595706446,2.9340492419175876,40.95477386934673,45.819397993311036,-0.11817026138305664,-0.10914969444274902,0.001,2.2
90,85.29171924175729,82.92981819484545,0.11661288824862172,0.11735808884220378,114.86639427300075,115.16888483870389,2.8626427055403614,2.9312950751454534,8.424119856689044,7.745573611562468,2.8626427055403614,2.9312950751454534,40.95477386934673,45.819397993311036,-0.08862876892089844,-0.10757362842559814,0.001,2.225
91,85.56048564815042,83.02647560655473,0.11759744517168208,0.11846543908318548,115.36408214473245,115.55392968933718,2.8665914599420237,2.935363256811697,8.46573046583626,7.752401200425266,2.8665914599420237,2.935363256811697,40.95477386934673,45.819397993311036,-0.09643208980560303,-0.10629570484161377,0.001,2.25
92,85.29729511510187,82.78781102413318,0.11831809997159233,0.11784504062455634,115.54878478952789,115.3986723016337,2.8737823675625287,2.9324941316177213,8.391338565641112,7.713431179722814,2.8737823675625287,2.9324941316177213,40.95477386934673,45.819397993311036,-0.10166478157043457,-0.10289180278778076,0.001,2.275
93,85.41810541456468,82.8820061316857,0.11791097156865712,0.11794504142026838,115.39396620196113,115.4850935409699,2.8723305689429917,2.9316708714666975,8.419968461271507,7.7347027641475,2.8723305689429917,2.9316708714666975,40.95477386934673,45.819397993311036,-0.08959448337554932,-0.1080101728439331,0.001,2.3000000000000003
94,85.30748288715306,82.86712279048652,0.1177956699151889,0.1182107654801978,115.56490577684974,115.63901193165859,2.86320970286077,2.9352444191042797,8.425195374480843,7.720921259659987,2.86320970286077,2.9352444191042797,40.95477386934673,45.819397993311036,-0.07951939105987549,-0.10796892642974854,0.001,2.325
95,85.41358970757106,82.88427331216359,0.11820001975076283,0.11842430607231963,115.6754304895449,115.71030727118553,2.854946717545016,2.934279486487143,8.471103034027458,7.727188863084468,2.854946717545016,2.934279486487143,40.95477386934673,45.819397993311036,-0.08679032325744629,-0.1083226203918457,0.001,2.3499999999999996
96,85.196288717452,82.9727894199333,0.11848624212857667,0.11835411186002967,115.70306629072282,115.62043601453902,2.8542198080513344,2.937870964956124,8.429760250813597,7.734149652181261,2.8542198080513344,2.937870964956124,40.95477386934673,45.819397993311036,-0.08308327198028564,-0.1100761890411377,0.001,2.375
97,85.3058755896998,82.94089291167498,0.11818277867046033,0.11821925769681516,115.53023925218949,115.5072210815838,2.8557346458211414,2.939652090487273,8.447228856621875,7.722477659333909,2.8557346458211414,2.939652090487273,40.95477386934673,45.819397993311036,-0.08034837245941162,-0.10904812812805176,0.001,2.4
98,84.76836253410607,82.84740062700865,0.11800455988401944,0.11814066052536502,115.55097101361707,115.63427729271726,2.834625881520947,2.9310122030634544,8.403084048873415,7.729689051076321,2.834625881520947,2.9310122030634544,40.95477386934673,45.819397993311036,-0.08262956142425537,-0.10811865329742432,0.001,2.425
99,86.47187608370629,82.95548189603366,0.11846743505354503,0.118648471366801,115.68448821663657,115.75620052886248,2.9162391701735046,2.9395592547579352,8.498827479792201,7.725537958751155,2.9162391701735046,2.9395592547579352,40.95477386934673,45.819397993311036,-0.11826944351196289,-0.11064529418945312,0.001,2.45
100,85.43822904807239,82.99322535281995,0.11854896895350324,0.11926079000717023,115.82932740280177,115.83977835154454,2.8885611573256043,2.9320595120905235,8.375086653372351,7.755445799301301,2.8885611573256043,2.9320595120905235,40.95477386934673,45.819397993311036,-0.10433876514434814,-0.11100780963897705,0.001,2.475
101,85.91627135668168,83.00501807477562,0.11866952617414034,0.11882766916799704,115.82684510197471,115.85196747030302,2.8750617500126263,2.9379596152034493,8.511169460750304,7.740188718240796,2.8750617500126263,2.9379596152034493,40.95477386934673,45.819397993311036,-0.10075533390045166,-0.11841678619384766,0.001,2.5
102,85.27531269527161,82.89919525963008,0.11874121240335493,0.11846110785386235,115.86603078410853,115.88840849503227,2.8632746936887554,2.9373782334917764,8.418316585534381,7.720834059061414,2.8632746936887554,2.9373782334917764,40.95477386934673,45.819397993311036,-0.10834050178527832,-0.11771214008331299,0.001,2.5
103,86.06384123989086,83.18738813623537,0.1186645418106012,0.11910381018617082,115.91080540029247,115.87520290617161,2.897874335348107,2.942599448073269,8.472230307420894,7.762683192224407,2.897874335348107,2.942599448073269,40.95477386934673,45.819397993311036,-0.10351991653442383,-0.12313902378082275,0.001,2.5
104,84.65055852279791,82.85318998509028,0.11896053354694217,0.11877319077185564,115.85175488342591,115.82696257626333,2.8480713471296046,2.9333260194912403,8.338935054926017,7.723739909487823,2.8480713471296046,2.9333260194912403,40.95477386934673,45.819397993311036,-0.06373965740203857,-0.11745870113372803,0.001,2.5
105,84.42726109694796,82.98650574444927,0.11868105073719967,0.1184755982613085,115.85933738976867,115.90398973445828,2.836805804490644,2.938915140254043,8.328126706869359,7.733679951632701,2.836805804490644,2.938915140254043,40.95477386934673,45.819397993311036,-0.07962596416473389,-0.11730897426605225,0.001,2.5
106,85.57474917822347,83.00273132324219,0.11885655467933547,0.11907033006782117,115.93745010861599,116.05320474375849,2.8753492141289128,2.938707158717025,8.441943349151355,7.737400220788044,2.8753492141289128,2.938707158717025,40.95477386934673,45.819397993311036,-0.10251784324645996,-0.11500430107116699,0.001,2.5
107,85.63233175868764,82.96373511477059,0.11902675421992738,0.11940243668281116,116.1810024651251,116.29811721342463,2.8904930998132854,2.938857513127917,8.40794575913268,7.729034514730192,2.8904930998132854,2.938857513127917,40.95477386934673,45.819397993311036,-0.10888040065765381,-0.11160051822662354,0.001,2.5
108,85.23645967774256,82.9510565410091,0.11937472149355327,0.11939464663980796,116.34523649231673,116.45431829854398,2.8858445721055994,2.9381673710800733,8.342614460630433,7.7285394397467675,2.8858445721055994,2.9381673710800733,40.95477386934673,45.819397993311036,-0.11000490188598633,-0.11167442798614502,0.001,2.5
109,86.1443087962804,82.98892691621812,0.11955352843906013,0.11998501664220688,116.47484500444115,116.49553887102516,2.9139858334507776,2.93971365590558,8.439698478085312,7.731347954791525,2.9139858334507776,2.93971365590558,40.95477386934673,45.819397993311036,-0.11586248874664307,-0.11574041843414307,0.001,2.5
110,85.91930241161455,82.77968717339047,0.11963283164517165,0.11949412452437008,116.54253457738726,116.55019169427878,2.900220871770402,2.933297449131076,8.43596281677834,7.708836485310941,2.900220871770402,2.933297449131076,40.95477386934673,45.819397993311036,-0.11973190307617188,-0.11226069927215576,0.001,2.5
111,85.70552111550592,82.87405780804994,0.1196765285390905,0.11949354011478233,116.57542236685953,116.5786552556781,2.87593863118234,2.9369431913497057,8.466037632033254,7.716767411566897,2.87593863118234,2.9369431913497057,40.95477386934673,45.819397993311036,-0.09869301319122314,-0.11920201778411865,0.001,2.5
112,86.02553027998063,82.9250358658092,0.11949610675199947,0.11939870147501745,116.55923097696736,116.52488443125849,2.9037798916674538,2.935453342354816,8.446555242266887,7.7314622792910574,2.9037798916674538,2.935453342354816,40.95477386934673,45.819397993311036,-0.10790956020355225,-0.11587643623352051,0.001,2.5
113,85.40299859997415,82.80721624878338,0.11949615890606365,0.11914010448100973,116.50012483069645,116.46530608110204,2.8454641465166306,2.9393118998677434,8.497007790921721,7.696386925751549,2.8454641465166306,2.9393118998677434,40.95477386934673,45.819397993311036,-0.09324347972869873,-0.11903417110443115,0.001,2.5
114,86.13959239914989,82.84822705118951,0.11930298181235091,0.11932482079518679,116.45682575475031,116.46125147892879,2.9221639988610093,2.9386031619681163,8.414274436145572,7.706678077927402,2.9221639988610093,2.9386031619681163,40.95477386934673,45.819397993311036,-0.13563144207000732,-0.12064492702484131,0.001,2.5
115,86.04593855252418,82.97110646225536,0.11917481983277067,0.1193350489721649,116.49086746139143,116.50555598536462,2.902121085817091,2.9385315638322096,8.455691328000782,7.731458450240834,2.902121085817091,2.9385315638322096,40.95477386934673,45.819397993311036,-0.12281227111816406,-0.11546742916107178,0.001,2.5
116,85.33597844569528,82.91134541489208,0.11913684348714611,0.11908803738180211,116.5147466483827,116.49328151434959,2.876961424921825,2.9353003318493185,8.389181170631293,7.729252647795406,2.876961424921825,2.9353003318493185,40.95477386934673,45.819397993311036,-0.09326684474945068,-0.1134718656539917,0.001,2.5
117,85.36792165989452,82.95141359156987,0.11926229646307739,0.11934959998098903,116.50708066598455,116.51821320192471,2.8647168553254914,2.9390720970255875,8.4322797704981,7.725892945675547,2.8647168553254914,2.9390720970255875,40.95477386934673,45.819397993311036,-0.09742450714111328,-0.1127007007598877,0.001,2.5
118,85.67262216948185,82.927893546114,0.1194986547756834,0.11972168770721525,116.56705984757774,116.62816482084651,2.871160202489626,2.9355851375937063,8.473830576118711,7.731552782664729,2.871160202489626,2.9355851375937063,40.95477386934673,45.819397993311036,-0.0916452407836914,-0.11313354969024658,0.001,2.5
119,85.62955025013169,82.92269188105861,0.11968701762120727,0.11960025679905678,116.66911230294949,116.71087074917695,2.8581038703471173,2.9394443505583796,8.504327032833643,7.718943709115121,2.8581038703471173,2.9394443505583796,40.95477386934673,45.819397993311036,-0.09661507606506348,-0.11574459075927734,0.001,2.5
120,86.08318368474043,82.90811044954536,0.11985978537817896,0.11977100945436038,116.71912395534802,116.71633352324316,2.8969457584809217,2.939080512643259,8.47848397004145,7.717083889505138,2.8969457584809217,2.939080512643259,40.95477386934673,45.819397993311036,-0.10466551780700684,-0.1179192066192627,0.001,2.5
121,86.16647737589314,82.90258385903859,0.11984444774025849,0.11943129846284221,116.72433880625458,116.71599339003546,2.9032989490771013,2.9391027326169223,8.476084827378367,7.7159792986203195,2.9032989490771013,2.9391027326169223,40.95477386934673,45.819397993311036,-0.12027180194854736,-0.12159860134124756,0.001,2.5
122,85.93602920097722,82.90162462215359,0.11982840494294862,0.11970215392949987,116.70467162012454,116.69105394548397,2.9053732965459775,2.939602409318139,8.42377929431909,7.714238528822577,2.9053732965459775,2.939602409318139,40.95477386934673,45.819397993311036,-0.1172112226486206,-0.11713123321533203,0.001,2.5
123,85.59621945737395,82.85048180519537,0.11947524205623959,0.11939443792387794,116.70042488443192,116.71545491808632,2.860985894498713,2.934830667183152,8.489051398719775,7.718382734917478,2.860985894498713,2.934830667183152,40.95477386934673,45.819397993311036,-0.08235335350036621,-0.10944414138793945,0.001,2.5
124,85.85900273155328,83.01606454498393,0.11961416293628252,0.11986328075861054,116.74014703951889,116.75613747791303,2.8843859871428217,2.941854516000652,8.47137199095146,7.7303260959510425,2.8843859871428217,2.941854516000652,40.95477386934673,45.819397993311036,-0.10840630531311035,-0.11521804332733154,0.001,2.5
125,86.01977554397966,82.98985617136876,0.11962700041145136,0.11981065932623917,116.77486647153819,116.7890302728251,2.898295075450111,2.9408185083331873,8.461789428289212,7.728195260599704,2.898295075450111,2.9408185083331873,40.95477386934673,45.819397993311036,-0.11827611923217773,-0.11829864978790283,0.001,2.5
126,85.60117622516063,82.95245124025887,0.11955289381682574,0.11947021391678814,116.82591567047477,116.86293506941269,2.9037402558766017,2.9409912406002796,8.361738502080716,7.720250233359959,2.9037402558766017,2.9409912406002796,40.95477386934673,45.819397993311036,-0.12304508686065674,-0.1198732852935791,0.001,2.5
127,86.0313432907539,82.89970854692235,0.11962838988857254,0.11957896353807737,116.87475468365591,116.87104769295274,2.906695054803462,2.9393379855714117,8.438882596129348,7.7146371790397925,2.906695054803462,2.9393379855714117,40.95477386934673,45.819397993311036,-0.11862468719482422,-0.11413288116455078,0.001,2.5
128,86.18282228658347,82.97483001504854,0.11951541719674265,0.11966345461714627,116.85777934472165,116.82532243505369,2.890190293840827,2.9419106982623453,8.518719027789194,7.721934954856949,2.890190293840827,2.9419106982623453,40.95477386934673,45.819397993311036,-0.11661803722381592,-0.11909472942352295,0.001,2.5
129,85.57524218790894,82.98846144660261,0.11933371160098256,0.11971372657495996,116.80882118774619,116.79889301312807,2.897214074430354,2.9399293800660202,8.376177623243986,7.730601149657897,2.897214074430354,2.9399293800660202,40.95477386934673,45.819397993311036,-0.10994493961334229,-0.11275231838226318,0.001,2.5
130,84.86212924976445,82.85545165403232,0.11951180597395952,0.11959760845405203,116.81881101726488,116.82503147189036,2.869898023317807,2.9310237524102765,8.315465313705367,7.730734201577993,2.869898023317807,2.9310237524102765,40.95477386934673,45.819397993311036,-0.08638966083526611,-0.1110459566116333,0.001,2.5
131,85.6557943321752,82.86155445519897,0.11961147809398034,0.11965260776787698,116.83197829152272,116.82711950193679,2.891834895614803,2.937137617315337,8.40836536944212,7.713602027765485,2.891834895614803,2.937137617315337,40.95477386934673,45.819397993311036,-0.11034297943115234,-0.11401379108428955,0.001,2.5
132,85.21172820942685,82.78691981388972,0.11958891363000151,0.11932316856041401,116.83296865594247,116.82852315743233,2.8729151864746707,2.9348011885997045,8.376315685572536,7.7057496265424135,2.8729151864746707,2.9348011885997045,40.95477386934673,45.819397993311036,-0.09154486656188965,-0.11514616012573242,0.001,2.5
133,85.30063907744697,82.98498499433333,0.11949083711983172,0.11991351122740519,116.84230205082214,116.84692666044204,2.891501356009862,2.9392130781575587,8.338357080366944,7.732005620082485,2.891501356009862,2.9392130781575587,40.95477386934673,45.819397993311036,-0.09687447547912598,-0.11389482021331787,0.001,2.5
134,85.3435113801429,82.94182584118285,0.11971203987822061,0.11983466915861021,116.85177516458023,116.84160437950722,2.8694515004629264,2.937492414461729,8.413034982218015,7.72855328078254,2.8694515004629264,2.937492414461729,40.95477386934673,45.819397993311036,-0.0959547758102417,-0.11445093154907227,0.001,2.5
135,85.65533834486152,82.81023919861452,0.1196912617689401,0.11940420174778106,116.84310773788785,116.84204142388691,2.8727057746906377,2.938156677329022,8.46564364952458,7.700329035819574,2.8727057746906377,2.938156677329022,40.95477386934673,45.819397993311036,-0.09485113620758057,-0.11477160453796387,0.001,2.5
136,85.49970773156963,82.84297435339478,0.11944480533625812,0.11944321834522745,116.85731649478676,116.86875494507244,2.883113916595178,2.9363125949400324,8.403338886784947,7.712395077963737,2.883113916595178,2.9363125949400324,40.95477386934673,45.819397993311036,-0.09876835346221924,-0.11376631259918213,0.001,2.5
137,84.6339124746658,82.8686208820662,0.11952734449051533,0.11968721486752647,116.88518597013388,116.8965039715719,2.849921683370568,2.939318850686319,8.329734941223759,7.70845075754019,2.849921683370568,2.939318850686319,40.95477386934673,45.819397993311036,-0.0932762622833252,-0.11385059356689453,0.001,2.5
138,85.46822059414096,82.98714431711663,0.11964607887731325,0.11972039731150885,116.9119835858369,116.91887866374242,2.84800311548626,2.9370328662387504,8.502323605906424,7.739002851339487,2.84800311548626,2.9370328662387504,40.95477386934673,45.819397993311036,-0.09208500385284424,-0.11515593528747559,0.001,2.5
139,84.69524575238252,82.90812285050102,0.11966481343086441,0.11920929680201521,116.93186408830448,116.93932891131244,2.836219680169519,2.938072918250808,8.383070699733306,7.7201758850378335,2.836219680169519,2.938072918250808,40.95477386934673,45.819397993311036,-0.07477176189422607,-0.1173713207244873,0.001,2.5
140,85.4321549382042,82.99002412011392,0.11970884164473919,0.1200174007029039,116.9533851022896,116.96073785992371,2.8701834906285733,2.9361772967820183,8.42854774177973,7.742076658484928,2.8701834906285733,2.9361772967820183,40.95477386934673,45.819397993311036,-0.09960401058197021,-0.11449611186981201,0.001,2.5
141,86.12229813363284,82.93165185220265,0.11983473807373637,0.1198945262011477,116.97026961692414,116.97166960853399,2.8800646927288827,2.9379741085014217,8.5369046704853,7.7250351172227125,2.8800646927288827,2.9379741085014217,40.95477386934673,45.819397993311036,-0.11065876483917236,-0.1145697832107544,0.001,2.5
142,85.68109625428166,82.89051430998838,0.11980169300158419,0.11979288744886583,116.98175015601281,116.98056009860342,2.885522913493503,2.936211929672139,8.432294011715069,7.722112221861364,2.885522913493503,2.936211929672139,40.95477386934673,45.819397993311036,-0.10306167602539062,-0.11440277099609375,0.001,2.5
143,85.827160565298,82.94491436808404,0.11966906311973255,0.11997253527509727,116.99120967232402,116.99666659249908,2.89374874624575,2.935695077264588,8.436853717120249,7.734502819469541,2.89374874624575,2.935695077264588,40.95477386934673,45.819397993311036,-0.10680830478668213,-0.11266434192657471,0.001,2.5
144,85.30232831740898,82.93275096982617,0.11983460225352091,0.11973069643097178,117.01127811093227,117.02055999347597,2.8589720622179295,2.9407557882991524,8.43618023615187,7.716932441877282,2.8589720622179295,2.9407557882991524,40.95477386934673,45.819397993311036,-0.08294928073883057,-0.11542820930480957,0.001,2.5
145,85.08391250278083,83.0533109939218,0.11967180641851632,0.11962309701486575,117.02645144310829,117.02433866162762,2.8551974320531492,2.941170914117309,8.403850264685039,7.739819981182698,2.8551974320531492,2.941170914117309,40.95477386934673,45.819397993311036,-0.07965672016143799,-0.11823749542236328,0.001,2.5
146,85.47862371447897,82.97563344898032,0.11989524175523714,0.11974646051392507,117.03468345757106,117.0378179901021,2.871492783228556,2.9404189937489487,8.433860342706268,7.7265134112890745,2.871492783228556,2.9404189937489487,40.95477386934673,45.819397993311036,-0.10001063346862793,-0.11644542217254639,0.001,2.5
147,85.09834390509269,82.90662396791387,0.11988500705366359,0.11992195136471337,117.04874808664498,117.04605890994885,2.8847729908162028,2.9371320627206146,8.317962892490815,7.722535591061697,2.8847729908162028,2.9371320627206146,40.95477386934673,45.819397993311036,-0.11920595169067383,-0.11495697498321533,0.001,2.5
148,85.22814011054622,82.89982758078686,0.11997344257494114,0.11991732826699382,117.05374131450301,117.05148323084599,2.8707062990421823,2.93464200233536,8.38610384811708,7.728645120576074,2.8707062990421823,2.93464200233536,40.95477386934673,45.819397993311036,-0.08894157409667969,-0.11547684669494629,0.001,2.5
149,85.9422115920177,82.97583298699114,0.1199596365991749,0.12001753645796441,117.05648356426501,117.05178409436076,2.8764582962246994,2.937516965993671,8.511664238806745,7.735202529358625,2.8764582962246994,2.937516965993671,40.95477386934673,45.819397993311036,-0.09843671321868896,-0.11326515674591064,0.001,2.5
150,85.93476075343351,82.88017918513371,0.11975597238271081,0.11993393194814989,117.05292992775564,117.04701255874889,2.874990068688065,2.9320182010880282,8.514620426312163,7.732585699661918,2.874990068688065,2.9320182010880282,40.95477386934673,45.819397993311036,-0.09969675540924072,-0.1129312515258789,0.001,2.5
151,85.29907456594496,82.88151366575107,0.11982358794915217,0.11953779499367329,117.05347539751574,117.04780257107024,2.842765030549399,2.9387078165609304,8.484144205224375,7.712862025933919,2.842765030549399,2.9387078165609304,40.95477386934673,45.819397993311036,-0.0656881332397461,-0.11446356773376465,0.001,2.5
152,84.62583049218259,82.9555857476582,0.11993546911220454,0.11986682212671708,117.05351869464918,117.05219590305086,2.8604404099622562,2.9392757224398713,8.296447506302366,7.725905987729995,2.8604404099622562,2.9392757224398713,40.95477386934673,45.819397993311036,-0.08544695377349854,-0.11397802829742432,0.001,2.5
153,84.44671193798582,82.93585562307301,0.11988954229820115,0.11990003905766784,117.05891123249303,117.05658696407458,2.8344859210290703,2.9347051984091665,8.338494720970166,7.735664362891462,2.8344859210290703,2.9347051984091665,40.95477386934673,45.819397993311036,-0.07747745513916016,-0.11612415313720703,0.001,2.5
154,86.24789401873872,82.9440362732546,0.11980326422544779,0.11987656165524868,117.06258019170969,117.06157444472296,2.895623356053977,2.9423963258099,8.515336036682129,7.714230250355392,2.895623356053977,2.9423963258099,40.95477386934673,45.819397993311036,-0.11284542083740234,-0.11488449573516846,0.001,2.5
155,86.19363131115784,82.99337707315401,0.11974893914694762,0.11994894740972231,117.0678997582926,117.0658381280293,2.912288272001436,2.9395054255839574,8.454498169609849,7.732756231939513,2.912288272001436,2.9395054255839574,40.95477386934673,45.819397993311036,-0.12259066104888916,-0.11532628536224365,0.001,2.5
156,85.11538087982228,82.95269134929747,0.1199429892315537,0.12012841721940598,117.07567469917949,117.07708949468606,2.841171065766608,2.940014088034231,8.452159341655584,7.7230544377330155,2.841171065766608,2.940014088034231,40.95477386934673,45.819397993311036,-0.07878029346466064,-0.11584842205047607,0.001,2.5
157,85.08652631801178,82.95855105601026,0.11980310561668933,0.11960263520379529,117.0837522215979,117.07951434081215,2.8424949717881094,2.941520728395137,8.442442981841376,7.7198111444811355,2.8424949717881094,2.941520728395137,40.95477386934673,45.819397993311036,-0.06837236881256104,-0.11383771896362305,0.001,2.5
158,85.24558714286766,82.88456297399209,0.1199142932642245,0.11975296758688413,117.08578543607115,117.08295175303583,2.8987776785839343,2.9367834636598924,8.305384750941291,7.719195525383072,2.8987776785839343,2.9367834636598924,40.95477386934673,45.819397993311036,-0.10994577407836914,-0.11411821842193604,0.001,2.5
159,85.12315688141227,83.11287354944541,0.11984194763990702,0.1197318386124528,117.0882988039972,117.08361548484369,2.8638785684128703,2.9414835414758893,8.385609582041576,7.750761609412356,2.8638785684128703,2.9414835414758893,40.95477386934673,45.819397993311036,-0.09486758708953857,-0.11702191829681396,0.001,2.5
160,86.19955827722598,82.85177091770747,0.11975540023552912,0.11975861178792041,117.09029364146579,117.08757521715451,2.900421629798672,2.9306898675236015,8.491277445500819,7.730915075959171,2.900421629798672,2.9306898675236015,40.95477386934673,45.819397993311036,-0.10224044322967529,-0.11324310302734375,0.001,2.5
161,85.91418060865035,83.15914363286966,0.12004997616187611,0.12006664754554978,117.09480911842742,117.09255802830725,2.8658895153096773,2.9436116952162523,8.53773827289217,7.753561270276839,2.8658895153096773,2.9436116952162523,40.95477386934673,45.819397993311036,-0.09934091567993164,-0.11479723453521729,0.001,2.5
162,85.464481117338,82.92710233452328,0.11993846816433534,0.11981670491173116,117.09818136192845,117.09462995752443,2.868006084831915,2.9394245442738103,8.441470558319859,7.719764919982706,2.868006084831915,2.9394245442738103,40.95477386934673,45.819397993311036,-0.08676350116729736,-0.11503052711486816,0.001,2.5
163,85.7792098206691,82.94899308322664,0.11994031019246758,0.11994895226879662,117.10286514563377,117.1016174367439,2.8929172209159812,2.9396367439856896,8.429681746005214,7.723478661731733,2.8929172209159812,2.9396367439856896,40.95477386934673,45.819397993311036,-0.11108314990997314,-0.11865448951721191,0.001,2.5
164,85.7940376575668,82.75222262889645,0.11978480696578321,0.11982423779757126,117.10724602831867,117.10238910279546,2.8682375337610293,2.933532775445128,8.506716550095398,7.702461751408402,2.8682375337610293,2.933532775445128,40.95477386934673,45.819397993311036,-0.09129536151885986,-0.10977339744567871,0.001,2.5
165,85.69731937580971,82.84716414129456,0.11993780116889145,0.11997161028177841,117.10774375366006,117.10253084622897,2.879366536435969,2.93732111988259,8.453954816463604,7.7100549525640485,2.879366536435969,2.93732111988259,40.95477386934673,45.819397993311036,-0.09683239459991455,-0.11242055892944336,0.001,2.5
166,85.6518535518167,82.90695532349041,0.11981077255116436,0.12010966226408713,117.10939384984411,117.10571021140619,2.882295241507653,2.9367713003254257,8.436100849554167,7.723634051638702,2.882295241507653,2.9367713003254257,40.95477386934673,45.819397993311036,-0.10900211334228516,-0.11344408988952637,0.001,2.5
167,85.25840544580814,82.92582518918857,0.11994516088235718,0.12001349619997784,117.1129538889107,117.11032053459448,2.8527560573526762,2.938287379350949,8.446001634326214,7.722878110049959,2.8527560573526762,2.938287379350949,40.95477386934673,45.819397993311036,-0.0845414400100708,-0.11676669120788574,0.001,2.5
168,84.39790530819789,82.82419091164068,0.11984175302624903,0.11991000093245587,117.11599948697753,117.11019519818666,2.823083388346124,2.9338679233921012,8.362939345776736,7.715830653008808,2.823083388346124,2.9338679233921012,40.95477386934673,45.819397993311036,-0.06967926025390625,-0.11458778381347656,0.001,2.5
169,84.7157872134517,82.87805752451204,0.11997350739624033,0.11995752910806184,117.11417719906498,117.10711856191374,2.861957558435411,2.9352913987277742,8.309867053774733,7.722324199102395,2.861957558435411,2.9352913987277742,40.95477386934673,45.819397993311036,-0.09373688697814941,-0.11644101142883301,0.001,2.5
170,85.76468470587803,82.88697738392297,0.11994771570765993,0.11977739567342012,117.11228582487634,117.10558280817243,2.8842294367913226,2.9357690013770674,8.452836394509678,7.72271106394637,2.8842294367913226,2.9357690013770674,40.95477386934673,45.819397993311036,-0.09306633472442627,-0.11762809753417969,0.001,2.5
171,84.51283256492422,83.0192707023493,0.11991116330901183,0.11988637227577509,117.10976268059045,117.10360980592046,2.847625865808484,2.9373401216041284,8.312284781106154,7.744436329423783,2.847625865808484,2.9373401216041284,40.95477386934673,45.819397993311036,-0.09018266201019287,-0.11597931385040283,0.001,2.5
172,86.1953524105513,82.87566061881076,0.12003287976261359,0.11967934294289172,117.10912614371908,117.10408071052271,2.9140693166946847,2.935182863254611,8.449433897008849,7.722226224216729,2.9140693166946847,2.935182863254611,40.95477386934673,45.819397993311036,-0.12532353401184082,-0.11078953742980957,0.001,2.5
173,84.97086974484237,82.86876188552499,0.1198109019566421,0.1201397500508605,117.10926257825177,117.10406438004611,2.8431039431586336,2.9334858540308515,8.417478322583428,7.725845620783675,2.8431039431586336,2.9334858540308515,40.95477386934673,45.819397993311036,-0.09440028667449951,-0.1108698844909668,0.001,2.5
174,85.66278444223069,82.83125797641716,0.11979612846620119,0.11973412407182132,117.10873558772869,117.1026824134648,2.888645414531331,2.933146805268865,8.419239369269391,7.719443550875354,2.888645414531331,2.933146805268865,40.95477386934673,45.819397993311036,-0.10450339317321777,-0.11252701282501221,0.001,2.5
175,86.14987748751489,82.87891349664899,0.1200549561324431,0.1198651107607478,117.10784063546902,117.10245786941171,2.903116468209118,2.934257506526832,8.473193706180183,7.725616155260782,2.903116468209118,2.934257506526832,40.95477386934673,45.819397993311036,-0.12395107746124268,-0.11363983154296875,0.001,2.5
176,85.83112258527746,82.75978343542603,0.11991726976493296,0.1199383814149477,117.1078152936108,117.10263663709762,2.8906633182985697,2.933528492681956,8.446829719160071,7.703962745475131,2.8906633182985697,2.933528492681956,40.95477386934673,45.819397993311036,-0.11401283740997314,-0.11472749710083008,0.001,2.5
177,85.59189736064354,82.85751286637424,0.11992290810724,0.1200909103488045,117.10820915950603,117.10293742406328,2.8900511192916025,2.933993955918379,8.400819851924826,7.722081040857628,2.8900511192916025,2.933993955918379,40.95477386934673,45.819397993311036,-0.09639060497283936,-0.11286294460296631,0.001,2.5
178,85.06668609670258,82.86266977571724,0.11996584253345102,0.11981281812573755,117.10812990070387,117.10325446495644,2.8680862477876032,2.93645230503784,8.361663917400929,7.715793659057107,2.8680862477876032,2.93645230503784,40.95477386934673,45.819397993311036,-0.10656797885894775,-0.11635637283325195,0.001,2.5
179,86.06498812830428,82.78251778082704,0.11973049960893203,0.11985993564726916,117.1087445078583,117.1038277412338,2.900117922468201,2.933138944632234,8.465275905040441,7.709694031488936,2.900117922468201,2.933138944632234,40.95477386934673,45.819397993311036,-0.1272042989730835,-0.1084524393081665,0.001,2.5
180,85.58457376809176,82.90988148973139,0.1198668420015268,0.1198642634627811,117.10960600324212,117.10471951283739,2.8819450337683135,2.9373974162200622,8.42368425276611,7.722389272224145,2.8819450337683135,2.9373974162200622,40.95477386934673,45.819397993311036,-0.11219298839569092,-0.11391258239746094,0.001,2.5
181,85.26513303823806,82.96863568666387,0.11988444167066059,0.1199964107727526,117.11009977970092,117.10472061004128,2.8615502963713064,2.938112691094644,8.420976656365834,7.73196913326863,2.8615502963713064,2.938112691094644,40.95477386934673,45.819397993311036,-0.09489297866821289,-0.11598598957061768,0.001,2.5
182,84.61003102569325,82.94662909364222,0.11985320524254836,0.11966061681808038,117.10984933875514,117.10402618204073,2.8321297264578353,2.9381884220850507,8.378224531010767,7.727408389981375,2.8321297264578353,2.9381884220850507,40.95477386934673,45.819397993311036,-0.07906663417816162,-0.11832737922668457,0.001,2.5
183,85.59132828704476,82.92242201993298,0.1199867869891114,0.119995609424186,117.10916991369608,117.10390406069548,2.8449538401023826,2.9386185347834557,8.53598492189468,7.7212094877874575,2.8449538401023826,2.9386185347834557,40.95477386934673,45.819397993311036,-0.08143484592437744,-0.11802411079406738,0.001,2.5
184,85.00866131806494,82.7791356115437,0.11991934387178677,0.11960427475513821,117.10937232907294,117.10434347809756,2.848564264962022,2.9377455815025,8.408633690583247,7.695248321545962,2.848564264962022,2.9377455815025,40.95477386934673,45.819397993311036,-0.0853344202041626,-0.11902594566345215,0.001,2.5
185,86.09417916302705,82.85805738570299,0.12014190922530253,0.11984677652650852,117.10983912789042,117.10450155200766,2.926182329155492,2.935309693167441,8.392838248056384,7.718293229871769,2.926182329155492,2.935309693167441,40.95477386934673,45.819397993311036,-0.1344294548034668,-0.11826586723327637,0.001,2.5
186,85.98687585674139,82.87157080404735,0.11977118921389732,0.11986810950730557,117.11018358802475,117.10526783410522,2.9196981724782205,2.936439680016559,8.390904487277595,7.71760024195132,2.9196981724782205,2.936439680016559,40.95477386934673,45.819397993311036,-0.10083258152008057,-0.11417150497436523,0.001,2.5
187,85.23126661597784,82.88578107444738,0.11988713955459883,0.11965535159992136,117.11066445713267,117.10539646212473,2.8592280335162754,2.9355293564174487,8.421169418386079,7.723215643777497,2.8592280335162754,2.9355293564174487,40.95477386934673,45.819397993311036,-0.09310483932495117,-0.11533844470977783,0.001,2.5
188,85.45419477657657,82.93156583652049,0.11985414007201267,0.11955386061333494,117.11067296831652,117.10510327903722,2.888339644101397,2.934004448728019,8.378427083767837,7.73696805641404,2.888339644101397,2.934004448728019,40.95477386934673,45.819397993311036,-0.1109921932220459,-0.11224877834320068,0.001,2.5
189,86.0226787011228,82.98736240552819,0.11984482803186979,0.11994641645496905,117.11038683407271,117.10496592441929,2.895021143071416,2.9396068180683863,8.472081638061422,7.731241592994103,2.895021143071416,2.9396068180683863,40.95477386934673,45.819397993311036,-0.1198357343673706,-0.1158761978149414,0.001,2.5
190,86.20120914018334,82.9106162591124,0.11984087687790693,0.11997492471865587,117.11030090434268,117.1049953703099,2.894530744009481,2.9310040505833452,8.50925906579099,7.741694850666467,2.894530744009481,2.9310040505833452,40.95477386934673,45.819397993311036,-0.11878573894500732,-0.11254382133483887,0.001,2.5
191,85.90891944463529,82.9441048357399,0.1197621647012693,0.11936480285331956,117.11033521744874,117.10504550997629,2.9147517070099336,2.9387716473544323,8.390154087763136,7.725212003076356,2.9147517070099336,2.9387716473544323,40.95477386934673,45.819397993311036,-0.12903344631195068,-0.1155017614364624,0.001,2.5
192,85.40428960343301,82.82174131463603,0.11999921554346979,0.1197654717791838,117.11058559449674,117.10546515219188,2.871465062775604,2.9344322298681456,8.41904087881347,7.713676964558886,2.871465062775604,2.9344322298681456,40.95477386934673,45.819397993311036,-0.09648096561431885,-0.1169508695602417,0.001,2.5
193,85.7723559151143,82.92466243373909,0.11989034075832847,0.12002604457247616,117.11098717924338,117.10597851603326,2.9083004273361897,2.9327186270302357,8.382169816162518,7.739350464033044,2.9083004273361897,2.9327186270302357,40.95477386934673,45.819397993311036,-0.12071752548217773,-0.11391174793243408,0.001,2.5
194,85.31649376439489,82.9405914612837,0.11995188004557211,0.11984515399438482,117.11160261706891,117.10622916333253,2.8499387312973763,2.9370939332904626,8.466070202327453,7.729446535525114,2.8499387312973763,2.9370939332904626,40.95477386934673,45.819397993311036,-0.08470320701599121,-0.11550724506378174,0.001,2.5
195,85.00900676222503,82.86725476115045,0.11978372419798994,0.11981069363877925,117.11189540946104,117.1067392610786,2.8766494236599462,2.933971194519247,8.324473817144806,7.724153982755731,2.8766494236599462,2.933971194519247,40.95477386934673,45.819397993311036,-0.10098695755004883,-0.11282575130462646,0.001,2.5
196,84.68145629269394,82.95027303536202,0.11996900074346181,0.11968227585522227,117.11254697508947,117.10712182800906,2.835171980674143,2.940359318934157,8.383358770079749,7.721618736866724,2.835171980674143,2.940359318934157,40.95477386934673,45.819397993311036,-0.07388758659362793,-0.11736977100372314,0.001,2.5
197,85.00952613613315,82.9604135468652,0.11997035462752459,0.12015539985835352,117.11249981853031,117.10721986190133,2.8631777639564757,2.9339845730708194,8.364955712003724,7.74267638247946,2.8631777639564757,2.9339845730708194,40.95477386934673,45.819397993311036,-0.10126078128814697,-0.11523544788360596,0.001,2.5
198,85.6812001776256,82.88614575440269,0.11988324619567574,0.12007111271089535,117.11299586974995,117.10786721219985,2.85681478262347,2.9342279737210992,8.518396470215253,7.727110180169045,2.85681478262347,2.9342279737210992,40.95477386934673,45.819397993311036,-0.08024740219116211,-0.11055052280426025,0.001,2.5
199,84.92315447629996,82.94184778526076,0.11992210975943299,0.11963069713035954,117.11336958228644,117.10804592885302,2.8681892789588304,2.9402598848311,8.332655892300247,7.720242415782201,2.8681892789588304,2.9402598848311,40.95477386934673,45.819397993311036,-0.09962522983551025,-0.11732852458953857,0.001,2.5
200,86.03175798732431,83.0230514373269,0.11976674119232088,0.11980774183835473,117.11349859189748,117.10810801018042,2.918159367850478,2.942967895680048,8.404497467692773,7.728323946031041,2.918159367850478,2.942967895680048,40.95477386934673,45.819397993311036,-0.11982321739196777,-0.12033367156982422,0.001,2.5
201,85.09415802564254,82.95296684954079,0.1198681687290345,0.12007565245680187,117.11369510311977,117.10834781302258,2.856607179545877,2.9369294866670335,8.401613658796403,7.732368164636618,2.856607179545877,2.9369294866670335,40.95477386934673,45.819397993311036,-0.08622586727142334,-0.11615288257598877,0.001,2.5
202,85.45945887988935,82.95526536412063,0.11983975608344853,0.11969477426646943,117.11372628523476,117.1082257171937,2.8635012524411505,2.940402338736033,8.453997659922845,7.7224853652775485,2.8635012524411505,2.940402338736033,40.95477386934673,45.819397993311036,-0.09229624271392822,-0.11596798896789551,0.001,2.5
203,85.0059589021769,82.8806916303858,0.11989488135680082,0.11983662395174288,117.1136791031165,117.10831839264834,2.857845101524238,2.936245707763876,8.380254670403511,7.720011743016068,2.857845101524238,2.936245707763876,40.95477386934673,45.819397993311036,-0.10483372211456299,-0.1162409782409668,0.001,2.5
204,84.80438618364445,82.97939851690694,0.11994541053296733,0.1199388109321977,117.113794016878,117.10846659172338,2.833818588624248,2.940030267007375,8.41200959862177,7.728379074147712,2.833818588624248,2.940030267007375,40.95477386934673,45.819397993311036,-0.09106862545013428,-0.11703741550445557,0.001,2.5
205,85.92503965240428,82.95192412309423,0.11990356233151914,0.11957198259324134,117.11394960796413,117.10859407150626,2.8945604397024542,2.9424294396786386,8.45392303690439,7.715760329893999,2.8945604397024542,2.9424294396786386,40.95477386934673,45.819397993311036,-0.11260855197906494,-0.11858499050140381,0.001,2.5
206,85.1428285915049,82.9119540823742,0.11995351111120116,0.12006415434206609,117.11430728215868,117.10913466131409,2.856423551313442,2.9335854906700924,8.411881761534929,7.734199782279024,2.856423551313442,2.9335854906700924,40.95477386934673,45.819397993311036,-0.09960615634918213,-0.11500537395477295,0.001,2.5
207,85.80132802327473,83.01210113831587,0.11993026533717885,0.11989988189776207,117.11460479020673,117.10920220314459,2.907821150481002,2.9393936024860396,8.389392863965314,7.736837355189499,2.907821150481002,2.9393936024860396,40.95477386934673,45.819397993311036,-0.12125837802886963,-0.11713099479675293,0.001,2.5
208,85.56207355901823,82.97743970175651,0.11998066671779208,0.12012724919761703,117.11464192759452,117.10923491513051,2.8808659804326604,2.938094230001188,8.42239801128905,7.73375830921441,2.8808659804326604,2.938094230001188,40.95477386934673,45.819397993311036,-0.09573078155517578,-0.11518335342407227,0.001,2.5
209,85.34146681742452,82.99630545931915,0.11977054342203204,0.11975035068881153,117.11490733339959,117.10989637598146,2.857120307446325,2.939996926680855,8.449555459334023,7.731897333393926,2.857120307446325,2.939996926680855,40.95477386934673,45.819397993311036,-0.07718789577484131,-0.11839854717254639,0.001,2.5
210,85.08594386421855,82.90383143090085,0.11986991537226305,0.11988170487326523,117.11531386383415,117.10998032483768,2.855477307509737,2.935530094797396,8.403359978642296,7.726778041558919,2.855477307509737,2.935530094797396,40.95477386934673,45.819397993311036,-0.08679807186126709,-0.10954201221466064,0.001,2.5
211,85.39816119323424,82.90361594515899,0.11986307330566834,0.1192618272326463,117.11535925681467,117.11001520571502,2.879564822019644,2.935393266454588,8.393542043727447,7.727269002027735,2.879564822019644,2.935393266454588,40.95477386934673,45.819397993311036,-0.09700977802276611,-0.11408460140228271,0.001,2.5
212,85.58876413316582,82.86932110228267,0.1199495474772038,0.11995734670588802,117.11544471370115,117.11014051660646,2.8944178310470963,2.934184892520458,8.387086352311586,7.723896219578874,2.8944178310470963,2.934184892520458,40.95477386934673,45.819397993311036,-0.11799979209899902,-0.11569178104400635,0.001,2.5
213,85.03210247301776,83.00849889034411,0.11979089520085397,0.120097818258016,117.11556732075498,117.11019831118377,2.848489453045767,2.941978311857651,8.413570728333951,7.728323035415598,2.848489453045767,2.941978311857651,40.95477386934673,45.819397993311036,-0.07436966896057129,-0.11491668224334717,0.001,2.5
214,85.35132779068684,82.87966597439055,0.11992922241813574,0.11999081810282225,117.11551428560037,117.11009037694006,2.860444750218735,2.9348384265516914,8.441522154975775,7.723997567409656,2.860444750218735,2.9348384265516914,40.95477386934673,45.819397993311036,-0.08472836017608643,-0.1117393970489502,0.001,2.5
215,85.56357422386182,82.98050304400084,0.11996180748869625,0.11987196497095867,117.11546765300297,117.11009037694006,2.870145878400435,2.941590541182553,8.454861386137791,7.723932580405653,2.870145878400435,2.941590541182553,40.95477386934673,45.819397993311036,-0.1139298677444458,-0.11580491065979004,0.001,2.5
216,85.91430136266865,82.90257520898928,0.1199042209278998,0.11985403309298998,117.11549916738642,117.11018522128612,2.906961107972878,2.9355226312592677,8.414573352340877,7.726554100330059,2.906961107972878,2.9355226312592677,40.95477386934673,45.819397993311036,-0.12258553504943848,-0.11172735691070557,0.001,2.5
217,85.35380490301442,82.99016742004599,0.119989170663221,0.11974030533761883,117.11552642617792,117.1101329127283,2.882255213144836,2.9401713613682365,8.37657441645611,7.730149474829735,2.882255213144836,2.9401713613682365,40.95477386934673,45.819397993311036,-0.12551188468933105,-0.11624538898468018,0.001,2.5
218,85.91469006562353,82.85268057628619,0.11986611558863865,0.11993914668177283,117.1156757680615,117.11052091464549,2.8785380330716746,2.933836772689054,8.499927699665728,7.721616113464968,2.8785380330716746,2.933836772689054,40.95477386934673,45.819397993311036,-0.10712790489196777,-0.11631834506988525,0.001,2.5
219,85.78601774538382,82.93732628455528,0.11997973241248922,0.1199621444312625,117.11601146142087,117.11092963585487,2.8919032510600897,2.9347804501702552,8.434074670226131,7.735708920851998,2.8919032510600897,2.9347804501702552,40.95477386934673,45.819397993311036,-0.09826552867889404,-0.11441612243652344,0.001,2.5
220,85.3756494314427,82.90620253955241,0.11953522371037721,0.11972095336403735,117.11635408129924,117.11067786583534,2.8664881068857473,2.9363397236253106,8.428335223365668,7.7248555760718505,2.8664881068857473,2.9363397236253106,40.95477386934673,45.819397993311036,-0.1018136739730835,-0.11313390731811523,0.001,2.5
221,85.01133073714111,82.84575474461585,0.12011565377864007,0.11993230889274126,117.11603266270316,117.11058960471264,2.8321328326885027,2.9326239844229707,8.45842129820755,7.723870741483759,2.8321328326885027,2.9326239844229707,40.95477386934673,45.819397993311036,-0.0737619400024414,-0.1164618730545044,0.001,2.5
222,84.99238923806043,83.0202146294125,0.11979089346612917,0.11993701845706506,117.1159837042267,117.11045444450251,2.863221523550088,2.939131557343397,8.361431751219271,7.739238555614765,2.863221523550088,2.939131557343397,40.95477386934673,45.819397993311036,-0.09029579162597656,-0.11575281620025635,0.001,2.5
223,85.75753296000674,82.89284459244845,0.11974771020051023,0.11991469871040969,117.11585755723605,117.11048822817595,2.8914834151116247,2.9395097115366755,8.42968363658068,7.712634573014683,2.8914834151116247,2.9395097115366755,40.95477386934673,45.819397993311036,-0.10674333572387695,-0.11183798313140869,0.001,2.5
224,85.58960960298727,82.84031743588655,0.11985138666440094,0.12002815059495212,117.11604164673057,117.11085441359708,2.8689442299917913,2.9277544396378126,8.46369547660227,7.737372179892549,2.8689442299917913,2.9277544396378126,40.95477386934673,45.819397993311036,-0.08866679668426514,-0.10939180850982666,0.001,2.5
225,85.71500622926645,82.92227157541741,0.12020695933345175,0.11991942160603992,117.11654154459636,117.11162817199094,2.889727250615157,2.9352420165785977,8.426354783663598,7.731321987101067,2.889727250615157,2.9352420165785977,40.95477386934673,45.819397993311036,-0.10493171215057373,-0.11234712600708008,0.001,2.5
226,85.80387334008911,82.91977561516906,0.11980743421681563,0.11977633342994097,117.11735290578461,117.11222987350413,2.882615373362249,2.933261158474313,8.465543853977017,7.736794363296152,2.882615373362249,2.933261158474313,40.95477386934673,45.819397993311036,-0.0998450517654419,-0.11183333396911621,0.001,2.5
227,84.98756799745799,82.94987561790441,0.1199103259236569,0.11998572479622022,117.11787408161004,117.11290235742678,2.869760615941468,2.9351760766976653,8.340826147964451,7.737027385163068,2.869760615941468,2.9351760766976653,40.95477386934673,45.819397993311036,-0.09708952903747559,-0.1134268045425415,0.001,2.5
228,85.20687171003128,82.86251805538318,0.119969389309336,0.11964639884273344,117.11846792198705,117.11323583086198,2.86123934862402,2.9352781772613525,8.410238694106315,7.719317500009186,2.86123934862402,2.9352781772613525,40.95477386934673,45.819397993311036,-0.11415910720825195,-0.11594974994659424,0.001,2.5
229,85.4056973481298,82.86966728286998,0.11995732221421684,0.1196493192709808,117.11872312970696,117.11335790117448,2.8720266479543306,2.9384902719669914,8.4176444639912,7.71110997630601,2.8720266479543306,2.9384902719669914,40.95477386934673,45.819397993311036,-0.0889883041381836,-0.1114656925201416,0.001,2.5
230,85.95068837330369,82.82999713604266,0.11974654070895721,0.11960877403367721,117.1189060690415,117.1135998473917,2.8969516342808452,2.9326013617690987,8.451909480582131,7.720851301748218,2.8969516342808452,2.9326013617690987,40.95477386934673,45.819397993311036,-0.10596930980682373,-0.11062109470367432,0.001,2.5
231,86.17093715955265,82.88213843406244,0.1198231724014434,0.11986564393824957,117.11893757064539,117.11340367754167,2.9125166578308823,2.9346268001607427,8.449249013584463,7.725152151241749,2.9125166578308823,2.9346268001607427,40.95477386934673,45.819397993311036,-0.12372756004333496,-0.11282873153686523,0.001,2.5
232,84.68090526382727,82.93060695686468,0.11988567177774119,0.11951634412425816,117.11887317446607,117.11360967119401,2.8439515651370613,2.9377437467160434,8.356925839754805,7.725564329919209,2.8439515651370613,2.9377437467160434,40.95477386934673,45.819397993311036,-0.0845421552658081,-0.11385858058929443,0.001,2.5
233,85.09120266401588,82.91044524840288,0.11986035611511675,0.11979671413184807,117.11904668248877,117.11368815954712,2.8567982614539575,2.9344315409261648,8.400450161753387,7.731412417115177,2.8567982614539575,2.9344315409261648,40.95477386934673,45.819397993311036,-0.086678147315979,-0.11264431476593018,0.001,2.5
234,85.0671015089281,82.90553737882786,0.11993814747736882,0.11947945116654686,117.1194196665906,117.1143682728643,2.8517055918822933,2.9369232630649935,8.410892318840602,7.723019371861997,2.8517055918822933,2.9369232630649935,40.95477386934673,45.819397993311036,-0.08959543704986572,-0.11458349227905273,0.001,2.5
235,86.23267002840538,82.84942468751633,0.12006941956890688,0.12012484213679929,117.12006668269734,117.1150974031276,2.928588002171349,2.936756639576277,8.41333208930752,7.712166572494252,2.928588002171349,2.936756639576277,40.95477386934673,45.819397993311036,-0.130212664604187,-0.11224734783172607,0.001,2.5
236,85.81108622335309,82.95161856456744,0.11975301833358441,0.11995707399968718,117.12069789049414,117.1155671084605,2.8937496124599846,2.9373103216739005,8.43359352955267,7.730978780765597,2.8937496124599846,2.9373103216739005,40.95477386934673,45.819397993311036,-0.11510920524597168,-0.11354374885559082,0.001,2.5
237,85.24786192927529,82.92778155476752,0.11986764213397874,0.11955775445121586,117.12100995445572,117.11580252248707,2.8675116614081353,2.942206088515827,8.399639664782551,7.711603962059404,2.8675116614081353,2.942206088515827,40.95477386934673,45.819397993311036,-0.0793689489364624,-0.11849761009216309,0.001,2.5
238,85.3898741244471,82.879319155894,0.1197417637011913,0.11964085640815589,117.1212925743218,117.11600849062305,2.8620548507875734,2.93810350121463,8.444437455092643,7.714201539655194,2.8620548507875734,2.93810350121463,40.95477386934673,45.819397993311036,-0.09807467460632324,-0.1187049150466919,0.001,2.5
239,84.13916966423916,82.95921815597892,0.11987355486232432,0.12019678392139167,117.12143003121892,117.1160945828543,2.8336302295601747,2.936028828190322,8.279544002846059,7.736295074922185,2.8336302295601747,2.936028828190322,40.95477386934673,45.819397993311036,-0.07423889636993408,-0.11162102222442627,0.001,2.5
240,86.24692474058526,82.96871935484003,0.11977158882460202,0.12005693024416832,117.12146339863789,117.11601831442536,2.9092864910362155,2.9364829868775946,8.474146510688104,7.736860066353278,2.9092864910362155,2.9364829868775946,40.95477386934673,45.819397993311036,-0.12115311622619629,-0.11541759967803955,0.001,2.5
241,85.53353871612293,82.92930771435384,0.11973759871431731,0.11987785758282428,117.1214238586937,117.11605753308555,2.9000859615990464,2.932503270464996,8.359078543070373,7.740953643186435,2.9000859615990464,2.932503270464996,40.95477386934673,45.819397993311036,-0.10606276988983154,-0.1142340898513794,0.001,2.5
242,84.90851558512779,82.99727998050957,0.11985538159832483,0.1198179986963304,117.12161124531349,117.11641170029657,2.8574679964151812,2.9385068855158063,8.36190392383978,7.736548202093628,2.8574679964151812,2.9385068855158063,40.95477386934673,45.819397993311036,-0.09343850612640381,-0.11352205276489258,0.001,2.5
243,85.8120176995819,82.94414318684352,0.11982430439049276,0.119961950641412,117.1219224658244,117.11683792573552,2.881237805987922,2.938323600635082,8.471300743333058,7.726441954290587,2.881237805987922,2.938323600635082,40.95477386934673,45.819397993311036,-0.09476983547210693,-0.11569082736968994,0.001,2.5
244,85.81287139943696,83.03730227875471,0.11977248534036042,0.119675382622907,117.12248759054059,117.11734792141611,2.87395640114444,2.9447881282372617,8.49332612962579,7.725737574905855,2.87395640114444,2.9447881282372617,40.95477386934673,45.819397993311036,-0.08670306205749512,-0.11744177341461182,0.001,2.5
245,84.90189319399732,82.94798914166199,0.11987548111820939,0.11985239628266331,117.1229627983055,117.11765421991763,2.8445378603847384,2.938629011645365,8.399365395557142,7.726317335530667,2.8445378603847384,2.938629011645365,40.95477386934673,45.819397993311036,-0.08218240737915039,-0.11681151390075684,0.001,2.5
246,86.04132660269937,82.91241942440786,0.11978874143393994,0.11997858781280327,117.12304946924974,117.11759206204111,2.891775596081911,2.939852409936911,8.485556423564253,7.71550735901032,2.891775596081911,2.939852409936911,40.95477386934673,45.819397993311036,-0.10685098171234131,-0.11863350868225098,0.001,2.5
247,85.476468608607,82.8989468067386,0.11986303087355105,0.11992139648334638,117.12307808267411,117.11791259867691,2.883123757252142,2.939467654977754,8.398525474458882,7.713978363917424,2.883123757252142,2.939467654977754,40.95477386934673,45.819397993311036,-0.10393011569976807,-0.11571669578552246,0.001,2.5
248,85.52832764796476,82.95639630065713,0.11973459080136202,0.12002514958082633,117.123541277657,117.11850332815114,2.8777322805107537,2.9392162677037676,8.425096979892034,7.726201893095189,2.8777322805107537,2.9392162677037676,40.95477386934673,45.819397993311036,-0.09275507926940918,-0.11241888999938965,0.001,2.5
249,85.3109260188475,82.8436810037364,0.12004379496302836,0.12001687011690841,117.12396877934187,117.11875073487144,2.87233623667578,2.937776727421228,8.397743106088047,7.707978800387686,2.87233623667578,2.937776727421228,40.95477386934673,45.819397993311036,-0.10747265815734863,-0.11718165874481201,0.001,2.5
250,85.77051266873103,82.75114277613203,0.11988422081149004,0.11988802246724482,117.12418057491232,117.11881613332692,2.877870260570916,2.9334908823504495,8.47309023571174,7.702354233400479,2.877870260570916,2.9334908823504495,40.95477386934673,45.819397993311036,-0.10674440860748291,-0.11286938190460205,0.001,2.5
251,86.11349653438907,82.97035829678029,0.11979139748480253,0.120122503950245,117.1242758464973,117.11907014878697,2.903352334471404,2.9385423564591933,8.465259585548285,7.730996315295879,2.903352334471404,2.9385423564591933,40.95477386934673,45.819397993311036,-0.11341512203216553,-0.11785030364990234,0.001,2.5
252,84.90221442090008,82.89182779063349,0.11992524352105619,0.11969979184626736,117.1247687028281,117.11990818291603,2.8589518709198716,2.9312854762061384,8.356176991358874,7.737145439836891,2.8589518709198716,2.9312854762061384,40.95477386934673,45.819397993311036,-0.08870100975036621,-0.11252188682556152,0.001,2.5
253,85.16438345853209,82.98174553810553,0.11989782478541784,0.11989567959587709,117.12555338030485,117.12069189269407,2.8613352535957066,2.938072116877323,8.401466123622466,7.734729704649552,2.8613352535957066,2.938072116877323,40.95477386934673,45.819397993311036,-0.08818984031677246,-0.11156868934631348,0.001,2.5
254,85.01760051478094,82.97676402828765,0.11986007402889692,0.12019863664904566,117.12618515040208,117.12115728576048,2.8342162236895794,2.935857008133445,8.453474145438802,7.740318606131053,2.8342162236895794,2.935857008133445,40.95477386934673,45.819397993311036,-0.07107150554656982,-0.1117774248123169,0.001,2.5
255,85.35814086556235,83.00961053650515,0.11985294252534208,0.11972663755899289,117.12682159781656,117.12177957898399,2.863931820420564,2.9375542414228253,8.432436586824094,7.741889259886981,2.863931820420564,2.9375542414228253,40.95477386934673,45.819397993311036,-0.09684669971466064,-0.11566853523254395,0.001,2.5
256,85.57461213027213,82.94477652865508,0.1198460877665523,0.12018205546914136,117.12744478005261,117.12254034954569,2.8802857163363766,2.935065197705425,8.426670445069995,7.7362987556585106,2.8802857163363766,2.935065197705425,40.95477386934673,45.819397993311036,-0.09637796878814697,-0.1129990816116333,0.001,2.5
257,85.61427128215132,82.92898125792028,0.1199096082093528,0.11980223174776919,117.12802002617661,117.12302431852922,2.874919833849423,2.9354803099680105,8.45068726148238,7.731970158707736,2.874919833849423,2.9354803099680105,40.95477386934673,45.819397993311036,-0.10459232330322266,-0.11407613754272461,0.001,2.5
258,85.64622937175297,82.89274239938793,0.11994343030093303,0.11986725834699777,117.12837220516236,117.12311260516827,2.8912110971645695,2.936913039772008,8.408198356628418,7.720411086959584,2.8912110971645695,2.936913039772008,40.95477386934673,45.819397993311036,-0.10265576839447021,-0.11354100704193115,0.001,2.5
259,85.6006660397528,82.91126440041839,0.11989307458476604,0.12008516403245288,117.12840746395553,117.12310607297763,2.861073188046914,2.935172535503987,8.489509576129754,7.72929315184271,2.861073188046914,2.935172535503987,40.95477386934673,45.819397993311036,-0.08674001693725586,-0.11490404605865479,0.001,2.5
260,85.60647687800166,82.84442398938846,0.11992867236061512,0.11983945930881246,117.12851785375445,117.12354646000176,2.8866783753911056,2.936624609108354,8.413849230787063,7.7116185526385355,2.8866783753911056,2.936624609108354,40.95477386934673,45.819397993311036,-0.1027994155883789,-0.11605334281921387,0.001,2.5
261,85.39388792718475,82.95873227326766,0.1199750391457548,0.1197572602426328,117.12928916381631,117.12433014426342,2.883431698209676,2.936840486367012,8.381061589098856,7.733848720091243,2.883431698209676,2.936840486367012,40.95477386934673,45.819397993311036,-0.10123717784881592,-0.11788749694824219,0.001,2.5
262,84.99980531625413,82.90239932465315,0.11998481248541294,0.11981071920498558,117.12977971982717,117.12462876233768,2.8707424667812074,2.9349974015085993,8.340310510478826,7.728100631548011,2.8707424667812074,2.9349974015085993,40.95477386934673,45.819397993311036,-0.09423243999481201,-0.11116337776184082,0.001,2.5
263,85.73269240540675,82.98755173699114,0.11990933336155299,0.11999199145713378,117.1301066719707,117.12529035077047,2.871300803157353,2.9370795229206914,8.485228148736747,7.7388484246754725,2.871300803157353,2.9370795229206914,40.95477386934673,45.819397993311036,-0.10072147846221924,-0.11499488353729248,0.001,2.5
264,85.44169214143226,83.0190885665026,0.1199120389831126,0.11990418531822919,117.13097439099796,117.12590947996414,2.84474146585768,2.942328967378291,8.50670540632315,7.7294248210945256,2.84474146585768,2.942328967378291,40.95477386934673,45.819397993311036,-0.0781029462814331,-0.11356723308563232,0.001,2.5
265,85.98580812489368,83.03065929604215,0.11987927069316558,0.12005702333904827,117.13139341983764,117.12634871875163,2.907243665938002,2.9405044911298464,8.428028065155898,7.737181984062578,2.907243665938002,2.9405044911298464,40.95477386934673,45.819397993311036,-0.10769033432006836,-0.11554074287414551,0.001,2.5
266,85.61800304010286,82.861551903562,0.11989190212296481,0.11973843284972933,117.1317976882909,117.12678803408824,2.8942696073746164,2.9394862787380664,8.393386650724427,7.706477929118485,2.8942696073746164,2.9394862787380664,40.95477386934673,45.819397993311036,-0.10225331783294678,-0.11827027797698975,0.001,2.5
267,85.18058201775479,82.9504827799207,0.1197920943200089,0.11968129090840203,117.13225426346413,117.12710956586244,2.860882431618133,2.942231293107355,8.40608436258594,7.71604054428662,2.860882431618133,2.942231293107355,40.95477386934673,45.819397993311036,-0.08756089210510254,-0.1174241304397583,0.001,2.5
268,85.84514247312818,82.8657693512065,0.11996270499037738,0.11987166689789813,117.13226287688443,117.12693845308743,2.8823315394383977,2.9383064026019245,8.474614994809455,7.710834812559811,2.8823315394383977,2.9383064026019245,40.95477386934673,45.819397993311036,-0.09890854358673096,-0.11736297607421875,0.001,2.5
269,85.1010757906353,82.86028328069476,0.1197107587277989,0.11957366403229659,117.1325204999403,117.12784966816471,2.851012338545654,2.93708294610116,8.419809521143161,7.7134677813603325,2.851012338545654,2.93708294610116,40.95477386934673,45.819397993311036,-0.10248827934265137,-0.11888313293457031,0.001,2.5
270,85.17351050193186,83.00337596880553,0.11984583804106193,0.12014096511845605,117.1332780080824,117.12814172853196,2.8902341676517147,2.941048162039307,8.316603717292773,7.730076995581688,2.8902341676517147,2.941048162039307,40.95477386934673,45.819397993311036,-0.11396217346191406,-0.11342346668243408,0.001,2.5
271,85.68356139216591,83.00668518678799,0.11986543093394594,0.12007179646986384,117.13373750977381,117.12858969391787,2.877877317281624,2.9389830066208855,8.455680481353198,7.73694725100412,2.877877317281624,2.9389830066208855,40.95477386934673,45.819397993311036,-0.09015166759490967,-0.11636102199554443,0.001,2.5
272,86.00466371980345,83.0469025066465,0.11970564786663007,0.11960749447744427,117.13395013601536,117.12874337901239,2.9010770292937056,2.9425203194187635,8.450333253422773,7.734472545891701,2.9010770292937056,2.9425203194187635,40.95477386934673,45.819397993311036,-0.11893975734710693,-0.11656391620635986,0.001,2.5
273,85.35669604737555,82.84159800041479,0.11996848733980252,0.12018600674377238,117.13400127979578,117.12868124665225,2.908776367129992,2.929541101423793,8.29758967905987,7.7322341016303735,2.908776367129992,2.929541101423793,40.95477386934673,45.819397993311036,-0.12312328815460205,-0.10999023914337158,0.001,2.5
274,86.0080228259216,82.99262474851066,0.11992534593221929,0.11978891265133153,117.13406300504802,117.1290060190054,2.898821057187053,2.940734494888663,8.457729333209832,7.72893774389822,2.898821057187053,2.940734494888663,40.95477386934673,45.819397993311036,-0.1111912727355957,-0.11438345909118652,0.001,2.5
275,85.52217349974154,82.80025699066877,0.11986635197297213,0.11966645650341359,117.13451039172098,117.12939945590935,2.859048563431655,2.9341467782406503,8.479888826558737,7.710251600846,2.859048563431655,2.9341467782406503,40.95477386934673,45.819397993311036,-0.09105277061462402,-0.1128154993057251,0.001,2.5
276,85.57167319037407,83.04084165439158,0.1197896533126208,0.12005510936213976,117.13448585497474,117.12892209566556,2.8860504084096683,2.936929610261949,8.40879897815698,7.749942138442227,2.8860504084096683,2.936929610261949,40.95477386934673,45.819397993311036,-0.09966373443603516,-0.11487066745758057,0.001,2.5
277,85.79694063579616,83.01457933917094,0.12004076642057604,0.12024715031967514,117.1341814204077,117.12897113812807,2.872828886536897,2.9354107658998623,8.493466412402078,7.749207968695905,2.872828886536897,2.9354107658998623,40.95477386934673,45.819397993311036,-0.09206914901733398,-0.11552894115447998,0.001,2.5
278,85.41929731257197,83.04604707035332,0.11963944573897613,0.11993376277760917,117.13451454507646,117.12941907799762,2.88782413281388,2.9400062584956754,8.37303180470938,7.741778196698447,2.88782413281388,2.9400062584956754,40.95477386934673,45.819397993311036,-0.1206810474395752,-0.1160353422164917,0.001,2.5
279,85.65265062546212,82.98209919498916,0.11985967481755332,0.11990768335336029,117.13475635982239,117.12949100864373,2.8859687514440897,2.936674704121108,8.425225185988536,7.7389878588775325,2.8859687514440897,2.936674704121108,40.95477386934673,45.819397993311036,-0.11654376983642578,-0.1152576208114624,0.001,2.5
280,85.96835360375282,83.01645328687584,0.11977050096495467,0.11993080566958042,117.13483000839975,117.1295607703984,2.8971593104415203,2.9389124626300007,8.454811596191508,7.739141158036962,2.8971593104415203,2.9389124626300007,40.95477386934673,45.819397993311036,-0.09794580936431885,-0.11749744415283203,0.001,2.5
281,85.29479827114086,82.9661908101876,0.12000424183992485,0.11981953563399139,117.13497219373234,117.12975586856089,2.8765517495185686,2.938622831102199,8.381876764984387,7.72997923599039,2.8765517495185686,2.938622831102199,40.95477386934673,45.819397993311036,-0.09824502468109131,-0.11662137508392334,0.001,2.5
282,85.71086797921902,82.86514455737876,0.11980453514224121,0.11991563970129625,117.1351060340153,117.12975589407726,2.887254652266127,2.937736321452469,8.43302195914826,7.712410737040848,2.887254652266127,2.937736321452469,40.95477386934673,45.819397993311036,-0.09308385848999023,-0.11499810218811035,0.001,2.5
283,85.64682468177885,82.9785178194078,0.11981978005350534,0.11978724808198553,117.13504717138345,117.12960983837728,2.8840032777993923,2.9446691852748192,8.429964143826535,7.714312480046199,2.8840032777993923,2.9446691852748192,40.95477386934673,45.819397993311036,-0.0955350399017334,-0.12156331539154053,0.001,2.5
284,85.31272513742623,82.92142741735962,0.12001356724618467,0.1200289186775485,117.13487520968694,117.1294943002554,2.8796880029553744,2.9364532308036266,8.37605135085395,7.727493313243955,2.8796880029553744,2.9364532308036266,40.95477386934673,45.819397993311036,-0.09686946868896484,-0.11738073825836182,0.001,2.5
285,85.19270648029782,83.0176809304534,0.11979493779602961,0.12011151479239447,117.13483480073299,117.12997058881166,2.8309882517835403,2.9427707083647867,8.498190443719452,7.727775828894165,2.8309882517835403,2.9427707083647867,40.95477386934673,45.819397993311036,-0.0645672082901001,-0.11752498149871826,0.001,2.5
286,85.7169765044297,82.92687804563388,0.11979688640365649,0.12017918689593822,117.1354675804151,117.13039890659294,2.8663467346523674,2.9339472625566567,8.496968492990362,7.736072417485674,2.8663467346523674,2.9339472625566567,40.95477386934673,45.819397993311036,-0.09427201747894287,-0.11177408695220947,0.001,2.5
287,85.30153209999378,82.91223557896438,0.1199788993701863,0.1198432102151539,117.1359376380192,117.13093737854209,2.875876206648809,2.9348393307880416,8.385254585163876,7.7305346763253615,2.875876206648809,2.9348393307880416,40.95477386934673,45.819397993311036,-0.10129773616790771,-0.11675131320953369,0.001,2.5
288,85.2507640896131,82.98966668680758,0.11996907775775471,0.12014119222411344,117.13636220040632,117.13131124439047,2.8583375217527203,2.9396880948822632,8.427719273559212,7.731414102790348,2.8583375217527203,2.9396880948822632,40.95477386934673,45.819397993311036,-0.11339449882507324,-0.12087893486022949,0.001,2.5
289,84.95807997864894,82.96274201766305,0.11991793749669888,0.11969800794304016,117.13657896722381,117.13135051408341,2.862308392372962,2.9386409285873873,8.3572798078783,7.729259900823485,2.862308392372962,2.9386409285873873,40.95477386934673,45.819397993311036,-0.07924449443817139,-0.11748278141021729,0.001,2.5
290,86.04178316509304,82.90354705096088,0.11990576182527958,0.11992457207529042,117.13654543367063,117.13131346431464,2.8930552397141702,2.9391493781354514,8.48178224867113,7.715850515907824,2.8930552397141702,2.9391493781354514,40.95477386934673,45.819397993311036,-0.10128271579742432,-0.11537444591522217,0.001,2.5
291,85.17775840056402,82.95786242022562,0.11986268142010499,0.11972462243858388,117.13655938894505,117.13150965968103,2.8793018451288117,2.9394896150034007,8.350246403884249,7.725731879971099,2.8793018451288117,2.9394896150034007,40.95477386934673,45.819397993311036,-0.11676597595214844,-0.11719107627868652,0.001,2.5
292,85.79039916481005,82.92479420027206,0.11988150476910162,0.11994497487975603,117.13701904399112,117.132178851992,2.8865577451747466,2.9406550504690827,8.451002576243338,7.715577883066541,2.8865577451747466,2.9406550504690827,40.95477386934673,45.819397993311036,-0.1013864278793335,-0.11660540103912354,0.001,2.5
293,85.63203230814717,82.859546112775,0.11987327366218695,0.11960276365778517,117.13763473740774,117.13268137137626,2.880259558184063,2.9346687482750933,8.438225921873672,7.7205555096119145,2.880259558184063,2.9346687482750933,40.95477386934673,45.819397993311036,-0.11190032958984375,-0.11216604709625244,0.001,2.5
294,85.3257566289087,82.83049319978542,0.12004511925692933,0.1197916073195113,117.13803487806464,117.13363399952152,2.8792894505575872,2.939414017973935,8.379846630383975,7.700471921110632,2.8792894505575872,2.939414017973935,40.95477386934673,45.819397993311036,-0.0995490550994873,-0.11543869972229004,0.001,2.5
295,85.60151590574127,82.82531044235995,0.11998015989111097,0.11952367106010284,117.13902066740359,117.13422039121289,2.854029173028329,2.934375172076018,8.51079192952295,7.714604821093505,2.854029173028329,2.934375172076018,40.95477386934673,45.819397993311036,-0.08912384510040283,-0.11361777782440186,0.001,2.5
296,85.0959698087606,82.8791132898235,0.11986497418964329,0.12005364040168233,117.13928742784152,117.134066680602,2.854396653534779,2.9347643708704307,8.408603093132902,7.724092526579382,2.854396653534779,2.9347643708704307,40.95477386934673,45.819397993311036,-0.0775141716003418,-0.11716163158416748,0.001,2.5
297,85.51362855230744,83.05456599104764,0.11969748012085057,0.12004918702270674,117.13928410515713,117.13433148948644,2.869041140554738,2.9435030792070473,8.448234930310017,7.73296743093127,2.869041140554738,2.9435030792070473,40.95477386934673,45.819397993311036,-0.09761524200439453,-0.11735117435455322,0.001,2.5
298,85.7032184057699,83.0380256168021,0.12009404423698108,0.11979737504070818,117.13949512117472,117.13448195951838,2.8685691891802816,2.941338236914032,8.48748947507772,7.736203719939676,2.8685691891802816,2.941338236914032,40.95477386934673,45.819397993311036,-0.1075061559677124,-0.11877453327178955,0.001,2.5
299,85.62249152664363,82.8784061036381,0.12005719300390688,0.11990840730559467,117.13967308926223,117.13465741007623,2.8679165492704763,2.936472425492711,8.473309644702292,7.718855760567962,2.8679165492704763,2.936472425492711,40.95477386934673,45.819397993311036,-0.11353230476379395,-0.11434292793273926,0.001,2.5
300,85.23814829150636,82.94269584732311,0.11986291563291246,0.1199013790906871,117.13991685928012,117.13509226004814,2.875541141883812,2.9416370104786544,8.373605724155803,7.716220211424557,2.875541141883812,2.9416370104786544,40.95477386934673,45.819397993311036,-0.09988212585449219,-0.12181377410888672,0.001,2.5
301,85.02446431171155,82.91261863070586,0.11983115213550315,0.11991138532010209,117.14021094240735,117.1351652368654,2.8600738971077617,2.9394424097195118,8.377277192158914,7.716787248949542,2.8600738971077617,2.9394424097195118,40.95477386934673,45.819397993311036,-0.08885133266448975,-0.1161876916885376,0.001,2.5
302,85.18293851663918,82.94544556786782,0.11985180080186582,0.1198313730117868,117.14035077630176,117.13527860609584,2.8780757086959916,2.939663240343432,8.354962778650536,7.7227061935093095,2.8780757086959916,2.939663240343432,40.95477386934673,45.819397993311036,-0.10419976711273193,-0.11424887180328369,0.001,2.5
303,86.1434227769299,83.02952861466935,0.11979428314333984,0.11999122800934674,117.14031832901078,117.13522629753801,2.91543444357126,2.937685967289086,8.434994394056362,7.745422962915938,2.91543444357126,2.937685967289086,40.95477386934673,45.819397993311036,-0.12595832347869873,-0.11233246326446533,0.001,2.5
304,85.28041365478107,82.90892174251901,0.12000526743668008,0.11987047276169958,117.14041500634684,117.1353375233934,2.8948066078837793,2.9375449127975517,8.324233708469512,7.721748970822746,2.8948066078837793,2.9375449127975517,40.95477386934673,45.819397993311036,-0.10355818271636963,-0.11144328117370605,0.001,2.5
305,86.03004412115918,82.96890702773895,0.12006454973464435,0.11991456031400623,117.14051804790145,117.13551624004657,2.8847486034310243,2.9397148161030136,8.504321766059403,7.727226836226856,2.8847486034310243,2.9397148161030136,40.95477386934673,45.819397993311036,-0.1244206428527832,-0.11906802654266357,0.001,2.5
306,85.73739971627343,82.92777974310528,0.11994289664217775,0.12004794805843295,117.14072232909338,117.1357124098966,2.886631649742574,2.9370378108327606,8.440168289682973,7.727006068596473,2.886631649742574,2.9370378108327606,40.95477386934673,45.819397993311036,-0.1071467399597168,-0.1146773099899292,0.001,2.5
307,85.22836592528888,82.97885848845925,0.12009239461354075,0.1197411665400135,117.14079604156852,117.1356393820466,2.879954409160007,2.9365651615487294,8.358363817684614,7.738701064451083,2.879954409160007,2.9365651615487294,40.95477386934673,45.819397993311036,-0.09870791435241699,-0.11332833766937256,0.001,2.5
308,86.31201496475705,82.87648888017023,0.11992512109191773,0.12008692702920142,117.14077225881606,117.13565244642787,2.9049874294542986,2.9319481411107806,8.50002742652318,7.732009313576995,2.9049874294542986,2.9319481411107806,40.95477386934673,45.819397993311036,-0.11876249313354492,-0.1113044023513794,0.001,2.5
309,84.45477208020898,83.00465632920282,0.12001961393522058,0.1197806755485742,117.14087277001872,117.13596093933718,2.8008201849121144,2.9426649127118165,8.441061813827336,7.725552771003748,2.8008201849121144,2.9426649127118165,40.95477386934673,45.819397993311036,-0.06500720977783203,-0.1207115650177002,0.001,2.5
310,84.80820893202994,82.88824919633642,0.11984711268938567,0.11975417794491534,117.14116907678857,117.13607208864346,2.8442760112896637,2.9337872781083734,8.381415927829455,7.728909521198592,2.8442760112896637,2.9337872781083734,40.95477386934673,45.819397993311036,-0.0863105058670044,-0.11382806301116943,0.001,2.5
311,86.08192006786864,82.80797824413082,0.11999106544445907,0.11975473676337844,117.1411655751904,117.13605680433803,2.873553173026847,2.9339782960438807,8.548297997096077,7.712283329022768,2.873553173026847,2.9339782960438807,40.95477386934673,45.819397993311036,-0.09227883815765381,-0.11221623420715332,0.001,2.5
312,85.52687913648647,82.83443272313147,0.1200982478620419,0.12002857846759235,117.1413389681971,117.13648634690504,2.8836175301166835,2.938216179110932,8.407075398731072,7.704805080707256,2.8836175301166835,2.938216179110932,40.95477386934673,45.819397993311036,-0.10710036754608154,-0.11793017387390137,0.001,2.5
313,85.23113970221387,82.8888614105939,0.11990876012860831,0.1196836888740294,117.14207595237336,117.13762958233173,2.8551897978662844,2.934809365798797,8.433248176446911,7.72597942224713,2.8551897978662844,2.934809365798797,40.95477386934673,45.819397993311036,-0.0912703275680542,-0.11445772647857666,0.001,2.5
314,84.57323922264317,82.84281530986263,0.11969968093749467,0.11970447180761541,117.14276990778681,117.13771786897078,2.839874972849835,2.934262986167219,8.347654545526808,7.718404883126351,2.839874972849835,2.934262986167219,40.95477386934673,45.819397993311036,-0.0910494327545166,-0.11261308193206787,0.001,2.5
315,85.68335078509409,82.95189113042825,0.11987121815058455,0.12027199431805308,117.14284405476684,117.13772662108559,2.8886550738783536,2.9353931675786558,8.423301979525005,7.736717413899093,2.8886550738783536,2.9353931675786558,40.95477386934673,45.819397993311036,-0.1111682653427124,-0.11532783508300781,0.001,2.5
316,86.19211871020957,82.82572227656642,0.11997446784721547,0.12010248708087067,117.14282999725597,117.13771789448715,2.913529644859097,2.9365042236736385,8.450411579317384,7.70818400303257,2.913529644859097,2.9365042236736385,40.95477386934673,45.819397993311036,-0.12143456935882568,-0.11343824863433838,0.001,2.5
317,85.6312390044706,82.90904363421691,0.11986539310696137,0.1197734165151781,117.14285471291598,117.13774078267075,2.862212383168027,2.9402537337912364,8.492208873806288,7.7136654885716265,2.862212383168027,2.9402537337912364,40.95477386934673,45.819397993311036,-0.07686257362365723,-0.11519038677215576,0.001,2.5
318,84.45898110343384,82.93973181478954,0.11990524485233042,0.1198039561958616,117.14297973530576,117.13806121724106,2.800496218392198,2.9419753057103493,8.44289775669475,7.714631771164195,2.800496218392198,2.9419753057103493,40.95477386934673,45.819397993311036,-0.06122410297393799,-0.11732900142669678,0.001,2.5
319,85.39430894963506,82.8212020006467,0.11995790413326554,0.11978553955670583,117.14335765231594,117.13855054466222,2.873367857493747,2.9359503765169994,8.411338074522801,7.709003982735318,2.873367857493747,2.9359503765169994,40.95477386934673,45.819397993311036,-0.08207309246063232,-0.11426913738250732,0.001,2.5
320,85.11237923064623,82.88169279066615,0.12003347836746842,0.11987805560879085,117.14406764607133,117.13972986023562,2.8541101295145315,2.9389823591430053,8.412710132311338,7.711987321592095,2.8541101295145315,2.9389823591430053,40.95477386934673,45.819397993311036,-0.0913543701171875,-0.11551916599273682,0.001,2.5
321,85.38762101216533,82.8851238493138,0.11992728567902167,0.11997304714742711,117.14489540342909,117.13998163025515,2.87261729583868,2.9308524809553473,8.412257431739539,7.73704462147078,2.87261729583868,2.9308524809553473,40.95477386934673,45.819397993311036,-0.09974467754364014,-0.10988020896911621,0.001,2.5
322,86.26855510922533,82.95919613535189,0.11987011887170562,0.1201038192147794,117.14508825969855,117.1399914285411,2.906128620981571,2.934647609557595,8.487922240341927,7.740447186307365,2.906128620981571,2.934647609557595,40.95477386934673,45.819397993311036,-0.11681687831878662,-0.11136496067047119,0.001,2.5
323,85.66713283928596,82.82759117203014,0.11991239060808466,0.1196996255662529,117.14507679643742,117.14012980381382,2.858328012166111,2.933053521408285,8.511030840913655,7.718990183992928,2.858328012166111,2.933053521408285,40.95477386934673,45.819397993311036,-0.09961724281311035,-0.11574888229370117,0.001,2.5
324,85.50532043559268,83.04858873041975,0.11982117625736512,0.12034435002102102,117.14530002970992,117.14026279513254,2.848753992636599,2.938996237655946,8.507408602153836,7.745231701777532,2.848753992636599,2.938996237655946,40.95477386934673,45.819397993311036,-0.08398556709289551,-0.11717605590820312,0.001,2.5
325,85.23390476348213,82.91852107733787,0.11988918464537242,0.11963115111740935,117.14519871339526,117.14003720490828,2.8418346573559683,2.941274430839513,8.4738700513664,7.712526846091484,2.8418346573559683,2.941274430839513,40.95477386934673,45.819397993311036,-0.0893409252166748,-0.1157228946685791,0.001,2.5
326,85.62699805791654,83.12799646383942,0.1200080436702749,0.11997338307143054,117.14506621496561,117.13997180645282,2.8876736922879114,2.9448714790535613,8.414947893152284,7.7435623395403095,2.8876736922879114,2.9448714790535613,40.95477386934673,45.819397993311036,-0.11526095867156982,-0.11853194236755371,0.001,2.5
327,85.20555815065725,82.94094006592613,0.11986091679314673,0.12001881384630267,117.14550699460845,117.14137125174736,2.8532136105612493,2.9370016987905854,8.43406919338795,7.72975083577593,2.8532136105612493,2.9370016987905854,40.95477386934673,45.819397993311036,-0.07554078102111816,-0.11256837844848633,0.001,2.5
328,85.87599151457974,82.96325668283929,0.11985312060295437,0.1201132052518851,117.14660542294807,117.14159788814277,2.881633959024196,2.938229815218361,8.4828963671098,7.730510593656712,2.881633959024196,2.938229815218361,40.95477386934673,45.819397993311036,-0.09512269496917725,-0.11456859111785889,0.001,2.5
329,85.71516107913837,82.9762146353323,0.11980993162147963,0.1202055389765513,117.14665173605658,117.14145624677474,2.8747581545032648,2.939450893912427,8.471366417467893,7.7294204386580345,2.8747581545032648,2.939450893912427,40.95477386934673,45.819397993311036,-0.10608410835266113,-0.11416637897491455,0.001,2.5
330,85.0650134446034,82.85619729338681,0.12002262017585125,0.11966378361385403,117.14648515455288,117.1413472408435,2.8655635507861574,2.936413985032302,8.368878393316988,7.714636970124515,2.8655635507861574,2.936413985032302,40.95477386934673,45.819397993311036,-0.1064678430557251,-0.11610853672027588,0.001,2.5
331,85.43571997407693,82.96487753367344,0.11982616269258997,0.11985995772490932,117.14641807466695,117.14134070865286,2.874642343377348,2.938722645558641,8.41582204029588,7.729407897362342,2.874642343377348,2.938722645558641,40.95477386934673,45.819397993311036,-0.09518897533416748,-0.11614000797271729,0.001,2.5
332,85.36739369812523,82.83423116932745,0.12000375751474594,0.11967141634744147,117.14644268809052,117.14149000493181,2.852833090116031,2.9335142880379155,8.467549226591535,7.718941801766488,2.852833090116031,2.9335142880379155,40.95477386934673,45.819397993311036,-0.07497620582580566,-0.11540603637695312,0.001,2.5
333,84.80556134043427,82.96559058862387,0.11991933622152562,0.12023521593482199,117.14662510346328,117.1415619355779,2.85916943086851,2.936915669552857,8.336190865067781,7.734895508424893,2.85916943086851,2.936915669552857,40.95477386934673,45.819397993311036,-0.08365285396575928,-0.11405670642852783,0.001,2.5
334,85.62949096577451,82.90763814154278,0.11991892681399383,0.11975631195067563,117.1466504453215,117.14157175938023,2.884853941711349,2.940199871127023,8.423923427735142,7.713547939440877,2.884853941711349,2.940199871127023,40.95477386934673,45.819397993311036,-0.10245394706726074,-0.1164165735244751,0.001,2.5
335,86.06295210232886,82.96936961400469,0.11996873387040405,0.11980696787503252,117.14665895650535,117.14164588443411,2.9011506295483716,2.937606744542967,8.461714949040756,7.733663777443876,2.9011506295483716,2.937606744542967,40.95477386934673,45.819397993311036,-0.11104333400726318,-0.1147756576538086,0.001,2.5
336,85.51023747174185,82.90713562215849,0.11988418000177722,0.11972715453958033,117.14686751884831,117.14188563624353,2.879964931526376,2.935133665301728,8.414746425059972,7.7286520849502205,2.879964931526376,2.935133665301728,40.95477386934673,45.819397993311036,-0.10011827945709229,-0.11471033096313477,0.001,2.5
337,85.80472098243496,82.83584957059011,0.11993299641800885,0.1202010489177943,117.14709715467801,117.14233362714583,2.8914124278766624,2.931947702548177,8.439290878960435,7.723858978437341,2.8914124278766624,2.931947702548177,40.95477386934673,45.819397993311036,-0.09810376167297363,-0.11313462257385254,0.001,2.5
338,84.99219524441052,82.86717882443432,0.11980900630180161,0.12003738301055487,117.14754981930732,117.1425875405404,2.8531356173344395,2.9358082662856697,8.391640770175748,7.71857504222704,2.8531356173344395,2.9358082662856697,40.95477386934673,45.819397993311036,-0.0821375846862793,-0.11101281642913818,0.001,2.5
339,85.73553758170736,82.86485548242678,0.12008138037157219,0.11966787069338221,117.14773165960008,117.14280667512313,2.871966006168768,2.935295425529863,8.483763832143403,7.719722609057475,2.871966006168768,2.935295425529863,40.95477386934673,45.819397993311036,-0.09965980052947998,-0.1128929853439331,0.001,2.5
340,85.44445373944102,82.85907257998667,0.11984550655886556,0.11997058673646538,117.14785282256416,117.14283936159268,2.858678287796838,2.9313805103302,8.46545719421489,7.7302507524905,2.858678287796838,2.9313805103302,40.95477386934673,45.819397993311036,-0.08253538608551025,-0.11340200901031494,0.001,2.5
341,85.61643501422313,82.82500128602503,0.11999867284916953,0.12003608633542938,117.14788709733155,117.14273474447704,2.8613152859398667,2.93179740475173,8.49191196479989,7.722172651003834,2.8613152859398667,2.93179740475173,40.95477386934673,45.819397993311036,-0.08509945869445801,-0.11459016799926758,0.001,2.5
342,85.75366630106915,82.79681233179609,0.11994282510662,0.12000487964089498,117.14777397270778,117.14275765817699,2.873822963816836,2.9331696671387024,8.481846161623496,7.712423787069161,2.873822963816836,2.9331696671387024,40.95477386934673,45.819397993311036,-0.08423507213592529,-0.11206698417663574,0.001,2.5
343,86.38408779738536,82.8524569508224,0.1199220279403268,0.1197599965493416,117.14770834969116,117.14241428439036,2.907404088494766,2.9371335386831228,8.507191327349025,7.711710154810877,2.907404088494766,2.9371335386831228,40.95477386934673,45.819397993311036,-0.12143433094024658,-0.11237823963165283,0.001,2.5
344,85.39122377328538,82.96306566729594,0.11998265875593901,0.12013850418420938,117.14766060527245,117.1432284351974,2.867177710061896,2.933977879010714,8.429285782665463,7.743222855405265,2.867177710061896,2.933977879010714,40.95477386934673,45.819397993311036,-0.09424698352813721,-0.11145496368408203,0.001,2.5
345,85.27314134658481,82.9866377151132,0.11969163791717996,0.11977017586147506,117.14823583861691,117.14322300021067,2.8652008326608733,2.9405365038077567,8.411657787048238,7.728335504946501,2.8652008326608733,2.9405365038077567,40.95477386934673,45.819397993311036,-0.09424841403961182,-0.11307764053344727,0.001,2.5
346,85.29574968347598,83.00255574510248,0.11988830206981256,0.12021853007301439,117.1482126692831,117.14315977064662,2.8875975241413467,2.934278718603893,8.348949818954596,7.750202001935263,2.8875975241413467,2.934278718603893,40.95477386934673,45.819397993311036,-0.09974479675292969,-0.11170709133148193,0.001,2.5
347,85.42327650827379,82.85758969616332,0.12001989573439961,0.11979187364661972,117.1481901005884,117.14325239506853,2.856884160832544,2.9315972862435027,8.466569350991817,7.729339070144705,2.856884160832544,2.9315972862435027,40.95477386934673,45.819397993311036,-0.0712510347366333,-0.11060130596160889,0.001,2.5
348,85.95187150453603,82.95094773920881,0.11980375874681488,0.11983148516918903,117.14829532744697,117.14337982381865,2.8891820604078333,2.9370421972561838,8.475437731399408,7.731668217126343,2.8891820604078333,2.9370421972561838,40.95477386934673,45.819397993311036,-0.11135590076446533,-0.11320149898529053,0.001,2.5
349,85.33240829800042,82.90645566193953,0.11988465179700149,0.11986914767967817,117.14879241381058,117.14429310572187,2.8571347028166802,2.9359636290814963,8.447670709747365,7.725997652098487,2.8571347028166802,2.9359636290814963,40.95477386934673,45.819397993311036,-0.08245193958282471,-0.1129302978515625,0.001,2.5
350,85.16522002100345,82.97435778359505,0.1198815738211325,0.12009986141154598,117.14964599864966,117.14518138158282,2.8766546976226857,2.9339757858710147,8.355673997645802,7.745494745248138,2.8766546976226857,2.9339757858710147,40.95477386934673,45.819397993311036,-0.09022510051727295,-0.10992014408111572,0.001,2.5
351,85.48180221992122,82.81378462163103,0.11992417859971224,0.12008055860182912,117.15041773043686,117.14566096175076,2.8763359874936203,2.9356221419114332,8.419937705674164,7.7084453640175505,2.8763359874936203,2.9356221419114332,40.95477386934673,45.819397993311036,-0.10638129711151123,-0.11741983890533447,0.001,2.5
352,85.38006065279195,83.023735480165,0.11987280039431861,0.12005071974917,117.15104101490934,117.14635528768584,2.851019207157282,2.940322862420991,8.475549419920648,7.736338612227934,2.851019207157282,2.940322862420991,40.95477386934673,45.819397993311036,-0.08637893199920654,-0.11812257766723633,0.001,2.5
353,86.10554394490356,82.91448040710245,0.11989926936189134,0.11979020200046807,117.1515926444151,117.14677051556947,2.899994703193805,2.933541906318537,8.47371470548799,7.734882346762463,2.899994703193805,2.933541906318537,40.95477386934673,45.819397993311036,-0.10169386863708496,-0.11590993404388428,0.001,2.5
354,85.33343992760433,83.0148977069153,0.1198676894707496,0.11977583356824607,117.15184410772531,117.14680432475929,2.8650985826399658,2.939370042902969,8.423988612253263,7.737485773986,2.8650985826399658,2.939370042902969,40.95477386934673,45.819397993311036,-0.0947723388671875,-0.11599981784820557,0.001,2.5
355,85.65500205086303,82.93731714969495,0.1197599591796522,0.11945276500588675,117.1517774240056,117.146686617746,2.9071712577762314,2.9347332074091983,8.362104348002166,7.7359440414403196,2.9071712577762314,2.9347332074091983,40.95477386934673,45.819397993311036,-0.12013852596282959,-0.11449015140533447,0.001,2.5
356,84.73674959473475,82.8538857909748,0.11990276976196809,0.12005697078629082,117.1515749958492,117.14636728037958,2.827553132870289,2.931077237113264,8.417279435162568,7.7301047685553,2.827553132870289,2.931077237113264,40.95477386934673,45.819397993311036,-0.0709754228591919,-0.10995399951934814,0.001,2.5
357,85.35189361827857,82.8555421861119,0.11984668317651828,0.1200655599850476,117.15119558363105,117.1459618507819,2.852970239904458,2.9338763095064704,8.464068398403763,7.722037610401677,2.852970239904458,2.9338763095064704,40.95477386934673,45.819397993311036,-0.09435844421386719,-0.11365938186645508,0.001,2.5
358,85.593731060699,82.8754535279545,0.11999392319763925,0.11993765322659726,117.1509133215925,117.14580816568738,2.8794239098502565,2.9368540841998865,8.433045439983733,7.7171118729887995,2.8794239098502565,2.9368540841998865,40.95477386934673,45.819397993311036,-0.09698903560638428,-0.11210548877716064,0.001,2.5
359,86.14694123132345,83.01936447500783,0.11990901447171143,0.12014280630892336,117.15090197334737,117.1460141848561,2.897024390685498,2.937645643451142,8.490903042868354,7.743478842004884,2.897024390685498,2.937645643451142,40.95477386934673,45.819397993311036,-0.1190263032913208,-0.1133660078048706,0.001,2.5
360,85.2778464210293,82.92214953062128,0.11988104530415143,0.11998492940313442,117.15124778811456,117.14645120371942,2.8465570932257314,2.932807522075232,8.468491779499917,7.738581430951887,2.8465570932257314,2.932807522075232,40.95477386934673,45.819397993311036,-0.07758116722106934,-0.11143732070922852,0.001,2.5
361,84.87435639603453,83.01983961532746,0.11977459873436284,0.12026371323444372,117.15163143036553,117.14667684497641,2.8351186292255344,2.94068654803528,8.422130439349354,7.734426216138247,2.8351186292255344,2.94068654803528,40.95477386934673,45.819397993311036,-0.08402526378631592,-0.11860644817352295,0.001,2.5
362,84.86357510309523,82.9379820552558,0.11988567418638785,0.12006502665803584,117.15174174348714,117.14674221791552,2.8411721296645887,2.938642410928988,8.401790956755978,7.724227232279188,2.8411721296645887,2.938642410928988,40.95477386934673,45.819397993311036,-0.08162438869476318,-0.11883389949798584,0.001,2.5
363,85.14375939041726,82.75400489628514,0.11995488166859002,0.11951874351023033,117.1517509064283,117.14670953144596,2.8526540054148763,2.9326296937106844,8.423368783053041,7.7055787609572395,2.8526540054148763,2.9326296937106844,40.95477386934673,45.819397993311036,-0.08501136302947998,-0.11049449443817139,0.001,2.5
364,85.40599190410057,82.95462612802767,0.11990973238569608,0.11988038666870283,117.15183719398588,117.14692968668348,2.8596525571653792,2.9386010815866017,8.454827900507942,7.727717444250815,2.8596525571653792,2.9386010815866017,40.95477386934673,45.819397993311036,-0.08798003196716309,-0.11910521984100342,0.001,2.5
365,85.20918133350672,83.00950275535966,0.11995950841674054,0.12021498474289342,117.15199995440254,117.14698092355377,2.8719076395434153,2.9349771080208464,8.37869116688893,7.749496823569205,2.8719076395434153,2.9349771080208464,40.95477386934673,45.819397993311036,-0.09613645076751709,-0.11195063591003418,0.001,2.5
366,85.61239033607981,82.85064590096873,0.11984397443495004,0.11993991429092095,117.15206438892051,117.14709319558033,2.8773828032028734,2.9318209340341115,8.442930509097613,7.727248411912185,2.8773828032028734,2.9318209340341115,40.95477386934673,45.819397993311036,-0.10071110725402832,-0.11005723476409912,0.001,2.5
367,85.28496064612614,83.08877277693222,0.11985467188372284,0.11998327522473191,117.15251528997118,117.14774496021079,2.865293367424203,2.9419735993031275,8.413710706797078,7.744407349206931,2.865293367424203,2.9419735993031275,40.95477386934673,45.819397993311036,-0.09754455089569092,-0.11773765087127686,0.001,2.5
368,85.91679643027148,82.94392027583808,0.11995252961888785,0.12009484505274623,117.15309623577687,117.14839134088727,2.8719950588903633,2.9368038010039057,8.519953003281126,7.730923571315498,2.8719950588903633,2.9368038010039057,40.95477386934673,45.819397993311036,-0.09312164783477783,-0.11164474487304688,0.001,2.5
369,85.70349836748848,82.9654076617697,0.11998469361308432,0.11974076894314392,117.1534691304218,117.14852757278493,2.891608902757092,2.93849748113881,8.418445377094262,7.730210935790403,2.891608902757092,2.93849748113881,40.95477386934673,45.819397993311036,-0.11777472496032715,-0.11391913890838623,0.001,2.5
370,85.65259238902847,83.00439800147628,0.11989812374464431,0.11980560496698654,117.15373600587573,117.14892437784967,2.8745145925525044,2.9394446431992445,8.459564469367814,7.735154812152569,2.8745145925525044,2.9394446431992445,40.95477386934673,45.819397993311036,-0.11415469646453857,-0.11837327480316162,0.001,2.5
371,86.46427590323853,82.98026349632238,0.120020049975146,0.12005389997592339,117.15395952029843,117.14871509258563,2.891437625565521,2.936588104751995,8.571107244571449,7.738846882529881,2.891437625565521,2.936588104751995,40.95477386934673,45.819397993311036,-0.10327792167663574,-0.11355555057525635,0.001,2.5
372,85.3461276107098,82.95631587305994,0.11983296418659252,0.1200765080027357,117.15377760332832,117.14874122134817,2.893103316800678,2.933701837341921,8.342518134732142,7.742712918731281,2.893103316800678,2.933701837341921,40.95477386934673,45.819397993311036,-0.10847997665405273,-0.11057019233703613,0.001,2.5
373,85.8785093425706,82.97649447335846,0.11987053329621128,0.11992572547001983,117.15379475349158,117.14886987488406,2.9170427865518795,2.9403747890306557,8.377168470091956,7.72675981489711,2.9170427865518795,2.9403747890306557,40.95477386934673,45.819397993311036,-0.11068320274353027,-0.11925375461578369,0.001,2.5
374,85.65667618539065,82.95495289065767,0.11978104610738642,0.1200156061595499,117.15406023597397,117.1491816083723,2.89090125884243,2.935319837519158,8.411244165557912,7.737598321908294,2.89090125884243,2.935319837519158,40.95477386934673,45.819397993311036,-0.11038494110107422,-0.11182045936584473,0.001,2.5
375,86.34578421127856,83.015003293653,0.11999532207222639,0.11959316501749001,117.15427769288745,117.14929928986922,2.91709468073182,2.941529277176363,8.470442807055399,7.731064094747588,2.91709468073182,2.941529277176363,40.95477386934673,45.819397993311036,-0.11532986164093018,-0.12186598777770996,0.001,2.5
376,85.59089026778587,82.9252795981723,0.11992016548237809,0.11989325815718309,117.15439875361508,117.1492927576786,2.8732509553132943,2.9382902316026462,8.45101048039831,7.722777231082469,2.8732509553132943,2.9382902316026462,40.95477386934673,45.819397993311036,-0.0925748348236084,-0.11720681190490723,0.001,2.5
377,85.65948505497458,82.86875795600406,0.11996759788774365,0.11970792317071487,117.15436488779346,117.14935379283484,2.8562133659669504,2.9338856062362826,8.515832640617537,7.7247236803622545,2.8562133659669504,2.9338856062362826,40.95477386934673,45.819397993311036,-0.0897219181060791,-0.11396157741546631,0.001,2.5
378,85.84827521498279,82.94288824075042,0.11979437307446845,0.11994556835961581,117.15442377598441,117.1493908426036,2.8860094882735057,2.93512963610748,8.464237037415879,7.735770155354886,2.8860094882735057,2.93512963610748,40.95477386934673,45.819397993311036,-0.10714304447174072,-0.11433780193328857,0.001,2.5
379,85.51820491107065,82.93068289358082,0.11987594805870024,0.11980983712103056,117.15450645970739,117.14945300048012,2.8892787401400617,2.9394170600036316,8.38839855385785,7.720493452206105,2.8892787401400617,2.9394170600036316,40.95477386934673,45.819397993311036,-0.0977545976638794,-0.11544990539550781,0.001,2.5
380,84.75823407197119,82.90501352775854,0.11991720894972484,0.1200784502619485,117.15453016578253,117.1494693309567,2.8256035937336423,2.933634999603731,8.427421435638887,7.732651539869532,2.8256035937336423,2.933634999603731,40.95477386934673,45.819397993311036,-0.09585201740264893,-0.11433041095733643,0.001,2.5
381,86.08820879758902,82.84641870607102,0.11999894057086964,0.1201805113550014,117.15459131595478,117.1494693309567,2.8991468819341866,2.9328816718481057,8.472770448106418,7.723172623178233,2.8991468819341866,2.9328816718481057,40.95477386934673,45.819397993311036,-0.13675808906555176,-0.111625075340271,0.001,2.5
382,85.59570617931372,83.05055627216862,0.11992978610385403,0.12019060342806238,117.15474970576352,117.1498529695747,2.902093858175741,2.9410843881077593,8.36544315619285,7.73939007500741,2.902093858175741,2.9410843881077593,40.95477386934673,45.819397993311036,-0.11707830429077148,-0.11744320392608643,0.001,2.5
383,85.14577416399216,82.92761546871733,0.11995796422463166,0.11977103070969565,117.15503563553445,117.15000229137,2.8549886748219655,2.9385907562281375,8.416766235377121,7.722366403177829,2.8549886748219655,2.9385907562281375,40.95477386934673,45.819397993311036,-0.08308088779449463,-0.11523163318634033,0.001,2.5
384,85.23768838086919,82.93517663247609,0.1199227107854145,0.11983678684286449,117.15506617867167,117.14995980661449,2.8398416058302325,2.9327879382615105,8.480597120633277,7.741273293128381,2.8398416058302325,2.9327879382615105,40.95477386934673,45.819397993311036,-0.0835188627243042,-0.11540496349334717,0.001,2.5
385,85.66175627588626,82.90826885516827,0.11976384471359365,0.12016936172310724,117.15505439592167,117.15003826945123,2.883520286486576,2.9351286943939616,8.434406584032017,7.72880357085263,2.883520286486576,2.9351286943939616,40.95477386934673,45.819397993311036,-0.10347425937652588,-0.11385250091552734,0.001,2.5
386,85.67895932093737,82.85951360492004,0.11980921926111032,0.11960073802184101,117.1551783448288,117.15012002389965,2.8673098945937165,2.9387378565045106,8.486469499629546,7.708338707187104,2.8673098945937165,2.9387378565045106,40.95477386934673,45.819397993311036,-0.08585572242736816,-0.11824154853820801,0.001,2.5
387,85.28798203971517,82.95178942217875,0.12003079464836935,0.11993460100530381,117.15522722662793,117.150154904777,2.8430588061685738,2.940247335561542,8.480982747708932,7.7221985644720075,2.8430588061685738,2.940247335561542,40.95477386934673,45.819397993311036,-0.07736790180206299,-0.11299943923950195,0.001,2.5
388,85.8622957034726,82.85478746292982,0.120023310995681,0.11963820773921284,117.15521383365395,117.15009713571605,2.9050939514409357,2.9327483536009007,8.409741436816141,7.725354333386373,2.9050939514409357,2.9327483536009007,40.95477386934673,45.819397993311036,-0.0989764928817749,-0.11076188087463379,0.001,2.5
389,84.91749626428039,82.88225578384655,0.11981741145527743,0.11991996166100072,117.15511862596675,117.14994998281217,2.8593998522415034,2.9345934343178537,8.357905169028532,7.7252573998875445,2.8593998522415034,2.9345934343178537,40.95477386934673,45.819397993311036,-0.09711110591888428,-0.11104035377502441,0.001,2.5
390,85.59508821113624,82.97448253312638,0.12000101360444049,0.11997230916617307,117.15488180802696,117.14982576912462,2.8812989769269475,2.9363330056436086,8.427689450070686,7.738473046982168,2.8812989769269475,2.9363330056436086,40.95477386934673,45.819397993311036,-0.10737454891204834,-0.11373937129974365,0.001,2.5
391,85.73392546636175,82.94227191835742,0.11995958299742672,0.11990908976881001,117.15510104129862,117.1501973895325,2.8589648549480855,2.9332454635148064,8.522467714657935,7.741307003442261,2.8589648549480855,2.9332454635148064,40.95477386934673,45.819397993311036,-0.08659875392913818,-0.10727322101593018,0.001,2.5
392,85.4436934325763,82.91691854725714,0.11991794866632977,0.12004509969399525,117.15537893272923,117.15041971366142,2.8890300336195596,2.9333277498200587,8.374233483868828,7.735960987499326,2.8890300336195596,2.9333277498200587,40.95477386934673,45.819397993311036,-0.10104870796203613,-0.11125493049621582,0.001,2.5
393,85.91854052008496,82.88793440088381,0.11980988678071566,0.11998278333690254,117.15554740560714,117.15057337323958,2.906700200171926,2.933101860575851,8.416214366254694,7.730854428332785,2.906700200171926,2.933101860575851,40.95477386934673,45.819397993311036,-0.10286784172058105,-0.11067748069763184,0.001,2.5
394,85.46622904101808,82.91834136554628,0.11992832212092688,0.11995099557183658,117.15577535453554,117.15087428778709,2.870136233430412,2.9332056388408443,8.435420366986913,7.736630568934922,2.870136233430412,2.9332056388408443,40.95477386934673,45.819397993311036,-0.08207201957702637,-0.11252903938293457,0.001,2.5
395,85.62785348301158,82.91969983155113,0.1198065619248042,0.11988921617983177,117.1561772204324,117.15148463934959,2.8858114938240753,2.9347643030925736,8.420743625168026,7.732239074132913,2.8858114938240753,2.9347643030925736,40.95477386934673,45.819397993311036,-0.11859047412872314,-0.11754214763641357,0.001,2.5
396,85.4203488782822,82.93503450629703,0.12005165487627688,0.1198035605924584,117.15678381480564,117.15269664139254,2.8842530090804877,2.939238128853482,8.383869198299132,7.721900530084718,2.8842530090804877,2.939238128853482,40.95477386934673,45.819397993311036,-0.10324645042419434,-0.11519575119018555,0.001,2.5
397,85.42791750602787,82.95529700441902,0.12012819724915615,0.11986678694203545,117.15778844120914,117.15291572494252,2.8722941995266096,2.9358563391261274,8.421244153225642,7.736086821476353,2.8722941995266096,2.9358563391261274,40.95477386934673,45.819397993311036,-0.10025584697723389,-0.1162487268447876,0.001,2.5
398,85.02622681686427,82.94640909150293,0.12009351562015974,0.12032614174893867,117.15818593649809,117.15348142285809,2.8374353050187207,2.9364248845090835,8.44548945211286,7.732511695810784,2.8374353050187207,2.9364248845090835,40.95477386934673,45.819397993311036,-0.08230328559875488,-0.11335122585296631,0.001,2.5
399,85.24705921984598,82.96038211069776,0.11993905000850384,0.11983636138730225,117.15838531034076,117.15334955425965,2.8459464201775426,2.9394023290844666,8.464153128453036,7.7264717909005975,2.8459464201775426,2.9394023290844666,40.95477386934673,45.819397993311036,-0.08399689197540283,-0.11296510696411133,0.001,2.5
400,84.67718185092536,82.91837890012607,0.11993483394084864,0.11988651161907508,117.15848116978529,117.15367654653696,2.8463934410357195,2.9377452458027613,8.348837749442863,7.723032638779452,2.8463934410357195,2.9377452458027613,40.95477386934673,45.819397993311036,-0.07571756839752197,-0.11555087566375732,0.001,2.5
401,84.873591744121,84.89917885260438,0.1289023761723309,0.15154078762268142,113.39831315492665,114.17422115364202,2.8880970529974803,2.9368977594535086,8.26196695292615,8.1159994386909,2.8880970529974803,2.9368977594535086,40.95477386934673,45.819397993311036,-0.10654127597808838,-0.12015414237976074,0.001,2.5
402,85.66282793105746,85.25709605137241,0.14902336061799545,0.17100106239518195,111.24598010141446,112.67938092081842,2.901328008578251,2.9691553171661784,8.376527880504103,8.087216512814015,2.901328008578251,2.9691553171661784,40.95477386934673,45.819397993311036,-0.11242890357971191,-0.17661523818969727,0.001,2.5
403,84.81303188509278,83.77766147983513,0.18421145894219929,0.18406789184214678,115.03201035798295,114.96448075412508,2.8309218691821076,2.926991705910418,8.409992099806692,7.914750619078161,2.8309218691821076,2.926991705910418,40.95477386934673,45.819397993311036,-0.07853507995605469,-0.07367444038391113,0.001,2.5
404,85.82500428370695,83.17191531586408,0.17279381690612391,0.1814681787953329,112.97894922253275,115.94685698033975,2.8917075521382856,2.926893172056779,8.432723415956225,7.794220047252234,2.8917075521382856,2.926893172056779,40.95477386934673,45.819397993311036,-0.10781002044677734,-0.09578204154968262,0.001,2.5
405,85.73356864839742,82.50074757859858,0.17625767094905254,0.17230940358495234,116.93353525797527,116.12663802335095,2.8686287962212234,2.9292321316773275,8.48218906025591,7.654765856305891,2.8686287962212234,2.9292321316773275,40.95477386934673,45.819397993311036,-0.11679208278656006,-0.09264981746673584,0.001,2.5
406,86.12819897828989,84.378674051036,0.16929889890915983,0.18556040924129677,113.99024187659897,120.13103523381976,2.9045404385482048,2.9431473929746494,8.45536060588843,7.985153781929144,2.9045404385482048,2.9431473929746494,40.95477386934673,45.819397993311036,-0.09065878391265869,-0.12662065029144287,0.001,2.5
407,85.91968417527089,83.50565728535221,0.17904361535855873,0.18958463103675524,118.28488223077464,123.35108529285444,2.893289363164598,2.94831404159699,8.444603181164867,7.793602445851201,2.893289363164598,2.94831404159699,40.95477386934673,45.819397993311036,-0.08640611171722412,-0.14522671699523926,0.001,2.5
408,85.49116815154876,81.68564901702779,0.17567685268931651,0.15485750083939287,119.45450356897197,111.30998653552206,2.9031853336385347,2.9455857930773477,8.329651116925469,7.44713837645923,2.9031853336385347,2.9455857930773477,40.95477386934673,45.819397993311036,-0.1233144998550415,-0.1400967836380005,0.001,2.5
409,86.62362808917635,82.30328172664578,0.14128888252392485,0.14462687020317766,104.28224223023483,102.70730177455124,2.942807974328148,2.9350102091314003,8.447187252779502,7.606158719014962,2.942807974328148,2.9350102091314003,40.95477386934673,45.819397993311036,-0.12894916534423828,-0.10759973526000977,0.001,2.5
410,85.96270128310825,83.88605629401063,0.16424643898529423,0.16942046448139841,109.51599794576316,118.47736083065786,2.871257099074934,2.954915286705247,8.524016530469833,7.8548850359326625,2.871257099074934,2.954915286705247,40.95477386934673,45.819397993311036,-0.09413766860961914,-0.13966858386993408,0.001,2.5
411,85.73975057937392,82.50032377721475,0.16477401230103605,0.16487325812661927,121.1320249215642,124.83958554985531,2.879080472879074,2.926476963387684,8.453527119890529,7.662691157797108,2.879080472879074,2.926476963387684,40.95477386934673,45.819397993311036,-0.10566413402557373,-0.09089875221252441,0.001,2.5
412,85.2750674683844,82.21511238633988,0.1751418924661138,0.159389136278111,129.84880196269432,126.78375864188408,2.8511743062305293,2.9439400869069687,8.440492452688552,7.553968048414657,2.8511743062305293,2.9439400869069687,40.95477386934673,45.819397993311036,-0.0740741491317749,-0.13165760040283203,0.001,2.5
413,85.87737577045384,80.48966811572429,0.15160698991524713,0.13081687060885605,123.89119834197027,112.43425345022145,2.907474529803099,2.9637993546233927,8.397951820986954,7.157885478093074,2.907474529803099,2.9637993546233927,40.95477386934673,45.819397993311036,-0.1224132776260376,-0.1691892147064209,0.001,2.5
414,85.7695756206161,82.78348819388195,0.12732585745440855,0.13753165459154443,106.5203286686934,108.86147132286659,2.8732290499573776,2.9485402864755996,8.487458986253595,7.661798284205306,2.8732290499573776,2.9485402864755996,40.95477386934673,45.819397993311036,-0.09324920177459717,-0.12440049648284912,0.001,2.5
415,86.02328647121513,86.61308941793283,0.1477909141050112,0.187664609240449,113.64984187089418,127.31368597534588,2.904353436513163,2.945141067472987,8.43930885500245,8.424199458348712,2.904353436513163,2.945141067472987,40.95477386934673,45.819397993311036,-0.1143336296081543,-0.1192476749420166,0.001,2.5
416,85.80873064459668,83.86164572725328,0.1757859746665012,0.17404907144431686,124.73464101922372,124.65912250531557,2.915438685984268,2.9265353815212696,8.355326013549089,7.93298184193895,2.915438685984268,2.9265353815212696,40.95477386934673,45.819397993311036,-0.10425138473510742,-0.0665273666381836,0.001,2.5
417,85.38097986064764,82.15960558122616,0.17029266581064093,0.1648985811300501,125.76223906959521,124.96682277411522,2.8632071657196763,2.9353481543103985,8.427363661665414,7.567903223643733,2.8632071657196763,2.9353481543103985,40.95477386934673,45.819397993311036,-0.08909809589385986,-0.05934762954711914,0.001,2.5
418,85.48857727561963,80.712198927251,0.14426004230177383,0.13207949528526702,117.8091409066614,109.47731354882485,2.8568339603430464,2.952719809618283,8.47480002679617,7.235968618488631,2.8568339603430464,2.952719809618283,40.95477386934673,45.819397993311036,-0.05438077449798584,-0.15659844875335693,0.001,2.5
419,85.57599648838267,84.21865344605717,0.14792084771284905,0.15896714042660384,117.72434693405177,122.40793831611556,2.8566884195784628,2.9334676281664285,8.492005313061789,7.98705255865652,2.8566884195784628,2.9334676281664285,40.95477386934673,45.819397993311036,-0.10719311237335205,-0.06561219692230225,0.001,2.5
420,86.15586960375609,82.16899256881663,0.1584495906304674,0.14686646708676648,123.56188655578511,123.35292101703759,2.9186704825716,2.968736177304118,8.418760397126727,7.473546345497055,2.9186704825716,2.968736177304118,40.95477386934673,45.819397993311036,-0.09158170223236084,-0.17242252826690674,0.001,2.5
421,86.27325945523516,84.78415294634459,0.14992630364407647,0.17386456137915518,124.83088457883902,126.74733142151084,2.9014074714539237,2.924689502620378,8.495477908021043,8.122640021269936,2.9014074714539237,2.924689502620378,40.95477386934673,45.819397993311036,-0.11332201957702637,-0.08860218524932861,0.001,2.5
422,86.0476079074981,83.76415678808921,0.17205403088724594,0.17532095651961488,125.74785237016789,129.97285456322507,2.8881749100421543,2.934718205378606,8.485436372421495,7.88761853693321,2.8881749100421543,2.934718205378606,40.95477386934673,45.819397993311036,-0.09751236438751221,-0.1069498062133789,0.001,2.5
423,85.5019228885721,82.72607580076492,0.1620933685819907,0.1668812573255105,126.74604063816805,128.8286027685057,2.863315250006952,2.9350426157182676,8.45267109735128,7.680945975325977,2.863315250006952,2.9350426157182676,40.95477386934673,45.819397993311036,-0.10379862785339355,-0.10066056251525879,0.001,2.5
424,86.202192437509,83.21360493025253,0.14856595117941973,0.15456651225935256,122.68410255521586,123.61994242588413,2.898272879758672,2.9464956478131654,8.49136995829929,7.74759624953254,2.898272879758672,2.9464956478131654,40.95477386934673,45.819397993311036,-0.10557866096496582,-0.13005781173706055,0.001,2.5
425,85.6462313653636,84.1520433202635,0.14690199539290003,0.16394190086568877,122.84504306096727,126.90986018356273,2.867989851601759,2.9337195425129257,8.471327463785807,7.9710800272963915,2.867989851601759,2.9337195425129257,40.95477386934673,45.819397993311036,-0.09670066833496094,-0.051789045333862305,0.001,2.5
426,85.70985077773307,82.70040107650502,0.1508862711676401,0.1472459358714496,124.60938452076871,125.2155967891017,2.847224696796743,2.946063764119228,8.545196991669673,7.647396055751022,2.847224696796743,2.946063764119228,40.95477386934673,45.819397993311036,-0.0460125207901001,-0.13794827461242676,0.001,2.5
427,86.22184265238955,83.60384907291885,0.15796027421152573,0.16616078304207843,129.62561781482282,133.10034394025004,2.8988531829923443,2.924659143722177,8.490291271177767,7.886940728063169,2.8988531829923443,2.924659143722177,40.95477386934673,45.819397993311036,-0.10844576358795166,-0.07255744934082031,0.001,2.5
428,86.70111602834321,81.98310757640213,0.15639179680415333,0.14645059830368962,130.96805640241408,123.49843543827733,2.923805576273345,2.934630891551142,8.511334323403823,7.538738847177563,2.923805576273345,2.934630891551142,40.95477386934673,45.819397993311036,-0.13924157619476318,-0.11302924156188965,0.001,2.5
429,85.97734956725358,82.92894798457424,0.1488912087838654,0.14493210364544273,120.51026327366405,116.5168402426219,2.891734396792337,2.9666574312293013,8.466386443606174,7.633527567554078,2.891734396792337,2.9666574312293013,40.95477386934673,45.819397993311036,-0.07895779609680176,-0.16760730743408203,0.001,2.5
430,86.23233108903895,83.40677124839961,0.14925639144140274,0.15773745424372695,118.53154776363915,119.32757938346735,2.9095016304572026,2.9278185263923975,8.464403812210364,7.842486306576426,2.9095016304572026,2.9278185263923975,40.95477386934673,45.819397993311036,-0.12720966339111328,-0.08191561698913574,0.001,2.5
431,85.43136530225999,82.61949280193419,0.1537031613702151,0.15425174770546599,114.56924283843944,110.35162432616372,2.8784685801820737,2.9247031323487143,8.397212745755962,7.696868695542964,2.8784685801820737,2.9247031323487143,40.95477386934673,45.819397993311036,-0.10408008098602295,-0.07854712009429932,0.001,2.5
432,86.00494438439758,83.87921709041531,0.15348121059599834,0.15834708202842088,108.35191260869779,109.00704159943953,2.9113570405809925,2.9416023504773907,8.414551184604715,7.897565455739714,2.9113570405809925,2.9416023504773907,40.95477386934673,45.819397993311036,-0.10123610496520996,-0.1392303705215454,0.001,2.5
433,85.8218549284304,82.80024953988882,0.16325171261876073,0.16355750747149606,113.08908443994059,117.80220498687846,2.8887237484131627,2.929097306369539,8.442931587372593,7.716486366297489,2.8887237484131627,2.929097306369539,40.95477386934673,45.819397993311036,-0.10785138607025146,-0.08676683902740479,0.001,2.5
434,85.68213151327929,82.52736531133237,0.15669587918462066,0.14874246686597334,119.38683336983175,121.78937063568013,2.852626489035448,2.9702480421417135,8.523330281128237,7.540622463991809,2.852626489035448,2.9702480421417135,40.95477386934673,45.819397993311036,-0.08861279487609863,-0.17585396766662598,0.001,2.5
435,85.10967845054128,82.74251370126986,0.15176486931554037,0.1495837504449098,124.1892610227243,125.51203354545261,2.843974794375038,2.9453987939700634,8.434820494659782,7.657286787511513,2.843974794375038,2.9453987939700634,40.95477386934673,45.819397993311036,-0.08508455753326416,-0.14052128791809082,0.001,2.5
436,85.89660560186185,83.50417708074768,0.14750785599002486,0.15583252129347427,126.47806688369418,133.52597336785053,2.8817539770199825,2.932101771983016,8.479262027708529,7.846658837436434,2.8817539770199825,2.932101771983016,40.95477386934673,45.819397993311036,-0.090240478515625,-0.10332858562469482,0.001,2.5
437,85.78438364920305,82.7186497206672,0.15039930463935464,0.15020960634169372,134.96329934073853,139.2419741321168,2.8785649264477806,2.9326142937842024,8.464109155600594,7.687996867508394,2.8785649264477806,2.9326142937842024,40.95477386934673,45.819397993311036,-0.10027742385864258,-0.09578549861907959,0.001,2.5
438,85.50179251154863,82.19455578654107,0.147660209156161,0.14271185584490914,139.77793411433797,138.25888367719872,2.844891949914009,2.929730205631575,8.508195395445703,7.593526602588768,2.844891949914009,2.929730205631575,40.95477386934673,45.819397993311036,-0.06186556816101074,-0.0718841552734375,0.001,2.5
439,85.22144366189264,82.54425753079929,0.14017881809966248,0.13539639952589436,137.37153607596903,136.0740167624177,2.868895113767691,2.9646187434627063,8.382093515827428,7.560701199598536,2.868895113767691,2.9646187434627063,40.95477386934673,45.819397993311036,-0.08688139915466309,-0.16493964195251465,0.001,2.5
440,86.08455393422189,82.34964514895027,0.13264819101073236,0.13243643864740098,135.22526356043727,135.26272705486386,2.900077243945507,2.9285685449938312,8.463104827919198,7.630683530533194,2.900077243945507,2.9285685449938312,40.95477386934673,45.819397993311036,-0.11366808414459229,-0.0914926528930664,0.001,2.5
441,86.32973182460971,83.63985848825511,0.1350210481752303,0.14234384301314784,136.01620930682873,138.4502846708266,2.8987304074081344,2.9291395287848636,8.51554808145392,7.884393704774786,2.8987304074081344,2.9291395287848636,40.95477386934673,45.819397993311036,-0.10133624076843262,-0.05787241458892822,0.001,2.5
442,85.24356555778976,83.04606595246688,0.13701899826426803,0.13681963425017518,137.5514240105148,136.898649336901,2.82407704110521,2.9279070251362778,8.521567723259855,7.770748208597751,2.82407704110521,2.9279070251362778,40.95477386934673,45.819397993311036,-0.0640488862991333,-0.09975695610046387,0.001,2.5
443,85.31871738146297,83.32359329274665,0.13424147977501502,0.1377076873412499,134.40911331048963,133.76658410930315,2.8586309790810946,2.9500770162180516,8.43412037470832,7.760192764243952,2.8586309790810946,2.9500770162180516,40.95477386934673,45.819397993311036,-0.1179647445678711,-0.14506351947784424,0.001,2.5
444,85.80816807579156,82.38424713236832,0.13477401475311324,0.13332553103217312,131.65418142449715,129.61538466641736,2.901108074028488,2.922071002398845,8.405023692241267,7.6580488179439685,2.901108074028488,2.922071002398845,40.95477386934673,45.819397993311036,-0.10573410987854004,-0.09383666515350342,0.001,2.5
445,86.02995779526293,82.57135236861315,0.13196729285832826,0.13065125890400098,128.4419959753602,127.08125578200936,2.8864814504307117,2.9250862287438433,8.494465335929014,7.68746487193283,2.8864814504307117,2.9250862287438433,40.95477386934673,45.819397993311036,-0.09613895416259766,-0.102852463722229,0.001,2.5
446,85.68657169310092,82.71946910233004,0.1304880958955292,0.1282093606664983,126.77123453469332,126.27460523114156,2.8708983549919957,2.937196974770281,8.473167560008703,7.681406698896733,2.8708983549919957,2.937196974770281,40.95477386934673,45.819397993311036,-0.10033226013183594,-0.13131749629974365,0.001,2.5
447,85.95903840695993,82.47210331026926,0.12633088116270413,0.12634738243144492,126.3951422022016,127.63668583388312,2.882664426886656,2.922105518870529,8.493269164757912,7.677307042788502,2.882664426886656,2.922105518870529,40.95477386934673,45.819397993311036,-0.09555518627166748,-0.08721411228179932,0.001,2.5
448,85.18087362164827,83.14919883192184,0.12588170163295975,0.12676617792218825,127.70537353720098,128.37053182850713,2.87197978173069,2.940774228660558,8.369518173000522,7.756489455500574,2.87197978173069,2.940774228660558,40.95477386934673,45.819397993311036,-0.10074877738952637,-0.12081897258758545,0.001,2.5
449,86.18030513590904,83.10193557484094,0.12649895046124707,0.1260839428092325,128.6264250482147,129.077598546261,2.892814089105756,2.936883561188561,8.506594106779625,7.758703925537824,2.892814089105756,2.936883561188561,40.95477386934673,45.819397993311036,-0.11464858055114746,-0.1260765790939331,0.001,2.5
450,85.72717902408772,82.81280925840039,0.12473474555279142,0.1247937993760093,129.2649911596148,130.62647321311925,2.8697012561050492,2.9247049216841376,8.485532227073682,7.737362946156275,2.8697012561050492,2.9247049216841376,40.95477386934673,45.819397993311036,-0.0979604721069336,-0.07550561428070068,0.001,2.5
451,85.66125038440903,83.2171273375036,0.1253052358601361,0.12468822890998528,131.6881510927849,132.42936721852791,2.8753438219552865,2.9411449504137837,8.454819886928028,7.768566560585762,2.8753438219552865,2.9411449504137837,40.95477386934673,45.819397993311036,-0.08125114440917969,-0.1116938591003418,0.001,2.5
452,86.30323974251547,82.88036354090458,0.12484703661009694,0.12452564199134258,132.76568503835094,132.93043798746473,2.9224509517950827,2.931177041203681,8.441772574356053,7.731050440300269,2.9224509517950827,2.931177041203681,40.95477386934673,45.819397993311036,-0.11754512786865234,-0.08747446537017822,0.001,2.5
453,84.97092021130636,83.5400415886206,0.12215197046398119,0.12405400177507496,131.46779015315838,131.66774711481304,2.8501983391779353,2.959102538915781,8.392865521224898,7.779556521603894,2.8501983391779353,2.959102538915781,40.95477386934673,45.819397993311036,-0.07859134674072266,-0.16143310070037842,0.001,2.5
454,85.91571612334131,83.12528394616169,0.11953270112100359,0.12257529984549137,129.40316869585558,130.90664739194125,2.8878741020732988,2.934072754454852,8.469733217453438,7.772142269938287,2.8878741020732988,2.934072754454852,40.95477386934673,45.819397993311036,-0.11662924289703369,-0.09470117092132568,0.001,2.5
455,86.68698870277085,82.22576455208768,0.12379510659518553,0.1199104909514105,131.45560016983518,130.1293517147817,2.904300081070943,2.9213754771943874,8.573447337701692,7.631018016649329,2.904300081070943,2.9213754771943874,40.95477386934673,45.819397993311036,-0.1010904312133789,-0.07039999961853027,0.001,2.5
456,86.00574627593534,82.81230592249229,0.12082842430427446,0.12139314016869236,131.1082554853941,132.19781014432874,2.882461138905792,2.9279561234158415,8.503378725930475,7.727874441689074,2.882461138905792,2.9279561234158415,40.95477386934673,45.819397993311036,-0.08831143379211426,-0.09780395030975342,0.001,2.5
457,85.6328139313102,82.96086493144466,0.11828155722001091,0.11831042457085389,131.17705391479697,130.96741932132173,2.858677183962747,2.938741872940574,8.500639498533316,7.726090967057142,2.858677183962747,2.938741872940574,40.95477386934673,45.819397993311036,-0.0830986499786377,-0.1140141487121582,0.001,2.5
458,86.89754797905134,82.68754751148032,0.11861657255159151,0.11735923346568111,130.25083667748737,128.3312154406289,2.9215035474480096,2.931337792737827,8.565225237777684,7.694357913473378,2.9215035474480096,2.931337792737827,40.95477386934673,45.819397993311036,-0.1168372631072998,-0.1042327880859375,0.001,2.5
459,85.43304242720356,83.412426543475,0.11765565101675053,0.12014580714862083,128.17059538312495,129.21134285304856,2.893912213930932,2.936487378882724,8.355706598291444,7.823151781407487,2.893912213930932,2.936487378882724,40.95477386934673,45.819397993311036,-0.10935020446777344,-0.115470290184021,0.001,2.5
460,85.68629065789969,83.42786149755369,0.11682788614601745,0.11649701156245426,127.96784602537427,128.31780735385857,2.858694548982272,2.962345840141526,8.512215164638244,7.74957245089936,2.858694548982272,2.962345840141526,40.95477386934673,45.819397993311036,-0.07979154586791992,-0.16283917427062988,0.001,2.5
461,85.82127873661929,82.418997978287,0.11935374706085004,0.11440732711334292,129.10173475562627,126.23872998087701,2.8954050049709914,2.95128848720155,8.428349593975636,7.5818051462588105,2.8954050049709914,2.95128848720155,40.95477386934673,45.819397993311036,-0.11981487274169922,-0.1422421932220459,0.001,2.5
462,86.25129998748626,83.58451348244147,0.11491806596717244,0.11787880311741877,126.99604641452706,129.00116002519792,2.9068221307080395,2.9482471775450434,8.481410782141502,7.822785457241096,2.9068221307080395,2.9482471775450434,40.95477386934673,45.819397993311036,-0.1047968864440918,-0.12363433837890625,0.001,2.5
463,85.84283212121807,83.51516881834304,0.12198786982888951,0.12154459940848941,131.0545304137059,131.7063573116443,2.8887827699907263,2.9487148997775687,8.45160951406712,7.806238584295165,2.8887827699907263,2.9487148997775687,40.95477386934673,45.819397993311036,-0.09991633892059326,-0.1321699619293213,0.001,2.5
464,85.84319215963035,82.5973800608147,0.12045497616980742,0.11901336826109966,131.57057759909574,131.04320299027356,2.881391442600806,2.9315978021526017,8.47405916162871,7.674670892415636,2.881391442600806,2.9315978021526017,40.95477386934673,45.819397993311036,-0.09456193447113037,-0.11182999610900879,0.001,2.5
465,85.84216653641744,82.55720188306725,0.1174248673233954,0.11613503021241031,130.14129858480226,129.27507156831365,2.875803837624427,2.9312227513877844,8.491508749062492,7.668690646372511,2.875803837624427,2.9312227513877844,40.95477386934673,45.819397993311036,-0.09272801876068115,-0.09713375568389893,0.001,2.5
466,85.3240723346346,82.85130213096389,0.11717847194304219,0.11602433137969428,129.86067294275742,129.7849633462453,2.8497431877270416,2.9330423388592775,8.466177467525105,7.721971479945358,2.8497431877270416,2.9330423388592775,40.95477386934673,45.819397993311036,-0.07477200031280518,-0.10320818424224854,0.001,2.5
467,86.49371367283602,82.8922252846402,0.1152778819977139,0.11482692995797032,129.75529738127486,130.00966565186363,2.917712526305437,2.9369066136337842,8.49659844339393,7.718758362990159,2.917712526305437,2.9369066136337842,40.95477386934673,45.819397993311036,-0.11986219882965088,-0.12102961540222168,0.001,2.5
468,85.2094061131054,83.0859496968247,0.1143019980371897,0.11344229868522855,129.91355965005692,129.50814696857364,2.8709573693810597,2.9510042906604883,8.380165860481199,7.71558710882895,2.8709573693810597,2.9510042906604883,40.95477386934673,45.819397993311036,-0.08902108669281006,-0.13637924194335938,0.001,2.5
469,85.93777826203772,83.5436438876251,0.11187225351830822,0.11401165730279425,128.92996082912936,131.05545574685803,2.8888508930078505,2.9453341777508077,8.472842978472686,7.823713208520692,2.8888508930078505,2.9453341777508077,40.95477386934673,45.819397993311036,-0.1057281494140625,-0.11768412590026855,0.001,2.5
470,85.75563854428393,83.22512521392925,0.11516560073723546,0.11454891827094515,132.09148035097363,132.18931344839243,2.891920093715291,2.9307348385303715,8.425916037567497,7.803472303626529,2.891920093715291,2.9307348385303715,40.95477386934673,45.819397993311036,-0.09466874599456787,-0.09758496284484863,0.001,2.5
471,85.93774562305342,83.55864917155492,0.1151356881412629,0.11718179031359312,132.16332136246825,132.7660726591895,2.8995543684392318,2.928058570842679,8.439426284738921,7.877564088955372,2.8995543684392318,2.928058570842679,40.95477386934673,45.819397993311036,-0.10827076435089111,-0.06270408630371094,0.001,2.5
472,85.66970998997265,83.00364861121544,0.11779897596368838,0.11612459939957462,133.31701463351098,132.6531970684345,2.84900046672853,2.9298671495954327,8.536717237539627,7.761372963321648,2.84900046672853,2.9298671495954327,40.95477386934673,45.819397993311036,-0.08164441585540771,-0.09905374050140381,0.001,2.5
473,86.27850556493405,83.00286413594633,0.11436749884930487,0.11498660115792998,131.99186356383152,132.8929605643486,2.9285467266038037,2.928061337774015,8.420789093228441,7.766812343661203,2.9285467266038037,2.928061337774015,40.95477386934673,45.819397993311036,-0.11660552024841309,-0.10788679122924805,0.001,2.5
474,86.29367159998397,82.75195669729176,0.11649323077607195,0.11498149788399604,133.91317907489923,133.80457094122335,2.8923187128063823,2.929943054416108,8.53169643619352,7.7108049025902385,2.8923187128063823,2.929943054416108,40.95477386934673,45.819397993311036,-0.09844505786895752,-0.09218752384185791,0.001,2.5
475,85.46720173131281,83.02291678744415,0.11378595125635266,0.11407223012435397,133.71540344340517,134.43869620741012,2.863477408586435,2.938063853560483,8.453507584742765,7.740689574276723,2.863477408586435,2.938063853560483,40.95477386934673,45.819397993311036,-0.0846710205078125,-0.11328279972076416,0.001,2.5
476,85.50857165670475,83.07696972084683,0.11497001871591438,0.11572287869592973,134.96974378934058,135.41245649969298,2.870778764711952,2.9273554106619843,8.439389741600458,7.783100065977677,2.870778764711952,2.9273554106619843,40.95477386934673,45.819397993311036,-0.09409475326538086,-0.09563517570495605,0.001,2.5
477,85.61170774169103,82.56053562228098,0.11327753732701641,0.1111417513677109,133.79086758663107,132.31084041531668,2.873516524457053,2.934904030732885,8.452378339304197,7.658704070343222,2.873516524457053,2.934904030732885,40.95477386934673,45.819397993311036,-0.07974541187286377,-0.1160207986831665,0.001,2.5
478,85.42611317339055,83.30897940441119,0.11282409846133723,0.1150939769569448,132.97942583604873,134.09750830608866,2.8532240574483696,2.9262529599626728,8.476390030316173,7.83319804341498,2.8532240574483696,2.9262529599626728,40.95477386934673,45.819397993311036,-0.08443129062652588,-0.09472060203552246,0.001,2.5
479,85.9813111399486,82.77852304005702,0.11414711606662277,0.1116677318578181,133.69050025620453,132.32934059985107,2.8928657584453945,2.9417775115839215,8.468097142837754,7.681573539274592,2.8928657584453945,2.9417775115839215,40.95477386934673,45.819397993311036,-0.10982000827789307,-0.12496352195739746,0.001,2.5
480,85.38325974609783,82.6903475758224,0.11023835898993203,0.109364102392093,131.62319754595734,131.1014394090327,2.868685230737555,2.937153633621624,8.422223996876472,7.6785160865273365,2.868685230737555,2.937153633621624,40.95477386934673,45.819397993311036,-0.09676051139831543,-0.12281036376953125,0.001,2.5
481,85.9645812707131,83.45832544026965,0.11086912107477635,0.11257776109669919,131.65005771758368,132.32434541325904,2.8836159674166835,2.939104757181378,8.493564671208112,7.825370037436087,2.8836159674166835,2.939104757181378,40.95477386934673,45.819397993311036,-0.10384321212768555,-0.11347854137420654,0.001,2.5
482,85.65174340482932,83.20925760428642,0.11268039685447812,0.11196715105636462,132.3625507450583,131.7615394719867,2.8603015972341925,2.941057993018109,8.500435690184933,7.769931963853613,2.8603015972341925,2.941057993018109,40.95477386934673,45.819397993311036,-0.07582569122314453,-0.12021732330322266,0.001,2.5
483,85.6798453019492,82.8502681055994,0.11075007761992402,0.10966052249522512,130.842465552453,130.0339935200669,2.878720595009962,2.939050695170527,8.451488903818817,7.704963282199209,2.878720595009962,2.939050695170527,40.95477386934673,45.819397993311036,-0.09872174263000488,-0.12329137325286865,0.001,2.5
484,85.64025040567421,83.14736953786384,0.10995940160212206,0.110478048589716,130.08633604321247,130.22084417949154,2.841428118934184,2.9297393412893036,8.555756198301587,7.792116213004326,2.841428118934184,2.9297393412893036,40.95477386934673,45.819397993311036,-0.08309566974639893,-0.11196315288543701,0.001,2.5
485,85.77530381348065,83.06468871764116,0.11090458726114165,0.10996544587871303,130.58684385162303,130.14593485446278,2.871211133011222,2.9416760481320896,8.4931290033874,7.7398874480588775,2.871211133011222,2.9416760481320896,40.95477386934673,45.819397993311036,-0.10800683498382568,-0.125413179397583,0.001,2.5
486,86.40140383926469,82.95943228935319,0.1091676417307638,0.10888714335833903,129.51723213131902,129.2308792063225,2.9029773463755597,2.937949639100295,8.523611943326404,7.730414026955697,2.9029773463755597,2.937949639100295,40.95477386934673,45.819397993311036,-0.09401845932006836,-0.11877655982971191,0.001,2.5
487,85.51806461711226,83.55516136450113,0.11014051963785786,0.11223977490213005,130.0091139954738,131.12135779339334,2.8487797434405864,2.9349962381216197,8.509243674414043,7.85737144827444,2.8487797434405864,2.9349962381216197,40.95477386934673,45.819397993311036,-0.07791304588317871,-0.11160075664520264,0.001,2.5
488,86.05864555831731,82.97458444550684,0.1122008903666557,0.11119119984948117,131.19538406550984,130.77681418326387,2.8653467767801715,2.9341458724095273,8.56700932360574,7.7440861363873434,2.8653467767801715,2.9341458724095273,40.95477386934673,45.819397993311036,-0.08554160594940186,-0.11683571338653564,0.001,2.5
489,85.92179341531879,83.01202591605808,0.11061062531505197,0.11017708836690239,130.54614462285386,130.45724278070458,2.8849828834310047,2.940274530429904,8.4811786287394,7.733454895657441,2.8849828834310047,2.940274530429904,40.95477386934673,45.819397993311036,-0.1039125919342041,-0.11673879623413086,0.001,2.5
490,85.61549618975002,82.98710688460233,0.10996761074417599,0.10998400166182215,130.59460415991907,130.91376839832319,2.8647117151487214,2.93402944679643,8.480851643049537,7.747153097171847,2.8647117151487214,2.93402944679643,40.95477386934673,45.819397993311036,-0.09824132919311523,-0.1130681037902832,0.001,2.5
491,85.8616832944017,82.94439870776938,0.11019969520656707,0.11024544350678307,131.20110889735133,131.34616757396074,2.8599704905370973,2.9289318669998528,8.544145175160676,7.75376581906475,2.8599704905370973,2.9289318669998528,40.95477386934673,45.819397993311036,-0.08304023742675781,-0.10651886463165283,0.001,2.5
492,86.4806262963581,83.01505889382251,0.11008011805551934,0.10980800499385815,131.30546439472755,131.16274064998564,2.916157841882115,2.932832231489711,8.499374876868984,7.756320433473109,2.916157841882115,2.932832231489711,40.95477386934673,45.819397993311036,-0.1375809907913208,-0.10941493511199951,0.001,2.5
493,85.481270462624,83.15969779738614,0.1100536065809491,0.11001782241373956,131.2176722234218,131.34927439609896,2.859669357088942,2.9358353128401333,8.468991401806548,7.776159694760938,2.859669357088942,2.9358353128401333,40.95477386934673,45.819397993311036,-0.08801352977752686,-0.12214064598083496,0.001,2.5
494,85.87876723399714,83.34726260896511,0.11063342315567598,0.11104964387656055,131.55680796049748,131.78488705229998,2.872674545051664,2.9389412945329543,8.509291434807194,7.804061093856658,2.872674545051664,2.9389412945329543,40.95477386934673,45.819397993311036,-0.09975838661193848,-0.11761200428009033,0.001,2.5
495,86.02111703946163,83.11612591695626,0.11118564135714791,0.1110096164421493,131.93091691878175,131.9481032763835,2.883402320008781,2.941811003413886,8.505393017077166,7.7492011398774725,2.883402320008781,2.941811003413886,40.95477386934673,45.819397993311036,-0.1075894832611084,-0.12188887596130371,0.001,2.5
496,85.14568854097146,82.91274616152148,0.1102345211047623,0.10950290553745219,131.57370953583836,131.10903593847982,2.8478518910144444,2.9447126779269217,8.437220642115403,7.700288428112017,2.8478518910144444,2.9447126779269217,40.95477386934673,45.819397993311036,-0.10548925399780273,-0.12168431282043457,0.001,2.5
497,85.02582778802868,82.91652000707926,0.10919249014089655,0.10883030352684167,130.8396473537937,130.58706318016436,2.8629560550453275,2.9330334711234305,8.368290977861413,7.7363194175388506,2.8629560550453275,2.9330334711234305,40.95477386934673,45.819397993311036,-0.0980672836303711,-0.11626565456390381,0.001,2.5
498,85.9465779443482,83.00539293576244,0.10896279873760102,0.10885117594214985,130.59420896495007,130.65936835553734,2.889267356751153,2.934845673998064,8.473602389969818,7.7486392869598495,2.889267356751153,2.934845673998064,40.95477386934673,45.819397993311036,-0.09659707546234131,-0.12061429023742676,0.001,2.5
499,85.80044461095353,82.90297525463296,0.10875086919396766,0.10856613399691406,130.48193055221583,130.33970953389553,2.8614549233486106,2.9326486252622064,8.527877347553195,7.734868188366842,2.8614549233486106,2.9326486252622064,40.95477386934673,45.819397993311036,-0.08287322521209717,-0.11284804344177246,0.001,2.5
500,85.58459910994998,83.16153454222408,0.1086649265471016,0.10870085327720962,130.38867660343547,130.4051830074859,2.8594447420270397,2.9394030132421283,8.490774844759073,7.7662768794541375,2.8594447420270397,2.9394030132421283,40.95477386934673,45.819397993311036,-0.09053277969360352,-0.11195456981658936,0.001,2.5
501,86.33664507841944,83.17916247517768,0.10875988529505243,0.10905813037053398,130.54027492197315,130.72335759293674,2.9084877552498924,2.9358218250466033,8.494006243183385,7.780410304117362,2.9084877552498924,2.9358218250466033,40.95477386934673,45.819397993311036,-0.11022007465362549,-0.11284971237182617,0.001,2.5
502,85.30125066862634,83.12860627955816,0.10900344008227289,0.10886949230994668,130.75888971427776,130.72221502093566,2.8535388119056995,2.9376141203685746,8.451681492516343,7.764959928582743,2.8535388119056995,2.9376141203685746,40.95477386934673,45.819397993311036,-0.0830003023147583,-0.11364006996154785,0.001,2.5
503,85.58984288099023,83.0972679929191,0.1086915909894547,0.10830648627169555,130.66462216784606,130.4055903508113,2.8793935196683234,2.9414541697422396,8.431917070743427,7.747349058106591,2.8793935196683234,2.9414541697422396,40.95477386934673,45.819397993311036,-0.09247124195098877,-0.12401795387268066,0.001,2.5
504,86.37734341261974,83.10628241599603,0.10805119609014073,0.10811496608233372,130.35139306865545,130.290972553368,2.918433520861806,2.938502347588938,8.472487773927213,7.758068264926158,2.918433520861806,2.938502347588938,40.95477386934673,45.819397993311036,-0.11954021453857422,-0.11630773544311523,0.001,2.5
505,85.53552593697655,83.07446064518447,0.10788824187101831,0.10770910101192054,130.31879459553627,130.2580444438003,2.846619065682493,2.9355241199799607,8.519606334679889,7.760726761259762,2.846619065682493,2.9355241199799607,40.95477386934673,45.819397993311036,-0.09054875373840332,-0.1100090742111206,0.001,2.5
506,85.94849241119334,83.0769727828112,0.10751746305369053,0.10738644397577714,130.20750716064043,130.19628972592562,2.90511593187674,2.9416902105146425,8.42680555052893,7.742807129952421,2.90511593187674,2.9416902105146425,40.95477386934673,45.819397993311036,-0.09906888008117676,-0.11665976047515869,0.001,2.5
507,85.83877113636215,83.0920429548691,0.10763681263130913,0.10764697361052236,130.35212932439705,130.4799488284516,2.873119569104321,2.941258035774614,8.500798113581723,7.7470089918793645,2.873119569104321,2.941258035774614,40.95477386934673,45.819397993311036,-0.09070682525634766,-0.12315118312835693,0.001,2.5
508,86.19587510714379,83.09264284472003,0.10784490568753663,0.10792099647099358,130.63624836012747,130.74323014989744,2.8723626631987553,2.942603118443569,8.57439068533867,7.7429868800185595,2.8723626631987553,2.942603118443569,40.95477386934673,45.819397993311036,-0.1033940315246582,-0.12491822242736816,0.001,2.5
509,86.27048114156803,83.1343481006431,0.10799751788926884,0.10823944198547,130.9683535526346,131.19506111272602,2.8910645643870034,2.9357289303106606,8.533109422105442,7.771796071808474,2.8910645643870034,2.9357289303106606,40.95477386934673,45.819397993311036,-0.1166844367980957,-0.11932742595672607,0.001,2.5
510,85.76032581680784,83.08938409811677,0.10812477363114381,0.10798935031512111,131.2613954783684,131.1815513687389,2.894724955311173,2.9333658513416814,8.420013553133762,7.76994503620875,2.894724955311173,2.9333658513416814,40.95477386934673,45.819397993311036,-0.11548328399658203,-0.11845064163208008,0.001,2.5
511,86.03867079384962,83.10054898979672,0.10796346272056426,0.10784097137957513,131.22280048006144,131.23781389217314,2.898088938826492,2.93714272776575,8.465629689457828,7.760865764873084,2.898088938826492,2.93714272776575,40.95477386934673,45.819397993311036,-0.12178444862365723,-0.1175539493560791,0.001,2.5
512,85.66455375888638,83.14681358720148,0.10806142744706504,0.10823126922184009,131.26937523718854,131.3679162985505,2.8647163581209165,2.938390305209718,8.490895178649494,7.76627212862506,2.8647163581209165,2.938390305209718,40.95477386934673,45.819397993311036,-0.08404922485351562,-0.11406064033508301,0.001,2.5
513,85.68801838988236,83.07294400320404,0.10829692609745453,0.10831062463314636,131.46325422890823,131.50363552131782,2.875655931444024,2.93330770272475,8.46268395243378,7.766703087350597,2.875655931444024,2.93330770272475,40.95477386934673,45.819397993311036,-0.09206748008728027,-0.11386442184448242,0.001,2.5
514,86.10541228992456,83.1286666512888,0.10829919197251849,0.10796006063753147,131.5164382397829,131.38988068749674,2.880700761149676,2.938960336921207,8.531016948035415,7.760982438473398,2.880700761149676,2.938960336921207,40.95477386934673,45.819397993311036,-0.1033930778503418,-0.11379110813140869,0.001,2.5
515,84.95868875832613,83.08820085302244,0.10787553996646425,0.1078989117041878,131.36877927029352,131.29827360325433,2.8597803407378333,2.9387327675835344,8.364547634444245,7.753601795056193,2.8597803407378333,2.9387327675835344,40.95477386934673,45.819397993311036,-0.10255575180053711,-0.10850882530212402,0.001,2.5
516,85.87015479773133,83.08864463372375,0.10765519451156533,0.10751371663749018,131.28635844832888,131.2113161629259,2.8897296531715586,2.9341267805833082,8.457053802720266,7.767603221944343,2.8897296531715586,2.9341267805833082,40.95477386934673,45.819397993311036,-0.1056443452835083,-0.10784482955932617,0.001,2.5
517,85.31944318352832,83.0752171034797,0.10744892708470474,0.10726735638734888,131.1318337905347,130.99976126884536,2.8408425361467167,2.938398380343332,8.493644803812357,7.7521945959748235,2.8408425361467167,2.938398380343332,40.95477386934673,45.819397993311036,-0.07614588737487793,-0.11429810523986816,0.001,2.5
518,86.12998842274524,83.15139385210631,0.10720949009734781,0.10724670818717184,130.97976526103827,130.98696822864954,2.892802727681708,2.935955463843202,8.4999518098943,7.774765507433327,2.892802727681708,2.935955463843202,40.95477386934673,45.819397993311036,-0.09396696090698242,-0.1089545488357544,0.001,2.5
519,86.00506236525237,83.10366805979241,0.10747373205183738,0.10771668789578122,131.12398537998422,131.24942593271518,2.8645682925954334,2.933065597827618,8.559588141577128,7.773743562475096,2.8645682925954334,2.933065597827618,40.95477386934673,45.819397993311036,-0.09643352031707764,-0.10728335380554199,0.001,2.5
520,85.98769014444782,83.12231575445985,0.10774965665398331,0.10759173246430713,131.29223770831697,131.2297512296849,2.891795989456688,2.937495571315089,8.474341130536205,7.76421197521248,2.891795989456688,2.937495571315089,40.95477386934673,45.819397993311036,-0.09841346740722656,-0.1133885383605957,0.001,2.5
521,85.23136129970327,83.14340776424343,0.10760300462968785,0.1076047175056161,131.27099839406995,131.27099068427964,2.859648916589555,2.9395901407286473,8.419550735147753,7.762135411584657,2.859648916589555,2.9395901407286473,40.95477386934673,45.819397993311036,-0.07509911060333252,-0.10875356197357178,0.001,2.5
522,86.4859055562235,82.95989362531681,0.10757357280208438,0.10738951976981051,131.26407517220707,131.17379112626398,2.8839111887230544,2.9310361820718516,8.597680234030463,7.751156795782389,2.8839111887230544,2.9310361820718516,40.95477386934673,45.819397993311036,-0.11069440841674805,-0.10979032516479492,0.001,2.5
523,85.88621211730855,83.05356511144734,0.10730975800173566,0.10736718165834612,131.18462891954073,131.11928173052428,2.9020235183051284,2.934473131013953,8.423473303841186,7.759596012906486,2.9020235183051284,2.934473131013953,40.95477386934673,45.819397993311036,-0.10780930519104004,-0.11077475547790527,0.001,2.5
524,85.68808387232386,82.96481575854247,0.10732604732964705,0.10725397048486913,131.11984580086303,131.08313815011627,2.873129237636649,2.932588801336129,8.470539933273342,7.747529423755148,2.873129237636649,2.932588801336129,40.95477386934673,45.819397993311036,-0.10557794570922852,-0.10872113704681396,0.001,2.5
525,85.89294289184775,83.01741145207332,0.10726413256808541,0.10729125463543927,131.09551403869935,131.07529717384773,2.862349286550653,2.935555379127579,8.543868746989137,7.7491425255867945,2.862349286550653,2.935555379127579,40.95477386934673,45.819397993311036,-0.09524202346801758,-0.11524081230163574,0.001,2.5
526,85.24865472176965,83.07507063951779,0.10722985344516173,0.1072182685734835,131.10010274251303,131.0742837146772,2.845054900426561,2.938339631294327,8.466900007608947,7.752336916716202,2.845054900426561,2.938339631294327,40.95477386934673,45.819397993311036,-0.08086025714874268,-0.11503839492797852,0.001,2.5
527,85.95194974097375,83.02645927607814,0.10717137679582465,0.1071006604361295,131.09660850537682,131.0810322330947,2.881322428609059,2.9382716006658547,8.498769442240397,7.74284022308911,2.881322428609059,2.9382716006658547,40.95477386934673,45.819397993311036,-0.09293484687805176,-0.11339735984802246,0.001,2.5
528,85.60404325450085,83.04683897088603,0.10715356608930744,0.10718835035594411,131.13313306236586,131.12989363144075,2.8529399579493844,2.9363526245423386,8.514331044463855,7.752646168737507,2.8529399579493844,2.9363526245423386,40.95477386934673,45.819397993311036,-0.09039878845214844,-0.11417067050933838,0.001,2.5
529,86.50884593152121,83.10615468104946,0.10722924838812907,0.10713781139822708,131.1450162085656,131.11030359172503,2.895629895192694,2.9395336442966524,8.56720465591405,7.754979883149316,2.895629895192694,2.9395336442966524,40.95477386934673,45.819397993311036,-0.10315811634063721,-0.11342191696166992,0.001,2.5
530,85.45149182394721,83.08005666573311,0.1071323983408698,0.10720837679395707,131.1407168850028,131.14268912120806,2.8788450019842817,2.935226614259956,8.406108856201172,7.7626618126961695,2.8788450019842817,2.935226614259956,40.95477386934673,45.819397993311036,-0.10137104988098145,-0.10609710216522217,0.001,2.5
531,85.92310721750435,82.94210238759733,0.10711781223814691,0.10697905103797498,131.1568910736135,131.1078660639632,2.8882441161265926,2.9302478761577286,8.472233941606941,7.750059065611466,2.8882441161265926,2.9302478761577286,40.95477386934673,45.819397993311036,-0.11002612113952637,-0.10373318195343018,0.001,2.5
532,85.68207697013715,83.01198600845592,0.10702917834672097,0.10714154488665603,131.1494617813596,131.17293423553772,2.8850567284940274,2.931489937281529,8.433609459268387,7.7602641000396835,2.8850567284940274,2.931489937281529,40.95477386934673,45.819397993311036,-0.08714747428894043,-0.10415315628051758,0.001,2.5
533,85.82029132427682,83.01948435091255,0.10711713774220229,0.10710730142019266,131.2021567953292,131.1895418709337,2.8906215167724505,2.934070969903748,8.444529411980454,7.7540248181907625,2.8906215167724505,2.934070969903748,40.95477386934673,45.819397993311036,-0.0977712869644165,-0.11088311672210693,0.001,2.5
534,85.77159732071,83.11514272020014,0.10718710540826597,0.10709407384878018,131.23833213818932,131.24640295736765,2.883985886022673,2.9392845558880962,8.454676824598456,7.75750720620554,2.883985886022673,2.9392845558880962,40.95477386934673,45.819397993311036,-0.10093259811401367,-0.10885226726531982,0.001,2.5
535,85.11321057905903,82.98900918099393,0.1071491150974828,0.10711774833026937,131.27828928373967,131.26667724405243,2.843003442738723,2.933954706160121,8.445946250928307,7.7482612140999985,2.843003442738723,2.933954706160121,40.95477386934673,45.819397993311036,-0.07132863998413086,-0.10529971122741699,0.001,2.5
536,86.04751079565716,83.172963451781,0.10718435918915412,0.10719726947338684,131.29945869381902,131.27959669234363,2.911220376415668,2.936726681763512,8.428144188981559,7.776717578288305,2.911220376415668,2.936726681763512,40.95477386934673,45.819397993311036,-0.11386692523956299,-0.10912072658538818,0.001,2.5
537,85.86072095554678,82.98509180585677,0.10723945149025525,0.10712029311469566,131.31719060798787,131.32439904866808,2.88925248134875,2.933960743173708,8.456675448809037,7.747446221252748,2.88925248134875,2.933960743173708,40.95477386934673,45.819397993311036,-0.10431301593780518,-0.10595273971557617,0.001,2.5
538,85.32320487119844,83.04212308647641,0.10726945409223662,0.10734374385115295,131.35803761953485,131.34726100143382,2.833338565762518,2.9305658755095108,8.516899997065813,7.768988341392084,2.833338565762518,2.9305658755095108,40.95477386934673,45.819397993311036,-0.09659242630004883,-0.10337471961975098,0.001,2.5
539,86.56163679215577,83.05785581658915,0.1072741196408144,0.10736873900411918,131.37514231312815,131.36589019673326,2.912131000803144,2.934401504969517,8.52820441311528,7.760619825344022,2.912131000803144,2.934401504969517,40.95477386934673,45.819397993311036,-0.11525678634643555,-0.10799682140350342,0.001,2.5
540,85.78383400052836,83.05492898692255,0.10740043179224085,0.10741252708793883,131.40262786507407,131.3931861290565,2.8875522325985394,2.934843451681743,8.446349314908487,7.758694427069214,2.8875522325985394,2.934843451681743,40.95477386934673,45.819397993311036,-0.10836303234100342,-0.10538613796234131,0.001,2.5
541,85.75548943243234,82.90296321090648,0.10737423540110165,0.10729759565264883,131.4152188964026,131.39630111643302,2.8419550902879416,2.9320557141383756,8.577475217119533,7.736686582150667,2.8419550902879416,2.9320557141383756,40.95477386934673,45.819397993311036,-0.07160651683807373,-0.10560894012451172,0.001,2.5
542,86.0233307651539,82.84544951780185,0.10737024497247022,0.10742749622633625,131.4294440750301,131.42070905500432,2.8872484418015985,2.9308460962812237,8.495160836071225,7.728781615611303,2.8872484418015985,2.9308460962812237,40.95477386934673,45.819397993311036,-0.10932731628417969,-0.10755252838134766,0.001,2.5
543,86.58331210649193,82.80315144006225,0.1073975383836021,0.10733788595052068,131.42562924996892,131.37782690756296,2.9136793465670228,2.929383281082613,8.52785979802884,7.724737771777405,2.9136793465670228,2.929383281082613,40.95477386934673,45.819397993311036,-0.11831343173980713,-0.1053246259689331,0.001,2.5
544,85.66357903664236,83.00085479838394,0.10735625291938958,0.1075813228071334,131.39896994739323,131.38313267940663,2.8755049054546773,2.932445755770374,8.45844949150405,7.755041229286322,2.8755049054546773,2.932445755770374,40.95477386934673,45.819397993311036,-0.09056127071380615,-0.10776090621948242,0.001,2.5
545,85.411990422899,82.86363398829431,0.10734191173734377,0.10746711011614687,131.4115863078004,131.3965845522673,2.857536464080938,2.923944525894114,8.462038223867241,7.753120167199585,2.857536464080938,2.923944525894114,40.95477386934673,45.819397993311036,-0.09174501895904541,-0.10175025463104248,0.001,2.5
546,85.55132657918499,82.95105327491378,0.10740805358643109,0.10731853425104083,131.43348330908285,131.42260109381533,2.860502761013344,2.9278937909116713,8.48098859195933,7.758781115745621,2.860502761013344,2.9278937909116713,40.95477386934673,45.819397993311036,-0.09329962730407715,-0.09966695308685303,0.001,2.5
547,85.3796367293826,82.99455154061717,0.10737366386544166,0.10725305139719443,131.4398145308247,131.41756344798418,2.871326821932641,2.9346871240481884,8.414183995232511,7.747114682277309,2.871326821932641,2.9346871240481884,40.95477386934673,45.819397993311036,-0.09395265579223633,-0.10769259929656982,0.001,2.5
548,85.73783148632977,82.95892367155656,0.10737808089909243,0.10727928613739268,131.45097910818743,131.4375653729391,2.8862264967044595,2.9331584407334343,8.441121323424168,7.744566539458208,2.8862264967044595,2.9331584407334343,40.95477386934673,45.819397993311036,-0.08547556400299072,-0.11040544509887695,0.001,2.5
549,86.20921243894439,82.9722815421114,0.10736965097274813,0.10738097146203286,131.46669632545868,131.4635143471402,2.886963394219352,2.938495199815884,8.53318499879821,7.731201596084646,2.886963394219352,2.938495199815884,40.95477386934673,45.819397993311036,-0.11775720119476318,-0.11294794082641602,0.001,2.5
550,84.93845088837334,82.94664825643584,0.1074237691447563,0.10736493118431258,131.4979331625167,131.49184665233395,2.853309177274081,2.9314865013428757,8.379978582487633,7.747098860533341,2.853309177274081,2.9314865013428757,40.95477386934673,45.819397993311036,-0.07918226718902588,-0.10954475402832031,0.001,2.5
551,85.28723350282091,83.09088808397784,0.10742862420265799,0.1075857417738956,131.5273209768324,131.51683672136286,2.8678268248112357,2.937443464496064,8.406175212444772,7.758026445191042,2.8678268248112357,2.937443464496064,40.95477386934673,45.819397993311036,-0.08920955657958984,-0.11197233200073242,0.001,2.5
552,84.80588381973344,83.08084892349498,0.10748381996324513,0.10768697535413563,131.5417084813717,131.51684759133636,2.8310500664926654,2.9376110615937607,8.420221177776854,7.755495702941282,2.8310500664926654,2.9376110615937607,40.95477386934673,45.819397993311036,-0.06119966506958008,-0.11223733425140381,0.001,2.5
553,85.09374534824185,82.96559041000927,0.1074868849848383,0.10752829702502509,131.5297714310076,131.49839052946672,2.8312844950549767,2.9333328817999083,8.477092369117928,7.745314049481548,2.8312844950549767,2.9333328817999083,40.95477386934673,45.819397993311036,-0.07402622699737549,-0.10784423351287842,0.001,2.5
554,85.54847612492803,82.94420761567693,0.10742446669132466,0.10742074647376369,131.50840432120728,131.46746407703412,2.8473391361172675,2.9287110666766214,8.519891274035276,7.754931086281869,2.8473391361172675,2.9287110666766214,40.95477386934673,45.819397993311036,-0.07842874526977539,-0.10438799858093262,0.001,2.5
555,85.56443886301625,82.93540679013051,0.10739840267591141,0.1073623834844417,131.482971830384,131.45439607243873,2.896536809515514,2.9381368678549062,8.375501007290941,7.724907391844784,2.896536809515514,2.9381368678549062,40.95477386934673,45.819397993311036,-0.10831105709075928,-0.10946047306060791,0.001,2.5
556,85.32093348415253,82.88383560435828,0.10733182028160622,0.10726070543595381,131.47234895281255,131.44411782357207,2.839009947912577,2.9332455934888144,8.499396084541052,7.729288649798237,2.839009947912577,2.9332455934888144,40.95477386934673,45.819397993311036,-0.08739364147186279,-0.1044318675994873,0.001,2.5
557,85.15163071471044,83.0454302631493,0.10727397695657995,0.1073118296504818,131.46138107836546,131.43446140863426,2.8594199057599807,2.935920224141915,8.404319253598825,7.753576785824371,2.8594199057599807,2.935920224141915,40.95477386934673,45.819397993311036,-0.09945499897003174,-0.10691976547241211,0.001,2.5
558,86.25062088191609,82.868853412743,0.1073195111986181,0.10715841496967551,131.45495477673197,131.43162113049357,2.9149949330980056,2.9328275819287253,8.457384336334178,7.727569991529586,2.9149949330980056,2.9328275819287253,40.95477386934673,45.819397993311036,-0.12878632545471191,-0.10781455039978027,0.001,2.5
559,86.62833554061812,82.91393775046869,0.10727817324338047,0.10734407528985702,131.45554923052765,131.43700084877653,2.901965653277322,2.9327208222354137,8.57202310098875,7.736868357578648,2.901965653277322,2.9327208222354137,40.95477386934673,45.819397993311036,-0.10463643074035645,-0.10578310489654541,0.001,2.5
560,85.88479600200301,82.94048207260693,0.10727193848022464,0.10721108165373372,131.4617545992086,131.44215377756584,2.8905559253053648,2.935238933882187,8.457544599945221,7.734649028267749,2.8905559253053648,2.935238933882187,40.95477386934673,45.819397993311036,-0.10445547103881836,-0.10801005363464355,0.001,2.5
561,85.1419625082607,82.94453435279055,0.10725176363085183,0.10729050028284258,131.46353461235213,131.44267257639396,2.851855821146238,2.9336482314361776,8.425082051773966,7.740214910794261,2.851855821146238,2.9336482314361776,40.95477386934673,45.819397993311036,-0.07923030853271484,-0.10587954521179199,0.001,2.5
562,86.44590209756464,83.05105254004233,0.10728367257058322,0.10718789547183442,131.463127609074,131.4342368135484,2.8997193405176924,2.939072859327131,8.542273169985569,7.745267314655725,2.8997193405176924,2.939072859327131,40.95477386934673,45.819397993311036,-0.10882782936096191,-0.10847127437591553,0.001,2.5
563,85.35209221256838,82.83496650006859,0.10727574477842705,0.10717576846829226,131.4517436578645,131.42335505150632,2.8727723054550403,2.929146242779633,8.404356355842832,7.731835309478352,2.8727723054550403,2.929146242779633,40.95477386934673,45.819397993311036,-0.08964109420776367,-0.10157978534698486,0.001,2.5
564,85.35389104999689,82.90720076545027,0.10720658459555564,0.10714543742878381,131.4424041287983,131.41612014005017,2.857955746514913,2.9339077616216347,8.44918124200511,7.732004765284102,2.857955746514913,2.9339077616216347,40.95477386934673,45.819397993311036,-0.07969403266906738,-0.1068110466003418,0.001,2.5
565,85.94298998195322,82.94097099176618,0.10723121999645951,0.10714018913017069,131.43661884966008,131.41330364316602,2.872220039367676,2.9322893739145335,8.52420481085977,7.743615158425525,2.872220039367676,2.9322893739145335,40.95477386934673,45.819397993311036,-0.08969438076019287,-0.10907697677612305,0.001,2.5
566,85.35626564473164,82.91970151563153,0.10716657515247063,0.10710812561886765,131.43489759691198,131.41347802203634,2.8573549796189095,2.93273379970155,8.451467801578081,7.73803446364642,2.8573549796189095,2.93273379970155,40.95477386934673,45.819397993311036,-0.08001399040222168,-0.10560882091522217,0.001,2.5
567,84.56806754107451,82.97339642885137,0.10720349287916867,0.1072726936942359,131.4394917192571,131.4218029928048,2.826917388331351,2.930511205890107,8.38513285989937,7.755406716196832,2.826917388331351,2.930511205890107,40.95477386934673,45.819397993311036,-0.08045244216918945,-0.10521936416625977,0.001,2.5
568,85.74913761004731,82.92862239569725,0.10722021037210372,0.10712682824569403,131.44567137547273,131.42534971715614,2.8710427907244047,2.9335551261901855,8.488966264517064,7.737349615447896,2.8710427907244047,2.9335551261901855,40.95477386934673,45.819397993311036,-0.09573578834533691,-0.105918288230896,0.001,2.5
569,86.05440126351975,83.00662042624177,0.10725910335130229,0.10724580484788154,131.4462075033779,131.4226030330594,2.8910796754124575,2.9364790812782617,8.489900331800706,7.7441534549496245,2.8910796754124575,2.9364790812782617,40.95477386934673,45.819397993311036,-0.10701382160186768,-0.11043357849121094,0.001,2.5
570,85.62961538752519,82.9453397514828,0.10723124168675949,0.10716484402334411,131.44298056342095,131.41765913437044,2.8435774616260625,2.9364522356652096,8.547455693409471,7.7319955315478275,2.8435774616260625,2.9364522356652096,40.95477386934673,45.819397993311036,-0.0712890625,-0.1111222505569458,0.001,2.5
571,85.27207191505624,82.95896666663945,0.10719260954028198,0.10712801911759137,131.43654125220013,131.4126452697958,2.8393182894292988,2.937514595363451,8.488733615907194,7.731541850495099,2.8393182894292988,2.937514595363451,40.95477386934673,45.819397993311036,-0.08054184913635254,-0.10654115676879883,0.001,2.5
572,85.97294616699219,82.93727349118645,0.10722241009050477,0.1070963493408168,131.43523306023934,131.41381376642846,2.873131109841505,2.9377572664050353,8.52746501040818,7.726480763094083,2.873131109841505,2.9377572664050353,40.95477386934673,45.819397993311036,-0.09798157215118408,-0.10676348209381104,0.001,2.5
573,85.3709457883084,82.90667127526325,0.10723165325333725,0.1072826929963552,131.43881358493314,131.42029007621434,2.8637047940163156,2.931023522762949,8.435341033104876,7.740523654082946,2.8637047940163156,2.931023522762949,40.95477386934673,45.819397993311036,-0.08204793930053711,-0.10198676586151123,0.001,2.5
574,86.00947629586736,82.87123715199755,0.10717165657323809,0.10729249060951347,131.44248466555598,131.41955326552375,2.906093019935953,2.9320762771427833,8.435893178585186,7.730275571944323,2.906093019935953,2.9320762771427833,40.95477386934673,45.819397993311036,-0.12001693248748779,-0.10373997688293457,0.001,2.5
575,86.12661272876426,82.81762440148803,0.10718098835679554,0.10717899671266709,131.4384118212727,131.4127717799566,2.8908755931023578,2.928982160561858,8.504971774179532,7.728860596749296,2.8908755931023578,2.928982160561858,40.95477386934673,45.819397993311036,-0.10152363777160645,-0.10029363632202148,0.001,2.5
576,85.34466378932423,82.8119078160927,0.10717369377662987,0.10702472219997425,131.43356366692674,131.40959989107571,2.8638227205580002,2.9325836438399095,8.429743452088118,7.716944121995499,2.8638227205580002,2.9325836438399095,40.95477386934673,45.819397993311036,-0.09570467472076416,-0.1065821647644043,0.001,2.5
577,85.62574679887474,82.9062028967816,0.10718589484491939,0.10701159519894067,131.43119231819907,131.4081045297476,2.8545095014013038,2.9367193250751815,8.51389737903972,7.723397829062165,2.8545095014013038,2.9367193250751815,40.95477386934673,45.819397993311036,-0.08779454231262207,-0.10787105560302734,0.001,2.5
578,85.02333586419647,82.89770757872923,0.10718458371745482,0.10718025733096942,131.43071886123326,131.40926848446645,2.858439094057834,2.9335221869491015,8.38162693585982,7.731256968201603,2.858439094057834,2.9335221869491015,40.95477386934673,45.819397993311036,-0.08374309539794922,-0.10286462306976318,0.001,2.5
579,85.1362964368146,82.79875269861125,0.10720400004281071,0.10697464547727419,131.43290766679263,131.41231850716582,2.8406020037492916,2.928646243136862,8.457725491356012,7.726134761121361,2.8406020037492916,2.928646243136862,40.95477386934673,45.819397993311036,-0.0756150484085083,-0.10041117668151855,0.001,2.5
580,85.89177031652811,82.88226264774998,0.10717851828340709,0.10717119682692365,131.43555993570556,131.41485799834084,2.8774809254274096,2.9334272381454007,8.498188328703044,7.728453948744962,2.8774809254274096,2.9334272381454007,40.95477386934673,45.819397993311036,-0.10677123069763184,-0.10406160354614258,0.001,2.5
581,85.85778243737404,82.74231064200002,0.10720698350737842,0.10722596225730552,131.43776770612502,131.41654728407843,2.884474764716885,2.92663639205754,8.470403426855652,7.720824654684417,2.884474764716885,2.92663639205754,40.95477386934673,45.819397993311036,-0.09976303577423096,-0.09751033782958984,0.001,2.5
582,85.09685926581147,82.81356122581457,0.10716973720633205,0.10719000209235029,131.43804816624626,131.4139554843456,2.8501479034647472,2.9280029945947654,8.421206562163642,7.730982351462578,2.8501479034647472,2.9280029945947654,40.95477386934673,45.819397993311036,-0.0719372034072876,-0.09917104244232178,0.001,2.5
583,85.70631691119578,82.84714102346364,0.10719158198416133,0.10707214654090014,131.43486848508493,131.41125906749713,2.8608934531858816,2.932500848802037,8.510858152379942,7.724229101353266,2.8608934531858816,2.932500848802037,40.95477386934673,45.819397993311036,-0.08157157897949219,-0.1016167402267456,0.001,2.5
584,86.62562915028839,82.9217387936187,0.10708863112195652,0.10718879906030801,131.43338626113967,131.4108296269956,2.9079900143334214,2.9310655721453918,8.55345139431594,7.743430990837888,2.9079900143334214,2.9310655721453918,40.95477386934673,45.819397993311036,-0.13239610195159912,-0.10278010368347168,0.001,2.5
585,85.63751680767116,82.81162323202177,0.1071591540122751,0.10719665543590501,131.43399385231822,131.41195877738622,2.867980304874567,2.9254313543887442,8.475843868862643,7.738308783757646,2.867980304874567,2.9254313543887442,40.95477386934673,45.819397993311036,-0.09940087795257568,-0.09549927711486816,0.001,2.5
586,85.32138460245564,82.88207803681543,0.10715039738358764,0.1071039672978347,131.43501049150373,131.4145745114738,2.8654942748135257,2.930247693556208,8.42007736544713,7.737968647360403,2.8654942748135257,2.930247693556208,40.95477386934673,45.819397993311036,-0.07919037342071533,-0.10045480728149414,0.001,2.5
587,85.56737205211441,82.96889403990679,0.10715039799510934,0.10711521398662324,131.43814260716016,131.41866167253474,2.8715214817168526,2.933285294567861,8.451192194492974,7.746216041985962,2.8715214817168526,2.933285294567861,40.95477386934673,45.819397993311036,-0.09445333480834961,-0.10030317306518555,0.001,2.5
588,86.18529592287202,83.00428174889606,0.10720004197490875,0.10728543550772811,131.44102825631248,131.4191805223956,2.8997963261564372,2.9349094290398434,8.489942001138301,7.748387556809646,2.8997963261564372,2.9349094290398434,40.95477386934673,45.819397993311036,-0.11010158061981201,-0.1009054183959961,0.001,2.5
589,85.35183945852309,82.85277932463681,0.10719372091231434,0.10725441166389746,131.4419602437235,131.42058218761431,2.853981336756567,2.930664972318056,8.460697239567487,7.730824851670792,2.853981336756567,2.930664972318056,40.95477386934673,45.819397993311036,-0.08554279804229736,-0.10236120223999023,0.001,2.5
590,85.33140326265115,82.75682312828242,0.10718080788301662,0.10723539521562614,131.443190761547,131.42135839557966,2.8576505072352476,2.931657886026695,8.44560446172104,7.708659680790726,2.8576505072352476,2.931657886026695,40.95477386934673,45.819397993311036,-0.0787966251373291,-0.09736645221710205,0.001,2.5
591,85.87146842100313,82.70342134711734,0.10720578452550386,0.10710189646004036,131.4429454196438,131.42114691590785,2.872267281789476,2.9292841491890593,8.509762132986506,7.705127129187951,2.872267281789476,2.9292841491890593,40.95477386934673,45.819397993311036,-0.10044395923614502,-0.09493362903594971,0.001,2.5
592,84.90658796812022,82.88558263364045,0.10719210484768678,0.10725294796120761,131.44372985430897,131.42253551674528,2.851173283866103,2.931366987451662,8.380070728672608,7.735280904482838,2.851173283866103,2.931366987451662,40.95477386934673,45.819397993311036,-0.09151792526245117,-0.10082662105560303,0.001,2.5
593,86.08893941754671,82.88663625557686,0.1072659284949702,0.1071768247562906,131.445006685241,131.42338133336708,2.8801251276453934,2.9349293222395474,8.529670090731264,7.724819824448398,2.8801251276453934,2.9349293222395474,40.95477386934673,45.819397993311036,-0.08846259117126465,-0.10382735729217529,0.001,2.5
594,86.40340594830026,82.8877303209592,0.10716197352662957,0.1071067575527274,131.44498943284128,131.42157855081717,2.904464196919197,2.934551648072973,8.519567115023309,7.726185556239508,2.904464196919197,2.934551648072973,40.95477386934673,45.819397993311036,-0.105843186378479,-0.1087578535079956,0.001,2.5
595,85.1452919658105,82.92922789914951,0.1072397662866455,0.10721598782367929,131.44287942602008,131.42028788180653,2.865989482582514,2.936813031550634,8.383353074391684,7.727679383395906,2.865989482582514,2.936813031550634,40.95477386934673,45.819397993311036,-0.07937097549438477,-0.11189091205596924,0.001,2.5
596,85.23515515351416,82.85364871838419,0.10717636942114663,0.10716793579002687,131.44158557272038,131.4176829666597,2.8698871926446654,2.9355051302192203,8.389646124400485,7.716497288898481,2.8698871926446654,2.9355051302192203,40.95477386934673,45.819397993311036,-0.09611225128173828,-0.11159884929656982,0.001,2.5
597,84.93784467738678,82.94800223155963,0.10715774232069251,0.10721945854832098,131.4401016107556,131.41868126910666,2.837633193637458,2.9407461781964255,8.426949841293258,7.719633612744386,2.837633193637458,2.9407461781964255,40.95477386934673,45.819397993311036,-0.07973897457122803,-0.10836780071258545,0.001,2.5
598,85.70789407445757,82.88376757771674,0.10723628343349725,0.107185497879982,131.44155827559018,131.42071308659072,2.8745917107791357,2.9356173910823555,8.470067936371718,7.72218024690813,2.8745917107791357,2.9356173910823555,40.95477386934673,45.819397993311036,-0.09797561168670654,-0.10369408130645752,0.001,2.5
599,85.27034563994287,82.75138513061115,0.1071808246187429,0.10711964309514566,131.4430504420295,131.42112293052034,2.871053042723306,2.9317799013195227,8.39318531841489,7.707229451590956,2.871053042723306,2.9317799013195227,40.95477386934673,45.819397993311036,-0.1022263765335083,-0.10173952579498291,0.001,2.5
600,87.07481611753428,82.81382909666335,0.10720455877395531,0.10722583896140989,131.44286015445064,131.4203402413971,2.928056520433282,2.9317443362845226,8.583063961073782,7.71980270653664,2.928056520433282,2.9317443362845226,40.95477386934673,45.819397993311036,-0.13665735721588135,-0.10213053226470947,0.001,2.5
601,85.28808110682809,82.93797220593711,0.10710563491936305,0.10714182437064257,131.44209419902245,131.41967758127677,2.858149093998537,2.938149761595455,8.435459416515663,7.725432356065731,2.858149093998537,2.938149761595455,40.95477386934673,45.819397993311036,-0.08122634887695312,-0.10915505886077881,0.001,2.5
602,85.91078777728568,82.74651459148497,0.10720668523455384,0.10715122201968993,131.44110544482666,131.4186769313238,2.883626217019418,2.9298213660517662,8.483549305741711,7.712124609229557,2.883626217019418,2.9298213660517662,40.95477386934673,45.819397993311036,-0.0941927433013916,-0.10490238666534424,0.001,2.5
603,86.35310983577965,82.75274433659072,0.10723520427243394,0.10714204153388639,131.44079868438055,131.41920440571764,2.8894979394660325,2.9304984158098097,8.55439281463623,7.711341452837788,2.8894979394660325,2.9304984158098097,40.95477386934673,45.819397993311036,-0.10696470737457275,-0.09849691390991211,0.001,2.5
604,85.66064662709708,82.7754030769884,0.10714264392503342,0.10713640605426553,131.44150345129782,131.42009829517988,2.8516688003412245,2.9298012400151894,8.529405906971176,7.717965299867866,2.8516688003412245,2.9298012400151894,40.95477386934673,45.819397993311036,-0.08127343654632568,-0.09559512138366699,0.001,2.5
605,85.94092060133839,82.68324491571025,0.10724452084282934,0.1071341178289624,131.44234526616646,131.42053641124713,2.891009880669752,2.925171104960617,8.467417012506994,7.713424628394902,2.891009880669752,2.925171104960617,40.95477386934673,45.819397993311036,-0.10603666305541992,-0.09541678428649902,0.001,2.5
606,85.21828188488831,82.68328035794772,0.10725707379817163,0.10725399450613902,131.4427761160948,131.42144117068287,2.889627635978175,2.9249022150518105,8.327033052492382,7.714213604113729,2.889627635978175,2.9249022150518105,40.95477386934673,45.819397993311036,-0.09716463088989258,-0.09498202800750732,0.001,2.5
607,85.71232698271223,82.82341712773045,0.1071963752908523,0.10707195913014204,131.44346700441497,131.42099208257667,2.8740009997957316,2.9378735692206037,8.472734638194941,7.703363809298512,2.8740009997957316,2.9378735692206037,40.95477386934673,45.819397993311036,-0.09317266941070557,-0.10390913486480713,0.001,2.5
608,85.41240591180184,82.78511358662992,0.10717371529220936,0.10703175073882011,131.44247715117743,131.42004164883923,2.8855592501622747,2.9345116886406837,8.378080203505217,7.705797099748184,2.8855592501622747,2.9345116886406837,40.95477386934673,45.819397993311036,-0.0978931188583374,-0.10345470905303955,0.001,2.5
609,85.71424420994131,82.71833939057927,0.10718388567168509,0.10713369356947998,131.44185430120982,131.41942032523778,2.883955409578742,2.9286075762681736,8.443257700059082,7.710135140945281,2.883955409578742,2.9286075762681736,40.95477386934673,45.819397993311036,-0.10036206245422363,-0.10082483291625977,0.001,2.5
610,85.68087921909351,82.82642760005683,0.1072320725200963,0.10727897047199135,131.441268818662,131.41891020197534,2.892419337427596,2.9298564183672138,8.411183074491108,7.727976436997736,2.892419337427596,2.9298564183672138,40.95477386934673,45.819397993311036,-0.09622597694396973,-0.10057246685028076,0.001,2.5
611,86.06172198067159,82.84257645112615,0.10724071745247497,0.10725702392716073,131.44102127867527,131.4188491668191,2.9015945916998525,2.9342390302830315,8.459824646737308,7.718062281209888,2.9015945916998525,2.9342390302830315,40.95477386934673,45.819397993311036,-0.11490023136138916,-0.10040915012359619,0.001,2.5
612,86.26359328073472,82.78014141580333,0.10715479051797235,0.10715629960282591,131.44093292082974,131.41827805943313,2.926752189495655,2.931282079339426,8.424743217838868,7.714467610005152,2.926752189495655,2.931282079339426,40.95477386934673,45.819397993311036,-0.12409722805023193,-0.10399723052978516,0.001,2.5
613,84.36885261216156,82.71762174268231,0.10718752074381414,0.10709344961970148,131.44033542549988,131.41808617633322,2.843863059927271,2.9291972659503336,8.294455445192167,7.708231115819618,2.843863059927271,2.9291972659503336,40.95477386934673,45.819397993311036,-0.07075142860412598,-0.10284101963043213,0.001,2.5
614,85.14008232896252,82.85101369392115,0.10721233796634067,0.1070985366219661,131.44001762351797,131.41763933366755,2.8381891913549784,2.9355957284818923,8.465717921105261,7.7157121565828355,2.8381891913549784,2.9355957284818923,40.95477386934673,45.819397993311036,-0.07285749912261963,-0.10686326026916504,0.001,2.5
615,84.90067550684739,82.72309842317,0.10714854713111267,0.1071443783997692,131.43980970015278,131.41767199462075,2.849847730879408,2.92977806636721,8.382873968862409,7.707572737665081,2.849847730879408,2.92977806636721,40.95477386934673,45.819397993311036,-0.08249998092651367,-0.1011883020401001,0.001,2.5
616,85.52811962236312,82.83437406099759,0.1071801238024055,0.10703620047971955,131.4398610995243,131.4176785268114,2.890249916856213,2.935503588073628,8.387150302803896,7.712672710418701,2.890249916856213,2.935503588073628,40.95477386934673,45.819397993311036,-0.10366368293762207,-0.10554289817810059,0.001,2.5
617,85.29202998942466,82.74056098453177,0.10717678847574509,0.10717856056714138,131.43974927841518,131.41742576165342,2.8500599609547526,2.930294751323585,8.460502987131601,7.7095077970753545,2.8500599609547526,2.930294751323585,40.95477386934673,45.819397993311036,-0.08833765983581543,-0.09615564346313477,0.001,2.5
618,85.71135206877486,82.80485422395942,0.10714835150657187,0.10712823974448303,131.43952164897567,131.41716421886431,2.903056342398102,2.9321088176905907,8.385384210589743,7.716934862742854,2.903056342398102,2.9321088176905907,40.95477386934673,45.819397993311036,-0.1284334659576416,-0.09909653663635254,0.001,2.5
619,84.57542087165154,82.70264901764018,0.10714812248545875,0.10721088178381075,131.4393008182596,131.41711405368153,2.8213659319246633,2.929351494862483,8.4032689754288,7.704749152014487,2.8213659319246633,2.929351494862483,40.95477386934673,45.819397993311036,-0.08309638500213623,-0.10093283653259277,0.001,2.5
620,85.13399235966617,82.90420741460794,0.10709422643310461,0.10722202085033308,131.43927891410175,131.417087924919,2.8543411866704025,2.937472450294622,8.416068404563507,7.720696009122408,2.8543411866704025,2.937472450294622,40.95477386934673,45.819397993311036,-0.08854317665100098,-0.1069108247756958,0.001,2.5
621,85.9581322853689,82.76409521708919,0.1072187936760273,0.1070067565327504,131.43923262655235,131.41687215849709,2.880957507607925,2.9345856087662305,8.501022096055637,7.701378158901049,2.880957507607925,2.9345856087662305,40.95477386934673,45.819397993311036,-0.09875178337097168,-0.10966777801513672,0.001,2.5
622,85.60466072427567,82.61414467291688,0.10719240020018327,0.10719675563250895,131.43898227506347,131.41673044057993,2.8752217867865633,2.927131915172207,8.447540379848512,7.693710504168252,2.8752217867865633,2.927131915172207,40.95477386934673,45.819397993311036,-0.08819460868835449,-0.10084724426269531,0.001,2.5
623,85.14895986432406,82.68185343152305,0.10716015341343792,0.1070944312025472,131.43881997471078,131.41654299732832,2.8690964392880898,2.931039942546832,8.37478292807063,7.695548915544083,2.8690964392880898,2.931039942546832,40.95477386934673,45.819397993311036,-0.089019775390625,-0.10007905960083008,0.001,2.5
624,84.56148995506504,82.69507540189304,0.10717527902805227,0.10717794525882472,131.43871531015265,131.4164884943627,2.828609500897789,2.925909612489783,8.378746605398668,7.71356732869228,2.828609500897789,2.925909612489783,40.95477386934673,45.819397993311036,-0.07175779342651367,-0.09766101837158203,0.001,2.5
625,85.63997942798301,82.66676259120571,0.10719296302477918,0.10726356095195215,131.43868049864395,131.41649502655335,2.87652829903454,2.927668350596093,8.450684555411538,7.702611197596011,2.87652829903454,2.927668350596093,40.95477386934673,45.819397993311036,-0.0980384349822998,-0.09520590305328369,0.001,2.5
626,85.59736030105769,82.82114045516305,0.10722283927889126,0.10731935236964338,131.43869562963744,131.416501558744,2.8880334527448595,2.9321058147328354,8.407639525843226,7.720163123663452,2.8880334527448595,2.9321058147328354,40.95477386934673,45.819397993311036,-0.10423028469085693,-0.10073542594909668,0.001,2.5
627,85.83540740404496,82.816070582157,0.10718527508640609,0.10712631565073262,131.43870324625243,131.416501558744,2.8866172443881903,2.933999041649809,8.45950487989876,7.713508513460191,2.8866172443881903,2.933999041649809,40.95477386934673,45.819397993311036,-0.11102235317230225,-0.10439562797546387,0.001,2.5
628,85.03018896463928,82.64376057908686,0.10713483398184305,0.10713408912304652,131.43845918230474,131.4158801841098,2.869792780884147,2.9324156639966676,8.3489445250238,7.68379515389535,2.869792780884147,2.9324156639966676,40.95477386934673,45.819397993311036,-0.0993192195892334,-0.0973745584487915,0.001,2.5
629,86.63904644376669,82.69922752763117,0.10715169953790742,0.10721108175340703,131.43796272213933,131.41568830100988,2.9058239228362015,2.9306620690336196,8.562619445711324,7.7001338945982045,2.9058239228362015,2.9306620690336196,40.95477386934673,45.819397993311036,-0.10811841487884521,-0.10486936569213867,0.001,2.5
630,85.80530367903972,82.78317740449937,0.1072014301790664,0.10714258649775814,131.4378352588545,131.41564691345826,2.8827831629332983,2.937089021389301,8.464983277185079,7.697656663365189,2.8827831629332983,2.937089021389301,40.95477386934673,45.819397993311036,-0.101409912109375,-0.11000430583953857,0.001,2.5
631,85.27189125048255,82.76916044611596,0.10720141341838006,0.10723075609542056,131.43771868375077,131.4152937158693,2.8572765838361067,2.93238518868003,8.434820564148614,7.708947052525039,2.8572765838361067,2.93238518868003,40.95477386934673,45.819397993311036,-0.09057271480560303,-0.10344111919403076,0.001,2.5
632,84.55115172930898,82.75998766844887,0.10718147829798998,0.10708384831314502,131.4373633098762,131.41484248438806,2.861483865047819,2.934445319765786,8.278054799666156,7.700962021996744,2.861483865047819,2.934445319765786,40.95477386934673,45.819397993311036,-0.06920289993286133,-0.10578417778015137,0.001,2.5
633,85.12070946877127,82.76229889018082,0.10717900640251649,0.10727681351644937,131.43696353982642,131.41490785732717,2.8462455931620383,2.934353769423571,8.437681678950886,7.701660133923177,2.8462455931620383,2.934353769423571,40.95477386934673,45.819397993311036,-0.08659768104553223,-0.11159837245941162,0.001,2.5
634,85.62239082374765,82.63454342845291,0.10728467438039269,0.10716237347062216,131.43744256867836,131.41587804073475,2.870379551770899,2.933780160636009,8.465595071239887,7.67785255087658,2.870379551770899,2.933780160636009,40.95477386934673,45.819397993311036,-0.10709691047668457,-0.10700631141662598,0.001,2.5
635,85.36693198557076,82.62438924017559,0.1072063269577234,0.10708218204935259,131.43818659438958,131.41610477919562,2.879558966986498,2.9318264910209937,8.38698036586819,7.681698607760528,2.879558966986498,2.9318264910209937,40.95477386934673,45.819397993311036,-0.11802840232849121,-0.10116446018218994,0.001,2.5
636,84.75887638520156,82.77163259959141,0.10721746361635039,0.1071935683040316,131.43834324617882,131.41610039038005,2.847088332950969,2.930679447276138,8.36277892960975,7.714565954878179,2.847088332950969,2.930679447276138,40.95477386934673,45.819397993311036,-0.09759891033172607,-0.09755885601043701,0.001,2.5
637,85.99886847261209,82.75540941933724,0.10721665074178321,0.1070707414710402,131.4382436934428,131.4159630612785,2.8978357882156245,2.9358117747864996,8.458535224748417,7.6959487905470425,2.8978357882156245,2.9358117747864996,40.95477386934673,45.819397993311036,-0.1176607608795166,-0.10295045375823975,0.001,2.5
638,84.78389833280988,82.64242000005716,0.10721871216892198,0.10713735937972531,131.43814549533965,131.4159064149378,2.836533818812027,2.930538428666998,8.399446819695196,7.689158678852196,2.836533818812027,2.930538428666998,40.95477386934673,45.819397993311036,-0.08400428295135498,-0.10498952865600586,0.001,2.5
639,85.12797928495424,82.62136907162873,0.10719550279916032,0.10704274306129852,131.43808333558255,131.41582358880186,2.859412320694532,2.931955835891009,8.399632239860905,7.680714202166401,2.859412320694532,2.931955835891009,40.95477386934673,45.819397993311036,-0.10014927387237549,-0.1049044132232666,0.001,2.5
640,85.46010023465308,82.6881924632401,0.10717564868667417,0.1071385955033095,131.43775819813587,131.4153875140442,2.8657896215192835,2.9317309928179585,8.446928310234542,7.694734286305099,2.8657896215192835,2.9317309928179585,40.95477386934673,45.819397993311036,-0.10190927982330322,-0.1027531623840332,0.001,2.5
641,84.51649505768589,82.69968957805314,0.10713076665123902,0.10712675573335444,131.43757713739598,131.41546166461447,2.840260093934971,2.9329615659937014,8.33480491510388,7.693344505335575,2.840260093934971,2.9329615659937014,40.95477386934673,45.819397993311036,-0.08568239212036133,-0.10448253154754639,0.001,2.5
642,84.4015229574999,82.5957762293991,0.10716153927134908,0.10701787646199548,131.4374462747494,131.41485335436155,2.863985492156778,2.9341998961458238,8.240628454952784,7.668868335991799,2.863985492156778,2.9341998961458238,40.95477386934673,45.819397993311036,-0.09541702270507812,-0.1025247573852539,0.001,2.5
643,85.06868341340491,82.60839292596415,0.10716144529668929,0.10710844026261747,131.43685859411806,131.4145416974224,2.8575508997867654,2.9327757693453376,8.393363981390719,7.675646097763725,2.8575508997867654,2.9327757693453376,40.95477386934673,45.819397993311036,-0.08615827560424805,-0.10314428806304932,0.001,2.5
644,84.34774807110503,82.47997720265468,0.10712649286342427,0.10714515844316387,131.43655088798485,131.41450898543647,2.819733130472589,2.9278472155631587,8.362637808973865,7.664742185917985,2.819733130472589,2.9278472155631587,40.95477386934673,45.819397993311036,-0.0765693187713623,-0.09509718418121338,0.001,2.5
645,85.65767241562631,82.58971958734519,0.10719013548576253,0.10709745987601903,131.43640793587895,131.41397497885202,2.8901911448793394,2.934397263670446,8.413235956700005,7.667050490809922,2.8901911448793394,2.934397263670446,40.95477386934673,45.819397993311036,-0.10607540607452393,-0.09969806671142578,0.001,2.5
646,85.09830634597957,82.52787272985962,0.10717881287462148,0.10713262689053812,131.4360411882001,131.4136371421176,2.867665700577012,2.9240486486300976,8.36894146201998,7.6857196830188155,2.867665700577012,2.9240486486300976,40.95477386934673,45.819397993311036,-0.0894019603729248,-0.08805513381958008,0.001,2.5
647,85.53326799402285,82.74811071695692,0.10721565008013692,0.10713654489919892,131.4356926386081,131.41349761860826,2.881095065942761,2.9363242646922236,8.415638399683251,7.69293904384243,2.881095065942761,2.9363242646922236,40.95477386934673,45.819397993311036,-0.10127174854278564,-0.09604263305664062,0.001,2.5
648,84.98675378642889,82.53478935012052,0.10710276809319778,0.10725309724692118,131.4356459421129,131.41341693584735,2.869765297252329,2.9267772918560833,8.340347184607731,7.6788925390977125,2.869765297252329,2.9267772918560833,40.95477386934673,45.819397993311036,-0.0911555290222168,-0.09475409984588623,0.001,2.5
649,84.47443623758441,82.54580063325506,0.10726738114602602,0.10706480642325902,131.4355281401719,131.41330792991613,2.8142032958754344,2.929582735367842,8.404536405400416,7.672715994027945,2.8142032958754344,2.929582735367842,40.95477386934673,45.819397993311036,-0.06986868381500244,-0.10167670249938965,0.001,2.5
650,85.46961006407362,82.70921131759184,0.10723772733604887,0.1071648991177712,131.4354298142732,131.4132665423645,2.8483217565258543,2.9360414500220564,8.501221987470311,7.686002302329277,2.8483217565258543,2.9360414500220564,40.95477386934673,45.819397993311036,-0.08106422424316406,-0.1059187650680542,0.001,2.5
651,85.74958958458062,82.59806280231795,0.10716871735039268,0.10706752553632028,131.43538889413702,131.41322076599732,2.876273399222037,2.9320576996308905,8.473376607176048,7.675743367759679,2.876273399222037,2.9320576996308905,40.95477386934673,45.819397993311036,-0.08020222187042236,-0.1005408763885498,0.001,2.5
652,85.04443198352602,82.62860617749268,0.10711796634161293,0.10720372551360656,131.43544006347656,131.41341474143957,2.8509501312645638,2.927734920412402,8.408325517996271,7.694792973955339,2.8509501312645638,2.927734920412402,40.95477386934673,45.819397993311036,-0.09185135364532471,-0.0948953628540039,0.001,2.5
653,85.32047892814904,82.65907486625339,0.10716410137251194,0.10720444470643997,131.43556241493928,131.413423468038,2.851613767582368,2.931933302544431,8.461534453796181,7.688290911773375,2.851613767582368,2.931933302544431,40.95477386934673,45.819397993311036,-0.08399403095245361,-0.0940861701965332,0.001,2.5
654,84.63898119135717,82.64676957146379,0.10716733177952231,0.10711539571600215,131.43551771205475,131.4131902484192,2.8431127650454218,2.936571235242097,8.350737122834428,7.671934298448339,2.8431127650454218,2.936571235242097,40.95477386934673,45.819397993311036,-0.09046018123626709,-0.0995326042175293,0.001,2.5
655,84.8442982429236,82.53612689270224,0.10714031579955738,0.10725456518572708,131.43504885572884,131.41263445085505,2.8575596953157203,2.9280926902158604,8.348465405117526,7.6752135921082765,2.8575596953157203,2.9280926902158604,40.95477386934673,45.819397993311036,-0.0941702127456665,-0.09420168399810791,0.001,2.5
656,84.72977535688698,82.60417471282857,0.10721389898153605,0.10725479403566757,131.43466281092148,131.41235326046132,2.8381794549312622,2.930582709137014,8.383686766951927,7.681353189474763,2.8381794549312622,2.930582709137014,40.95477386934673,45.819397993311036,-0.06522500514984131,-0.09960615634918213,0.001,2.5
657,84.59040120698299,82.575948096438,0.10719056790647795,0.10711738310231014,131.43432724535765,131.41192601436757,2.832221346684237,2.930882315173197,8.373691282480006,7.674836930622624,2.832221346684237,2.930882315173197,40.95477386934673,45.819397993311036,-0.08409702777862549,-0.10281753540039062,0.001,2.5
658,85.27922033824314,82.68810856541663,0.10716550797224045,0.10706184577682744,131.43405322613228,131.41178654189093,2.839563090597565,2.934773691521839,8.489434835699136,7.685605747643921,2.839563090597565,2.934773691521839,40.95477386934673,45.819397993311036,-0.08515048027038574,-0.10015296936035156,0.001,2.5
659,85.81626654390115,82.54264793268415,0.10717864197302902,0.10717334104919912,131.433869302772,131.41164268059873,2.9025996853558462,2.9297063749370764,8.407731739919589,7.67169330750022,2.9025996853558462,2.9297063749370764,40.95477386934673,45.819397993311036,-0.10731673240661621,-0.09274744987487793,0.001,2.5
660,85.12237364802529,82.51308795839648,0.107186196025592,0.10732726583313384,131.43384586506752,131.41168845696592,2.890613828671837,2.924460256378786,8.304908984070847,7.681489284221943,2.890613828671837,2.924460256378786,40.95477386934673,45.819397993311036,-0.0998234748840332,-0.08903241157531738,0.001,2.5
661,84.4741233557313,82.51104955768905,0.10717661565222732,0.10718288170454096,131.43384972449323,131.41165140719716,2.8257245666018282,2.927705698587424,8.369929220209169,7.671373376878209,2.8257245666018282,2.927705698587424,40.95477386934673,45.819397993311036,-0.0647885799407959,-0.09255027770996094,0.001,2.5
662,85.06803770081282,82.52900108924278,0.10717956186389205,0.1070484491594659,131.43383543695037,131.4116775359597,2.8767771237659296,2.930055310494924,8.335553701199478,7.667942705760432,2.8767771237659296,2.930055310494924,40.95477386934673,45.819397993311036,-0.08526396751403809,-0.09160768985748291,0.001,2.5
663,85.50272610918361,82.59361139507996,0.10717762051964524,0.10709074007527884,131.43392655517988,131.41189769119723,2.8732822544411,2.930634984204602,8.432976205145295,7.679116357529043,2.8732822544411,2.930634984204602,40.95477386934673,45.819397993311036,-0.08713757991790771,-0.09106433391571045,0.001,2.5
664,85.04213586804056,82.59725390788304,0.1071081249608067,0.10724330332167571,131.43429245940806,131.412521107141,2.8668872375584127,2.9290072112577814,8.360056982567562,7.684698538636683,2.8668872375584127,2.9290072112577814,40.95477386934673,45.819397993311036,-0.07688212394714355,-0.08978581428527832,0.001,2.5
665,85.31189872192178,82.57961638077445,0.10722921460467567,0.10705330559242529,131.4348628876397,131.4133559006911,2.8812864317965867,2.930219694124815,8.370787318627439,7.6775710734236595,2.8812864317965867,2.930219694124815,40.95477386934673,45.819397993311036,-0.09578526020050049,-0.0871042013168335,0.001,2.5
666,85.91051348968966,82.42412396178995,0.10720716443043857,0.10698559389365557,131.43568745010862,131.4137678879958,2.886564810671399,2.922256718511167,8.474679667346642,7.670375221150376,2.886564810671399,2.922256718511167,40.95477386934673,45.819397993311036,-0.0961376428604126,-0.08726072311401367,0.001,2.5
667,85.09663973861004,82.64812426104594,0.10716125219311547,0.10732598931693711,131.43630043425952,131.41455915061925,2.8651160015732398,2.9325822500082164,8.376260559363182,7.684130115253869,2.8651160015732398,2.9325822500082164,40.95477386934673,45.819397993311036,-0.09497487545013428,-0.09290027618408203,0.001,2.5
668,84.41343711968044,82.53145168138587,0.10718796659304668,0.10713914380623744,131.43679318835387,131.41467902652397,2.8407187649552745,2.9305211548821184,8.312806068752678,7.667015584416214,2.8407187649552745,2.9305211548821184,40.95477386934673,45.819397993311036,-0.08934938907623291,-0.09389269351959229,0.001,2.5
669,85.46570583324336,82.51664769609636,0.10716109876357131,0.10702412032263733,131.43680632573677,131.41461360255212,2.873487181399935,2.9335843607733483,8.424959835295303,7.654889180110051,2.873487181399935,2.9335843607733483,40.95477386934673,45.819397993311036,-0.0849229097366333,-0.09666001796722412,0.001,2.5
670,85.06330132923733,82.55220725783536,0.10720021397474423,0.10721396530252636,131.43673961645794,131.41455476180366,2.8652313510377203,2.930154381787099,8.369238914157478,7.672252529042222,2.8652313510377203,2.930154381787099,40.95477386934673,45.819397993311036,-0.09109616279602051,-0.09854245185852051,0.001,2.5
671,84.33475909720313,82.46357053418622,0.10717851490131775,0.10724273618049047,131.4366157314486,131.41436298076923,2.8260662004576256,2.926684941735156,8.341030171169109,7.664927418814056,2.8260662004576256,2.926684941735156,40.95477386934673,45.819397993311036,-0.07053303718566895,-0.09633767604827881,0.001,2.5
672,85.07644653320312,82.47608100610434,0.10714881975746635,0.10704440895131599,131.43654631290403,131.41417114870205,2.8686176596374766,2.9273850981607086,8.361719652236607,7.665369234754888,2.8686176596374766,2.9273850981607086,40.95477386934673,45.819397993311036,-0.09384655952453613,-0.09641599655151367,0.001,2.5
673,85.40073707874497,82.46739071747132,0.10719844564121572,0.1071701767950951,131.4365745557213,131.41455915061925,2.8907164892359596,2.9307151741806083,8.360270793314156,7.653616012139464,2.8907164892359596,2.9307151741806083,40.95477386934673,45.819397993311036,-0.1024550199508667,-0.09815371036529541,0.001,2.5
674,84.23175654579047,82.60722529688806,0.10714773586646996,0.10723988395371166,131.43673212763852,131.4145983947958,2.833466256683196,2.9374204806260837,8.29823554181174,7.661453074834817,2.833466256683196,2.9374204806260837,40.95477386934673,45.819397993311036,-0.08223211765289307,-0.1039344072341919,0.001,2.5
675,85.2731540239037,82.46488159077622,0.10716079279056547,0.10711080760361757,131.43708931620995,131.41505620950042,2.871398722107087,2.928370836985151,8.392715281577566,7.660158583153052,2.871398722107087,2.928370836985151,40.95477386934673,45.819397993311036,-0.10049355030059814,-0.0920400619506836,0.001,2.5
676,85.75516189242927,82.55305577919236,0.10717952418666789,0.10727486629848895,131.43725409579636,131.4147248539239,2.913996205657371,2.9332175406325223,8.361320486020801,7.663220773971201,2.913996205657371,2.9332175406325223,40.95477386934673,45.819397993311036,-0.1247401237487793,-0.09503817558288574,0.001,2.5
677,84.58246170376214,82.53588504855051,0.1071816535301544,0.10715617521052377,131.43678518835225,131.4145766038161,2.8742336579902688,2.9327550133733844,8.246067432103246,7.661197541150759,2.8742336579902688,2.9327550133733844,40.95477386934673,45.819397993311036,-0.08846163749694824,-0.09391510486602783,0.001,2.5
678,84.503393023058,82.41956798846905,0.10716813066397081,0.10713408752827341,131.43678304138695,131.41471612732545,2.8504203555971332,2.9286964848687416,8.301696566481088,7.65011395578799,2.8504203555971332,2.9286964848687416,40.95477386934673,45.819397993311036,-0.08463454246520996,-0.09113180637359619,0.001,2.5
679,85.24198065011745,82.39816228043674,0.10716490276544736,0.10717972325640777,131.43691876026455,131.41456353943482,2.914022142962994,2.9277449794437573,8.258609107990361,7.648679377641965,2.914022142962994,2.9277449794437573,40.95477386934673,45.819397993311036,-0.10422885417938232,-0.08961343765258789,0.001,2.5
680,85.02650530893399,82.38964800372172,0.10722053940821333,0.10718473400858333,131.43656159725222,131.41420605509578,2.8440125966990615,2.92754467594185,8.425531820236538,7.647575584143699,2.8440125966990615,2.92754467594185,40.95477386934673,45.819397993311036,-0.0813218355178833,-0.0908423662185669,0.001,2.5
681,85.46685566095451,82.3565112723156,0.10718003483223955,0.10724121264889089,131.43618830644107,131.41354548731775,2.874545254299988,2.926730882363973,8.422012420155895,7.6433793326285375,2.874545254299988,2.926730882363973,40.95477386934673,45.819397993311036,-0.09479236602783203,-0.09018969535827637,0.001,2.5
682,85.08677468866958,82.44351538208416,0.10719838561224977,0.10723839884617656,131.43558851079126,131.41322076599732,2.8609916924232213,2.931606416319525,8.386652575865064,7.646153051318931,2.8609916924232213,2.931606416319525,40.95477386934673,45.819397993311036,-0.09328651428222656,-0.09497344493865967,0.001,2.5
683,85.24870361634834,82.52311163044295,0.10716324333269991,0.10721084306072631,131.43520453627184,131.41272380918164,2.8628147187544473,2.9339807344519575,8.413576619708957,7.654954999585614,2.8628147187544473,2.9339807344519575,40.95477386934673,45.819397993311036,-0.08658862113952637,-0.09661984443664551,0.001,2.5
684,84.87881508065229,82.55434573374464,0.1072186471729023,0.10720218010371345,131.43476931573556,131.41244476216295,2.837201503852704,2.933310372374927,8.416428209748899,7.663215181101924,2.837201503852704,2.933310372374927,40.95477386934673,45.819397993311036,-0.09558022022247314,-0.09811043739318848,0.001,2.5
685,84.63590016836298,82.36668783844912,0.10717065784599714,0.10709843004626973,131.4344306830785,131.41210039323786,2.862187235798668,2.923829600962508,8.29289730429849,7.654146728706998,2.862187235798668,2.923829600962508,40.95477386934673,45.819397993311036,-0.09180688858032227,-0.08871769905090332,0.001,2.5
686,84.7455727147497,82.3572248375934,0.10718997205971074,0.10715331042490675,131.43405856798643,131.41169054930825,2.852266323626341,2.927202291711916,8.344590666306079,7.6421250659087825,2.852266323626341,2.927202291711916,40.95477386934673,45.819397993311036,-0.08444762229919434,-0.09223473072052002,0.001,2.5
687,85.82380706940464,82.34626969047214,0.10716968188233911,0.1071986014577856,131.43379022288363,131.41154444257552,2.884179993091117,2.9258048598184234,8.464500706798866,7.6441172644446125,2.884179993091117,2.9258048598184234,40.95477386934673,45.819397993311036,-0.08596372604370117,-0.08972811698913574,0.001,2.5
688,85.57289836634344,82.48667489246381,0.10719221673119607,0.10721951688213094,131.4337059800549,131.4114681486302,2.8838993640401256,2.933594588850653,8.415156338881808,7.648825586440172,2.8838993640401256,2.933594588850653,40.95477386934673,45.819397993311036,-0.09760797023773193,-0.0893409252166748,0.001,2.5
689,85.40355428059895,82.36808889127495,0.10719776193500563,0.10723737113950245,131.43359648482485,131.41136133710677,2.884706414524634,2.931419917173609,8.378865259576283,7.631628320368636,2.884706414524634,2.931419917173609,40.95477386934673,45.819397993311036,-0.09209907054901123,-0.0921945571899414,0.001,2.5
690,84.56898999493725,82.35788208824336,0.10724851721195719,0.1072269720227822,131.4334848681886,131.41128284875367,2.867087439676026,2.930679418570222,8.264798841684108,7.631809288841426,2.867087439676026,2.930679418570222,40.95477386934673,45.819397993311036,-0.09748327732086182,-0.0965266227722168,0.001,2.5
691,84.6171778897744,82.48333852506401,0.10720201772661066,0.10713182090716218,131.43340325794827,131.41116082947389,2.8367052561474004,2.9339321951403665,8.36559284072825,7.64716268143925,2.8367052561474004,2.9339321951403665,40.95477386934673,45.819397993311036,-0.07942616939544678,-0.09891760349273682,0.001,2.5
692,84.48620435500663,82.41267662941412,0.10716065171625547,0.10716562070276427,131.4333418905236,131.4112088002489,2.8253154159590625,2.929470354896724,8.373575765683224,7.646409173474264,2.8253154159590625,2.929470354896724,40.95477386934673,45.819397993311036,-0.07502138614654541,-0.09317910671234131,0.001,2.5
693,84.86578379364269,82.42289738989993,0.10723652429816312,0.10717509487600231,131.43336008861036,131.4112088002489,2.8516707208687735,2.933806799725944,8.370410663598346,7.635441311227039,2.8516707208687735,2.933806799725944,40.95477386934673,45.819397993311036,-0.0793832540512085,-0.0907602310180664,0.001,2.5
694,84.52769461269155,82.34657973988,0.1071530552690153,0.10719617513509896,131.43337849117003,131.41121533243953,2.859660507246877,2.9282931332604143,8.278840232734105,7.636714783799289,2.859660507246877,2.9282931332604143,40.95477386934673,45.819397993311036,-0.07541763782501221,-0.0870809555053711,0.001,2.5
695,84.9374216741054,82.406710187727,0.10722942906158853,0.10714082003736176,131.43337220362883,131.41121533243953,2.8665190397994205,2.929170289565887,8.340194865087767,7.646120709320375,2.8665190397994205,2.929170289565887,40.95477386934673,45.819397993311036,-0.08725357055664062,-0.08764946460723877,0.001,2.5
696,85.26686356894335,82.49516536240594,0.1071495744625927,0.10720255220913169,131.43338360299217,131.4112088002489,2.880624718003137,2.935025629789933,8.363782214958663,7.646233491674315,2.880624718003137,2.935025629789933,40.95477386934673,45.819397993311036,-0.07567441463470459,-0.09272217750549316,0.001,2.5
697,84.38251782901322,82.36787345656583,0.10715826322485254,0.10722819324520519,131.4333062355642,131.41111071532387,2.8632354772270623,2.9287328169896054,8.239078738980956,7.639649049892872,2.8632354772270623,2.9287328169896054,40.95477386934673,45.819397993311036,-0.08771336078643799,-0.09010970592498779,0.001,2.5
698,84.98070077560655,82.38362649770883,0.10719031834322804,0.10714706265208714,131.4332593857144,131.41113250630357,2.8616166869599615,2.9263522656864946,8.363565613476675,7.649957124206135,2.8616166869599615,2.9263522656864946,40.95477386934673,45.819397993311036,-0.09861421585083008,-0.08864021301269531,0.001,2.5
699,84.92476412519139,82.42708306966418,0.10716676673348026,0.10723091751636071,131.43329989690477,131.41113250630357,2.8608113365556727,2.9260608456206563,8.354798478297452,7.659506014756933,2.8608113365556727,2.9260608456206563,40.95477386934673,45.819397993311036,-0.08631777763366699,-0.08948111534118652,0.001,2.5
700,84.97544004609637,82.33183997929295,0.10723501980504399,0.10715711208988592,131.43327413332122,131.41115210287546,2.8810491134573266,2.929118320694735,8.304206959166919,7.631300589711371,2.8810491134573266,2.929118320694735,40.95477386934673,45.819397993311036,-0.09340369701385498,-0.08882653713226318,0.001,2.5
701,84.36993512995478,82.29689714820887,0.10711527789258078,0.1071394841158669,131.4334517691403,131.41147029200525,2.839678049886247,2.9237539178152945,8.30724331122547,7.640406605391997,2.839678049886247,2.9237539178152945,40.95477386934673,45.819397993311036,-0.07306790351867676,-0.08988678455352783,0.001,2.5
702,84.78878651272312,82.4241459569006,0.10715538878586624,0.10712985243386648,131.4337731238386,131.41170136824897,2.8488194439279373,2.9327304283512077,8.36358127881534,7.638929601497076,2.8488194439279373,2.9327304283512077,40.95477386934673,45.819397993311036,-0.08469414710998535,-0.09366226196289062,0.001,2.5
703,84.71792265158801,82.26757355756983,0.10718517991366298,0.10722280418294727,131.4338930471858,131.41176240340522,2.8583557290248134,2.923601963049592,8.320792948980028,7.634981922481371,2.8583557290248134,2.923601963049592,40.95477386934673,45.819397993311036,-0.0745849609375,-0.0932762622833252,0.001,2.5
704,84.97923951013205,82.36596552105652,0.10713956413955944,0.1072633684578548,131.43398411429706,131.41191279688806,2.881957884010558,2.928314116487535,8.302259200781434,7.64051504836832,2.881957884010558,2.928314116487535,40.95477386934673,45.819397993311036,-0.10302078723907471,-0.09347856044769287,0.001,2.5
705,84.97057502273738,82.33572908229253,0.1071561231235763,0.10728342828642963,131.4341546702425,131.41198255864273,2.8707731884328562,2.93045920352872,8.334077547543012,7.628029194962619,2.8707731884328562,2.93045920352872,40.95477386934673,45.819397993311036,-0.08413505554199219,-0.0954359769821167,0.001,2.5
706,84.79235934412459,82.33183717249229,0.10724514006470116,0.10703877623762972,131.4342508236168,131.41227033225988,2.854053374710594,2.932551584913579,8.348575877983565,7.621021805000943,2.854053374710594,2.932551584913579,40.95477386934673,45.819397993311036,-0.08976960182189941,-0.09977233409881592,0.001,2.5
707,85.31882182876868,82.38621832295804,0.10718626653778693,0.1072062662363451,131.43453161600647,131.4124447111302,2.854663156384799,2.9319496792694397,8.45205055249596,7.633671208767588,2.854663156384799,2.9319496792694397,40.95477386934673,45.819397993311036,-0.08735692501068115,-0.09730923175811768,0.001,2.5
708,84.88136593101412,82.43701212701191,0.10716151493528181,0.10716963773686751,131.43488916240545,131.4128240374817,2.88049367764088,2.9292195999502737,8.287072903746536,7.652027276846079,2.88049367764088,2.9292195999502737,40.95477386934673,45.819397993311036,-0.09091436862945557,-0.09816467761993408,0.001,2.5
709,84.95244887206623,82.41355324429414,0.10722201296332694,0.10715117940934606,131.43497072152755,131.41276514570052,2.8402323003989367,2.9308453882019654,8.422061325916692,7.642461645962004,2.8402323003989367,2.9308453882019654,40.95477386934673,45.819397993311036,-0.07384979724884033,-0.09847545623779297,0.001,2.5
710,84.82269517141371,82.31952955571306,0.10720596300247726,0.1070433841850048,131.4346557054887,131.41237928715836,2.8850377077233653,2.928212868330072,8.26169772922893,7.631576074006964,2.8850377077233653,2.928212868330072,40.95477386934673,45.819397993311036,-0.10964751243591309,-0.10235059261322021,0.001,2.5
711,85.34573870328204,82.30758835400228,0.10719392527287928,0.10701889033899659,131.4344036670985,131.4120959023568,2.858077655485527,2.926796789552057,8.447188808690363,7.63344079594947,2.858077655485527,2.926796789552057,40.95477386934673,45.819397993311036,-0.10321247577667236,-0.10241389274597168,0.001,2.5
712,84.81829363696738,82.39658097997557,0.10716390613485222,0.10708589742215581,131.43419009516987,131.41182558193654,2.8657506810161135,2.9324307250338655,8.318687307974402,7.634324303438831,2.8657506810161135,2.9324307250338655,40.95477386934673,45.819397993311036,-0.1122967004776001,-0.10178041458129883,0.001,2.5
713,84.49221215176223,82.3417586004455,0.10715643155514895,0.10725361372914202,131.43398332196463,131.41172310819593,2.81810670122629,2.932204950613322,8.396404369392586,7.62400373088875,2.81810670122629,2.932204950613322,40.95477386934673,45.819397993311036,-0.06375408172607422,-0.09745442867279053,0.001,2.5
714,84.68970573847018,82.27374905487366,0.10723444783258278,0.1071663450287736,131.4337412260685,131.41137873927087,2.8560708451710353,2.925052252102855,8.321994818235362,7.6318774063850325,2.8560708451710353,2.925052252102855,40.95477386934673,45.819397993311036,-0.09701263904571533,-0.0909196138381958,0.001,2.5
715,84.43466927737647,82.30432031944045,0.1071660105057897,0.10720443877587749,131.43340300235715,131.41107142011458,2.8479361266546714,2.925301837283233,8.295405669028636,7.637235592041526,2.8479361266546714,2.925301837283233,40.95477386934673,45.819397993311036,-0.08836829662322998,-0.08680391311645508,0.001,2.5
716,84.76933055986312,82.2048045384844,0.10716786593747898,0.10717542489436159,131.4332054559909,131.41104962913488,2.876457730330015,2.9239385167890566,8.276772586943915,7.621428596534857,2.876457730330015,2.9239385167890566,40.95477386934673,45.819397993311036,-0.09062540531158447,-0.08602249622344971,0.001,2.5
717,84.90279169897339,82.28081198599826,0.107124587524077,0.10719432270646494,131.43320693841932,131.41113459864587,2.854288357586118,2.9283180842830188,8.369981842424401,7.623487691018095,2.854288357586118,2.9283180842830188,40.95477386934673,45.819397993311036,-0.08803462982177734,-0.08847200870513916,0.001,2.5
718,85.11979036315202,82.29685292834023,0.10720184349284899,0.10717188728892285,131.4333038074487,131.41118471279592,2.902346809505418,2.930731431297634,8.269190299451052,7.619459866680031,2.902346809505418,2.930731431297634,40.95477386934673,45.819397993311036,-0.10785257816314697,-0.09276652336120605,0.001,2.5
719,85.35667636686034,82.43180765515586,0.10711763205140878,0.1071872563166762,131.43332088093462,131.4111629218162,2.8751947712059596,2.934935597671713,8.398040499918825,7.633834813350818,2.8751947712059596,2.934935597671713,40.95477386934673,45.819397993311036,-0.10207915306091309,-0.09658336639404297,0.001,2.5
720,84.4458482700776,82.3072579680478,0.1071809108557813,0.10701292947582576,131.4332860438668,131.41115638962557,2.8478404597022027,2.933039802372655,8.29792521826586,7.614647291177093,2.8478404597022027,2.933039802372655,40.95477386934673,45.819397993311036,-0.07416534423828125,-0.10098767280578613,0.001,2.5
721,84.62637878622442,82.23669423387202,0.10715831601539848,0.10722775547998804,131.43327919402515,131.41113459864587,2.8553457723390716,2.9251251093121278,8.311519653154178,7.624236062218912,2.8553457723390716,2.9251251093121278,40.95477386934673,45.819397993311036,-0.08625733852386475,-0.09371435642242432,0.001,2.5
722,84.47103580238432,82.25158204043589,0.10715407237934707,0.10719969001502097,131.4332656732556,131.41103870812867,2.8316239975205617,2.92861791039789,8.351617664548021,7.616739651032515,2.8316239975205617,2.92861791039789,40.95477386934673,45.819397993311036,-0.08580899238586426,-0.0917959213256836,0.001,2.5
723,84.81250485623103,82.31963917403715,0.10714438964473942,0.10724368497081425,131.43309074670225,131.41092322103952,2.8494692331981817,2.9268039149982874,8.366377332102713,7.635785474426371,2.8494692331981817,2.9268039149982874,40.95477386934673,45.819397993311036,-0.08225071430206299,-0.09823548793792725,0.001,2.5
724,84.29525007953995,82.23554862542296,0.10716278205814474,0.10714158266284395,131.43299114284804,131.4107488421692,2.831304985075141,2.9280811998756433,8.317416008193689,7.615155999875786,2.831304985075141,2.9280811998756433,40.95477386934673,45.819397993311036,-0.08082389831542969,-0.09479188919067383,0.001,2.5
725,84.4134579247965,82.20152206165734,0.10714299593688655,0.10701273785386994,131.43291950066086,131.41089704124425,2.8411171412348146,2.9298754655397854,8.311625039757196,7.60299377218138,2.8411171412348146,2.9298754655397854,40.95477386934673,45.819397993311036,-0.08903968334197998,-0.09498584270477295,0.001,2.5
726,84.79844277028862,82.3326537983872,0.10711089330701971,0.10708274228816049,131.43303211410242,131.4109536875849,2.8674872995820677,2.9311978442214404,8.309518256578812,7.62523800712764,2.8674872995820677,2.9311978442214404,40.95477386934673,45.819397993311036,-0.09783589839935303,-0.09695160388946533,0.001,2.5
727,84.91013612220036,82.2794445127149,0.10711014147230129,0.10713185873318676,131.4331323313753,131.41108443346312,2.880865213659341,2.927937223759782,8.291722332812235,7.624368710661413,2.880865213659341,2.927937223759782,40.95477386934673,45.819397993311036,-0.10000348091125488,-0.09632563591003418,0.001,2.5
728,83.87738660751675,82.25576159627143,0.10716270632929538,0.10698260606132622,131.4333661461196,131.4113089775162,2.827840809446683,2.933225429177683,8.244235642591313,7.6037972013288515,2.827840809446683,2.933225429177683,40.95477386934673,45.819397993311036,-0.06661021709442139,-0.10450124740600586,0.001,2.5
729,85.05031571635848,82.19691753068497,0.1072555457552274,0.10714672124605115,131.4338604337606,131.41188656606005,2.866786280269399,2.924323697552633,8.361966329603339,7.618700922133532,2.866786280269399,2.924323697552633,40.95477386934673,45.819397993311036,-0.0951392650604248,-0.09409499168395996,0.001,2.5
730,84.19003830083851,82.1994478359669,0.1071297597246154,0.10712549798066003,131.43419676609773,131.412067477121,2.8434919739887743,2.9266965716180193,8.259819169739384,7.612092574703254,2.8434919739887743,2.9266965716180193,40.95477386934673,45.819397993311036,-0.08079063892364502,-0.09195053577423096,0.001,2.5
731,84.00687491514375,82.19800626314603,0.10717590684866786,0.1072776325570301,131.4343146702752,131.41218515861792,2.8220596944467107,2.927902106856024,8.28747391820553,7.608156540720758,2.8220596944467107,2.927902106856024,40.95477386934673,45.819397993311036,-0.06898486614227295,-0.09122335910797119,0.001,2.5
732,84.77913945643746,82.27668655038279,0.10720912943683078,0.10723298132718606,131.43436180127526,131.41219388521634,2.8624036527758268,2.932541159881796,8.320888409063445,7.609984826882148,2.8624036527758268,2.932541159881796,40.95477386934673,45.819397993311036,-0.07477891445159912,-0.09108483791351318,0.001,2.5
733,85.19208370700753,82.14972536220998,0.10718652794458958,0.1070620487366233,131.4344124594326,131.41227017916165,2.8777134733982823,2.9287337674743754,8.357552264803019,7.596048725089899,2.8777134733982823,2.9287337674743754,40.95477386934673,45.819397993311036,-0.0997931957244873,-0.09074294567108154,0.001,2.5
734,84.83768625435118,82.20326408973106,0.1071448734207968,0.10719729135168038,131.43464499622135,131.41256014718658,2.855756825937498,2.925172052255841,8.352550834067902,7.61741471370327,2.855756825937498,2.925172052255841,40.95477386934673,45.819397993311036,-0.0859915018081665,-0.08828186988830566,0.001,2.5
735,84.97619288970078,82.150850812727,0.1071724377734777,0.10719403123676179,131.43473539879574,131.4124990609976,2.872889496373571,2.928993799215974,8.32884842906166,7.595467637613864,2.872889496373571,2.928993799215974,40.95477386934673,45.819397993311036,-0.09602797031402588,-0.09089255332946777,0.001,2.5
736,84.5304408496748,82.21368030560853,0.10711727975251487,0.10727148836970728,131.4349386704028,131.4129655512679,2.867471672582067,2.9297907184996332,8.255962767992386,7.605627346995682,2.867471672582067,2.9297907184996332,40.95477386934673,45.819397993311036,-0.08873045444488525,-0.09550988674163818,0.001,2.5
737,84.75576267210482,82.10518097638287,0.10714683198749121,0.10716295738184332,131.43511173114106,131.41288267409922,2.857048046648802,2.925500110638979,8.332291956922317,7.596820646305148,2.857048046648802,2.925500110638979,40.95477386934673,45.819397993311036,-0.08177316188812256,-0.088645339012146,0.001,2.5
738,85.08063255322838,82.13933290207267,0.10718277160396528,0.10720806755748481,131.43476581413742,131.41236178292877,2.9021847727310717,2.926098668854372,8.26184851120864,7.601846978815901,2.9021847727310717,2.926098668854372,40.95477386934673,45.819397993311036,-0.11284077167510986,-0.09216535091400146,0.001,2.5
739,85.0845396850177,82.20265133962982,0.10720140429547484,0.10721187545204641,131.4346360249735,131.4125121764116,2.8425226347330628,2.9314585497546752,8.44161300563333,7.598429906328386,2.8425226347330628,2.9314585497546752,40.95477386934673,45.819397993311036,-0.07635998725891113,-0.09483599662780762,0.001,2.5
740,84.4817870633686,82.18277691997413,0.10712898119510318,0.10718156354981521,131.4344268492119,131.41232253875222,2.8767597823087097,2.9299041419523615,8.21836521078394,7.5991243805773685,2.8767597823087097,2.9299041419523615,40.95477386934673,45.819397993311036,-0.09140455722808838,-0.0921858549118042,0.001,2.5
741,84.6764603172315,82.24865753275894,0.10719911444626462,0.10715301491843418,131.43452635082966,131.41239005506637,2.887894896805985,2.934183345590547,8.223880308556996,7.599468452874634,2.887894896805985,2.934183345590547,40.95477386934673,45.819397993311036,-0.1070559024810791,-0.09835898876190186,0.001,2.5
742,84.22363263358622,82.16247737208337,0.10715299358020476,0.10718322811916121,131.43458692592193,131.4124423636242,2.852140921044789,2.928516087324723,8.24058647091864,7.599228056776883,2.852140921044789,2.928516087324723,40.95477386934673,45.819397993311036,-0.09446203708648682,-0.09666764736175537,0.001,2.5
743,84.95028749143259,82.23352142640181,0.10718753600689634,0.10720385630991945,131.43461363519256,131.4124161838289,2.8874001582862943,2.9355237691298774,8.2801326004105,7.592410420893028,2.8874001582862943,2.9355237691298774,40.95477386934673,45.819397993311036,-0.09971821308135986,-0.09950363636016846,0.001,2.5
744,84.1782531227099,82.12978141044694,0.10716609112681257,0.1071337370519654,131.43455653613935,131.4122898267663,2.861337273963532,2.931793946486253,8.203918744571245,7.582865199915143,2.861337273963532,2.931793946486253,40.95477386934673,45.819397993311036,-0.08535873889923096,-0.09396100044250488,0.001,2.5
745,83.77965633833229,82.00591663373353,0.10722165272713106,0.10706225737779834,131.43462838279942,131.41278464020695,2.8385484729779624,2.9260145055011764,8.192554231864124,7.575445184739537,2.8385484729779624,2.9260145055011764,40.95477386934673,45.819397993311036,-0.08838534355163574,-0.09151744842529297,0.001,2.5
746,84.49035857949823,82.14252775568627,0.10715932018393448,0.10714212740245073,131.43491605058986,131.41234213532414,2.8801825306124025,2.9288306172476166,8.209805657915535,7.5943028185279875,2.8801825306124025,2.9288306172476166,40.95477386934673,45.819397993311036,-0.09263074398040771,-0.08945739269256592,0.001,2.5
747,84.47293484430617,82.23854223142898,0.10714012727615621,0.10708403198615364,131.4345015329332,131.4122353238007,2.859333708857372,2.933767652033165,8.268870797788278,7.598706575540396,2.859333708857372,2.933767652033165,40.95477386934673,45.819397993311036,-0.08681643009185791,-0.09636473655700684,0.001,2.5
748,84.40788555305008,82.21647899206665,0.10722094713094046,0.10710345794225616,131.4344086511251,131.4122353238007,2.843418833398739,2.9318337687680556,8.303589654727597,7.600090822647248,2.843418833398739,2.9318337687680556,40.95477386934673,45.819397993311036,-0.08335673809051514,-0.09822630882263184,0.001,2.5
749,83.83664461835545,82.13774358947141,0.1071850827940345,0.10714925048143967,131.434339334817,131.41212198008662,2.8221976277816236,2.9310600996814844,8.253012148379481,7.586656149414471,2.8221976277816236,2.9310600996814844,40.95477386934673,45.819397993311036,-0.07172501087188721,-0.09093523025512695,0.001,2.5
750,84.62787179611436,81.9894258122779,0.10718619858399907,0.10718043701704529,131.43428047218515,131.4120914625085,2.867069837036644,2.9270691472949792,8.276640796182143,7.5689595471257745,2.867069837036644,2.9270691472949792,40.95477386934673,45.819397993311036,-0.1019279956817627,-0.09141027927398682,0.001,2.5
751,84.49992507346711,82.08676647581783,0.10719005195689162,0.10705339487480081,131.43426089390638,131.4121132534882,2.8770796593709207,2.9335005753813777,8.221021202541076,7.569158941607013,2.8770796593709207,2.9335005753813777,40.95477386934673,45.819397993311036,-0.10256147384643555,-0.09115183353424072,0.001,2.5
752,84.73966209373282,82.11403099749,0.10715330359674179,0.10716479533292776,131.43432775653986,131.4121677564538,2.8683305701219055,2.9320982682665058,8.295222942154211,7.578796008757524,2.8683305701219055,2.9320982682665058,40.95477386934673,45.819397993311036,-0.09744381904602051,-0.08786165714263916,0.001,2.5
753,84.41362683217929,82.09460576800598,0.1071094990750054,0.10711980488986075,131.43437159041463,131.4121372388757,2.851932077551607,2.9281861096321538,8.279219766358036,7.586656471558638,2.851932077551607,2.9281861096321538,40.95477386934673,45.819397993311036,-0.09518492221832275,-0.0889662504196167,0.001,2.5
754,85.22781176543116,82.03866408740397,0.10715634546787096,0.10704238104780382,131.43414592902664,131.41185390510688,2.882588287893452,2.931288286993735,8.35007913228455,7.566176795640518,2.882588287893452,2.931288286993735,40.95477386934673,45.819397993311036,-0.0991218090057373,-0.0911329984664917,0.001,2.5
755,84.53111428112241,82.11963962312527,0.10715296458908462,0.10718841703739454,131.4340131750059,131.41183430853496,2.8539969014562354,2.9304208946865935,8.296514801843282,7.584945324671309,2.8539969014562354,2.9304208946865935,40.95477386934673,45.819397993311036,-0.0874948501586914,-0.08970165252685547,0.001,2.5
756,84.39696046455421,82.0425502049883,0.10714613620060773,0.10716793075652425,131.43387372449814,131.41162502327094,2.864701006680078,2.9281933004640814,8.237573032602793,7.576214968958826,2.864701006680078,2.9281933004640814,40.95477386934673,45.819397993311036,-0.09286785125732422,-0.08681917190551758,0.001,2.5
757,83.87562495859424,82.02723086558058,0.1072490813719168,0.10714340778098856,131.43384563503554,131.41175582018187,2.8450462562554644,2.9261163987443597,8.192249246977482,7.5793857159821885,2.8450462562554644,2.9261163987443597,40.95477386934673,45.819397993311036,-0.08408498764038086,-0.08300745487213135,0.001,2.5
758,84.4738035473592,81.97257569482095,0.10722057471423094,0.10709557517814795,131.4338340823175,131.41148769416938,2.8647087295251077,2.92218047639598,8.252903550114464,7.580272264703859,2.8647087295251077,2.92218047639598,40.95477386934673,45.819397993311036,-0.07971847057342529,-0.08339357376098633,0.001,2.5
759,83.56115712432606,82.0362696057578,0.10716376195301362,0.1070362328486299,131.43359814616704,131.41133954612707,2.8181662407752057,2.929306088482656,8.210013287350959,7.571646569165896,2.8181662407752057,2.929306088482656,40.95477386934673,45.819397993311036,-0.06651580333709717,-0.08059132099151611,0.001,2.5
760,83.97882828960067,81.95970294148627,0.10718084353847519,0.1071380542771872,131.43335070841675,131.41109759990985,2.822374515597345,2.923874079981775,8.280919501529866,7.572608163125539,2.822374515597345,2.923874079981775,40.95477386934673,45.819397993311036,-0.0670241117477417,-0.0775606632232666,0.001,2.5
761,84.30874585226752,82.01899132361778,0.10720568051689633,0.1071048246628066,131.4330157818307,131.41058962002248,2.845529966817629,2.924171939741409,8.27743190816499,7.583579678997945,2.845529966817629,2.924171939741409,40.95477386934673,45.819397993311036,-0.07848799228668213,-0.07853364944458008,0.001,2.5
762,84.64553153135469,81.95555936373196,0.10710848374931856,0.1070992743291185,131.43280310447093,131.41053731146465,2.850720070914008,2.9241651922564045,8.329237856457581,7.570915182298641,2.850720070914008,2.9241651922564045,40.95477386934673,45.819397993311036,-0.07574868202209473,-0.08310770988464355,0.001,2.5
763,84.58204814457214,82.00246676952145,0.1071760809326691,0.10719115369295994,131.432530337642,131.41001192941314,2.860048288476327,2.926235067405828,8.288543154845884,7.574066992986162,2.860048288476327,2.926235067405828,40.95477386934673,45.819397993311036,-0.07498800754547119,-0.08636677265167236,0.001,2.5
764,84.73258523605577,82.15754505782621,0.10717546600392915,0.10724456625738271,131.43213979443115,131.40996834745374,2.875902310488012,2.9346808613742077,8.271088387698583,7.579736129097316,2.875902310488012,2.9346808613742077,40.95477386934673,45.819397993311036,-0.09659242630004883,-0.08966100215911865,0.001,2.5
765,83.83940817163618,82.06369523778807,0.10712215555223388,0.10715480540010044,131.43228379446057,131.41015798511313,2.8318535027591825,2.929966198560785,8.224609801517659,7.575128140656845,2.8318535027591825,2.929966198560785,40.95477386934673,45.819397993311036,-0.06694090366363525,-0.08162426948547363,0.001,2.5
766,83.95504924320495,82.1199959592277,0.10717497545121303,0.10718481598988823,131.43231390309293,131.41056129685214,2.857957439406633,2.929927845862398,8.169415830966816,7.586496740679278,2.857957439406633,2.929927845862398,40.95477386934673,45.819397993311036,-0.08301317691802979,-0.08585381507873535,0.001,2.5
767,84.55152563353879,81.99461145305314,0.10711259480996348,0.10714160274701773,131.43270628655975,131.41058962002248,2.866112085642727,2.925067764460841,8.264259892692118,7.576008048743309,2.866112085642727,2.925067764460841,40.95477386934673,45.819397993311036,-0.09314608573913574,-0.08408963680267334,0.001,2.5
768,84.5322903580402,81.90534095381415,0.10715493809438031,0.10723351592503264,131.43242140471236,131.41008164013508,2.871806377142518,2.9249004097686564,8.24332175981659,7.558638577477191,2.871806377142518,2.9249004097686564,40.95477386934673,45.819397993311036,-0.09019184112548828,-0.08748471736907959,0.001,2.5
769,84.87574660718141,81.90194214785777,0.107175746654945,0.10712145293835414,131.43246792229377,131.41047403086787,2.867456062355233,2.9272753458756666,8.325059718223073,7.550855652544411,2.867456062355233,2.9272753458756666,40.95477386934673,45.819397993311036,-0.08182704448699951,-0.09684443473815918,0.001,2.5
770,84.4971001783208,82.027030791726,0.10718296407105735,0.10714378292644303,131.43256146863877,131.4103824781335,2.8400225455637154,2.932196271858088,8.331629265892246,7.561106795052621,2.8400225455637154,2.932196271858088,40.95477386934673,45.819397993311036,-0.07923996448516846,-0.09604752063751221,0.001,2.5
771,84.75605592456095,81.87818975033967,0.10721357180495159,0.1071591410898046,131.4322673088342,131.40981575956312,2.8809657320505013,2.919686671483477,8.260584738586017,7.568864584766502,2.8809657320505013,2.919686671483477,40.95477386934673,45.819397993311036,-0.09850907325744629,-0.08836543560028076,0.001,2.5
772,85.00091111839716,81.9912293603189,0.10713680881002241,0.10713271986082645,131.43183523206855,131.40965883388967,2.8900760002871055,2.927879725012891,8.282240238221647,7.566897803724411,2.8900760002871055,2.927879725012891,40.95477386934673,45.819397993311036,-0.10520029067993164,-0.08924126625061035,0.001,2.5
773,84.33382962736452,81.97396508666584,0.10714018439727413,0.1070857911454794,131.4316564716486,131.4093667224897,2.8545971252211375,2.9283031731544926,8.255260290212966,7.562184136049405,2.8545971252211375,2.9283031731544926,40.95477386934673,45.819397993311036,-0.06143927574157715,-0.08728647232055664,0.001,2.5
774,85.0884242481123,81.88664521182261,0.10716006500487352,0.10711017026749742,131.43134966008427,131.40898959054596,2.874997623002709,2.924709885415425,8.344973643221447,7.555495018145711,2.874997623002709,2.924709885415425,40.95477386934673,45.819397993311036,-0.09870803356170654,-0.08589553833007812,0.001,2.5
775,84.18838536759317,81.95416453690035,0.10716279475033982,0.10712978350976637,131.4308923820355,131.40862128726616,2.8429625381776438,2.9267304079189747,8.261070634851503,7.562933990389208,2.8429625381776438,2.9267304079189747,40.95477386934673,45.819397993311036,-0.07798421382904053,-0.08584475517272949,0.001,2.5
776,84.36276760133268,81.85322593765514,0.10717509433602168,0.10726885502553704,131.43071673982706,131.40851447574272,2.8737496411181374,2.922073039721486,8.203583519263084,7.556691040562148,2.8737496411181374,2.922073039721486,40.95477386934673,45.819397993311036,-0.09636878967285156,-0.08308923244476318,0.001,2.5
777,84.57411690972359,81.8644971560475,0.10719883390756907,0.1071432756640042,131.43017726367842,131.40771877327094,2.8709171489255514,2.925210511006639,8.254346198173025,7.549557376466068,2.8709171489255514,2.925210511006639,40.95477386934673,45.819397993311036,-0.0981360673904419,-0.07986056804656982,0.001,2.5
778,83.48393139607543,81.86674675574669,0.10711939494364225,0.10710693135807746,131.42964726995982,131.4072915271772,2.837866995602197,2.9268114550855246,8.135475578819287,7.545211345455718,2.837866995602197,2.9268114550855246,40.95477386934673,45.819397993311036,-0.06476211547851562,-0.08254313468933105,0.001,2.5
779,83.83474271381321,82.04658561885158,0.10722654785842352,0.10717083698132365,131.42945524436146,131.40727626838813,2.8324253750805877,2.9316574131764694,8.221940967106141,7.566629685685786,2.8324253750805877,2.9316574131764694,40.95477386934673,45.819397993311036,-0.07132184505462646,-0.08810842037200928,0.001,2.5
780,84.52520711058548,81.9115414316439,0.1071117569004471,0.10711239981013397,131.42931045199958,131.40687295664912,2.875152408178128,2.93022592809288,8.231876173610464,7.543926929550426,2.875152408178128,2.93022592809288,40.95477386934673,45.819397993311036,-0.10182738304138184,-0.09347188472747803,0.001,2.5
781,84.71134040104084,81.8424819384929,0.10717461547709789,0.10711000618029598,131.42887277778868,131.40654803119773,2.880730244781903,2.9279526284705835,8.252356454155953,7.536934449122502,2.880730244781903,2.9279526284705835,40.95477386934673,45.819397993311036,-0.10481250286102295,-0.09078407287597656,0.001,2.5
782,84.39813232421875,81.89329584944608,0.10714495118389178,0.10705103932017068,131.4287224135407,131.40668760573985,2.872558896066356,2.9316039149179107,8.214235537415574,7.536155963821156,2.872558896066356,2.9316039149179107,40.95477386934673,45.819397993311036,-0.10045349597930908,-0.09668850898742676,0.001,2.5
783,84.27728143688822,81.87093559954079,0.1070951765256511,0.10716684259798216,131.42890142955173,131.40675961293505,2.8556499105801736,2.924556588648155,8.240801885499428,7.552802219837406,2.8556499105801736,2.924556588648155,40.95477386934673,45.819397993311036,-0.09137570858001709,-0.08822989463806152,0.001,2.5
784,84.35067728576149,81.98723482367984,0.1071398091975169,0.10708193122144527,131.42895374905123,131.40672251213354,2.86546124645214,2.93169694680434,8.226037662831983,7.554658636201585,2.86546124645214,2.93169694680434,40.95477386934673,45.819397993311036,-0.09947669506072998,-0.09602963924407959,0.001,2.5
785,84.83676629250174,81.81838963741443,0.10715701538364292,0.10701842703249144,131.4288742090989,131.4066548937539,2.8458380930787155,2.9245078444082204,8.382121937558479,7.542468713677448,2.8458380930787155,2.9245078444082204,40.95477386934673,45.819397993311036,-0.07686734199523926,-0.0891638994216919,0.001,2.5
786,84.56937724102282,81.88522752232376,0.10721404459857861,0.10710257015200363,131.4287454934176,131.4066265705836,2.845767023575366,2.9290899018380157,8.328845947431759,7.542073831909078,2.845767023575366,2.9290899018380157,40.95477386934673,45.819397993311036,-0.08540403842926025,-0.08559679985046387,0.001,2.5
787,84.13147803327347,81.84922948728835,0.10718425886215677,0.10709403973558675,131.42882546787484,131.40668541133203,2.846161802809442,2.9266968243895564,8.240087549091383,7.542055860410964,2.846161802809442,2.9266968243895564,40.95477386934673,45.819397993311036,-0.07936406135559082,-0.0793917179107666,0.001,2.5
788,84.02236708444566,81.90647046143394,0.10711691967855945,0.10718431971643282,131.42889767236247,131.40680319489445,2.8756863583671786,2.929291340818373,8.129705269332707,7.545702181532231,2.8756863583671786,2.929291340818373,40.95477386934673,45.819397993311036,-0.09094953536987305,-0.08388161659240723,0.001,2.5
789,84.46080157664953,81.82346923215732,0.1071499176011413,0.1071117839785324,131.42895418355613,131.40665923153676,2.869400572337497,2.9260659193912875,8.236242753576793,7.538792232207231,2.869400572337497,2.9260659193912875,40.95477386934673,45.819397993311036,-0.09048116207122803,-0.08522367477416992,0.001,2.5
790,83.88622014286929,81.8241197209693,0.10717358410208669,0.1070858157647892,131.42868795985953,131.4064694918119,2.8696691306991196,2.92489042728641,8.120516476719024,7.542453840823477,2.8696691306991196,2.92489042728641,40.95477386934673,45.819397993311036,-0.09190165996551514,-0.08475649356842041,0.001,2.5
791,84.13306331155289,82.00919706925102,0.10712890215904469,0.10715795049200887,131.4287478448558,131.40669408689774,2.833868113394758,2.931156766853205,8.27729663816928,7.560656279624506,2.833868113394758,2.931156766853205,40.95477386934673,45.819397993311036,-0.08200681209564209,-0.09203362464904785,0.001,2.5
792,84.34189871527641,81.91679076127782,0.10715399346808892,0.10722073491500772,131.42891403019328,131.40671592891016,2.8441319609407203,2.9315749275245793,8.288266875236678,7.540908043201153,2.8441319609407203,2.9315749275245793,40.95477386934673,45.819397993311036,-0.09024262428283691,-0.09025144577026367,0.001,2.5
793,84.77151202995773,81.86220142275195,0.10714873670283674,0.10714794994397307,131.4288303752241,131.40659166418988,2.882184842922779,2.9309457560446748,8.26003261626865,7.5318927079140146,2.882184842922779,2.9309457560446748,40.95477386934673,45.819397993311036,-0.0894918441772461,-0.08957028388977051,0.001,2.5
794,84.02248314836716,81.84921542776867,0.10712208019778557,0.10722659024905201,131.4288136084475,131.4067966627038,2.858699740676624,2.926640948324299,8.1806872925367,7.542193226192309,2.858699740676624,2.926640948324299,40.95477386934673,45.819397993311036,-0.09723126888275146,-0.09036505222320557,0.001,2.5
795,83.90830184706492,81.83489176262182,0.10714096725735832,0.10723452718560911,131.42889519312874,131.40664621818823,2.850285921464214,2.9300272281353292,8.183088569385522,7.529168396889166,2.850285921464214,2.9300272281353292,40.95477386934673,45.819397993311036,-0.0907508134841919,-0.0932912826538086,0.001,2.5
796,83.51552341531469,81.8430058916277,0.10715882954385812,0.10715305643237155,131.42881442633904,131.40664402378044,2.844624006967848,2.9341694973782952,8.121515072769855,7.51838096248665,2.844624006967848,2.9341694973782952,40.95477386934673,45.819397993311036,-0.08726859092712402,-0.09248030185699463,0.001,2.5
797,83.43248617149877,81.74453107648868,0.10726253327662422,0.10714490978315123,131.4288466819367,131.40668980014763,2.8284597348927254,2.928191770279288,8.153379785355611,7.516620556247673,2.8284597348927254,2.928191770279288,40.95477386934673,45.819397993311036,-0.06969106197357178,-0.09413552284240723,0.001,2.5
798,83.67189460383787,81.74860277462963,0.10714623031254789,0.10718990807549211,131.42886288641287,131.4066788791414,2.834299141438163,2.931948521464166,8.183766562335656,7.5061549885217165,2.834299141438163,2.931948521464166,40.95477386934673,45.819397993311036,-0.08989310264587402,-0.09241580963134766,0.001,2.5
799,84.05248958261768,81.90028197629795,0.10715163606445194,0.10711551552333162,131.42870940395335,131.40624719319933,2.8665477322973,2.9357286153429727,8.163138741823897,7.525166109652822,2.8665477322973,2.9357286153429727,40.95477386934673,45.819397993311036,-0.08690762519836426,-0.09525716304779053,0.001,2.5
800,84.43796259434379,81.91794757141318,0.10714894103844162,0.10715436514305032,131.42825772334982,131.40594201741808,2.844799192706544,2.9352006074975567,8.305479530513386,7.530275395881372,2.844799192706544,2.9352006074975567,40.95477386934673,45.819397993311036,-0.0844959020614624,-0.09148561954498291,0.001,2.5
