epoch,train_loss,val_loss,train_recon_loss,val_recon_loss,train_kl_loss,val_kl_loss,train_age_loss,val_age_loss,train_site_loss,val_site_loss,train_age_mae,val_age_mae,train_site_acc,val_site_acc,train_age_r2,val_age_r2,current_beta,current_grl_alpha
1,67.09375195527197,218.66353471940974,1.9093701051390857e-05,4.382152053152591e-05,1.7658105683286784,5.012122308928831,3.867497021628784,5.253746992768253,1.816252830839237,27.97144773732061,3.867497021628784,5.253746992768253,39.949748743718594,45.819397993311036,-1.046666145324707,-1.6210992336273193,7.686158073360571e-06,0.0
2,60.04072094123367,68.54058108122453,4.081038439003739e-05,2.2330020587361048e-05,9.137206726138116,17.189412585867686,3.360525524196912,3.1702477628969428,1.926542561257904,4.197336673736572,3.360525524196912,3.1702477628969428,40.36850921273032,10.367892976588628,-0.6181012392044067,-0.03482985496520996,9.154408582006738e-06,0.025
3,58.309987456355266,359.7560162496407,7.2580725814009045e-06,3.6143564183138335e-06,23.05709457397461,30.116719599950272,3.2603152153679673,22.244178210612525,1.880999873431284,5.218601360767582,3.2603152153679673,22.244178210612525,39.86599664991625,10.367892976588628,-0.5106664896011353,-36.86724853515625,1.0941850065037413e-05,0.05
4,56.95860873275067,54.91806555910653,2.7002446305572023e-06,7.231776673330405e-07,33.501998984434294,35.737463896888556,3.2133059102286845,3.0156962042269497,1.7517158216367814,1.936430579443839,3.2133059102286845,3.0156962042269497,38.52596314907873,10.367892976588628,-0.4132500886917114,-0.0005517005920410156,1.3116306549289961e-05,0.075
5,52.67565254709829,305.8994217174109,1.101201971957214e-06,4.01627076646651e-06,35.383516557651944,35.28369602471291,2.942254403528057,18.7640645017592,1.7082555134292423,4.887581649831306,2.942254403528057,18.7640645017592,40.117252931323286,10.367892976588628,-0.173653244972229,-26.23383903503418,1.5759257661579782e-05,0.1
6,54.31115160355816,418.0579227715432,3.331564050153928e-06,4.8155075325289045e-08,35.3701346379828,35.48008734406436,3.0260250800019333,11.755864261384792,1.7840204047198271,48.34385890386575,3.0260250800019333,11.755864261384792,41.20603015075377,45.819397993311036,-0.2826359272003174,-10.297149658203125,1.896822375212947e-05,0.125
7,54.16237632713126,380.53219706557667,1.146480505844288e-06,4.401502777252601e-06,35.52700950073038,35.57821800716744,3.018285181055117,23.84734315776506,1.7774570679145443,4.564247034066497,3.018285181055117,23.84734315776506,42.211055276381906,10.367892976588628,-0.2988024950027466,-42.37287902832031,2.285938966519435e-05,0.15
8,53.533395112259704,383.10865237641093,2.451143431091312e-06,4.87310322104468e-07,35.597493157314894,35.62124235733695,2.969096324351964,10.850880878027466,1.7991931554260765,44.068890868222034,2.969096324351964,10.850880878027466,39.44723618090452,45.819397993311036,-0.2000277042388916,-8.77279281616211,2.7570396583288997e-05,0.17500000000000002
9,55.15430667052916,338.72303685216997,6.974827075759357e-07,1.4112951808224002e-06,35.621713334791224,35.62811313743974,3.092767318089803,22.006297503825415,1.7523219633342033,1.7254761963783698,3.092767318089803,22.006297503825415,38.107202680067005,10.367892976588628,-0.28718769550323486,-36.08293914794922,3.326316923375208e-05,0.2
10,55.09598263943415,230.87543382931713,6.053675725453352e-07,8.714933336975864e-07,35.6234832904247,35.618156445863654,3.0931535933285303,14.432676844772288,1.7394496627788447,2.8767705027475006,3.0931535933285303,14.432676844772288,40.36850921273032,10.367892976588628,-0.30862486362457275,-15.520357131958008,4.012655707396759e-05,0.22499999999999998
11,53.016807696727454,562.468946373981,2.0060203551385265e-06,4.547547774125992e-06,35.61600627292141,35.60779840730903,2.955519510473638,35.80672072088439,1.736457960290126,5.073285842818959,2.955519510473638,35.80672072088439,41.541038525963145,10.367892976588628,-0.2122187614440918,-95.52940368652344,4.837844730438922e-05,0.25
12,54.799257633075044,132.06908082483605,2.770146101507845e-06,3.340667302362145e-06,35.58298974220877,35.49053886183927,3.045320449362648,8.026793211997552,1.8234748544804815,2.3330230138772308,3.045320449362648,8.026793211997552,41.37353433835846,10.367892976588628,-0.25391995906829834,-4.728507995605469,5.826685172296986e-05,0.275
13,54.005001055335676,127.85111688212008,2.574733327866907e-06,2.6427440702247264e-06,36.03905327955083,37.6789952919236,3.010761306513494,8.015999321953508,1.7682107393466049,1.5216978417591107,3.010761306513494,8.015999321953508,40.7035175879397,10.367892976588628,-0.26320838928222656,-4.714979648590088,7.006928192300347e-05,0.3
14,53.93732526513999,783.0783205574571,2.223908380369683e-06,2.567396802951285e-07,38.70950519938764,39.82526313501058,2.994857329220029,27.864478777882248,1.8022417335254663,73.02155796421013,2.994857329220029,27.864478777882248,38.60971524288107,45.819397993311036,-0.2326585054397583,-57.850860595703125,8.408952379742846e-05,0.325
15,53.746394580732435,339.0934622774156,1.210212040529328e-06,3.3694900928724543e-06,40.29004750978607,40.73573178192445,2.9914867454637433,21.34594697856584,1.774007168247472,3.7800334233504076,2.9914867454637433,21.34594697856584,41.038525963149084,10.367892976588628,-0.2579801082611084,-33.949928283691406,0.00010065073863056549,0.35000000000000003
16,53.15166927701864,354.6522363771164,2.107479117337216e-06,6.590663574905096e-07,40.77953230635804,40.81127128473492,2.9515940783610897,9.713297206023864,1.7745716723565081,41.789575143003944,2.9515940783610897,9.713297206023864,42.12730318257956,45.819397993311036,-0.1916801929473877,-7.009546279907227,0.00012008371910009542,0.375
17,53.88936747258632,127.08483677484519,6.366436474983896e-07,7.623067443906913e-07,40.8207839889143,40.79267666411639,3.0184640397178866,3.195248031297256,1.7213162798777697,15.830058206283926,3.0184640397178866,3.195248031297256,39.44723618090452,45.819397993311036,-0.24645543098449707,-0.40260744094848633,0.00014270921383558732,0.4
18,54.229473133183006,392.7250794885948,5.280120928730576e-07,1.001904144023595e-06,40.64826088654536,40.350475094390156,3.0287286105068087,25.488047992106665,1.758336308413814,2.07950953655817,3.0287286105068087,25.488047992106665,38.77721943048576,10.367892976588628,-0.27595949172973633,-48.403987884521484,0.0001688136332512095,0.42500000000000004
19,54.44807001494083,341.8209908271713,9.447593725008804e-07,3.7727942989276256e-07,40.19926791933913,39.986923919473604,3.0669503419642874,6.841213666475737,1.687165992743206,47.83896818129115,3.0669503419642874,6.841213666475737,40.7035175879397,45.819397993311036,-0.2638435363769531,-3.3178162574768066,0.0001986182953299768,0.44999999999999996
20,54.76608863587755,620.4209692709422,7.340054097138097e-07,2.3222758539739754e-06,39.802575633753484,39.59325091256744,3.0764486725805593,39.29069081437229,1.7220230737523219,6.210278531779414,3.0764486725805593,39.29069081437229,42.12730318257956,10.367892976588628,-0.30463123321533203,-115.02369689941406,0.0002322437412844814,0.475
21,55.002024377410734,161.910589517957,3.886102300990994e-06,3.0706326212922526e-06,39.23409515329741,38.75125887561403,3.070718523645321,10.337224408535654,1.7861326571485305,1.36835503817402,3.070718523645321,10.337224408535654,41.038525963149084,10.367892976588628,-0.326535701751709,-7.958136558532715,0.00026967247994862516,0.5
22,53.649167468200375,540.3375993301238,1.3473865155109687e-06,2.792325807395994e-07,38.44316918326782,37.81183634474126,2.994925738579065,16.60834447037815,1.7426670032929337,58.24013932652298,2.994925738579065,16.60834447037815,40.619765494137354,45.819397993311036,-0.2510327100753784,-20.552309036254883,0.0003107154933535152,0.525
23,54.509049573735375,572.7361776804844,1.0447367688294728e-06,3.6202174873397116e-06,37.34285173144572,36.805374362396954,3.032501321342123,36.37965010320861,1.8016543324468923,5.405676146414766,3.032501321342123,36.37965010320861,38.60971524288107,10.367892976588628,-0.26787281036376953,-98.61091613769531,0.00035498935008043036,0.55
24,54.35758894212681,98.19703597767297,3.789326988233711e-06,2.1147333508114354e-06,36.42892916757657,35.87337442863745,3.027405267983825,3.1605361456855086,1.7863730533638191,10.154915052114124,3.027405267983825,3.1605361456855086,39.949748743718594,45.819397993311036,-0.27921199798583984,-0.37106144428253174,0.00040191102754766046,0.5750000000000001
25,53.03555516381959,109.72632198269949,1.8010503940809146e-06,1.644558987297378e-06,35.39189991399871,34.567843153325214,2.960344343329195,2.953755724788908,1.7228875030424926,13.080881227218985,2.960344343329195,2.953755724788908,42.12730318257956,45.819397993311036,-0.1973356008529663,-0.15139424800872803,0.0004507158366848345,0.6
26,54.393019901448156,73.30122866678397,2.6682701859293837e-06,2.3566613201614852e-06,33.886352519893165,32.934595458882306,3.0274292935478426,3.5047814654666047,1.792923456061026,4.14260431436392,3.0274292935478426,3.5047814654666047,41.959798994974875,45.819397993311036,-0.25947022438049316,-0.6676808595657349,0.0005005,0.625
27,54.76879620192638,591.2181739424383,1.3188040029040951e-06,3.6171066270613044e-07,32.43686695833701,31.863460559908763,3.0729583703493155,18.082389270182837,1.7313140217383303,63.99295582340712,3.0729583703493155,18.082389270182837,41.62479061976549,45.819397993311036,-0.2610650062561035,-24.362375259399414,0.0005502841633151655,0.65
28,54.414612493722686,384.5394245262529,4.745949007056381e-07,1.1542850916309567e-06,31.5259946538775,31.08197169479319,3.0387311896287414,25.01710863017717,1.7629515122328971,1.8528349794272994,3.0387311896287414,25.01710863017717,40.619765494137354,10.367892976588628,-0.29519498348236084,-46.63180160522461,0.0005990889724523396,0.675
29,54.15866329122828,168.1179100725563,1.4524205427056842e-06,2.039733900623421e-06,30.635081759249946,29.884364807486136,3.014045138255236,10.230112490446672,1.7856389096434193,2.9293841789398702,3.014045138255236,10.230112490446672,39.53098827470687,10.367892976588628,-0.2235492467880249,-7.791818618774414,0.0006460106499195698,0.7000000000000001
30,53.64649776797398,242.02602072623262,1.7639613300160204e-06,1.8612357198922035e-06,29.362836134893012,28.53805401014245,2.997371959127174,15.637882762130687,1.7331295408795226,1.4876161454912014,2.997371959127174,15.637882762130687,43.04857621440536,10.367892976588628,-0.21883344650268555,-18.22064971923828,0.0006902845066464847,0.725
31,54.31806770720873,91.40256630377625,2.427224873775275e-06,1.9129542060696518e-06,27.928010835120425,26.819942652979822,3.0271428937288984,3.684557536772661,1.7780995538685989,7.222917201128293,3.0271428937288984,3.684557536772661,40.871021775544385,45.819397993311036,-0.2594336271286011,-0.8175342082977295,0.0007313275200513749,0.75
32,54.31003297713134,51.658866741984184,2.162188703189727e-06,2.2070180649130745e-06,25.377180016420194,23.471048610266237,3.022985340961859,2.978360063654922,1.789148390193281,1.3930835855445733,3.022985340961859,2.978360063654922,42.71356783919598,45.819397993311036,-0.22216641902923584,-0.009020090103149414,0.0007687562587155186,0.775
33,53.64371700063223,289.6442207668139,1.5651348505634754e-06,8.820416220704187e-07,22.30143395620375,21.00471134249582,3.002943109627345,7.18024856509971,1.7163349581723237,36.38472859436852,3.002943109627345,7.18024856509971,40.03350083752093,45.819397993311036,-0.23940587043762207,-3.7109832763671875,0.0008023817046700233,0.8
34,53.17114130016947,57.02464871103548,1.404328829923491e-06,1.5119420618324158e-06,20.31099603803114,19.328867137232752,2.968100209531672,2.9581332581497755,1.7265469069456933,2.527312880375712,2.968100209531672,2.9581332581497755,43.551088777219434,45.819397993311036,-0.22806453704833984,-0.15870344638824463,0.0008321863667487907,0.8250000000000001
35,59.48403356223051,268.47591887509145,9.363381373968787e-07,5.567222964399902e-07,21.159781444811543,24.91096129146308,3.4010563691457114,5.079230519042764,1.6900052135713535,38.45321610619791,3.4010563691457114,5.079230519042764,40.871021775544385,45.819397993311036,-0.5840193033218384,-1.4576008319854736,0.0008582907861644128,0.8500000000000001
36,54.04106938858927,408.0447917415147,5.326705143570918e-07,9.416355415002626e-07,26.579581453971926,28.21182906747263,3.041013790335088,26.634910022135962,1.6804895401000977,1.6992630679471836,3.041013790335088,26.634910022135962,42.04355108877722,10.367892976588628,-0.30124735832214355,-52.85796356201172,0.0008809162808999045,0.875
37,54.43320405023981,277.4476577605691,1.7126636407928692e-06,2.6370315142312668e-06,28.493119490605903,28.733880639474926,3.0306536556288624,17.293807422038306,1.789548554412484,3.60293283191413,3.0306536556288624,17.293807422038306,39.698492462311556,10.367892976588628,-0.22841739654541016,-22.283798217773438,0.0009003492613694345,0.8999999999999999
38,53.80156081565461,51.79780055527703,2.3957531757667775e-06,1.9542262246958305e-06,28.541058810312343,28.258267284635718,2.9849660304722874,2.9310537668374868,1.8001795436069994,1.5612163025399912,2.9849660304722874,2.9310537668374868,39.7822445561139,45.819397993311036,-0.22089922428131104,-0.09803569316864014,0.0009169104762025716,0.925
39,53.10931141532246,177.41646114081442,1.4838449363255974e-06,1.1141926283181058e-06,28.041932404740173,27.787434351484112,2.936668718679866,3.630080117031085,1.8066347008773829,24.587879493483733,2.936668718679866,3.630080117031085,40.36850921273032,45.819397993311036,-0.18312084674835205,-0.28323495388031006,0.0009309307180769967,0.95
40,54.02157957629742,64.97220808048313,1.1782694405940353e-06,1.2746082802550518e-06,27.66977118806823,27.539679377374043,3.014701855641913,2.946335204070228,1.75499303606487,4.150244063756936,3.014701855641913,2.946335204070228,41.20603015075377,45.819397993311036,-0.22243905067443848,-0.13638722896575928,0.0009427331482770302,0.9750000000000001
41,53.640793862654334,225.30875853471534,1.9514563562314555e-06,3.037128186272496e-06,27.438397070470966,27.255537613578465,2.9752832904732607,13.970575724955784,1.7970806979254461,3.14482890483129,2.9752832904732607,13.970575724955784,39.028475711892796,10.367892976588628,-0.20257365703582764,-14.542415618896484,0.0009526215526956109,1.0
42,54.262497689456396,265.5395623146491,2.4545120508358973e-06,1.1488062472590873e-06,27.134452302252228,26.98021515556004,3.0264397550068507,7.230060162751571,1.7679653035935445,31.412547746230928,3.0264397550068507,7.230060162751571,41.87604690117253,45.819397993311036,-0.267913818359375,-3.7690062522888184,0.0009608734429260324,1.025
43,54.866404777795225,243.0659651740339,5.138073947190647e-07,3.6521009556556093e-07,26.888235168840417,26.746429698523073,3.0787362589109284,4.776197111327512,1.7318678836726664,34.279424584430195,3.0787362589109284,4.776197111327512,40.45226130653266,45.819397993311036,-0.3185606002807617,-1.187490463256836,0.0009677368307662479,1.05
44,54.417469970345294,128.65072213367475,7.0585455250922e-07,6.109442365550878e-07,26.652977456199864,26.534056341369016,3.0575798548246347,3.2204338674959927,1.7055651810101329,16.063677634682545,3.0575798548246347,3.2204338674959927,41.289782244556115,45.819397993311036,-0.2750924825668335,-0.4256746768951416,0.000973429603416711,1.075
45,53.71072627950953,457.85242066654473,5.438348574642616e-07,8.993586281856271e-07,26.470364537071344,26.363160257754117,3.0082788147918342,29.89207429790178,1.7121302093093718,1.889103820092702,3.0082788147918342,29.89207429790178,38.860971524288104,10.367892976588628,-0.2566796541213989,-66.57636260986328,0.0009781406103348057,1.1
46,53.94004509317216,560.8771137760634,1.512886482772258e-06,3.136420378346233e-06,24.748605229746754,21.26364707308868,3.0106150964197003,35.5417186009844,1.751302755657752,5.546089073487349,3.0106150964197003,35.5417186009844,40.619765494137354,10.367892976588628,-0.243583083152771,-94.12062072753906,0.0009820317762478706,1.125
47,54.90313886198366,151.41057257508754,3.702125136678325e-06,3.2988895993586515e-06,19.831724170065005,18.44408353595032,3.055216143079339,9.621639924703235,1.8110708932780741,1.4135596082362045,3.055216143079339,9.621639924703235,38.69346733668342,10.367892976588628,-0.2949315309524536,-6.87500524520874,0.0009852407423384202,1.1500000000000001
48,53.780702204360836,635.9542826266592,1.7873301870966064e-06,2.8614131446888874e-07,17.929639998392844,17.387658881503203,2.9801134452148896,21.241225360627954,1.812257448832194,63.46373822776769,2.9801134452148896,21.241225360627954,39.27973199329983,45.819397993311036,-0.20012140274047852,-33.61763000488281,0.00098788369345071,1.1749999999999998
49,55.44186934274645,119.51530727016487,2.5353304184454906e-07,4.806173151382761e-07,17.168919028149578,16.944436701643827,3.100572369605852,3.82819007551391,1.7832569792442385,12.415135724887401,3.100572369605852,3.82819007551391,40.7035175879397,45.48494983277592,-0.38599562644958496,-1.4483649730682373,0.0009900581499349627,1.2
50,53.663469669207856,169.2188448188297,6.823726629091276e-07,1.325727657710002e-06,16.897933496702056,16.848650922743374,3.0124375872076854,10.274564877002932,1.6920290109100853,3.0167334430592514,3.0124375872076854,10.274564877002932,39.86599664991625,10.367892976588628,-0.2583659887313843,-7.860630035400391,0.0009918455914179935,1.225
51,53.8257990570324,234.02043391709344,1.9116722712201567e-06,2.6723241466316057e-06,16.815413703471172,16.764657285301183,2.987672319364308,14.495760219152954,1.798779348232838,3.313453291570861,2.987672319364308,14.495760219152954,41.45728643216081,10.367892976588628,-0.2022233009338379,-15.656328201293945,0.001,1.25
52,53.93301107256456,55.281757176121744,2.4713735016041844e-06,2.0141917837366214e-06,16.733176830425933,16.68781881428084,3.001513608536329,3.0180534016727205,1.7787143173728956,1.9988534446544073,3.001513608536329,3.0180534016727205,41.87604690117253,45.819397993311036,-0.24747216701507568,-0.23317384719848633,0.001,1.275
53,54.39925700815479,292.7747634326335,1.514166436032333e-06,9.106247841105584e-07,16.634442950812616,16.56551775087082,3.030012945833318,7.224267479568022,1.7864852900081742,36.87883722822004,3.030012945833318,7.224267479568022,41.959798994974875,45.819397993311036,-0.21037518978118896,-3.805759906768799,0.001,1.3
54,54.69579195696704,301.53229856969523,5.054639367416967e-07,2.964849749937959e-07,16.51876733930067,16.4484641161252,3.0713728732200125,6.256707526369637,1.72173584286292,41.53304810029607,3.0713728732200125,6.256707526369637,41.79229480737018,45.819397993311036,-0.30083000659942627,-2.6601040363311768,0.001,1.3250000000000002
55,54.77700150711852,159.42674388056216,4.296127753503797e-07,6.493755047533621e-07,16.398801647039313,16.558011536614153,3.0619026879769073,7.38661425408711,1.7664123304325532,9.722194202767566,3.0619026879769073,7.38661425408711,39.19597989949749,10.367892976588628,-0.31203973293304443,-3.9533724784851074,0.001,1.35
56,52.95305369008127,362.7534784935789,1.0039660896356838e-06,1.927486302906572e-06,16.764148127493545,16.937244007021288,2.970796569907286,22.64396229874729,1.6748680677046528,4.615418859947486,2.970796569907286,22.64396229874729,42.3785594639866,10.367892976588628,-0.18985474109649658,-38.20435333251953,0.001,1.375
57,54.24242666937798,237.94475797825433,2.437451585259626e-06,2.3242101058615823e-06,16.989568560167374,17.026040603484596,3.0220108195964617,15.316887157019165,1.7790542557411257,1.6348825194763899,3.0220108195964617,15.316887157019165,42.54606365159129,10.367892976588628,-0.251507043838501,-17.480304718017578,0.001,1.4000000000000001
58,53.829012795708685,192.19822121304412,1.7045585881132378e-06,1.1178166932250651e-06,17.016110833965154,16.989371532580524,3.0045844390364347,4.142582985868422,1.7486456618636497,26.008495981477974,3.0045844390364347,4.142582985868422,41.70854271356784,45.819397993311036,-0.21360409259796143,-0.6539230346679688,0.001,1.4249999999999998
59,54.651429666746004,393.22909841888327,8.203962760218785e-07,4.4576536286354973e-07,16.974430640139172,16.94895855957848,3.050449699213357,9.092059830758085,1.7755419736731193,51.36624857414526,3.050449699213357,9.092059830758085,36.93467336683417,45.819397993311036,-0.25404345989227295,-6.123186111450195,0.001,1.45
60,61.147541141989244,81.7075113660117,3.9991322072236893e-07,4.999114275656713e-07,17.04693992333596,17.222056073089906,3.523349979215331,3.7823790331748017,1.6560487357815306,4.990921032468611,3.523349979215331,3.7823790331748017,43.21608040201005,45.819397993311036,-0.7714122533798218,-0.8964896202087402,0.001,1.4749999999999999
61,53.68388175005889,140.39224712665265,5.995764027369785e-07,7.433561361731366e-07,17.250518613524573,17.26759841689298,3.0192426520975393,7.115020262357782,1.6755980167356967,6.729934837507165,3.0192426520975393,7.115020262357782,42.71356783919598,10.367892976588628,-0.246337890625,-3.6348791122436523,0.001,1.5
62,54.14693116103385,377.732536800729,8.666106851939077e-07,1.045816053530177e-06,17.26989680598529,17.270154225786396,3.0494258691318072,24.616099749919165,1.6776542597679636,1.694752971065483,3.0494258691318072,24.616099749919165,42.29480737018426,10.367892976588628,-0.24500322341918945,-45.148826599121094,0.001,1.525
63,52.54405421987051,374.3694511081861,1.1764054268228568e-06,1.4475644173788862e-06,17.268208236949928,17.263746472106728,2.925734761971325,24.232825671550025,1.728152638903415,2.1719596633145644,2.925734761971325,24.232825671550025,39.11222780569514,10.367892976588628,-0.17517995834350586,-43.75383377075195,0.001,1.55
64,60.771171339792225,73.9963138286884,1.4486437362735963e-06,1.4319664900887138e-06,17.258724123189598,17.28429935927375,3.466739744397264,3.0933138582618738,1.7505629505943414,5.515863590814597,3.466739744397264,3.0933138582618738,41.12227805695142,10.367892976588628,-0.6537958383560181,-0.008870959281921387,0.001,1.575
65,53.31495527206753,289.9704757231135,1.5724996148318538e-06,1.911621191395906e-06,17.296384763478034,17.266267897692014,2.9731444641573344,18.796793239172487,1.7400979933826568,1.6002580314176935,2.9731444641573344,18.796793239172487,40.95477386934673,10.367892976588628,-0.19792437553405762,-26.32543182373047,0.001,1.6
66,53.75996800842796,142.73765150599655,1.9121252456657517e-06,2.0126036577001465e-06,17.209667154692326,17.12204716277362,2.9929737257997395,8.900304239330483,1.7696300483428853,1.843194538932979,2.9929737257997395,8.900304239330483,39.27973199329983,10.367892976588628,-0.22794020175933838,-5.861692428588867,0.001,1.625
67,53.34678670349632,61.37881496518751,1.8521102919533387e-06,1.7401452082305945e-06,17.076084076260003,17.026440030356316,2.958638297453198,2.9715817181960396,1.7900267018744693,3.35761140979652,2.958638297453198,2.9715817181960396,40.787269681742046,45.819397993311036,-0.18135035037994385,-0.17862141132354736,0.001,1.6500000000000001
68,53.52393638828092,83.15004265826681,1.7312348071567585e-06,1.9149111770740733e-06,16.982660875048868,16.927966765336766,2.9688907699968348,4.407645734257523,1.794718088217117,3.40368520057321,2.9688907699968348,4.407645734257523,39.7822445561139,10.367892976588628,-0.20231878757476807,-0.8725266456604004,0.001,1.675
69,53.56180628739809,57.065061664900256,1.9643233091260094e-06,2.002837364430694e-06,16.89944628934365,16.86907737629868,2.9805488754157445,3.0541791453409353,1.7673341962360656,2.2471002049270683,2.9805488754157445,3.0541791453409353,42.71356783919598,10.367892976588628,-0.20021295547485352,-0.0015714168548583984,0.001,1.7000000000000002
70,53.48572535171381,62.19337445517448,1.9129410448936623e-06,2.034351721622169e-06,16.77515931185366,16.653625354320308,2.9709161094684697,3.3566781573471016,1.7810412695260103,2.3653096769964415,2.9709161094684697,3.3566781573471016,41.541038525963145,10.367892976588628,-0.21446764469146729,-0.12311506271362305,0.001,1.7249999999999999
71,53.88000231412188,140.0424845003364,2.1879531292292225e-06,2.3739905903868967e-06,16.49784078869588,16.267526301253202,2.9899113605569556,8.804824408081464,1.8029665479707957,1.5907702741016911,2.9899113605569556,8.804824408081464,38.60971524288107,10.367892976588628,-0.2455596923828125,-5.733615875244141,0.001,1.75
72,53.97078276079903,51.56954278595073,2.340430266753908e-06,2.2717039257903736e-06,16.21949523018433,16.172812898820858,3.000808350005541,2.9912897846770528,1.7884868974462027,1.3368039892668708,3.000808350005541,2.9912897846770528,39.53098827470687,40.13377926421405,-0.2206634283065796,-0.004696965217590332,0.001,1.775
73,54.053004055566326,72.64750885724224,2.1505557750249595e-06,2.033244551745022e-06,16.14606207778905,16.109079909563864,3.0048295800610005,3.329917449217576,1.7928824049344214,4.536527795536462,3.0048295800610005,3.329917449217576,39.61474036850921,45.819397993311036,-0.22181689739227295,-0.5191092491149902,0.001,1.7999999999999998
74,52.99327360884828,67.66836892322553,1.9890781838590035e-06,1.939321529704425e-06,16.087373624894287,16.05565476816235,2.931204991923704,3.126601301308061,1.80182213220165,4.150658709548389,2.931204991923704,3.126601301308061,39.949748743718594,45.819397993311036,-0.17590785026550293,-0.34069108963012695,0.001,1.825
75,54.529960121142004,52.32247887805951,1.9165591115558637e-06,2.033454253390888e-06,16.03129507988142,16.19992351850937,3.065243902717603,2.969960185596377,1.7070536465700747,1.5513751750008318,3.065243902717603,2.969960185596377,41.289782244556115,40.13377926421405,-0.3091789484024048,-0.17655706405639648,0.001,1.85
76,53.63375800818055,66.14457786840738,1.9648187573169512e-06,1.8610262292704009e-06,16.41182928548586,16.578404410626977,2.973143138278469,3.1159752762835957,1.8040393279425462,3.877674582012521,2.973143138278469,3.1159752762835957,39.7822445561139,45.819397993311036,-0.2242577075958252,-0.3310774564743042,0.001,1.875
77,53.454585447582964,74.84358547044837,1.7621452378177495e-06,1.7073240409913569e-06,16.632376896077066,16.680912394188717,2.9633876466671225,3.28329942696868,1.7974272365346426,5.115482683564508,2.9633876466671225,3.28329942696868,41.038525963149084,45.819397993311036,-0.17306935787200928,-0.4802912473678589,0.001,1.9
78,53.16492041710833,104.76299615049841,1.5844713556715406e-06,1.444131582478116e-06,16.693661522026638,16.704649099139466,2.939610371038542,3.2575728614194737,1.8108140827223684,11.176539169107393,2.939610371038542,3.2575728614194737,40.871021775544385,45.819397993311036,-0.17923974990844727,-0.4586385488510132,0.001,1.925
79,53.34697158532326,105.3731500121662,1.351792378638121e-06,1.28732558421561e-06,16.707259256436398,16.708053633520834,2.9606798885256,3.3144678248210893,1.7840131239675396,11.12788494773533,2.9606798885256,3.3144678248210893,41.541038525963145,45.819397993311036,-0.1786189079284668,-0.5063071250915527,0.001,1.9500000000000002
80,55.77103586372618,73.7851862827671,1.2225667527158145e-06,1.23203917009473e-06,16.89488665582347,17.137033877165422,3.1275933927028023,3.102606773376465,1.7680477387142342,5.445789675250102,3.1275933927028023,3.102606773376465,40.787269681742046,45.819397993311036,-0.32179272174835205,-0.31874406337738037,0.001,1.975
81,54.01065050697007,68.85040255135118,1.2711173840323003e-06,1.3066611427196017e-06,17.22894787748455,17.316308994357005,3.0165137937120856,4.225412622343337,1.749142449704846,1.090378956252516,3.0165137937120856,4.225412622343337,42.79731993299832,45.819397993311036,-0.19648516178131104,-0.7203549146652222,0.001,2.0
82,54.58821842698396,160.18789091078335,1.3280408466153635e-06,1.4835807083259124e-06,17.348734464277975,17.374066783432976,3.0394352329036898,8.867408535552265,1.7958678320624322,5.431876527027143,3.0394352329036898,8.867408535552265,39.028475711892796,10.367892976588628,-0.2233806848526001,-5.817406177520752,0.001,2.0250000000000004
83,54.527016829805355,166.24719723092275,1.5566406633583854e-06,1.6817118990960972e-06,17.376570236742797,17.375932132121314,3.039903210635161,10.025655162773004,1.7822179037522232,3.168998026927578,3.039903210635161,10.025655162773004,41.62479061976549,10.367892976588628,-0.2547675371170044,-7.477834701538086,0.001,2.05
84,53.75717432734555,53.73183152827132,1.6704870913112232e-06,1.6481543137687e-06,17.374561082977348,17.371665393229712,2.970088282222524,3.067446995738358,1.8376947845046843,1.5405505345417903,2.970088282222524,3.067446995738358,39.949748743718594,40.13377926421405,-0.19976294040679932,-0.0034842491149902344,0.001,2.0749999999999997
85,53.87960515749115,56.17216144676591,1.5697588710197917e-06,1.550740184148194e-06,17.369789609158257,17.366810699769086,2.9984539070321086,2.928137045640212,1.7770852503465049,2.4465472877623644,2.9984539070321086,2.928137045640212,41.45728643216081,45.819397993311036,-0.22293782234191895,-0.07723498344421387,0.001,2.1
86,53.241087550893305,64.2161153582825,1.5786738224471548e-06,1.667028934502391e-06,17.362674968725873,17.352179071177606,2.949555733295741,3.066792045548608,1.7960772797889646,3.639376439378413,2.949555733295741,3.066792045548608,41.37353433835846,10.367892976588628,-0.17747414112091064,-0.0033780336380004883,0.001,2.125
87,53.0843533335419,64.35646575111211,1.6651467037158384e-06,1.7321080491778517e-06,17.34585463621309,17.33749578469573,2.9477621203091875,3.142543633247299,1.7701147672918374,3.4401949975004165,2.9477621203091875,3.142543633247299,39.61474036850921,10.367892976588628,-0.17470979690551758,-0.024068236351013184,0.001,2.15
88,52.973276908273874,53.52746109978411,1.7230790333896446e-06,1.7335420972302133e-06,17.33047256917011,17.32022109398475,2.932889177571589,3.106315532256927,1.7925214527839393,1.3830807472152455,2.932889177571589,3.106315532256927,39.86599664991625,40.13377926421405,-0.17949163913726807,-0.012373685836791992,0.001,2.175
89,53.78520532988224,53.726264877064175,1.6697683543633573e-06,1.6675192122219653e-06,17.316075828207197,17.309567352601118,2.976117336969679,2.9860409358672073,1.825225580876796,1.783667866601593,2.976117336969679,2.9860409358672073,38.19095477386934,45.819397993311036,-0.18673694133758545,-0.006238341331481934,0.001,2.2
90,54.46679875359463,57.44927862416143,1.6397276099200665e-06,1.6709399016422762e-06,17.29596631291324,17.279685240525467,3.026246246181341,3.389353526475836,1.8111615001256742,1.318338856250546,3.026246246181341,3.389353526475836,38.69346733668342,40.13377926421405,-0.22628748416900635,-0.14047110080718994,0.001,2.225
91,53.681116177608416,56.03063310348868,1.6716827422581688e-06,1.7300134220439025e-06,17.27103072953983,17.26053569627845,2.9712034721470357,2.972282231850768,1.8191582180147794,2.285827583293851,2.9712034721470357,2.972282231850768,40.28475711892797,10.367892976588628,-0.17331695556640625,-0.011687755584716797,0.001,2.25
92,53.799859754603915,71.47694289803904,1.7581450719791282e-06,1.858830892328066e-06,17.25582608106348,17.24984070130415,2.974039042615012,3.709809485885212,1.8344032496862874,3.162510143873285,2.974039042615012,3.709809485885212,37.85594639865997,10.367892976588628,-0.2021770477294922,-0.3360471725463867,0.001,2.275
93,54.62448302225851,68.21847768930289,1.895598615774239e-06,1.9797455684740733e-06,17.600454608399666,17.94995203943157,3.054904167376571,3.6322524212674554,1.7566635788385592,2.7433480235645207,3.054904167376571,3.6322524212674554,39.44723618090452,10.367892976588628,-0.2638108730316162,-0.28461408615112305,0.001,2.3000000000000003
94,53.54764036756864,51.96292401316971,1.943389702281023e-06,1.9447399896356282e-06,18.06835882547912,18.179248133630658,2.9693591558753547,3.0208451891423866,1.7978366192062096,1.3264131510138113,2.9693591558753547,3.0208451891423866,39.028475711892796,40.13377926421405,-0.20166349411010742,-0.00021159648895263672,0.001,2.325
95,53.430267333984375,54.02228703068251,1.8911934143920801e-06,1.868358344760407e-06,18.214571203618394,18.250895401307172,2.9622043405146257,2.9289269742359685,1.7957971705064502,2.0140255562039124,2.9622043405146257,2.9289269742359685,41.541038525963145,45.819397993311036,-0.20032882690429688,-0.08695805072784424,0.001,2.3499999999999996
96,53.68966722089042,54.59589892486266,1.8196244951648308e-06,1.8137028412587045e-06,18.26041208519608,18.26927926947042,2.9769652121430465,2.930368853253266,1.8033853851171395,2.1244185824059323,2.9769652121430465,2.930368853253266,41.79229480737018,45.819397993311036,-0.19405138492584229,-0.09524476528167725,0.001,2.375
97,54.42369705149077,54.7522967922249,1.786891592893402e-06,1.8235545407193807e-06,18.269875064766786,18.268959370743868,3.0369675107537404,3.1991685202289184,1.7701824749734134,1.3492990289643456,3.0369675107537404,3.1991685202289184,41.12227805695142,40.13377926421405,-0.22887051105499268,-0.0467909574508667,0.001,2.4
98,54.18938378313278,54.365300194475566,1.7990081924733905e-06,1.829976454291834e-06,18.26777501641406,18.265162815617078,3.001546829389767,3.1941620258981964,1.8295824565679784,1.2869204378447006,3.001546829389767,3.1941620258981964,40.95477386934673,40.13377926421405,-0.21029210090637207,-0.044643402099609375,0.001,2.425
99,54.48495704484745,54.916028549041236,1.810191262392584e-06,1.8258856668936736e-06,18.263194689598915,18.260735623413904,3.0254289948161524,3.212910514212771,1.817051423055243,1.3408221221687802,3.0254289948161524,3.212910514212771,40.95477386934673,40.13377926421405,-0.22837436199188232,-0.05281651020050049,0.001,2.45
100,53.46315365380777,53.007314815967774,1.7905052958472512e-06,1.7878995860858818e-06,18.25902073347389,18.256081227076095,2.9583496156849054,2.9729064507627965,1.813929848934538,1.679092019696698,2.9583496156849054,2.9729064507627965,41.62479061976549,45.819397993311036,-0.19322824478149414,-0.011391997337341309,0.001,2.475
101,52.9407632850123,54.1609835672538,1.7416455620161037e-06,1.7371966712738241e-06,18.254638716603445,18.25228094018024,2.9369689064409266,2.931875106084307,1.7735948115337634,2.0329208593304737,2.9369689064409266,2.931875106084307,40.117252931323286,45.819397993311036,-0.17468667030334473,-0.056558847427368164,0.001,2.5
102,53.477845541795894,53.849614758954,1.7142814816178844e-06,1.7649387520431868e-06,18.250317003259706,18.247637184168582,2.967882780174115,3.153427007605001,1.7882702759961586,1.305991931902525,2.967882780174115,3.153427007605001,39.11222780569514,40.13377926421405,-0.18406128883361816,-0.02810657024383545,0.001,2.5
103,53.509319899669244,53.25789592577063,1.748733421615178e-06,1.7799724899603242e-06,18.246346280403074,18.244323016010398,2.973333718189642,3.09933879064477,1.7782131219828747,1.3499135855448285,2.973333718189642,3.09933879064477,40.20100502512563,40.13377926421405,-0.21034324169158936,-0.01045238971710205,0.001,2.5
104,54.04856992686414,56.54146492999533,1.7877271694416117e-06,1.8544191373295816e-06,18.24181723794346,18.23550171357732,2.995691334582254,2.9588228587721503,1.8189911385077728,2.428177143817761,2.995691334582254,2.9588228587721503,38.19095477386934,10.367892976588628,-0.22237169742584229,-0.019518613815307617,0.001,2.5
105,53.142240578605104,53.11588305214974,1.8516612144716422e-06,1.8923191648056892e-06,18.23218613373774,18.225779166588417,2.9510366277678726,2.9354828671866833,1.771691408388978,1.8130831295829952,2.9510366277678726,2.9354828671866833,40.95477386934673,10.367892976588628,-0.20496809482574463,-0.04804372787475586,0.001,2.5
106,53.53458311250262,54.22546122624324,1.8535013180155888e-06,1.8659330858844803e-06,18.200144171914463,18.142966445871817,2.975247393101703,3.178573327718371,1.7775342470437439,1.305742982637922,2.975247393101703,3.178573327718371,40.03350083752093,40.13377926421405,-0.20392882823944092,-0.03823995590209961,0.001,2.5
107,53.37874363015844,51.7861259996293,1.8554378300926555e-06,1.899766687644924e-06,18.119075803900483,18.09289231826629,2.96451158898959,2.9723475409989373,1.7785896382339836,1.4365638737694475,2.96451158898959,2.9723475409989373,42.04355108877722,40.13377926421405,-0.21102392673492432,-0.011656522750854492,0.001,2.5
108,52.56985851268672,52.12271323570838,1.8762890802500078e-06,1.907852361700162e-06,18.088402810408244,18.083172629110788,2.9103832224904993,3.0246510394042154,1.7792040371215923,1.3469727398161107,2.9103832224904993,3.0246510394042154,41.12227805695142,40.13377926421405,-0.20202505588531494,-6.29425048828125e-05,0.001,2.5
109,52.89801171716533,52.393496637759,1.8866360522230661e-06,1.9163701229241195e-06,18.080839310459154,18.076917501596306,2.9419399430004995,3.054652064939008,1.750165890609,1.3111273042334362,2.9419399430004995,3.054652064939008,42.79731993299832,40.13377926421405,-0.17338776588439941,-0.0016275644302368164,0.001,2.5
110,53.17967220287227,53.76455964053355,1.8927032854752567e-06,1.912819358651396e-06,18.075296060124433,18.073386367746817,2.931187233932853,3.1482933141714753,1.8387571421500226,1.3044173522139073,2.931187233932853,3.1482933141714753,39.949748743718594,40.13377926421405,-0.18715250492095947,-0.02616262435913086,0.001,2.5
111,53.15107916827178,53.14299705275724,1.8768697120651095e-06,1.8869934896836785e-06,18.067401972248327,18.056885952136188,2.954702062223425,3.0728852493707155,1.7624957585454586,1.4063318178406528,2.954702062223425,3.0728852493707155,41.289782244556115,45.819397993311036,-0.18706881999969482,-0.004428982734680176,0.001,2.5
112,54.22867809148689,53.44111121697569,1.8493615458828266e-06,1.8673274743405363e-06,18.053331579594957,18.04864143448131,3.0215486605562756,3.0965510754282257,1.7774786503870084,1.3949588218261566,3.0215486605562756,3.0965510754282257,41.62479061976549,45.819397993311036,-0.2296144962310791,-0.009705543518066406,0.001,2.5
113,54.00080637077191,53.70570379914248,1.845596452432338e-06,1.8783456235696486e-06,18.04564160677656,18.041214148735122,2.9890279973571623,3.1487450129212347,1.8294679567442467,1.291296973674991,2.9890279973571623,3.1487450129212347,40.787269681742046,40.13377926421405,-0.2049846649169922,-0.02633082866668701,0.001,2.5
114,53.420197491669775,53.685519495935345,1.8548642641906423e-06,1.8824878460870717e-06,18.037991870388115,18.0342072834538,2.9688330351607486,3.147081001945164,1.7739325751811017,1.2922537601911104,2.9688330351607486,3.147081001945164,40.28475711892797,40.13377926421405,-0.1931232213973999,-0.025713801383972168,0.001,2.5
115,53.73748619552433,54.185428810757536,1.8592714902268357e-06,1.8782118966701579e-06,18.03264023990088,18.03045277292513,2.985599673173735,3.171871795303447,1.7870912921288904,1.3178638044408333,2.985599673173735,3.171871795303447,41.20603015075377,40.13377926421405,-0.21862435340881348,-0.035492539405822754,0.001,2.5
116,53.56832531748505,54.13456862586796,1.838790574467286e-06,1.8585595731766022e-06,18.0278807788638,18.024337583561007,2.9659218069296984,3.154110298507588,1.8122936972421617,1.3609779578786232,2.9659218069296984,3.154110298507588,39.44723618090452,45.819397993311036,-0.21355557441711426,-0.02837061882019043,0.001,2.5
117,54.450877044268786,54.095875526351676,1.8354739687361212e-06,1.8527833780289953e-06,18.023289282717297,18.02136259812575,3.0273778003264513,3.151234248011407,1.8044372477523445,1.3618675366691921,3.0273778003264513,3.151234248011407,39.27973199329983,45.819397993311036,-0.24259436130523682,-0.0272676944732666,0.001,2.5
118,54.52678202464553,52.954619825484365,1.8125573061941888e-06,1.8220237455483413e-06,18.02044313517048,18.018157722957955,3.0211396001691195,3.0372551348695787,1.8383332612726158,1.4755545699078103,3.0211396001691195,3.0372551348695787,38.02345058626466,45.819397993311036,-0.2238636016845703,-0.00018835067749023438,0.001,2.5
119,53.58153230421108,54.79910863920996,1.7952083917833998e-06,1.8193076791635349e-06,18.017360131345203,18.016066382162546,2.9769286710013896,3.202604464463964,1.781916365551589,1.3484047810768205,2.9769286710013896,3.202604464463964,40.20100502512563,40.13377926421405,-0.19433307647705078,-0.0482640266418457,0.001,2.5
120,54.37125888741396,54.9003276123251,1.796588828211883e-06,1.8213750708854906e-06,18.015323798660457,18.01375444597225,3.018239771700784,3.2209183388330467,1.815929164039829,1.3137074318219188,3.018239771700784,3.2209183388330467,39.53098827470687,40.13377926421405,-0.22546350955963135,-0.056311845779418945,0.001,2.5
121,53.61183244459194,54.549816386755495,1.794272469557397e-06,1.8214788335086592e-06,18.012897056950198,18.011446834806616,2.963448056423884,3.203236368587583,1.8284192708269436,1.2966516468437221,2.963448056423884,3.203236368587583,39.698492462311556,40.13377926421405,-0.20143306255340576,-0.048537373542785645,0.001,2.5
122,59.242630484116134,52.53107230400162,1.8017570409953578e-06,1.8253233447984314e-06,18.015205070201677,18.018040826089408,3.374922160926576,3.095715786701062,1.7201560404232799,1.2154631447233883,3.374922160926576,3.095715786701062,40.95477386934673,40.13377926421405,-0.54628586769104,-0.009486675262451172,0.001,2.5
123,53.4931977046794,54.21191033711003,1.7984332276710258e-06,1.81841644773894e-06,18.01936683463092,18.01990732939347,2.9696687773444146,3.1810521601035844,1.786029170705645,1.295621454117689,2.9696687773444146,3.1810521601035844,41.79229480737018,40.13377926421405,-0.20488739013671875,-0.039235830307006836,0.001,2.5
124,53.51718726869005,54.020829089110514,1.7932560117278961e-06,1.8235240726468713e-06,18.020103774078727,18.019706215746826,2.9705623494121096,3.1772264565113795,1.7881464277280235,1.2688820565424634,2.9705623494121096,3.1772264565113795,40.871021775544385,40.13377926421405,-0.20267605781555176,-0.037694334983825684,0.001,2.5
125,54.109677862681735,54.95303619027536,1.7987700301646068e-06,1.8203658173143993e-06,18.01926989850886,18.018175418560322,3.0049709003774363,3.2269886217787116,1.8034187665137413,1.3060372637267097,3.0049709003774363,3.2269886217787116,39.7822445561139,40.13377926421405,-0.21483099460601807,-0.058984994888305664,0.001,2.5
126,54.24244131474838,55.06414065153702,1.7932605047383638e-06,1.8154656526345803e-06,18.01748854670692,18.01601271485804,3.023552079895633,3.2283713084000807,1.7742281523182164,1.3241108831354607,3.023552079895633,3.2283713084000807,40.619765494137354,40.13377926421405,-0.2230699062347412,-0.05960249900817871,0.001,2.5
127,53.830746981366794,53.302733864672604,1.7977510617031655e-06,1.832603553691988e-06,18.015433936063168,18.01459011983712,2.9902349640576285,3.114875598097326,1.7918411902646523,1.3123168399102711,2.9902349640576285,3.114875598097326,39.11222780569514,40.13377926421405,-0.2073049545288086,-0.014820218086242676,0.001,2.5
128,53.97056530388556,54.02780438426346,1.8113542907395798e-06,1.8376673935782313e-06,18.01438507003401,18.01376396357814,2.9985142800476483,3.1718095066555367,1.794966966063533,1.2865289461652571,2.9985142800476483,3.1718095066555367,39.7822445561139,40.13377926421405,-0.2128831148147583,-0.03546714782714844,0.001,2.5
129,54.874299003051554,54.70987063506774,1.811906370210124e-06,1.8350122298787721e-06,18.012826229459677,18.01144462764064,3.0684749772600592,3.2148163956543274,1.7658319327499798,1.293922098982693,3.0684749772600592,3.2148163956543274,42.79731993299832,40.13377926421405,-0.25955677032470703,-0.05364644527435303,0.001,2.5
130,53.46075639453166,54.33282229573432,1.8125280088866349e-06,1.8399408326176336e-06,18.01114940483566,18.010616851092184,2.963449704187799,3.192156476719324,1.798199483897019,1.2864922316975418,2.963449704187799,3.192156476719324,40.36850921273032,40.13377926421405,-0.19243371486663818,-0.043793559074401855,0.001,2.5
131,54.241523921589554,54.29649770219988,1.8173496242080444e-06,1.8432677330583889e-06,18.01051992866861,18.010108992407552,3.018353032107329,3.1905326946921972,1.7896428878982262,1.2840985530196225,3.018353032107329,3.1905326946921972,41.289782244556115,40.13377926421405,-0.22637903690338135,-0.043111324310302734,0.001,2.5
132,54.09196145011352,54.484739220660664,1.818870318202e-06,1.8435610747571467e-06,18.009982254437265,18.009628079009296,3.0025453228047945,3.2004032613441695,1.8071535484275627,1.292135569164187,3.0025453228047945,3.2004032613441695,39.19597989949749,40.13377926421405,-0.2341676950454712,-0.04731762409210205,0.001,2.5
133,53.74108024098765,54.76846851871962,1.8173939822603586e-06,1.8406916136499235e-06,18.00956215850472,18.00930631758776,2.973680241423436,3.2162439703542653,1.823572700147453,1.3013592942502585,2.973680241423436,3.2162439703542653,39.86599664991625,40.13377926421405,-0.2088305950164795,-0.054268717765808105,0.001,2.5
134,53.32541860967026,54.71565143240734,1.8150126646225842e-06,1.838063084989492e-06,18.009141672795742,18.008798975609615,2.9563890741498424,3.210726223661748,1.7923145717512223,1.307349914292428,2.9563890741498424,3.210726223661748,39.028475711892796,40.13377926421405,-0.20032525062561035,-0.05183684825897217,0.001,2.5
135,53.64323540308967,54.69166994892235,1.8107269431556854e-06,1.8334614425541296e-06,18.008070583119864,18.006675866933968,2.9642127802224216,3.206147815870202,1.8324067536710296,1.3162888200785403,2.9642127802224216,3.206147815870202,38.02345058626466,40.13377926421405,-0.194746732711792,-0.049807071685791016,0.001,2.5
136,54.04065978467165,54.639846036266725,1.8068135575081373e-06,1.8291348709358758e-06,18.005460266292197,18.00383191443606,2.9944685731501237,3.2011544313717843,1.821124653920057,1.3209045973908542,2.9944685731501237,3.2011544313717843,41.45728643216081,40.13377926421405,-0.21271264553070068,-0.04763948917388916,0.001,2.5
137,53.10147234023716,54.75006166030731,1.8042371475439266e-06,1.8288351627742057e-06,18.003383045420176,18.002635451862247,2.9451369260823106,3.2130756744971642,1.781282597850116,1.3071838194709957,2.9451369260823106,3.2130756744971642,40.871021775544385,40.13377926421405,-0.18743789196014404,-0.052889347076416016,0.001,2.5
138,53.55886519414496,54.4237643595922,1.8060415429471667e-06,1.8334339470692366e-06,18.002011585075852,18.000905359070437,2.975055103126283,3.1977720356306505,1.7830069212857602,1.2878363822216174,2.975055103126283,3.1977720356306505,39.11222780569514,40.13377926421405,-0.2300206422805786,-0.046193718910217285,0.001,2.5
139,53.69812991271666,54.601580859027976,1.808774372098677e-06,1.8323415728306058e-06,17.999722549464035,17.99866630401101,2.9860628286198754,3.205144961143417,1.777837093351674,1.3012809805248096,2.9860628286198754,3.205144961143417,42.54606365159129,40.13377926421405,-0.2200319766998291,-0.04936778545379639,0.001,2.5
140,53.457998036140175,54.67049198724753,1.8084228619179524e-06,1.8320879561266021e-06,17.998391753664766,17.997790850125828,2.956605440408141,3.2082803217463667,1.8181831117850453,1.3056578871398465,2.956605440408141,3.2082803217463667,41.541038525963145,40.13377926421405,-0.21480870246887207,-0.05074739456176758,0.001,2.5
141,54.52218199814584,54.59392075554583,1.8075835409404464e-06,1.8332697357476244e-06,17.997562619309928,17.997287578008645,3.039214576708412,3.207445631856504,1.7831930870586503,1.2928479176301222,3.039214576708412,3.207445631856504,40.95477386934673,40.13377926421405,-0.2600374221801758,-0.05037832260131836,0.001,2.5
142,54.16207204591888,54.220201294557704,1.8104269327315882e-06,1.8383275506116919e-06,17.996932178286453,17.996651072167232,3.0158464006043757,3.1850356226382046,1.7812755461314216,1.2853336079064819,3.0158464006043757,3.1850356226382046,42.54606365159129,40.13377926421405,-0.23267722129821777,-0.04084193706512451,0.001,2.5
143,53.59086056809929,54.07226792147327,1.815281294623017e-06,1.84276564787708e-06,17.996092037539587,17.995339862479014,2.978781391428144,3.1740014951763342,1.7782284588470332,1.288849604967047,2.978781391428144,3.1740014951763342,41.289782244556115,40.13377926421405,-0.20613670349121094,-0.03637135028839111,0.001,2.5
144,53.5962827225626,54.07332557499608,1.8200818826402035e-06,1.8461503004709507e-06,17.995004430288446,17.994424067213384,2.9659869067832654,3.1738693195840586,1.8176961691934659,1.2894574487488406,2.9659869067832654,3.1738693195840586,41.289782244556115,40.13377926421405,-0.1902066469192505,-0.03631627559661865,0.001,2.5
145,53.68584537346359,54.2098819388195,1.821757712893107e-06,1.8470965882637798e-06,17.99220123482709,17.988755325011187,2.9842585790496776,3.182676418967869,1.7807946792199982,1.290348979142996,2.9842585790496776,3.182676418967869,40.36850921273032,40.13377926421405,-0.20871186256408691,-0.03988683223724365,0.001,2.5
146,54.27261450302661,54.243417299710785,1.8221583325504136e-06,1.8476265263401072e-06,17.987244489404624,17.985121551564706,3.0278632948346673,3.184384031040613,1.767335097793758,1.291933896150876,3.0278632948346673,3.184384031040613,41.79229480737018,40.13377926421405,-0.23893249034881592,-0.040577054023742676,0.001,2.5
147,53.83933277225974,54.13466299816119,1.8238668678595498e-06,1.8490902957059506e-06,17.98452943453637,17.983594760448238,2.996755566429253,3.175830976620167,1.7740026077433446,1.2958424545849445,2.996755566429253,3.175830976620167,41.12227805695142,40.13377926421405,-0.21636176109313965,-0.037122249603271484,0.001,2.5
148,53.76025126088205,54.35811421065825,1.8241174212719243e-06,1.8485093939875469e-06,17.983455539748096,17.982945202983743,2.994350252439029,3.1900756845506137,1.7654021461205667,1.2977985526407043,2.994350252439029,3.1900756845506137,40.787269681742046,40.13377926421405,-0.2100670337677002,-0.04292035102844238,0.001,2.5
149,54.17361332623403,54.601968274068675,1.8233562677077753e-06,1.8471365083132088e-06,17.98288053324075,17.982502710859112,3.0089178384847974,3.2044107610964057,1.8043719787693502,1.3035648128260737,3.0089178384847974,3.2044107610964057,39.86599664991625,40.13377926421405,-0.2280738353729248,-0.04904758930206299,0.001,2.5
150,53.34761545126961,54.60200929163292,1.8210449392673906e-06,1.8428968736661408e-06,17.98228005388474,17.981844465070743,2.9567053206202574,3.198009724601057,1.795810535325477,1.3227760038248273,2.9567053206202574,3.198009724601057,41.45728643216081,40.13377926421405,-0.19184648990631104,-0.04629671573638916,0.001,2.5
151,53.101537503189775,54.50011544881457,1.816676203366899e-06,1.840576027595632e-06,17.981480523369818,17.98079517453809,2.9367917594398487,3.194006258827388,1.8063358569664372,1.3144076500449293,2.9367917594398487,3.194006258827388,41.038525963149084,40.13377926421405,-0.1728982925415039,-0.04457700252532959,0.001,2.5
152,54.27623500855923,54.644913970028675,1.816106952994394e-06,1.8412267649711738e-06,17.98049695447861,17.979317540707797,3.0219417868347422,3.207639455795288,1.7858251514945997,1.3024680929439123,3.0219417868347422,3.207639455795288,41.79229480737018,40.13377926421405,-0.23723864555358887,-0.05046391487121582,0.001,2.5
153,53.378894722841096,54.42862775413488,1.817254844424544e-06,1.842928364539966e-06,17.97873717137118,17.97811152863263,2.9673032201514573,3.1955782434214717,1.7702732872923015,1.2953952570822724,2.9673032201514573,3.1955782434214717,40.20100502512563,40.13377926421405,-0.19920504093170166,-0.04524850845336914,0.001,2.5
154,54.17096146626688,54.3674212044298,1.8183941687802292e-06,1.8437823884298488e-06,17.977961177602285,17.97748646688302,3.0156891393901115,3.1923992091596727,1.7835291947551708,1.292690955276872,3.0156891393901115,3.1923992091596727,40.28475711892797,40.13377926421405,-0.221488356590271,-0.04389595985412598,0.001,2.5
155,54.209845180287836,54.1764812788437,1.8192967289657616e-06,1.8447726889982647e-06,17.977160394690944,17.976669254111606,3.010257586761935,3.1803471356331303,1.8076005277521845,1.2906591322111047,3.010257586761935,3.1803471356331303,39.86599664991625,40.13377926421405,-0.23401880264282227,-0.038954734802246094,0.001,2.5
156,53.631640480591024,54.32472537751979,1.8206118584949555e-06,1.8462783107095547e-06,17.97655164376775,17.976313390062007,2.985716443964385,3.190202417979671,1.7655830075792731,1.2907421050661783,2.985716443964385,3.190202417979671,40.20100502512563,40.13377926421405,-0.2288731336593628,-0.04297327995300293,0.001,2.5
157,53.46783306051539,54.476657829157084,1.8218279448890191e-06,1.8468628017381527e-06,17.97629028908172,17.97611121110693,2.9703942195853994,3.1989191184474475,1.7787884351995522,1.2949782725560626,2.9703942195853994,3.1989191184474475,40.95477386934673,40.13377926421405,-0.230444073677063,-0.046684861183166504,0.001,2.5
158,53.56381464563622,54.550572934358016,1.8223339429138132e-06,1.8482238803309798e-06,17.97607798871882,17.975948550629376,2.974327629734723,3.2042791939100694,1.7861842705776145,1.2936814828062535,2.974327629734723,3.2042791939100694,41.79229480737018,40.13377926421405,-0.19890546798706055,-0.04899036884307861,0.001,2.5
159,53.69889751670748,54.371367744777515,1.8247136896927528e-06,1.8514982087840948e-06,17.97594426345186,17.97583902161257,2.978594480846795,3.194124098206842,1.8004004200499262,1.2883053603379622,2.978594480846795,3.194124098206842,39.61474036850921,40.13377926421405,-0.2214740514755249,-0.04462707042694092,0.001,2.5
160,53.574531433770005,54.51559350004164,1.8272576926240159e-06,1.852947036505584e-06,17.975771007825383,17.975608500349882,2.9656543855491395,3.202678784080174,1.8143475463042906,1.2914863992295535,2.9656543855491395,3.202678784080174,39.19597989949749,40.13377926421405,-0.21800684928894043,-0.048296213150024414,0.001,2.5
161,53.42830259236858,54.20829984735087,1.828522279879698e-06,1.8536754212308428e-06,17.975544391165627,17.975418046166666,2.9597227809017825,3.1830965236676576,1.8028965411673439,1.2887748212718644,2.9597227809017825,3.1830965236676576,39.11222780569514,40.13377926421405,-0.1996314525604248,-0.04005599021911621,0.001,2.5
162,53.986193454045946,54.11414950826894,1.8289189780076089e-06,1.8538916353454594e-06,17.975359889530456,17.97525511138814,2.998360119872357,3.174645676660697,1.7985625846102409,1.2952968045620614,2.998360119872357,3.174645676660697,41.70854271356784,40.13377926421405,-0.20011448860168457,-0.03663909435272217,0.001,2.5
163,53.560356338219826,54.248568493386976,1.829080073589672e-06,1.8540248424793743e-06,17.97526904925629,17.975197616628183,2.9697326958878354,3.1833362914248053,1.799277273654139,1.296108760562629,2.9697326958878354,3.1833362914248053,38.860971524288104,40.13377926421405,-0.18625402450561523,-0.040152788162231445,0.001,2.5
164,53.93930884382034,54.207461468750815,1.8291572903754013e-06,1.8537632680769537e-06,17.97516933358095,17.975081816963527,2.98394918282028,3.1795942225185128,1.8324185244402094,1.299113619686369,2.98394918282028,3.1795942225185128,38.358458961474035,40.13377926421405,-0.22228264808654785,-0.03865349292755127,0.001,2.5
165,53.774235781313386,54.385842033054516,1.8287273353244978e-06,1.8534069929189347e-06,17.97508619298887,17.975013420334626,2.9915502382882275,3.1905912396102445,1.7766007718129373,1.3017990425677604,2.9915502382882275,3.1905912396102445,41.038525963149084,40.13377926421405,-0.20541787147521973,-0.043135881423950195,0.001,2.5
166,53.87137397369947,54.32778077141497,1.828550042510158e-06,1.8536669597362385e-06,17.97484587984069,17.974645569970377,2.999214329711556,3.1880775981124825,1.7730364378173546,1.2977280146302188,2.999214329711556,3.1880775981124825,38.274706867671696,40.13377926421405,-0.22911012172698975,-0.04209017753601074,0.001,2.5
167,54.924523032490335,54.28836054467038,1.8291600622775953e-06,1.8547479329720963e-06,17.974568275950062,17.974426518315855,3.06392442001969,3.186474739508485,1.7895362940265904,1.2946531684901004,3.06392442001969,3.186474739508485,39.61474036850921,40.13377926421405,-0.2543494701385498,-0.041430115699768066,0.001,2.5
168,54.34103403778332,54.20314212148405,1.830253771170264e-06,1.8554712504582704e-06,17.974457694457804,17.974394374069163,3.017200358149594,3.180561311268886,1.8130109318137368,1.2953495161987867,3.017200358149594,3.180561311268886,39.698492462311556,40.13377926421405,-0.23928582668304443,-0.03904008865356445,0.001,2.5
169,53.35606990028266,54.324967145122415,1.8309296853142006e-06,1.856113997436171e-06,17.9743858893313,17.974275850532045,2.9547316157438446,3.1891244175442086,1.8034241818503118,1.2940255391557878,2.9547316157438446,3.1891244175442086,39.19597989949749,40.13377926421405,-0.19062912464141846,-0.042524099349975586,0.001,2.5
170,53.42949175555103,54.205439079565345,1.8312966696636796e-06,1.856457685674204e-06,17.974302601774333,17.974244242129117,2.961748317258442,3.1807884021746275,1.7970582380566364,1.2951278602797849,2.961748317258442,3.1807884021746275,40.36850921273032,40.13377926421405,-0.18324196338653564,-0.039130449295043945,0.001,2.5
171,54.0843846881809,54.283635448851314,1.8318998750763414e-06,1.8566732663364071e-06,17.974263697613026,17.97416549861232,3.005640156904058,3.1852671095360083,1.796361537834308,1.297330505074466,3.005640156904058,3.1852671095360083,39.698492462311556,40.13377926421405,-0.21631324291229248,-0.04093635082244873,0.001,2.5
172,53.213276248082046,54.42752774343842,1.8314040578316448e-06,1.856010786897579e-06,17.974157077782916,17.974022728144924,2.953312758424973,3.1946940063234157,1.7791219536383547,1.29782869425107,2.953312758424973,3.1946940063234157,40.117252931323286,40.13377926421405,-0.18017959594726562,-0.04487013816833496,0.001,2.5
173,54.12755380882889,54.48003446138822,1.8308861813413959e-06,1.8555995203895505e-06,17.973964509053445,17.973773152533184,3.0065661542978717,3.1975210566185788,1.802217376891093,1.2998488304208353,3.0065661542978717,3.1975210566185788,38.860971524288104,40.13377926421405,-0.22051894664764404,-0.04608511924743652,0.001,2.5
174,53.7148833155033,54.22810631691413,1.8308667285141817e-06,1.8559140565087371e-06,17.973784882818634,17.97365735924762,2.9842184173002515,3.1813921832719374,1.7867262359440226,1.2978501144460213,2.9842184173002515,3.1813921832719374,40.45226130653266,40.13377926421405,-0.22903692722320557,-0.039371609687805176,0.001,2.5
175,54.210340822561704,54.295180980975815,1.8310403328857077e-06,1.8558982867375182e-06,17.973690304524535,17.97362138754548,3.006614030505744,3.186404983335514,1.8186310715411775,1.2962263264384954,3.006614030505744,3.186404983335514,41.45728643216081,40.13377926421405,-0.21857106685638428,-0.04140150547027588,0.001,2.5
176,54.30861528355073,54.313527340075645,1.8310439819094672e-06,1.8560085781790497e-06,17.973592496197828,17.97344155455114,3.0174698434283385,3.186596838526901,1.8057186000510876,1.2993201691171397,3.0174698434283385,3.186596838526901,41.45728643216081,40.13377926421405,-0.24326682090759277,-0.041480302810668945,0.001,2.5
177,54.270331812464015,54.17154682121149,1.831362348854037e-06,1.8564836709112058e-06,17.973345071227108,17.97314210719488,3.015069170014143,3.177222196872418,1.8052639022744081,1.2990475817268907,3.015069170014143,3.177222196872418,40.03350083752093,40.13377926421405,-0.20810139179229736,-0.03769266605377197,0.001,2.5
178,53.33280201693076,54.16167841627446,1.8317643676021254e-06,1.8569826701982843e-06,17.973154224542718,17.97304375434799,2.951598571572871,3.177097497576455,1.808169648076222,1.2974488531865405,2.951598571572871,3.177097497576455,40.45226130653266,40.13377926421405,-0.19229674339294434,-0.03764140605926514,0.001,2.5
179,53.88633117803577,53.97329197759213,1.8323125150696123e-06,1.8573691856749139e-06,17.97305572292513,17.972881648851477,2.9805769940317175,3.1654459481255266,1.83194041172264,1.2947254440058833,2.9805769940317175,3.1654459481255266,38.274706867671696,40.13377926421405,-0.20425176620483398,-0.032903075218200684,0.001,2.5
180,54.299027626638235,54.17420252669216,1.8325860008500703e-06,1.857456496405837e-06,17.97287042895753,17.972654125762226,3.0120906722006486,3.1773738877031716,1.8199384907382217,1.2991237895544556,3.0120906722006486,3.1773738877031716,40.20100502512563,40.13377926421405,-0.23859119415283203,-0.03775513172149658,0.001,2.5
181,53.8403016478572,54.11351296415297,1.832595428669102e-06,1.8574058574746616e-06,17.972643959262662,17.972445133936446,2.9932336324024043,3.1739431934611853,1.7847642810700128,1.297278205287895,2.9932336324024043,3.1739431934611853,40.95477386934673,40.13377926421405,-0.2242424488067627,-0.036347031593322754,0.001,2.5
182,53.742776573602875,54.207314545494256,1.8323479882194347e-06,1.8569195907331844e-06,17.97243079947467,17.972278103780585,2.9826897476586067,3.1785161439391683,1.7968911519601716,1.3023192926394103,2.9826897476586067,3.1785161439391683,38.107202680067005,40.13377926421405,-0.19513773918151855,-0.03821694850921631,0.001,2.5
183,54.55483745530223,54.36475520309397,1.8318746817303278e-06,1.8566033333420432e-06,17.972116783436018,17.97173811360745,3.0402698137452653,3.1902938471191304,1.7865631638260144,1.2984742221226262,3.0402698137452653,3.1902938471191304,40.619765494137354,40.13377926421405,-0.22508633136749268,-0.04301154613494873,0.001,2.5
184,54.90863861390694,54.25106417295526,1.8316702718439534e-06,1.8565210575312042e-06,17.9717003712103,17.971446850626762,3.0671641279504924,3.1833063375989727,1.7766401318449472,1.2966990450951568,3.0671641279504924,3.1833063375989727,41.541038525963145,40.13377926421405,-0.23627793788909912,-0.040140748023986816,0.001,2.5
185,54.036576755082784,54.277305947498334,1.8317181892273961e-06,1.8566606147784193e-06,17.971507010148397,17.971415242223834,3.0083476937995286,3.1835984816918006,1.7786772127327208,1.301071008710957,3.0083476937995286,3.1835984816918006,43.04857621440536,40.13377926421405,-0.22202205657958984,-0.04025876522064209,0.001,2.5
186,54.2610746987501,54.38727545339527,1.8316718366090212e-06,1.856428338500683e-06,17.971457891927493,17.97135666939726,3.0126550305428816,3.1922882193307016,1.810654905772888,1.2969952614411064,3.0126550305428816,3.1922882193307016,41.45728643216081,40.13377926421405,-0.231878399848938,-0.04384911060333252,0.001,2.5
187,54.40446856832584,54.25611356907465,1.8315183140557063e-06,1.8563927222014757e-06,17.97130470020288,17.970567039821457,3.0319107968603545,3.1827053848317632,1.7815664084113423,1.2995123241258704,3.0319107968603545,3.1827053848317632,42.629815745393635,40.13377926421405,-0.24386346340179443,-0.03989851474761963,0.001,2.5
188,53.45078676310017,54.287238845059704,1.8314935244217464e-06,1.856350317391229e-06,17.970235492316522,17.96975730334636,2.9580113963665475,3.1855773487218646,1.812528920133709,1.2971216611638914,2.9580113963665475,3.1855773487218646,42.29480737018426,40.13377926421405,-0.187422513961792,-0.04106295108795166,0.001,2.5
189,54.06505955323902,54.377656381664465,1.8314573523930388e-06,1.8562641762279073e-06,17.969723792531383,17.969469848683847,3.0129999946709254,3.191285018538153,1.7704178268585973,1.2980818533179752,3.0129999946709254,3.191285018538153,40.619765494137354,40.13377926421405,-0.22943031787872314,-0.0434267520904541,0.001,2.5
190,53.865926643512154,54.37828996588155,1.831302677356069e-06,1.8560544422630408e-06,17.969523658305157,17.969371495836953,2.991088752570863,3.1911145301168182,1.7963248493284036,1.2987203446519016,2.991088752570863,3.1911145301168182,39.86599664991625,40.13377926421405,-0.2050151824951172,-0.04335522651672363,0.001,2.5
191,54.41815025802433,54.37575689207351,1.8311132213831045e-06,1.855917077384743e-06,17.96946584679174,17.969348875575243,3.0274155215801706,3.1917070656715825,1.7977892909217719,1.296436035114786,3.0274155215801706,3.1917070656715825,40.28475711892797,40.13377926421405,-0.2325131893157959,-0.043604254722595215,0.001,2.5
192,53.89490862387908,54.188854536483916,1.831050274866317e-06,1.8558741364593084e-06,17.969453891517727,17.969341520481684,2.9957347978499267,3.1791329678883122,1.7881830994607615,1.2967779831742763,2.9957347978499267,3.1791329678883122,39.61474036850921,40.13377926421405,-0.1960846185684204,-0.038466453552246094,0.001,2.5
193,54.37267789089899,54.19756818535336,1.8309719764369726e-06,1.8558418820966197e-06,17.969449246149367,17.969337163561562,3.0371832851588825,3.17917052240276,1.759391328597588,1.2984080725290306,3.0371832851588825,3.17917052240276,41.038525963149084,40.13377926421405,-0.24671399593353271,-0.038481712341308594,0.001,2.5
194,53.7261821293152,54.192471226720905,1.8309859104061566e-06,1.8559076577268242e-06,17.969442472985044,17.969333074563323,2.9825806537864596,3.1785259924604743,1.7939003080978266,1.299322182518184,2.9825806537864596,3.1785259924604743,42.04355108877722,40.13377926421405,-0.2014702558517456,-0.038220763206481934,0.001,2.5
195,54.77144009384079,54.340938312951536,1.8310266897034603e-06,1.8558384228228753e-06,17.969438246147117,17.969328443342228,3.0486979524494218,3.188735868619836,1.8045998490236113,1.2983855359929062,3.0486979524494218,3.188735868619836,40.117252931323286,40.13377926421405,-0.253082275390625,-0.04236292839050293,0.001,2.5
196,54.44379970735841,54.37801273052509,1.8309587455361383e-06,1.8558474204326673e-06,17.96943634838315,17.969327352517425,3.0161904885341575,3.1910764317847415,1.8365943064442032,1.2987787576024747,3.0161904885341575,3.1910764317847415,40.03350083752093,40.13377926421405,-0.22030699253082275,-0.04333925247192383,0.001,2.5
197,54.4281737361122,54.309271056516515,1.8309439032148336e-06,1.855735358670345e-06,17.96943459438918,17.969327352517425,3.019919534823803,3.1861510396402415,1.822281810706185,1.2998065816917548,3.019919534823803,3.1861510396402415,39.11222780569514,40.13377926421405,-0.24383080005645752,-0.0412975549697876,0.001,2.5
198,53.410504198952935,54.2790430636709,1.830829140255973e-06,1.8557255492833004e-06,17.969432677455885,17.969323812121132,2.967947965890319,3.1840498694608046,1.774662815945432,1.300064653855901,2.967947965890319,3.1840498694608046,41.87604690117253,40.13377926421405,-0.20897376537322998,-0.04044139385223389,0.001,2.5
199,54.09715182178184,54.216383969106005,1.830918301967302e-06,1.8558627841251483e-06,17.969431492152125,17.969323812121132,3.0113514268418253,3.1810390064150194,1.7817818990704202,1.2965656084360486,3.0113514268418253,3.1810390064150194,41.37353433835846,40.13377926421405,-0.21899497509002686,-0.03923046588897705,0.001,2.5
200,53.31911327930751,54.22976958871286,1.8309628555914458e-06,1.855811820483072e-06,17.96943162314257,17.96932353782016,2.965824872804447,3.183013852224701,1.7627537707787262,1.293318326656635,2.965824872804447,3.183013852224701,42.88107202680067,40.13377926421405,-0.1979076862335205,-0.04002273082733154,0.001,2.5
201,53.56143699658776,54.3930826474193,1.8309463252967247e-06,1.8557940366677746e-06,17.969430642311696,17.96932272129633,2.9746663310819335,3.193091420425619,1.784694217157923,1.2957480938538262,2.9746663310819335,3.193091420425619,42.04355108877722,40.13377926421405,-0.21225881576538086,-0.044188618659973145,0.001,2.5
202,52.09810863986886,54.32046878776423,1.8309000016237424e-06,1.8557643811329648e-06,17.969428271704185,17.969319997423867,2.883465919063319,3.1867119173541116,1.7656297358236521,1.3003640768918705,2.883465919063319,3.1867119173541116,41.37353433835846,40.13377926421405,-0.16035592555999756,-0.041527509689331055,0.001,2.5
203,53.62857895919825,54.44129629996309,1.830923852055887e-06,1.8558245370592845e-06,17.969426028892222,17.96931673132855,2.9833902549903395,3.1947131236660042,1.771950907443636,1.3005258510742699,2.9833902549903395,3.1947131236660042,41.45728643216081,40.13377926421405,-0.21852385997772217,-0.044878244400024414,0.001,2.5
204,53.335161461502665,54.19767192215425,1.8309476000365768e-06,1.855813087387899e-06,17.969420910680313,17.969313733155115,2.971403073625549,3.179140362851197,1.7492288383007848,1.2985193051622066,2.971403073625549,3.179140362851197,40.95477386934673,40.13377926421405,-0.19709765911102295,-0.03846931457519531,0.001,2.5
205,54.62973335560043,54.27366875485831,1.8309710452332263e-06,1.8559146899611509e-06,17.96941873496102,17.969311825806482,3.043265083926407,3.1838162017107807,1.792557056625085,1.2996909793802727,3.043265083926407,3.1838162017107807,41.70854271356784,40.13377926421405,-0.22051072120666504,-0.04034698009490967,0.001,2.5
206,53.49075119299705,54.230823886833065,1.831065570601961e-06,1.8559411786141164e-06,17.969415338794192,17.969308011109216,2.969147999282658,3.18043703139825,1.7871119343056352,1.301259700271198,2.969147999282658,3.18043703139825,39.27973199329983,40.13377926421405,-0.2193385362625122,-0.03899061679840088,0.001,2.5
207,52.72084577039658,54.25421226782145,1.8310386767141371e-06,1.8558572461693242e-06,17.96941273815468,17.969305287236754,2.91511381091784,3.18274143866472,1.7952335839295508,1.2990239707123874,2.91511381091784,3.18274143866472,42.96482412060301,40.13377926421405,-0.1762399673461914,-0.039913058280944824,0.001,2.5
208,53.176743748599364,54.25495493451887,1.830946755288148e-06,1.8557580796882773e-06,17.96941134837804,17.969304470712924,2.9576252337476516,3.1818393791798365,1.7588787118793532,1.3018783594054921,2.9576252337476516,3.1818393791798365,40.36850921273032,40.13377926421405,-0.20524835586547852,-0.0395505428314209,0.001,2.5
209,54.47431838452516,54.242495827052906,1.8308415530686084e-06,1.8556804323385606e-06,17.969410789272494,17.969303105587144,3.030480034586972,3.1818844977031184,1.7998294658596992,1.299251597461892,3.030480034586972,3.1818844977031184,40.871021775544385,40.13377926421405,-0.24271416664123535,-0.03956866264343262,0.001,2.5
210,54.196067988972366,54.196711077737966,1.8307736075682748e-06,1.8555900357134068e-06,17.969407092786113,17.969299558811763,3.0060745311941535,3.1797901411917695,1.817395724243854,1.2963774036802975,3.0060745311941535,3.1797901411917695,40.7035175879397,40.13377926421405,-0.21520566940307617,-0.03873312473297119,0.001,2.5
211,53.692096250141084,54.27111229529748,1.8306738619360854e-06,1.8554678885217516e-06,17.969402108759535,17.969295476192613,2.970662383378251,3.1835018727292983,1.8228380905723252,1.3001227043942862,2.970662383378251,3.1835018727292983,38.94472361809046,40.13377926421405,-0.1931520700454712,-0.040219664573669434,0.001,2.5
212,54.67582888579249,54.296109100647996,1.8305839781133853e-06,1.8554568122298798e-06,17.96940105764111,17.96929520189164,3.0417575277076097,3.18500600929643,1.8062988984924264,1.3006095060935388,3.0417575277076097,3.18500600929643,41.70854271356784,40.13377926421405,-0.23413968086242676,-0.04082989692687988,0.001,2.5
213,53.174862374412754,54.34993988853633,1.830592383893459e-06,1.8554854936319864e-06,17.969399814829355,17.969293294543007,2.952269102460775,3.1887720245182716,1.7745710643292272,1.3000773119687237,2.952269102460775,3.1887720245182716,41.038525963149084,40.13377926421405,-0.20072460174560547,-0.04237771034240723,0.001,2.5
214,52.55866033787304,54.43049307730684,1.830603700018492e-06,1.8554790134822362e-06,17.969394025690793,17.96928675597328,2.9087009913158575,3.194942293358487,1.7820350169336776,1.2976776118262556,2.9087009913158575,3.194942293358487,39.27973199329983,40.13377926421405,-0.16874992847442627,-0.044976115226745605,0.001,2.5
215,53.36818201138546,54.43313064064868,1.8306136341914625e-06,1.855495839134219e-06,17.969378552844177,17.969165514942794,2.957824468612671,3.1936910782370678,1.7965688354006564,1.3019586075907168,2.957824468612671,3.1936910782370678,41.79229480737018,40.13377926421405,-0.18337726593017578,-0.04444313049316406,0.001,2.5
216,53.866183435896936,54.33291402708328,1.830615637326883e-06,1.8554622528484783e-06,17.96920611191435,17.968958979067594,2.998294059155974,3.1865398612708153,1.7747600755499835,1.3033693339115002,2.998294059155974,3.1865398612708153,41.20603015075377,40.13377926421405,-0.23291528224945068,-0.04145693778991699,0.001,2.5
217,54.2774321206251,54.38846269180145,1.8305548474322685e-06,1.855351588027433e-06,17.968905543162794,17.968740718420534,3.020415718631329,3.190234450592245,1.790644904676594,1.303394838719065,3.020415718631329,3.190234450592245,41.37353433835846,40.13377926421405,-0.23223090171813965,-0.04298675060272217,0.001,2.5
218,54.14547875179118,54.238341290017836,1.8303893110176163e-06,1.8551377613364086e-06,17.968826105446873,17.968712382492015,2.9999599141291835,3.180720690500776,1.8256216240887666,1.3019117814641334,2.9999599141291835,3.180720690500776,40.03350083752093,40.13377926421405,-0.21291851997375488,-0.03910350799560547,0.001,2.5
219,53.59794010948296,54.4391098787952,1.8302155851516138e-06,1.855020859708677e-06,17.968810204485152,17.968705295320337,2.9788338143621855,3.19432198483011,1.7794923624600996,1.3012617587245827,2.9788338143621855,3.19432198483011,41.541038525963145,40.13377926421405,-0.20796406269073486,-0.04471147060394287,0.001,2.5
220,53.90469771853244,54.382436375952885,1.83016321627149e-06,1.8550906953658152e-06,17.968803817902376,17.968702571447878,3.0013270430029735,3.1911371232673873,1.7733643298572432,1.299481813325531,3.0013270430029735,3.1911371232673873,41.959798994974875,40.13377926421405,-0.2163461446762085,-0.043364763259887695,0.001,2.5
221,54.04101028314587,54.295480721770325,1.830277685967821e-06,1.855194799049497e-06,17.968801345058424,17.968699847575415,2.994814080009908,3.1845929247878466,1.8201656431408983,1.301723216688354,2.994814080009908,3.1845929247878466,43.551088777219434,40.13377926421405,-0.2088472843170166,-0.04066181182861328,0.001,2.5
222,53.80366507167592,54.150439169893296,1.8303623921834343e-06,1.8552724950678265e-06,17.96879982109645,17.968698482449636,2.9873199051548687,3.175833873525511,1.7951789926643946,1.2989921793092454,2.9873199051548687,3.175833873525511,38.60971524288107,40.13377926421405,-0.20785856246948242,-0.03712356090545654,0.001,2.5
223,53.775039021094244,54.15481770237951,1.8304137251231944e-06,1.8552838474019866e-06,17.968797396175827,17.968695758577173,2.9739162498582745,3.1771596594399036,1.8296647335416707,1.2958900075293704,2.9739162498582745,3.1771596594399036,37.018425460636514,40.13377926421405,-0.21297597885131836,-0.037666916847229004,0.001,2.5
224,53.47066607067932,54.11475095461842,1.8304373620830695e-06,1.8553435812801797e-06,17.968794878603426,17.968694942053347,2.9706615443205715,3.173674276441236,1.778554307955194,1.2983328957222775,2.9706615443205715,3.173674276441236,40.7035175879397,40.13377926421405,-0.18963730335235596,-0.03623557090759277,0.001,2.5
225,53.70922758271746,54.17662260125712,1.8304759790452937e-06,1.8553185705561045e-06,17.96879319489701,17.968694125529517,2.98496799932253,3.1777812031200496,1.783347227066206,1.2983865123927394,2.98496799932253,3.1777812031200496,42.211055276381906,40.13377926421405,-0.21060097217559814,-0.037920475006103516,0.001,2.5
226,53.12465244721328,54.36390225464684,1.8304351963202463e-06,1.855268613365732e-06,17.968793188507235,17.968694125529517,2.936342862383205,3.1889223733474577,1.8123077355836903,1.3024190002460543,2.936342862383205,3.1889223733474577,39.7822445561139,40.13377926421405,-0.19261455535888672,-0.04244029521942139,0.001,2.5
227,54.05707310432166,54.33911831961029,1.830375216515762e-06,1.8552441874254574e-06,17.96878638019913,17.968641536291628,2.9982329684885305,3.1881886900069323,1.813121577603134,1.2996634069493782,2.9982329684885305,3.1881886900069323,39.36348408710218,40.13377926421405,-0.2165764570236206,-0.04213607311248779,0.001,2.5
228,53.896673601875754,54.49079188216091,1.830393740614823e-06,1.8552350765090511e-06,17.9687280575035,17.96862573527971,2.974212723960429,3.1981673320400277,1.8531026628548575,1.3000619746370858,2.974212723960429,3.1981673320400277,40.95477386934673,40.13377926421405,-0.21021771430969238,-0.04636514186859131,0.001,2.5
229,54.26369234145786,54.297335557714355,1.8303306925987314e-06,1.8551265063394741e-06,17.968721862614053,17.968620555456667,3.017641337073628,3.185327801018654,1.7962202502654825,1.2998896231220718,3.017641337073628,3.185327801018654,39.698492462311556,40.13377926421405,-0.24082231521606445,-0.04096102714538574,0.001,2.5
230,53.807213698599604,54.20632217560325,1.8301875260213109e-06,1.8549961090575015e-06,17.96871970925898,17.968619738932837,2.9846884429554645,3.1789277118185293,1.8037832649908274,1.3008869970123904,2.9846884429554645,3.1789277118185293,40.53601340033501,40.13377926421405,-0.2072734832763672,-0.03838324546813965,0.001,2.5
231,53.086565346773746,54.16911374605619,1.8301281872049264e-06,1.8550121548710087e-06,17.968718507980782,17.968618916029914,2.951264422143524,3.1768197782063563,1.759925599473605,1.2997693397528352,2.951264422143524,3.1768197782063563,40.20100502512563,40.13377926421405,-0.20309805870056152,-0.03752708435058594,0.001,2.5
232,54.232413823880144,54.1508179986756,1.8301672722446167e-06,1.8550547220367059e-06,17.96871678913059,17.96861619215745,3.0145574969861975,3.17596317374188,1.7992160288333094,1.298679968983832,3.0145574969861975,3.17596317374188,40.20100502512563,40.13377926421405,-0.23732388019561768,-0.03717637062072754,0.001,2.5
233,54.562718313143684,54.16080898425252,1.8302246330623687e-06,1.855153303733952e-06,17.968714175711526,17.96861537563362,3.0243694610531806,3.1775326330127527,1.8358410836464196,1.2959697043217944,3.0243694610531806,3.1775326330127527,40.7035175879397,40.13377926421405,-0.22761189937591553,-0.03782057762145996,0.001,2.5
234,54.17317714084133,54.204705611519195,1.8302651318559671e-06,1.85510050475286e-06,17.968714095839303,17.9686145527307,3.0091120577737116,3.1792186757792598,1.8037051251984921,1.2996908398376261,3.0091120577737116,3.1792186757792598,40.28475711892797,40.13377926421405,-0.243888258934021,-0.03850114345550537,0.001,2.5
235,53.354140353562244,54.224147273545285,1.8302417104630943e-06,1.8550867649951077e-06,17.96871235781978,17.968612645382066,2.954037041720034,3.1805155795553457,1.8051226752087899,1.2996882391613862,2.954037041720034,3.1805155795553457,42.29480737018426,40.13377926421405,-0.17453038692474365,-0.039021849632263184,0.001,2.5
236,53.79701747926236,54.362978447241126,1.8301898525072346e-06,1.855066399081767e-06,17.968709712451826,17.968611554557263,2.988158891348783,3.1894197312485812,1.7913325130440283,1.300741998646969,2.988158891348783,3.1894197312485812,40.53601340033501,40.13377926421405,-0.23368430137634277,-0.04264688491821289,0.001,2.5
237,54.12611886923836,54.38274211309427,1.830224290668844e-06,1.85510169028985e-06,17.968706900949655,17.968610738033433,3.007287903247367,3.192378115095821,1.7997658188818288,1.2958198690095475,3.007287903247367,3.192378115095821,39.44723618090452,40.13377926421405,-0.21580791473388672,-0.04388701915740967,0.001,2.5
238,53.49541215241654,54.30289066276423,1.8302317022127705e-06,1.8551055069737197e-06,17.96870694248321,17.968610738033433,2.9827354157989348,3.1854150048067735,1.747281968493757,1.300738829035424,2.9827354157989348,3.1854150048067735,41.12227805695142,40.13377926421405,-0.20565056800842285,-0.040996551513671875,0.001,2.5
239,53.68119440126659,54.30383046893372,1.8302538703844054e-06,1.8551680989922444e-06,17.96870516612502,17.96860093336839,2.985262298504112,3.1860970613549786,1.776857676418183,1.2988809371074306,2.985262298504112,3.1860970613549786,40.619765494137354,40.13377926421405,-0.21373391151428223,-0.04127538204193115,0.001,2.5
240,54.01422618821238,54.24526740236825,1.8302926526400555e-06,1.8550899645761762e-06,17.96869553353519,17.968592487450028,2.991578867687053,3.181717178095942,1.8245143135588373,1.300307683721434,2.991578867687053,3.181717178095942,37.85594639865997,40.13377926421405,-0.21642708778381348,-0.03950166702270508,0.001,2.5
241,54.43121822235772,54.1496795730846,1.8302000009141957e-06,1.8550211684501895e-06,17.96866322362443,17.968548618431473,3.032209151154587,3.175954619378948,1.7860218687872191,1.2984778422575731,3.032209151154587,3.175954619378948,40.53601340033501,40.13377926421405,-0.2529642581939697,-0.037172675132751465,0.001,2.5
242,53.766043147050354,54.13102052363265,1.8301693149895216e-06,1.855062306355609e-06,17.968642236399692,17.968525455946907,2.9987825189203874,3.1748707342307303,1.753266960532222,1.2979979255925054,2.9987825189203874,3.1748707342307303,40.20100502512563,40.13377926421405,-0.22281122207641602,-0.03673100471496582,0.001,2.5
243,53.31579794316635,54.33870908807353,1.830190164622355e-06,1.8550424115392314e-06,17.968622821060258,17.96852164124964,2.954750893703058,3.187267104120159,1.7953127183307156,1.3023462395205545,2.954750893703058,3.187267104120159,40.95477386934673,40.13377926421405,-0.19097840785980225,-0.04175567626953125,0.001,2.5
244,53.013624073073295,54.26321305239878,1.8301306502293137e-06,1.8549604764086818e-06,17.96861876994122,17.968517010028545,2.9365121715232556,3.182392248740563,1.7895941564585496,1.3018717993063273,2.9365121715232556,3.182392248740563,39.36348408710218,40.13377926421405,-0.18401265144348145,-0.03977251052856445,0.001,2.5
245,53.94496155424134,54.1458054609522,1.8300827867376214e-06,1.8549339390871034e-06,17.96859443766787,17.968490039225806,2.9965684617584074,3.1756009353841828,1.7956927962838305,1.2987638225523523,2.9965684617584074,3.1756009353841828,39.7822445561139,40.13377926421405,-0.21828103065490723,-0.03702831268310547,0.001,2.5
246,53.50146048592163,54.285598805915555,1.8300510071722286e-06,1.8549140115715015e-06,17.968582469614308,17.968454890426585,2.9564378177700332,3.184994116276004,1.8273845373885316,1.2985428779021553,2.9564378177700332,3.184994116276004,39.27973199329983,40.13377926421405,-0.2106252908706665,-0.0408250093460083,0.001,2.5
247,53.817629732678284,54.332464581747914,1.8300317160202658e-06,1.854872288882281e-06,17.968537881745764,17.96841319029945,2.982854925807397,3.1878652285572677,1.8113670880271362,1.299303400875334,2.982854925807397,3.1878652285572677,40.45226130653266,40.13377926421405,-0.22061526775360107,-0.04200243949890137,0.001,2.5
248,53.698669970335075,54.3108550361965,1.8299662320208778e-06,1.854814341674491e-06,17.968509431260713,17.968386761719568,2.973728856449351,3.187389203138575,1.8149530955495148,1.2964089626452595,2.973728856449351,3.187389203138575,39.86599664991625,40.13377926421405,-0.2045663595199585,-0.04180610179901123,0.001,2.5
249,53.75409386665178,54.3318310230472,1.8299625946133612e-06,1.8548163880375699e-06,17.96849042806194,17.968376408452574,2.9949359150987176,3.187358738187962,1.7624167453503887,1.300695935619316,2.9949359150987176,3.187358738187962,40.28475711892797,40.13377926421405,-0.2077312469482422,-0.0417935848236084,0.001,2.5
250,54.51641958163212,54.43706238150198,1.8298795535195388e-06,1.854665997841547e-06,17.96847449834622,17.96836005883871,3.031762269274074,3.1942671884262444,1.804402833008886,1.301016665621346,3.031762269274074,3.1942671884262444,40.53601340033501,40.13377926421405,-0.24120616912841797,-0.04468810558319092,0.001,2.5
251,53.95036959368579,54.504965919316014,1.8297762190395374e-06,1.854640272297221e-06,17.96846610537326,17.96835515969573,2.9883846050530822,3.1997048751167627,1.821325866620944,1.2982846063913709,2.9883846050530822,3.1997048751167627,41.20603015075377,40.13377926421405,-0.2265700101852417,-0.047019362449645996,0.001,2.5
252,52.856148603174155,54.362117078392004,1.8297666781049587e-06,1.8546008069951432e-06,17.968465376938607,17.96835515969573,2.921663758343388,3.1907568209147374,1.8026443066908486,1.2965586767547506,2.921663758343388,3.1907568209147374,38.94472361809046,40.13377926421405,-0.18206441402435303,-0.04320526123046875,0.001,2.5
253,53.484858131089204,54.29840854657534,1.8297254587234308e-06,1.854577095875119e-06,17.968463878535744,17.9683543431719,2.972162222742435,3.1860623024777825,1.7768907704744707,1.297900597387333,2.972162222742435,3.1860623024777825,41.289782244556115,40.13377926421405,-0.19585752487182617,-0.04126119613647461,0.001,2.5
254,53.69834227058756,54.24218024059283,1.8296679141405222e-06,1.8544654074923108e-06,17.968462370548217,17.968349979872688,2.9726410195655757,3.182556978436218,1.8181511790708482,1.2971707450904975,2.9726410195655757,3.182556978436218,39.61474036850921,40.13377926421405,-0.1939990520477295,-0.03983879089355469,0.001,2.5
255,53.919876769559465,54.36418368744611,1.8295867379297848e-06,1.8544244642613425e-06,17.968456654892094,17.968343983525816,3.003272817362493,3.1898741857662647,1.77056268012304,1.2996200307157126,3.003272817362493,3.1898741857662647,40.28475711892797,40.13377926421405,-0.21883070468902588,-0.04283618927001953,0.001,2.5
256,54.16711728656711,54.34936564263691,1.8295596755112214e-06,1.8544104971299148e-06,17.968453338597488,17.968342618400037,3.0118687947591147,3.1895841882380354,1.7942227165103957,1.297526523421042,3.0118687947591147,3.1895841882380354,41.70854271356784,40.13377926421405,-0.20790934562683105,-0.04271543025970459,0.001,2.5
257,53.84905973271509,54.37770825644401,1.829530892555675e-06,1.8543525012535118e-06,17.968439594185732,17.96829029070494,2.995287949915108,3.190571202083575,1.7803538534509478,1.3002341020864787,2.995287949915108,3.190571202083575,40.53601340033501,40.13377926421405,-0.2228076457977295,-0.04312753677368164,0.001,2.5
258,52.89351993988906,54.455432317727386,1.8294588335722903e-06,1.854267529277568e-06,17.968320658059177,17.968036874879562,2.9264591155539406,3.1954253046807635,1.795732489782362,1.3012164504233013,2.9264591155539406,3.1954253046807635,40.28475711892797,40.13377926421405,-0.18076825141906738,-0.04518282413482666,0.001,2.5
259,53.86375172932943,54.59509948424272,1.8293824447771312e-06,1.8542484785574437e-06,17.968075536603305,17.96788371287062,2.986984631124653,3.205005863438482,1.8082021672522004,1.3004081635969538,2.986984631124653,3.205005863438482,39.86599664991625,40.13377926421405,-0.21344280242919922,-0.04930722713470459,0.001,2.5
260,54.106769798189355,54.24717499340657,1.8294103306159397e-06,1.854346703224788e-06,17.967999996651756,17.967840921918683,3.0003306050995486,3.1826496004659597,1.816768003268857,1.2978918811549311,3.0003306050995486,3.1826496004659597,38.44221105527638,40.13377926421405,-0.22163259983062744,-0.03987598419189453,0.001,2.5
261,53.44245237161965,54.19505931382195,1.8295278888999106e-06,1.8544431089027288e-06,17.967949169165326,17.967803585090763,2.963786718633706,3.1788370968107396,1.79353615307129,1.2989065316209825,2.963786718633706,3.1788370968107396,39.53098827470687,40.13377926421405,-0.22819983959197998,-0.03834664821624756,0.001,2.5
262,54.41596786780174,54.20013412424553,1.8295961632732236e-06,1.854473203215501e-06,17.967933996638262,17.967794322648576,3.015184438807681,3.1797998190723535,1.8340460119934339,1.29703340442683,3.015184438807681,3.1797998190723535,41.12227805695142,40.13377926421405,-0.2223958969116211,-0.03873705863952637,0.001,2.5
263,53.738430419359574,54.285862236916024,1.8295906417491704e-06,1.8544205502402471e-06,17.967929364049454,17.967792957522796,2.9894228532685707,3.1851933321426547,1.77582332596707,1.2979980699194713,2.9894228532685707,3.1851933321426547,39.61474036850921,40.13377926421405,-0.21368682384490967,-0.04090619087219238,0.001,2.5
264,54.02108645159595,54.34245272224962,1.829587097842889e-06,1.854531150423291e-06,17.967916507816796,17.967774432638418,3.0093215154842716,3.1883008041509417,1.7726585992816306,1.2999939483942395,3.0093215154842716,3.1883008041509417,39.36348408710218,40.13377926421405,-0.22632014751434326,-0.0421825647354126,0.001,2.5
265,53.762475510538124,54.44809425634684,1.829742062143354e-06,1.8547080452416683e-06,17.967910475866677,17.967771708765955,2.9844936046568393,3.1959916006362556,1.795420001100256,1.2980499032349093,2.9844936046568393,3.1959916006362556,41.12227805695142,40.13377926421405,-0.21657013893127441,-0.04542577266693115,0.001,2.5
266,53.85451369549162,54.15200257062114,1.8298840728093758e-06,1.8547630042726771e-06,17.967905939124538,17.96776816199057,3.004923734233607,3.1762042906770738,1.7525372463255073,1.2981934822522676,3.004923734233607,3.1762042906770738,42.88107202680067,40.13377926421405,-0.23073673248291016,-0.037274718284606934,0.001,2.5
267,53.24857078565026,54.219165419256406,1.8299002433814227e-06,1.854785384230096e-06,17.967902750625484,17.96776462159428,2.9597698911350574,3.180158517831145,1.7668102137008104,1.2997633944387021,2.9597698911350574,3.180158517831145,41.959798994974875,40.13377926421405,-0.22054874897003174,-0.03887975215911865,0.001,2.5
268,52.71491882988756,54.09699880797727,1.8299575232663339e-06,1.8548562263389382e-06,17.967900996631514,17.9677632564685,2.926605888746891,3.1720857157755056,1.7595719682112012,1.2995482428018066,2.926605888746891,3.1720857157755056,41.45728643216081,40.13377926421405,-0.17020928859710693,-0.03558039665222168,0.001,2.5
269,53.31489911870142,54.31503658230887,1.8299946904833395e-06,1.8548346912382195e-06,17.96789868033711,17.967762707866555,2.9606045722162704,3.1867832411890444,1.7775717628261751,1.2990631877777967,2.9606045722162704,3.1867832411890444,42.12730318257956,40.13377926421405,-0.18872475624084473,-0.041556715965270996,0.001,2.5
270,54.2332414662219,54.32422493771964,1.8299301428293133e-06,1.8546924541755117e-06,17.96789706691825,17.967757534422603,3.0169525266292707,3.187154887910671,1.7921963924139588,1.299786139890103,3.0169525266292707,3.187154887910671,41.12227805695142,40.13377926421405,-0.24193120002746582,-0.04170966148376465,0.001,2.5
271,54.05261227912839,54.25688233901825,1.8297154704682794e-06,1.8544455449949338e-06,17.967887558929085,17.967726193941555,2.9957357351504377,3.182662208742123,1.8197211338647048,1.2997954190774108,2.9957357351504377,3.182662208742123,40.28475711892797,40.13377926421405,-0.22082757949829102,-0.039881110191345215,0.001,2.5
272,53.63820262250788,54.2500079100746,1.829537166850364e-06,1.854348765937479e-06,17.967819054122746,17.967673330402693,2.9818513968482088,3.181968055042535,1.778492057343424,1.300503239982503,2.9818513968482088,3.181968055042535,40.28475711892797,40.13377926421405,-0.20948588848114014,-0.039602041244506836,0.001,2.5
273,53.59233617223487,54.391969113046905,1.829431254897417e-06,1.8541869747386832e-06,17.9677954375045,17.967625098084923,2.972493940861381,3.1905843557721396,1.7973912672780865,1.3030466491163375,2.972493940861381,3.1905843557721396,40.20100502512563,40.13377926421405,-0.19808340072631836,-0.04313302040100098,0.001,2.5
274,53.93025638190546,54.37814986825388,1.8292373148642049e-06,1.8539885117401396e-06,17.967748411935776,17.967612569547416,2.9998890586833857,3.1904054844259817,1.782789918845223,1.3008197278880753,2.9998890586833857,3.1904054844259817,41.45728643216081,40.13377926421405,-0.23666644096374512,-0.043058156967163086,0.001,2.5
275,54.56443834544426,54.31920602090383,1.8290554700060311e-06,1.8538627106002889e-06,17.96772796145236,17.967578760357604,3.042143027387073,3.186003757559735,1.782864378924346,1.3022358804243463,3.042143027387073,3.186003757559735,42.79731993299832,40.13377926421405,-0.218544602394104,-0.04123711585998535,0.001,2.5
276,54.07630620090606,54.33428329927068,1.829033508070318e-06,1.8539595383263564e-06,17.967691127579016,17.967540064783,2.9954957618585585,3.187107452182068,1.8251796395734727,1.301940272484336,2.9954957618585585,3.187107452182068,38.94472361809046,40.13377926421405,-0.21443140506744385,-0.04168999195098877,0.001,2.5
277,54.60497836012337,54.310287985913334,1.829125650966646e-06,1.8540306732073223e-06,17.96767073779849,17.967532977611324,3.045702302076509,3.1861900238687775,1.7802948370650784,1.2998934501788288,3.045702302076509,3.1861900238687775,42.54606365159129,40.13377926421405,-0.2491673231124878,-0.04131340980529785,0.001,2.5
278,54.32309394465819,54.21849370082485,1.82921293922553e-06,1.8541290761995059e-06,17.96762824577702,17.96693053612342,3.020080954585243,3.179975114139825,1.8007819093451827,1.3001802382261858,3.020080954585243,3.179975114139825,41.62479061976549,40.13377926421405,-0.24131500720977783,-0.038807034492492676,0.001,2.5
279,54.14621804267717,54.14874091515174,1.8293436099627422e-06,1.8543145948679377e-06,17.96657092287712,17.9658046645863,3.021798845910946,3.1762775290371184,1.760253503294646,1.2973221783653948,3.021798845910946,3.1762775290371184,40.787269681742046,40.13377926421405,-0.25332212448120117,-0.03730475902557373,0.001,2.5
280,53.546313057393085,54.19732478470308,1.829534874832309e-06,1.854529964886301e-06,17.96571974698423,17.965201693633727,2.9682197474954117,3.1793472543607986,1.8010100485691474,1.2978295454612145,2.9682197474954117,3.1793472543607986,39.53098827470687,40.13377926421405,-0.21265709400177002,-0.03855323791503906,0.001,2.5
281,53.73597324952808,54.17416542589066,1.8297315841016923e-06,1.854682173691504e-06,17.96525609193735,17.964958873480857,2.9942219101603906,3.1788957118988037,1.760935437739195,1.2945523134442078,2.9942219101603906,3.1788957118988037,42.3785594639866,40.13377926421405,-0.222955584526062,-0.038370370864868164,0.001,2.5
282,53.9251535629707,54.33758738846284,1.8298453415890232e-06,1.8547079479044427e-06,17.965140024820965,17.964938154188687,3.0180717600849607,3.1891866766888164,1.727222067826557,1.2963641929785943,3.0180717600849607,3.1891866766888164,41.37353433835846,40.13377926421405,-0.22280490398406982,-0.042550086975097656,0.001,2.5
283,54.079322648807185,54.33162372806,1.8298366781568704e-06,1.854685941706761e-06,17.965122702133716,17.96493106701701,3.013079521045014,3.189007157864778,1.7730324589826754,1.2957097383645864,3.013079521045014,3.189007157864778,40.36850921273032,40.13377926421405,-0.22465014457702637,-0.042475342750549316,0.001,2.5
284,53.673762834251825,54.21986290922133,1.8298271802595198e-06,1.8546732087809362e-06,17.965119587117105,17.964927800921693,2.977574221852237,3.1803760672094032,1.7984363789135087,1.299251010186696,2.977574221852237,3.1803760672094032,41.70854271356784,40.13377926421405,-0.22030436992645264,-0.03896629810333252,0.001,2.5
285,53.479145574010595,54.276244504794626,1.8298152442841404e-06,1.8547039365461216e-06,17.96511697689293,17.964925619272087,2.977508365608739,3.1846968944256124,1.759710620995143,1.2975646915244419,2.977508365608739,3.1846968944256124,41.12227805695142,40.13377926421405,-0.20073437690734863,-0.04070413112640381,0.001,2.5
286,54.29515365140522,54.23277837695884,1.8298784956797002e-06,1.8547935206335758e-06,17.96510966379239,17.964917173353726,3.0140820863458577,3.1813814831417937,1.8131908995022925,1.2988180635764845,3.0140820863458577,3.1813814831417937,39.698492462311556,40.13377926421405,-0.23349833488464355,-0.0393671989440918,0.001,2.5
287,53.241499883245986,54.37242356112171,1.8299440371890129e-06,1.8548501849671504e-06,17.965103823535607,17.964913090734576,2.944269862007256,3.1909950552975452,1.81189687587508,1.2979060499165769,2.944269862007256,3.1909950552975452,40.619765494137354,40.13377926421405,-0.2030714750289917,-0.043305158615112305,0.001,2.5
288,53.42787893732988,54.169576766100214,1.8299994440023399e-06,1.8549252825378245e-06,17.965100619062106,17.964908733814458,2.9706081114022975,3.177786008171413,1.7701580813981381,1.2969638906593706,2.9706081114022975,3.177786008171413,41.37353433835846,40.13377926421405,-0.21625709533691406,-0.03792238235473633,0.001,2.5
289,53.6598951445153,54.14644417395959,1.8301131152247838e-06,1.8550193007921731e-06,17.965097791585492,17.964904376894335,2.9800399979155268,3.1760449999550913,1.7882657282715866,1.297560141636775,2.9800399979155268,3.1760449999550913,40.619765494137354,40.13377926421405,-0.2016390562057495,-0.03720963001251221,0.001,2.5
290,54.22167714436849,54.24555115715716,1.8301444920302741e-06,1.8549542076632186e-06,17.96507034749042,17.964873030034195,3.010346582786522,3.182080680311324,1.80970221468352,1.2992748512472196,3.010346582786522,3.182080680311324,41.45728643216081,40.13377926421405,-0.22689926624298096,-0.03964734077453613,0.001,2.5
291,53.187550766783545,54.27208514516569,1.8300410252012742e-06,1.8548615700005346e-06,17.965049893812118,17.96485532805274,2.937976284043074,3.1849834161458603,1.8199877515310419,1.2958733792289046,2.937976284043074,3.1849834161458603,40.95477386934673,40.13377926421405,-0.20940124988555908,-0.04082071781158447,0.001,2.5
292,53.74364143000975,54.280848308550475,1.8299993493585236e-06,1.854913069757799e-06,17.965037299560343,17.96484824088106,2.983234946651874,3.1851065031262147,1.7954300907588685,1.2972567248902591,2.983234946651874,3.1851065031262147,39.698492462311556,40.13377926421405,-0.21428585052490234,-0.0408707857131958,0.001,2.5
293,53.61795855447076,54.15284956099596,1.8300614507460213e-06,1.85494465796885e-06,17.965033210102636,17.964847150056258,2.9752418347938576,3.1762500263775473,1.794272721113272,1.2982263581011209,2.9752418347938576,3.1762500263775473,41.87604690117253,40.13377926421405,-0.21125638484954834,-0.03729355335235596,0.001,2.5
294,53.8162396940554,54.316035879894244,1.83006625606204e-06,1.85491513247049e-06,17.96501200243057,17.964800550786148,2.9971641811294174,3.1863481767201502,1.7681619621800817,1.3005694533670227,2.9971641811294174,3.1863481767201502,41.541038525963145,40.13377926421405,-0.20259010791778564,-0.04137825965881348,0.001,2.5
295,53.735231881964346,54.23069130377626,1.8300682247295916e-06,1.8549719587792916e-06,17.964957896988196,17.964765389228745,2.97196153140747,3.181167409571517,1.8275682942152423,1.2990426730152755,2.97196153140747,3.181167409571517,40.03350083752093,40.13377926421405,-0.20813894271850586,-0.03928184509277344,0.001,2.5
296,53.06075700922827,54.42842320215742,1.8301527302317593e-06,1.8550590908051521e-06,17.96494147206471,17.964756675388504,2.9445517087102537,3.194705626637641,1.7749026592452721,1.297974288662939,2.9445517087102537,3.194705626637641,41.038525963149084,40.13377926421405,-0.2011958360671997,-0.04487502574920654,0.001,2.5
297,53.597749630210785,54.28796356099107,1.8301857188385805e-06,1.8550654732374532e-06,17.964937686121445,17.96475395151604,2.979406244191692,3.185938124672625,1.7777376021172733,1.2961850572987943,2.979406244191692,3.185938124672625,40.787269681742046,40.13377926421405,-0.21003222465515137,-0.04121041297912598,0.001,2.5
298,53.44415228890015,54.288771383738435,1.8302500385476406e-06,1.8551857854703161e-06,17.964935443309482,17.964749313915853,2.9665035338857066,3.1862770913037965,1.7857262962427571,1.2953295233257638,2.9665035338857066,3.1862770913037965,39.19597989949749,40.13377926421405,-0.18798613548278809,-0.041349053382873535,0.001,2.5
299,53.57933481494386,54.258381145056276,1.8303497203857083e-06,1.8552893207198093e-06,17.964926542349197,17.964741142298465,2.9751350276633923,3.1849700918165738,1.7868682649267378,1.2931725831334806,2.9751350276633923,3.1849700918165738,40.28475711892797,40.13377926421405,-0.20086026191711426,-0.040815114974975586,0.001,2.5
300,54.75522224387931,54.404048524174,1.8304892027097798e-06,1.8554023569950582e-06,17.964905286753797,17.964625616934786,3.047849485422898,3.1937898002739336,1.803902620047181,1.2958473022964885,3.047849485422898,3.1937898002739336,41.79229480737018,40.13377926421405,-0.24366414546966553,-0.04448497295379639,0.001,2.5
301,53.46828203185319,54.259590544429514,1.8305309436796637e-06,1.8553704273432705e-06,17.964766948067364,17.96455015227149,2.9566467011993254,3.1846673153714593,1.8201228176529085,1.2943227043917347,2.9566467011993254,3.1846673153714593,40.45226130653266,40.13377926421405,-0.20305490493774414,-0.04069209098815918,0.001,2.5
302,54.325308488241994,54.17659602595811,1.8305030982120607e-06,1.8553725387245744e-06,17.964723440071246,17.96452535036017,3.0289989432298157,3.176978387162837,1.7744714758503977,1.3007906707234207,3.0289989432298157,3.176978387162837,38.60971524288107,40.13377926421405,-0.2383561134338379,-0.037592291831970215,0.001,2.5
303,54.123429022043,54.41727651640723,1.830507805266089e-06,1.855378369072299e-06,17.96471287776877,17.964520993440047,3.000462704168093,3.193569013506274,1.8197040208420363,1.299154749682117,3.000462704168093,3.193569013506274,41.20603015075377,40.13377926421405,-0.21034038066864014,-0.04439127445220947,0.001,2.5
304,57.83948569880858,52.28053281139769,1.8311425466839e-06,1.8554573646946799e-06,17.964790018359622,17.964871971104856,3.2656381705298494,3.073917363399646,1.7673893206482956,1.2307609554915921,3.2656381705298494,3.073917363399646,40.787269681742046,40.13377926421405,-0.4822291135787964,-0.004620909690856934,0.001,2.5
305,54.702047114795576,53.575636490531586,1.8305877924305706e-06,1.855449373916815e-06,17.965276229321656,17.965231668988995,3.034401761826558,3.147744050392738,1.8336108427750606,1.2683015830540736,3.034401761826558,3.147744050392738,38.860971524288104,40.13377926421405,-0.22977399826049805,-0.025958657264709473,0.001,2.5
306,53.265916527216156,54.188554387427494,1.8305927706572234e-06,1.855531909800554e-06,17.965451261306328,17.965258639791738,2.951235419741428,3.1829017380806914,1.7958837020736642,1.2854121604492035,2.951235419741428,3.1829017380806914,39.61474036850921,40.13377926421405,-0.189056396484375,-0.0399775505065918,0.001,2.5
307,53.799070003643706,54.25267749646037,1.8307528657189424e-06,1.8557481239151707e-06,17.965464705398535,17.96525782326791,2.994633336362727,3.1848179369068466,1.7723205662652277,1.2924880295692878,2.994633336362727,3.1848179369068466,38.94472361809046,40.13377926421405,-0.20782077312469482,-0.04075336456298828,0.001,2.5
308,53.948485158795684,54.10917846016262,1.830911165214174e-06,1.8557858839146827e-06,17.965462270893244,17.96525619022025,2.989277626002454,3.1748039371592545,1.8182706780968798,1.2938304086991377,2.989277626002454,3.1748039371592545,39.949748743718594,40.13377926421405,-0.2379213571548462,-0.03670394420623779,0.001,2.5
309,54.61159404198728,54.09694546600648,1.8309055294319927e-06,1.8557879625967625e-06,17.965459865141952,17.96525210122201,3.0429615730815995,3.1725947569843918,1.7898405309098848,1.298011159817112,3.0429615730815995,3.1725947569843918,39.11222780569514,40.13377926421405,-0.2348693609237671,-0.03578972816467285,0.001,2.5
310,53.7523669397811,54.25311073890099,1.8309144179526584e-06,1.8558217762561786e-06,17.96545366705762,17.96524801222377,2.979468391169256,3.183411976964179,1.8084744901912695,1.2967927922373232,2.979468391169256,3.183411976964179,38.94472361809046,40.13377926421405,-0.19250178337097168,-0.040183424949645996,0.001,2.5
311,53.74560749430952,54.194287009861156,1.8309743929963875e-06,1.8558223770093678e-06,17.965449299644586,17.96524473974936,2.9696434191123924,3.1797833251315217,1.8365977429465032,1.2959138836749022,2.9696434191123924,3.1797833251315217,39.028475711892796,40.13377926421405,-0.19775819778442383,-0.03873038291931152,0.001,2.5
312,53.98341881450097,54.26002839257486,1.8308999005052987e-06,1.855701707746603e-06,17.965444395490227,17.965234112181392,2.997414516643863,3.183177900154854,1.8008467204606713,1.2988787303401474,2.997414516643863,3.183177900154854,41.62479061976549,40.13377926421405,-0.2371131181716919,-0.04008889198303223,0.001,2.5
313,53.34731991127308,54.22758972525198,1.8307518989047463e-06,1.8555097735664224e-06,17.965431440216012,17.9652248497392,2.959774387541728,3.18027867441592,1.7865473792780584,1.301088575934088,2.959774387541728,3.18027867441592,41.20603015075377,40.13377926421405,-0.1900937557220459,-0.038927555084228516,0.001,2.5
314,53.852934225520094,54.283855336166944,1.8305821275125663e-06,1.8554019509163202e-06,17.96541976609222,17.965217226723762,2.987572231085057,3.185089600923468,1.804276852751497,1.2979087243510727,2.987572231085057,3.185089600923468,41.62479061976549,40.13377926421405,-0.2278207540512085,-0.040863990783691406,0.001,2.5
315,52.806899660196734,54.26342000291499,1.8304776624483849e-06,1.8552920328543026e-06,17.96541325171389,17.96521177897884,2.9038620801826616,3.183733530267824,1.8462001470664837,1.2978896791719672,2.9038620801826616,3.183733530267824,38.44221105527638,40.13377926421405,-0.1360412836074829,-0.04031336307525635,0.001,2.5
316,54.154814133891705,54.33322832496668,1.8303991733983964e-06,1.8552745577805175e-06,17.965410750115936,17.965212053279814,3.0144015344942434,3.1880620586433537,1.7841647478004596,1.298866138809102,3.0144015344942434,3.1880620586433537,41.12227805695142,40.13377926421405,-0.2119837999343872,-0.042083740234375,0.001,2.5
317,54.130143438751375,54.291115470554516,1.830413679229513e-06,1.8553078839933587e-06,17.96519513345843,17.96463760324944,3.002429738915346,3.1859389427912275,1.8151460566512703,1.2968128349470056,3.002429738915346,3.1859389427912275,38.52596314907873,40.13377926421405,-0.23332226276397705,-0.04121065139770508,0.001,2.5
318,53.23185268638522,54.30556542897304,1.830487860557632e-06,1.8554058812870276e-06,17.964611379345456,17.964236766598297,2.958284709521474,3.185730696521874,1.767922978505018,1.3003272141102564,2.958284709521474,3.185730696521874,41.79229480737018,40.13377926421405,-0.19302356243133545,-0.04112541675567627,0.001,2.5
319,53.35046419945594,54.26329159178463,1.8305415934893782e-06,1.8554503970983545e-06,17.964421040648393,17.964185529728,2.972377955214662,3.182816476726213,1.7493654954772897,1.3006149777600597,2.972377955214662,3.182816476726213,41.87604690117253,40.13377926421405,-0.18722689151763916,-0.03994321823120117,0.001,2.5
320,53.035165234027396,54.29158090189548,1.8306206658271122e-06,1.8555382926130785e-06,17.964391436808473,17.96416917373504,2.943365075480399,3.185420286695295,1.7733444502605267,1.298461640957606,2.943365075480399,3.185420286695295,41.45728643216081,40.13377926421405,-0.17771685123443604,-0.04099869728088379,0.001,2.5
321,53.63764351696225,54.31051866665333,1.8306395732621937e-06,1.855494961958518e-06,17.96437765725294,17.964161818641482,2.968668659328416,3.1864963446971166,1.817929180023858,1.2990210706174972,2.968668659328416,3.1864963446971166,40.36850921273032,40.13377926421405,-0.20572185516357422,-0.041438937187194824,0.001,2.5
322,53.569489950311045,54.19454110187033,1.830623682241701e-06,1.8554920711189622e-06,17.964373280255238,17.964160179214733,2.979143641502214,3.178397243238213,1.7728735809549814,1.3001229707213948,2.979143641502214,3.178397243238213,40.28475711892797,40.13377926421405,-0.19715631008148193,-0.03816866874694824,0.001,2.5
323,54.0174127128256,54.1867654730245,1.83060172221029e-06,1.8554463857400337e-06,17.96437119718772,17.964156090216495,2.9975093912639013,3.1771671915532753,1.8073609554188534,1.302257881515401,2.9975093912639013,3.1771671915532753,39.949748743718594,40.13377926421405,-0.2033402919769287,-0.037670135498046875,0.001,2.5
324,53.498499117903975,54.352350828240944,1.8305639960806066e-06,1.8554209362379961e-06,17.96436901188376,17.964156090216495,2.965670899130791,3.1886687023583864,1.799093650613398,1.3008706545750035,2.965670899130791,3.1886687023583864,40.36850921273032,40.13377926421405,-0.18736886978149414,-0.042334914207458496,0.001,2.5
325,53.47124206440732,54.19951198412024,1.830536999360467e-06,1.8553814549665295e-06,17.964365887282483,17.96413729103114,2.967918092881016,3.1795029257452208,1.7869005496777481,1.2978000118580948,2.967918092881016,3.1795029257452208,41.45728643216081,40.13377926421405,-0.2105942964553833,-0.03861653804779053,0.001,2.5
326,53.49607872124293,54.21944188912178,1.8304691142265113e-06,1.8552724950678265e-06,17.96430650388376,17.96408005781397,2.9633502429054808,3.1812313727311863,1.80557148420631,1.2966008553138146,2.9633502429054808,3.1812313727311863,40.619765494137354,40.13377926421405,-0.19638001918792725,-0.039307355880737305,0.001,2.5
327,53.641071402647185,54.27759342767722,1.8303944461587654e-06,1.8552680289621548e-06,17.964274395250996,17.96405662102843,2.9783094440472984,3.1854335767369606,1.7896924797614016,1.2956245619317759,2.9783094440472984,3.1854335767369606,42.629815745393635,40.13377926421405,-0.22363066673278809,-0.041004300117492676,0.001,2.5
328,53.186111341569095,54.290129951808765,1.8303852716119183e-06,1.8552487348989662e-06,17.964255519847775,17.964045712780393,2.952497176389199,3.1851862441735923,1.7761371698810826,1.298873704014016,2.952497176389199,3.1851862441735923,43.132328308207704,40.13377926421405,-0.19276463985443115,-0.04090321063995361,0.001,2.5
329,54.09712942561113,54.230710364504404,1.8304341838027989e-06,1.855374259996529e-06,17.964234018245932,17.964014914522203,3.00835405721936,3.1828217929023563,1.7907702363715499,1.294082939824133,3.00835405721936,3.1828217929023563,40.117252931323286,40.13377926421405,-0.2016303539276123,-0.039945363998413086,0.001,2.5
330,53.36675303345749,54.1654117545954,1.830546554767742e-06,1.8554866955185885e-06,17.964208762649715,17.963988485942316,2.9816872278849282,3.1783652433184875,1.7246954600814999,1.2943931590753255,2.9816872278849282,3.1783652433184875,44.13735343383585,40.13377926421405,-0.23333454132080078,-0.03815591335296631,0.001,2.5
331,53.29609960687021,54.2522158543003,1.8306610713099059e-06,1.8555679481478882e-06,17.964164737081607,17.963925262757368,2.9529719308792446,3.1832272440294758,1.7967107954935813,1.297168008061157,2.9529719308792446,3.1832272440294758,41.20603015075377,40.13377926421405,-0.19711792469024658,-0.040108680725097656,0.001,2.5
332,53.822729011676216,54.167580594984585,1.830738859386277e-06,1.8556214779186195e-06,17.96412618755296,17.96391790766381,3.000321277222242,3.1773610051260346,1.7599885377851963,1.2978397779241453,3.000321277222242,3.1773610051260346,40.117252931323286,40.13377926421405,-0.214921236038208,-0.037749648094177246,0.001,2.5
333,53.63904254600231,54.19198664534451,1.8307384507230377e-06,1.8556190418264145e-06,17.964117414388227,17.963910546191162,2.9847843686939286,3.178858532156035,1.7698619201954087,1.2982283116981737,2.9847843686939286,3.178858532156035,41.87604690117253,40.13377926421405,-0.21415448188781738,-0.038355350494384766,0.001,2.5
334,54.718294051024984,54.27124287531926,1.8307604414137132e-06,1.8556431921046243e-06,17.96411167636788,17.963900741526114,3.0505676049882644,3.184589176273665,1.7883626350406028,1.2968875301322809,3.0505676049882644,3.184589176273665,39.7822445561139,40.13377926421405,-0.2492961883544922,-0.04066038131713867,0.001,2.5
335,53.584078323901,54.2356539187224,1.830770715885476e-06,1.8556572402236654e-06,17.964102261030494,17.963892563529637,2.987479027791239,3.1823570130262087,1.7507853164545055,1.296466031600799,2.987479027791239,3.1823570130262087,40.619765494137354,40.13377926421405,-0.19769036769866943,-0.03975832462310791,0.001,2.5
336,54.687740856279284,54.09701996104773,1.8307935642738352e-06,1.8556728316700453e-06,17.964098570933892,17.963889297434317,3.0474086474733335,3.1729851502638597,1.7917287683167449,1.296855093244725,3.0474086474733335,3.1729851502638597,40.95477386934673,40.13377926421405,-0.2631617784500122,-0.035950660705566406,0.001,2.5
337,53.88244530503674,54.275996817394244,1.8307586007152654e-06,1.8555860566740865e-06,17.964093123648436,17.963881668039786,2.9885487260930303,3.185898629319309,1.8072494807554849,1.2939099974456838,2.9885487260930303,3.185898629319309,39.36348408710218,40.13377926421405,-0.19772160053253174,-0.04119420051574707,0.001,2.5
338,54.71458557742325,54.229055972402314,1.8307477380045717e-06,1.8556940907284757e-06,17.964087759430086,17.96387539739194,3.029964096781796,3.18220802693064,1.849431323645702,1.2955933968757707,3.029964096781796,3.18220802693064,41.37353433835846,40.13377926421405,-0.22581374645233154,-0.03969848155975342,0.001,2.5
339,53.84090400580785,54.410256006247224,1.8308873825751854e-06,1.8558112683984954e-06,17.964083551761494,17.96387349004331,2.987179116388062,3.1938672918938473,1.8030500763425077,1.2968558021213696,2.987179116388062,3.1938672918938473,39.698492462311556,40.13377926421405,-0.2102266550064087,-0.0445178747177124,0.001,2.5
340,53.14471510946252,54.3581845848058,1.8309170797861888e-06,1.855738785625089e-06,17.964077526201155,17.96381707972906,2.9489191053700408,3.1904008157277186,1.7785922849997005,1.2968414435817246,2.9489191053700408,3.1904008157277186,41.038525963149084,40.13377926421405,-0.1878131628036499,-0.04305624961853027,0.001,2.5
341,53.32859124290684,54.214093032887945,1.8308481617587529e-06,1.8557007819022892e-06,17.963993743436422,17.963529593171085,2.9597245277072517,3.180582268979637,1.7829512199964155,1.2974786411559702,2.9597245277072517,3.180582268979637,41.289782244556115,40.13377926421405,-0.19641709327697754,-0.03904843330383301,0.001,2.5
342,53.4587450394878,54.511253854502804,1.8307657645094836e-06,1.8555907341840454e-06,17.963538641106943,17.9631075077631,2.9721394951020055,3.20014748764676,1.7717374287658,1.2982153505784613,2.9721394951020055,3.20014748764676,41.70854271356784,40.13377926421405,-0.2051604986190796,-0.047208309173583984,0.001,2.5
343,54.02436948102124,54.27951725988484,1.8307412740413897e-06,1.8556410643737081e-06,17.963198375861648,17.962893891095316,2.9967115448547568,3.1851033000244344,1.8111464068717893,1.2970005971532204,2.9967115448547568,3.1851033000244344,39.028475711892796,40.13377926421405,-0.22725284099578857,-0.04086959362030029,0.001,2.5
344,55.25242903564044,52.14014309784242,1.8309572967430707e-06,1.8555898410389556e-06,17.962958420541018,17.9626906532109,3.0947119454842316,3.062206606402445,1.7627574147491198,1.2378161252541686,3.0947119454842316,3.062206606402445,41.959798994974875,40.13377926421405,-0.3049046993255615,-0.002657771110534668,0.001,2.5
345,53.53705883185867,53.375784424236386,1.8307516604861182e-06,1.8556535049076326e-06,17.963073117050094,17.96300071537694,2.9710740060662504,3.1330539247264033,1.7905970991556368,1.2724021529672935,2.9710740060662504,3.1330539247264033,43.299832495812396,40.13377926421405,-0.20196175575256348,-0.020702123641967773,0.001,2.5
346,53.92534114767359,53.88951536963217,1.8308087548920012e-06,1.855725321909625e-06,17.96323360909569,17.963034786109542,2.9867888547267945,3.161612489949102,1.8211088907379203,1.2894728845577177,2.9867888547267945,3.161612489949102,41.45728643216081,40.13377926421405,-0.20792663097381592,-0.031350016593933105,0.001,2.5
347,54.2659150575673,54.083067329432254,1.8308717564431204e-06,1.8557832204488023e-06,17.96324807874721,17.963034786109542,3.015749807932868,3.1719003840035023,1.8023408513572348,1.2973196693886084,3.015749807932868,3.1719003840035023,41.45728643216081,40.13377926421405,-0.25394272804260254,-0.03550446033477783,0.001,2.5
348,54.64285643815595,54.18427744836711,1.8308918361665988e-06,1.85572644242839e-06,17.963246257660575,17.963032604459936,3.040477737509825,3.1777783747899493,1.8035454514437983,1.2999276321468545,3.040477737509825,3.1777783747899493,39.949748743718594,40.13377926421405,-0.24975526332855225,-0.03791940212249756,0.001,2.5
349,53.750223508032924,54.146930107703575,1.8308490305013888e-06,1.8557348716039936e-06,17.963243957340616,17.963029338364617,2.9800227670813326,3.1759120532900194,1.806383322431414,1.2980573364723487,2.9800227670813326,3.1759120532900194,41.289782244556115,40.13377926421405,-0.2072281837463379,-0.03715527057647705,0.001,2.5
350,53.972921476891294,54.23686431323406,1.8308829632612106e-06,1.8557900739780664e-06,17.963242641046417,17.963027698937864,2.99325170668725,3.181711998272899,1.8112365239029953,1.2986445295372138,2.99325170668725,3.181711998272899,40.03350083752093,40.13377926421405,-0.20092833042144775,-0.039499640464782715,0.001,2.5
351,52.75212796848623,54.13932670159483,1.8308953290375829e-06,1.8557460939017037e-06,17.963239663410025,17.963022525493916,2.9199805503314864,3.176175390996263,1.786891290690232,1.295746462002247,2.9199805503314864,3.176175390996263,41.289782244556115,40.13377926421405,-0.19118893146514893,-0.03726303577423096,0.001,2.5
352,53.60938221405898,54.17052073143796,1.8309078871484714e-06,1.8558334046326268e-06,17.96323629280231,17.96301871079665,2.9632394813013634,3.178175765933799,1.8285651390676323,1.2959840237894984,2.9632394813013634,3.178175765933799,40.7035175879397,40.13377926421405,-0.19314968585968018,-0.03807938098907471,0.001,2.5
353,54.601161483943564,54.13300129561919,1.8310219517997374e-06,1.855994074932434e-06,17.963231433376396,17.963018436495677,3.0320690329150737,3.175310879646735,1.8204324956315645,1.297075094985324,3.0320690329150737,3.175310879646735,40.03350083752093,40.13377926421405,-0.2310032844543457,-0.036910176277160645,0.001,2.5
354,53.17189611821518,54.3024303346972,1.8311672591936231e-06,1.8561021903546603e-06,17.963224816761624,17.9630020932609,2.9412822148308684,3.187097637948384,1.806939782609093,1.2956006514986222,2.9412822148308684,3.187097637948384,41.37353433835846,40.13377926421405,-0.1805814504623413,-0.041686058044433594,0.001,2.5
355,53.040716532287085,54.409018832305605,1.8312703794396338e-06,1.8562132125858308e-06,17.963207385448154,17.962985737267942,2.955458649438829,3.1941422953653493,1.738174707046905,1.2957843546085932,2.955458649438829,3.1941422953653493,43.71859296482412,40.13377926421405,-0.18555808067321777,-0.04463493824005127,0.001,2.5
356,54.4962758394941,54.278421472147556,1.8313600006590688e-06,1.856252953930197e-06,17.963194561164382,17.962977559271465,3.034944945244334,3.1848052600554397,1.7908275596660186,1.297675869536639,3.034944945244334,3.1848052600554397,42.29480737018426,40.13377926421405,-0.25550317764282227,-0.0407482385635376,0.001,2.5
357,53.86149092375533,54.248400098105336,1.831370440995548e-06,1.8562190592831675e-06,17.96318250684882,17.962966931703498,2.9926590899526575,3.182199541940338,1.7907282455482674,1.2994888279350307,2.9926590899526575,3.182199541940338,41.79229480737018,40.13377926421405,-0.20296525955200195,-0.039695024490356445,0.001,2.5
358,53.8797252980908,54.25513795068033,1.8313562244279265e-06,1.8562470422146355e-06,17.963176666592034,17.962963933530062,2.99475021697768,3.183307359848533,1.788101858829134,1.2975126855748154,2.99475021697768,3.183307359848533,39.36348408710218,40.13377926421405,-0.22315168380737305,-0.04014110565185547,0.001,2.5
359,53.806156586562366,54.29460709230557,1.831367927316724e-06,1.8562707210156588e-06,17.963171161798577,17.9629554876117,2.990415663775088,3.1871659971001156,1.7863916518101142,1.2938304736861417,2.990415663775088,3.1871659971001156,39.698492462311556,40.13377926421405,-0.19295239448547363,-0.04171419143676758,0.001,2.5
360,53.71691807630274,54.24832589650234,1.8313727385360793e-06,1.8562181821074665e-06,17.963149775212734,17.962934781077713,2.9718482674066746,3.1835582025075038,1.824246127002403,1.2953978246669706,2.9718482674066746,3.1835582025075038,40.117252931323286,40.13377926421405,-0.2022876739501953,-0.04024243354797363,0.001,2.5
361,53.93835024298535,54.281988214090916,1.8313458975878547e-06,1.856183767694861e-06,17.963145123454595,17.962932599428107,2.9960238254649356,3.1850314993523434,1.7960057971465528,1.2977104326554365,2.9960238254649356,3.1850314993523434,42.3785594639866,40.13377926421405,-0.19414293766021729,-0.0408402681350708,0.001,2.5
362,53.46135982596495,54.270076305172516,1.8312780575858597e-06,1.8561027424392367e-06,17.963140982878667,17.96292769390604,2.9673244937181074,3.184398343331838,1.7867058022337743,1.2972273655161013,2.9673244937181074,3.184398343331838,40.871021775544385,40.13377926421405,-0.19442474842071533,-0.04058277606964111,0.001,2.5
363,54.036073093637945,54.373238732583545,1.831175027984631e-06,1.8560332314929995e-06,17.963127800767346,17.962905890168155,3.018903896037857,3.1905431906913835,1.746910005957637,1.299425302141885,3.018903896037857,3.1905431906913835,43.969849246231156,40.13377926421405,-0.2597430944442749,-0.043115854263305664,0.001,2.5
364,53.94668331178189,54.317302538001016,1.8311751315786675e-06,1.8560531753582136e-06,17.96311112983742,17.962900984646087,2.998891838032197,3.187439432909656,1.7890685021977129,1.2975498776770755,2.998891838032197,3.187439432909656,42.96482412060301,40.13377926421405,-0.21320927143096924,-0.041826844215393066,0.001,2.5
365,54.78834428260075,54.27588935520338,1.8311693950589027e-06,1.856030291984831e-06,17.96310880076346,17.962899893821284,3.063084387100322,3.183641283009762,1.7648228193247937,1.3006612516964557,3.063084387100322,3.183641283009762,39.36348408710218,40.13377926421405,-0.2520930767059326,-0.040276169776916504,0.001,2.5
366,53.292042487829775,54.39764857212437,1.8311509077128731e-06,1.8559937175223088e-06,17.963104647407977,17.96289526260019,2.9649687400415314,3.1915576027388557,1.7599097047019843,1.3012641193874703,2.9649687400415314,3.1915576027388557,39.44723618090452,40.13377926421405,-0.18965089321136475,-0.0435413122177124,0.001,2.5
367,53.599307381328025,54.37446908089628,1.831104023603771e-06,1.8559468142873897e-06,17.963100203317612,17.962892264426753,2.976898639845089,3.190605484123613,1.7855728645021192,1.2994846480347242,2.976898639845089,3.190605484123613,41.038525963149084,40.13377926421405,-0.20873510837554932,-0.043141841888427734,0.001,2.5
368,53.748056817494046,54.41764481968704,1.8310432051446246e-06,1.855878018161403e-06,17.963098200122317,17.96287072861075,2.9707955743000536,3.1934393496816376,1.8336318026435634,1.2996180870859917,2.9707955743000536,3.1934393496816376,40.95477386934673,40.13377926421405,-0.20634472370147705,-0.04433619976043701,0.001,2.5
369,53.545641606776556,54.4596329245679,1.8309581500608593e-06,1.8557953199222136e-06,17.963036609055408,17.96279770713985,2.958472616908139,3.1968189625437042,1.8301178903835302,1.2978766642286625,2.958472616908139,3.1968189625437042,40.20100502512563,40.13377926421405,-0.1907418966293335,-0.045781731605529785,0.001,2.5
370,53.501858019549246,54.2647325649708,1.8309206374034457e-06,1.855837740701849e-06,17.962999164958294,17.96278708595097,2.982472626607821,3.183438080210351,1.7493611420418949,1.299039661286268,2.982472626607821,3.183438080210351,42.462311557788944,40.13377926421405,-0.22386908531188965,-0.040193915367126465,0.001,2.5
371,53.27492609455358,54.35215805206809,1.8309997634425e-06,1.8559235088658803e-06,17.962992078694867,17.962778646411703,2.953974102809401,3.1898604523776766,1.7894700767606546,1.2972572551523165,2.953974102809401,3.1898604523776766,39.19597989949749,40.13377926421405,-0.17205750942230225,-0.042830467224121094,0.001,2.5
372,53.80219419597581,54.406180378585354,1.83104284504109e-06,1.8559035973196668e-06,17.962980736839512,17.962768018843736,2.9839102722691933,3.193163493803911,1.8051151929788254,1.298153123728009,2.9839102722691933,3.193163493803911,41.959798994974875,40.13377926421405,-0.20563900470733643,-0.044219255447387695,0.001,2.5
373,53.73715303890669,54.41111986294239,1.8310557042221466e-06,1.855975381622435e-06,17.962797602616764,17.96234434504174,2.9767671266392846,3.1940720280675983,1.8135366651480722,1.2964155028097606,2.9767671266392846,3.1940720280675983,41.45728643216081,40.13377926421405,-0.2123110294342041,-0.04460501670837402,0.001,2.5
374,53.196864155269346,54.29372375386216,1.8311121465949768e-06,1.8559760477740726e-06,17.962458925231218,17.962209484648945,2.9622121076887376,3.1860104707571177,1.7491439459112221,1.2971204487376389,2.9622121076887376,3.1860104707571177,40.53601340033501,40.13377926421405,-0.20354735851287842,-0.04123997688293457,0.001,2.5
375,52.531293654961004,54.39173274215647,1.831057177580712e-06,1.8558935605589467e-06,17.96236588048376,17.96219068546359,2.900841808798325,3.1920345140540083,1.8001406124888153,1.298650549008296,2.900841808798325,3.1920345140540083,41.87604690117253,40.13377926421405,-0.156630277633667,-0.04374194145202637,0.001,2.5
376,53.41960903148555,54.22637566914128,1.830977560612566e-06,1.8557693833538246e-06,17.9623516792029,17.962183872592888,2.964649426877199,3.180977496813771,1.786380817143362,1.298750029359773,2.964649426877199,3.180977496813771,42.79731993299832,40.13377926421405,-0.20753180980682373,-0.03920590877532959,0.001,2.5
377,54.341023207110176,54.17031434228189,1.8308380442014863e-06,1.8556759822022774e-06,17.96233564086096,17.96215826053683,3.0313969896466686,3.1761157161814713,1.770421078456706,1.3021231495018388,3.0313969896466686,3.1761157161814713,39.19597989949749,40.13377926421405,-0.2303100824356079,-0.03723859786987305,0.001,2.5
378,53.24160795355562,54.3200422816452,1.8308011915751941e-06,1.8556671473281592e-06,17.962314404434895,17.962127468657734,2.9531482903402253,3.187613329361115,1.7852840990676753,1.2975758888251008,2.9531482903402253,3.187613329361115,41.541038525963145,40.13377926421405,-0.202875018119812,-0.041898488998413086,0.001,2.5
379,53.70665832979595,54.50409036336535,1.8307872793150544e-06,1.8556320994631402e-06,17.962287052991602,17.962116841089767,2.98729906968735,3.1991867165900394,1.7758418227759638,1.2996652309711163,2.98729906968735,3.1991867165900394,41.289782244556115,40.13377926421405,-0.20222055912017822,-0.0467987060546875,0.001,2.5
380,53.71322281676122,54.36487423695848,1.8307438221880824e-06,1.8555986759130736e-06,17.96227496992204,17.96205278224371,2.9799082478885874,3.1900777633373556,1.7993271530573092,1.2991489124138618,2.9799082478885874,3.1900777633373556,38.107202680067005,40.13377926421405,-0.21920287609100342,-0.04292118549346924,0.001,2.5
381,53.77410563432192,54.47779048804854,1.8307260849466655e-06,1.8555592919788326e-06,17.96208207531391,17.961738611942152,2.98243581629678,3.1969700952038718,1.8039209567122723,1.301054687803007,2.98243581629678,3.1969700952038718,41.541038525963145,40.13377926421405,-0.1898726224899292,-0.04584693908691406,0.001,2.5
382,54.65420762258558,54.55246803513339,1.8306696625690077e-06,1.855526225458668e-06,17.961864043320443,17.961693926399768,3.0582372898632157,3.2020341353272914,1.752537074400552,1.3007988495172864,3.0582372898632157,3.2020341353272914,40.95477386934673,40.13377926421405,-0.255185604095459,-0.04801785945892334,0.001,2.5
383,53.84297527779686,54.30210049734467,1.8306553972512513e-06,1.855546510384395e-06,17.96183860881045,17.96168330521089,2.9878866249193097,3.1853798368702764,1.8013424881339273,1.300688009198294,2.9878866249193097,3.1853798368702764,39.61474036850921,40.13377926421405,-0.2209312915802002,-0.04098224639892578,0.001,2.5
384,54.021621895794894,54.20651067778418,1.830681581405668e-06,1.8555418169050478e-06,17.96183155130102,17.96167839968882,3.022142635517983,3.1802114738668488,1.7343038068943886,1.2970749267367614,3.022142635517983,3.1802114738668488,41.79229480737018,40.13377926421405,-0.21570169925689697,-0.03890097141265869,0.001,2.5
385,53.84876265278214,54.30355352701551,1.8306638559709242e-06,1.85552213273251e-06,17.961586222177374,17.961257960086684,2.991408597284825,3.1860024968915956,1.7919341765057102,1.2991102531203458,2.991408597284825,3.1860024968915956,40.45226130653266,40.13377926421405,-0.22606003284454346,-0.04123663902282715,0.001,2.5
386,54.31599384096999,54.3046334052963,1.8306493834650952e-06,1.8555092051322338e-06,17.96129840103226,17.961124184139596,3.0165849942058776,3.1864421957711313,1.8098513932284,1.2980074292441275,3.0165849942058776,3.1864421957711313,41.45728643216081,40.13377926421405,-0.22768640518188477,-0.04141676425933838,0.001,2.5
387,53.11983148776107,54.28169611544912,1.830628368729266e-06,1.8554366573406025e-06,17.961231123063232,17.96109121698998,2.954958895742394,3.1835958240024222,1.7554970228891675,1.3019590489441735,2.954958895742394,3.1835958240024222,42.04355108877722,40.13377926421405,-0.16157591342926025,-0.04025769233703613,0.001,2.5
388,53.885934200318815,54.373232634171195,1.8305588748408632e-06,1.8554225928719491e-06,17.96121723488148,17.961080589422014,2.9909935432862196,3.1903381818114314,1.8006133264433,1.3000394560421589,2.9909935432862196,3.1903381818114314,40.20100502512563,40.13377926421405,-0.22656714916229248,-0.04302990436553955,0.001,2.5
389,53.61357858552405,54.35923929118791,1.8305199114860796e-06,1.8553590263404978e-06,17.961189346696862,17.9610533443183,2.973909847700416,3.1894086220591364,1.7973935424382963,1.300029711579798,2.973909847700416,3.1894086220591364,40.36850921273032,40.13377926421405,-0.2193516492843628,-0.04264223575592041,0.001,2.5
390,53.55927180764663,54.293792443929306,1.830497484519784e-06,1.8554132218826431e-06,17.961176848291753,17.961037804849173,2.9757736687684178,3.185860633052711,1.7809407357594476,1.2975838802331268,2.9757736687684178,3.185860633052711,41.12227805695142,40.13377926421405,-0.19404733180999756,-0.04117858409881592,0.001,2.5
391,53.98970516722406,54.45268398782481,1.8305629365268961e-06,1.8554599467927231e-06,17.961162285988454,17.961036988325343,3.0076667527657257,3.1964854484417766,1.7713480670647805,1.297488124075542,3.0076667527657257,3.1964854484417766,40.45226130653266,40.13377926421405,-0.23451638221740723,-0.045638084411621094,0.001,2.5
392,53.56386724628595,54.38371954315083,1.8305693254605738e-06,1.8553962015562092e-06,17.961158116658527,17.961029358930812,2.974426372167054,3.1911837408773875,1.7859017793057952,1.2995997348358002,2.974426372167054,3.1911837408773875,42.96482412060301,40.13377926421405,-0.21584439277648926,-0.04338419437408447,0.001,2.5
393,53.790953286329106,54.26027312007636,1.8305136206239621e-06,1.8553947399769309e-06,17.961146963301616,17.96101328361792,2.9894491088649935,3.184288546393149,1.7862505912780762,1.2955963575720388,2.9894491088649935,3.184288546393149,40.20100502512563,40.13377926421405,-0.2173750400543213,-0.04053819179534912,0.001,2.5
394,53.630851790333914,54.15428321098404,1.8305565226468606e-06,1.8554562601453034e-06,17.961131535183444,17.9610067386691,2.9723992383659783,3.1775904985574575,1.8053800931927346,1.2944923384133789,2.9723992383659783,3.1775904985574575,39.949748743718594,40.13377926421405,-0.1908174753189087,-0.03784382343292236,0.001,2.5
395,53.373243047564074,54.31196997396922,1.8305960748118655e-06,1.8554945885790041e-06,17.961124289175572,17.961002107448003,2.9578130380991516,3.186198066309543,1.7976170271085934,1.300207041976444,2.9578130380991516,3.186198066309543,42.12730318257956,40.13377926421405,-0.16368985176086426,-0.04131674766540527,0.001,2.5
396,53.47532450613664,54.333191785525315,1.8306029603875411e-06,1.8554465644450963e-06,17.961117583103913,17.960983582563625,2.9632040068532155,3.1865160752299637,1.8018601240225174,1.3034971840804237,2.9632040068532155,3.1865160752299637,37.77219430485762,40.13377926421405,-0.19541776180267334,-0.04144716262817383,0.001,2.5
397,53.67365875755323,54.30184149343433,1.8305737424893861e-06,1.8554422116460386e-06,17.961096787572504,17.960963692553467,2.9731244457826342,3.185216095933946,1.8117659067987797,1.3011273364956961,2.9731244457826342,3.185216095933946,39.36348408710218,40.13377926421405,-0.21516597270965576,-0.040915489196777344,0.001,2.5
398,53.21645170560035,54.33295695837525,1.8305369706055046e-06,1.855369387812119e-06,17.96108210705832,17.96095715398374,2.9549308797622245,3.187512290118929,1.77490490125851,1.3004615737442986,2.9549308797622245,3.187512290118929,41.37353433835846,40.13377926421405,-0.20388221740722656,-0.04185688495635986,0.001,2.5
399,54.18843195546213,54.363448446012264,1.8304902382692833e-06,1.855357986809346e-06,17.961075723670437,17.96095143193784,3.022933427213225,3.189983607933274,1.7652934771686344,1.2991461522603114,3.022933427213225,3.189983607933274,39.949748743718594,40.13377926421405,-0.2176731824874878,-0.04288196563720703,0.001,2.5
400,53.13662732506118,54.2573163086754,1.8304950805287633e-06,1.8553663346171125e-06,17.961068701304782,17.96094570989194,2.9631527224976812,3.1826281316304286,1.7342745524954357,1.2999863883723384,2.9631527224976812,3.1826281316304286,40.871021775544385,40.13377926421405,-0.20771253108978271,-0.039867281913757324,0.001,2.5
401,59.865896969384686,166.6889878084827,4.420564497344598e-06,3.0001626440703894e-06,14.828719530473004,24.175419510806286,3.3711693562454914,3.327327625408619,1.8567046298453556,23.350979533881247,3.3711693562454914,3.327327625408619,39.53098827470687,45.819397993311036,-0.6113485097885132,-0.10808360576629639,0.001,2.5
402,56.92972016454342,349.38670119473767,2.40016007626252e-06,5.124083183369312e-06,30.536418965913143,37.55787944474746,3.1846309686625625,21.62948933732151,1.8259435600571496,4.981358501026064,3.1846309686625625,21.62948933732151,41.37353433835846,10.367892976588628,-0.41850101947784424,-34.85784149169922,0.001,2.5
403,56.011590091826726,169.21219316055144,1.6896895959264723e-06,1.7130091646170308e-08,40.55456328272221,43.58053684553574,3.141916773826433,3.2093357896326378,1.7684566096045464,24.20571492427966,3.141916773826433,3.2093357896326378,41.62479061976549,45.819397993311036,-0.35535967350006104,-0.05121612548828125,0.001,2.5
404,54.603246577021665,273.718512901893,2.5222441120343837e-06,4.927381129304054e-06,44.49547959013001,45.00800703680236,3.054526201244974,17.0767892945969,1.7481710327729907,3.5043310114372535,3.054526201244974,17.0767892945969,41.79229480737018,10.367892976588628,-0.3016524314880371,-21.728031158447266,0.001,2.5
405,53.84906780939406,441.9059813636601,2.4584702991282185e-06,2.3071273638327643e-07,44.65333424221531,43.89529157402524,3.005488300642975,13.467138953830885,1.7444172997770198,47.97100050553031,3.005488300642975,13.467138953830885,42.54606365159129,45.819397993311036,-0.2489868402481079,-13.513212203979492,0.001,2.5
406,56.995866938452025,77.0313602052006,1.3468607424510383e-07,8.685511670059637e-07,42.85268840438357,41.293282614105124,3.1817902863724545,4.4211110510555,1.8452319933142094,2.1346793075070334,3.1817902863724545,4.4211110510555,41.20603015075377,10.367892976588628,-0.4477795362472534,-0.8838016986846924,0.001,2.5
407,54.587838548312035,50.06963919955353,1.57491947630665e-06,1.063280374593437e-06,40.26039137592667,38.67350288059401,3.0474102509081664,2.930784239816825,1.76728447398149,1.2138403693967839,3.0474102509081664,2.930784239816825,41.37353433835846,45.819397993311036,-0.24259614944458008,-0.09697830677032471,0.001,2.5
408,53.467051942144806,139.83157323116444,1.85859036972085e-06,1.874115375881275e-06,37.337804593033525,34.724609540856406,2.970384883720871,8.62923083416993,1.7747875320252462,2.071676581998334,2.970384883720871,8.62923083416993,40.7035175879397,10.367892976588628,-0.20415687561035156,-5.501768112182617,0.001,2.5
409,53.60046179689954,342.5514374289624,1.5017545081359176e-06,1.916263875540133e-06,32.346484259345026,29.335058218659366,2.9751592041859074,22.24850789200901,1.788145043542437,1.7589003577280204,2.9751592041859074,22.24850789200901,41.038525963149084,10.367892976588628,-0.17951178550720215,-36.88159942626953,0.001,2.5
410,52.96149134675861,260.7766706281681,1.8824092521495226e-06,3.1725345932037853e-06,27.441071952807043,24.21659115564863,2.9287256619439055,16.26089802872776,1.8006329190990633,3.367797334058628,2.9287256619439055,16.26089802872776,39.53098827470687,10.367892976588628,-0.18327128887176514,-19.70139503479004,0.001,2.5
411,54.217455469383864,195.627933208759,2.773256540253051e-06,2.855586827904228e-06,21.293866421110067,17.486480400315095,3.014750823703044,12.517928378637817,1.79497921327051,1.5683041308635852,3.014750823703044,12.517928378637817,39.19597989949749,10.367892976588628,-0.24453747272491455,-11.675429344177246,0.001,2.5
412,57.435601079483924,218.84788018166023,2.159210787496424e-06,2.5884005024934378e-06,15.980282162102423,22.29105570483766,3.251450081766151,14.091852443274048,1.7295734982195012,1.4895596061661889,3.251450081766151,14.091852443274048,41.37353433835846,10.367892976588628,-0.48986709117889404,-14.79599380493164,0.001,2.5
413,53.83737004342391,719.726251404421,2.552168050869124e-06,2.739365541182631e-07,31.076550999678158,41.262772167805444,2.9949771866726516,25.365310381886154,1.776326530942166,67.84106930123524,2.9949771866726516,25.365310381886154,39.949748743718594,45.819397993311036,-0.2418687343597412,-47.938934326171875,0.001,2.5
414,54.783602728915575,687.0778157415996,8.055341774921709e-07,3.912512964532433e-06,45.681902158599804,50.00233385475184,3.060899545599268,43.72524368643362,1.764885433554849,6.229835510253906,3.060899545599268,43.72524368643362,41.289782244556115,10.367892976588628,-0.27395689487457275,-142.45326232910156,0.001,2.5
415,54.286469553782915,750.7964318316916,3.6868800479492266e-06,1.6423951043471853e-07,50.8030668287421,50.75973638324036,3.027298815885381,27.605739032145728,1.76523609756425,67.33191955209178,3.027298815885381,27.605739032145728,41.12227805695142,45.819397993311036,-0.2769951820373535,-56.7814826965332,0.001,2.5
416,57.21010362123525,99.12298191032282,1.3792897710406198e-07,1.0433405861361198e-06,50.09414226845082,48.67039076380905,3.1981528604050578,5.761036512445048,1.837542961590254,2.531752595933385,3.1981528604050578,5.761036512445048,40.619765494137354,10.367892976588628,-0.47351372241973877,-2.125631093978882,0.001,2.5
417,54.66324220590256,70.76195630740162,4.643539670550167e-06,3.325392543406132e-06,47.34013332833397,45.593072502110715,3.029532799968368,4.251357202944548,1.8345811846268236,1.3892006303953088,3.029532799968368,4.251357202944548,38.274706867671696,10.367892976588628,-0.30262064933776855,-0.7417807579040527,0.001,2.5
418,55.40067166020123,555.6899145630291,9.123453414332278e-07,6.960784358217101e-07,43.850183004510264,40.756577239786104,3.0966608176878347,16.495303272004907,1.7813816865285237,61.6439237562709,3.0966608176878347,16.495303272004907,40.95477386934673,45.819397993311036,-0.36275994777679443,-20.273488998413086,0.001,2.5
419,57.11344112223716,106.68067437111334,3.204249857815898e-07,5.767875250149095e-07,39.41003295923996,37.56230097231658,3.199620012462239,6.223074688161895,1.8159460953531952,2.659398519075834,3.199620012462239,6.223074688161895,41.62479061976549,10.367892976588628,-0.48451030254364014,-2.623080253601074,0.001,2.5
420,54.829185396382954,431.25067924576064,2.206770673251755e-06,4.714395730004001e-06,36.482910692991325,34.96273774367113,3.0528338418733734,27.109866534587134,1.8000384726915728,4.913541168672185,3.0528338418733734,27.109866534587134,41.37353433835846,10.367892976588628,-0.2704271078109741,-54.759910583496094,0.001,2.5
421,53.91459440426212,191.08280970340587,3.7047227916084933e-06,1.1724851794594564e-06,33.49638902162587,31.376270938477788,3.003763963229692,4.851430714329748,1.7649268461032528,23.65599411546586,3.003763963229692,4.851430714329748,41.79229480737018,45.819397993311036,-0.26841437816619873,-1.2536673545837402,0.001,2.5
422,53.495513334545855,489.46294676101326,7.926223022053639e-07,2.2121253295592036e-07,29.90042969210064,27.91438736803954,2.987973725576097,13.723194922890551,1.7292014512185077,56.71742416943196,2.987973725576097,13.723194922890551,40.03350083752093,45.819397993311036,-0.21292948722839355,-14.031961441040039,0.001,2.5
423,57.86684353826833,256.4663412547032,2.6352272208037246e-07,7.20030912051573e-07,37.214840893769384,49.0594641388858,3.2784262845663967,16.459544574137915,1.7306465208031225,1.9048220529205424,3.2784262845663967,16.459544574137915,41.37353433835846,10.367892976588628,-0.5359158515930176,-20.18568992614746,0.001,2.5
424,53.99440534070908,654.0261044709579,1.4101907098980272e-06,3.905826467468483e-06,54.861505613854185,60.977648553242254,3.0111864579582535,41.58490860342581,1.7543490468157796,6.03830168956897,3.0111864579582535,41.58490860342581,39.86599664991625,10.367892976588628,-0.23980331420898438,-128.8485107421875,0.001,2.5
425,54.67680394669474,95.23543893054975,3.795384583622344e-06,2.169313729366369e-06,62.94142384744769,64.45768002921523,3.045899690295783,3.559014970243575,1.7850729658376032,8.357151691730206,3.045899690295783,3.559014970243575,39.61474036850921,45.819397993311036,-0.2890748977661133,-0.7137384414672852,0.001,2.5
426,53.971984467115035,284.4897572188872,1.2954315813507646e-06,7.39728857616838e-07,64.6693243668906,64.53316673865685,3.017414398528823,7.055886552485335,1.729219602779727,35.71738524421003,3.017414398528823,7.055886552485335,41.45728643216081,45.819397993311036,-0.2155390977859497,-3.5662808418273926,0.001,2.5
427,54.4080952144348,58.70637350178084,7.692701523291677e-07,1.0088469102309464e-06,64.07275192541893,63.43851431396892,3.068083790279114,2.957157004238371,1.6645529441897393,2.8571159704074414,3.068083790279114,2.957157004238371,42.12730318257956,45.819397993311036,-0.2681082487106323,-0.15707969665527344,0.001,2.5
428,53.21993884369356,177.35093449110968,1.803555576670485e-06,2.603207705888479e-06,63.0849115317391,62.5476619375988,2.9515299253927005,10.864165561255005,1.776780812185214,2.865181432519868,2.9515299253927005,10.864165561255005,40.787269681742046,10.367892976588628,-0.19446170330047607,-8.794286727905273,0.001,2.5
429,54.914669388303004,822.2732096898516,1.3793152851663288e-06,1.340678604328239e-07,61.49726463841833,60.18716521247175,3.0662798206610495,25.37205067765354,1.7717947013414086,88.32645104960055,3.0662798206610495,25.37205067765354,41.038525963149084,45.819397993311036,-0.2501422166824341,-47.96440887451172,0.001,2.5
430,55.82180027666204,135.64547461570305,4.130408288463166e-08,5.3925554239760556e-08,59.75376929789532,59.1387280748042,3.1092331513288234,2.9283117546285675,1.8247098800924355,18.33233067183989,3.1092331513288234,2.9283117546285675,40.20100502512563,45.819397993311036,-0.4226071834564209,-0.0811377763748169,0.001,2.5
431,55.43191280396939,225.7903561289095,2.1085140002420665e-07,3.265977388734023e-07,58.74259192819771,58.114721508727825,3.0875083533563408,13.319070117529419,1.812108945606941,5.189235980694111,3.0875083533563408,13.319070117529419,40.36850921273032,10.367892976588628,-0.35161423683166504,-13.217695236206055,0.001,2.5
432,56.06081025524555,170.11992193623928,1.3413944512085697e-07,1.4082409940504608e-08,57.62757134237881,56.87210311379321,3.1334747094005797,3.3117276808888616,1.8002122842287098,24.077426578687586,3.1334747094005797,3.3117276808888616,42.211055276381906,45.819397993311036,-0.4089233875274658,-0.10010266304016113,0.001,2.5
433,56.39314976728941,388.34540468554036,3.165186267708985e-08,1.546818921600527e-07,56.245442152422676,55.36591377385883,3.141077488910413,25.33563939225315,1.8441482636597089,1.6510925013883457,3.141077488910413,25.33563939225315,41.45728643216081,10.367892976588628,-0.40758347511291504,-47.82684326171875,0.001,2.5
434,54.638267619326285,214.74193514310397,3.4772005036645823e-07,5.239329331886611e-07,54.93604866423998,54.46692754432908,3.051022592701105,13.582575099524048,1.7635984077325817,2.1897652603710775,3.051022592701105,13.582575099524048,41.87604690117253,10.367892976588628,-0.29932332038879395,-13.745869636535645,0.001,2.5
435,52.73103168302245,460.40282947961305,5.964622229902194e-07,7.01582930263533e-07,54.15518511799312,53.65965980351171,2.948595291805427,30.077911089893966,1.6895894183585392,1.8361045249728454,2.948595291805427,30.077911089893966,42.462311557788944,10.367892976588628,-0.22694134712219238,-67.40673828125,0.001,2.5
436,53.549192348716645,110.68524741488555,4.282191612939148e-07,3.135739405214763e-07,53.276327200271375,52.63783265435975,2.974517034326167,3.3371417697855463,1.7756317478528174,12.11509709374163,2.974517034326167,3.3371417697855463,39.698492462311556,45.819397993311036,-0.2599177360534668,-0.5250678062438965,0.001,2.5
437,54.18641436399527,107.15066867688029,3.197126365772127e-07,2.612133452861672e-07,52.237554118860906,51.70804201719354,3.010730895964145,3.2705836838304396,1.7946427389604962,11.608041441161497,3.010730895964145,3.2705836838304396,41.62479061976549,45.819397993311036,-0.28373420238494873,-0.4696558713912964,0.001,2.5
438,55.89828560220536,60.748291844907016,1.6514212901314434e-07,2.0132360058494633e-07,51.394869454542,50.97333744776289,3.11997896942062,3.056241205304761,1.8094410484959333,2.9707400838666933,3.11997896942062,3.056241205304761,40.03350083752093,45.819397993311036,-0.36881959438323975,-0.2734893560409546,0.001,2.5
439,54.801992451525614,234.72876247036018,2.686164318514894e-07,3.5242419699749115e-07,50.68196143017742,50.240131327141086,3.069746114500803,12.943948047216919,1.7410236996422261,8.103857799517272,3.069746114500803,12.943948047216919,41.37353433835846,10.367892976588628,-0.33778655529022217,-12.48364543914795,0.001,2.5
440,53.714735641351695,406.20820285962975,4.253935069822275e-07,5.429438864937455e-07,49.957742080816274,49.60120322951505,3.0048541008327874,26.53025789165178,1.7183931748471668,1.6409478406842337,3.0048541008327874,26.53025789165178,41.79229480737018,10.367892976588628,-0.26955902576446533,-52.44340515136719,0.001,2.5
441,53.91646715224888,275.069432848672,3.6996940393686347e-07,6.986721626217514e-08,49.33482395344643,48.967042699705395,3.0053879611655896,5.598461350469685,1.7572624932980816,38.208708460115666,3.0053879611655896,5.598461350469685,42.629815745393635,45.819397993311036,-0.27012622356414795,-1.9574425220489502,0.001,2.5
442,55.16596200198584,61.79222535608604,5.597203723101139e-08,1.0586640575256994e-07,48.834924784137975,48.62463234738761,3.0722667815497573,3.129092964440285,1.8066250846613592,2.961440927607559,3.0722667815497573,3.129092964440285,41.541038525963145,45.819397993311036,-0.3458176851272583,-0.3429133892059326,0.001,2.5
443,54.6855712775609,395.2954858888352,2.387480324171122e-07,3.388348724065721e-07,48.41783329310329,48.1250752988069,3.054749020379991,25.784156512257248,1.7631834915135574,1.6969999290230282,3.054749020379991,25.784156512257248,40.7035175879397,10.367892976588628,-0.32788944244384766,-49.53519058227539,0.001,2.5
444,53.83432115462158,245.1502959082358,3.23309736491999e-07,3.716154322472809e-07,47.9180834401193,47.63012258982579,2.989573765440003,13.600447093363988,1.7885591069258238,8.219191838267655,2.989573765440003,13.600447093363988,40.53601340033501,10.367892976588628,-0.26570701599121094,-13.782066345214844,0.001,2.5
445,53.655525603685746,56.644582588935776,4.875564653290286e-07,3.977631988420952e-07,47.42307738363244,47.162937368437596,2.9941215726798105,2.949462452859783,1.7392558364612574,2.471096155236796,2.9941215726798105,2.949462452859783,39.698492462311556,45.819397993311036,-0.2451026439666748,-0.14326918125152588,0.001,2.5
446,54.314071738340544,81.06457892070247,3.156819548680984e-07,3.7887413427171643e-07,47.01040156762205,46.80195275756428,3.032315294147536,3.071936018092178,1.7564666009628194,6.987747034500275,3.032315294147536,3.071936018092178,40.36850921273032,10.367892976588628,-0.29114091396331787,-0.004255771636962891,0.001,2.5
447,53.71175575575837,507.3495873288566,4.876288420452253e-07,6.94552417208861e-07,46.63661245604855,46.43818395353081,2.9998834748164294,33.19596425187229,1.7333732094596979,1.8727331512349106,2.9998834748164294,33.19596425187229,40.53601340033501,10.367892976588628,-0.26365864276885986,-82.10667419433594,0.001,2.5
448,52.45871609379498,263.7340179749556,7.927456978418978e-07,8.218095343145129e-07,46.31647601998232,46.11727835103421,2.916455744099577,16.1920687634012,1.7331126109639206,4.161374648677864,2.916455744099577,16.1920687634012,42.12730318257956,10.367892976588628,-0.14868879318237305,-19.534963607788086,0.001,2.5
449,53.95393535160339,218.7808287757695,1.0050815203315658e-06,1.444575086238774e-06,45.990802170643256,45.8476756041664,3.0314126334198357,13.590908851113207,1.6873507691388154,2.97426963091694,3.0314126334198357,13.590908851113207,41.45728643216081,10.367892976588628,-0.21342992782592773,-13.762740135192871,0.001,2.5
450,53.87432785928748,166.71092142468711,2.0633717926791288e-06,2.648967109016545e-06,45.729369554887064,45.512520984662416,2.9834474319189637,10.198699074046667,1.81537710242535,2.7369823535549203,2.9834474319189637,10.198699074046667,40.95477386934673,10.367892976588628,-0.2059342861175537,-7.743374824523926,0.001,2.5
451,53.72840831507391,108.78798917942622,2.1526883793775167e-06,1.5596823090601543e-06,45.33051486630336,45.08969487474116,2.9798134631247977,2.957301560054256,1.7971748978248991,12.876675012518332,2.9798134631247977,2.957301560054256,41.79229480737018,45.819397993311036,-0.22222042083740234,-0.1573195457458496,0.001,2.5
452,53.69998221341489,194.0582151891396,1.5341853696163084e-06,1.912549257355923e-06,44.9602851228698,44.77480848178417,2.979993329375633,12.413808124121216,1.7910242200496809,1.5612638630595892,2.979993329375633,12.413808124121216,42.3785594639866,10.367892976588628,-0.1958550214767456,-11.482011795043945,0.001,2.5
453,54.10790917222424,263.55424627093566,2.066636473422998e-06,2.282880221775674e-06,44.684729405184285,44.569831082653444,3.0156375786766936,17.08361732840139,1.7657317536160775,1.4510825637192233,3.0156375786766936,17.08361732840139,42.88107202680067,10.367892976588628,-0.2184920310974121,-21.745407104492188,0.001,2.5
454,53.20610018271697,84.60960064125699,2.3513741982190413e-06,2.407822376579949e-06,44.43813141226968,44.18635827003913,2.949598262857153,4.636642636264049,1.7835373199565128,3.0031546557627395,2.949598262857153,4.636642636264049,43.383584589614735,10.367892976588628,-0.18499386310577393,-1.0675230026245117,0.001,2.5
455,53.46181654171329,52.98337968296829,2.369408209509113e-06,2.4362189387860275e-06,43.99410838857168,43.73633845912972,2.9776963967973464,2.9778327973789995,1.7504747361194348,1.6544297112270343,2.9776963967973464,2.9778327973789995,42.12730318257956,40.13377926421405,-0.21176469326019287,-0.009230971336364746,0.001,2.5
456,53.87823375784971,55.53254449646609,2.4049866607651475e-06,2.4608584103178594e-06,43.57680491027321,43.3419413231687,2.9863107595811136,3.1668751016508376,1.8079984984805237,1.5972150388768684,2.9863107595811136,3.1668751016508376,39.86599664991625,40.13377926421405,-0.1980229616165161,-0.3768664598464966,0.001,2.5
457,53.71536096416327,73.80264542493533,2.4306305734246124e-06,2.605041914879785e-06,43.17267212476363,42.93456362721115,2.9730284725201988,4.193555622993903,1.8153518460304094,2.171274459481638,2.9730284725201988,4.193555622993903,40.787269681742046,10.367892976588628,-0.18090355396270752,-0.6944763660430908,0.001,2.5
458,53.768787045374985,52.99756094125601,2.6049369548893882e-06,2.5015059969537166e-06,42.79523949806814,42.6328320965719,2.9750706410687573,2.96881166190208,1.8199859198613382,1.68455018486865,2.9750706410687573,2.96881166190208,39.44723618090452,45.819397993311036,-0.201369047164917,-0.175073504447937,0.001,2.5
459,53.27905678549404,61.40555692436703,2.481069412480527e-06,2.653437435169645e-06,42.50605121529482,42.30792626728581,2.95721472807266,3.556596645942101,1.7756653387143184,1.6028591406385237,2.95721472807266,3.556596645942101,40.53601340033501,40.13377926421405,-0.16483640670776367,-0.2370305061340332,0.001,2.5
460,54.15364325186316,51.85827130218812,2.642702727953932e-06,2.694111051908881e-06,42.17984194731593,42.02718307342019,3.011752385390264,2.9364598977525898,1.787034966238779,1.5538684488538914,3.011752385390264,2.9364598977525898,39.698492462311556,40.13377926421405,-0.21177995204925537,-0.1142725944519043,0.001,2.5
461,55.19083695914877,52.43909160907452,2.7247429304744575e-06,2.8323147892609824e-06,41.916889388756935,41.72818349117419,3.0767918543599957,2.97382790029647,1.799407901476376,1.5579879989592127,3.0767918543599957,2.97382790029647,41.038525963149084,40.13377926421405,-0.2765704393386841,-0.010962128639221191,0.001,2.5
462,53.63870925519934,100.47338997320985,2.9894482735048166e-06,3.2134306072528056e-06,41.57464770855417,41.36447249447622,2.9782800702393755,6.1330175335989345,1.7845862271198676,1.6873523806249817,2.9782800702393755,6.1330175335989345,41.45728643216081,10.367892976588628,-0.23908865451812744,-2.524782180786133,0.001,2.5
463,53.806967104299986,81.30274044789599,2.9732366043326374e-06,2.6489326782543275e-06,41.16399561180741,40.89488373313062,2.9905692560588895,3.6778462754444137,1.781452383228283,5.2188298167991,2.9905692560588895,3.6778462754444137,41.959798994974875,45.819397993311036,-0.22914576530456543,-0.8121246099472046,0.001,2.5
464,53.780269348042296,83.38072469960089,2.465396631106682e-06,2.365901904200795e-06,40.82740872509316,40.726027026224294,2.9737889279472567,3.734730399173239,1.8265213367327973,5.4638076338879635,2.9737889279472567,3.734730399173239,40.36850921273032,45.819397993311036,-0.19312524795532227,-0.8579200506210327,0.001,2.5
465,53.231952878098994,50.99434854513825,2.335429044510199e-06,2.4336343708105583e-06,40.660915924276736,40.58622961139998,2.9559097917035997,2.936219536739847,1.7705287158589067,1.3820932497547622,2.9559097917035997,2.936219536739847,40.03350083752093,45.819397993311036,-0.15511572360992432,-0.04666638374328613,0.001,2.5
466,53.81309557839654,52.19965758052558,2.5157200378415345e-06,2.595277105242576e-06,40.99340162165401,41.538543037746265,2.9962446278263775,2.9582836396718104,1.7656860549246247,1.5567720127743623,2.9962446278263775,2.9582836396718104,39.7822445561139,40.13377926421405,-0.22535037994384766,-0.15895426273345947,0.001,2.5
467,52.43346536019739,54.84253419601798,2.5386329367207185e-06,2.463064079454603e-06,41.728893880668394,41.90467012845553,2.8959334791205835,2.9581505654248903,1.7905462778593029,2.085673551096964,2.8959334791205835,2.9581505654248903,40.7035175879397,45.819397993311036,-0.15188121795654297,-0.15873265266418457,0.001,2.5
468,53.83209075160961,58.55507428988964,2.369963654071968e-06,2.331434064104773e-06,41.937704127837264,41.898004997534095,2.984003605754731,2.998889817043292,1.8060193594975686,2.705965266179879,2.984003605754731,2.998889817043292,38.274706867671696,45.819397993311036,-0.17903947830200195,-0.2114623785018921,0.001,2.5
469,53.66777373398568,57.03557922210183,2.26171661461118e-06,2.2690032367860954e-06,41.84145158419457,41.7676554396001,2.97737500216294,3.1461678914800535,1.7930609974230154,1.9602579763501782,2.97737500216294,3.1461678914800535,40.03350083752093,45.819397993311036,-0.17912185192108154,-0.3580700159072876,0.001,2.5
470,53.17863985761326,64.39510683550883,2.3000108520858675e-06,2.4411586235201138e-06,41.707989384381214,41.631712591369016,2.938126809632958,3.732643544474573,1.8130055849675957,1.6727638184824916,2.938126809632958,3.732643544474573,41.62479061976549,40.13377926421405,-0.1804661750793457,-0.35186243057250977,0.001,2.5
471,53.05270889895645,50.91474152887147,2.41221657197274e-06,2.4263234577256754e-06,41.57257068576525,41.500123409921905,2.937870760858558,2.928141824377819,1.7886143789019817,1.390222157124293,2.937870760858558,2.928141824377819,39.61474036850921,40.13377926421405,-0.1637740135192871,-0.07613742351531982,0.001,2.5
472,53.281349808327114,66.12348606275475,2.4946163539638754e-06,2.6382367148617535e-06,41.45215854612827,41.38844799437252,2.9548886061912807,3.8020677454894205,1.7833131757413523,1.8102165392808691,2.9548886061912807,3.8020677454894205,40.7035175879397,10.367892976588628,-0.18876302242279053,-0.40042591094970703,0.001,2.5
473,53.30650309781533,70.95956816402168,2.7062575664424924e-06,2.8102800116969082e-06,41.342231175408294,41.26974436271948,2.961197075132948,4.178872561375035,1.7694404618424586,1.6470415018075286,2.961197075132948,4.178872561375035,39.7822445561139,40.13377926421405,-0.18228888511657715,-0.6827080249786377,0.001,2.5
474,53.77247439437176,50.92399857434939,2.7839242336498444e-06,2.731667012064089e-06,41.212962771979605,41.13183008149316,2.9805045894641973,2.934046424750899,1.8047379329176605,1.3744338344172091,2.9805045894641973,2.934046424750899,40.28475711892797,45.819397993311036,-0.18202054500579834,-0.10837924480438232,0.001,2.5
475,53.536626192792575,51.041950646850175,2.690988286125521e-06,2.745119601426888e-06,41.10285859611166,41.058682853162885,2.9734158052671296,2.9646155459426318,1.7788567023860349,1.3063313339067542,2.9734158052671296,2.9646155459426318,39.949748743718594,40.13377926421405,-0.20671308040618896,-0.16923701763153076,0.001,2.5
476,53.31308621098248,51.38108647069006,2.732476333073938e-06,2.7711509907222296e-06,41.03983543306539,41.01283557598408,2.9459553779269783,2.97846262191849,1.8165423975917363,1.3326265177997858,2.9459553779269783,2.97846262191849,40.871021775544385,40.13377926421405,-0.17282962799072266,-0.18718862533569336,0.001,2.5
477,52.91569470480658,51.78791294927182,2.7908705996009275e-06,2.8655582251565305e-06,40.98713723698653,40.9587329111769,2.9238979576820103,2.942772329451647,1.8032471692342456,1.5210733652912254,2.9238979576820103,2.942772329451647,39.61474036850921,40.13377926421405,-0.15995585918426514,-0.12854838371276855,0.001,2.5
478,53.45236305096241,51.78984682217091,2.8943057764332825e-06,2.952188992441679e-06,40.94075649906842,40.90807797996496,2.9622447518647417,2.945721227588462,1.7955495228919152,1.5126231701477715,2.9622447518647417,2.945721227588462,39.61474036850921,40.13377926421405,-0.18730640411376953,-0.13501954078674316,0.001,2.5
479,53.45550356917645,51.93364755126545,2.9373362376554268e-06,2.9975125126294494e-06,40.876343207942384,40.82707227113654,2.972371156491227,2.965520348437255,1.7658112126978198,1.482002747497431,2.972371156491227,2.965520348437255,41.45728643216081,40.13377926421405,-0.18290090560913086,-0.170576810836792,0.001,2.5
480,53.58008222723726,52.144481569628255,3.022685672449233e-06,3.1289326597955043e-06,40.78706833345806,40.705394336611135,2.9759538333419977,2.968938097905953,1.7799967471478972,1.5139400225419264,2.9759538333419977,2.968938097905953,40.787269681742046,40.13377926421405,-0.20332634449005127,-0.013433218002319336,0.001,2.5
481,52.95128998365035,52.465663233728314,3.1254311015251903e-06,3.1797963046024646e-06,40.658880332806206,40.60724875918998,2.923961789564072,3.000571136091864,1.810240482365466,1.4832971829634447,2.923961789564072,3.000571136091864,38.52596314907873,40.13377926421405,-0.15620207786560059,-0.2134084701538086,0.001,2.5
482,53.15614211499391,51.94435458996623,3.0875833200698742e-06,3.048682646504648e-06,40.56865018656106,40.5062285330782,2.9541913780135727,2.959130123706167,1.7605400351024354,1.503379161939972,2.9541913780135727,2.959130123706167,40.117252931323286,45.819397993311036,-0.1765894889831543,-0.16036975383758545,0.001,2.5
483,52.59463286280033,50.65881671714145,3.0160031384189117e-06,3.060949074550379e-06,40.467106887842945,40.423467208709205,2.9083272895621297,2.9302240909142636,1.7858506455093972,1.3330057584322417,2.9083272895621297,2.9302240909142636,40.20100502512563,40.13377926421405,-0.14169955253601074,-0.09458374977111816,0.001,2.5
484,52.92854358283319,51.82323952103937,3.0689950064173705e-06,3.13619355827626e-06,40.36606841989897,40.2814761388262,2.9132416475957363,2.98267068272849,1.83790978594641,1.4085792255242133,2.9132416475957363,2.98267068272849,39.949748743718594,40.13377926421405,-0.16469871997833252,-0.19232356548309326,0.001,2.5
485,52.82305890311748,52.80467622176461,3.0528422616854298e-06,3.029621759202827e-06,40.24282297616828,40.18541028587316,2.9214356692392425,3.039081080701439,1.7922556995347116,1.435654483112603,2.9214356692392425,3.039081080701439,40.45226130653266,45.819397993311036,-0.15411078929901123,-0.25578081607818604,0.001,2.5
486,53.06426972560148,51.838784335847684,2.991551845628677e-06,3.0210361923351976e-06,40.15688516306917,40.11567154696155,2.9351313206019314,3.0003680313709986,1.7994282081897934,1.3586292007695073,2.9351313206019314,3.0003680313709986,39.53098827470687,40.13377926421405,-0.17267727851867676,-0.21317291259765625,0.001,2.5
487,53.350332927863604,52.3005760601133,3.016181621422089e-06,3.112437695827766e-06,40.09753480588571,40.05894795548557,2.963945399177334,2.989956937904741,1.7702101678704496,1.4822323110988707,2.963945399177334,2.989956937904741,40.787269681742046,40.13377926421405,-0.18385827541351318,-0.20111918449401855,0.001,2.5
488,53.35843611162911,52.71961605110296,3.1382118836053553e-06,3.2429050742907948e-06,40.03891672361237,40.0057689322277,2.9662500581949,3.008510720371004,1.7649287099215254,1.5103895066175175,2.9662500581949,3.008510720371004,41.20603015075377,40.13377926421405,-0.2048635482788086,-0.0012935400009155273,0.001,2.5
489,52.79847080224323,53.75826748238758,3.2365777403494966e-06,3.27203010373064e-06,39.974182742324906,39.93466331966744,2.9113433444919297,3.108365102755186,1.8176686514162739,1.4185708661541891,2.9113433444919297,3.108365102755186,39.028475711892796,40.13377926421405,-0.1657702922821045,-0.324057936668396,0.001,2.5
490,53.54367380445726,51.42137572119467,3.1987583116678735e-06,3.1676124436188028e-06,39.909893898508656,39.87047585835026,2.949823347567713,2.9472442335109648,1.8512820616439358,1.4345673011696858,2.949823347567713,2.9472442335109648,40.03350083752093,45.819397993311036,-0.15641820430755615,-0.13842427730560303,0.001,2.5
491,53.570522793972714,50.98132092019786,3.1143993261258086e-06,3.138888501342439e-06,39.84159857463997,39.796335226716,2.9712363994700626,2.934776310936663,1.7924266446575248,1.3839752997044337,2.9712363994700626,2.934776310936663,41.12227805695142,45.819397993311036,-0.1701291799545288,-0.04944431781768799,0.001,2.5
492,53.20987926336189,50.86728726900541,3.115626247427755e-06,3.1822200577931824e-06,39.77041988276956,39.718964286472485,2.9487316887981727,2.943692289467241,1.7878262305778874,1.334436121194259,2.9487316887981727,2.943692289467241,41.45728643216081,40.13377926421405,-0.15391266345977783,-0.13055038452148438,0.001,2.5
493,52.85847292952801,51.39211352294105,3.186440529422346e-06,3.2505672530885894e-06,39.69768365703436,39.66786317602049,2.9223738283767573,2.950670670506149,1.7966330039441285,1.4184761836775968,2.9223738283767573,2.950670670506149,40.117252931323286,40.13377926421405,-0.15417695045471191,-0.14564919471740723,0.001,2.5
494,53.1264217894281,51.194578177155456,3.2234571119392106e-06,3.249101222913592e-06,39.63662178512394,39.59464104438705,2.9456069936704394,2.9747683651072525,1.7805354579209882,1.3066910106601524,2.9456069936704394,2.9747683651072525,39.949748743718594,40.13377926421405,-0.1751023530960083,-0.182639479637146,0.001,2.5
495,53.014304207397664,57.019662850676575,3.2183059719861364e-06,3.265932537185312e-06,39.56415345081732,39.51160020094652,2.9388151488312126,3.360575610578658,1.7785020038310806,1.3143026796870407,2.9388151488312126,3.360575610578658,41.79229480737018,40.13377926421405,-0.1601104736328125,-0.5446294546127319,0.001,2.5
496,52.87914166218871,52.27977248737246,3.261378711762658e-06,3.3252920777012574e-06,39.46236271434893,39.38903267646713,2.9181582085051927,3.014119904176846,1.813460365611704,1.4057163016054544,2.9181582085051927,3.014119904176846,39.028475711892796,40.13377926421405,-0.1499159336090088,-0.22870194911956787,0.001,2.5
497,52.237728687586696,51.75013004417802,3.2847664156263022e-06,3.3114376795107017e-06,39.372853450040324,39.35625184738517,2.8800103057369317,3.0118762497917864,1.7996394135045446,1.3065252567214711,2.8800103057369317,3.0118762497917864,41.289782244556115,40.13377926421405,-0.11203157901763916,-0.22617077827453613,0.001,2.5
498,53.79226252621342,51.51763497547162,3.2776332090708126e-06,3.3298868449346143e-06,39.34966334945193,39.33940833866796,2.9844348474563267,2.9928945530218423,1.7972772383010966,1.3169750015073796,2.9844348474563267,2.9928945530218423,39.698492462311556,40.13377926421405,-0.18730759620666504,-0.204595685005188,0.001,2.5
499,53.84165518807007,50.61785977979169,3.3070763937859944e-06,3.3553302360194473e-06,39.320340282753286,39.30169348573206,2.995132232231511,2.9301278575208274,1.7750695290876992,1.3253271978435708,2.995132232231511,2.9301278575208274,42.629815745393635,40.13377926421405,-0.18481385707855225,-0.06117093563079834,0.001,2.5
500,53.23133675017748,50.60693564781776,3.3329910544107314e-06,3.372340656869862e-06,39.288881100601884,39.27052974381973,2.9387162710154677,2.936712867838882,1.8222599810291975,1.3033940301691012,2.9387162710154677,2.936712867838882,39.53098827470687,40.13377926421405,-0.15078961849212646,-0.11488044261932373,0.001,2.5
501,53.209897071672245,51.26876045150502,3.330640783753317e-06,3.3621355476157458e-06,39.253665962410935,39.22846427330604,2.9475414880755757,2.978891413347378,1.7915035871604779,1.3092316787777138,2.9475414880755757,2.978891413347378,41.37353433835846,40.13377926421405,-0.17266690731048584,-0.18772053718566895,0.001,2.5
502,52.76665765196834,51.26255590381431,3.31906203717388e-06,3.342824316574132e-06,39.218727476033735,39.20745329075434,2.917474986720125,2.9695417785325575,1.793062291952034,1.3360431341821932,2.917474986720125,2.9695417785325575,39.949748743718594,40.13377926421405,-0.14620888233184814,-0.17601561546325684,0.001,2.5
503,53.67872995347833,50.916935758048474,3.303906081496363e-06,3.3331301129269483e-06,39.19852361886745,39.18558950009553,2.9794784370978276,2.9487686835005134,1.789470213941194,1.3292434442800822,2.9794784370978276,2.9487686835005134,40.7035175879397,40.13377926421405,-0.17451131343841553,-0.141821026802063,0.001,2.5
504,53.385253184205126,54.205322125284965,3.3032281716437846e-06,3.3548637983156757e-06,39.1663266793767,39.13728615751234,2.95130077478674,3.1768355840025935,1.8153143452240195,1.30272975414493,2.95130077478674,3.1768355840025935,40.95477386934673,40.13377926421405,-0.16257798671722412,-0.38590800762176514,0.001,2.5
505,53.565353693874236,50.94498541841539,3.3213996404134635e-06,3.3475694743837355e-06,39.11989765390879,39.10095293944496,2.9619252589879124,2.9550045102735027,1.819470153382076,1.3161630622519298,2.9619252589879124,2.9550045102735027,39.61474036850921,40.13377926421405,-0.16133320331573486,-0.15352940559387207,0.001,2.5
506,52.756651969411266,50.55307394684756,3.308712851640015e-06,3.3419705345064194e-06,39.08402647724503,39.058226518407714,2.9288266220284465,2.9294498899708623,1.757033127037125,1.3144525688228799,2.9288266220284465,2.9294498899708623,40.45226130653266,40.13377926421405,-0.13511323928833008,-0.09080255031585693,0.001,2.5
507,52.825346954703534,50.62440938534944,3.3149922239601037e-06,3.3613757355139926e-06,39.042597676441694,39.02609464715556,2.9222683023967138,2.9376226252935402,1.7904554108279433,1.3042083061658418,2.9222683023967138,2.9376226252935402,40.03350083752093,40.13377926421405,-0.13118195533752441,-0.11702775955200195,0.001,2.5
508,52.871323436947925,52.83803521350873,3.331617834716066e-06,3.3735591440316445e-06,39.02119188292741,39.00975933521487,2.920023685324332,3.0840088715122693,1.8063886363302644,1.307777655563227,2.920023685324332,3.0840088715122693,40.117252931323286,40.13377926421405,-0.12659013271331787,-0.3010600805282593,0.001,2.5
509,53.19815651975085,51.3084031937513,3.3449735355144844e-06,3.38835229664608e-06,39.001240958720196,38.98315511339883,2.939607307140152,2.9828770989957065,1.8130083775001156,1.3052519268814138,2.939607307140152,2.9828770989957065,39.19597989949749,40.13377926421405,-0.13291239738464355,-0.19257402420043945,0.001,2.5
510,52.7767645805525,51.913276659605096,3.360718730643203e-06,3.4092417511823576e-06,38.977301509735774,38.96730001953533,2.9212755426090564,3.0204948310469306,1.783730175027895,1.3133769760961118,2.9212755426090564,3.0204948310469306,38.52596314907873,40.13377926421405,-0.13033616542816162,-0.23597121238708496,0.001,2.5
511,52.29385778532556,51.822076905929926,3.384830628422924e-06,3.4349179736712916e-06,38.96140296335396,38.95246388362004,2.8839231979108138,3.0096795694485157,1.799209114494835,1.3275859914097101,2.8839231979108138,3.0096795694485157,41.289782244556115,40.13377926421405,-0.12347638607025146,-0.22370624542236328,0.001,2.5
512,52.753590729168714,50.987737445129596,3.4108547018696607e-06,3.454023694651317e-06,38.940375368000076,38.927867646998784,2.926100238483755,2.9575446441420743,1.7646286092211854,1.3171266524688057,2.926100238483755,2.9575446441420743,41.12227805695142,40.13377926421405,-0.1390143632888794,-0.1577235460281372,0.001,2.5
513,53.084387761663955,50.5140015720125,3.421119329152189e-06,3.4603160877372754e-06,38.91823391938329,38.900574534234394,2.943934276475379,2.9288639727244807,1.7772904864108343,1.308428044303205,2.943934276475379,2.9288639727244807,39.698492462311556,40.13377926421405,-0.1410907506942749,-0.06523776054382324,0.001,2.5
514,52.08765838214101,50.56931947944156,3.4299969507351436e-06,3.4719721566262557e-06,38.89449712219749,38.88607432132581,2.871053699672322,2.9340016921627083,1.7965909885601383,1.3040810392851814,2.871053699672322,2.9340016921627083,40.03350083752093,40.13377926421405,-0.12185978889465332,-0.05118906497955322,0.001,2.5
515,52.853213886919136,50.47303080479038,3.443195973932462e-06,3.4797579628259375e-06,38.87951955363978,38.86939682210967,2.929864525195941,2.928291725075763,1.7732725029614702,1.3019569187259994,2.929864525195941,2.928291725075763,40.7035175879397,40.13377926421405,-0.1396118402481079,-0.08095240592956543,0.001,2.5
516,53.25139716322498,50.48281919039213,3.443704956189139e-06,3.483505315214941e-06,38.86506744205852,38.85699689986315,2.9436911885662496,2.9287082853923274,1.8114322867225763,1.3026669344375763,2.9436911885662496,2.9287082853923274,41.37353433835846,40.13377926421405,-0.15105247497558594,-0.08486497402191162,0.001,2.5
517,52.81424553390324,50.84668698518173,3.460113440700331e-06,3.5120036495739694e-06,38.85191912627101,38.838917531297355,2.9249551567799683,2.9471176651409237,1.7802125604907473,1.3202159512401823,2.9249551567799683,2.9471176651409237,40.45226130653266,40.13377926421405,-0.12076449394226074,-0.13813960552215576,0.001,2.5
518,52.58748313609879,50.80387778904127,3.489541613040027e-06,3.54434158539623e-06,38.825110986604166,38.812663827851466,2.904151416104443,2.9389995787055994,1.7972767988042018,1.3360136093503256,2.904151416104443,2.9389995787055994,40.28475711892797,40.13377926421405,-0.1157844066619873,-0.12012350559234619,0.001,2.5
519,53.51853878973317,51.32004947726144,3.5121796883665e-06,3.5494238075696186e-06,38.809679379614956,38.80582149850086,2.958980828274035,2.983063759213706,1.8190027141890535,1.3070561622696177,2.958980828274035,2.983063759213706,40.03350083752093,40.13377926421405,-0.14073896408081055,-0.19280076026916504,0.001,2.5
520,52.9840319328372,53.169426194002796,3.5141277323260325e-06,3.5485499839192427e-06,38.803521800081135,38.7994870980049,2.9167161223477054,3.106464511176017,1.8388968027217105,1.3067306969875476,2.9167161223477054,3.106464511176017,39.698492462311556,40.13377926421405,-0.13856589794158936,-0.32231175899505615,0.001,2.5
521,53.563739131243786,53.27848947327273,3.51715708283926e-06,3.5586566099540093e-06,38.79670817568474,38.79225778739189,2.9625278206127175,3.11464099660765,1.8174043284788404,1.3040158242286248,2.9625278206127175,3.11464099660765,39.698492462311556,40.13377926421405,-0.14668214321136475,-0.3298577070236206,0.001,2.5
522,53.33258599771727,52.084155462258636,3.5250385007502684e-06,3.5603559893975657e-06,38.78944529241054,38.786415049064914,2.955162424538004,3.0331820811715016,1.793271286603394,1.309526970155263,2.955162424538004,3.0331820811715016,40.117252931323286,40.13377926421405,-0.15758848190307617,-0.249750018119812,0.001,2.5
523,52.51325229663945,52.47600771033245,3.5283688997226893e-06,3.57101383081782e-06,38.78447695912628,38.78034289305824,2.897853459145755,3.0593671495699164,1.8013323000328025,1.3093428799141211,2.897853459145755,3.0593671495699164,40.871021775544385,40.13377926421405,-0.1187891960144043,-0.27671384811401367,0.001,2.5
524,53.34634838391788,51.39836010885079,3.543977344248755e-06,3.5908265523711298e-06,38.77764068296806,38.77305291727634,2.9526620510235504,2.98585899777237,1.8035271343474013,1.314339932789372,2.9526620510235504,2.98585899777237,40.619765494137354,40.13377926421405,-0.13627684116363525,-0.19621145725250244,0.001,2.5
525,52.013537063470835,51.427021600729645,3.56041441309678e-06,3.6053110668938926e-06,38.770228591995625,38.76532916321005,2.867368036778129,2.990322716658729,1.7928486092006741,1.3066822019309106,2.867368036778129,2.990322716658729,40.619765494137354,40.13377926421405,-0.10143780708312988,-0.20155823230743408,0.001,2.5
526,53.42788978078257,52.07986900559237,3.57604369868632e-06,3.6191168436193628e-06,38.762407440236665,38.75642619563585,2.9595386914072725,3.0343510992949625,1.7992085517950394,1.3051680473978304,2.9595386914072725,3.0343510992949625,42.29480737018426,40.13377926421405,-0.15271663665771484,-0.25095856189727783,0.001,2.5
527,52.149037142295136,51.456462477361875,3.583208979783604e-06,3.6188240213059574e-06,38.74835736068649,38.73770642998227,2.882892585878995,2.9916103165285244,1.7733791804992574,1.308713163021815,2.882892585878995,2.9916103165285244,41.289782244556115,40.13377926421405,-0.12127649784088135,-0.2031080722808838,0.001,2.5
528,52.86730364059883,50.875315050616315,3.585539550054526e-06,3.625169035808616e-06,38.73467810549329,38.728750643522844,2.922494845174665,2.9532634095603405,1.7982284858997544,1.3075265617274918,2.922494845174665,2.9532634095603405,39.949748743718594,40.13377926421405,-0.1341996192932129,-0.15053701400756836,0.001,2.5
529,52.837627251144234,51.6453870052478,3.5927555987042645e-06,3.629975650669484e-06,38.72170890795326,38.713807964005994,2.916087087075315,3.005331684514432,1.8115190329463837,1.305338447309258,2.916087087075315,3.005331684514432,40.53601340033501,40.13377926421405,-0.10002768039703369,-0.21886789798736572,0.001,2.5
530,52.71311550044534,50.970582866349744,3.595147102073322e-06,3.632768819923902e-06,38.71248943002979,38.71052733711574,2.9180683143174826,2.958969930342607,1.7806749755214006,1.3094637744801498,2.9180683143174826,2.958969930342607,41.289782244556115,40.13377926421405,-0.13745379447937012,-0.1601015329360962,0.001,2.5
531,52.963459602752124,51.07357657952452,3.5997248528436215e-06,3.6387079427584585e-06,38.70893008105919,38.705530606783356,2.929951466108287,2.9651653965978717,1.7950948097398334,1.3114775933549556,2.929951466108287,2.9651653965978717,39.44723618090452,40.13377926421405,-0.14716672897338867,-0.1700676679611206,0.001,2.5
532,52.64042216289782,50.8690480005781,3.606632999450767e-06,3.6465702446107616e-06,38.703132130991875,38.700141141247194,2.9147932856925567,2.95196068805197,1.7759633864989033,1.3101869498606908,2.9147932856925567,2.95196068805197,42.54606365159129,40.13377926421405,-0.12869536876678467,-0.14809465408325195,0.001,2.5
533,52.04827894277908,50.67648973752025,3.6146016831498947e-06,3.6559285572639966e-06,38.69830908847214,38.69534653883714,2.8668380410627305,2.939407505717963,1.8014014152625897,1.3093355288074966,2.8668380410627305,2.939407505717963,40.20100502512563,40.13377926421405,-0.10734152793884277,-0.1210482120513916,0.001,2.5
534,52.74328468233297,50.54123933977108,3.6229632114311236e-06,3.6630585911680526e-06,38.694027764913024,38.69141145533941,2.918551075198942,2.9299969091064555,1.785264270189819,1.3105179844891348,2.918551075198942,2.9299969091064555,40.619765494137354,40.13377926421405,-0.13502001762390137,-0.061524033546447754,0.001,2.5
535,52.82430035385055,50.51070212679962,3.629726503868293e-06,3.6672542894644647e-06,38.69013993025225,38.68837061853313,2.9276494860050066,2.9281504521003137,1.774172635933063,1.3099505777741753,2.9276494860050066,2.9281504521003137,40.28475711892797,40.13377926421405,-0.10871589183807373,-0.07784450054168701,0.001,2.5
536,53.31693993062031,50.5950666957077,3.6335708979823422e-06,3.6730267816150394e-06,38.68682617238618,38.68485023983346,2.9489070674282822,2.9345761405983097,1.8089287714343174,1.307547229588231,2.9489070674282822,2.9345761405983097,40.619765494137354,40.13377926421405,-0.14074170589447021,-0.10978996753692627,0.001,2.5
537,53.55910712390689,50.75772261858784,3.6391418504826953e-06,3.6797262047583713e-06,38.68331086815302,38.68120680844106,2.9662929200247503,2.9465067538130643,1.8052052686761573,1.3042871708853987,2.9662929200247503,2.9465067538130643,41.20603015075377,40.13377926421405,-0.16144859790802002,-0.1367706060409546,0.001,2.5
538,53.48542264238674,50.53724635963057,3.6468427340762624e-06,3.686024608418011e-06,38.68052383882915,38.67906888113373,2.9682461907915534,2.9310806579015725,1.7846089016452706,1.3064709180174863,2.9682461907915534,2.9310806579015725,40.619765494137354,40.13377926421405,-0.1534949541091919,-0.09814047813415527,0.001,2.5
539,52.92640815108665,50.76281197334213,3.652779835127886e-06,3.69370569497188e-06,38.676779870012496,38.67139743562526,2.9320829298028994,2.945611242466547,1.781296679722005,1.307993489364318,2.9320829298028994,2.945611242466547,41.37353433835846,40.13377926421405,-0.1308039426803589,-0.13477575778961182,0.001,2.5
540,51.86407517348502,52.34248283156583,3.659813436779114e-06,3.6993680089875376e-06,38.66488528611073,38.65869995423384,2.8571859444405767,3.051930780793512,1.793523444602238,1.3049717918287551,2.8571859444405767,3.051930780793512,40.7035175879397,40.13377926421405,-0.09728372097015381,-0.26904475688934326,0.001,2.5
541,52.60348377834812,51.970916275994036,3.6642774854772753e-06,3.7009957657233297e-06,38.6580365690554,38.65699797410231,2.8987184709040963,3.0268272859197,1.816809012262865,1.30596891454231,2.8987184709040963,3.0268272859197,40.20100502512563,40.13377926421405,-0.11892783641815186,-0.24292421340942383,0.001,2.5
542,52.32656026485577,50.69932642908,3.665968670308759e-06,3.704235104485627e-06,38.65650562944524,38.65533733048965,2.886594480805261,2.942004135221143,1.79779653573156,1.3061213238183471,2.886594480805261,2.942004135221143,40.117252931323286,40.13377926421405,-0.10819971561431885,-0.12688851356506348,0.001,2.5
543,52.44289920877172,50.64212644698229,3.670584369631232e-06,3.709755051402127e-06,38.65439897086752,38.65257102430465,2.908845092383661,2.937770860250977,1.7543129329905038,1.3073814202311844,2.908845092383661,2.937770860250977,41.87604690117253,40.13377926421405,-0.10735750198364258,-0.11735916137695312,0.001,2.5
544,52.860465492235754,50.52736143284418,3.6752117179507517e-06,3.7125457195461147e-06,38.65195008857766,38.650738349327675,2.912068468841476,2.931621805879982,1.8281567747668805,1.3028761256099943,2.912068468841476,2.931621805879982,40.95477386934673,40.13377926421405,-0.1151571273803711,-0.05721616744995117,0.001,2.5
545,52.79320336985628,50.599551784553654,3.6779193491859235e-06,3.7166014218173496e-06,38.65005711055481,38.64891821564639,2.9215228980909442,2.9351595189659094,1.7863412208892593,1.3067013906395955,2.9215228980909442,2.9351595189659094,40.95477386934673,40.13377926421405,-0.11747777462005615,-0.04865455627441406,0.001,2.5
546,51.73507937075105,50.50690608200022,3.682296726999954e-06,3.7211576678436722e-06,38.6477570589663,38.645949896362715,2.8566772534419944,2.929679686409175,1.7692536522994688,1.3046121812584408,2.8566772534419944,2.929679686409175,41.541038525963145,40.13377926421405,-0.10438930988311768,-0.062383413314819336,0.001,2.5
547,52.200307414759344,51.31076766814675,3.6867314860077693e-06,3.72505586631672e-06,38.6449494417788,38.64236867387957,2.87864633780628,2.9824950583403727,1.7963925693901739,1.3069388423875024,2.87864633780628,2.9824950583403727,41.038525963149084,40.13377926421405,-0.10349178314208984,-0.19211041927337646,0.001,2.5
548,52.60999993303513,50.59548175773493,3.6887187787769758e-06,3.724878126261419e-06,38.64113784994512,38.638809918559915,2.9160042907325066,2.9338825450693085,1.7662583036438704,1.3097200206290918,2.9160042907325066,2.9338825450693085,40.28475711892797,40.13377926421405,-0.12654244899749756,-0.10791635513305664,0.001,2.5
549,52.56585132336896,50.55170522326211,3.689173945074333e-06,3.726612748624669e-06,38.63775804733711,38.63506920600815,2.9043924197479707,2.9322372918144914,1.792264654009386,1.3059010521624002,2.9043924197479707,2.9322372918144914,41.038525963149084,40.13377926421405,-0.10547399520874023,-0.10274350643157959,0.001,2.5
550,52.417574756309214,50.6051670699614,3.6915057318134615e-06,3.729398479946246e-06,38.63349147777461,38.631240398190094,2.8861269815083923,2.9345741686613662,1.8174067925368522,1.309584048280748,2.8861269815083923,2.9345741686613662,40.53601340033501,40.13377926421405,-0.09210765361785889,-0.04987668991088867,0.001,2.5
551,53.37364652368491,51.13836833226641,3.6937546627473657e-06,3.7308261820677663e-06,38.63022998190006,38.62828178788507,2.962802350221567,2.969873112579652,1.7785953748565622,1.3103278608226456,2.962802350221567,2.969873112579652,41.45728643216081,40.13377926421405,-0.14724326133728027,-0.012932419776916504,0.001,2.5
552,51.993677033850894,50.60875588356452,3.695052598142113e-06,3.73184584882088e-06,38.62831223709899,38.627500323547565,2.8661852246353177,2.9365499817009355,1.792453521060784,1.3043748116413487,2.8661852246353177,2.9365499817009355,40.95477386934673,40.13377926421405,-0.11229372024536133,-0.04605507850646973,0.001,2.5
553,53.30175498821827,50.79489852752175,3.6966802779249918e-06,3.7344346441216395e-06,38.627544038858844,38.62657886364787,2.9661158121610605,2.9489784264644254,1.7542773227595805,1.304318105097997,2.9661158121610605,2.9489784264644254,40.36850921273032,40.13377926421405,-0.17118418216705322,-0.14226627349853516,0.001,2.5
554,52.462026279775344,50.87210158281103,3.699052797686882e-06,3.736595426348883e-06,38.626145667965886,38.62468138985012,2.908708372707143,2.9532786069506387,1.7585541750717801,1.3068589027908732,2.908708372707143,2.9532786069506387,41.20603015075377,40.13377926421405,-0.12913644313812256,-0.1505643129348755,0.001,2.5
555,53.54524926164841,50.515647888183594,3.7010674876509676e-06,3.7382998080132997e-06,38.62457720119151,38.62361430802871,2.9664446596723906,2.92935307049831,1.801990247851041,1.3073448955414686,2.9664446596723906,2.92935307049831,40.619765494137354,40.13377926421405,-0.13725030422210693,-0.09017026424407959,0.001,2.5
556,52.31530120185072,50.74138222888959,3.703107203572909e-06,3.740765529517643e-06,38.6236828304016,38.62281750835304,2.8956764954418395,2.945470338681071,1.7683053160432596,1.304140034726631,2.8956764954418395,2.945470338681071,41.289782244556115,40.13377926421405,-0.11207401752471924,-0.13446331024169922,0.001,2.5
557,52.665800640930485,50.927098877055194,3.7053265267980107e-06,3.7420976700574758e-06,38.62260274711366,38.62136621379533,2.9144371857794886,2.9553060914361757,1.7821229147152287,1.3117770662275843,2.9144371857794886,2.9553060914361757,39.698492462311556,40.13377926421405,-0.13328862190246582,-0.15402448177337646,0.001,2.5
558,52.63495428957532,50.90776990807575,3.7061538984700224e-06,3.74296694699479e-06,38.62115721966154,38.62000783709778,2.9070357561510813,2.955052650094431,1.798158861284879,1.308670915488814,2.9070357561510813,2.955052650094431,39.949748743718594,40.13377926421405,-0.12123358249664307,-0.1536083221435547,0.001,2.5
559,52.89068830352732,50.789225166856646,3.7072699174048353e-06,3.7437655107190413e-06,38.619781027686855,38.61792626269286,2.936426238198975,2.947314753580253,1.7611341356632098,1.3081769767812264,2.936426238198975,2.947314753580253,40.7035175879397,40.13377926421405,-0.12464463710784912,-0.13858294486999512,0.001,2.5
560,53.14839759583849,50.55211323001313,3.707849414827152e-06,3.744698905511936e-06,38.61694066288882,38.61427641393349,2.9352955602521273,2.931187200705742,1.8160689587968477,1.3091373068831835,2.9352955602521273,2.931187200705742,39.11222780569514,40.13377926421405,-0.1406564712524414,-0.09855997562408447,0.001,2.5
561,52.3347761579095,50.52254990032285,3.709087357849021e-06,3.7462362017450203e-06,38.61308991449762,38.61054074086473,2.894546257590928,2.9303307022936766,1.7755929177729928,1.305795103411212,2.894546257590928,2.9303307022936766,40.36850921273032,40.13377926421405,-0.09915268421173096,-0.09507036209106445,0.001,2.5
562,52.389991306579695,50.85791181481403,3.7105458925646935e-06,3.747296892336492e-06,38.60988178604612,38.6077281862597,2.8999999408146846,2.9517351608212574,1.7702759546251152,1.3086548262216575,2.8999999408146846,2.9517351608212574,40.45226130653266,40.13377926421405,-0.10528957843780518,-0.14766573905944824,0.001,2.5
563,52.58821834391685,50.628435421946854,3.7112447786861976e-06,3.747877958311464e-06,38.607896871902234,38.60687258411012,2.9159049784118807,2.937466970654236,1.7622062045725146,1.305563828219538,2.9159049784118807,2.937466970654236,41.959798994974875,40.13377926421405,-0.12958121299743652,-0.04438018798828125,0.001,2.5
564,52.93878265840923,51.02827313273248,3.711833300215493e-06,3.748667459787922e-06,38.606864117697455,38.60596742917064,2.9305073132666712,2.964585568992589,1.7885124679386515,1.3041763959521036,2.9305073132666712,2.964585568992589,40.45226130653266,40.13377926421405,-0.13250112533569336,-0.16919028759002686,0.001,2.5
565,53.16715159967317,51.36455849740019,3.712589979240905e-06,3.7490829657883943e-06,38.60592315264882,38.60504380037952,2.951935420683281,2.9858235730774028,1.769902342527955,1.3077194806325396,2.951935420683281,2.9858235730774028,39.86599664991625,40.13377926421405,-0.14500141143798828,-0.19616806507110596,0.001,2.5
566,53.14796080341691,50.51569865300105,3.71271731459292e-06,3.7490988173076738e-06,38.60520310138338,38.60468579295487,2.940872090545731,2.928362137497867,1.7992541941765765,1.310331413578429,2.940872090545731,2.928362137497867,41.70854271356784,40.13377926421405,-0.13653957843780518,-0.08160769939422607,0.001,2.5
567,51.660183189302636,50.5092341828107,3.7128899091130215e-06,3.7493887491617467e-06,38.60468976581516,38.604092320470905,2.849865236873403,2.92853003839984,1.774719136643849,1.3085350452059488,2.849865236873403,2.92853003839984,41.20603015075377,40.13377926421405,-0.09422814846038818,-0.06763803958892822,0.001,2.5
568,52.198050225799406,50.89538703076417,3.713234900867523e-06,3.7498335217283497e-06,38.604178142707354,38.60362201550334,2.886722915336315,2.9540414451356716,1.7717194800800216,1.3092316022286048,2.886722915336315,2.9540414451356716,40.7035175879397,40.13377926421405,-0.11823177337646484,-0.023137569427490234,0.001,2.5
569,52.487494808944625,50.777086583268286,3.713742006244011e-06,3.75026955675806e-06,38.60356726718308,38.603045983458045,2.9056203425230094,2.946362557618514,1.772916115109046,1.3086077668595075,2.9056203425230094,2.946362557618514,40.787269681742046,40.13377926421405,-0.11210346221923828,-0.0307314395904541,0.001,2.5
570,52.15144720029591,50.558234785711484,3.7139828517145092e-06,3.7503557952586076e-06,38.60321922877326,38.60261984732637,2.874573544241875,2.9336244701143093,1.7988472314336192,1.3030526709795796,2.874573544241875,2.9336244701143093,40.7035175879397,40.13377926421405,-0.07850301265716553,-0.05212199687957764,0.001,2.5
571,53.798860367818094,50.49822982737053,3.7141065110016743e-06,3.750336046448068e-06,38.60261060884051,38.602022024301384,2.982312957645461,2.9285518748305712,1.8051121272833104,1.3062694108605784,2.982312957645461,2.9285518748305712,39.7822445561139,40.13377926421405,-0.14436066150665283,-0.08338594436645508,0.001,2.5
572,52.90430794209492,51.47807421732109,3.714268362972547e-06,3.7510383337703813e-06,38.601792212507036,38.6009882413424,2.935390939664601,2.9936448339634514,1.766967741288931,1.306959839967581,2.935390939664601,2.9936448339634514,40.871021775544385,40.13377926421405,-0.1180649995803833,-0.20544874668121338,0.001,2.5
573,52.815521406368596,51.581510971222436,3.715100521679277e-06,3.7517528673323914e-06,38.600902832133485,38.600324445743624,2.918138152590549,3.0007733549162694,1.8009688802300585,1.306261324962246,2.918138152590549,3.0007733549162694,40.619765494137354,40.13377926421405,-0.1287240982055664,-0.21364307403564453,0.001,2.5
574,53.02149356350028,50.870380605742284,3.7156061854990455e-06,3.7519731262650006e-06,38.600416806475,38.60011458636128,2.942007254116499,2.9526852173948765,1.7705560081967557,1.3082996710487034,2.942007254116499,2.9526852173948765,39.11222780569514,40.13377926421405,-0.13985967636108398,-0.1494767665863037,0.001,2.5
575,52.93616867704407,50.52163783044719,3.7156370313850995e-06,3.751857881271222e-06,38.600189841572366,38.59990801859062,2.9203755368339754,2.929658983862121,1.818385907353668,1.3076295585536637,2.9203755368339754,2.929658983862121,39.53098827470687,40.13377926421405,-0.12632739543914795,-0.09194862842559814,0.001,2.5
576,52.10330632144283,50.51395696939832,3.7155223630700553e-06,3.7518299135486955e-06,38.59989154119188,38.59955160593907,2.8802702678507894,2.9283146244227685,1.7721294104753427,1.3101269337644545,2.8802702678507894,2.9283146244227685,40.45226130653266,40.13377926421405,-0.10261011123657227,-0.07072043418884277,0.001,2.5
577,51.92116246311309,50.6741274575326,3.7155834900261484e-06,3.75198075963274e-06,38.59946729829363,38.59884531282661,2.8789476537624594,2.939159289650295,1.7396686734066935,1.309627410958842,2.8789476537624594,2.939159289650295,40.45226130653266,40.13377926421405,-0.1124495267868042,-0.12048506736755371,0.001,2.5
578,52.68872462644848,50.620046711286975,3.715791525513366e-06,3.7523341279818144e-06,38.598904620862285,38.59860610961914,2.916843945456909,2.936302626013357,1.7794930519570458,1.3073814636887515,2.916843945456909,2.936302626013357,41.45728643216081,40.13377926421405,-0.1212698221206665,-0.11389577388763428,0.001,2.5
579,52.82071501765419,50.501133768853535,3.716230672440266e-06,3.752806834811273e-06,38.59867752177432,38.5984001159668,2.9224522017953385,2.9295778362248655,1.7890662016780732,1.3037729410822176,2.9224522017953385,2.9295778362248655,41.959798994974875,40.13377926421405,-0.13212287425994873,-0.09150290489196777,0.001,2.5
580,52.99687044025466,50.636507257569995,3.716747863381745e-06,3.753406252655507e-06,38.59844570703043,38.59766986298322,2.934120476944762,2.9381112111452032,1.789292389424003,1.3052476401313093,2.934120476944762,2.9381112111452032,39.86599664991625,40.13377926421405,-0.12742173671722412,-0.04322183132171631,0.001,2.5
581,52.61110795243102,51.899884890553146,3.7171588552015143e-06,3.753566485698246e-06,38.597682959270635,38.5972807000712,2.9014630912736035,3.0217521055087597,1.8101121640484936,1.3070006410413761,2.9014630912736035,3.0217521055087597,41.289782244556115,40.13377926421405,-0.10579895973205566,-0.23736286163330078,0.001,2.5
582,52.42999980038334,51.68796911845638,3.7172490482828817e-06,3.7536541538392946e-06,38.59720884415772,38.59673299119624,2.899109770105512,3.0071475298508354,1.7809504671911498,1.3084309619405996,2.899109770105512,3.0071475298508354,40.20100502512563,40.13377926421405,-0.10412979125976562,-0.22088181972503662,0.001,2.5
583,52.94149283148735,50.50635857725622,3.717460889327495e-06,3.7539267406560327e-06,38.596734122015924,38.59626921841931,2.9362794170826922,2.92857231503745,1.7717400188222403,1.3078346407931785,2.9362794170826922,2.92857231503745,40.45226130653266,40.13377926421405,-0.1336815357208252,-0.08357906341552734,0.001,2.5
584,52.7319535618052,52.06061640710735,3.7176686665913425e-06,3.7541291990435086e-06,38.59626847335841,38.59587416122589,2.9167736359377403,3.0318396242964627,1.7883496032887367,1.3088838910578087,2.9167736359377403,3.0318396242964627,40.36850921273032,40.13377926421405,-0.11812126636505127,-0.2483515739440918,0.001,2.5
585,53.018845128453954,53.6414432334262,3.717905385819965e-06,3.7543100569318174e-06,38.595987629850505,38.5957896892841,2.9453330271607467,3.137797826907308,1.7600500164319521,1.3071748325258594,2.9453330271607467,3.137797826907308,40.45226130653266,40.13377926421405,-0.14252114295959473,-0.3506089448928833,0.001,2.5
586,52.639856284187864,54.29165622621874,3.7180483337835e-06,3.754475551507869e-06,38.59591912504417,38.595717745879824,2.9122546669626157,3.180775415139852,1.7834870865197237,1.3082850230577399,2.9122546669626157,3.180775415139852,41.541038525963145,40.13377926421405,-0.11546242237091064,-0.3894515037536621,0.001,2.5
587,52.37431022989091,51.773270367778665,3.718246280277983e-06,3.754715916661142e-06,38.59581178955896,38.595557541352846,2.888198071388743,3.012864648697767,1.8025475906167598,1.3083397524811353,2.888198071388743,3.012864648697767,41.289782244556115,40.13377926421405,-0.09873652458190918,-0.22728395462036133,0.001,2.5
588,52.335801883358855,51.48469456701375,3.7185162311023798e-06,3.754992531566037e-06,38.59566044767498,38.5954234783466,2.8993528096919485,2.9945217741771684,1.761381729763357,1.3056537032526074,2.8993528096919485,2.9945217741771684,40.53601340033501,40.13377926421405,-0.11670958995819092,-0.20644831657409668,0.001,2.5
589,52.81384879260806,51.69648885567452,3.718740033449591e-06,3.755154192728383e-06,38.595500862977815,38.595232194881376,2.9194406217067086,3.0077829927106365,1.7967275047621736,1.3082293953783934,2.9194406217067086,3.0077829927106365,40.20100502512563,40.13377926421405,-0.11269557476043701,-0.22158896923065186,0.001,2.5
590,53.22309214785271,51.221501404625116,3.7188977721278427e-06,3.7552533595896533e-06,38.59515377025508,38.5948758077462,2.9418549170246475,2.9754078396187977,1.811333924681697,1.3103575243997734,2.9418549170246475,2.9754078396187977,40.28475711892797,40.13377926421405,-0.16075217723846436,-0.18342328071594238,0.001,2.5
591,52.16497313277406,50.98452123431458,3.7189774351801003e-06,3.7553483363875403e-06,38.59499409610103,38.59482839833135,2.8922693693458137,2.9600222605127953,1.748467114702541,1.3091181803706498,2.8922693693458137,2.9600222605127953,41.79229480737018,40.13377926421405,-0.10095381736755371,-0.16186881065368652,0.001,2.5
592,51.77297746156728,51.73474091749925,3.7190779252039956e-06,3.75549944102359e-06,38.59493120151948,38.59468726729071,2.8549589427871322,3.010977234728759,1.7819993687634492,1.3062972555989805,2.8549589427871322,3.010977234728759,41.37353433835846,40.13377926421405,-0.07260322570800781,-0.2251603603363037,0.001,2.5
593,52.54673633543491,53.148058747766804,3.7192586743267187e-06,3.7556859186157835e-06,38.59479357209837,38.59460335670905,2.905046499354556,3.105350203338674,1.7864882193218723,1.305841800361174,2.905046499354556,3.105350203338674,41.541038525963145,40.13377926421405,-0.11606717109680176,-0.32129013538360596,0.001,2.5
594,52.11265299428049,54.14315363395971,3.719432151681292e-06,3.7558237709406565e-06,38.59468343150076,38.59449058711329,2.88425837809117,3.1717614633183815,1.7620362312949482,1.3056266503190517,2.88425837809117,3.1717614633183815,41.038525963149084,40.13377926421405,-0.11509013175964355,-0.3813636302947998,0.001,2.5
595,52.327042552494326,51.75574370929629,3.719529076089862e-06,3.7558975373487258e-06,38.594567393138384,38.594380496736356,2.903001603169657,3.013533800342011,1.7486843323987133,1.3028280451943643,2.903001603169657,3.013533800342011,39.86599664991625,40.13377926421405,-0.1116713285446167,-0.22803962230682373,0.001,2.5
596,52.36368387628041,53.237704401430875,3.7195583924404374e-06,3.7558408893647634e-06,38.59445562953725,38.59423391795079,2.904160964029718,3.1114451709798345,1.752534366532586,1.3054858880696887,2.904160964029718,3.1114451709798345,38.94472361809046,40.13377926421405,-0.1052168607711792,-0.32689785957336426,0.001,2.5
597,53.04325483312559,52.70498701880209,3.719579092585553e-06,3.75601385457288e-06,38.59432285634716,38.59410694849531,2.9534614369697505,3.0769659787117436,1.7405472760224463,1.3023797911545105,2.9534614369697505,3.0769659787117436,40.53601340033501,40.13377926421405,-0.12880539894104004,-0.2942851781845093,0.001,2.5
598,52.600586397563994,52.966198886118605,3.7197598302824627e-06,3.7561960120652402e-06,38.594194690186775,38.59400725603901,2.913809833814151,3.0940241159802695,1.7709685885526827,1.3034478713038773,2.913809833814151,3.0940241159802695,41.12227805695142,40.13377926421405,-0.10409486293792725,-0.310621976852417,0.001,2.5
599,52.47523026330587,50.74893883797636,3.71990702598235e-06,3.7562842976893133e-06,38.59409172530949,38.59391353441321,2.904944976570219,2.9448344332717333,1.772491773368925,1.307564798007442,2.904944976570219,2.9448344332717333,39.949748743718594,40.13377926421405,-0.09575021266937256,-0.1330568790435791,0.001,2.5
600,52.427400783877474,50.78068375348247,3.7200040090434257e-06,3.7563110623845674e-06,38.59402010229165,38.593841055165164,2.9029115895729767,2.9468680624180412,1.7690259266139274,1.3078128565912661,2.9029115895729767,2.9468680624180412,41.038525963149084,40.13377926421405,-0.09520721435546875,-0.030155539512634277,0.001,2.5
601,52.41137205855531,50.864540074581285,3.719936705673774e-06,3.7562264801377496e-06,38.593943399400565,38.5937936585085,2.8997449623280436,2.9528378172463,1.7753201098098628,1.3066748623863909,2.8997449623280436,2.9528378172463,39.86599664991625,40.13377926421405,-0.12269580364227295,-0.024179577827453613,0.001,2.5
602,53.08255254084141,50.49798090242622,3.7198660408299854e-06,3.756145113061165e-06,38.59384202557792,38.593651443022154,2.933803530793693,2.9289491152683627,1.8073805376912282,1.305029199274886,2.933803530793693,2.9289491152683627,38.77721943048576,40.13377926421405,-0.11257004737854004,-0.06476593017578125,0.001,2.5
603,52.82538788761925,50.50340951007345,3.719822382037417e-06,3.756175775808126e-06,38.59373564855937,38.59358496012098,2.928887857663971,2.928860902786255,1.7706946735605722,1.306379343354981,2.928887857663971,2.928860902786255,41.12227805695142,40.13377926421405,-0.14438962936401367,-0.08632302284240723,0.001,2.5
604,52.26020635352462,50.718672430236204,3.7198415975885845e-06,3.7561687926226353e-06,38.593676728419524,38.59353101851549,2.8930261326794646,2.943776906533385,1.7652433297941632,1.3046841617411993,2.8930261326794646,2.943776906533385,40.95477386934673,40.13377926421405,-0.12141311168670654,-0.13073480129241943,0.001,2.5
605,52.633696902736745,50.51205047556389,3.719899910366976e-06,3.7563588427951875e-06,38.59362546323332,38.593468898913535,2.9200675343748315,2.929497302575255,1.7588173135041791,1.306198608915144,2.9200675343748315,2.929497302575255,42.04355108877722,40.13377926421405,-0.1213310956954956,-0.09106123447418213,0.001,2.5
606,53.301118821954006,50.55247612382257,3.720086008293548e-06,3.756523233202086e-06,38.593403916862144,38.59324274732915,2.9576427557160905,2.9319881125038685,1.7795760949053356,1.3068116939187449,2.9576427557160905,2.9319881125038685,41.541038525963145,40.13377926421405,-0.13366985321044922,-0.10174286365509033,0.001,2.5
607,52.38074925996151,56.77586690079807,3.720250054401346e-06,3.7566514384953645e-06,38.59310005098531,38.59277407540924,2.8978740621851116,3.3475441789148643,1.7748080523968541,1.3048209183192174,2.8978740621851116,3.3475441789148643,40.28475711892797,40.13377926421405,-0.10489881038665771,-0.5337070226669312,0.001,2.5
608,52.30856679152804,52.92479995421343,3.720445228231914e-06,3.756942539917039e-06,38.59286362282195,38.59272176685142,2.902204288709503,3.089805280883177,1.7473811064932614,1.3078244816898104,2.902204288709503,3.089805280883177,42.12730318257956,40.13377926421405,-0.11744475364685059,-0.30659496784210205,0.001,2.5
609,52.03408492709724,53.866480033134536,3.720695935321471e-06,3.7571575038566645e-06,38.59274764196757,38.59255883207289,2.8770357959434216,3.15291481990878,1.7679901744053392,1.306832139308636,2.8770357959434216,3.15291481990878,40.36850921273032,40.13377926421405,-0.10503160953521729,-0.364141583442688,0.001,2.5
610,52.2026393513384,51.549936326451125,3.720864891481905e-06,3.7572397477287267e-06,38.5925925492841,38.592424207706514,2.8840597266927235,2.9996069514233135,1.7806292330999072,1.3034471556494467,2.8840597266927235,2.9996069514233135,41.541038525963145,40.13377926421405,-0.0994253158569336,-0.21229124069213867,0.001,2.5
611,51.987217760964654,50.598198511130036,3.7209783082895833e-06,3.7573957899476347e-06,38.592428855959895,38.59220567275848,2.867963428273672,2.935850058909643,1.7858337701065856,1.3043700875247202,2.867963428273672,2.935850058909643,39.11222780569514,40.13377926421405,-0.09627425670623779,-0.04735457897186279,0.001,2.5
612,51.84163652991929,50.530028812063975,3.721115282838168e-06,3.7574661457505723e-06,38.59221714345654,38.591982787269416,2.8560506782340047,2.9318384550088226,1.792455660038857,1.3027709854087701,2.8560506782340047,2.9318384550088226,39.53098827470687,40.13377926421405,-0.09035968780517578,-0.10114431381225586,0.001,2.5
613,52.58278217667112,50.821805003494724,3.7211550701844866e-06,3.7575378650351155e-06,38.59193612103486,38.59172667946704,2.9147468971047967,2.9510354740563844,1.764596410931854,1.3035350954253537,2.9147468971047967,2.9510354740563844,41.038525963149084,40.13377926421405,-0.11055207252502441,-0.1463385820388794,0.001,2.5
614,52.85048697901331,50.48555686721036,3.7212827745902564e-06,3.757744546185199e-06,38.591803903755434,38.591660745167815,2.944312010977536,2.928490945726733,1.7294419107325312,1.3039192272269207,2.944312010977536,2.928490945726733,42.29480737018426,40.13377926421405,-0.12383592128753662,-0.06819021701812744,0.001,2.5
615,53.01178465416683,50.853603886122684,3.721504109342755e-06,3.7579647077805826e-06,38.5916726002142,38.59147165611037,2.9370294535779076,2.9533109776551107,1.7835491448391223,1.303068487141842,2.9370294535779076,2.9533109776551107,40.7035175879397,40.13377926421405,-0.12569725513458252,-0.15062284469604492,0.001,2.5
616,51.936853143637705,51.11031508684956,3.7217729484355628e-06,3.7582948847752094e-06,38.5915595139291,38.59141825034865,2.865774542043357,2.9704500982992625,1.7823274077682238,1.3029933960541435,2.865774542043357,2.9704500982992625,41.62479061976549,40.13377926421405,-0.08309352397918701,-0.17719149589538574,0.001,2.5
617,52.584222911789986,51.286362077081485,3.7220639193278344e-06,3.7585544466544456e-06,38.59149661934755,38.59135775103617,2.9122145627211884,2.982447030950948,1.7724819083509333,1.302212156579646,2.9122145627211884,2.982447030950948,40.787269681742046,40.13377926421405,-0.11171901226043701,-0.19205248355865479,0.001,2.5
618,52.3277269488004,50.63534974573448,3.7223294190364106e-06,3.7587832149898247e-06,38.59144923275639,38.59131688657014,2.8836689909898254,2.938321198906787,1.8068193848208967,1.3043873094794742,2.8836689909898254,2.938321198906787,39.698492462311556,40.13377926421405,-0.09070241451263428,-0.11859321594238281,0.001,2.5
619,51.78779318983631,50.55178672254684,3.7224990714097065e-06,3.7589367887975274e-06,38.59139559696268,38.59125041642715,2.868047820862813,2.9329860696824497,1.7456962599027497,1.3036803645035095,2.868047820862813,2.9329860696824497,41.87604690117253,40.13377926421405,-0.08624482154846191,-0.10526549816131592,0.001,2.5
620,52.15805777033769,52.436552003075846,3.722688975655395e-06,3.7591139440690276e-06,38.591337028260604,38.59119153740414,2.882217884862443,3.058149901520847,1.7772390526942472,1.3051420545896957,2.882217884862443,3.058149901520847,40.619765494137354,40.13377926421405,-0.10068559646606445,-0.27545595169067383,0.001,2.5
621,52.545667114768996,50.50268034153559,3.722839828757971e-06,3.759260047244665e-06,38.59126851706449,38.591106529618585,2.914713185436562,2.9287155663289353,1.757275154442843,1.306670693649496,2.914713185436562,2.9287155663289353,39.44723618090452,40.13377926421405,-0.10973799228668213,-0.08493590354919434,0.001,2.5
622,53.05295995971066,51.30394553500275,3.722958519339994e-06,3.7593939368798296e-06,38.59110244035322,38.5907653757561,2.9336051920949915,2.9836267603679643,1.8020577766188426,1.3021898987301217,2.9336051920949915,2.9836267603679643,40.95477386934673,40.13377926421405,-0.143601655960083,-0.00704801082611084,0.001,2.5
623,52.54900274484401,51.80298881148016,3.7231852135604337e-06,3.7597006943858857e-06,38.59064350096225,38.590450950290844,2.911591028648006,3.0162024490011974,1.7673090047373046,1.3042713925989975,2.911591028648006,3.0162024490011974,39.698492462311556,40.13377926421405,-0.09870326519012451,-0.00051116943359375,0.001,2.5
624,52.38843618166107,50.86775892634057,3.7234777714981083e-06,3.7599822461131917e-06,38.590516957805384,38.59029999544788,2.902259511564245,2.9550184525773675,1.763190131690634,1.3007779456301278,2.902259511564245,2.9550184525773675,41.038525963149084,40.13377926421405,-0.11584699153900146,-0.022308826446533203,0.001,2.5
625,52.17264898098893,50.50726488043233,3.723745470294795e-06,3.7602163094415542e-06,38.59035246575897,38.590101069829934,2.8756530216990206,2.930039512672552,1.799852087070395,1.3036157147940186,2.8756530216990206,2.930039512672552,41.289782244556115,40.13377926421405,-0.08936047554016113,-0.0614091157913208,0.001,2.5
626,51.86033828454201,50.5118232395338,3.7238933374516167e-06,3.7602869245569443e-06,38.59016886188756,38.589968104027584,2.8710399808196767,2.9293521152292206,1.7512289555228535,1.306589868555101,2.8710399808196767,2.9293521152292206,41.20603015075377,40.13377926421405,-0.08901941776275635,-0.09016478061676025,0.001,2.5
627,52.18245828011926,50.49836914674893,3.7240025419429624e-06,3.7604545955325245e-06,38.5900295008367,38.589762658977186,2.893499199868846,2.930264935445626,1.7482754016042354,1.3011604188676662,2.893499199868846,2.930264935445626,40.20100502512563,40.13377926421405,-0.10472488403320312,-0.09477043151855469,0.001,2.5
628,51.815851578960064,52.901921773036584,3.7241695214377756e-06,3.7605671120421977e-06,38.58982598641809,38.589560543813036,2.874233264619581,3.0891728233732905,1.7327517955946163,1.3051473077723015,2.874233264619581,3.0891728233732905,39.949748743718594,40.13377926421405,-0.10248243808746338,-0.30599355697631836,0.001,2.5
629,52.80103119254312,50.893120296822744,3.724249895556452e-06,3.760614763176815e-06,38.58963343685795,38.58933602527631,2.9187153044657492,2.9553326651404137,1.7963415186608855,1.3049073749561373,2.9187153044657492,2.9553326651404137,40.03350083752093,40.13377926421405,-0.13032233715057373,-0.1540682315826416,0.001,2.5
630,52.55855548162157,51.747383730068655,3.724327626503759e-06,3.7607737612535043e-06,38.58941577547159,38.58917145745013,2.91517760246443,3.0123001755679333,1.7584595682233621,1.3048574717148491,2.91517760246443,3.0123001755679333,40.53601340033501,40.13377926421405,-0.1266498565673828,-0.22664809226989746,0.001,2.5
631,52.35370318414378,51.99589291065433,3.7244992414508403e-06,3.760889558331859e-06,38.58924167958935,38.58902052812353,2.8871964996983257,3.029604980379443,1.801432552249787,1.3026452172161345,2.8871964996983257,3.029604980379443,39.44723618090452,40.13377926421405,-0.10800349712371826,-0.24593424797058105,0.001,2.5
632,52.505484620929764,53.63397918497041,3.724602802352366e-06,3.7610554103180356e-06,38.58905855495127,38.58877752297698,2.908681389474789,3.1385666287463643,1.7673338713558076,1.303376985632855,2.908681389474789,3.1385666287463643,40.36850921273032,40.13377926421405,-0.1283327341079712,-0.35129082202911377,0.001,2.5
633,52.81964734331447,50.48877499175311,3.7247492028156797e-06,3.7611627299323977e-06,38.588832484617505,38.58851710290813,2.918906030143725,2.928880556769993,1.7994926447045663,1.3033947310718805,2.918906030143725,2.928880556769993,40.36850921273032,40.13377926421405,-0.12794363498687744,-0.08651161193847656,0.001,2.5
634,52.05755417151268,50.5537922071374,3.724850163583064e-06,3.76128788203067e-06,38.58856375612805,38.588273000557685,2.8841840573890725,2.9338975327469434,1.7512400455810317,1.3013469766214938,2.8841840573890725,2.9338975327469434,41.37353433835846,40.13377926421405,-0.10762226581573486,-0.10795891284942627,0.001,2.5
635,52.8206454968732,50.985178153251724,3.725049138781563e-06,3.761555239252873e-06,38.588273724119865,38.58789759096892,2.9143714389609334,2.9631891497800185,1.8132960508816207,1.2997498496320334,2.9143714389609334,2.9631891497800185,39.19597989949749,40.13377926421405,-0.1252274513244629,-0.167016863822937,0.001,2.5
636,52.03611328533946,51.63078292795647,3.725243974027211e-06,3.7616084119937025e-06,38.58788182627615,38.58749929319656,2.882391783460301,3.005917890414745,1.7523286716023483,1.3006850086326982,2.882391783460301,3.005917890414745,41.20603015075377,40.13377926421405,-0.10034346580505371,-0.21951687335968018,0.001,2.5
637,52.03317469687917,51.10481444649074,3.725292059941393e-06,3.761715309559938e-06,38.587500880511364,38.58711624145508,2.8876625848575252,2.97134217290974,1.7359291390957345,1.299218635495291,2.8876625848575252,2.97134217290974,40.95477386934673,40.13377926421405,-0.09415829181671143,-0.17832112312316895,0.001,2.5
638,52.30464752555093,50.486041218939434,3.7254122473048976e-06,3.7618154505539118e-06,38.58712360886872,38.58683289492808,2.9107941538844275,2.929007060551723,1.720829093675917,1.30246917699093,2.9107941538844275,2.929007060551723,41.79229480737018,40.13377926421405,-0.11008191108703613,-0.08773219585418701,0.001,2.5
639,52.68067274620785,51.165438431959885,3.7254666501701364e-06,3.761808954054549e-06,38.58689246505149,38.58633864284758,2.9090323372302542,2.973636317013897,1.80131961312925,1.3044610474021938,2.9090323372302542,2.973636317013897,39.949748743718594,40.13377926421405,-0.11646449565887451,-0.18120765686035156,0.001,2.5
640,52.67996847130346,52.17661021305965,3.7254449194167033e-06,3.7617851452170763e-06,38.58636757037548,38.585950207152095,2.921284423201927,3.0416771823347215,1.7644225794266617,1.3025725764973108,2.921284423201927,3.0416771823347215,40.7035175879397,40.13377926421405,-0.12495863437652588,-0.2584336996078491,0.001,2.5
641,52.07135018711314,54.04134816708772,3.7254601271735884e-06,3.761888144731605e-06,38.58578174916943,38.58518458848015,2.875759449436437,3.1660375260190423,1.7792739119361993,1.3024392076160596,2.875759449436437,3.1660375260190423,41.45728643216081,40.13377926421405,-0.10525429248809814,-0.37609708309173584,0.001,2.5
642,51.63430046196559,57.21806341828311,3.7255935498178223e-06,3.762042270623884e-06,38.58509545509939,38.58447072976409,2.8494946868775077,3.3792098772565655,1.7706580605339166,1.2982650508848719,2.8494946868775077,3.3792098772565655,42.12730318257956,40.13377926421405,-0.08219790458679199,-0.5604104995727539,0.001,2.5
643,52.22618144560899,58.04552790153784,3.7257527951799267e-06,3.762205978909756e-06,38.58423441977956,38.583548759536995,2.8847099963943763,3.433769135969538,1.783388497442057,1.3000809779533973,2.8847099963943763,3.433769135969538,41.70854271356784,40.13377926421405,-0.1170954704284668,-0.6069700717926025,0.001,2.5
644,52.22028017922662,54.667438047785424,3.725908773902141e-06,3.7623482486716883e-06,38.58345102025836,38.582980242062575,2.88267034262269,3.2083397764824704,1.788327917182066,1.3007513005597935,2.88267034262269,3.2083397764824704,39.36348408710218,40.13377926421405,-0.09621798992156982,-0.41454827785491943,0.001,2.5
645,52.68493674068994,52.26278094543661,3.7260756616095913e-06,3.7624987692843846e-06,38.58302053454733,38.58252019467561,2.906660023246778,3.0471305552134944,1.8092900905976543,1.3034473362575008,2.906660023246778,3.0471305552134944,41.12227805695142,40.13377926421405,-0.12118744850158691,-0.26405060291290283,0.001,2.5
646,52.82781161335445,51.805181547949545,3.726151412844394e-06,3.762522318048958e-06,38.58246760152692,38.581869386909,2.9210595473572236,3.0172077987505044,1.7946665566570594,1.3016954815906028,2.9210595473572236,3.0172077987505044,40.117252931323286,40.13377926421405,-0.13857007026672363,-0.2322089672088623,0.001,2.5
647,52.31557103577171,50.6911647120447,3.726196355517465e-06,3.7626057634273985e-06,38.5817239719819,38.58116468856964,2.9008984078514315,2.9423506738350143,1.7527018290268916,1.3034639828978574,2.9008984078514315,2.9423506738350143,41.70854271356784,40.13377926421405,-0.11083471775054932,-0.12763619422912598,0.001,2.5
648,52.03302302272675,50.630398498331026,3.726292736438204e-06,3.7627012276718605e-06,38.58095938396614,38.58010199556383,2.8809149916247905,2.938759944112006,1.7561425284125298,1.3020826769513032,2.8809149916247905,2.938759944112006,41.12227805695142,40.13377926421405,-0.107147216796875,-0.11958169937133789,0.001,2.5
649,51.64284497489482,51.015653514543104,3.726374913169286e-06,3.7627790860456406e-06,38.58006131988474,38.579366805162714,2.8693575439740666,2.9641842172297346,1.7127796181881647,1.3028615453968877,2.8693575439740666,2.9641842172297346,41.62479061976549,40.13377926421405,-0.09112441539764404,-0.1685640811920166,0.001,2.5
650,52.52855653619047,50.782617447766974,3.7264962488269805e-06,3.76298196724169e-06,38.579480776635044,38.57853409119673,2.919829362600892,2.9478890943686697,1.738506759231414,1.3051399666330088,2.919829362600892,2.9478890943686697,40.03350083752093,40.13377926421405,-0.11903953552246094,-0.13987863063812256,0.001,2.5
651,51.75356960456375,50.50727967992674,3.7266473125453733e-06,3.76299645375847e-06,38.57845946652206,38.577629944153855,2.848365682253686,2.930571290561587,1.7979004584764515,1.3020252451848824,2.848365682253686,2.930571290561587,41.70854271356784,40.13377926421405,-0.08161056041717529,-0.09614729881286621,0.001,2.5
652,51.36940695093305,51.15049438731726,3.7266422650021226e-06,3.7629850204366964e-06,38.577743325800554,38.577137873722954,2.8379367392266817,2.973665612995824,1.7523548099862871,1.3013857407713414,2.8379367392266817,2.973665612995824,39.44723618090452,40.13377926421405,-0.07062673568725586,-0.18124496936798096,0.001,2.5
653,52.388341830204084,51.5882512861271,3.726659755255552e-06,3.7630866557091724e-06,38.57711919787741,38.57654392918615,2.9044137468290088,3.002208645128486,1.7567108064839987,1.30330755758445,2.9044137468290088,3.002208645128486,39.53098827470687,40.13377926421405,-0.12024950981140137,-0.21531224250793457,0.001,2.5
654,51.976846512837625,51.267047422785424,3.72673514619639e-06,3.7631257312821245e-06,38.57654634792002,38.57600557206068,2.8730328103006384,2.9815426135940295,1.768554616613404,1.3010663188819502,2.8730328103006384,2.9815426135940295,41.20603015075377,40.13377926421405,-0.10353600978851318,-0.19095730781555176,0.001,2.5
655,52.084921908738025,51.45421104048407,3.7268059294877714e-06,3.763213204748722e-06,38.57593793246015,38.575583276142645,2.877889084057193,2.9943291279783217,1.7756014874632435,1.3001394830021173,2.877889084057193,2.9943291279783217,40.7035175879397,40.13377926421405,-0.095947265625,-0.20622849464416504,0.001,2.5
656,52.16962421359728,54.45092474895975,3.7268701715013043e-06,3.763218889090608e-06,38.57557580459058,38.575324973932474,2.8836717801277763,3.1936574931128767,1.7751939554310323,1.301496543613166,2.8836717801277763,3.1936574931128767,39.11222780569514,40.13377926421405,-0.10472512245178223,-0.4011509418487549,0.001,2.5
657,52.23109908878703,55.23747975531231,3.7268167878185706e-06,3.7631605194544673e-06,38.575134839644186,38.574789308784,2.8955989834451596,3.245812345109257,1.7517072685200166,1.3023429112290859,2.8955989834451596,3.245812345109257,41.289782244556115,40.13377926421405,-0.11487817764282227,-0.4484889507293701,0.001,2.5
658,52.63502850045311,54.50011436436886,3.726798633344555e-06,3.7631515218446753e-06,38.57466406638498,38.57435383366103,2.915457820972206,3.1962388135916413,1.772916674014911,1.3035909579350398,2.915457820972206,3.1962388135916413,40.28475711892797,40.13377926421405,-0.12204456329345703,-0.4035160541534424,0.001,2.5
659,52.860967338983734,50.48428430206401,3.726817421189462e-06,3.7631764675505258e-06,38.57416071803925,38.57369824157511,2.9306352745548163,2.9284341064185204,1.772572118233596,1.3038391014405317,2.9306352745548163,2.9284341064185204,39.7822445561139,40.13377926421405,-0.12599802017211914,-0.06900155544281006,0.001,2.5
660,53.00021850483701,50.81302076358859,3.726809628404247e-06,3.7631989775443947e-06,38.57364830259901,38.573297085969344,2.950514801782579,2.949645480982037,1.7407836452800425,1.3059522491633693,2.950514801782579,2.949645480982037,41.541038525963145,40.13377926421405,-0.15017008781433105,-0.14363420009613037,0.001,2.5
661,51.7121169507204,52.715876933324296,3.7268535926468787e-06,3.7632579646635597e-06,38.5732669351089,38.57285988849142,2.8517194317413534,3.077307109450018,1.7795496855548878,1.3035384651809232,2.8517194317413534,3.077307109450018,40.36850921273032,40.13377926421405,-0.10054147243499756,-0.29461705684661865,0.001,2.5
662,52.28506550237761,50.85847161844821,3.7269496631663692e-06,3.763390328081445e-06,38.572752244907804,38.57220700114068,2.890319364554119,2.9549351456173287,1.7783394434943272,1.299174228639507,2.890319364554119,2.9549351456173287,40.28475711892797,40.13377926421405,-0.10152244567871094,-0.15341567993164062,0.001,2.5
663,52.474722627419325,52.5468387412387,3.727088253705749e-06,3.763537015280436e-06,38.5721936185955,38.57182114259854,2.9000444639867275,3.0661901407018552,1.787096120803999,1.3030826933806556,2.9000444639867275,3.0661901407018552,39.27973199329983,40.13377926421405,-0.12729120254516602,-0.28369927406311035,0.001,2.5
664,52.05394246470389,52.036492886750594,3.7272408267740176e-06,3.7637028672666125e-06,38.571829874112176,38.571481672816454,2.880655983983971,3.0322644152370186,1.7611056971589925,1.302790920471268,2.880655983983971,3.0322644152370186,41.289782244556115,40.13377926421405,-0.10304975509643555,-0.24880051612854004,0.001,2.5
665,52.45983680967909,51.34595377229927,3.727467946796416e-06,3.7639925390477862e-06,38.571521599288765,38.57107350020903,2.905422113648611,2.986430284570292,1.7679861684141047,1.3021850669663089,2.905422113648611,2.986430284570292,40.117252931323286,40.13377926421405,-0.12294018268585205,-0.1969090700149536,0.001,2.5
666,52.67746826631939,50.56522989432548,3.727707052115619e-06,3.7642101987722923e-06,38.57106959280656,38.570695245545046,2.916273780803585,2.9344059448178395,1.7789574961366765,1.302113263503365,2.916273780803585,2.9344059448178395,40.45226130653266,40.13377926421405,-0.12255990505218506,-0.10935187339782715,0.001,2.5
667,52.89619507142647,50.63958037258391,3.7279385017593614e-06,3.7644018086217956e-06,38.570758046416984,38.57040693608415,2.930308324807453,2.9402894878068495,1.7805992590522446,1.2993325872166102,2.930308324807453,2.9402894878068495,41.959798994974875,40.13377926421405,-0.12079858779907227,-0.039418578147888184,0.001,2.5
668,52.21384677855014,51.12451036638241,3.7281047164864355e-06,3.764573605022758e-06,38.57054231474348,38.57018563261,2.9033088005168155,2.9718023574471872,1.7251281732290833,1.3017802154738767,2.9033088005168155,2.9718023574471872,40.36850921273032,40.13377926421405,-0.09625434875488281,-0.17889821529388428,0.001,2.5
669,52.56119578248093,51.92113033026756,3.728263262588794e-06,3.764767877957918e-06,38.57035071726021,38.57005213096389,2.9061149887902853,3.025954695449625,1.7861794271261449,1.2986468734549839,2.9061149887902853,3.025954695449625,41.038525963149084,40.13377926421405,-0.0992354154586792,-0.24196350574493408,0.001,2.5
670,51.83992723883496,52.278730424351515,3.728525306750708e-06,3.765080645277208e-06,38.57010272998906,38.56969843580571,2.858362648355302,3.049459081828395,1.7851827603888073,1.299653576767963,2.858362648355302,3.049459081828395,41.37353433835846,40.13377926421405,-0.08227872848510742,-0.2664673328399658,0.001,2.5
671,51.982748213724875,50.69040220636987,3.728811268566632e-06,3.7653351714759135e-06,38.56983450629204,38.56945592822837,2.880789825065651,2.9435604774832327,1.7464652247165315,1.299683974738105,2.880789825065651,2.9435604774832327,40.871021775544385,40.13377926421405,-0.09288418292999268,-0.1302623748779297,0.001,2.5
672,52.09363572521625,50.47423395265305,3.7290655416523757e-06,3.7655551383968456e-06,38.569596889630034,38.56921509197324,2.873236863457378,2.929533902618,1.7913019062086966,1.2985302524821813,2.873236863457378,2.929533902618,40.28475711892797,40.13377926421405,-0.09343814849853516,-0.09126222133636475,0.001,2.5
673,52.76924733939882,50.56980252983578,3.7292310662603543e-06,3.7656396879444393e-06,38.56941934326785,38.56907123068105,2.921267797399805,2.936347784405967,1.7823309786555355,1.2972023259835896,2.921267797399805,2.936347784405967,41.038525963149084,40.13377926421405,-0.10899913311004639,-0.11400341987609863,0.001,2.5
674,52.07478052008292,50.44051098265377,3.7292696447556754e-06,3.7656989670752813e-06,38.56926904291763,38.56894534567128,2.8806854971689195,2.928346624342494,1.765184846954729,1.2953476092488472,2.8806854971689195,2.928346624342494,39.53098827470687,40.13377926421405,-0.09658193588256836,-0.07025754451751709,0.001,2.5
675,51.81264327159479,50.53001619421917,3.7293897601365594e-06,3.7658938574934664e-06,38.56917283842512,38.56888864829787,2.8785674368316805,2.933766810790352,1.7191116646106919,1.296987656366865,2.8785674368316805,2.933766810790352,42.211055276381906,40.13377926421405,-0.08236515522003174,-0.051769256591796875,0.001,2.5
676,51.67407940939643,50.505805101681716,3.729577718185461e-06,3.7660136180219764e-06,38.56911392467505,38.56879053785649,2.854884188778237,2.931982557111759,1.7624484430405762,1.297498410362065,2.854884188778237,2.931982557111759,39.698492462311556,40.13377926421405,-0.10888397693634033,-0.10172104835510254,0.001,2.5
677,53.31239653672006,52.2268376812887,3.7296710899279594e-06,3.7660513939908774e-06,38.568949924641515,38.56856928541509,2.9574858986552637,3.0460854310255785,1.7823069648726702,1.2993966955006322,2.9574858986552637,3.0460854310255785,40.20100502512563,40.13377926421405,-0.13229691982269287,-0.2629694938659668,0.001,2.5
678,52.23101731241248,53.93639386537482,3.729668608622272e-06,3.7660618531799477e-06,38.56868161787739,38.56811969973969,2.8854241219397565,3.1609826095925526,1.7822164852215816,1.2966163732535065,2.8854241219397565,3.1609826095925526,41.289782244556115,40.13377926421405,-0.09708106517791748,-0.3714686632156372,0.001,2.5
679,51.85517913332736,52.70733583890475,3.7296691909578662e-06,3.7660677002575077e-06,38.568272333448654,38.56793600739444,2.8660132529547866,3.078630474498838,1.7652820808004894,1.2978617351589394,2.8660132529547866,3.078630474498838,40.871021775544385,40.13377926421405,-0.080436110496521,-0.2959026098251343,0.001,2.5
680,52.49224141694393,56.794274384361444,3.7297284619810944e-06,3.766164366008348e-06,38.568078627338764,38.5677289165382,2.8965622084823686,3.3507034674934717,1.8010477578420336,1.2990302194321035,2.8965622084823686,3.3507034674934717,41.541038525963145,40.13377926421405,-0.09772753715515137,-0.5363451242446899,0.001,2.5
681,52.0487161824851,51.875239037351065,3.7298250992209015e-06,3.766302997791473e-06,38.567762774239036,38.567344716560086,2.8785303972873657,3.0231520037188577,1.7664378699745165,1.29787805247865,2.8785303972873657,3.0231520037188577,40.36850921273032,40.13377926421405,-0.09869515895843506,-0.2388906478881836,0.001,2.5
682,51.86486850272072,58.25734865067396,3.7299874634490497e-06,3.766482654173403e-06,38.56738462719686,38.56687281681941,2.8698149765755865,3.4494463137559666,1.7558147819397638,1.2954163575252162,2.8698149765755865,3.4494463137559666,41.79229480737018,40.13377926421405,-0.10979950428009033,-0.6203714609146118,0.001,2.5
683,52.33240247052319,55.99930945048763,3.730153312550113e-06,3.766578507766768e-06,38.56696127886748,38.5666526615819,2.897350418707434,3.2983124646853446,1.7667151435935118,1.297210361247876,2.897350418707434,3.2983124646853446,39.949748743718594,40.13377926421405,-0.09052908420562744,-0.4927743673324585,0.001,2.5
684,52.10250175258822,50.4394123243249,3.7301689034525886e-06,3.7665070804939012e-06,38.56676330438611,38.56650608279633,2.886957930560088,2.9287466030057057,1.7519124209181947,1.2939282719506866,2.886957930560088,2.9287466030057057,40.53601340033501,40.13377926421405,-0.11793267726898193,-0.08523225784301758,0.001,2.5
685,52.201964303277045,50.430375740280915,3.7301641720234932e-06,3.766571978568181e-06,38.56661608390872,38.56608267691622,2.894878294400035,2.928895118643209,1.7480439117406081,1.2916758849868009,2.894878294400035,2.928895118643209,41.37353433835846,40.13377926421405,-0.11564695835113525,-0.08665335178375244,0.001,2.5
686,51.7990336458088,54.651508560946155,3.7302444029386487e-06,3.7667541360605414e-06,38.56590234574361,38.56552028337051,2.873571532455521,3.2089138038979725,1.7313780315357636,1.2958461759879836,2.873571532455521,3.2089138038979725,40.871021775544385,40.13377926421405,-0.09676766395568848,-0.4150731563568115,0.001,2.5
687,52.136937887425,52.156661400428185,3.7304725044383695e-06,3.7669586415715434e-06,38.56556119551411,38.56527450969785,2.8817325880379734,3.042932925016984,1.7744755944614634,1.2948194072398056,2.8817325880379734,3.042932925016984,41.37353433835846,40.13377926421405,-0.11330986022949219,-0.2597217559814453,0.001,2.5
688,52.09257796142169,51.66993248980978,3.7306385637743894e-06,3.767051506607903e-06,38.565300185876076,38.565008552576785,2.8874269458317077,3.009245254522981,1.7485205937470223,1.2985367452021825,2.8874269458317077,3.009245254522981,40.20100502512563,40.13377926421405,-0.11222267150878906,-0.22322046756744385,0.001,2.5
689,52.25830296016419,50.450013699738875,3.730723273989037e-06,3.767183317941211e-06,38.56508663950653,38.564889748359604,2.9066249697252333,2.929552629241178,1.7240714094347291,1.2936306215050228,2.9066249697252333,2.929552629241178,41.12227805695142,40.13377926421405,-0.12100017070770264,-0.09136497974395752,0.001,2.5
690,52.46844348236544,50.760420030574736,3.7308505316455246e-06,3.767271960214963e-06,38.56487307396766,38.56458346261627,2.9080283186543525,2.949985614189735,1.7618900235973212,1.2944138153739597,2.9080283186543525,2.949985614189735,41.038525963149084,40.13377926421405,-0.12617754936218262,-0.14431369304656982,0.001,2.5
691,52.30391750623233,51.10801098418475,3.7309021572765235e-06,3.7673122380547404e-06,38.56462466497118,38.56441889479009,2.8993701008296693,2.972599751973232,1.7549599101595343,1.2960895925859943,2.8993701008296693,2.972599751973232,40.871021775544385,40.13377926421405,-0.11195814609527588,-0.1799006462097168,0.001,2.5
692,52.30862765416029,51.15634293061834,3.7309133873271e-06,3.7673036951922992e-06,38.564238958822024,38.56395024838655,2.8976359131747556,2.975045335731379,1.7611043700820437,1.2984194380782519,2.8976359131747556,2.975045335731379,41.70854271356784,40.13377926421405,-0.1023033857345581,-0.18297886848449707,0.001,2.5
693,52.34950445485075,51.95390351719681,3.730947755410391e-06,3.7674007829912664e-06,38.563652274995995,38.563283224967016,2.9056282782275074,3.028503072700373,1.7453026092631534,1.2975581027193612,2.9056282782275074,3.028503072700373,43.299832495812396,40.13377926421405,-0.0983884334564209,-1.5497207641601562e-06,0.001,2.5
694,52.609079690035465,50.663187058873,3.7310916319116493e-06,3.767542955415973e-06,38.5633023963302,38.56312193599433,2.906905921459997,2.9422088331203398,1.7933848718901975,1.2982973294911975,2.906905921459997,2.9422088331203398,39.698492462311556,40.13377926421405,-0.11461710929870605,-0.036212921142578125,0.001,2.5
695,52.464350280250535,51.199545180917184,3.7311631662597947e-06,3.7675125200426875e-06,38.563119891500556,38.56294319382479,2.9033342669756967,2.9779727626405035,1.7751539865730197,1.2982776794943922,2.9033342669756967,2.9779727626405035,40.619765494137354,40.13377926421405,-0.0940016508102417,-0.009174704551696777,0.001,2.5
696,51.46621828063249,50.95268701151462,3.731138401191332e-06,3.767561112610784e-06,38.56292104161964,38.56271867528807,2.8526194714621282,2.961542218026509,1.7276719143642254,1.2981973691130162,2.8526194714621282,2.961542218026509,43.132328308207704,40.13377926421405,-0.0969393253326416,-0.017728447914123535,0.001,2.5
697,52.20725921170796,51.931028155578815,3.7312134828735027e-06,3.7677224825219e-06,38.5627262620271,38.56258188203027,2.8837112853275473,3.026844691273361,1.7826047325054406,1.2979582532193747,2.8837112853275473,3.026844691273361,39.44723618090452,40.13377926421405,-0.09666562080383301,-0.24294328689575195,0.001,2.5
698,51.6893748246645,54.92342721179975,3.731417961886045e-06,3.767903600483109e-06,38.56247267092093,38.56197970846425,2.863142380163298,3.227191305479477,1.7407346047348713,1.2953983505434017,2.863142380163298,3.227191305479477,40.871021775544385,40.13377926421405,-0.09138238430023193,-0.43187427520751953,0.001,2.5
699,52.299579000552896,60.59420602855874,3.7316237339197397e-06,3.76812450883752e-06,38.56188195514519,38.5617246723494,2.9000883661522536,3.6053032069700617,1.7519374940063885,1.295217916718295,2.9000883661522536,3.6053032069700617,39.53098827470687,40.13377926421405,-0.09696078300476074,-0.7524135112762451,0.001,2.5
700,52.55776522586893,50.77694217337414,3.7317419034846975e-06,3.7681303878538573e-06,38.56163238320918,38.56133178404741,2.906951923466208,2.950625347054523,1.7829841087810958,1.2957993072012197,2.906951923466208,2.950625347054523,42.211055276381906,40.13377926421405,-0.13642644882202148,-0.14556360244750977,0.001,2.5
701,53.277582210112655,52.641240480352806,3.731791183396321e-06,3.768243813858232e-06,38.56131405726549,38.56105985609584,2.9556750863840433,3.0762172223732223,1.7807777584897013,1.291883111000061,2.9556750863840433,3.0762172223732223,41.289782244556115,40.13377926421405,-0.144983172416687,-0.293556809425354,0.001,2.5
702,52.31984030821016,54.26590219708191,3.73188851608727e-06,3.768340739681972e-06,38.560932964535816,38.56072961048139,2.8928891646003403,3.1845633999559793,1.7775875399859506,1.2917778448117616,2.8928891646003403,3.1845633999559793,41.541038525963145,40.13377926421405,-0.10831320285797119,-0.39287376403808594,0.001,2.5
703,51.69178435231373,51.0310703902739,3.7320177675480974e-06,3.76849119489622e-06,38.56067854914833,38.56042007140093,2.8580797808853227,2.9681970650535763,1.7564050540253147,1.293910323975477,2.8580797808853227,2.9681970650535763,41.038525963149084,40.13377926421405,-0.09163796901702881,-0.17428255081176758,0.001,2.5
704,52.13768971505477,52.718985107830136,3.732167948051158e-06,3.7686213819145764e-06,38.56033653629884,38.55942555813486,2.882882300333761,3.079832096961031,1.7711786035716635,1.296588376214273,2.882882300333761,3.079832096961031,40.53601340033501,40.13377926421405,-0.10321652889251709,-0.2970508337020874,0.001,2.5
705,52.097897144617946,56.0911786133629,3.732285650681231e-06,3.768727661997787e-06,38.55936817188359,38.55920924311099,2.8831781071035105,3.305320431954885,1.7623324450136628,1.2945620862137912,2.8831781071035105,3.305320431954885,41.70854271356784,40.13377926421405,-0.10623955726623535,-0.4986532926559448,0.001,2.5
706,52.6449688091949,51.86121702672646,3.732337412660263e-06,3.7687291889755135e-06,38.55907491942746,38.558851758771915,2.922836099637413,3.023406511963809,1.7527728991292828,1.2943110593585265,2.922836099637413,3.023406511963809,39.949748743718594,40.13377926421405,-0.12086260318756104,-0.23916888236999512,0.001,2.5
707,51.55859316853023,51.08812185434195,3.7322943064961755e-06,3.768616152320041e-06,38.55872233149594,38.55854223244964,2.84502123348677,2.9718123726222827,1.7689425196479913,1.2944745861965676,2.84502123348677,2.9718123726222827,40.53601340033501,40.13377926421405,-0.07978296279907227,-0.1789107322692871,0.001,2.5
708,51.64342805488625,51.5646145670709,3.7321938656032748e-06,3.76858003260487e-06,38.55847063176396,38.5582790310965,2.8600999598127714,3.004761829025371,1.740673141862879,1.2909251204302479,2.8600999598127714,3.004761829025371,40.7035175879397,40.13377926421405,-0.08598887920379639,-0.2182375192642212,0.001,2.5
709,51.96263727031561,52.5813212059812,3.7321959869958584e-06,3.7685727239480315e-06,38.55815348153937,38.558061606110535,2.8843775634190547,3.0703878227284918,1.7316824259670136,1.2973882254948186,2.8843775634190547,3.0703878227284918,40.03350083752093,40.13377926421405,-0.12356531620025635,-0.2879188060760498,0.001,2.5
710,51.87408182089852,51.89540785212182,3.732248189249545e-06,3.768744812360671e-06,38.5580082866215,38.55794934684218,2.8661613448381025,3.025679273350183,1.7686197857561223,1.2943312974279142,2.8661613448381025,3.025679273350183,39.698492462311556,40.13377926421405,-0.07998895645141602,-0.2416607141494751,0.001,2.5
711,52.13160082563084,53.44485825758714,3.7324654849772062e-06,3.7690071354232365e-06,38.557853340902916,38.55774063569646,2.8918795965025375,3.129141028509491,1.742968778913744,1.2938357631498356,2.8918795965025375,3.129141028509491,40.03350083752093,40.13377926421405,-0.115700364112854,-0.34295654296875,0.001,2.5
712,51.94074849267701,52.53308494593387,3.7327110218864546e-06,3.769273777825189e-06,38.55754489355551,38.55745070594609,2.8733562093284264,3.0693992308549656,1.7603685853868674,1.2907069937441262,2.8733562093284264,3.0693992308549656,40.20100502512563,40.13377926421405,-0.07804787158966064,-0.28695011138916016,0.001,2.5
713,51.58991951359376,53.773330433312864,3.7330221006858767e-06,3.7695549721423697e-06,38.557247110747014,38.55710521430076,2.844806785759215,3.1511352660265257,1.77585098771394,1.2935483256311322,2.844806785759215,3.1511352660265257,40.45226130653266,40.13377926421405,-0.08749985694885254,-0.3625352382659912,0.001,2.5
714,52.457399007263696,53.21470315480312,3.7331963195757033e-06,3.7696367285678565e-06,38.55686987744304,38.55675532108167,2.9083381038614653,3.1142317921820295,1.7587534380917573,1.2925337142370217,2.9083381038614653,3.1142317921820295,40.117252931323286,40.13377926421405,-0.11290597915649414,-0.3294779062271118,0.001,2.5
715,51.94704407862882,51.01367215568007,3.7332713064236272e-06,3.769721830960474e-06,38.55665762180859,38.55657987052382,2.8837906623405827,2.967387282330057,1.7303252196192143,1.2928608871223934,2.8837906623405827,2.967387282330057,41.038525963149084,40.13377926421405,-0.1034005880355835,-0.17315936088562012,0.001,2.5
716,52.35219383559235,50.639079218325406,3.7333425539838703e-06,3.7697705855037972e-06,38.55644067607733,38.556335717140634,2.9013430413289285,2.942826164207331,1.7586978687912576,1.2916258174838828,2.9013430413289285,2.942826164207331,40.95477386934673,40.13377926421405,-0.11263406276702881,-0.12866485118865967,0.001,2.5
717,52.30053218285642,50.60478376305622,3.7333420619121976e-06,3.7696986061463545e-06,38.55613371754811,38.556027811107825,2.9042503202780208,2.9402063666378773,1.7396437035533452,1.2926255277167993,2.9042503202780208,2.9402063666378773,41.62479061976549,40.13377926421405,-0.10935604572296143,-0.12286972999572754,0.001,2.5
718,52.37784723380902,52.25697686440969,3.733289673036901e-06,3.769756098987017e-06,38.55594624147144,38.5557531529047,2.8982536541157633,3.0498238072347483,1.773096658077272,1.2942124318119674,2.8982536541157633,3.0498238072347483,41.12227805695142,40.13377926421405,-0.1059950590133667,-0.26684701442718506,0.001,2.5
719,52.633666781324834,51.082905389792145,3.7334579379356585e-06,3.769940108168005e-06,38.55565458006995,38.555344954780914,2.9043609041664467,2.972706920725845,1.8059387217015277,1.2907486292829482,2.9043609041664467,2.972706920725845,39.19597989949749,40.13377926421405,-0.1122351884841919,-0.18003547191619873,0.001,2.5
720,51.808477245183845,52.3968542858111,3.7335689012404602e-06,3.7700534695343785e-06,38.55528636274226,38.555156414325424,2.8728193533879827,3.0597947106313548,1.7355257462416862,1.2922752230462422,2.8728193533879827,3.0597947106313548,39.86599664991625,40.13377926421405,-0.09303808212280273,-0.2771562337875366,0.001,2.5
721,52.6222745745226,50.59747188147095,3.7337586462864897e-06,3.770261839637416e-06,38.554961250854696,38.55451988296764,2.913003302898439,2.93942698427666,1.7777330949278534,1.2935017435048337,2.913003302898439,2.93942698427666,40.619765494137354,40.13377926421405,-0.10443115234375,-0.12109267711639404,0.001,2.5
722,52.34862924061429,50.423744928876694,3.7339575662602265e-06,3.7704618623129106e-06,38.554451423274415,38.554325894767224,2.899209822442264,2.928157554422334,1.7643845700339056,1.2925646157567716,2.899209822442264,2.928157554422334,40.20100502512563,40.13377926421405,-0.11164474487304688,-0.07541787624359131,0.001,2.5
723,52.46987863920841,53.527392396958774,3.7340489156338532e-06,3.7703690619145527e-06,38.5542670206808,38.55411335616606,2.903404260600232,3.134664506816545,1.7760509410295855,1.293772929089524,2.903404260600232,3.134664506816545,41.20603015075377,40.13377926421405,-0.11931443214416504,-0.3478360176086426,0.001,2.5
724,51.83741669519063,52.95382386784888,3.7339404263983908e-06,3.7703227750219876e-06,38.55408160850231,38.55391716079967,2.8596409221789747,3.096752268016139,1.7808488665313977,1.2927962557527932,2.8596409221789747,3.096752268016139,40.20100502512563,40.13377926421405,-0.0910104513168335,-0.3132171630859375,0.001,2.5
725,52.53044093274192,51.665923383323644,3.7339364997273793e-06,3.7703367421534153e-06,38.55388475223202,38.55367899100517,2.912191537556736,3.0108915978052146,1.761801702493,1.2927981934021149,2.912191537556736,3.0108915978052146,40.45226130653266,40.13377926421405,-0.12124931812286377,-0.22506439685821533,0.001,2.5
726,52.29827664245912,51.78385758160747,3.733958623147914e-06,3.7703772473668687e-06,38.553585154726676,38.55335749750552,2.8897839523040667,3.018916717739807,1.7825917083414355,1.2923098332108462,2.8897839523040667,3.018916717739807,39.27973199329983,40.13377926421405,-0.10904550552368164,-0.2341611385345459,0.001,2.5
727,53.08488498860268,54.5379612645178,3.734019391333484e-06,3.770432823880902e-06,38.55332863710234,38.5531068119317,2.9526468517392925,3.2030783959455715,1.7513248319402213,1.2906463624641649,2.9526468517392925,3.2030783959455715,39.86599664991625,40.13377926421405,-0.15711724758148193,-0.40975403785705566,0.001,2.5
728,52.18902382139784,52.59014618277151,3.734035052695139e-06,3.77046114749266e-06,38.552995870261135,38.552555339392214,2.8876732422079474,3.0730759882209293,1.7670739346013795,1.2910900622307258,2.8876732422079474,3.0730759882209293,41.45728643216081,40.13377926421405,-0.11212968826293945,-0.29051196575164795,0.001,2.5
729,51.95657752466761,51.80516183655398,3.734115451569743e-06,3.770500223065612e-06,38.552263953178574,38.551692681966415,2.8732688882243096,3.0207388648221327,1.7637978768228886,1.2911046552020171,2.8732688882243096,3.0207388648221327,40.7035175879397,40.13377926421405,-0.09236252307891846,-0.23625147342681885,0.001,2.5
730,51.67488371627015,53.64330127167462,3.734094660398985e-06,3.7705079864698014e-06,38.551443627132244,38.551076882659,2.8668456900259556,3.1435418719033335,1.7267284924460815,1.2903233678843264,2.8668456900259556,3.1435418719033335,40.20100502512563,40.13377926421405,-0.10752534866333008,-0.3557208776473999,0.001,2.5
731,52.17482574820718,54.80695217987367,3.7341865338365606e-06,3.770705020588291e-06,38.55105898168618,38.55086382097225,2.897151611558157,3.2217070282901012,1.7357993685021074,1.2885582506855993,2.897151611558157,3.2217070282901012,41.289782244556115,40.13377926421405,-0.11903977394104004,-0.42685437202453613,0.001,2.5
732,51.96074897599979,54.28146857322259,3.7343797409038794e-06,3.7708618749646754e-06,38.55085840017552,38.55055102855466,2.8811259078021028,3.184997820933926,1.7410609560396204,1.2935889744040958,2.8811259078021028,3.184997820933926,41.87604690117253,40.13377926421405,-0.10458481311798096,-0.39326703548431396,0.001,2.5
733,52.22300653761156,51.5704831917549,3.7345566810414628e-06,3.771077033578752e-06,38.55052011895619,38.550322172235084,2.894862713326561,3.004628025967142,1.752302065366876,1.292501592715847,2.894862713326561,3.004628025967142,41.541038525963145,40.13377926421405,-0.11606132984161377,-0.21808981895446777,0.001,2.5
734,51.84846961757845,50.89516041988513,3.7347453806256176e-06,3.7712561378761055e-06,38.550313473546524,38.55012493069754,2.8602512338053643,2.9615865463397175,1.7812292611778682,1.2865618411513875,2.8602512338053643,2.9615865463397175,40.36850921273032,40.13377926421405,-0.09112846851348877,-0.1644268035888672,0.001,2.5
735,51.50683110682809,50.79501350428348,3.734935975752122e-06,3.7714927677133465e-06,38.55007699426494,38.54982247240966,2.853499592648479,2.9531975773265926,1.7331563523866025,1.2916989027457093,2.853499592648479,2.9531975773265926,41.45728643216081,40.13377926421405,-0.08742070198059082,-0.15041744709014893,0.001,2.5
736,52.35998344740876,55.006520912400056,3.7352063790387066e-06,3.7717149429725844e-06,38.54981519229448,38.54961702735926,2.901127300470119,3.2340955718305198,1.760903766606521,1.291306543509697,2.901127300470119,3.2340955718305198,41.038525963149084,40.13377926421405,-0.11366617679595947,-0.4381943941116333,0.001,2.5
737,52.002543649082405,50.584141606869906,3.735317337392323e-06,3.7717351465304748e-06,38.549634182672804,38.549402842952254,2.8701132541924865,2.939238955743337,1.7824579690968372,1.2914013240648352,2.8701132541924865,2.939238955743337,39.949748743718594,40.13377926421405,-0.09872615337371826,-0.04123091697692871,0.001,2.5
738,52.14070272525551,50.951586885994494,3.7353687451711573e-06,3.7718890777483027e-06,38.549318291234414,38.54901267214364,2.888121482714936,2.9635848775755202,1.7560655675341736,1.291852464644008,2.888121482714936,2.9635848775755202,40.871021775544385,40.13377926421405,-0.11194896697998047,-0.01648271083831787,0.001,2.5
739,51.973938294990575,51.774508103080414,3.735602959099885e-06,3.772121386725263e-06,38.54903191417905,38.548793588593654,2.8749444528640415,3.0184444894758755,1.7622439861297607,1.2918581926703054,2.8749444528640415,3.0184444894758755,40.28475711892797,40.13377926421405,-0.10819792747497559,-0.23362064361572266,0.001,2.5
740,51.73552884049152,53.491903579354684,3.7357332468819372e-06,3.7721498403734706e-06,38.54878321764257,38.548488412812404,2.862837760292705,3.1322884758977985,1.7508820686707744,1.293804711721414,2.862837760292705,3.1322884758977985,40.95477386934673,40.13377926421405,-0.08903932571411133,-0.3457406759262085,0.001,2.5
741,52.030161207445104,54.133164995888805,3.7357532313903087e-06,3.7722297778095543e-06,38.54851710896197,38.548268270333075,2.89122727408481,3.176041302473649,1.724640128800218,1.2907986732629628,2.89122727408481,3.176041302473649,41.541038525963145,40.13377926421405,-0.10816550254821777,-0.3851954936981201,0.001,2.5
742,52.24793447242111,51.772710653451774,3.7359051211949696e-06,3.7723779600474946e-06,38.54829974789516,38.54812003298348,2.896982957370317,3.0184891471097304,1.7509277653654216,1.2913644612832214,2.896982957370317,3.0184891471097304,40.117252931323286,40.13377926421405,-0.10778665542602539,-0.2336719036102295,0.001,2.5
743,51.549060067539436,50.801422910148084,3.7359599967079997e-06,3.772401801584192e-06,38.54819735170808,38.54792385037528,2.856561682332101,2.955127568547941,1.7324166851027727,1.2871915891417691,2.856561682332101,2.955127568547941,40.36850921273032,40.13377926421405,-0.08844566345214844,-0.15373146533966064,0.001,2.5
744,51.94930358707805,50.6938924119624,3.736007703666056e-06,3.772415379366717e-06,38.54792844430486,38.547675359209244,2.889831658384109,2.9468602727488133,1.712655469400799,1.2904878232790076,2.889831658384109,2.9468602727488133,42.88107202680067,40.13377926421405,-0.10618162155151367,-0.13756191730499268,0.001,2.5
745,51.67054305723564,51.59240604005131,3.7360293837650523e-06,3.7724948620554494e-06,38.547639012935775,38.54733148785339,2.858171002149981,3.005192567672219,1.75188539774973,1.2951933887092564,2.858171002149981,3.005192567672219,40.619765494137354,40.13377926421405,-0.0748436450958252,-0.21871376037597656,0.001,2.5
746,52.35586568298851,50.571728990229474,3.7361702194766546e-06,3.772671205169474e-06,38.54730004162045,38.54697291906861,2.89713747617188,2.93896535487478,1.772050344165246,1.2897396912941566,2.89713747617188,2.93896535487478,41.289782244556115,40.13377926421405,-0.11097443103790283,-0.12004578113555908,0.001,2.5
747,52.154008261522456,51.04582845885618,3.736261864017113e-06,3.7726645139956604e-06,38.54703692335579,38.54671409377286,2.8842655645942368,2.9697543546108895,1.7702947122168102,1.2921924331913823,2.8842655645942368,2.9697543546108895,39.11222780569514,40.13377926421405,-0.10051631927490234,-0.17629051208496094,0.001,2.5
748,52.73984315447272,53.82168485966813,3.7362739331032117e-06,3.772713594010332e-06,38.54674391371122,38.546412745447064,2.929982487280764,3.1559425444905975,1.7503109741051193,1.2887989462020006,2.929982487280764,3.1559425444905975,40.871021775544385,40.13377926421405,-0.13151192665100098,-0.36688292026519775,0.001,2.5
749,51.47394713844287,50.46871787489059,3.736365215445403e-06,3.7728679472762863e-06,38.546291255471694,38.545596412990406,2.854995138880795,2.932674609697782,1.7220937450926508,1.288010357614345,2.854995138880795,2.932674609697782,40.871021775544385,40.13377926421405,-0.06615018844604492,-0.05450844764709473,0.001,2.5
750,51.94489572036206,50.7167369753222,3.7365384322914435e-06,3.773095254032387e-06,38.545648188247554,38.54530319162834,2.8857168500347554,2.949598573920719,1.7241187552910553,1.2868419829818318,2.8857168500347554,2.949598573920719,39.698492462311556,40.13377926421405,-0.09284782409667969,-0.027182340621948242,0.001,2.5
751,51.959173601875754,55.54169777962675,3.736766648811014e-06,3.7733056385597264e-06,38.54533825847172,38.54502691313574,2.885496838008938,3.270638785633355,1.7276349051713544,1.2887138554882445,2.885496838008938,3.270638785633355,41.959798994974875,40.13377926421405,-0.1088566780090332,-0.46970200538635254,0.001,2.5
752,51.90351834448937,52.88066872944401,3.7369796137747497e-06,3.7735235583571325e-06,38.5450383095286,38.54453479167211,2.872023412730027,3.093751641818911,1.7569239594828543,1.2871696235344163,2.872023412730027,3.093751641818911,39.86599664991625,40.13377926421405,-0.10472416877746582,-0.3103609085083008,0.001,2.5
753,52.78084726509337,51.45213833301761,3.737231663397315e-06,3.7738481483470984e-06,38.544563261508145,38.54426342508067,2.9370852766723887,2.9982778459887043,1.7372041639171454,1.2878843390423318,2.9370852766723887,2.9982778459887043,41.20603015075377,40.13377926421405,-0.12845838069915771,-0.21075618267059326,0.001,2.5
754,51.693553317531666,50.57268891605645,3.737542308015849e-06,3.7741109580957924e-06,38.544290245477875,38.544009473411535,2.859984710587928,2.9400714807287107,1.7510470317636104,1.2866136748655186,2.859984710587928,2.9400714807287107,40.28475711892797,40.13377926421405,-0.09991252422332764,-0.12256133556365967,0.001,2.5
755,52.56421676073442,50.83027618306138,3.7378152166023287e-06,3.774410667778357e-06,38.543951293331894,38.54348793157367,2.9045093786377003,2.957429047013605,1.7916057127804013,1.28605889197576,2.9045093786377003,2.957429047013605,39.53098827470687,40.13377926421405,-0.11847257614135742,-0.15753138065338135,0.001,2.5
756,51.62470966128249,54.247520855039255,3.7380825269213785e-06,3.7745728810252793e-06,38.543390545613406,38.54293102404744,2.856327284919956,3.1854968908239765,1.7482505795144956,1.2853041010158117,2.856327284919956,3.1854968908239765,40.117252931323286,40.13377926421405,-0.09755945205688477,-0.3937194347381592,0.001,2.5
757,51.89593735252393,53.3849143599188,3.7382223114581997e-06,3.774781153791091e-06,38.54287713975763,38.54256101117086,2.8674298914233645,3.1266637063744076,1.7691884020864463,1.2892820013805377,2.8674298914233645,3.1266637063744076,40.53601340033501,40.13377926421405,-0.09836781024932861,-0.3407468795776367,0.001,2.5
758,51.90914926576854,51.441808222129595,3.738411565194277e-06,3.7749154662348298e-06,38.542600551841645,38.542346290920094,2.876307022232107,2.997532641209886,1.7451989946253534,1.2880541221752613,2.876307022232107,2.997532641209886,39.949748743718594,40.13377926421405,-0.10191071033477783,-0.20989811420440674,0.001,2.5
759,51.464272075761706,52.83998363073853,3.7385542366531417e-06,3.7750235326082193e-06,38.54229438564486,38.54197352227558,2.8528472846077513,3.0907608984306107,1.7266030155833643,1.288004533901661,2.8528472846077513,3.0907608984306107,39.698492462311556,40.13377926421405,-0.0917811393737793,-0.3075047731399536,0.001,2.5
760,51.66628356115702,55.349316842579924,3.7386355895831177e-06,3.775085572922391e-06,38.541965880785355,38.541683605283396,2.8616514697146775,3.257625512853514,1.7405929501531912,1.289277762074933,2.8616514697146775,3.257625512853514,38.69346733668342,40.13377926421405,-0.10148906707763672,-0.45868372917175293,0.001,2.5
761,52.588629430262884,52.92732246424442,3.738627083065461e-06,3.7749644489122757e-06,38.541511062800986,38.54106559881,2.9124499653252327,3.095527475095513,1.7726671220469514,1.2911731570859417,2.9124499653252327,3.095527475095513,40.03350083752093,40.13377926421405,-0.11867201328277588,-0.31206321716308594,0.001,2.5
762,52.08658742984535,50.86882058593342,3.738492496130899e-06,3.7749272569667283e-06,38.54105756111081,38.54082092234123,2.8954386866871435,2.957950510707587,1.723292538868123,1.2922037329562133,2.8954386866871435,2.957950510707587,42.211055276381906,40.13377926421405,-0.1017298698425293,-0.15839874744415283,0.001,2.5
763,52.31507776410536,50.716124658999234,3.7385745071876945e-06,3.775075276468995e-06,38.54085139493447,38.540648737878705,2.9053705856828036,2.94819647412635,1.739194974428046,1.290926932889881,2.9053705856828036,2.94819647412635,40.95477386934673,40.13377926421405,-0.11322271823883057,-0.14057457447052002,0.001,2.5
764,51.77839986523192,51.568976934936934,3.738674689095504e-06,3.775109641832764e-06,38.5406413182142,38.54040788886539,2.865487230483012,3.0048460011498186,1.7515094637671107,1.2915487353219635,2.865487230483012,3.0048460011498186,40.28475711892797,40.13377926421405,-0.10008096694946289,-0.2183305025100708,0.001,2.5
765,51.79685484025147,52.685431949271006,3.7387183246555864e-06,3.775187500206544e-06,38.54043837887558,38.540208988763816,2.8680793943516973,3.081279289762312,1.7474240072608194,1.2855395114541452,2.8680793943516973,3.081279289762312,40.871021775544385,40.13377926421405,-0.09512269496917725,-0.2984369993209839,0.001,2.5
766,52.0660688761291,50.59663521246767,3.7387959310615334e-06,3.7752845887659584e-06,38.54020336924286,38.539999180414206,2.8931333215991457,2.940890706103781,1.7261050821748412,1.2889461397726,2.8931333215991457,2.940890706103781,40.619765494137354,40.13377926421405,-0.11385095119476318,-0.12444126605987549,0.001,2.5
767,52.30518701447913,50.65260100603901,3.738853299306064e-06,3.7753035254190218e-06,38.53982210398918,38.53959699139547,2.8850429657116607,2.9458217126469948,1.798199944360372,1.2853464083528041,2.8850429657116607,2.9458217126469948,40.871021775544385,40.13377926421405,-0.1162109375,-0.13524317741394043,0.001,2.5
768,51.74602573081676,53.2155116409761,3.738935520216955e-06,3.775409188779654e-06,38.53951342022,38.53926733265752,2.8610146840413413,3.11577946844707,1.7584524603944327,1.288055050333208,2.8610146840413413,3.11577946844707,40.787269681742046,40.13377926421405,-0.08668434619903564,-0.33089888095855713,0.001,2.5
769,51.33367007461624,52.42463445503975,3.7390047686408122e-06,3.7754509601374875e-06,38.5391857715907,38.538940952773075,2.8383494146305512,3.064431679288679,1.7439769526422524,1.2839228947425765,2.8383494146305512,3.064431679288679,39.86599664991625,40.13377926421405,-0.07619607448577881,-0.2819035053253174,0.001,2.5
770,52.09184845328531,52.58989362174452,3.739051448418295e-06,3.7754576513113006e-06,38.53873513252092,38.538206859575865,2.885346596364799,3.0748939538081754,1.7546210890039926,1.2855884765701548,2.885346596364799,3.0748939538081754,41.038525963149084,40.13377926421405,-0.11075949668884277,-0.29227209091186523,0.001,2.5
771,52.1019645000822,51.42357949349394,3.739057752420097e-06,3.775551263867135e-06,38.5381065637023,38.53788209998089,2.8789757368352946,2.996811214498054,1.7757573662890462,1.2865741922703873,2.8789757368352946,2.996811214498054,40.95477386934673,40.13377926421405,-0.08629894256591797,-0.20906877517700195,0.001,2.5
772,51.94076525306382,50.98022398422394,3.7391714266894243e-06,3.7756975617172235e-06,38.5377091131418,38.537380205747674,2.8687088545443027,2.9656150947047717,1.7743184025363508,1.2914910790912284,2.8687088545443027,2.9656150947047717,39.53098827470687,40.13377926421405,-0.09332132339477539,-0.01528942584991455,0.001,2.5
773,52.705947173101016,50.716455938026655,3.7393569742726783e-06,3.7758943357628133e-06,38.53708714496351,38.53671702254177,2.9325284766192414,2.9483229061432907,1.7358961388893064,1.2906143557666536,2.9325284766192414,2.9483229061432907,41.959798994974875,40.13377926421405,-0.1377042531967163,-0.1408613920211792,0.001,2.5
774,51.39830347441349,52.25809583376881,3.7395345036013437e-06,3.776102089143273e-06,38.536563291821246,38.53628217256986,2.851308499149342,3.051430854510304,1.718027180363385,1.289618962983224,2.851308499149342,3.051430854510304,39.86599664991625,40.13377926421405,-0.08467984199523926,-0.2685225009918213,0.001,2.5
775,52.03490179627385,54.68845917309407,3.739737406232575e-06,3.7762233431898383e-06,38.53616731729939,38.53586804189012,2.8915941307892155,3.2141964730610417,1.7244898815650238,1.287394407600862,2.8915941307892155,3.2141964730610417,41.541038525963145,40.13377926421405,-0.12193632125854492,-0.4199178218841553,0.001,2.5
776,52.009171477913654,51.72642449471464,3.7398136015506365e-06,3.7762638476428446e-06,38.53579541306999,38.53541742280176,2.887795016593869,3.016349626624066,1.7307411671882897,1.288527888597852,2.887795016593869,3.016349626624066,42.12730318257956,40.13377926421405,-0.1020660400390625,-0.23123180866241455,0.001,2.5
777,53.02412198576296,51.4994869040805,3.7398374723588143e-06,3.7762424425785756e-06,38.53527626919387,38.53490132870881,2.9421257637253957,3.0010469430266413,1.7707392402629756,1.2890484356959926,2.9421257637253957,3.0010469430266413,41.038525963149084,40.13377926421405,-0.12928295135498047,-0.21396088600158691,0.001,2.5
778,51.95972215789846,51.347440585643554,3.7397895886815194e-06,3.7762091813839597e-06,38.53477947676002,38.53424247052757,2.883104920586949,2.9922805382655215,1.7349215240734106,1.284938772785225,2.883104920586949,2.9922805382655215,40.871021775544385,40.13377926421405,-0.10767793655395508,-0.20389890670776367,0.001,2.5
779,52.58120134567695,51.43328324129749,3.739783009698488e-06,3.776253485791e-06,38.534151438292945,38.53373679987164,2.906662024045909,2.9979923345572175,1.7885467930255423,1.2849720784254297,2.906662024045909,2.9979923345572175,41.541038525963145,40.13377926421405,-0.13075876235961914,-0.2104271650314331,0.001,2.5
780,52.57134475580212,53.365883064907926,3.7398602177244274e-06,3.776363339975463e-06,38.53334889499786,38.53274987772556,2.9204909753559822,3.126114325379847,1.7450888805852662,1.287126211418356,2.9204909753559822,3.126114325379847,41.12227805695142,40.13377926421405,-0.12264442443847656,-0.3402576446533203,0.001,2.5
781,51.58515174904061,52.04706792927107,3.739967163332576e-06,3.776443081976648e-06,38.53269266483173,38.53230582910238,2.8471780530172377,3.0380367403445034,1.7677889295558833,1.2875959669865893,2.8471780530172377,3.0380367403445034,41.62479061976549,40.13377926421405,-0.10199642181396484,-0.2547175884246826,0.001,2.5
782,51.98777791443382,50.39039770017898,3.740098071155404e-06,3.7766420004829895e-06,38.53213869027756,38.53161645334301,2.876555272682228,2.928581036054171,1.7601826682162645,1.2846295414959708,2.876555272682228,2.928581036054171,41.289782244556115,40.13377926421405,-0.10448431968688965,-0.06714141368865967,0.001,2.5
783,52.30182112880688,50.81482896836705,3.740243828726316e-06,3.776719112097742e-06,38.531444006429446,38.530811552219966,2.889104767261039,2.9567350846867897,1.7853427694071478,1.2850534816250754,2.889104767261039,2.9567350846867897,40.28475711892797,40.13377926421405,-0.09996771812438965,-0.020987987518310547,0.001,2.5
784,52.60700333178343,50.953776203270344,3.7403437211802e-06,3.7768741801839473e-06,38.53049670272137,38.52999470943591,2.9184951602514064,2.965623733590678,1.75820850327586,1.2861772301205026,2.9184951602514064,2.965623733590678,39.36348408710218,40.13377926421405,-0.1275947093963623,-0.1707230806350708,0.001,2.5
785,51.54297988099269,50.79362059117958,3.7405313219820204e-06,3.777092197318579e-06,38.52990426809544,38.529464504790546,2.863828026070267,2.9541055055765004,1.7094055999263846,1.288701027133393,2.863828026070267,2.9541055055765004,40.619765494137354,40.13377926421405,-0.07361173629760742,-0.15199530124664307,0.001,2.5
786,52.51414057797123,50.954183699693964,3.7407642345106663e-06,3.777335973076984e-06,38.5294685811054,38.52917518743305,2.929198669229121,2.9660217514803575,1.7075257039749043,1.2850654085344295,2.929198669229121,2.9660217514803575,41.959798994974875,40.13377926421405,-0.11875605583190918,-0.01505589485168457,0.001,2.5
787,51.486477601068906,51.35997580844025,3.7409481447749405e-06,3.777479964491094e-06,38.529130887745616,38.528767053100175,2.842677098023432,2.9930151832542293,1.7615578150629398,1.2852431129053683,2.842677098023432,2.9930151832542293,39.7822445561139,40.13377926421405,-0.05982410907745361,-0.004238009452819824,0.001,2.5
788,52.36835626062236,50.65369861819672,3.7411511875628093e-06,3.7777396883455575e-06,38.5286736224764,38.52824122451221,2.9018774591698318,2.946038919946422,1.7603322567053177,1.2849167744850236,2.9018774591698318,2.946038919946422,39.53098827470687,40.13377926421405,-0.1110846996307373,-0.031103134155273438,0.001,2.5
789,51.28712839097833,50.38329063849306,3.7414460828409296e-06,3.778058529355636e-06,38.52800464470383,38.527083227865674,2.839142575335862,2.9291646073893163,1.7322913324413587,1.2814579253212663,2.839142575335862,2.9291646073893163,40.20100502512563,40.13377926421405,-0.09202373027801514,-0.06392645835876465,0.001,2.5
790,52.40123486159435,50.396549161062595,3.7417727487342227e-06,3.778349987426989e-06,38.52709473397464,38.526618383401214,2.912615347547547,2.929571353472196,1.7346945190349816,1.2828892421562934,2.912615347547547,2.929571353472196,41.289782244556115,40.13377926421405,-0.10439872741699219,-0.06267786026000977,0.001,2.5
791,52.30622311053763,50.56165322651432,3.741982160651027e-06,3.778524739685732e-06,38.52666882334442,38.5262271153887,2.908536914205631,2.941361487908507,1.7279278181705442,1.2805408558319245,2.908536914205631,2.941361487908507,41.62479061976549,40.13377926421405,-0.09280812740325928,-0.12550866603851318,0.001,2.5
792,52.48749645111749,51.12287148823307,3.742182843246824e-06,3.7787296345456362e-06,38.52624353252264,38.525836383219946,2.9110438803731897,2.977592264928148,1.7566620480874475,1.284091609377526,2.9110438803731897,2.977592264928148,40.28475711892797,40.13377926421405,-0.09309029579162598,-0.18611204624176025,0.001,2.5
793,52.181750612242936,50.95649185946155,3.7423414883728943e-06,3.778856735669762e-06,38.525690184166685,38.52525975153996,2.8936255481374924,2.965825394244497,1.74776789590941,1.2861167048929527,2.8936255481374924,2.965825394244497,40.53601340033501,40.13377926421405,-0.10629570484161377,-0.015168428421020508,0.001,2.5
794,52.191041796251355,50.868257758609424,3.742520598272335e-06,3.779142184688328e-06,38.5250933022555,38.52462980340556,2.8987244042120186,2.9605843973000314,1.734329374990671,1.284192440103129,2.8987244042120186,2.9605843973000314,40.03350083752093,40.13377926421405,-0.09459269046783447,-0.018328189849853516,0.001,2.5
795,52.12993251219067,52.72663136868174,3.742809475955695e-06,3.7793962895993535e-06,38.524703787798856,38.52427173218998,2.881920306926197,3.0849989537012616,1.772519830882649,1.2826235398002293,2.881920306926197,3.0849989537012616,39.61474036850921,40.13377926421405,-0.12267124652862549,-0.30201423168182373,0.001,2.5
796,51.71233413926321,52.57193030162799,3.742996994110803e-06,3.7794687564033716e-06,38.524287762154685,38.52376538535026,2.8588901923928827,3.0751481494775983,1.7580906783715764,1.281235845192619,2.8588901923928827,3.0751481494775983,40.36850921273032,40.13377926421405,-0.07144558429718018,-0.29251885414123535,0.001,2.5
797,51.40746952740591,52.138906268371784,3.743063765037577e-06,3.7796064140537933e-06,38.52373202402188,38.52318931503041,2.8519764301964585,3.0465280953857015,1.7178590024136617,1.280491258388379,2.8519764301964585,3.0465280953857015,40.117252931323286,40.13377926421405,-0.08071839809417725,-0.2634270191192627,0.001,2.5
798,51.89940953853741,54.093576743849944,3.7432486682049866e-06,3.779829011361158e-06,38.523243333826116,38.522780989324765,2.8798032386019403,3.1767596265544062,1.7327664551423423,1.2807312370542698,2.8798032386019403,3.1767596265544062,39.44723618090452,40.13377926421405,-0.09886884689331055,-0.38583970069885254,0.001,2.5
799,51.31506244141852,50.644510466916906,3.7434711005972383e-06,3.7800369594160687e-06,38.52279807494913,38.522311181926405,2.837498472363905,2.9461157441537913,1.742811551445493,1.2828498420906704,2.837498472363905,2.9461157441537913,40.45226130653266,40.13377926421405,-0.059601664543151855,-0.13589763641357422,0.001,2.5
800,52.16419843613003,51.86522212714256,3.74367500946172e-06,3.780238865718968e-06,38.52234910361132,38.521839205636624,2.89510761313702,3.026799048867114,1.7398119212394982,1.284942397305798,2.89510761313702,3.026799048867114,39.53098827470687,40.13377926421405,-0.11449813842773438,-0.24289286136627197,0.001,2.5
