epoch,train_loss,val_loss,train_recon_loss,val_recon_loss,train_kl_loss,val_kl_loss,train_age_loss,val_age_loss,train_site_loss,val_site_loss,train_age_mae,val_age_mae,train_site_acc,val_site_acc,train_age_r2,val_age_r2,current_beta,current_grl_alpha,num_tracts
1,57.644105437346376,73.87534187921845,0.025385286863735656,0.0857807150623875,4.6759608816196865,11.69754437508923,3.161656123293238,3.592466119523165,2.038768489519056,3.9804958748312433,3.161656123293238,3.592466119523165,42.31574539363484,40.23132664437012,-0.32059409717718756,-0.5669165849685669,7.686158073360571e-06,0.0,48
2,55.629977920879405,78.15069140505499,0.12349047796689894,0.14338823309418028,18.514529081815613,25.79290157585709,3.0102506019944655,4.116674520282974,2.0705117554861965,3.251389850475052,3.0102506019944655,4.116674520282974,41.63176996091569,36.95652173913044,-0.1915769577026367,-3.1397650241851807,9.154408582006738e-06,0.025000000000000005,48
3,55.650222363783485,73.89706709844744,0.13632479162204095,0.1307028423570553,28.591561738125268,32.877282939458816,2.9705773586545625,3.97203017269555,2.190984879148732,2.8371102978436977,2.9705773586545625,3.97203017269555,40.7750558347292,39.499721293199556,-0.16127877930800116,-2.0001113476852574,1.0941850065037412e-05,0.05000000000000001,48
4,56.20893019953632,61.36238367900402,0.1255445645205718,0.1146720290029306,38.57664200566327,44.62125008137961,2.911146907825366,3.0570398333379654,2.483135181002315,3.0783058361564595,2.911146907825366,3.0570398333379654,40.50984087102177,41.42279821627648,-0.12493222951889034,-0.16325696557760236,1.311630654928996e-05,0.075,48
5,58.67146175896769,88.4402492766662,0.12029029373827528,0.1185854634803195,50.04255132452652,56.68187272298246,2.902659976136279,4.374754771590233,3.0020966510335736,4.539889948423889,2.902659976136279,4.374754771590233,40.265563930764934,41.62486064659978,-0.11724425479769703,-5.013437654823065,1.5759257661579782e-05,0.10000000000000002,48
6,62.24758109655013,76.28150481470719,0.12622533250585002,0.13641919157231702,62.55364063224068,69.18629500512428,2.8905700265213077,3.1960518281063774,3.75232379966312,5.640599208291093,2.8905700265213077,3.1960518281063774,40.218453378001115,42.990523968784835,-0.10675678402185436,-0.3355535057683785,1.896822375212947e-05,0.125,48
7,66.04616061500302,82.04279971441696,0.1468457631218925,0.1568335833112691,73.18943750507202,76.81607489422412,2.879079933808144,3.6954715740820236,4.542288585328344,5.2904273303206955,2.879079933808144,3.6954715740820236,39.698492462311556,40.558807134894096,-0.1028746018807093,-1.3554634066919486,2.285938966519435e-05,0.15,48
8,69.23262345691023,84.3581448154173,0.1555876792537773,0.1512525791635414,76.96147101596705,76.64943428598386,2.8640167158302945,3.334627304404741,5.222932685122918,6.837073798861392,2.8640167158302945,3.334627304404741,39.3390563930765,41.92447045707916,-0.08850199108322458,-0.5658812907834848,2.7570396583288994e-05,0.17499999999999996,48
9,72.27287718279278,90.680605621508,0.16083411068402756,0.15224926161260763,79.99696716443245,77.65707584132451,2.8718835795511417,4.036522800972895,5.80622568100874,5.995586314569814,2.8718835795511417,4.036522800972895,39.093034617532105,41.11622073578596,-0.0960916106899579,-2.8121187202632427,3.326316923375208e-05,0.20000000000000004,48
10,74.22915855058407,92.25576623945331,0.15235172991530213,0.151168090904856,79.01353856515179,81.66855495204628,2.869778160436369,3.7690177366818607,6.205392748009287,7.113210852578731,2.869778160436369,3.7690177366818607,39.00230318257956,40.96989966555184,-0.09583190704385437,-1.9546720671157043,4.012655707396759e-05,0.2249999999999999,48
11,75.7832371324617,95.24083115956189,0.15267574933201414,0.15822304829142556,83.27075412235467,85.16889505614937,2.846811248055056,3.905004171689883,6.584872918483234,7.300685007461536,2.846811248055056,3.905004171689883,39.13316582914573,41.088350055741365,-0.08117329453428583,-2.4910389023522534,4.837844730438922e-05,0.25,48
12,77.3277231084109,90.55842966592166,0.15898130010015,0.14722659981958905,85.03262373974775,80.58058224008767,2.852450451434557,3.691244737692634,6.875406108376435,7.007567409554718,2.852450451434557,3.691244737692634,39.11746231155779,40.88628762541806,-0.08056168258190152,-1.9979292899370193,5.826685172296986e-05,0.275,48
13,78.47146107709854,87.99387929883424,0.1487744517636175,0.15530846128726772,82.11907943435916,83.97193961039834,2.848414028085257,3.330330927834463,7.118144405139418,7.575544594206672,2.848414028085257,3.330330927834463,38.99357900614182,40.57274247491639,-0.07352183262507118,-0.6316322945058346,7.006928192300347e-05,0.3,48
14,79.48126269345308,99.45089870099905,0.1571252140871311,0.15015734697510383,86.19097074744822,85.28856521014252,2.8474036453740013,3.6891620460328713,7.321166990648297,8.791227812169653,2.8474036453740013,3.6891620460328713,38.82258514796203,40.489130434782616,-0.07720698540409403,-1.6039412630101044,8.408952379742846e-05,0.325,48
15,80.2427493503545,86.09487360642773,0.14657094143363328,0.14454888697747686,85.23218680513031,83.08740377346409,2.8344521419603286,3.3317325615896163,7.514163487196168,7.193194703347441,2.8344521419603286,3.3317325615896163,38.773729759910665,39.47881828316611,-0.069848895072937,-0.7805298467477163,0.0001006507386305,0.3499999999999999,48
16,81.16666427715606,95.73814799235417,0.15544639151451106,0.15327751607016105,86.94123461072103,88.63382800034721,2.826648086658874,3.616706290057006,7.7202112720889255,8.26472647748929,2.826648086658874,3.616706290057006,38.571328866555,39.86900780379042,-0.06094418962796527,-1.7092370962103207,0.00012008371909999999,0.375,48
17,82.03145616404642,91.84724187000405,0.14938342071153604,0.14027444506387196,90.52871322565277,91.4307300106206,2.8295939905992236,3.224691921386166,7.885048733887927,8.66470793982679,2.8295939905992236,3.224691921386166,38.347989949748744,40.92809364548496,-0.06424582004547116,-0.5676069632172585,0.0001427092138355,0.4000000000000001,48
18,82.63778463640006,99.75684210794293,0.1398744448042306,0.1312038330714184,90.61473557344699,88.81692937119483,2.8202685660436657,4.169305368626662,8.035716979364521,7.4142126993690445,2.8202685660436657,4.169305368626662,38.297389726409826,39.597268673355636,-0.060874284555514635,-3.6326537976662316,0.0001688136332512,0.425,48
19,83.67401195584164,88.54056100249954,0.13252073117614757,0.1349891608563548,91.6497803356047,92.89989233641587,2.8323201707484738,2.9736260736533495,8.207697084850603,8.756545910302346,2.8323201707484738,2.9736260736533495,38.068816303740924,40.09894091415831,-0.06636145090063411,-0.11608469113707538,0.0001986182953299,0.4499999999999999,48
20,84.23227098146542,103.04527294702221,0.13562188093077834,0.130900527549559,93.46141152166241,92.58658025363086,2.838320543659858,4.187903393412978,8.3000269937888,8.014863658924831,2.838320543659858,4.187903393412978,37.71286990508096,38.47547380156076,-0.07389713823795316,-3.6770948556562266,0.0002322437412844,0.4749999999999999,48
21,84.74746419876264,85.38586789947688,0.13605917116714142,0.13891500442574836,94.04836975716132,94.49509923580365,2.8217079689438154,3.0304277080423723,8.452084626251596,7.9530109322921625,2.8217079689438154,3.0304277080423723,37.555834729201564,38.865663322185064,-0.06269409134984015,-0.20002696290612218,0.0002696724799486,0.5,48
22,85.09364499252379,93.9889018418664,0.13693135651593166,0.13381075183080895,96.30320169265413,95.12102532120984,2.8089771157142036,3.2092349413479186,8.558426764875334,9.137402438034314,2.8089771157142036,3.2092349413479186,37.212102177554435,38.14102564102564,-0.05709276596705116,-0.48671246444185573,0.0003107154933535,0.525,48
23,85.69755580437243,101.82400480613792,0.1318157797841973,0.13100480634120662,96.47216379855479,97.25185552874005,2.810973294174984,3.7986995295072212,8.673378823573598,8.93559682158257,2.810973294174984,3.7986995295072212,36.800321049692904,38.12709030100335,-0.04877101257443425,-2.329721280684074,0.0003549893500804,0.55,48
24,86.45535407739935,90.83242950843463,0.12830660529638885,0.1252213551750551,96.26973792456302,95.9340718674952,2.8236108634190344,3.1896780227106416,8.78683852069475,8.564696224420898,2.8236108634190344,3.1896780227106416,36.60838916806254,37.987736900780384,-0.060007593284050594,-0.4922788751622042,0.0004019110275476,0.5750000000000001,48
25,86.56399578438466,85.64023548225096,0.13087216558674478,0.1255310749371174,98.09137643528412,96.85139441769259,2.810443786204294,2.8891289724221862,8.84645107274928,8.426823409313675,2.810443786204294,2.8891289724221862,36.56651312116136,38.49637681159421,-0.052912784119447054,-0.026597145944833745,0.0004507158366848,0.6,48
26,87.02816403291534,86.56710882569637,0.12281615492578406,0.12381766808101859,97.46105939319585,97.57869786934442,2.8089197054130945,2.909916962269557,8.94455459040014,8.54913968999051,2.8089197054130945,2.909916962269557,36.437395309882746,38.3221850613155,-0.05128816142678259,-0.041296799977620424,0.0005005,0.625,48
27,87.3927875941589,97.03597375328592,0.12451711240273557,0.12061505891711989,98.6967825301861,99.55420761841994,2.811404063257673,3.201222080234833,9.0085796918252,9.768448786907637,2.811404063257673,3.201222080234833,36.2000977107761,37.97380156075808,-0.04827621082464851,-0.5680692705015342,0.0005502841633151,0.65,48
28,87.64318944621125,99.03461077779433,0.1225075119207897,0.1183200555303169,101.89723273670786,102.89663922401309,2.80483073169612,3.528511251253361,9.077435058964356,9.185395527485687,2.80483073169612,3.528511251253361,35.78657174762702,36.8938127090301,-0.050023910899957,-1.2408410795032978,0.0005990889724523,0.6750000000000002,48
29,87.85628218680104,88.84923839409613,0.11760774187615138,0.11485902070572225,104.08410397393287,102.9305842874308,2.7992407612831216,3.028677341481515,9.136564731003018,8.647545005216646,2.7992407612831216,3.028677341481515,35.50739810161921,35.58389074693423,-0.04324748491247493,-0.16052217284838358,0.0006460106499195,0.7000000000000001,48
30,88.31804657568152,105.4635254010442,0.11530663378153695,0.1143064924574315,103.61198685683064,104.45763044678911,2.7976686576769247,4.082789966701598,9.233237713263362,8.807052878988959,2.7976686576769247,4.082789966701598,35.34861809045226,36.20401337792642,-0.040089221050341906,-4.082213795433442,0.0006902845066464,0.725,48
31,88.49692514181004,98.71551719025491,0.11330780350284843,0.11557009434998546,104.79208512348812,105.30277724848145,2.791441835176006,3.513395384618537,9.287070501934776,9.164401188592448,2.791441835176006,3.513395384618537,34.96300949190397,36.245819397993316,-0.03732009356220561,-1.8337960280478,0.0007313275200513,0.75,48
32,88.76070536148075,89.45033588430687,0.11545281295557558,0.11002489269451367,106.5868769139301,105.4524208022865,2.7832167882374517,2.923134958165944,9.363012256833976,9.082443793191095,2.7832167882374517,2.923134958165944,35.04501675041876,36.57329988851728,-0.03511129195491471,-0.055883119503657014,0.0007687562587154999,0.775,48
33,88.98455304356675,102.76478299196215,0.11219758047658707,0.11209854593189855,106.65290223760088,106.38957497653621,2.7931684424246845,3.6523922084599167,9.377850499064445,9.556287197713868,2.7931684424246845,3.6523922084599167,34.95603015075377,36.00195094760313,-0.0395786811908086,-2.244651682674885,0.00080238170467,0.8000000000000002,48
34,89.35341534236501,97.7468866767692,0.11403290392837495,0.11076279659288413,106.84477511449342,107.07510545381335,2.794289621255672,3.1621500946240815,9.447224684604581,10.022953204279029,2.794289621255672,3.1621500946240815,34.73792573981016,36.37820512820513,-0.039512256781260156,-0.5257138274610043,0.0008321863667487,0.8250000000000001,48
35,89.58450620631011,105.20710363329586,0.11026476102088888,0.10954102112651787,107.57644819600965,107.79137417664099,2.7947936423709443,3.7637436144809793,9.492001002345551,9.709778536572106,2.7947936423709443,3.7637436144809793,34.5285455053043,36.07162764771461,-0.042231234411398554,-3.0797365456819534,0.0008582907861644,0.8500000000000001,48
36,89.71528828124106,102.63026489275887,0.10893467770451537,0.1048572679948054,108.68624153754887,108.4563920040726,2.7817874614800373,3.5775233069175196,9.556759624999371,9.753403517946085,2.7817874614800373,3.5775233069175196,34.39070351758794,35.075250836120404,-0.02990596741437911,-1.431799874951442,0.0008809162808999,0.875,48
37,89.9966606930073,105.62297176889486,0.1043241395298118,0.10634865952751187,109.40722342059308,110.66110434699617,2.7846952583214413,3.9551482958222848,9.604680590319076,9.21795306940342,2.7846952583214413,3.9551482958222848,33.96670854271357,34.71989966555184,-0.03156894445419311,-3.2098368356625238,0.0009003492613694,0.8999999999999999,48
38,89.97806855062743,88.68474171632108,0.10753555085202815,0.1047534123656837,110.6670497479484,109.06066952248746,2.771161652381762,2.8500015423067304,9.640327314964258,9.145993370608474,2.771161652381762,2.8500015423067304,33.964963707426016,35.479375696767,-0.022394777586062734,0.0027277767658233747,0.0009169104762025,0.9250000000000002,48
39,90.13155862234744,93.03434787546114,0.10243873751459819,0.10320333018668515,108.74321735504286,110.64977740550387,2.779712234177049,2.9346720032900606,9.646440844939182,9.76161147193898,2.779712234177049,2.9346720032900606,33.70149357900614,34.73383500557414,-0.03283512468139329,-0.0665518802901109,0.0009309307180769,0.9499999999999998,48
40,90.39950811523488,89.9190816499185,0.10506559339083489,0.10724735798063562,112.59543742113844,113.02126301358243,2.7773156138703783,2.8348216749520074,9.705712138056871,9.436592142136067,2.7773156138703783,2.8348216749520074,33.62297599106645,34.63628762541806,-0.0254033568004767,-0.012749074647823948,0.000942733148277,0.975,48
41,90.69948271970253,93.77697200998415,0.10355511447502314,0.0987570965934332,113.90735420250213,113.3991912738934,2.7702763633920053,3.0924759963849184,9.786654310422627,9.436609697946604,2.7702763633920053,3.0924759963849184,33.20596035734227,33.80713489409142,-0.025079863766829164,-0.3235288659731547,0.0009526215526956,1.0,48
42,90.85044875642829,94.43443438653298,0.10120386346345894,0.10251869615773379,114.79502031012396,115.31631701952107,2.77820575544283,2.955220618018405,9.793171036058734,9.978560487097058,2.77820575544283,2.955220618018405,32.982621440536015,34.12764771460424,-0.029557370891173666,-0.09405765930811562,0.0009608734429260001,1.025,48
43,91.0325951968938,98.99845347250319,0.10003411741247915,0.09548749142651845,115.24462011258474,113.39967389742002,2.7667235867611724,3.2070378326004167,9.864036202588805,10.137531458102208,2.7667235867611724,3.2070378326004167,32.808137911781124,33.17307692307693,-0.02184510727723438,-0.5897148922085762,0.0009677368307662,1.05,48
44,91.17113750078106,95.72047168116107,0.09949320488656697,0.10358100469796729,114.93705094639381,116.65257323665365,2.76653046387657,2.9214109053696142,9.892360807704833,10.336434784109644,2.76653046387657,2.9214109053696142,32.63016471245114,34.106744704570794,-0.025617868949969605,-0.07830577840407689,0.0009734296034167,1.075,48
45,91.21138941143425,106.18135567386547,0.101895010522576,0.09817114186219106,117.35590541336138,116.86557532792108,2.7589006814159274,3.8416469966621034,9.92223868950045,9.66883375931743,2.7589006814159274,3.8416469966621034,32.50802624232272,32.49721293199554,-0.02098930378754933,-2.3536745632688203,0.0009781406103348,1.1,48
46,91.5555537324721,100.89501566365942,0.09916415478115576,0.10144211841479406,117.68735063934645,118.0617393960921,2.7601172515487016,3.495271275457464,9.987811619258839,9.649712801378309,2.7601172515487016,3.495271275457464,32.43648799553322,33.15217391304348,-0.01920821145176887,-1.9453477375209332,0.0009820317762478,1.125,48
47,91.635611412846,100.81719462129983,0.10094442380243905,0.098866093475792,119.15524255550487,117.85161358456946,2.754383635439399,3.5074738200209876,10.020303215209596,9.598021839258397,2.754383635439399,3.5074738200209876,32.39984645449469,32.32998885172798,-0.014878810693820304,-1.4472298882901669,0.0009852407423384,1.15,48
48,91.67844641960778,102.47457689159823,0.09715041400966752,0.09429450690299672,118.48118330073184,118.41845398018326,2.749638048889316,3.2171978323389188,10.04393591501322,10.801066052272434,2.749638048889316,3.2171978323389188,32.41031546621999,33.98132664437012,-0.014184089998404176,-0.7033820909758409,0.0009878836934507,1.1749999999999998,48
49,92.14896148160341,91.77303517462816,0.09703984502398223,0.09710791525862615,119.45036552958753,119.84094154103809,2.762978168787868,2.8410051014178834,10.097797238405759,9.78844025367279,2.762978168787868,2.8410051014178834,32.445212171970965,33.15914158305463,-0.02240988612174986,-0.006428435444831845,0.0009900581499349,1.2,48
50,91.89927380501659,92.74208921174142,0.09554586097301788,0.09416015497410012,120.53684474109339,120.32065121824526,2.754866228797195,2.962607473326035,10.07223606052211,9.617895552246866,2.754866228797195,2.962607473326035,32.431253489670574,32.95011148272018,-0.019243213037649778,-0.16000477721293768,0.0009918455914179,1.225,48
51,92.09376769742109,94.23289759927236,0.09425077861715726,0.09478233497401602,121.45986276242668,121.28374637980659,2.7521621542626558,3.053470651840286,10.119124945404975,9.642954274629934,2.7521621542626558,3.053470651840286,32.3073701842546,32.95011148272018,-0.013985011726617808,-0.30350070446729654,0.001,1.25,48
52,92.26487436872299,90.66827629269034,0.09501502949822943,0.09448354835045547,122.81956975916655,122.94065908524504,2.7532127822147676,2.8148858364559337,10.1497696672053,9.645513007182673,2.7532127822147676,2.8148858364559337,32.248045784477945,33.63294314381271,-0.01125169048706689,0.008809926609198269,0.001,1.275,48
53,92.43912928587628,96.23197025678628,0.09509398554482228,0.09534506111458523,124.0275010307164,123.9142111105265,2.7492669195785395,2.8995616168381777,10.196200788108447,10.503857323141933,2.7492669195785395,2.8995616168381777,31.984575656058066,33.18004459308808,-0.0062814814349015395,-0.0519905686378479,0.001,1.3,48
54,92.6905605156684,96.90978286949422,0.09370438032890532,0.09332099663919635,124.62400703121337,125.09696296810971,2.7549458956049513,2.8857027306039726,10.229608753851045,10.68116479851264,2.7549458956049513,2.8857027306039726,31.53964265773311,32.93617614269788,-0.015535856286684661,-0.04787860810756681,0.001,1.3250000000000002,48
55,93.01677928977277,93.70781149486767,0.094726303858347,0.0949953810545321,126.24693657132515,125.59633393431187,2.753910704507035,2.9281568658624337,10.29742908814744,9.912973327954676,2.753910704507035,2.9281568658624337,31.37039363484087,32.14882943143813,-0.017062579592068982,-0.08804174512624739,0.001,1.3500000000000003,48
56,93.00685856956,105.71547604245087,0.09443131602797099,0.09066443905504235,126.91418430606858,126.26950340964721,2.745826524231502,3.6627232359437776,10.31962302605877,10.111538731782732,2.745826524231502,3.6627232359437776,31.37388330541597,31.208193979933114,-0.008502593884865434,-1.690008199463288,0.001,1.375,48
57,93.16337542597772,96.92104785312112,0.09048335383917305,0.09193279246979125,126.82582991187098,126.91948303503868,2.7396008579724995,3.0819203954443353,10.37041068983554,10.094677899111739,2.7396008579724995,3.0819203954443353,31.216848129536572,32.14882943143813,-0.009463233252366381,-0.3550974229971568,0.001,1.3999999999999997,48
58,93.39640671097986,95.89141083614219,0.09131484106805914,0.08914342663524488,127.4734601459977,127.34577781393908,2.7518234407765316,2.839884008784491,10.380053310463177,10.615332150671927,2.7518234407765316,2.839884008784491,31.106923506420994,32.94314381270903,-0.011346458146969468,-0.0024757745365301697,0.001,1.4249999999999998,48
59,93.33516793088631,105.09827550996506,0.09109460771077693,0.09121452420584875,128.1694540783122,128.21649912660868,2.7312372660816613,3.262835916675785,10.429469012526878,11.187261079964431,2.7312372660816613,3.262835916675785,30.97955053042993,31.69593088071349,0.00011899446447690674,-0.6821517062683901,0.001,1.45,48
60,93.5003413757354,94.39537983142678,0.08924485847250067,0.0902832769028138,128.45728829351634,128.75030749537873,2.74544050059027,2.845894481318119,10.4202062976778,10.297585702676704,2.74544050059027,2.845894481318119,30.91848129536572,32.49024526198439,-0.02124129111568132,-0.021217414488395054,0.001,1.4750000000000003,48
61,93.41432551336582,101.63339871759531,0.0901785927741048,0.08882984337917536,129.43783574634128,128.81562105761455,2.7339168245868266,3.343716342662489,10.43719128304224,10.25200156560178,2.7339168245868266,3.343716342662489,30.81902568397543,30.78316610925307,-0.0025560272236664927,-1.0446076951920986,0.001,1.5,48
62,94.0372805988103,99.83326810711337,0.08934573368445209,0.08917409422882315,129.84215797498067,129.92582542348734,2.75206809824552,3.2570587123599872,10.507414264191569,10.15165756163556,2.75206809824552,3.2570587123599872,30.607900614182018,31.42419175027871,-0.009708808114131282,-0.9214545451104641,0.001,1.5249999999999997,48
63,93.91047580464469,99.01960291378741,0.0887288174242614,0.08800171351173637,130.4492815657743,130.37521807658365,2.7344561361986988,3.2465761325497557,10.534891070324838,10.020516747133255,2.7344561361986988,3.2465761325497557,30.525893355667222,31.45903010033445,-0.006075575947761526,-0.887330257644256,0.001,1.55,48
64,93.9886931988329,92.5846283584667,0.08776701401956143,0.08623608228611535,131.47667544957048,131.47483522105244,2.735292471891206,2.8069497038389133,10.548012512454703,10.052534378134753,2.735292471891206,2.8069497038389133,30.43516192071468,31.277870680044597,-0.009575812766949326,0.025291093935569133,0.001,1.575,48
65,94.07632798964853,97.32736175408463,0.08714818704597042,0.08630168995810034,132.55322357943976,132.98933039088976,2.7334271607736444,3.126179725072921,10.571043868231447,10.043075019068011,2.7334271607736444,3.126179725072921,30.403754885538802,31.236064659977703,-0.0014892369508743184,-0.5315322764217854,0.001,1.6000000000000003,48
66,93.97333661608694,93.95727839517752,0.08591267038825788,0.0860741091106857,133.532188086121,132.9630827119651,2.7231681087641397,2.930176222968926,10.581274022342505,9.957119625580882,2.7231681087641397,2.930176222968926,30.353154662199888,31.201226309921964,0.00708022341132165,-0.1132509062687556,0.001,1.625,48
67,94.19995313673162,93.31851301411189,0.08648949906607471,0.086711314339343,133.8533113014758,133.63245506310543,2.7227154916671323,2.8337332787887175,10.627775541185867,10.118433865424715,2.7227154916671323,2.8337332787887175,30.34617532104969,31.939799331103682,0.00489142164587975,-0.007740965733925492,0.001,1.6499999999999997,48
68,94.3462856087453,93.02630653349452,0.0855366442590385,0.08457319574789236,134.2184869112215,134.15497089535364,2.7275272987154793,2.8122490133795317,10.642724231725827,10.124768589800816,2.7275272987154793,2.8122490133795317,30.189140145170295,31.201226309921964,0.0011949241161346522,0.011435117572546024,0.001,1.675,48
69,94.35201132530477,93.1130424343224,0.08483635996999957,0.08477809741194965,135.38608710643368,135.65286348841528,2.7262132263205228,2.8001614519568325,10.647718133859332,10.17803787155162,2.7262132263205228,2.8001614519568325,30.257188721384697,30.253623188405797,0.0015512642761071574,0.027835335582494746,0.001,1.7000000000000002,48
70,94.3218824610505,93.03888077799691,0.08442406085471349,0.08268505260928892,136.28039185495632,135.94005466404568,2.7201503096247173,2.820974169525348,10.659784684711697,10.10112856965566,2.7201503096247173,2.820974169525348,29.99720826353992,30.85284280936455,0.005390401929616931,0.0136059249440829,0.001,1.7250000000000003,48
71,94.43244007937007,95.06046634879266,0.08351359015344721,0.0830398030096693,136.64524125963,136.7063420774413,2.7210884552421946,2.912400686496676,10.679190836401707,10.230941952022421,2.7210884552421946,2.912400686496676,29.766890005583473,30.6438127090301,0.0046444137891133675,-0.10000334804256757,0.001,1.75,48
72,94.86668580447675,93.39197607024458,0.0825002708403045,0.08344391326589871,137.47902512150992,137.9396338828963,2.7292963093898606,2.8253305186429287,10.741452421188056,10.158127018141508,2.7292963093898606,2.8253305186429287,29.410943606923507,30.769230769230774,-0.0005405594905217515,0.006508318086465196,0.001,1.7749999999999997,48
73,94.79360709730838,93.97285609394146,0.08365938213197498,0.08187562734276636,138.8109044454605,138.5539127562357,2.724427063527685,2.8346532235875177,10.740946138915172,10.246525740934123,2.724427063527685,2.8346532235875177,29.180625348967055,30.51839464882943,0.0039429018894831394,-0.012814457217852265,0.001,1.7999999999999998,48
74,94.73821104098671,93.67600549529892,0.08251630483819278,0.08239118508798864,139.58208871327054,139.64704183464997,2.7192605740527482,2.790461452617627,10.745440778108799,10.319409076685092,2.7192605740527482,2.790461452617627,28.894472361809047,30.602006688963215,0.006052748610576006,0.017277687788009647,0.001,1.825,48
75,95.08740910067364,93.43838493241913,0.08227301301870753,0.08118729619711962,140.01548990479134,139.50275180006238,2.7255890145773063,2.7862114475639235,10.796257036856138,10.284904545341247,2.7255890145773063,2.7862114475639235,28.78978224455611,30.260590858416947,0.0007962460319201267,0.020848676562309265,0.001,1.8500000000000003,48
76,95.04399234898459,93.97367215050237,0.08141567887909242,0.08090882090438418,139.94461930556912,140.14780031046607,2.712956176114974,2.81358158360822,10.825657915018212,10.309778395429701,2.712956176114974,2.81358158360822,28.587381351200445,30.476588628762542,0.010570637881755841,0.008910061170657473,0.001,1.875,48
77,95.23645153370468,93.66577405674401,0.08153177359777092,0.08120195107432769,141.15829806464933,140.61446120853276,2.7175488007477977,2.7934875672759953,10.850105935563128,10.308328872789508,2.7175488007477977,2.7934875672759953,28.683347292015636,30.002787068004462,0.007481563836336144,0.009484933068354925,0.001,1.8999999999999997,48
78,95.28163549036104,94.92397266805769,0.08114493049610413,0.08147860182847008,141.567016932766,141.98063904093527,2.71545881496369,2.7985763185997072,10.865408290504144,10.544373703474717,2.71545881496369,2.7985763185997072,28.526312116136236,30.107302118171685,0.00932888314127922,0.010739228377739595,0.001,1.925,48
79,95.33337930778363,96.52824851794121,0.08106404302155375,0.08011474410842236,142.35779362750546,141.92809180259172,2.712255901007563,2.8732101648481128,10.88522375919578,10.641610734355755,2.712255901007563,2.8732101648481128,28.39893914014517,29.515050167224086,0.010565780103206636,-0.052635000397761665,0.001,1.95,48
80,95.52294321954749,93.93776876312434,0.08046887421757472,0.07997266209555219,142.97690369728755,142.8572033464975,2.7174891118877498,2.7857177047476323,10.907432203312647,10.385834590231827,2.7174891118877498,2.7857177047476323,28.437325516471244,30.037625418060202,0.0025801844894886065,0.019704180459181476,0.001,1.9750000000000003,48
81,95.18614882932968,94.2050013499648,0.0804359616273659,0.08027395470213027,143.69214659426746,143.51544011051172,2.700054704452413,2.826585615882307,10.892240059290067,10.316485603044065,2.700054704452413,2.826585615882307,28.374511446119485,29.947045707915276,0.018446238090594622,0.009620738526185365,0.001,2.0,48
82,95.62029727246761,96.8975522284258,0.07971545859735686,0.07934492499147831,144.0337234833998,144.2138796372956,2.7139709797120504,2.9207382353818008,10.937396675298361,10.572583976796638,2.7139709797120504,2.9207382353818008,28.177345058626468,28.88099219620959,0.008769650012254729,-0.09579253196716309,0.001,2.0250000000000004,48
83,95.92117070579316,96.72294011615723,0.07917742509302543,0.07883043425774457,145.18985460980653,144.95875619705706,2.7264999471925147,2.9592361628693613,10.959860857012451,10.422121783039442,2.7264999471925147,2.9592361628693613,27.90515075376884,28.860089186176143,0.0034938156604766937,-0.14654345313707987,0.001,2.05,48
84,95.82813613139206,95.57017055216973,0.0786467744040446,0.07845431431922463,145.84201809446083,145.8729548373217,2.7058033565156023,2.8497212029569923,11.003319448474763,10.52000502289305,2.7058033565156023,2.8497212029569923,27.849316024567283,28.804347826086957,0.013148638109366109,-0.023501622180143993,0.001,2.0749999999999997,48
85,95.95037889893264,94.82915316404176,0.07879166601448273,0.07809179270280621,146.78014035760057,146.75628044214537,2.7073875311855695,2.8149674542107044,11.022798824100638,10.475958695961214,2.7073875311855695,2.8149674542107044,27.908640424343943,29.549888517279825,0.013514144966999694,0.006280484298865009,0.001,2.1,48
86,96.17148013530264,94.86358814654143,0.0779830778728423,0.07723090192975797,147.1573141661521,146.9638526079514,2.7061143619372885,2.7851405207860958,11.070924787939694,10.57245709653217,2.7061143619372885,2.7851405207860958,27.84582635399218,28.860089186176143,0.012550917764504755,0.025169935077428828,0.001,2.125,48
87,96.19541447259807,94.59770088849659,0.0771939416652807,0.07692854562362524,147.79064283991312,147.42155389476116,2.709884053041055,2.7987213970526406,11.06443387705111,10.478505939876488,2.709884053041055,2.7987213970526406,27.798715801228365,28.936733556298776,0.014488168060779577,0.024550774445136387,0.001,2.15,48
88,96.34263484255685,94.92846586818547,0.07740129725553323,0.07744838898069016,148.38039485140928,148.4609164942467,2.7093835146416505,2.7911493385349764,11.095220017464783,10.567063408767766,2.7093835146416505,2.7911493385349764,27.758584589614742,29.431438127090303,0.01347566892703375,0.025508134315411258,0.001,2.175,48
89,96.3827348120182,94.42478946990924,0.07748082062706907,0.07713229861566107,148.9883248939453,148.6699410275605,2.7131501111045417,2.78308052387724,11.091802825430529,10.490555899099363,2.7131501111045417,2.78308052387724,27.734156895589056,29.542920847268675,0.007112232347329464,0.026358177264531463,0.001,2.2,48
90,96.32523479653362,95.17915057391758,0.07688960618502079,0.07699426179154815,149.21390913392764,149.08700996185493,2.7000325558273435,2.81279141293089,11.119728621725661,10.552239567896926,2.7000325558273435,2.81279141293089,27.737646566164155,29.535953177257525,0.017061809698740653,0.017399267603953685,0.001,2.225,48
91,96.35305339234425,94.58528399520627,0.07700638043137108,0.07652066092149802,149.73086417127362,149.30113966575303,2.6997374847431477,2.780496410784647,11.126050805472282,10.530403262014639,2.6997374847431477,2.780496410784647,27.74113623673925,28.776477146042367,0.0162097029387951,0.027863665173451114,0.001,2.25,48
92,96.68408339360384,95.09127132416835,0.07699127137780012,0.07605648969312102,150.02612658834272,149.8087069356322,2.711324172107984,2.8042856726292915,11.15744070524879,10.560224214408843,2.711324172107984,2.8042856726292915,27.667853154662197,28.88099219620959,0.010837998241186149,0.027405730138222385,0.001,2.275,48
93,96.4171991488043,95.30525416115853,0.07616930778520467,0.07583897177917008,150.53963628449566,150.2631056537995,2.703061275300635,2.8144054424802594,11.128914166643327,10.57261417412439,2.703061275300635,2.8144054424802594,27.734156895589056,28.74163879598662,0.015453804284334191,0.017275525877873104,0.001,2.3000000000000003,48
94,96.45642146859204,94.72903242743799,0.07630853043532056,0.07600060525821901,151.05350489758834,150.87487153790335,2.705160002404588,2.77486433313875,11.130331897838765,10.575838455396685,2.705160002404588,2.77486433313875,27.690536013400333,29.49414715719064,0.014593477050463372,0.033221218734979636,0.001,2.325,48
95,96.52381517513048,94.71500775992139,0.07593244249749073,0.07564113778506178,151.33245744287868,151.13459880721476,2.7010610576600484,2.776374033412407,11.156126904065784,10.568524128608946,2.7010610576600484,2.776374033412407,27.704494695700728,29.466276477146042,0.01623490328590076,0.028990276157855988,0.001,2.3499999999999996,48
96,96.54012945642158,95.38957600742413,0.0760407517188047,0.07536448362277672,151.92843901235787,151.72421180437775,2.708324840644895,2.816295640698843,11.137457541709567,10.583610503187812,2.708324840644895,2.816295640698843,27.75683975432719,29.473244147157192,0.015539130816857025,0.0055052824318409,0.001,2.375,48
97,96.56328233575634,94.9451859582095,0.07555104616586007,0.07524389438355929,152.3568088816305,152.10884629783024,2.7020661007968627,2.8073278146493794,11.16087659741666,10.521583281457424,2.7020661007968627,2.8073278146493794,27.676577331099946,29.36176142697882,0.018116014699141193,0.020231333871682487,0.001,2.4,48
98,96.54563911183463,95.10691140859554,0.0754344725147717,0.07504011560013364,152.78870792215193,152.75194978873466,2.700836202536363,2.802739351688819,11.160974617891476,10.567605827688972,2.700836202536363,2.802739351688819,27.678322166387492,29.333890746934227,0.018526780108610794,0.02483764042456946,0.001,2.425,48
99,96.59744730919583,95.11698273618352,0.07550964706633072,0.07528816256126915,153.39489574215386,152.94747908943341,2.697011888330872,2.7913299548619297,11.182672871209135,10.603759593298138,2.697011888330872,2.7913299548619297,27.622487437185928,29.403567447045713,0.01932068914175034,0.02934201682607333,0.001,2.45,48
100,96.50935671037963,94.91139979692075,0.07526421316207105,0.07457627255526812,153.51307656956678,153.2144084363478,2.6945962295651706,2.7781850838392077,11.172327181776764,10.602166621664429,2.6945962295651706,2.7781850838392077,27.734156895589056,29.473244147157192,0.021530392269293475,0.032522631188233696,0.001,2.475,48
101,96.71814093318217,95.23808971934494,0.07503170669302317,0.0751495614107525,153.91187040154193,153.67293277977566,2.699203494031425,2.7719453801561893,11.200228886804654,10.68601719896364,2.699203494031425,2.7719453801561893,27.631211613623673,29.410535117056856,0.017804713298877086,0.029582294325033832,0.001,2.5,48
102,96.46272704788987,95.30214133416796,0.07507748822227028,0.07447935992480668,154.30329739115612,153.91932928874473,2.6966918741089216,2.814807421678351,11.15659362079793,10.570326238662968,2.6966918741089216,2.814807421678351,27.57363204913456,29.333890746934227,0.01759886989990871,0.012436743825674062,0.001,2.5,48
103,96.63257610631483,95.28621160811271,0.07497167082187742,0.07441191656187303,154.5118639418228,154.1972983829021,2.69410375214901,2.811879931011527,11.19830722701676,10.575880801647802,2.69410375214901,2.811879931011527,27.596314907872696,29.347826086956527,0.01891672487060229,0.015131242573261273,0.001,2.5,48
104,96.8274311371052,95.53810962971504,0.0744798796005828,0.07421645371142062,154.71117210095318,154.26546644028215,2.702217893393129,2.8144436673143898,11.212994355747881,10.618594473396056,2.702217893393129,2.8144436673143898,27.56141820212172,28.74860646599777,0.015356195469697331,0.008044183254241942,0.001,2.5,48
105,96.72330285369985,94.96081564817142,0.0745927116094277,0.07401192748964737,154.96255037562932,154.643548356583,2.700631430791717,2.7739933852351366,11.196855317312435,10.624451794652236,2.700631430791717,2.7739933852351366,27.59980457844779,28.67892976588629,0.01887037977576256,0.03270971899231276,0.001,2.5,48
106,96.64547485535802,95.08402823551309,0.07442427590768554,0.07391574185988124,155.1840954910837,154.77466318566132,2.689469725929413,2.781977867983788,11.214764093854354,10.625133823449728,2.689469725929413,2.781977867983788,27.587590731434954,29.32692307692308,0.022725973278284083,0.0286290782193343,0.001,2.5,48
107,96.60695463848275,94.99945468647424,0.07411521808499778,0.07393311705188621,155.26839155221637,155.0100305514325,2.7002123170462085,2.778206769057208,11.174877245051944,10.619482032149,2.7002123170462085,2.778206769057208,27.641680625348968,29.28511705685619,0.015942783405383437,0.032768427083889655,0.001,2.5,48
108,96.85958309961656,95.52897167604505,0.07406429689548881,0.07372504392501224,155.6095971611543,155.16783114865737,2.6987166018758253,2.816142729401522,11.229832141293551,10.611587594276754,2.6987166018758253,2.816142729401522,27.63295644891122,29.271181716833894,0.017933630694945666,0.008429257820049935,0.001,2.5,48
109,96.82891273684903,95.37215632180306,0.07404084768584392,0.07385739577035456,155.70408803404277,155.3754496673411,2.6987095746179985,2.8061273211204223,11.223704828888527,10.61020271891236,2.6987095746179985,2.8061273211204223,27.60329424902289,29.250278706800447,0.019086773196856196,0.020521493007739398,0.001,2.5,48
110,96.8007021111393,95.72478373925156,0.07410431832764629,0.0735832680921077,156.0566916974612,155.68246983239217,2.6958947498944137,2.820434319733776,11.226423974874331,10.637800623915068,2.6958947498944137,2.820434319733776,27.568397543271914,29.28511705685619,0.01847297077377638,0.010179113596677792,0.001,2.5,48
111,96.87709522952854,95.26963596997852,0.07379654623912697,0.07345692830086059,156.2482687822272,155.79973963604058,2.695178265780593,2.7918401847415946,11.243875223571266,10.632555277276797,2.695178265780593,2.7918401847415946,27.60154941373534,29.333890746934227,0.019669687996308024,0.02875541398922603,0.001,2.5,48
112,96.74237379849389,95.19373696331462,0.07375900307260894,0.07344149024113768,156.3592184875878,156.09509532826402,2.694240352092077,2.786731754980956,11.219730011078815,10.632644797074157,2.694240352092077,2.786731754980956,27.59108040201005,29.45234113712375,0.024120209117730464,0.035253620396057776,0.001,2.5,48
113,96.80953419508047,95.1090809445716,0.07357946940734836,0.07325828068851165,156.68341974507226,156.27992746988136,2.690522215470031,2.780015676947873,11.244287581441457,10.635861583303248,2.690522215470031,2.780015676947873,27.568397543271914,29.299052396878484,0.025806081791718807,0.03277063369750977,0.001,2.5,48
114,96.82452041912451,95.1880329415418,0.07352323484397545,0.07330238951341213,156.7451413685819,156.34492181190015,2.6970709445654912,2.7801819300339243,11.22763757335281,10.651131294036457,2.6970709445654912,2.7801819300339243,27.52826633165829,29.264214046822744,0.020971704274415973,0.032071304817994445,0.001,2.5,48
115,96.72313027299361,95.13908146615809,0.07346592080642574,0.07311142732507998,156.9022812542138,156.573643732762,2.6992267148412186,2.782507796974286,11.200872314780833,10.63435578009855,2.6992267148412186,2.782507796974286,27.57363204913456,29.27814938684504,0.014879141002893462,0.033179712792237616,0.001,2.5,48
116,96.77479570155566,95.31220608810118,0.07326802165948619,0.07291752641353479,157.06989588406682,156.64438320874106,2.6916573375030843,2.797657913097503,11.233919558679505,10.623555164182,2.6916573375030843,2.797657913097503,27.484645449469568,29.368729096989966,0.020415087540944423,0.026026633878548946,0.001,2.5,48
117,96.81985836798488,95.46833977332483,0.07323428018764973,0.07267071248370886,157.1082235941469,156.66110060140574,2.6891835406131417,2.8025198490208343,11.25035252701231,10.640242106464994,2.6891835406131417,2.8025198490208343,27.509073143495254,29.340858416945377,0.023119665682315823,0.02191501980026563,0.001,2.5,48
118,97.00864493014892,95.30039653809972,0.07304123634151023,0.07289914506440945,157.2241960408167,156.8572185237538,2.694983545946616,2.788212833429792,11.270725236699143,10.649489567148912,2.694983545946616,2.788212833429792,27.474176437744276,29.347826086956527,0.020070301989714306,0.03139956668019296,0.001,2.5,48
119,96.91959670280892,95.16708409719776,0.07308775998472745,0.07273185655737825,157.40809300184117,157.0201082465508,2.6972168572309427,2.781669045944876,11.246169597442957,10.642459329279967,2.6972168572309427,2.781669045944876,27.53175600223339,29.215440356744708,0.019189191361268378,0.035567976534366615,0.001,2.5,48
120,96.90420530748928,95.34190561194617,0.07301689101234486,0.07263119307206477,157.53479403264026,157.13699554885378,2.6897113071697376,2.7940642217811664,11.265596807810063,10.640234830528664,2.6897113071697376,2.7940642217811664,27.491624790619767,29.229375696767004,0.02293127030134202,0.028942845761775974,0.001,2.5,48
121,96.90345734487626,95.25214057595967,0.07284745009967986,0.07248252539599402,157.64983882992578,157.15736879419987,2.693621857564986,2.785021783233752,11.253726435233467,10.64943486878206,2.693621857564986,2.785021783233752,27.53175600223339,29.28511705685619,0.02128456905484201,0.03339222942789396,0.001,2.5,48
122,96.99192588333308,95.21415986849978,0.07274463993745964,0.07257156286238801,157.66581241106735,157.28611808576713,2.6997491092712838,2.7781324250293413,11.253055789849567,10.662463122254097,2.6997491092712838,2.7781324250293413,27.545714684533777,29.229375696767004,0.014301363378763204,0.030232012271881107,0.001,2.5,48
123,96.60014995471649,95.23516683169167,0.07285913774845748,0.07247854950290834,157.8644809074937,157.5049089170087,2.685116845388475,2.7773150347563598,11.218534743549569,10.669091469218898,2.685116845388475,2.7773150347563598,27.535245672808486,29.173634336677818,0.024184695134560272,0.032253505041201926,0.001,2.5,48
124,96.90158306853455,95.39259540516396,0.07268920840658968,0.07237624808890743,158.0287891603062,157.61449009392706,2.6932769420549967,2.792550166290141,11.2543422165553,10.654870477715795,2.6932769420549967,2.792550166290141,27.5212869905081,29.250278706800447,0.019935393085082378,0.02993849540750186,0.001,2.5,48
125,96.84446214644487,95.36051132554063,0.07276924640725067,0.07235077399405589,158.1561597326759,157.7343405634663,2.6868378799689476,2.7898735102087495,11.262193707640046,10.65646472731927,2.6868378799689476,2.7898735102087495,27.5143076493579,29.257246376811597,0.02184620872139931,0.03226837640007337,0.001,2.5,48
126,96.82448947635993,95.59070592739909,0.07259802309821631,0.07216774455386327,158.2115295344661,157.75398438909778,2.686692451033793,2.8103978294409906,11.258658652986846,10.640963231540445,2.686692451033793,2.8103978294409906,27.554438860971526,29.20150501672241,0.027013394981622696,0.016073593248923625,0.001,2.5,48
127,97.20029044124682,95.35539835166507,0.07250914180018286,0.07224338804273826,158.223329352607,157.7691379712444,2.7016112979008526,2.7931884651216645,11.28907768565606,10.645511865740437,2.7016112979008526,2.7931884651216645,27.51256281407035,29.20150501672241,0.016074724495410923,0.028141451378663394,0.001,2.5,48
128,97.04824263672799,95.2872181802556,0.07251935432585886,0.07212516660539721,158.2942366353431,157.89335603312637,2.694459018029693,2.7867068689370504,11.280108748019442,10.651319256295329,2.694459018029693,2.7867068689370504,27.519542155220545,29.222408026755854,0.018503654748201377,0.03204915672540665,0.001,2.5,48
129,97.0373602866594,95.38256559244365,0.07242680357643112,0.07207341990099131,158.40980889236775,157.99134273998183,2.6923069827870107,2.7906719521103365,11.284383743339946,10.658484309546258,2.6923069827870107,2.7906719521103365,27.533500837520936,29.18756967670011,0.02074679359793664,0.031521346420049674,0.001,2.5,48
130,96.84630970566184,95.44551261106595,0.07233998676410515,0.07207220086240887,158.48886658455126,158.0584759643777,2.690406692553871,2.7907068976424347,11.251876073974195,10.670955603230027,2.690406692553871,2.7907068976424347,27.507328308207704,29.166666666666668,0.023199177036682773,0.029648682723442718,0.001,2.5,48
131,96.90730296906514,95.35275381198828,0.07237250609864188,0.07207100596165637,158.57173469584458,158.16754145593015,2.695883457501596,2.790324147138641,11.247621294807814,10.653530749563988,2.695883457501596,2.790324147138641,27.5108179787828,29.222408026755854,0.018997471779584895,0.029991377145051967,0.001,2.5,48
132,96.79811548174992,95.37351604475492,0.07235410108679705,0.07208474659047844,158.68088418874308,158.2310470723388,2.68660262804052,2.7896149524444986,11.253608220935467,10.659795134520385,2.68660262804052,2.7896149524444986,27.454983249581236,29.19453734671126,0.027265695234139766,0.030454532553752273,0.001,2.5,48
133,96.90749448521187,95.41600519226016,0.07239327318794643,0.07195636358932574,158.71054681385115,158.25282039929394,2.696032201096474,2.793291354458468,11.247181556112169,10.657285202647598,2.696032201096474,2.793291354458468,27.484645449469568,29.180602006688968,0.020370244979858405,0.028761853774388637,0.001,2.5,48
134,96.94203248508545,95.32879100940964,0.07222728506207522,0.07191380658807218,158.76297045376367,158.32395414630972,2.6916175758053242,2.7876204357647576,11.267355711615863,10.656849300158662,2.6916175758053242,2.7876204357647576,27.463707426018985,29.222408026755854,0.02070410549640657,0.03254534552494686,0.001,2.5,48
135,96.84563345738724,95.39594627649355,0.07221585355717489,0.07182957953766846,158.79277304215913,158.32379746696225,2.6871002621237357,2.7899480165463095,11.261624173111985,10.663314500937826,2.6871002621237357,2.7899480165463095,27.45323841429369,29.180602006688968,0.02458149691422781,0.03090427567561468,0.001,2.5,48
136,96.69091488901029,95.461158929727,0.07213966102887978,0.07181934822405028,158.83518034552543,158.4010627278383,2.679955005379511,2.79633948528348,11.25212302752825,10.657169252957987,2.679955005379511,2.79633948528348,27.517797319932995,29.19453734671126,0.03178963065147401,0.026014478256305068,0.001,2.5,48
137,96.78038254108993,95.52405003719905,0.07219000975118456,0.07182614154551338,158.91166216424563,158.46333303585763,2.6821529797623107,2.7960312924905364,11.263397201712673,10.670658150220595,2.6821529797623107,2.7960312924905364,27.496859296482413,29.166666666666668,0.027286884685357424,0.027470325430234286,0.001,2.5,48
138,96.88458325848241,95.53190620793414,0.07211688073047196,0.07182013529031268,158.96869620123366,158.52058541695013,2.682714768889761,2.7943528478958934,11.28255517440492,10.677254570558782,2.682714768889761,2.7943528478958934,27.479410943606922,29.15969899665552,0.026901438832283023,0.028165229906638476,0.001,2.5,48
139,96.98943708556648,95.46264450765374,0.07219316814070768,0.07182386189300452,159.01287593427548,158.57315164850974,2.6986420465407597,2.795022553109139,11.255720036325842,10.661381889387982,2.6986420465407597,2.795022553109139,27.54048017867113,29.19453734671126,0.019277344147364314,0.027830208341280634,0.001,2.5,48
140,96.90289655921846,95.43875496576197,0.07214372945093812,0.0718329470722411,159.07408723532987,158.61688514005647,2.686698137049832,2.795802830428782,11.274241338306668,10.65425248265499,2.686698137049832,2.795802830428782,27.516052484645446,29.20150501672241,0.02132546529173851,0.026997335255146037,0.001,2.5,48
141,96.80341881443708,95.42445440063774,0.07212152632520304,0.07177688296254452,159.07393672428339,158.5889702558916,2.683418208775841,2.7901832692599218,11.264190056956659,10.668268017537287,2.683418208775841,2.7901832692599218,27.503838637632608,29.222408026755858,0.023534595966339122,0.030350390821695328,0.001,2.5,48
142,96.95601712625695,95.30687920066426,0.07206872866400585,0.0717279538717018,159.07497134463605,158.64241265831984,2.6890911336162446,2.7892721853195095,11.277701276676373,10.647485188084968,2.6890911336162446,2.7892721853195095,27.5212869905081,29.215440356744708,0.02243572846055031,0.03144702315330506,0.001,2.5,48
143,96.81079759496606,95.4158513131349,0.07201072624397464,0.07170580159693463,159.14214128435557,158.68756712233875,2.6838633593760477,2.7900417198072973,11.264338853408644,10.666966313136994,2.6838633593760477,2.7900417198072973,27.507328308207704,29.20150501672241,0.025022943814595546,0.031526035318772,0.001,2.5,48
144,96.75815443683776,95.4607078210433,0.07202273306078534,0.07168520933489977,159.17471835328374,158.70377712305574,2.6857125181174357,2.789368667563999,11.248253820038654,10.67795765715565,2.6857125181174357,2.789368667563999,27.517797319932995,29.19453734671126,0.02775634204347929,0.0317237029472987,0.001,2.5,48
145,96.88725737497701,95.4216230856535,0.07198552311411706,0.071580752272856,159.182452280351,158.71423712568804,2.689261347142795,2.7921418689083364,11.263433853019755,10.66184004588902,2.689261347142795,2.7921418689083364,27.479410943606922,29.208472686733558,0.023636605590581908,0.02911790708700816,0.001,2.5,48
146,96.88422087648605,95.46967907467547,0.07191662738312785,0.07158563194769244,159.20990299246685,158.76574744169528,2.68637094549764,2.795323758644603,11.271505982182932,10.661894244444012,2.68637094549764,2.795323758644603,27.482900614182018,29.215440356744708,0.025363299995660792,0.02744286755720776,0.001,2.5,48
147,97.09984839009148,95.4496855488589,0.07192432212964266,0.07161896408001502,159.25424820717188,158.79619053481284,2.7005667549182024,2.7923033472852428,11.272033708799258,10.666943947922691,2.7005667549182024,2.7923033472852428,27.486390284757118,29.20150501672241,0.014860492199659356,0.028273671865463267,0.001,2.5,48
148,96.86341734986809,95.42414352726378,0.0719018738750898,0.07155171290807402,159.28168888597233,158.82349411427245,2.6861453107420394,2.789014077480621,11.268010819410891,10.671711488852202,2.6861453107420394,2.789014077480621,27.479410943606922,29.173634336677818,0.02676569173733394,0.031786973277727774,0.001,2.5,48
149,96.82016820564142,95.4022636841505,0.0718334552996757,0.07152832776092313,159.31193295059623,158.85867036179687,2.685720710365683,2.7881298064438,11.260642425914773,10.669985970550755,2.685720710365683,2.7881298064438,27.45323841429369,29.208472686733558,0.02332037935654323,0.031886201351881034,0.001,2.5,48
150,96.83170574261182,95.41572475911782,0.07183206362951315,0.07151300743335214,159.34587581649564,158.88602830800193,2.684124143379218,2.787832180210446,11.267733155341537,10.673568681904106,2.684124143379218,2.787832180210446,27.482900614182018,29.173634336677818,0.02785912031928699,0.03180461376905441,0.001,2.5,48
151,96.76735944231417,95.49293829020581,0.07185115528410387,0.07154646432798359,159.37794802592893,158.91799705974765,2.681425037857775,2.789164563568274,11.262950936071304,10.685001066430091,2.681425037857775,2.789164563568274,27.472431602456727,29.18756967670011,0.028999554614226025,0.030921337505181636,0.001,2.5,48
152,96.98202731581388,95.46380418705171,0.07188203623921119,0.07149873945839307,159.4026685627994,158.93492593168548,2.6891718453523303,2.7895476463829127,11.282632993285647,10.678031050001033,2.6891718453523303,2.7895476463829127,27.519542155220545,29.173634336677818,0.021043347815672558,0.03180852035681408,0.001,2.5,48
153,96.7396102884773,95.43359295819516,0.07183665888242992,0.0715017121893243,159.41383037089238,158.94189210101516,2.680228122847497,2.7874343748824253,11.260987559509203,10.67832672305264,2.680228122847497,2.7874343748824253,27.484645449469568,29.222408026755858,0.026704577108224246,0.032105987270673125,0.001,2.5,48
154,96.83605917441253,95.34342475293606,0.07179438817789642,0.07150700514793519,159.42471215992518,158.95850535360069,2.6838184224201407,2.787491713329701,11.269512739666908,10.66011674874104,2.6838184224201407,2.787491713329701,27.479410943606922,29.15969899665552,0.026126338789860416,0.031957807640234634,0.001,2.5,48
155,97.04391699353788,95.31781700861494,0.0718067746487908,0.0714732475479753,159.44118758691616,158.97336054592495,2.695914386521499,2.788120092140924,11.274790629153808,10.65311388419723,2.695914386521499,2.788120092140924,27.456728084868786,29.166666666666668,0.02067696054776511,0.031688864032427475,0.001,2.5,48
156,97.04530715849198,95.38419130281727,0.07178700089944494,0.0714698069912897,159.4588866577609,158.99041901344438,2.6892047514800983,2.7871926409610803,11.29519803994265,10.66916825462843,2.6892047514800983,2.7871926409610803,27.46021775544389,29.15273132664437,0.019624356180429466,0.03200983131925266,0.001,2.5,48
157,96.68591317659246,95.39958827019801,0.07177948378846512,0.07147157059917565,159.4743887982443,159.00540144115254,2.6851406028771923,2.7877593701964902,11.235510049311893,10.670544108868043,2.6851406028771923,2.7877593701964902,27.498604131769962,29.15273132664437,0.027944480379422505,0.032507423311471946,0.001,2.5,48
158,96.84945595896757,95.47099141239987,0.07181273874742802,0.07148490654562441,159.48596247829317,159.01637908660183,2.681888525118913,2.7888219029193073,11.27796586484366,10.681632339572296,2.681888525118913,2.7888219029193073,27.50209380234506,29.173634336677818,0.027378931641578688,0.03133395562569301,0.001,2.5,48
159,96.89157353014603,95.49091826420829,0.0717841843386449,0.07147223762690742,159.50784376824387,159.0451377995038,2.693643333408035,2.79067816436623,11.251126237991533,10.680045644467159,2.693643333408035,2.79067816436623,27.444514237855945,29.19453734671126,0.01801345373193424,0.0305666985611121,0.001,2.5,48
160,96.9468121820159,95.35880349631293,0.07177551232791564,0.07143830901320528,159.52437668885685,159.05037917547267,2.690232958625909,2.786043434421487,11.272403573703661,10.66753269589964,2.690232958625909,2.786043434421487,27.44974874371859,29.18756967670011,0.020321761568387362,0.03283614416917166,0.001,2.5,48
161,96.80761347051309,95.35268886352463,0.07174645768903899,0.07142572944782362,159.5320387058322,159.06123553251342,2.6810503491288387,2.7857766948565588,11.272115891003729,10.66711030299116,2.6810503491288387,2.7857766948565588,27.432300390843107,29.208472686733558,0.028827531884113956,0.032692614942789085,0.001,2.5,48
162,96.92721624377053,95.40507129868006,0.07176716573142702,0.07145536178826181,159.5431838152064,159.06874570918322,2.694232252778486,2.788416172573997,11.25648436186568,10.669660926280478,2.694232252778486,2.788416172573997,27.51256281407035,29.173634336677818,0.02063107987244924,0.031353175640106215,0.001,2.5,48
163,96.94675795450216,95.47395941113416,0.0717630788800634,0.07141941168925263,159.54686123535396,159.0702265640565,2.6849213107704846,2.7905139912796124,11.288325612585615,10.677151968721363,2.6849213107704846,2.7905139912796124,27.446259073143494,29.19453734671126,0.024708382785320285,0.029796700924634944,0.001,2.5,48
164,97.0770419993792,95.45886258882291,0.07174956062410377,0.07139148424194527,159.54910644517804,159.0768523993035,2.692086721551545,2.7905756971376263,11.2928884959983,10.673951836201127,2.692086721551545,2.7905756971376263,27.423576214405358,29.166666666666668,0.02274139722188315,0.029848939428726837,0.001,2.5,48
165,96.97624755904104,95.48998958104961,0.07175067600696138,0.07143264560960251,159.5600417691326,159.09252716785292,2.690009041555696,2.790570264127741,11.27896019268941,10.680182094632782,2.690009041555696,2.790570264127741,27.496859296482413,29.208472686733558,0.023979344715674727,0.030504249036312103,0.001,2.5,48
166,96.98815204030905,95.42450196102443,0.07173151138326737,0.07141252386925541,159.57772050627378,159.1115280831671,2.6897597604294448,2.7883036605756284,11.28208932887486,10.673884610949685,2.6897597604294448,2.7883036605756284,27.4427694025684,29.19453734671126,0.02328688899676006,0.03163738424579302,0.001,2.5,48
167,96.95409934777643,95.4814185997847,0.07170770473649872,0.07142650997500616,159.59324053144533,159.1228770010979,2.6830150982409733,2.789418408769695,11.295514371826421,10.681918587008182,2.6830150982409733,2.789418408769695,27.46894193188163,29.145763656633225,0.028047961493333187,0.030390503505865734,0.001,2.5,48
168,96.9203794656154,95.4123093887848,0.07174734957395253,0.07143675974113066,159.60609216246772,159.13476296000124,2.6812400738165274,2.788578767757219,11.294085022301262,10.670611202376277,2.6812400738165274,2.788578767757219,27.465452261306535,29.20150501672241,0.027057512352863956,0.0313717822233836,0.001,2.5,48
169,96.84042748960286,95.41276573443758,0.07172127562989022,0.07139347568049821,159.61794258728165,159.14757515554842,2.681311753726684,2.7868356131507266,11.277882360217292,10.67593801629583,2.681311753726684,2.7868356131507266,27.4392797319933,29.19453734671126,0.02895099048813185,0.032707814127206816,0.001,2.5,48
170,96.87127272261381,95.43129630843664,0.07172127432514767,0.07140610925132526,159.62961462384692,159.15688987592924,2.685436597629541,2.78555265564052,11.271674573587878,10.683488651287796,2.685436597629541,2.78555265564052,27.46021775544389,29.180602006688968,0.027986483027537676,0.03251056994001072,0.001,2.5,48
171,96.69709851074857,95.45025240271917,0.07172337435571247,0.07142155881270675,159.63816788221857,159.16535481707572,2.673979558753674,2.7885508425326115,11.271208747214674,10.678280659983455,2.673979558753674,2.7885508425326115,27.484645449469568,29.173634336677818,0.033223252743482604,0.031680000325044,0.001,2.5,48
172,96.98641097831832,95.46007921225252,0.0717344841091727,0.07142051282149557,159.6456670482887,159.1717832351608,2.6934533653596735,2.789406752705973,11.27064604181141,10.677677197849073,2.6934533653596735,2.789406752705973,27.456728084868786,29.19453734671126,0.019299707065025967,0.03111820543805759,0.001,2.5,48
173,96.8481180639922,95.42943591364518,0.07173643424181037,0.07143363771978004,159.6483086263714,159.17024049518366,2.6862295871212587,2.7868826654609897,11.264657934315373,10.679118354209889,2.6862295871212587,2.7868826654609897,27.425321049692908,29.20150501672241,0.02414396529396376,0.03273474797606469,0.001,2.5,48
174,96.90109232269407,95.41545418379962,0.07170756051645676,0.07140884862794307,159.6482421817026,159.1724476096622,2.6886549001213296,2.7871443163292065,11.267982595288707,10.67554155998804,2.6886549001213296,2.7871443163292065,27.46719709659408,29.180602006688968,0.02551314234733582,0.03211480999986331,0.001,2.5,48
175,97.0673076748382,95.39399909893406,0.07171304623927999,0.07140526433664195,159.65341102737477,159.17978391267252,2.6816525451635127,2.788592332241062,11.322230588010342,10.666905895066568,2.6816525451635127,2.788592332241062,27.5212869905081,29.15273132664437,0.027852786084016173,0.031046972920497264,0.001,2.5,48
176,96.91977819499192,95.44258896456647,0.07170370488953472,0.07139588166789897,159.6593819152437,159.1839427355274,2.685739286410316,2.7899503486610975,11.280465145731092,10.672550843245743,2.685739286410316,2.7899503486610975,27.495114461194863,29.173634336677818,0.022006587435801833,0.030947855363289523,0.001,2.5,48
177,96.94144001265333,95.44242935568725,0.07169282764233013,0.07137174253972772,159.66346758354447,159.1901988834309,2.6880828260435266,2.788778120093255,11.277768233230432,10.676039052066065,2.6880828260435266,2.788778120093255,27.458472920156336,29.166666666666668,0.024632569402456297,0.031414270401000984,0.001,2.5,48
178,96.95092044523612,95.41413224341478,0.07169013316338806,0.07137310337125397,159.67032894646903,159.19468414318337,2.692150285965667,2.786747343248481,11.26746111547461,10.676470821559297,2.692150285965667,2.786747343248481,27.507328308207704,29.166666666666668,0.02064489324887595,0.032129808018604926,0.001,2.5,48
179,96.89928945478016,95.4119040423811,0.07169599599458104,0.07138085781787044,159.67337011438983,159.19797867782407,2.68870703322737,2.787507464156103,11.267462967777972,10.67374262726194,2.68870703322737,2.787507464156103,27.44102456728085,29.166666666666668,0.022771337380011886,0.03256576135754586,0.001,2.5,48
180,96.89324374041831,95.34093568449966,0.07169842536826082,0.07139768389756633,159.6758946367045,159.19955223925004,2.683371749405486,2.7870814235197794,11.282258670508762,10.660823512934522,2.683371749405486,2.7870814235197794,27.45149357900614,29.208472686733558,0.025861987223227828,0.032143389185269676,0.001,2.5,48
181,96.81027600260701,95.33194985703348,0.0716710518362238,0.07133001682652451,159.67750146793693,159.20094477073803,2.6834079442553054,2.784730740406508,11.265561611325564,10.66609146344655,2.6834079442553054,2.784730740406508,27.482900614182018,29.180602006688968,0.02858792493740719,0.033655627320210144,0.001,2.5,48
182,96.75138404634264,95.38831099857855,0.07166869706759159,0.07133569541372778,159.6804608297641,159.2066477837504,2.684807107210293,2.7866734714229637,11.24958571443456,10.671533310119324,2.684807107210293,2.7866734714229637,27.444514237855945,29.180602006688968,0.024784969786802932,0.032588612288236625,0.001,2.5,48
183,96.89771305416497,95.44082900140863,0.07168578945066545,0.071332095325411,159.68616566037014,159.21101251759524,2.681437754106049,2.787621861350709,11.288954952416608,10.679191607388034,2.681437754106049,2.787621861350709,27.488135120044664,29.173634336677818,0.02737658595045409,0.031546545525391906,0.001,2.5,48
184,97.00813732101956,95.44421652647166,0.07166351097701948,0.07135996844003184,159.69118956488515,159.21631697076086,2.684906683292288,2.7857507079623747,11.300636433181417,10.685475910794707,2.684906683292288,2.7857507079623747,27.507328308207704,29.19453734671126,0.024115618318319324,0.032566898812850326,0.001,2.5,48
185,96.84643744490522,95.45811000290257,0.07167432894091806,0.07135688913702525,159.69376455938797,159.21602317209096,2.6885462721579905,2.788541030682781,11.2573750574851,10.67988432281824,2.6885462721579905,2.788541030682781,27.5143076493579,29.229375696767004,0.02153129254778226,0.03170599043369294,0.001,2.5,48
186,96.9086698990571,95.45617868722216,0.07168385011015276,0.07134428196636884,159.69514941906277,159.21984639640903,2.6921314829258463,2.7871516808335866,11.259063748437923,10.683667887953279,2.6921314829258463,2.7871516808335866,27.498604131769962,29.222408026755854,0.0223126436273257,0.032074740777413055,0.001,2.5,48
187,96.70825701236458,95.47602884426563,0.07168741877962909,0.07132591501280987,159.69893835187958,159.22423047837339,2.6820900117607174,2.788428537589119,11.249104050806054,10.683810167620946,2.6820900117607174,2.788428537589119,27.517797319933,29.166666666666668,0.024726039419571567,0.031830852230389915,0.001,2.5,48
188,96.91853539255463,95.42092001079317,0.07168739635312323,0.07133043710497189,159.7034240799999,159.2279204376698,2.685788606104739,2.7872482991986054,11.280063083756245,10.676327417360634,2.685788606104739,2.7872482991986054,27.505583472920154,29.18756967670011,0.026337176561355594,0.031636310120423644,0.001,2.5,48
189,97.05357893001826,95.48036977652056,0.07166955773647532,0.07139893106105533,159.70633690008432,159.23036409128736,2.695090973180875,2.788908718529686,11.27916771892327,10.683221961177445,2.695090973180875,2.788908718529686,27.465452261306535,29.19453734671126,0.01866541057825089,0.031154663612445205,0.001,2.5,48
190,96.87661002988193,95.39308817463707,0.07166848336813311,0.07136811316908633,159.70885750999136,159.23235574142058,2.6795464267300066,2.7873005230590255,11.290407230872672,10.670595926700893,2.6795464267300066,2.7873005230590255,27.47068676716918,29.15969899665552,0.030714794993400584,0.032054384549458824,0.001,2.5,48
191,97.09735695121675,95.47887586749916,0.07168529615034812,0.07131090304035029,159.71055167507419,159.23411793865623,2.6940508250714945,2.788545227760123,11.29103976722738,10.684030398751382,2.6940508250714945,2.788545227760123,27.44974874371859,29.222408026755854,0.021909046918153763,0.031150486320257187,0.001,2.5,48
192,96.82531817660926,95.4139555143805,0.07168746097749205,0.07133512735633367,159.71246114464728,159.23572030939252,2.6800754947254006,2.787403565319618,11.278557194200294,10.674466244062387,2.6800754947254006,2.787403565319618,27.44974874371859,29.215440356744708,0.03212428341309231,0.031666718423366554,0.001,2.5,48
193,96.89957388361894,95.43479881823528,0.07165826617428427,0.07138760851173367,159.71394595042878,159.23723377691064,2.6837342448162342,2.786727310298478,11.282437649096343,10.680652858695657,2.6837342448162342,2.786727310298478,27.481155778894472,29.20150501672241,0.027526311576366435,0.032994347314039885,0.001,2.5,48
194,96.88519378789373,95.44836079157317,0.07169035436975073,0.0713577328350218,159.71539344603227,159.23848535145405,2.68430611749956,2.788077811973217,11.27783925498517,10.679319502717277,2.68430611749956,2.788077811973217,27.505583472920154,29.18756967670011,0.02745040009419124,0.03234363843997321,0.001,2.5,48
195,97.03429986470775,95.49484294393788,0.07166224123934449,0.07136480383363171,159.71677040314952,159.2403092771071,2.692283208770568,2.7883382472256355,11.283734542316127,10.68783277403584,2.692283208770568,2.7883382472256355,27.479410943606922,29.19453734671126,0.01836761459708215,0.03256366277734439,0.001,2.5,48
196,96.86753629293607,95.44922513520572,0.07167160436360288,0.07133289390819512,159.71831136592468,159.24198202006394,2.683024372158771,2.7869276148801796,11.278156046841412,10.682947078302353,2.683024372158771,2.7869276148801796,27.465452261306535,29.173634336677818,0.028485510498285307,0.03258194650212924,0.001,2.5,48
197,96.95156529387704,95.46948311453811,0.07167115758555066,0.0713396462836503,159.72019446681557,159.2430852084787,2.68830661689899,2.787046169307718,11.27911492349348,10.686641632272979,2.68830661689899,2.787046169307718,27.461962590731435,29.173634336677818,0.02426857625444731,0.03265315294265747,0.001,2.5,48
198,96.83993304261678,95.49206487603544,0.07167526695595236,0.07136744511072741,159.72132307420824,159.24489973646607,2.682395008328672,2.7879524173727934,11.274522262722636,10.688433293448377,2.682395008328672,2.7879524173727934,27.50209380234506,29.19453734671126,0.024021522452433903,0.03199487800399463,0.001,2.5,48
199,97.05438190395775,95.48693579681209,0.0716795905004371,0.07135885090363177,159.7227684889074,159.24598044462695,2.687807428539798,2.788958213243264,11.301173586075961,10.684391502137302,2.687807428539798,2.788958213243264,27.505583472920154,29.173634336677818,0.02234386280179025,0.031459510326385505,0.001,2.5,48
200,97.06599272528818,95.42649249568034,0.07166580404965836,0.07134312081437812,159.7241506229427,159.24724195972334,2.6884153428181197,2.7878452898101798,11.30167452334143,10.675644504053801,2.6884153428181197,2.7878452898101798,27.5212869905081,29.20150501672241,0.02318229402105015,0.032378400365511574,0.001,2.5,48
201,96.80893351577767,95.50468706739122,0.07168417905451309,0.07137086534045647,159.72516112554547,159.24834111841227,2.6849489787615326,2.789296197643713,11.260657914927192,10.686924995445422,2.6849489787615326,2.789296197643713,27.491624790619767,29.18756967670011,0.028230880697568267,0.03074694921573004,0.001,2.5,48
202,96.65126233031668,95.46864395343606,0.07166066842304795,0.07131136362414821,159.72677213462754,159.25027924463768,2.6722886377892503,2.7889089383841092,11.267109050627097,10.68088963180116,2.6722886377892503,2.7889089383841092,27.50034896705751,29.173634336677818,0.03328622629245123,0.030776131898164753,0.001,2.5,48
203,96.79987737241902,95.50184831916954,0.07167558603777888,0.07134678941340766,159.72834380733974,159.2515074023302,2.6797467226475593,2.789828955163658,11.274454526499222,10.6847630971617,2.6797467226475593,2.789828955163658,27.482900614182018,29.229375696767004,0.029567122459411635,0.030580983807643253,0.001,2.5,48
204,96.88289352570878,95.44767584104335,0.07168242027596619,0.07132572914946149,159.72970491391462,159.25315485776733,2.6820409789822874,2.788283600182238,11.284173369503334,10.678568583899649,2.6820409789822874,2.788283600182238,27.486390284757118,29.208472686733558,0.027316148082415278,0.03165128330389659,0.001,2.5,48
205,97.07087646151041,95.42202080877594,0.07168534807469519,0.07133999690312488,159.73128901617545,159.25442483951414,2.6907450533251,2.788298733333082,11.295656829589843,10.673388984689744,2.6907450533251,2.788298733333082,27.509073143495254,29.15273132664437,0.02492036173741023,0.03191571558515231,0.001,2.5,48
206,96.91749528438136,95.41772324850194,0.07167709009689754,0.07132589037374899,159.73216305495905,159.254975558324,2.6882408471046912,2.7875440766081763,11.27249463268211,10.67479618666164,2.6882408471046912,2.7875440766081763,27.44974874371859,29.180602006688968,0.022799927741289153,0.03161077201366425,0.001,2.5,48
207,96.88337614654762,95.3790796403768,0.07168078431480561,0.07136309694760168,159.73304257979945,159.25578155253112,2.679551471692433,2.788617798691011,11.291738017586475,10.663838703139637,2.679551471692433,2.788617798691011,27.479410943606922,29.180602006688968,0.02972821146249772,0.03120977431535722,0.001,2.5,48
208,96.79136264250972,95.35350222226104,0.07165310048315746,0.07135598945050563,159.7334665936974,159.25614390936718,2.676725349380177,2.786161879208375,11.281819144502023,10.66609239117258,2.676725349380177,2.786161879208375,27.496859296482413,29.18756967670011,0.02978046114246051,0.03281745811303457,0.001,2.5,48
209,97.00489719748697,95.4595623521369,0.07166728313119819,0.07131875660715088,159.73381322332762,159.25644001547442,2.6925566152511933,2.789721196569262,11.277029302085596,10.676633856841752,2.6925566152511933,2.789721196569262,27.448003908431044,29.166666666666668,0.022866701086362216,0.030959763874610274,0.001,2.5,48
210,96.86846206242781,95.52472264737456,0.07166244927481077,0.07131845984753225,159.73432345173333,159.25721511680015,2.6877846335155016,2.789297952342658,11.264059122957576,10.690935597238997,2.6877846335155016,2.789297952342658,27.479410943606922,29.180602006688968,0.02548978850245477,0.02945743128657341,0.001,2.5,48
211,96.92870539862774,95.46732588516032,0.07166917300675568,0.07134291470331257,159.7349685033495,159.25763742926395,2.6828309438502838,2.786646770743223,11.29096744575609,10.687404841666371,2.6828309438502838,2.786646770743223,27.4392797319933,29.20150501672241,0.029963834832112,0.033170456687609366,0.001,2.5,48
212,96.81869953734325,95.45608742766024,0.0716757932706135,0.07135941309667616,159.73538986682092,159.2580224334064,2.6869290245978745,2.788239752111693,11.256670608525832,10.680374754054954,2.6869290245978745,2.788239752111693,27.50034896705751,29.145763656633225,0.0255065013964971,0.03126511226097743,0.001,2.5,48
213,96.7639038572093,95.46770803691817,0.07165185256456318,0.07134500063934651,159.73585406939188,159.25867242385178,2.6811018423793502,2.7877347324803523,11.263197743650558,10.684216614957968,2.6811018423793502,2.7877347324803523,27.491624790619767,29.18756967670011,0.027942082534233734,0.032233933607737235,0.001,2.5,48
214,96.82879421991852,95.5179775167867,0.07166487914832927,0.07139766318666574,159.73660069903735,159.25951426297658,2.6843362271178375,2.788531175815607,11.266469891663041,10.691870544201288,2.6843362271178375,2.788531175815607,27.475921273031826,29.208472686733558,0.02827070653438569,0.03182850529750187,0.001,2.5,48
215,96.95179227808212,95.46377007166545,0.07164745009446404,0.07135182000715544,159.73733982125984,159.26010264926398,2.6864328652428955,2.788896388649409,11.284782879133587,10.679942570543673,2.6864328652428955,2.788896388649409,27.523031825795645,29.180602006688968,0.024339168022076304,0.031229242682456974,0.001,2.5,48
216,96.86487422995832,95.41949438596914,0.07166261266108974,0.07135735527808644,159.73781719289633,159.26063136106882,2.690130087823125,2.7873280097210285,11.256304564583674,10.67579129356538,2.690130087823125,2.7873280097210285,27.507328308207704,29.215440356744708,0.024120148271322254,0.03224276006221772,0.001,2.5,48
217,96.95115032720538,95.48358824500274,0.07167371419946954,0.07131925284960404,159.73852748813607,159.26156505314404,2.687497172373623,2.7879095469563033,11.281456111143548,10.686872867645162,2.687497172373623,2.7879095469563033,27.477666108319372,29.173634336677818,0.021951701492071155,0.03245116273562114,0.001,2.5,48
218,97.0757329857995,95.47657185440744,0.07167237141965695,0.07131958525594605,159.73950055645938,159.26236924253314,2.6890716087478688,2.7875840443050452,11.301649430256061,10.686445858449973,2.6890716087478688,2.7875840443050452,27.463707426018985,29.208472686733558,0.02555367971460025,0.03203580528497697,0.001,2.5,48
219,97.01454697422047,95.48308512917329,0.07166736398596638,0.07139858921594602,159.74008395700466,159.2627493331132,2.6859695064054727,2.7886067028162604,11.29871933031172,10.68466468772528,2.6859695064054727,2.7886067028162604,27.493369625907317,29.208472686733558,0.02447565272450448,0.03194114069143932,0.001,2.5,48
220,96.86593370874256,95.4299249401858,0.0716467835552529,0.07133980589976352,159.74042541178028,159.2629714691918,2.686970838420988,2.7877238756056077,11.265996749393771,10.676692772743893,2.686970838420988,2.7877238756056077,27.498604131769962,29.180602006688968,0.024397583057483047,0.032548443724711745,0.001,2.5,48
221,97.10831672462386,95.44242691143167,0.07168449307920448,0.07135950205580473,159.74072977556057,159.2634745921977,2.687711325006602,2.788006882038935,11.312244297958399,10.678340264644843,2.687711325006602,2.788006882038935,27.523031825795645,29.15969899665552,0.024382392565409347,0.032259398450454085,0.001,2.5,48
222,96.89961522175305,95.3945832754856,0.0716595412768684,0.07134961971819477,159.7412723025951,159.26401175437297,2.684614528546714,2.788623445358962,11.279799304120472,10.666923571639636,2.684614528546714,2.788623445358962,27.428810720268007,29.173634336677818,0.027697183191776286,0.03162080297867458,0.001,2.5,48
223,96.81480359365526,95.40594304817311,0.07164996030068488,0.07132718057631453,159.74180058338735,159.26445758701567,2.6786207772129944,2.7884630680150675,11.280820016835003,10.669680981764957,2.6786207772129944,2.7884630680150675,27.393914014517026,29.19453734671126,0.02791853497425716,0.031330345819393805,0.001,2.5,48
224,96.85665286166385,95.40123038520515,0.07168206592754757,0.07131395434661374,159.74224509236402,159.26484729660262,2.6853910722774477,2.7891490475805174,11.2688724626124,10.666683249806814,2.6853910722774477,2.7891490475805174,27.479410943606922,29.173634336677818,0.026423643032709766,0.031494567791620895,0.001,2.5,48
225,96.796692261411,95.39437073794761,0.07167484798671453,0.07134674354177933,159.74268032904112,159.26534580446804,2.679887019493006,2.7881401214279324,11.273393887292235,10.668331282626559,2.679887019493006,2.7881401214279324,27.46894193188163,29.18756967670011,0.030223002036412566,0.031877417117357254,0.001,2.5,48
226,96.97684322556326,95.42589530073015,0.07167644746359107,0.07133599498513184,159.74317735357033,159.26579684052314,2.6874024593866714,2.7875752589408904,11.286877334575491,10.676332908720942,2.6874024593866714,2.7875752589408904,27.465452261306535,29.173634336677818,0.02316664904356004,0.032748121768236174,0.001,2.5,48
227,97.0753175800969,95.25970318405126,0.07166217716282303,0.07133159252443642,159.74351021199837,159.26604412829997,2.6998594898932278,2.781690377272757,11.269203908716515,10.660749908034154,2.6998594898932278,2.781690377272757,27.45323841429369,29.20150501672241,0.010059495766957603,0.03505650038520496,0.001,2.5,48
228,97.00023196277374,95.36577914337916,0.0716571099737993,0.07132796525167864,159.743722713606,159.26627856745503,2.6813284217030025,2.7854515034518514,11.309780964707942,10.670682394600897,2.6813284217030025,2.7854515034518514,27.477666108319372,29.145763656633225,0.026846114546060573,0.03302631154656411,0.001,2.5,48
229,96.95307093263006,95.41115568314109,0.0716677547803272,0.07135888943637747,159.74404496693333,159.26665926730487,2.683564990010094,2.787158330065617,11.293636870036439,10.674631130245151,2.683564990010094,2.787158330065617,27.44974874371859,29.180602006688968,0.025001314779122676,0.0327516533434391,0.001,2.5,48
230,97.10235860093489,95.5248683679064,0.07165411108777149,0.07136826392220244,159.74438510621346,159.26697920457175,2.693605807541736,2.788529658804304,11.293374591170577,10.693257694227109,2.693605807541736,2.788529658804304,27.486390284757118,29.15273132664437,0.019477896392345432,0.031896685560544334,0.001,2.5,48
231,96.9433686694641,95.4788297269921,0.07164442137736145,0.07138611779188926,159.74469775191105,159.26729020559404,2.685341036154164,2.786707308305347,11.28637277876978,10.689513284816856,2.685341036154164,2.786707308305347,27.465452261306535,29.19453734671126,0.02529963105916978,0.032487994680802046,0.001,2.5,48
232,97.01015440889206,95.41854714018312,0.07166414783437276,0.0713682104010837,159.7449451836376,159.26742954457484,2.688676630274202,2.7884914876193374,11.289719166742698,10.672107870512981,2.688676630274202,2.7884914876193374,27.46021775544388,29.19453734671126,0.023228796819845837,0.032183298220237105,0.001,2.5,48
233,97.01289399478237,95.4531433106532,0.07167657127309517,0.0713597965351396,159.7451672635885,159.26767884701525,2.6909671887289472,2.788463508770484,11.283392916859393,10.67911259287609,2.6909671887289472,2.788463508770484,27.505583472920154,29.215440356744708,0.02081386496623357,0.03199305012822152,0.001,2.5,48
234,96.91519601021581,95.42890323550671,0.071672446423709,0.07130616458985485,159.7453589260678,159.26785500551944,2.692805659206868,2.7867611470645755,11.258338712783981,10.679382357326903,2.692805659206868,2.7867611470645755,27.47068676716918,29.20150501672241,0.021041382104158412,0.03220061461130779,0.001,2.5,48
235,97.047459385636,95.47108509787746,0.07166635173906036,0.07131987728502275,159.74552104161612,159.2680446270982,2.6856046303116625,2.7881448952732413,11.306395552345224,10.683664586988911,2.6856046303116625,2.7881448952732413,27.533500837520936,29.18756967670011,0.0276489940782388,0.032223784675200796,0.001,2.5,48
236,96.89687416807756,95.4691535488286,0.07167499081649732,0.07133718416109618,159.7457618937354,159.26834075686125,2.683494492416805,2.7883152710221952,11.28260719893882,10.682763778412488,2.683494492416805,2.7883152710221952,27.484645449469568,29.180602006688968,0.026036073764165252,0.03209247812628747,0.001,2.5,48
237,96.83282438155196,95.45940301968501,0.07166739816014357,0.07133354485118774,159.74608199640335,159.26866596438813,2.68182115126994,2.7870588889106727,11.274818678846712,10.68458346558222,2.68182115126994,2.7870588889106727,27.46021775544388,29.19453734671126,0.027308906118075058,0.03221124783158303,0.001,2.5,48
238,96.87383482737091,95.51264082521631,0.07166361884787727,0.07133176777822604,159.7463973506345,159.2689334541526,2.6920643175308894,2.7901153875267757,11.2522919679748,10.686061857585925,2.6920643175308894,2.7901153875267757,27.491624790619767,29.19453734671126,0.01909724374612173,0.03107595816254616,0.001,2.5,48
239,96.84326917761734,95.46706475488584,0.07166190593999687,0.07131791448708753,159.74665217683142,159.269174217912,2.6830421037543495,2.787673783616278,11.27324585435212,10.684274198742814,2.6830421037543495,2.787673783616278,27.472431602456727,29.180602006688968,0.02737548326452574,0.03261528536677361,0.001,2.5,48
240,96.91575003442387,95.43757440626554,0.07168157615639785,0.07133399993195705,159.74685179737943,159.26938480770045,2.6802881182338325,2.7889102895390097,11.29600001228448,10.674663387396796,2.6802881182338325,2.7889102895390097,27.423576214405358,29.15969899665552,0.02732792248328528,0.03204421947399776,0.001,2.5,48
241,96.78688784007717,95.46884536716584,0.07166409206628374,0.07135380221536512,159.7470585679888,159.2695440706468,2.6802517934377335,2.789452309841695,11.270339959230855,10.679287495579542,2.6802517934377335,2.789452309841695,27.482900614182018,29.19453734671126,0.02720383554697037,0.03189722821116448,0.001,2.5,48
242,96.8896793117076,95.44937459016457,0.07164971590507296,0.07134740937746396,159.74726581819758,159.26988072552146,2.687551453143841,2.787586244402522,11.269002075533272,10.680992727752447,2.687551453143841,2.787586244402522,27.4427694025684,29.222408026755854,0.02478287741541863,0.03259306028485299,0.001,2.5,48
243,96.73634981297035,95.4578828195,0.07166801766442248,0.07133479794183563,159.74757867555655,159.27008089167353,2.6760427033199004,2.788784004905684,11.272858712096278,10.679103559150944,2.6760427033199004,2.788784004905684,27.45847292015634,29.19453734671126,0.029596135020256053,0.031788220008214324,0.001,2.5,48
244,96.92501214121654,95.50388089868936,0.07166568203874739,0.07136101836232402,159.74777649115876,159.27029247739776,2.6846901562745047,2.7896460415743536,11.284649257679712,10.685711771822893,2.6846901562745047,2.7896460415743536,27.46021775544389,29.222408026755858,0.028394604722658798,0.030646797269582762,0.001,2.5,48
245,96.94866314139331,95.43247251473407,0.07167168177403765,0.07136331965360271,159.74795288722785,159.27048629017312,2.6878642230552043,2.7887808874731213,11.279856042417483,10.674024976789951,2.6878642230552043,2.7887808874731213,27.425321049692908,29.222408026755854,0.0246443512539069,0.031611368060112,0.001,2.5,48
246,96.96217233678071,95.47716275266181,0.07165404349018141,0.07137785292638674,159.74817450911158,159.2706538196923,2.6871238058003417,2.789125132271677,11.284782604423066,10.681927496914149,2.6871238058003417,2.789125132271677,27.432300390843107,29.15969899665552,0.02606225386261941,0.03141474227110546,0.001,2.5,48
247,96.82216729430898,95.43606731644444,0.07166321766684057,0.07137801165923637,159.74832074090398,159.27084074929408,2.6813190203349326,2.789806134616717,11.27419412914,10.671665258365065,2.6813190203349326,2.789806134616717,27.465452261306535,29.19453734671126,0.02611808851361276,0.03130487104256949,0.001,2.5,48
248,97.10069843605868,95.41395113300719,0.07166108938932532,0.07138033621987695,159.74856058480285,159.27110357388207,2.689661964632691,2.788520068528262,11.30487182473484,10.671099818005345,2.689661964632691,2.788520068528262,27.437534896705753,29.18756967670011,0.02429772292574248,0.03188547864556313,0.001,2.5,48
249,96.81276799140198,95.4065928310322,0.07165922940703999,0.07133568305991968,159.7487800200847,159.27129792150447,2.688611369877471,2.7897475880540603,11.250437858199886,10.665954374275278,2.688611369877471,2.7897475880540603,27.484645449469568,29.173634336677818,0.02342851956685385,0.03103240082661311,0.001,2.5,48
250,96.90997617049034,95.4271354853376,0.07165200741226582,0.07140146337933533,159.7489598579476,159.27142437637983,2.6865538930897936,2.7884487230476065,11.27605335936907,10.673946362109222,2.6865538930897936,2.7884487230476065,27.481155778894472,29.19453734671126,0.026043900599082317,0.03172301873564721,0.001,2.5,48
251,97.05959050366494,95.28296342741287,0.07166401834345532,0.07133999958319484,159.74908073580113,159.27157546697785,2.697097323393935,2.7819315333048102,11.274343489340103,10.66467560441498,2.697097323393935,2.7819315333048102,27.479410943606922,29.18756967670011,0.012379628916581472,0.03443827231725058,0.001,2.5,48
252,96.80216276505884,95.42159703662962,0.0716529241771625,0.07133702760974965,159.74921126764357,159.2717491021523,2.680280169783059,2.7856955093434426,11.273311634442448,10.68111107078949,2.680280169783059,2.7856955093434426,27.434045226130653,29.180602006688968,0.0271781198680401,0.0327756516635418,0.001,2.5,48
253,96.85898456142176,95.44466749003101,0.07166634332919454,0.0713640981289738,159.74946055659896,159.2720164826084,2.678608604045902,2.788386401931113,11.289687905250515,10.677647060499742,2.678608604045902,2.788386401931113,27.486390284757118,29.180602006688968,0.03178889304399492,0.03252248217662176,0.001,2.5,48
254,96.79074927830017,95.41715613044092,0.07166764803711269,0.07133008123695844,159.74969806633203,159.2722346762085,2.686350744581635,2.7885972889536865,11.252814104679674,10.671519058005865,2.686350744581635,2.7885972889536865,27.434045226130653,29.180602006688968,0.025217153131961823,0.031248619159062713,0.001,2.5,48
255,96.96651158820045,95.51371467658377,0.07166583869405237,0.0713347377855711,159.74991242470256,159.27242355568617,2.6902153665030357,2.7896385888507798,11.276373102824193,10.687705727582724,2.6902153665030357,2.7896385888507798,27.496859296482413,29.166666666666668,0.022754600892464324,0.031062411765257526,0.001,2.5,48
256,96.64635999837712,95.48974644938441,0.07166766388493857,0.0713418759149589,159.7500634600103,159.2725190300341,2.680270043915707,2.7870780581166112,11.242178282708279,10.690592203908075,2.680270043915707,2.7870780581166112,27.52826633165829,29.20150501672241,0.029204220821460108,0.032259702682495124,0.001,2.5,48
257,96.8965044978742,95.47081419988353,0.07166678589905442,0.07133942128287783,159.75019130658197,159.27270118840696,2.683246226142,2.788118386115783,11.283278802427448,10.683685308889203,2.683246226142,2.788118386115783,27.465452261306535,29.15969899665552,0.027644801884889613,0.03181187435984612,0.001,2.5,48
258,96.79222015786077,95.49065136563951,0.07165373462044104,0.07137003440983682,159.75037195551403,159.27285522887007,2.6800798282093807,2.7884039301072208,11.271923661514876,10.686789873891916,2.6800798282093807,2.7884039301072208,27.479410943606922,29.166666666666668,0.029325908670822784,0.03205586721499761,0.001,2.5,48
259,96.9673392880502,95.46601547099807,0.07166597155304384,0.07134540091225446,159.75050526840735,159.27296694206154,2.6858533679074514,2.788699811376391,11.289624472667157,10.680979990465785,2.6858533679074514,2.788699811376391,27.44102456728085,29.229375696767004,0.025068384905656185,0.031905896961689,0.001,2.5,48
260,96.83000060967531,95.44048766521041,0.07165982930196911,0.0713124133753736,159.75062383339431,159.27312130413725,2.682833021368347,2.788221429015947,11.271218937645406,10.677316135661458,2.682833021368347,2.788221429015947,27.45323841429369,29.180602006688968,0.024802898367245998,0.03144499162832896,0.001,2.5,48
261,96.66881032791436,95.51039119521643,0.07165988865383946,0.07134244730888127,159.75080188355054,159.27331868767604,2.671088467366132,2.7880374707007487,11.274214520501332,10.691842612489609,2.671088467366132,2.7880374707007487,27.437534896705753,29.20150501672241,0.033705752342939384,0.03194993734359742,0.001,2.5,48
262,96.92895570512194,95.45631034876591,0.07166002160445688,0.07134468540204374,159.75098396332686,159.273493800142,2.683934682261538,2.7857007346009066,11.287704920307808,10.688036194139698,2.683934682261538,2.7857007346009066,27.486390284757118,29.166666666666668,0.027046573658784236,0.032966421296199165,0.001,2.5,48
263,97.05913261885352,95.41383708945352,0.07167916237563694,0.0713811928984432,159.7511594416974,159.27363444922892,2.695265918308666,2.7877379285136326,11.279742704938405,10.67342260482419,2.695265918308666,2.7877379285136326,27.45149357900614,29.18756967670011,0.01652498791615169,0.031716303279002524,0.001,2.5,48
264,96.83334229872388,95.44178215024728,0.07167487862798728,0.07131113618273201,159.75125929808098,159.27367965287323,2.6839918810135823,2.7888427544945853,11.268407577970121,10.675711216577385,2.6839918810135823,2.7888427544945853,27.461962590731435,29.18756967670011,0.023998691389958072,0.031108738233645763,0.001,2.5,48
265,96.99201666916103,95.48585865037762,0.07167005291355515,0.07132049138126194,159.75132804716318,159.2738241793187,2.688798242627676,2.7894709621584135,11.285724280704706,10.682639887143205,2.688798242627676,2.7894709621584135,27.503838637632608,29.19453734671126,0.027581788599491133,0.031518017252286284,0.001,2.5,48
266,96.84072494027602,95.46359620179355,0.07166025243007905,0.07133387782684882,159.75147977057014,159.27393551973196,2.683245938535445,2.7878851425089564,11.272124825880589,10.682942281623548,2.683245938535445,2.7878851425089564,27.536990508096036,29.166666666666668,0.02920350680748622,0.031926697740952185,0.001,2.5,48
267,96.84066885360322,95.42360944333284,0.07166388081552622,0.07134461933981118,159.75160349989523,159.27411574411022,2.6811616895611166,2.7882230440642655,11.278365593397337,10.673928995686298,2.6811616895611166,2.7882230440642655,27.491624790619767,29.180602006688968,0.028422006716330845,0.031715708474318184,0.001,2.5,48
268,96.85172273086344,95.43000296977584,0.07166722843929965,0.07134999238928251,159.75177164186917,159.27424850644607,2.6785714116378045,2.7873050723901827,11.288346472651282,10.677960536011817,2.6785714116378045,2.7873050723901827,27.475921273031826,29.20150501672241,0.030319720506668094,0.032082824657360724,0.001,2.5,48
269,96.89783903728444,95.46818651430051,0.07166555797121535,0.07135344176086315,159.75194150399122,159.27446283139247,2.6804162977853014,2.7889219288243896,11.292035472752461,10.680745947063635,2.6804162977853014,2.7889219288243896,27.493369625907317,29.222408026755858,0.02784236272176108,0.03174592927098274,0.001,2.5,48
270,96.91534476889903,95.455907672544,0.07165788776824392,0.0713228223657062,159.75211354326362,159.27459815978472,2.6919266707375686,2.7884414555752026,11.261006913966868,10.679737722984989,2.6919266707375686,2.7884414555752026,27.50209380234506,29.166666666666668,0.02107091868917148,0.03193952515721322,0.001,2.5,48
271,96.82440573433003,95.51763029481255,0.07167411632589661,0.07132814169986083,159.75227731735862,159.27477801523878,2.684669558551643,2.7895294121542373,11.264587172665356,10.688817207006906,2.684669558551643,2.7895294121542373,27.456728084868786,29.19453734671126,0.028960186988115314,0.030720869700113937,0.001,2.5,48
272,96.9115157818275,95.48732321397915,0.07166530103059472,0.07134179232522686,159.75245008440007,159.27496108575542,2.6850393039222737,2.788447380929753,11.280901592497317,10.685999193028396,2.6850393039222737,2.788447380929753,27.456728084868786,29.180602006688968,0.026435937732458118,0.03193510820468268,0.001,2.5,48
273,96.91728729285853,95.46980141290986,0.07166215616879705,0.07133309031289377,159.75260030620927,159.27507366909495,2.6880447595629327,2.7892403607666822,11.27304025561799,10.680117489369286,2.6880447595629327,2.7892403607666822,27.45149357900614,29.215440356744708,0.026188105344772353,0.03139074643452964,0.001,2.5,48
274,96.83248096082146,95.45752919876456,0.0716782503189712,0.07133887297761084,159.75272837296203,159.27526393137381,2.6846478740257766,2.7894233830663535,11.266266369215607,10.677112952290038,2.6846478740257766,2.7894233830663535,27.509073143495254,29.180602006688968,0.02314012994368872,0.031231467922528594,0.001,2.5,48
275,96.92597707858106,95.46661306331255,0.07167730271326507,0.07136927422710514,159.75296989607452,159.27552983294362,2.6880547028598607,2.788024352877967,11.274745254743571,10.683120581525955,2.6880547028598607,2.788024352877967,27.50034896705751,29.19453734671126,0.024734586477279667,0.03204020857810975,0.001,2.5,48
276,96.86369488373741,95.4846923877563,0.07165514188832504,0.07133606052943649,159.75318515197583,159.2757159751926,2.6876882836056244,2.7892382342115027,11.263392505858413,10.68310142625767,2.6876882836056244,2.7892382342115027,27.435790061418203,29.18756967670011,0.025185042371352526,0.030836629370848346,0.001,2.5,48
277,97.10294306804055,95.44179599633317,0.07165607099138822,0.07132790354217051,159.75340843001,159.27592400743012,2.6938840189854036,2.7883191234375055,11.292654658985464,10.677280999612117,2.6938840189854036,2.7883191234375055,27.524776661083195,29.18756967670011,0.020648725330829634,0.03143583113948505,0.001,2.5,48
278,96.9451621273654,95.48064045948594,0.07164870495250013,0.07134241491984887,159.75358859062328,159.27606072766062,2.690547649668023,2.7899984430891345,11.27110901903434,10.68000898358216,2.690547649668023,2.7899984430891345,27.481155778894472,29.19453734671126,0.025550574064254764,0.030895358572403598,0.001,2.5,48
279,97.00072837248653,95.4186305577141,0.07165719550391812,0.07134568937195894,159.75370220290023,159.27621516894337,2.6864634429872667,2.786547426595337,11.294473172390616,10.677959346302776,2.6864634429872667,2.786547426595337,27.472431602456727,29.208472686733558,0.022813634326060626,0.03235553329189619,0.001,2.5,48
280,97.05505797065615,95.46273455066957,0.07166851725427018,0.0713372689050408,159.75387615208385,159.27636739508628,2.690007516162679,2.788074549175425,11.294704609193294,10.682200437662926,2.690007516162679,2.788074549175425,27.472431602456727,29.18756967670011,0.02494989583889644,0.03180445854862532,0.001,2.5,48
281,96.91791940733816,95.46471536757555,0.07167184102492698,0.07135092126056164,159.7540768773645,159.2766088736363,2.6863312858824018,2.789783391914639,11.278304824781344,10.677467554309295,2.6863312858824018,2.789783391914639,27.517797319932995,29.19453734671126,0.024565383791923537,0.03100108603636424,0.001,2.5,48
282,96.76937218873212,95.41578817739668,0.07168078670484943,0.07135459732522942,159.75425486894775,159.27673056445926,2.6847935669552605,2.7888805797799106,11.253206764288052,10.670389682428294,2.6847935669552605,2.7888805797799106,27.491624790619767,29.208472686733558,0.025771648933490123,0.03131894394755364,0.001,2.5,48
283,96.84689579963151,95.42651812953163,0.07166237899778669,0.07134076109872084,159.75436849387114,159.27686796698683,2.687356900687926,2.788515678259109,11.26102506654729,10.673632993829024,2.687356900687926,2.788515678259109,27.479410943606922,29.18756967670011,0.023992706090211882,0.03189412007729213,0.001,2.5,48
284,96.7966769762641,95.46888784315009,0.0716713523643989,0.07134481594581216,159.75450031897796,159.27701734174187,2.6790018734578847,2.78778300995844,11.276044613768574,10.684304186565555,2.6790018734578847,2.78778300995844,27.495114461194863,29.20150501672241,0.03079228972395262,0.03217031061649323,0.001,2.5,48
285,96.79810875997005,95.42765959635493,0.07166417857560316,0.07133564966887014,159.75465275028577,159.27717223886395,2.678635522506877,2.78923232062671,11.277431490092155,10.67171240598794,2.678635522506877,2.78923232062671,27.489879955332214,29.208472686733558,0.028201457113027587,0.03160797307888667,0.001,2.5,48
286,96.92992175430776,95.45675362658208,0.07165776663551289,0.0713664319282983,159.75484818463084,159.2773720608773,2.684958040822424,2.786084058816018,11.284827728433891,10.686969824176835,2.684958040822424,2.786084058816018,27.454983249581236,29.15273132664437,0.025952310611804332,0.03351425503691038,0.001,2.5,48
287,96.84867356982996,95.52396258196836,0.07166497642434652,0.07134396295065464,159.7550290373036,159.27759588276396,2.684677191444744,2.789921295325559,11.269419085144962,10.688904384763676,2.684677191444744,2.789921295325559,27.474176437744276,29.20150501672241,0.02858476837476095,0.030865058302879344,0.001,2.5,48
288,96.9543435384547,95.26656149276256,0.07166673436777359,0.07137557107388351,159.7552943240325,159.2778571295233,2.6871072155205584,2.7837600252334624,11.283262697758287,10.65590149304573,2.6871072155205584,2.7837600252334624,27.479410943606922,29.20150501672241,0.021669295926888793,0.034537464380264296,0.001,2.5,48
289,96.83873832764937,95.39020161963624,0.0716547309819465,0.07133034094380991,159.75552819205822,159.27807444566602,2.679722019584068,2.786897860151802,11.282299572981515,10.67122503405763,2.679722019584068,2.786897860151802,27.475921273031826,29.20150501672241,0.02834829688072205,0.03272822623451551,0.001,2.5,48
290,96.78063473842583,95.38099369503051,0.07166588656715085,0.07133736781018853,159.75569694738425,159.2782259705739,2.6899333641906478,2.7888075143281568,11.240042491665704,10.663653157908914,2.6899333641906478,2.7888075143281568,27.50209380234506,29.18756967670011,0.025754479070504512,0.031230673193931583,0.001,2.5,48
291,96.84595837997763,95.44121067048182,0.07166481651796218,0.07134462741130025,159.75586950985297,159.27839392416985,2.681244037558685,2.7898681301752326,11.279175444339188,10.672512999554078,2.681244037558685,2.7898681301752326,27.47068676716918,29.173634336677818,0.027156083534161258,0.030990498761336017,0.001,2.5,48
292,96.90277439612106,95.37709920435579,0.07167715495412197,0.07132242574427793,159.75604282168953,159.27858234541605,2.6824279164906852,2.7882344694673153,11.286984446393518,10.664596107193459,2.6824279164906852,2.7882344694673153,27.461962590731435,29.173634336677818,0.025879200547933582,0.03129987170298896,0.001,2.5,48
293,96.95611237561083,95.45349126037547,0.07167156869681193,0.07134170857860876,159.756223868119,159.27878012306317,2.686180559072762,2.7874438687577565,11.286395255411756,10.682242506340463,2.686180559072762,2.7874438687577565,27.5108179787828,29.208472686733558,0.028499210874239598,0.03212022533019385,0.001,2.5,48
294,96.6761235112521,95.47697591941095,0.0716777714142236,0.07134477354983129,159.75643968359176,159.27896534552676,2.6696102781203592,2.7901415027586647,11.280107041707524,10.67884598219707,2.6696102781203592,2.7901415027586647,27.475921273031826,29.215440356744708,0.035856630653142936,0.03056512524684271,0.001,2.5,48
295,97.06049839109765,95.43726423911028,0.0716619601977238,0.07136327426193863,159.75661031398474,159.27912498969033,2.684699789359375,2.788767497766443,11.311716605129687,10.675021897972362,2.684699789359375,2.788767497766443,27.493369625907317,29.166666666666668,0.024417014171679824,0.03190284222364426,0.001,2.5,48
296,96.96695021249143,95.45831570896416,0.07164236814361952,0.07138031382672963,159.7567347160336,159.2792337970723,2.6943281754468624,2.78851593932845,11.264125665436572,10.67998337797995,2.6943281754468624,2.78851593932845,27.493369625907317,29.229375696767004,0.020191356539726268,0.031541496515274055,0.001,2.5,48
297,96.85333127072909,95.46302931337983,0.07167604502142712,0.07138957164995575,159.75686839098108,159.2793932039469,2.687131229453184,2.7890720807821587,11.262986017818527,10.679255701393851,2.687131229453184,2.7890720807821587,27.465452261306535,29.18756967670011,0.024324543774127964,0.031229479859272633,0.001,2.5,48
298,97.10656413134751,95.4900975408097,0.07168004899300873,0.07140490746337004,159.75701341923224,159.27953784488383,2.6901377012140917,2.788429628081678,11.304612291098008,10.68659386684165,2.6901377012140917,2.788429628081678,27.454983249581236,29.15969899665552,0.02237895503640176,0.03167285149296125,0.001,2.5,48
299,96.96428190057735,95.44267381314052,0.07165257942484018,0.0713521975827362,159.75719551801149,159.27975894156904,2.690772035188811,2.787886066032094,11.274258379681457,10.67875029044506,2.690772035188811,2.787886066032094,27.475921273031826,29.180602006688968,0.023471950242916758,0.032335992902517326,0.001,2.5,48
300,96.77562700390882,95.39715255569321,0.071653811749504,0.07137508530488725,159.7573781783923,159.27986742720557,2.687370602576044,2.787816208134194,11.246731330302092,10.669850897820565,2.687370602576044,2.787816208134194,27.523031825795645,29.15969899665552,0.02493213738004368,0.03227341423432032,0.001,2.5,48
301,97.07542432306333,95.49033948171099,0.07165568923105779,0.07134086750581396,159.75753483311016,159.28007252745272,2.694223415050375,2.789646713621707,11.286131974536403,10.683003567117645,2.694223415050375,2.789646713621707,27.472431602456727,29.19453734671126,0.02066585669914882,0.03130644808212916,0.001,2.5,48
302,96.88237949378792,95.4581155925823,0.07167735831977746,0.0713106246242987,159.75770280998157,159.28020050639955,2.6845042266238672,2.7887772071105714,11.276676238024121,10.679173229372289,2.6845042266238672,2.7887772071105714,27.435790061418203,29.20150501672241,0.026863771180311847,0.031124005715052288,0.001,2.5,48
303,96.91532606868223,95.48733677646122,0.07165142901033186,0.0713282566723027,159.75782178547846,159.28033157535222,2.6782505868708935,2.7889071235323164,11.30203156062157,10.684624336053561,2.6782505868708935,2.7889071235323164,27.486390284757118,29.15969899665552,0.03139418239394824,0.031173493713140498,0.001,2.5,48
304,96.90980756369335,95.45996461664156,0.07166068757776012,0.07137702054723666,159.75798488505254,159.28053360100972,2.6858379854370864,2.7861814270566403,11.27816383826007,10.687317034406142,2.6858379854370864,2.7861814270566403,27.495114461194863,29.20150501672241,0.0247968410452207,0.03247219696640969,0.001,2.5,48
305,97.06479201670935,95.41172751295926,0.07166315107364184,0.07134701463053168,159.75815740545525,159.28070155174836,2.691987287746103,2.7882585158881006,11.290712283962703,10.671444464013929,2.691987287746103,2.7882585158881006,27.430555555555554,29.236343366778154,0.02076664194464685,0.03171602512399357,0.001,2.5,48
306,96.74032794610538,95.4861172130674,0.07167440339939797,0.07134296185466604,159.7583425652375,159.2808574257354,2.684760962041445,2.7885417145414233,11.247496164053894,10.685473487138283,2.684760962041445,2.7885417145414233,27.44974874371859,29.20150501672241,0.0258722317715486,0.03135945151249568,0.001,2.5,48
307,96.8096740715734,95.42346236990181,0.07167189188586774,0.07135699912964856,159.75849627390178,159.2810585467579,2.6801540607067538,2.7877873387623793,11.275186566389486,10.675202839018375,2.6801540607067538,2.7877873387623793,27.44102456728085,29.19453734671126,0.030511125922203067,0.031961884349584586,0.001,2.5,48
308,96.95339579012459,95.47568606453198,0.07166416513952484,0.07135586303973104,159.75876040211742,159.2813005844752,2.6837574321753745,2.788815622005109,11.293122237543033,10.68256281810494,2.6837574321753745,2.788815622005109,27.477666108319372,29.18756967670011,0.025435483704010654,0.03197665388385455,0.001,2.5,48
309,96.80049706290781,95.55887083783995,0.07168487722123028,0.07133528120379964,159.75893721335564,159.2814347266885,2.6793895199487223,2.7901669829967557,11.275642106872175,10.69514997262786,2.6793895199487223,2.7901669829967557,27.418341708542712,29.173634336677818,0.03106106817722322,0.03050796811779341,0.001,2.5,48
310,96.93669933703012,95.47800392583594,0.07165120327911921,0.07129845393390606,159.75908486088318,159.28159193344075,2.6901269090335376,2.788923003593483,11.270677119822125,10.682715741662077,2.6901269090335376,2.788923003593483,27.434045226130653,29.215440356744708,0.02182154978315036,0.03134339178601901,0.001,2.5,48
311,96.96545678886338,95.429140481396,0.07166453492855525,0.0713127037954257,159.75918513682885,159.28167691345067,2.6899347988538143,2.7887318275843973,11.277002215027677,10.673513700332132,2.6899347988538143,2.7887318275843973,27.434045226130653,29.208472686733558,0.0219613052904606,0.03217504049340884,0.001,2.5,48
312,96.83131584556725,95.48457953071382,0.07167558082676329,0.07135539027300482,159.75929413638522,159.2817834149901,2.6817621388444017,2.788242622263057,11.274689730654076,10.68606060892842,2.6817621388444017,2.788242622263057,27.5108179787828,29.166666666666668,0.027790521581967684,0.031707741320133216,0.001,2.5,48
313,96.99353974348736,95.46895417188988,0.07166102527024709,0.07135879208945854,159.75940504545343,159.28190432417486,2.6876423452351097,2.7889704250438823,11.289496855786366,10.68075146345025,2.6876423452351097,2.7889704250438823,27.479410943606922,29.18756967670011,0.025429559250672668,0.03155975416302682,0.001,2.5,48
314,96.8207694821222,95.42392300469686,0.07166200710817734,0.07131911437367315,159.75951881271578,159.28201761798582,2.682242620280839,2.787524040393872,11.271141659994655,10.676092340221572,2.682242620280839,2.787524040393872,27.50209380234506,29.19453734671126,0.027297471960385653,0.031964246183633804,0.001,2.5,48
315,96.9547546729903,95.40002424129541,0.07165433654263491,0.07134956265035661,159.75964853245742,159.28213927179675,2.6860852980833356,2.788087501839518,11.28641230920418,10.66961598057412,2.6860852980833356,2.788087501839518,27.411362367392517,29.180602006688968,0.02685416614015898,0.031811852008104324,0.001,2.5,48
316,96.78668824458907,95.40748489899778,0.07166656727482183,0.07136240585609795,159.7597183917635,159.28216740299627,2.68313312684438,2.7876187708631672,11.26165305175374,10.672511789129596,2.68313312684438,2.7876187708631672,27.496859296482413,29.180602006688968,0.02618544921278954,0.032083374758561455,0.001,2.5,48
317,96.7597589291786,95.43350693719708,0.07168266295329138,0.07134857517307508,159.7598277338386,159.28231911030636,2.686420578415969,2.787101349345883,11.246401565845188,10.679271179098748,2.686420578415969,2.787101349345883,27.40612786152987,29.173634336677818,0.02263719464341801,0.03227213645974796,0.001,2.5,48
318,96.97234756782825,95.43400822461915,0.07167761851792558,0.07135472637293733,159.75998020697946,159.28250358056863,2.6802549162044467,2.787200152251035,11.307417201303624,10.679073754112457,2.6802549162044467,2.787200152251035,27.484645449469568,29.166666666666668,0.02801317721605301,0.03251524766286215,0.001,2.5,48
319,96.9197678527374,95.4030609981405,0.07166994472424752,0.07133077510534659,159.7601427877502,159.28266029885515,2.6928907662613444,2.7884422219218217,11.258995232628351,10.66916287075749,2.6928907662613444,2.7884422219218217,27.509073143495254,29.15273132664437,0.024575018634398788,0.03183624272545179,0.001,2.5,48
320,96.80938546661555,95.4617001391042,0.07166002062777964,0.07133606229601111,159.76033424665513,159.28284438703636,2.6851731938216887,2.7880982672639916,11.260073409878062,10.681921332767244,2.6851731938216887,2.7880982672639916,27.491624790619767,29.173634336677818,0.028156598409016926,0.0317362907032172,0.001,2.5,48
321,96.85297683655118,95.51856774523638,0.07166511322354766,0.07135976987504725,159.76049604204897,159.28301574042277,2.687730622384749,2.787273751843799,11.261118293573974,10.695763761574277,2.687730622384749,2.787273751843799,27.475921273031826,29.173634336677818,0.023718580603599552,0.03214854374527932,0.001,2.5,48
322,96.78487971506593,95.43940595453533,0.07168249330069194,0.07135728760650109,159.76065023390692,159.28317467026088,2.6814301228561526,2.7872863915502823,11.26639695552093,10.679893936799921,2.6814301228561526,2.7872863915502823,27.482900614182018,29.222408026755854,0.028831010063489287,0.03248808532953263,0.001,2.5,48
323,97.15438676439538,95.50499039748838,0.07165139221215608,0.07137531923691291,159.76082321307567,159.2833733540049,2.691366319368333,2.7881137653354684,11.310495941067195,10.690525028401927,2.691366319368333,2.7881137653354684,27.44102456728085,29.20150501672241,0.022923662016789123,0.031958397477865226,0.001,2.5,48
324,97.16523155961072,95.51877689893162,0.07165255721518107,0.07135554547541821,159.76105016296898,159.2835840018032,2.693286774204737,2.7881504796204495,11.3069032360511,10.693176132015294,2.693286774204737,2.7881504796204495,27.493369625907317,29.180602006688968,0.02467133725682895,0.03197198485334715,0.001,2.5,48
325,96.81580531830099,95.49218450288974,0.07168341365610915,0.07134016209392521,159.76120303377368,159.28367510727017,2.6780085847455655,2.788912757076614,11.282846345153851,10.685573925915172,2.6780085847455655,2.788912757076614,27.495114461194863,29.166666666666668,0.027067725857098893,0.03138987223307293,0.001,2.5,48
326,96.82306767029179,95.46142813885625,0.07166602426254132,0.07134690218260216,159.76132439645158,159.28387469737692,2.6818843924511686,2.7881585480759505,11.27267488808122,10.68168379733528,2.6818843924511686,2.7881585480759505,27.488135120044664,29.166666666666668,0.026093506564696636,0.03158244614799818,0.001,2.5,48
327,97.07572600403556,95.43851780333249,0.0716739351926561,0.07132804741399416,159.7615084388215,159.28406857626894,2.696474379343503,2.7878611362897434,11.279434954850517,10.677997577175448,2.696474379343503,2.7878611362897434,27.5108179787828,29.166666666666668,0.020360033959150325,0.03218632688124976,0.001,2.5,48
328,97.04133838052392,95.47039898130275,0.07168050646425818,0.07132963528107626,159.76170203041457,159.28422268956004,2.688749036247806,2.788760418045348,11.295732131713534,10.681675712824067,2.688749036247806,2.788760418045348,27.54048017867113,29.180602006688968,0.02543559422095618,0.03111195315917335,0.001,2.5,48
329,96.90396413385103,95.50938139259483,0.07167516256051587,0.07135917566421525,159.76185990711087,159.28439686476455,2.6882809695752887,2.7891566839189568,11.269662549522655,10.68827757437027,2.6882809695752887,2.7891566839189568,27.465452261306535,29.180602006688968,0.02713254715005557,0.03148034339149794,0.001,2.5,48
330,96.81329388514636,95.45054354024438,0.07167149858232623,0.07133258735264829,159.76201350035979,159.28454683576538,2.683997715995473,2.789139619240394,11.264378927951748,10.676566411902009,2.683997715995473,2.789139619240394,27.552694025683977,29.208472686733558,0.024404387921094898,0.030766904354095462,0.001,2.5,48
331,96.86282488529008,95.45941438802508,0.07165771716394899,0.07130278908940486,159.76219906299758,159.28476596350387,2.688852279138658,2.789017324280845,11.259724127321121,10.678713306277956,2.688852279138658,2.789017324280845,27.472431602456727,29.215440356744708,0.025308099885781612,0.03070487827062608,0.001,2.5,48
332,96.91242268816312,95.4172684247943,0.07166171745327982,0.07132709263454932,159.76241545651226,159.28496128088122,2.6850869198007867,2.7877047480548107,11.28093893593463,10.674216951431506,2.6850869198007867,2.7877047480548107,27.444514237855945,29.19453734671126,0.027203536281983066,0.031446869174639396,0.001,2.5,48
333,96.69971619206125,95.40909881921384,0.07165062552115935,0.07132851912286149,159.7625722706085,159.28504261563853,2.6796199147142823,2.788519399396353,11.254800882953829,10.670138842933952,2.6796199147142823,2.788519399396353,27.523031825795645,29.15273132664437,0.02707878748575847,0.03175322338938713,0.001,2.5,48
334,96.8360894531727,95.45751330711637,0.07166459099182759,0.0713583080557544,159.76265262975033,159.28520647551835,2.688894656102528,2.7886295329401456,11.254248448473357,10.679485364901183,2.688894656102528,2.7886295329401456,27.458472920156336,29.180602006688968,0.02248087401191393,0.031208500266075134,0.001,2.5,48
335,96.97288591551553,95.43133674895883,0.07166441273414097,0.07136854191136127,159.76285083020352,159.28539994056675,2.693312236412087,2.788683960220487,11.268355052566674,10.674084592407098,2.693312236412087,2.788683960220487,27.486390284757118,29.166666666666668,0.02129436656832696,0.031468809892733894,0.001,2.5,48
336,96.7490130397343,95.43102235326268,0.07167076792511574,0.07138475563305702,159.76306682462334,159.28561765447242,2.682816021818312,2.7879511736242004,11.255067721096616,10.67621686067868,2.682816021818312,2.7879511736242004,27.474176437744276,29.18756967670011,0.027272043128808345,0.03227681542436283,0.001,2.5,48
337,96.90126576282536,95.48282341813562,0.07165179933009043,0.07134757659846773,159.7632801260847,159.28584483049917,2.686358464926498,2.7885127279787025,11.274894715823953,10.684899880028555,2.686358464926498,2.7885127279787025,27.44974874371859,29.15969899665552,0.02712320039669673,0.03160293896993003,0.001,2.5,48
338,96.91329716597771,95.49378583742225,0.07167238535052917,0.0713143040745652,159.76349446884686,159.28602869222263,2.6875452872496752,2.78959159990783,11.273736366545569,10.683862247503257,2.6875452872496752,2.78959159990783,27.489879955332214,29.18756967670011,0.02421882996956508,0.03154664486646653,0.001,2.5,48
339,96.96445063942974,95.43642649124298,0.07164970704629336,0.07135818444170476,159.76366424530593,159.28619955814005,2.691185367196416,2.788174129657057,11.273051345526406,10.676634035547707,2.691185367196416,2.788174129657057,27.44974874371859,29.15969899665552,0.02148769795894623,0.032152116298675544,0.001,2.5,48
340,96.89263592639627,95.51511013547713,0.07166090188666184,0.07136979088843824,159.76379622293544,159.28633357662554,2.687556215816207,2.788894050113998,11.269573563498733,10.690208627860017,2.687556215816207,2.788894050113998,27.484645449469568,29.12486064659978,0.02641744414965312,0.03094000120957693,0.001,2.5,48
341,96.86423318097206,95.50898566878625,0.07168097241103784,0.07136929491676164,159.76392511277143,159.28642327364204,2.683736563947765,2.789432870155593,11.275347967127194,10.687367341216392,2.683736563947765,2.789432870155593,27.481155778894472,29.15273132664437,0.027610555291175853,0.030509247134129207,0.001,2.5,48
342,96.95058703289426,95.48676256989954,0.0716550026751161,0.07136252173501006,159.76406469899538,159.28660292968303,2.6860163662726158,2.7896327298122103,11.28578446768453,10.682324398595554,2.6860163662726158,2.7896327298122103,27.50209380234506,29.18756967670011,0.02445454771320026,0.030654792984326686,0.001,2.5,48
343,96.82580252082437,95.43670573495037,0.07165837253923037,0.07131763489004984,159.76421519037333,159.286715098448,2.68020927029106,2.7894167958560465,11.278248165225031,10.672969750819133,2.68020927029106,2.7894167958560465,27.437534896705753,29.208472686733558,0.026033546775579456,0.03161973878741265,0.001,2.5,48
344,96.80633695880373,95.36714601649622,0.0716563386944903,0.0713187545190307,159.76431451400921,159.28684847749597,2.6803276194483128,2.786055323330389,11.27400040672286,10.669142164555746,2.6803276194483128,2.786055323330389,27.498604131769962,29.173634336677818,0.029512433956066775,0.03192374482750894,0.001,2.5,48
345,96.88933784185609,95.42149534432785,0.07165846987500661,0.07133619460042291,159.7644637541888,159.28694620339766,2.678024009069805,2.788513083255942,11.297511003620293,10.672635120899315,2.678024009069805,2.788513083255942,27.5212869905081,29.19453734671126,0.02982912088433903,0.031947065144777305,0.001,2.5,48
346,96.96845437241028,95.36814992563382,0.0716728667959787,0.07138482282041177,159.76456149053067,159.28705369416156,2.6866138560405197,2.7884090786328417,11.287561861123207,10.662268306914646,2.6866138560405197,2.7884090786328417,27.484645449469568,29.180602006688968,0.021266528715689976,0.031875200569629676,0.001,2.5,48
347,97.02501467630758,95.37323117708017,0.07166416033753838,0.071350198139201,159.76468898686267,159.28721857456327,2.692185126236702,2.7885463124882417,11.28216184906158,10.662879906229284,2.692185126236702,2.7885463124882417,27.493369625907317,29.20150501672241,0.02091827616095543,0.03180122251311939,0.001,2.5,48
348,96.79604359567664,95.39926877282268,0.07165060841497119,0.07132391719050073,159.76483077426516,159.28735813289182,2.6764246883803673,2.789392395246122,11.283651567633626,10.66555427798094,2.6764246883803673,2.789392395246122,27.446259073143494,29.180602006688968,0.030115978171428054,0.03194121395548185,0.001,2.5,48
349,97.23132198326817,95.26573336350346,0.07166218732508611,0.07133468450202274,159.7650146734974,159.2875615334431,2.704473390513828,2.783331782855052,11.28655875626471,10.65702684810894,2.704473390513828,2.783331782855052,27.488135120044664,29.19453734671126,0.012486883749564491,0.03439595301946006,0.001,2.5,48
350,96.89609853759417,95.38866898553692,0.07166920082472522,0.07130681086509158,159.76520866039144,159.2877800652016,2.685622626987334,2.7853120999574794,11.276064949930714,10.675678489391288,2.685622626987334,2.7853120999574794,27.461962590731435,29.208472686733558,0.026658146331707655,0.03374119723836582,0.001,2.5,48
351,96.98926636295435,95.43643154507896,0.07164802198592675,0.07134835975089883,159.76542854978013,159.28794411479296,2.693695148110956,2.787428136653326,11.270485209601675,10.678874707258531,2.693695148110956,2.787428136653326,27.484645449469568,29.166666666666668,0.02347179750601451,0.032525228957335166,0.001,2.5,48
352,96.77839552111494,95.49882017383341,0.07167540952076867,0.07134062513213518,159.76558397203635,159.28812942570002,2.6727859989216314,2.789482405602334,11.291032880652823,10.685191112990962,2.6727859989216314,2.789482405602334,27.486390284757118,29.166666666666668,0.03298700476686161,0.030991396556297946,0.001,2.5,48
353,97.01384862011069,95.45158229916126,0.07166236725076637,0.07133370895356596,159.76579267209232,159.28835922306862,2.6797401913671037,2.7881311499736916,11.317263536558746,10.679798673319246,2.6797401913671037,2.7881311499736916,27.46021775544388,29.19453734671126,0.030831089864174533,0.0318620726466179,0.001,2.5,48
354,96.71374668334863,95.47196266005271,0.0716486163493779,0.07136331432395863,159.76600132405858,159.2885289135718,2.683631607494096,2.7887508475793776,11.245571631154057,10.682009681070861,2.683631607494096,2.7887508475793776,27.463707426018985,29.208472686733558,0.025674946606159214,0.03175848474105201,0.001,2.5,48
355,96.68418940800252,95.45826557780322,0.07165778594447951,0.07133898681369548,159.76619073091305,159.2887274448821,2.6786233208645065,2.7869329858932606,11.2546831645084,10.684728555638786,2.6786233208645065,2.7869329858932606,27.536990508096036,29.20150501672241,0.030773444722096133,0.032442859063545874,0.001,2.5,48
356,96.61489971438844,95.50920800540759,0.07167164796144924,0.07134638522696433,159.76633847338869,159.2888069625948,2.680906610352277,2.7886651255099006,11.233972487591586,10.689719073034183,2.680906610352277,2.7886651255099006,27.5143076493579,29.215440356744708,0.02721012135346731,0.03221613541245461,0.001,2.5,48
357,96.88739281510055,95.46832633417188,0.0716534535481985,0.07134420650131802,159.76639359057916,159.28886117384982,2.683237305126298,2.7883653334085494,11.281482709221239,10.68244271723755,2.683237305126298,2.7883653334085494,27.489879955332214,29.166666666666668,0.026281235118707034,0.03125312676032385,0.001,2.5,48
358,96.89214619240369,95.46327594025611,0.07168122708773338,0.07132222999909095,159.7665021255787,159.28901945946606,2.6886286482273167,2.787449784801158,11.266253729511545,10.68418365787536,2.6886286482273167,2.787449784801158,27.435790061418203,29.15969899665552,0.022714802374442428,0.03210351616144181,0.001,2.5,48
359,96.84860047343587,95.43465780892899,0.07167606653760657,0.0713400055773503,159.76668026585742,159.28923911939364,2.6819673758239335,2.7890291727805216,11.277529454947617,10.673718167637105,2.6819673758239335,2.7890291727805216,27.44974874371859,29.20150501672241,0.029658695062001552,0.031354409952958434,0.001,2.5,48
360,97.03549350020207,95.41401485721669,0.07165300577372201,0.07131670221502688,159.7668919406877,159.2894501881456,2.685086738020764,2.7884998809517163,11.305554526718153,10.671182094675508,2.685086738020764,2.7884998809517163,27.4392797319933,29.180602006688968,0.024615569661060984,0.03189500172932943,0.001,2.5,48
361,96.8660080589974,95.43689094020372,0.07166487070585785,0.07136202806241901,159.76712251278624,159.28967651674978,2.682288537127455,2.7889088988719446,11.28004956111054,10.674521232553351,2.682288537127455,2.7889088988719446,27.52826633165829,29.18756967670011,0.02575646340847017,0.030931783219178527,0.001,2.5,48
362,96.86557222317877,95.49593639958529,0.07168659669942871,0.0713466257682528,159.76734123610706,159.28985936678905,2.6784667282472903,2.7898961423481983,11.291423434546578,10.68337162986082,2.6784667282472903,2.7898961423481983,27.489879955332214,29.208472686733558,0.030203995605309817,0.03126740083098412,0.001,2.5,48
363,96.97558110922425,95.43656587015958,0.0716637361702501,0.0713451572179013,159.76747713769234,159.28996728422118,2.686481051379945,2.7886891149175472,11.28938685531043,10.67511874630034,2.686481051379945,2.7886891149175472,27.564907872696818,29.180602006688968,0.02604527647296589,0.0321362428367138,0.001,2.5,48
364,96.97611464594144,95.4729174610763,0.07164118154781858,0.071360068890054,159.76759621685673,159.29010918201544,2.692239190806962,2.789050945594757,11.27222359001986,10.681300693182244,2.692239190806962,2.789050945594757,27.498604131769962,29.215440356744708,0.024312224239110957,0.03095625713467599,0.001,2.5,48
365,96.82473912350895,95.48072842424664,0.07165395099165796,0.07139290182306231,159.76776086961272,159.29026944448583,2.687257347960235,2.789745582278025,11.256891372440448,10.680772218010164,2.687257347960235,2.789745582278025,27.432300390843107,29.19453734671126,0.02611673747499785,0.03105738510688147,0.001,2.5,48
366,96.94043155225012,95.5455113193529,0.07165261498800661,0.07137110254687411,159.76794839068407,159.29045503607296,2.6816018810656934,2.7904668436401265,11.296996583245873,10.691569489513087,2.6816018810656934,2.7904668436401265,27.44974874371859,29.19453734671126,0.028443900247414906,0.030298030624787014,0.001,2.5,48
367,96.83379234567427,95.49983764864264,0.0716667067567918,0.07137901254110363,159.7680825600073,159.2906002569757,2.677713345950506,2.7890291522145936,11.287331511839051,10.686746108982142,2.677713345950506,2.7890291522145936,27.46894193188163,29.208472686733558,0.03025347118576369,0.031091861426830302,0.001,2.5,48
368,97.0065345737536,95.45179604420827,0.0716716247806949,0.07135582419621193,159.76823797088173,159.29077476043764,2.6865494293059338,2.7894040820009205,11.295370683090638,10.676017600573692,2.6865494293059338,2.7894040820009205,27.474176437744276,29.173634336677818,0.02413052444656692,0.031217002620299666,0.001,2.5,48
369,97.24732730030547,95.33744824743324,0.07165096098635884,0.07130674462043692,159.76845439814244,159.29100627657297,2.6960748127557124,2.781842240339006,11.314957195045329,10.675843325911822,2.6960748127557124,2.781842240339006,27.465452261306535,29.173634336677818,0.01825597261389097,0.03490243603785833,0.001,2.5,48
370,96.82815546779109,95.38384178304086,0.07167454373591779,0.07135860010135271,159.76867738677296,159.29127176908347,2.6774064512816236,2.785670970910236,11.287123126566975,10.673625479391054,2.6774064512816236,2.785670970910236,27.54222501395868,29.15969899665552,0.030017988135417315,0.033177867531776435,0.001,2.5,48
371,96.83643381812597,95.37571817736163,0.07167218249741224,0.07135906304687317,159.76899433502066,159.29159216790427,2.684333658963858,2.7859931102514666,11.267997519022124,10.671034134218393,2.684333658963858,2.7859931102514666,27.444514237855945,29.19453734671126,0.029658790677785873,0.03282694642742476,0.001,2.5,48
372,96.87238425691989,95.39730027022303,0.07166223674408691,0.0713629647680871,159.7692792089807,159.29181091170116,2.686371773227608,2.7877999346458258,11.269075241287217,10.669929259580249,2.686371773227608,2.7877999346458258,27.491624790619767,29.180602006688968,0.025960548470417663,0.03214900195598603,0.001,2.5,48
373,96.85619910810993,95.43594738658322,0.07165472652068837,0.07133153541884414,159.76946794247905,159.29198080407602,2.6748332105481314,2.7884932103065343,11.300455315278803,10.675585172082004,2.6748332105481314,2.7884932103065343,27.5108179787828,29.166666666666668,0.030654852588971465,0.03141286596655846,0.001,2.5,48
374,96.98357349717371,95.4143833082788,0.07167242906737406,0.07129958269324012,159.76959247189083,159.2920942048697,2.6868097258680765,2.788541094457093,11.289997088458202,10.671134919468043,2.6868097258680765,2.788541094457093,27.444514237855945,29.19453734671126,0.026245858520269394,0.03194020316004754,0.001,2.5,48
375,96.71435226401026,95.47225902205459,0.07166527923853563,0.07134503949247112,159.76973546632902,159.29225231120685,2.675679526395268,2.787864247318295,11.269544913782413,10.684731739030168,2.675679526395268,2.787864247318295,27.52826633165829,29.180602006688968,0.030471409360567737,0.03159347052375477,0.001,2.5,48
376,96.85590682463696,95.52487577137474,0.07166668242843244,0.07131131828815811,159.76988038232645,159.29239994712762,2.680408019250095,2.788948538901083,11.283670011780936,10.692008779275177,2.680408019250095,2.788948538901083,27.523031825795645,29.15969899665552,0.027996838092803965,0.031059211740891147,0.001,2.5,48
377,96.78417743976259,95.46886847542812,0.07166833374965932,0.07134835726550685,159.77003423695723,159.29257095464763,2.681808771466756,2.7876949113032623,11.265121516919814,10.684560728345561,2.681808771466756,2.7876949113032623,27.45149357900614,29.229375696767004,0.027914818376302723,0.032086013505856194,0.001,2.5,48
378,96.80359899578382,95.46481172748766,0.07165415697818263,0.0713673638674754,159.77023929597146,159.29279183019096,2.6767850951283823,2.7897543878260262,11.284079633307883,10.677567100287348,2.6767850951283823,2.7897543878260262,27.50209380234506,29.180602006688968,0.028994592527548487,0.030930474400520335,0.001,2.5,48
379,96.68213991770061,95.4298746524713,0.07163766089671576,0.07136746581894539,159.77041836572985,159.29290733734766,2.6790790903059083,2.786698580153677,11.252909107981347,10.679747176093933,2.6790790903059083,2.786698580153677,27.505583472920154,29.20150501672241,0.03094056869546573,0.03240692988038064,0.001,2.5,48
380,96.81762729817298,95.50068220246995,0.07167022925616771,0.07135159042484193,159.7705488313782,159.2930646990587,2.682236661713327,2.7877395655897548,11.270527297203465,10.690788784246047,2.682236661713327,2.7877395655897548,27.44102456728085,29.18756967670011,0.023341603577137007,0.03193693608045579,0.001,2.5,48
381,97.01886300598689,95.45074314204612,0.07167728253371497,0.07132592944697878,159.77072222541656,159.29321630456909,2.6867135386312895,2.787045844513902,11.297342366975222,10.68288733486248,2.6867135386312895,2.787045844513902,27.495114461194863,29.20150501672241,0.024426969389120746,0.03206777200102807,0.001,2.5,48
382,96.94401080431318,95.48307099842042,0.07165621083280001,0.07133211588117551,159.77086857498725,159.2933748574427,2.696452332347515,2.7899336830412795,11.253159751719366,10.680688042530049,2.696452332347515,2.7899336830412795,27.498604131769962,29.243311036789297,0.01817852755387625,0.030784964561462413,0.001,2.5,48
383,96.95345555038709,95.46890731798766,0.07165142661632858,0.0713245298576218,159.77103229084207,159.2935262374256,2.6844617044464765,2.7887387457267363,11.291021513196759,10.681441682836285,2.6844617044464765,2.7887387457267363,27.430555555555554,29.222408026755854,0.027788295100132632,0.03103867297371229,0.001,2.5,48
384,96.77638188931344,95.41816868165398,0.07167460210589535,0.07133276434772984,159.77116785742996,159.29365575326858,2.6779669232204735,2.789176692615119,11.275086442949819,10.6699784063758,2.6779669232204735,2.789176692615119,27.491624790619767,29.180602006688968,0.0319742945333322,0.030819661915302287,0.001,2.5,48
385,96.73896659572053,95.39198934593328,0.07165808965682,0.07134140831068686,159.77127024642854,159.29375115033642,2.679731439256189,2.7878701824574432,11.262313139486054,10.668660276676368,2.679731439256189,2.7878701824574432,27.498604131769962,29.173634336677818,0.029433173437913268,0.031839591761430114,0.001,2.5,48
386,97.05158788115534,95.35149070411222,0.07167635803422136,0.0713433211633089,159.77138908877177,159.29389150292843,2.6885371135931515,2.785555356571507,11.29841664311175,10.667504638101212,2.6885371135931515,2.785555356571507,27.50209380234506,29.180602006688968,0.025426395237445835,0.033462376644214,0.001,2.5,48
387,96.9048866846254,95.4446856342962,0.07167844551698005,0.07139311169047861,159.77151757565244,159.2940482136398,2.68709458457332,2.788095769483841,11.27340358406272,10.678512369991678,2.68709458457332,2.788095769483841,27.51256281407035,29.15969899665552,0.025727233539025007,0.03175013760725657,0.001,2.5,48
388,96.75734156979189,95.49347172001399,0.07167946881275829,0.07133063672893315,159.77168618484558,159.29418670958367,2.6808524980583646,2.7891347741452748,11.262620613594615,10.68516517528556,2.6808524980583646,2.7891347741452748,27.50034896705751,29.18756967670011,0.03008747597535452,0.03099455436070761,0.001,2.5,48
389,96.76957094369821,95.44798967484779,0.07165340216199508,0.07133841896030067,159.77182887403876,159.29432927957478,2.686912208225626,2.7868498966197506,11.246892464628504,10.682921586211442,2.686912208225626,2.7868498966197506,27.479410943606922,29.180602006688968,0.024102968474229183,0.03236886362234752,0.001,2.5,48
390,96.89400155327296,95.4410163976144,0.07165759749051345,0.07132626769533622,159.7719399661142,159.29445520970336,2.68970818646223,2.7875211942305533,11.263389799433968,10.679515526952883,2.68970818646223,2.7875211942305533,27.46719709659408,29.15969899665552,0.024428228537241622,0.031806475172440216,0.001,2.5,48
391,96.8162249206232,95.39428991936522,0.0716680376099792,0.07133555672703117,159.77212077984925,159.2946202513765,2.6849233094688105,2.788064099690454,11.262186978130885,10.668539633237266,2.6849233094688105,2.788064099690454,27.495114461194863,29.173634336677818,0.026468070844809222,0.03210128595431646,0.001,2.5,48
392,96.91012692358294,95.45442960015107,0.07166963498738439,0.07132948361639714,159.7722585115068,159.29471817203986,2.6865914347225366,2.78856481730506,11.275962703291896,10.679066610666887,2.6865914347225366,2.78856481730506,27.51256281407035,29.222408026755854,0.023119254658619567,0.031126078218221675,0.001,2.5,48
393,97.073863502856,95.43691509995307,0.07164817847904814,0.07134530215737157,159.77233816294748,159.29479616581398,2.6912160692460905,2.787973727129707,11.294840436593105,10.677333882911215,2.6912160692460905,2.787973727129707,27.437534896705753,29.180602006688968,0.023144649962584182,0.032087167104085296,0.001,2.5,48
394,96.86806312278287,95.46803416615745,0.07166732056652954,0.07136466804698414,159.77244235709153,159.2949385603136,2.6860552274318863,2.7871699438927693,11.269158974539495,10.685965087725764,2.6860552274318863,2.7871699438927693,27.46021775544388,29.173634336677818,0.02741110821564993,0.03205279633402825,0.001,2.5,48
395,96.89608256780922,95.47300742275871,0.0716549119492385,0.07134619704011591,159.7725745219548,159.29506231982307,2.6855826268127547,2.789381303457977,11.276183144318898,10.680329339369019,2.6855826268127547,2.789381303457977,27.479410943606922,29.18756967670011,0.029675245285034194,0.03094689423839252,0.001,2.5,48
396,96.69336164177362,95.45251946438647,0.07165717782156723,0.07131208712050498,159.77271605340016,159.2952170940147,2.67726762775833,2.7893382608890533,11.260583458658639,10.676367680738403,2.67726762775833,2.7893382608890533,27.40961753210497,29.20150501672241,0.030811558167139697,0.03150816137591999,0.001,2.5,48
397,96.65385736599107,95.41166298232615,0.07167370103577508,0.07137126028555392,159.77288065081132,159.2953841693558,2.676738525900443,2.787163946648837,11.254266521705722,10.674707396373302,2.676738525900443,2.787163946648837,27.456728084868786,29.180602006688968,0.028988541414340343,0.031822542349497475,0.001,2.5,48
398,96.78347489848476,95.52903192019382,0.0716654310702733,0.07138849929193451,159.77305870379635,159.29559158222332,2.679016105593549,2.7881169761453184,11.273358922757495,10.695318646969868,2.679016105593549,2.7881169761453184,27.509073143495254,29.15273132664437,0.02634149541457495,0.0318875585993131,0.001,2.5,48
399,96.90558706216477,95.50095232806211,0.07166782558411795,0.07133372725054281,159.77324658542423,159.29576714082705,2.690074577844389,2.7891130667001245,11.26460549266128,10.686725406974986,2.690074577844389,2.7891130667001245,27.474176437744276,29.20150501672241,0.020472419758637752,0.031367592513561256,0.001,2.5,48
400,96.72264140122167,95.4596570104261,0.07168110018606826,0.0713405174714511,159.77344109335138,159.2959740359249,2.6775143164902144,2.7877913056358845,11.265694427983611,10.682430187736534,2.6775143164902144,2.7877913056358845,27.472431602456727,29.173634336677818,0.03054845953981082,0.031771072496970504,0.001,2.5,48
401,96.15909730675897,116.02617622883689,0.08093864196962364,0.08892057631098131,153.63151319768428,146.26616990253945,2.851528565142988,3.4965599165479744,10.630319639428876,12.66851809963069,2.851528565142988,3.4965599165479744,28.280290340591847,29.814659977703457,-0.08265338093042371,-1.8146954414745171,0.001,2.5,48
402,96.54903391324761,105.5040786385935,0.09192058014818649,0.09404946738851798,145.13444167318988,143.43721647950983,2.764228568662484,3.372991166037062,10.96971011379373,10.934344900873725,2.764228568662484,3.372991166037062,27.80395030709101,27.801003344481604,-0.0158457967142264,-0.8897959565122923,0.001,2.5,48
403,96.79313090804699,98.6556211833571,0.0977850179455138,0.09886683165947902,145.1127282243278,145.7981748574288,2.7435751434213818,2.8363076033218118,11.07932123569288,11.173268337978035,2.7435751434213818,2.8363076033218118,27.624232272473478,29.501114827201786,-0.008305200686057404,0.008276573071877168,0.001,2.5,48
404,97.19488608857095,100.0579181323482,0.09934723245545816,0.09964448929037789,147.58354791730957,148.35142790367505,2.7499928864926546,3.120036089375466,11.139612404403907,10.601875993220704,2.7499928864926546,3.120036089375466,27.610273590173083,28.323578595317727,-0.005689766258001318,-0.4451555584867795,0.001,2.5,48
405,97.27108580063735,103.89945640452332,0.09749866621079628,0.09812785697474079,148.79166681702614,149.18370577457094,2.741243482867411,3.040945327036091,11.181228627008243,11.607593049788422,2.741243482867411,3.040945327036091,27.456728084868786,28.853121516165,-0.007241899768511449,-0.2544645977516969,0.001,2.5,48
406,97.4525129641986,109.24123715264608,0.09778913693066187,0.10069291780699278,149.36692877457435,150.53836676707633,2.7527166711741624,3.7275189640646267,11.182921398628663,10.61544416639684,2.7527166711741624,3.7275189640646267,27.271775544388607,28.16332218506132,-0.012443641821543361,-3.186757360895475,0.001,2.5,48
407,97.58087883615946,109.87803880905227,0.09943599165932664,0.10308533519071678,151.3679789586283,152.5634203140552,2.749482321712573,3.7277939359812167,11.21756804908773,10.741096192370755,2.749482321712573,3.7277939359812167,27.051926298157454,29.110925306577485,-0.009028960019350036,-3.4139393592874208,0.001,2.5,48
408,97.49443828587023,97.10063294104509,0.10076579084651065,0.09714414684200375,151.96883966309073,150.29010215624254,2.7341198748521536,2.9350986676737083,11.245981069902578,10.565343743781979,2.7341198748521536,2.9350986676737083,27.085078168620882,28.4350613154961,0.0026805202166239397,-0.10708128909269969,0.001,2.5,48
409,97.94497124087803,105.12729862887193,0.09784372899292261,0.0964506908557717,151.12680984435303,152.19179656074996,2.7470459102136604,3.2922601979911126,11.29806239077211,11.098950795987113,2.7470459102136604,3.2922601979911126,27.107761027359018,28.428093645484953,-0.008493447055419273,-0.813647293796142,0.001,2.5,48
410,98.0365064342484,105.25683056763317,0.09983568897595035,0.09998822818747287,154.0241130642356,154.54519873345842,2.7370191901081906,3.3333379059880475,11.3454717174006,11.000445843008714,2.7370191901081906,3.3333379059880475,26.952470686767168,27.536231884057973,0.0006853180627028223,-0.7205056051413218,0.001,2.5,48
411,98.18410999344955,113.0181517260795,0.09974426515247793,0.09935072850771322,154.17306783071515,154.62979702154794,2.7464899274805017,3.9282659993588993,11.346568705656553,10.768036204113011,2.7464899274805017,3.9282659993588993,26.98736739251815,28.23996655518395,-0.012246124446392044,-3.5523559165497622,0.001,2.5,48
412,98.07551657228346,108.89853309176306,0.0992144499065107,0.09614382806983125,153.64872034550513,154.50801738355736,2.7300152121759673,3.6319622154718263,11.37448501128481,10.83368950152776,2.7300152121759673,3.6319622154718263,26.889656616415408,27.459587513935343,0.0011195900539557127,-1.7979893522957962,0.001,2.5,48
413,98.24380493310495,110.93054562268848,0.09690315119126724,0.09669273542459877,155.70711171207714,155.08634021077532,2.7357971036129665,3.280550420599903,11.390847642226369,12.294102109179581,2.7357971036129665,3.280550420599903,26.743090452261303,28.60925306577481,-0.0028721814354260695,-0.974136887739102,0.001,2.5,48
414,98.32642385614844,114.78803559450002,0.09839311234209362,0.09900721324385192,156.76733446527234,156.74474729635776,2.7347411012837566,3.816976487553505,11.410029402896056,11.455527292113905,2.7347411012837566,3.816976487553505,26.668062534896706,27.69648829431438,-0.0012284480035304887,-3.1192569012443223,0.001,2.5,48
415,98.39058145246713,123.78268391897315,0.09920175963168613,0.09801616133186315,156.9924238194706,156.29299433813446,2.726832630679569,4.207315694553198,11.44637952489952,12.0837280166189,2.726832630679569,4.207315694553198,26.575586264656618,28.23996655518395,0.004957058777411789,-4.407900732010603,0.001,2.5,48
416,98.4639077274444,97.87047675833388,0.09803043217372089,0.10100132418606055,156.95763628074138,158.2358211183229,2.7209732595941394,2.870639843851693,11.478864167694736,10.910328352630737,2.7209732595941394,2.870639843851693,26.470896147403682,28.330546265328877,0.0032435692846775124,-0.036973107606172555,0.001,2.5,48
417,98.55119120908277,108.33767579577307,0.09856990366945444,0.09680095706541403,158.47398290116317,157.33081364950607,2.7256184708782576,3.5819570312531894,11.481974077750557,10.870837724552706,2.7256184708782576,3.5819570312531894,26.40284757118928,27.062430323299893,0.0008172852297624031,-2.311206261316935,0.001,2.5,48
418,98.33914161873291,118.66154910914742,0.09621876459600805,0.09364885979125753,158.23474621393373,157.52309990753164,2.7137499164346877,3.8747136396259365,11.47568787401412,12.057934826300162,2.7137499164346877,3.8747136396259365,26.376675041876045,27.612876254180605,0.010916338612635927,-2.963192948450645,0.001,2.5,48
419,98.82310074950516,97.99948424293576,0.09524564762119676,0.09708160348503662,158.64148533264395,158.94301535493153,2.730916177748902,2.899242342797543,11.521094159240299,10.850964819632445,2.730916177748902,2.899242342797543,26.380164712451144,27.55713489409142,-0.0022356485327084765,-0.05084065596262612,0.001,2.5,48
420,98.99622332790189,107.24671644537212,0.09751760058332874,0.0975372264349547,159.38937229799998,159.23863162736563,2.7313685181843446,3.35168830448203,11.55375770276848,11.342923207061082,2.7313685181843446,3.35168830448203,26.19172250139587,27.564102564102566,8.931010961533605e-05,-1.153765246272087,0.001,2.5,48
421,98.68030700518524,100.81685735815212,0.09560929486417345,0.0957855233573422,159.0779967913742,158.63013143124786,2.716235142793987,2.9273830043814386,11.536418548089907,11.330339305011458,2.716235142793987,2.9273830043814386,26.256281407035175,27.68255295429209,0.011728558689355859,-0.08487518131732939,0.001,2.5,48
422,98.92320508333906,109.69429194249437,0.09450066670688372,0.09349686701333487,159.2577758240074,159.34850324569072,2.7116391353604516,3.2300006290658927,11.598971890374012,12.198287518626472,2.7116391353604516,3.2300006290658927,26.224874371859297,27.313266443701227,0.009721887608369199,-0.5149553169806799,0.001,2.5,48
423,98.98375581137499,111.7636775797692,0.09348703262072428,0.09282454919011818,160.73037028738668,160.85208893965185,2.7233214309591944,3.777942826126265,11.575943409489694,10.968171661298145,2.7233214309591944,3.777942826126265,26.039921831379118,26.344760312151617,-0.0007872854669888699,-2.4427803580959635,0.001,2.5,48
424,98.74726426741186,109.68792031733621,0.09277102384790753,0.09314053463600432,161.3704098721312,161.2408003985151,2.7056704152485698,3.646652373930682,11.581613268751063,10.946750739271623,2.7056704152485698,3.646652373930682,25.933486878838636,27.67558528428094,0.015437277654806784,-2.6800082872311273,0.001,2.5,48
425,98.77301956620848,98.56922714579996,0.09160560170181654,0.09233692928275239,161.61517354298545,161.6102629110566,2.7132327826345253,2.8111815622103387,11.564261438105605,11.229511194520837,2.7132327826345253,2.8111815622103387,26.045156337241764,27.982162764771463,0.010042037814855584,0.007384169846773145,0.001,2.5,48
426,98.97525029951869,109.54230693564102,0.09156612591202758,0.09026318693321024,161.92433216397419,161.802577659305,2.706604412003378,3.3457046392204504,11.624538772502868,11.820934465995999,2.706604412003378,3.3457046392204504,25.9108040201005,27.34113712374582,0.013408191502094277,-1.0724088475108147,0.001,2.5,48
427,99.07603758823133,97.16921807664427,0.0914563480925865,0.09164840961265275,162.76775436585072,163.29157801097054,2.7123216465073945,2.835217197785941,11.627397769784409,10.877204117326764,2.7123216465073945,2.835217197785941,25.902079843662758,28.010033444816056,0.014784067869186408,-0.010315683980782813,0.001,2.5,48
428,99.32564131032815,101.212574252051,0.0902469668471127,0.0881493398972807,163.31881049955976,163.1166697367112,2.7111746493055127,3.048993560200019,11.680891154058349,11.045280953198505,2.7111746493055127,3.048993560200019,25.893355667225013,26.53288740245262,0.0098648692170779,-0.23525745794177055,0.001,2.5,48
429,98.84827105230887,118.26729486086963,0.08867802653495567,0.08918364389852441,163.94224850975687,164.84814913110722,2.688298447235445,3.5100931087913723,11.654234841449309,13.072373207928479,2.688298447235445,3.5100931087913723,25.839265773311,27.306298773690077,0.02266931782166164,-1.319380708038807,0.001,2.5,48
430,99.02092960012618,99.00000584165389,0.08836985485326014,0.08794218274998272,164.96109092235565,163.5092000892197,2.7031002235206265,2.8003361456453337,11.644219058455036,11.348702442004795,2.7031002235206265,2.8003361456453337,25.816582914572862,27.95429208472687,0.012217093259096144,0.02416997030377389,0.001,2.5,48
431,99.08838394778458,101.21398573921145,0.08766975085832035,0.08726189063037763,164.25864670158163,163.31071365995948,2.700734459192376,3.0195558511111114,11.66508779098607,11.134014957359136,2.700734459192376,3.0195558511111114,25.75900335008375,27.278428093645488,0.015412242462237684,-0.25535403440395993,0.001,2.5,48
432,99.31950130840708,99.65755302929959,0.08602740033687271,0.08487245831193398,163.60836998195637,163.32597202002802,2.707458711182985,2.8183261613084323,11.691596978390303,11.42689240611716,2.707458711182985,2.8183261613084323,25.84101060859855,27.905518394648833,0.010292372355858491,0.014227580279111862,0.001,2.5,48
433,99.20974889366005,105.14490175114294,0.08477435415830296,0.08491322473041796,163.77302628778867,164.81178862115613,2.703290009497764,3.2757817681384593,11.682370333956781,11.151690157410691,2.703290009497764,3.2757817681384593,25.783431044109435,26.853400222965444,0.012250705311695746,-0.9759954897065958,0.001,2.5,48
434,99.18081555640744,103.62248330557492,0.08489606397441725,0.08359778395573185,165.03389205738262,164.88632293422617,2.6930763914241,3.079903175242436,11.706947989050468,11.43509028828729,2.6930763914241,3.079903175242436,25.71538246789503,27.11817168338908,0.0220872536301613,-0.31076066195964813,0.001,2.5,48
435,98.95160213533825,108.62376629814521,0.08401242370373428,0.08404000222593416,166.38715190424193,167.46410175736,2.6866527062090397,3.500697269371255,11.680282390276558,11.172360610262539,2.6866527062090397,3.500697269371255,25.861948632049135,26.53985507246377,0.023886217425266917,-1.5276810166736443,0.001,2.5,48
436,99.17785909320975,98.99547499345165,0.08362744766288792,0.08299309661821908,167.29495144316365,167.12230177813416,2.686390130276756,2.8046780851905293,11.726216919703532,11.335037613775553,2.686390130276756,2.8046780851905293,25.59324399776661,28.14938684503902,0.0260510469476382,0.017217303315798443,0.001,2.5,48
437,99.10458049515915,98.75739285725281,0.08267881196822971,0.08192599497927987,167.6593874595739,168.26882447739243,2.6829804931977885,2.7921046300842076,11.721907012106351,11.325125771953642,2.6829804931977885,2.7921046300842076,25.820072585147958,27.612876254180605,0.024526160210371028,0.014003753662109377,0.001,2.5,48
438,99.19119434234217,97.9389655672454,0.0817498215856699,0.08113500572941405,168.8695931632315,168.7853232486591,2.680732421710097,2.8036096505197796,11.745917743590875,11.126980116136098,2.680732421710097,2.8036096505197796,25.600223338916805,28.072742474916392,0.028870180249214183,0.003971647471189507,0.001,2.5,48
439,99.35354274681066,103.04040151721524,0.08098251331413207,0.08043782026176277,168.78628277312706,168.10846748360026,2.6862767869903017,3.094913905712806,11.761924433993569,11.273629235151487,2.6862767869903017,3.094913905712806,25.511236739251814,26.240245261984395,0.022683426737785343,-0.3242270623644193,0.001,2.5,48
440,99.2217539919614,104.87407321781086,0.08068795345705072,0.0802114430628609,168.64869099206462,168.29146594839085,2.6714519578641114,3.2794910359010516,11.78012760833014,11.086640947065426,2.6714519578641114,3.2794910359010516,25.650823562255724,26.867335562987737,0.03264736135800679,-1.0626814837257068,0.001,2.5,48
441,99.2181419378416,102.08499419170876,0.08007980901129244,0.0803804262720627,168.71499081738895,168.68361063878007,2.67973274572028,2.865183424507761,11.754671226315395,11.771635817785393,2.67973274572028,2.865183424507761,25.458891680625346,28.219063545150505,0.028487956772247965,-0.02303285400072734,0.001,2.5,48
442,99.30251902085585,97.37510784467061,0.07926660335558937,0.07921316707579322,169.34638418777237,169.59632983959904,2.6826617697026065,2.791660341796535,11.76279591037234,11.050278664831334,2.6826617697026065,2.791660341796535,25.614182021217193,27.605908584169455,0.028154570609331134,0.02436184138059616,0.001,2.5,48
443,99.22079837475324,107.60625621334232,0.07899571355776769,0.07794843906635009,169.48108674080794,168.82137912797558,2.684793869304897,3.3354856777882227,11.74008268659538,11.465440192358484,2.684793869304897,3.3354856777882227,25.537409268565046,27.173913043478265,0.019893497228622443,-1.0687803737819195,0.001,2.5,48
444,99.24890552932892,111.72902211111658,0.0778831594060168,0.0783701601041464,169.53430182843286,169.20834158588545,2.678275298828489,3.6575246879388654,11.765471668182839,11.323714679134065,2.678275298828489,3.6575246879388654,25.486809045226128,26.414437012263104,0.0305891347428163,-2.071052177498738,0.001,2.5,48
445,99.29955748510655,98.91901169280412,0.07838110255512191,0.07703903506918922,170.0684722078905,169.91132485467853,2.6754410629421224,2.808174181509443,11.78389836464229,11.309889570925149,2.6754410629421224,2.808174181509443,25.479829704075936,27.66861761426979,0.03048092126846313,0.010282893975575769,0.001,2.5,48
446,99.22288510294881,103.69125288306272,0.07728838554945029,0.07728942886500154,170.47515187531062,170.7116770967592,2.663927822955689,3.0863775490485175,11.80324081545316,11.42951766590078,2.663927822955689,3.0863775490485175,25.46412618648799,26.268115942028988,0.03492870926856995,-0.4366866188744704,0.001,2.5,48
447,99.2264813559472,107.18703114574437,0.0767196704248912,0.07651082869894454,171.06874753695368,170.9316567540036,2.668809571902989,3.414932933140758,11.789309869900487,11.143118871361382,2.668809571902989,3.414932933140758,25.509491903964264,26.832497212931997,0.035194812963406256,-1.6891277221341927,0.001,2.5,48
448,99.37007491805578,101.92022433381948,0.07652244588505379,0.0751643825784212,171.41889192304552,171.12969339452061,2.6636170624380404,3.0595056633719366,11.833575540048026,11.156268994329102,2.6636170624380404,3.0595056633719366,25.354201563372417,26.853400222965444,0.03823375329375268,-0.377051038046678,0.001,2.5,48
449,99.5048221841596,100.93327458699544,0.07525594532630205,0.07549095479209297,171.6019729494982,171.40585662848176,2.666508890126818,3.004927217893909,11.852066159664354,11.122493841277317,2.666508890126818,3.004927217893909,25.301856504745952,27.166945373467115,0.0343206028143565,-0.25922413667043054,0.001,2.5,48
450,99.35630095570797,100.44408988234989,0.07487325883522351,0.074179226598344,171.70342573741505,171.67715369007126,2.6629836965395977,2.987413585609616,11.832993695833776,11.077405947955157,2.6629836965395977,2.987413585609616,25.31407035175879,26.70707915273133,0.03576572984457017,-0.1581881195306778,0.001,2.5,48
451,99.50596653410072,98.5275536067244,0.07432758654885392,0.07425561270392265,172.25418236553836,172.00334110055348,2.668214615066247,2.7813912311126554,11.847233126910288,11.312085161490186,2.668214615066247,2.7813912311126554,25.310580681183694,27.731326644370125,0.03657115375002226,0.024899328748385127,0.001,2.5,48
452,99.31524469398506,101.06817208298605,0.0739066601549248,0.07352736722959459,172.04569541343028,172.02316061243698,2.6588618610405774,3.0193394477351454,11.837272969189469,11.106505975633894,2.6588618610405774,3.0193394477351454,25.34547738693467,26.01727982162765,0.04058921585480373,-0.2344384168585141,0.001,2.5,48
453,99.28145608537227,103.44976693305416,0.07365495130223425,0.07326283764467477,172.47954820741293,171.84430022901518,2.659481830853347,3.1061240555251324,11.828618808416001,11.322559787311414,2.659481830853347,3.1061240555251324,25.312325516471244,26.964882943143817,0.040749687701463706,-0.44259339074293774,0.001,2.5,48
454,99.2282800253778,98.63039993974012,0.07313131292167706,0.07306298800661958,172.3584665772903,172.59418868447096,2.654233921587567,2.8379763535399367,11.833856253784374,11.163019480779683,2.654233921587567,2.8379763535399367,25.310580681183694,26.114827201783726,0.04397725810607275,0.002295929938554767,0.001,2.5,48
455,99.4107037615603,98.14069992961691,0.07322022323384154,0.07234993499041963,173.13655680601053,172.58955269194766,2.6549430823838622,2.8399120584263184,11.86804013984254,11.05941593892864,2.6549430823838622,2.8399120584263184,25.25300111669458,27.473522853957636,0.0443614348769188,-0.012766336401303598,0.001,2.5,48
456,99.28684960058587,97.83764222898877,0.07252308230930614,0.07254197260534732,173.1207604773014,172.85502627781003,2.6522741521464788,2.788312366442005,11.85141870067863,11.153512026479213,2.6522741521464788,2.788312366442005,25.158780011166943,27.327201783723524,0.04403734207153321,0.024832197775443394,0.001,2.5,48
457,99.46285384677095,98.4780362912245,0.07230665950862585,0.07202661733168478,173.42010515898315,173.65385079609777,2.6609426602920894,2.832632905513945,11.860597437209153,11.148572385169922,2.6609426602920894,2.832632905513945,25.155290340591847,26.916109253065773,0.04072974001367888,0.003133567670981096,0.001,2.5,48
458,99.62737112082561,98.12325721653542,0.07187659349836742,0.07148139397333814,174.013456909767,173.39697104513047,2.6629832091609704,2.785444116545893,11.887346568023906,11.219343395801957,2.6629832091609704,2.785444116545893,25.188442211055275,27.38991081382386,0.04287439957261086,0.028480203201373424,0.001,2.5,48
459,99.32716789210996,102.69919464181498,0.07158719666845792,0.07119990829849131,173.91325482810961,173.93731120637426,2.6568013951140768,3.0431455602514306,11.84592926281747,11.361374819674088,2.6568013951140768,3.0431455602514306,25.218104410943607,26.73494983277592,0.043928723782300956,-0.3174796712895234,0.001,2.5,48
460,99.43959169438403,97.80923261371345,0.0713121789790151,0.0711838429810893,174.49722807424686,174.12665727093335,2.6542519376572122,2.7837412002825555,11.876000661492382,11.161560774223261,2.6542519376572122,2.7837412002825555,25.087241764377442,27.396878483835007,0.04368659357229868,0.01982579504450163,0.001,2.5,48
461,99.44925968557813,97.70560066729219,0.07107162050888621,0.07040319622956308,174.3919602840856,174.26549704311415,2.6528513042255195,2.794757022722775,11.882205232112584,11.10791524635875,2.6528513042255195,2.794757022722775,25.186697375767725,27.473522853957636,0.04399142414331436,0.02456217631697655,0.001,2.5,48
462,99.41427763249872,98.61806402796486,0.0703676331292229,0.06998099741184695,174.74313539303193,174.26751728666534,2.6452328762333863,2.8557275183241373,11.898134721774817,11.107580465342489,2.6452328762333863,2.8557275183241373,25.1500558347292,26.77675585284281,0.05137151852250101,-0.020194403827190392,0.001,2.5,48
463,99.3593084339587,98.71422148548241,0.07050044611884122,0.07058463627607985,174.88999041513912,174.82890838364696,2.650957642513104,2.7964919142366917,11.869910643582136,11.304285780509048,2.650957642513104,2.7964919142366917,25.139586823003906,27.487458193979936,0.0514729954302311,0.017052881419658668,0.001,2.5,48
464,99.84261073778623,98.47201404869224,0.07060538992770259,0.07014480878286446,175.2130854666266,174.97707609521638,2.6655254658667284,2.8120035817524793,11.922782050979196,11.209367691839285,2.6655254658667284,2.8120035817524793,25.113414293690678,27.52229654403568,0.03848753993709882,0.005228610088427861,0.001,2.5,48
465,99.53284300378687,97.92453479687107,0.07026216556319544,0.06997060055926224,175.66190425135582,175.49847854021002,2.6541762713744346,2.779712143118432,11.89485500388509,11.19667675331185,2.6541762713744346,2.779712143118432,25.101200446677833,27.543199554069123,0.04024047031998636,0.027262871464093532,0.001,2.5,48
466,99.36231287892872,97.85292833438818,0.06989421170189909,0.06947244014516084,175.73597856935078,175.4621280629765,2.6462103005962487,2.7994645856561733,11.884705650783964,11.123204973928106,2.6462103005962487,2.7994645856561733,25.076772752652147,27.334169453734674,0.04797055448095005,0.017344726870457332,0.001,2.5,48
467,99.55636912534385,97.79353714653746,0.06966396439318802,0.06930335574264836,175.87713596203153,175.63059046821317,2.6477992959665824,2.7780714083043496,11.918767738956303,11.175506485486975,2.6477992959665824,2.7780714083043496,25.094221105527637,27.452619843924193,0.04451503356297812,0.0232363094886144,0.001,2.5,48
468,99.34578226505879,98.29529596464823,0.06948795802926024,0.0693999878337948,176.07114720304608,175.78609212585118,2.63701616300011,2.8087167934065014,11.90899609737743,11.18387163379785,2.63701616300011,2.8087167934065014,24.996510329424904,26.8185618729097,0.05312210073073706,0.010610216607650122,0.001,2.5,48
469,99.49020175718182,98.12763100350845,0.06945227413088002,0.06905429720087476,176.12464111361137,175.89493741080116,2.642383521608904,2.7971509922474387,11.921774371871896,11.18508325719016,2.642383521608904,2.7971509922474387,25.129117811278615,27.487458193979936,0.04883196825782459,0.008273576696713773,0.001,2.5,48
470,99.4931368508331,98.07858515955267,0.06908925407697217,0.06870915392080716,176.20046399832438,175.84616929153137,2.6405072250491344,2.7947691282799414,11.928047780810722,11.182498517517859,2.6405072250491344,2.7947691282799414,25.10294528196538,27.334169453734674,0.05179202308257422,0.024315636605024348,0.001,2.5,48
471,99.3434130253571,98.6807853628029,0.068983659659593,0.06884513311918036,176.3975275667069,176.34437565341045,2.6340227777950598,2.815340910302091,11.917538063010978,11.241096404301151,2.6340227777950598,2.815340910302091,25.075027917364597,26.560758082497216,0.05798265462120375,0.008658746878306077,0.001,2.5,48
472,99.42922923459746,98.75909967752072,0.06892802279218312,0.06853047773443645,176.7165937453658,176.3142019114234,2.639782361432469,2.860843525914976,11.917369804540073,11.120320297711203,2.639782361432469,2.860843525914976,25.080262423227243,26.74888517279822,0.05146036793788276,-0.02399228885769843,0.001,2.5,48
473,99.24590072213839,98.10575148280515,0.06866050018708689,0.06840712203343152,176.74717267374297,176.41793707129418,2.638509602365482,2.806248842257853,11.884569780631713,11.153438788708902,2.638509602365482,2.806248842257853,25.04362088218872,27.375975473801564,0.05192671964565914,0.01477126777172088,0.001,2.5,48
474,99.44087018439518,97.86009112834398,0.0685201691641908,0.06829423136408905,176.68462753216025,176.40140856574877,2.6448156636214537,2.779700119509346,11.904686041937602,11.183978718500938,2.6448156636214537,2.779700119509346,25.054089893914014,27.459587513935343,0.05061272407571476,0.024908885359764103,0.001,2.5,48
475,99.52554316989274,97.69401951272086,0.06847772870982795,0.06826812436222868,176.97746944154594,176.8292707832096,2.6490983371126258,2.779881187555782,11.908722590162126,11.15014087163751,2.6490983371126258,2.779881187555782,25.07328308207705,27.320234113712377,0.042239452401796974,0.025408974538246795,0.001,2.5,48
476,99.23969938034854,98.45049919571765,0.06843730352876627,0.06827719802397368,177.1319440044151,176.90860284424681,2.6349449757630103,2.8328315220615408,11.89399110703895,11.142568086559491,2.6349449757630103,2.8328315220615408,25.082007258514796,27.334169453734674,0.05720621099074682,-0.01198705906669298,0.001,2.5,48
477,99.3612565649481,97.86589638551608,0.06841182902620833,0.0680757017484938,177.30243878940973,177.08188428939914,2.632736137114977,2.780015808383757,11.924900014517128,11.184100325091627,2.632736137114977,2.780015808383757,25.026172529313232,27.22965440356745,0.056813396513462074,0.03046916549404462,0.001,2.5,48
478,99.52060208701342,98.19000392560842,0.06833653379037193,0.06819241071704776,177.68607883237715,177.5095825764115,2.6333304492788963,2.803834389999027,11.95492453314884,11.1773571438398,2.6333304492788963,2.803834389999027,24.986041317699605,26.651337792642142,0.0531329040726026,0.01533937454223634,0.001,2.5,48
479,99.33374791688455,98.13173151919939,0.06828951590570573,0.06779082575253505,177.78441441924394,177.24858593767968,2.633168483507627,2.8140064379742316,11.918029299678748,11.135319074759117,2.633168483507627,2.8140064379742316,25.066303740926855,27.306298773690077,0.05255477751294773,0.003970437993605936,0.001,2.5,48
480,99.38427669758373,98.05494020907508,0.06785387636288884,0.06767254441987913,177.63779975388184,177.46223493430395,2.639333980042531,2.776040279197453,11.909755050678415,11.233840230565804,2.639333980042531,2.776040279197453,25.017448352875487,27.285395763656638,0.050861082971096046,0.03314101820190748,0.001,2.5,48
481,99.4589214801522,98.10230193754768,0.06785319713457012,0.06762286571938884,177.931685536351,177.65510142062155,2.631448770537848,2.8076600413624124,11.948281074563662,11.148424497781656,2.631448770537848,2.8076600413624124,24.965103294249023,27.313266443701227,0.054868145535389594,0.01096531252066295,0.001,2.5,48
482,99.5188865497883,98.22841014909903,0.06783047205160804,0.06764724518057484,178.056854623646,177.77197564339292,2.639832900950424,2.812133257321955,11.935101186331424,11.16019843674058,2.639832900950424,2.812133257321955,25.005234505862646,27.438684503901897,0.05327043061455092,0.00616528714696567,0.001,2.5,48
483,99.46930528592291,97.71458005453299,0.06782442032867556,0.06747596291516748,178.2809339810323,178.0244151056145,2.6373703248095803,2.776626497307749,11.932529050650908,11.163936480298355,2.6373703248095803,2.776626497307749,25.01046901172529,27.334169453734674,0.05415021255612374,0.030246329804261524,0.001,2.5,48
484,99.2841133822415,97.7111692952206,0.06760338006984849,0.06733486790086853,178.26573584660147,177.80348278088715,2.628422370025527,2.775316496308033,11.922381709268942,11.167256737823536,2.628422370025527,2.775316496308033,25.01221384701284,27.25055741360089,0.05635415886839231,0.027316098411877956,0.001,2.5,48
485,99.34484049423257,97.79801570877449,0.06747014917798803,0.06723897715960324,178.2315610552686,178.0506340326407,2.625141836519783,2.7806193682395226,11.944402236243922,11.168687105660588,2.625141836519783,2.7806193682395226,25.003489670575096,27.43171683389075,0.06103135272860529,0.02866685887177786,0.001,2.5,48
486,99.46357854766462,97.96044468348107,0.06740314064768614,0.06718951723512712,178.4145768150013,178.02063952640546,2.6301099471227873,2.801647509619544,11.953222319259117,11.138104409062477,2.6301099471227873,2.801647509619544,24.99127582356226,27.35507246376812,0.055359972019990294,0.016086523731549587,0.001,2.5,48
487,99.286540860773,97.90171378618366,0.0674035072120601,0.06721062444825113,178.50006268272048,178.33325273177297,2.6353535092264697,2.782612104978051,11.902066980457919,11.183397679167115,2.6353535092264697,2.782612104978051,25.054089893914014,27.292363433667784,0.053539232661326736,0.020868752151727687,0.001,2.5,48
488,99.3654499289578,97.89583327246616,0.06738378142213396,0.06710427953828897,178.68174253616303,178.32082468636725,2.6327801971113396,2.7898073042083613,11.925536308206704,11.160659652207473,2.6327801971113396,2.7898073042083613,25.017448352875487,27.327201783723524,0.05386565998196602,0.027823620786269505,0.001,2.5,48
489,99.41038075124398,98.08091049715296,0.06733204682241765,0.06719046717102596,178.67144578332545,178.4208246751241,2.6388561641376223,2.801580424907481,11.916306909017727,11.162318474879966,2.6388561641376223,2.801580424907481,24.993020658849805,27.313266443701227,0.052530784159898765,0.013472389429807668,0.001,2.5,48
490,99.44246055293122,98.18995163911161,0.0673917381085676,0.06714925790780289,178.79848689003938,178.43440090028471,2.632848834551326,2.8109977324238855,11.940707519563098,11.15588032841317,2.632848834551326,2.8109977324238855,25.00872417643774,27.445652173913047,0.05455697203675907,0.00868383049964905,0.001,2.5,48
491,99.40794933061903,97.77762838085094,0.0673246958234377,0.06706148921529652,178.8655745618374,178.61205957844902,2.626643776619055,2.7756661058402514,11.952420550079767,11.179392702644952,2.626643776619055,2.7756661058402514,25.015703517587937,27.473522853957636,0.059809685995181404,0.03040991723537445,0.001,2.5,48
492,99.3882314648993,98.08703635368857,0.06722106491950426,0.0669306900017635,178.94738088886808,178.56051355474105,2.628434946468295,2.800352475714923,11.943107772695493,11.16725153873032,2.628434946468295,2.800352475714923,25.006979341150195,27.292363433667784,0.059957725306351996,0.018074583262205127,0.001,2.5,48
493,99.44421361079766,97.73958905537923,0.0671124305789841,0.06690902871086128,178.91901070961134,178.64572199597671,2.6346985660514175,2.7761595912501966,11.935540719206342,11.170327976877607,2.6346985660514175,2.7761595912501966,24.996510329424904,27.292363433667784,0.05756367122133574,0.028039717425902694,0.001,2.5,48
494,99.42254907921131,97.69117006383745,0.06717218362205557,0.06693074817325285,179.06340828373206,178.74834812577885,2.6326784444489273,2.775138378492167,11.937227373679612,11.163683007551208,2.6326784444489273,2.775138378492167,24.968592964824122,27.320234113712377,0.05564034481843313,0.028672191003958392,0.001,2.5,48
495,99.32537339373982,97.90074849580576,0.06709600702023168,0.0668397092600614,179.15224025164284,178.87368292167966,2.6278421657543682,2.785672806776487,11.932298501432442,11.17398862085547,2.6278421657543682,2.785672806776487,25.022682858738136,27.320234113712377,0.05821750685572625,0.020181822280089055,0.001,2.5,48
496,99.50342177998614,97.7225578381465,0.06701482330577666,0.06676210256463039,179.21445554771083,178.81775465511294,2.632551848846797,2.780221648522577,11.95378304618587,11.154730536857642,2.632551848846797,2.780221648522577,24.98080681183696,27.26449275362319,0.0550695409377416,0.027729806800683345,0.001,2.5,48
497,99.36698560885115,97.75117918427041,0.06693304869051366,0.06667116219820711,179.17516591228102,178.82606641797054,2.634307153152727,2.776995764146149,11.921253967067171,11.170149121562241,2.634307153152727,2.776995764146149,25.040131211613623,27.285395763656634,0.05369393900036812,0.02540423845251402,0.001,2.5,48
498,99.54423216266514,97.83814503277425,0.06687872406141125,0.06666505197200227,179.19492652308404,178.86626685622545,2.6295150759032424,2.7830517335048355,11.971086522779572,11.169367549619082,2.6295150759032424,2.7830517335048355,24.973827470686768,27.25752508361204,0.059617922951777785,0.026644020030895874,0.001,2.5,48
499,99.26842286039637,97.89810322200175,0.06688706567383744,0.06668434546252151,179.25277630621198,178.90642859106478,2.6264820784197247,2.7795239231791116,11.925010363319146,11.191930777784707,2.6264820784197247,2.7795239231791116,25.015703517587937,27.292363433667784,0.05896670122941336,0.02984119951725006,0.001,2.5,48
500,99.44149482962409,98.06696446550598,0.0669040746187314,0.06664875419838924,179.2974771588026,178.99754987924527,2.6329679797101395,2.804505454407488,11.940154700027804,11.150747199479488,2.6329679797101395,2.804505454407488,24.963358458961476,27.278428093645488,0.05731261894106865,0.014390282332897191,0.001,2.5,48
501,99.63961457021405,97.89376871296129,0.06683216207981117,0.06658725468887022,179.38771027755897,179.041083771914,2.6387197236977165,2.790688960598065,11.96251969338129,11.157561157251747,2.6387197236977165,2.790688960598065,25.003489670575096,27.25055741360089,0.05330859248836836,0.023928617437680568,0.001,2.5,48
502,99.40910662971083,98.35610856260344,0.06682207499470913,0.0666087210950697,179.40633412128986,179.08726915733737,2.621851958371886,2.822477933621593,11.967019788093038,11.15464862045669,2.621851958371886,2.822477933621593,24.973827470686768,27.313266443701227,0.06126231948534649,-0.0030127515395482357,0.001,2.5,48
503,99.22395474254454,97.87804853371289,0.06678662395479433,0.06652282692309334,179.45542067805195,179.09100695118855,2.625286839257599,2.7898320852215073,11.919681985652993,11.156990577378535,2.625286839257599,2.7898320852215073,24.996510329424904,27.320234113712377,0.059586652865012496,0.024466204146544143,0.001,2.5,48
504,99.26567827650183,97.9276959585107,0.06672186075820022,0.06651172034368906,179.43508071316344,179.1076691177245,2.626960946458102,2.79205678032925,11.923021421793251,11.160244937292575,2.626960946458102,2.79205678032925,24.972082635399218,27.34113712374582,0.05882566918929419,0.02146905908981959,0.001,2.5,48
505,99.53196583387906,97.71961974380008,0.06671223755293171,0.06648770281790321,179.4909542155359,179.1259408450313,2.6372778840874704,2.775911313601029,11.945318890522307,11.167067342395235,2.6372778840874704,2.775911313601029,24.968592964824122,27.292363433667784,0.052928940703471504,0.029453719655672714,0.001,2.5,48
506,99.53076419172707,97.75622891555794,0.06666645134933132,0.06645899330807985,179.461890805573,179.12604919883321,2.635609392511452,2.7781536169308616,11.950098961812202,11.167667852172684,2.635609392511452,2.7781536169308616,24.98255164712451,27.320234113712377,0.05568489308158558,0.02595784763495129,0.001,2.5,48
507,99.29103495168128,97.73596456989132,0.06665445968105312,0.06641985548736326,179.50839712678354,179.19329956210444,2.6262265887342306,2.7800488670667014,11.930294713449506,11.157923523972066,2.6262265887342306,2.7800488670667014,24.979061976549414,27.285395763656634,0.058322271953026465,0.02266818657517433,0.001,2.5,48
508,99.38358995436556,97.81652375102176,0.06662455120017267,0.06640962467891394,179.55910611172615,179.2177348498384,2.629443185413303,2.7830031577460344,11.939151684438997,11.165169786940117,2.629443185413303,2.7830031577460344,24.963358458961476,27.292363433667784,0.05585597331325214,0.019368320703506473,0.001,2.5,48
509,99.47435353881883,97.78469858174871,0.06662391329264226,0.06642397316837699,179.59897690981475,179.29405693106824,2.6269620439856163,2.7791827867262335,11.964740004063918,11.170247887870673,2.6269620439856163,2.7791827867262335,24.933696259073145,27.299331103678934,0.05931350340445837,0.02849469458063444,0.001,2.5,48
510,99.31196150894208,98.02981361816559,0.06662660707338955,0.06642208367426829,179.67646986768605,179.3589752742412,2.633179951307329,2.7961329200627945,11.913591832846054,11.168407705806636,2.633179951307329,2.7961329200627945,24.935441094360694,27.313266443701227,0.055888799329598754,0.019315638889869056,0.001,2.5,48
511,99.42530239580198,97.79920238821269,0.06664934403399582,0.06645244880216221,179.73068123233847,179.40007343858383,2.628355821214995,2.783331001067374,11.950716992356568,11.160676906547751,2.628355821214995,2.783331001067374,24.994765494137354,27.26449275362319,0.05791353558500609,0.025067263593276348,0.001,2.5,48
512,99.32978608340674,97.98748890904413,0.06667730072248977,0.06643467693149073,179.7662077973769,179.42671652196375,2.6293864976604313,2.7968600014911975,11.928509008395212,11.157745418449244,2.6293864976604313,2.7968600014911975,24.965103294249023,27.278428093645488,0.05678896481792133,0.01861126596728961,0.001,2.5,48
513,99.23793200725021,98.1786441181017,0.06665360155635973,0.06646509411747802,179.7975842025545,179.4787787989762,2.630220857077075,2.80815962332414,11.9076335991414,11.16206105364904,2.630220857077075,2.80815962332414,24.95114461194863,27.299331103678934,0.05651966109871865,0.010200507938861856,0.001,2.5,48
514,99.49360518346346,98.31220048353691,0.06666440177352763,0.06643830969616667,179.85993497914805,179.51263061906715,2.6315643321254742,2.8180256046379686,11.954723193912884,11.159173211807525,2.6315643321254742,2.8180256046379686,24.965103294249023,27.306298773690077,0.05587333937486014,0.0025567586223284454,0.001,2.5,48
515,99.21203525142255,98.10200465350114,0.06664230784571942,0.06644647517898879,179.8612041757601,179.49370869744982,2.628330854519095,2.7994785470973156,11.908113861773714,11.172777300004908,2.628330854519095,2.7994785470973156,24.968592964824122,27.327201783723524,0.05843403687079748,0.017316064486900967,0.001,2.5,48
516,99.2902170658644,98.25401210386218,0.06664038555675637,0.06641872087600274,179.86711463124175,179.54934078541353,2.620930656004491,2.811764274851534,11.945950001973237,11.166315928018479,2.620930656004491,2.811764274851534,24.993020658849805,27.327201783723524,0.06305386995275816,0.007247867683569584,0.001,2.5,48
517,99.24645416287989,98.14017526946606,0.06662592663175076,0.06642326056039131,179.9219849792557,179.58636566694233,2.6196064268956962,2.803594684255296,11.941161933356595,11.168048988259423,2.6196064268956962,2.803594684255296,24.97033780011167,27.271460423634338,0.06501655404766402,0.014744761089483903,0.001,2.5,48
518,99.35512384218187,98.19902273856411,0.06661619299353408,0.06639972622341452,179.95323128556484,179.6120145808627,2.6289316562135947,2.8085379201499383,11.934915945408134,11.164988347643792,2.6289316562135947,2.8085379201499383,24.963358458961476,27.25055741360089,0.059588993589083365,0.011072033395369852,0.001,2.5,48
519,99.23620253951105,97.72445179281159,0.06661429158601433,0.06637779421558784,179.9654185613529,179.6016714307111,2.622398795348882,2.780082045540363,11.930728201765312,11.155448314404673,2.622398795348882,2.780082045540363,24.94939977666108,27.26449275362319,0.06053780391812325,0.02850607037544252,0.001,2.5,48
520,99.22336318092198,97.76499791740707,0.06658916745065112,0.06635904375041933,179.94701228183052,179.58569437537835,2.6212196295726304,2.7801482679120935,11.931706495225297,11.163365740424547,2.6212196295726304,2.7801482679120935,24.942420435510886,27.26449275362319,0.06382587303717932,0.02625111987193426,0.001,2.5,48
521,99.42149055183832,97.76458156068986,0.06656803795033248,0.06633645824723251,179.9359509675347,179.59134761771497,2.63059466631718,2.781223317834579,11.943213321339279,11.160060861695106,2.63059466631718,2.781223317834579,24.947654941373532,27.236622073578598,0.05856520310044289,0.026234014580647166,0.001,2.5,48
522,99.35283136607416,97.84756700995241,0.06655916407618373,0.06635905455198333,179.95768708553078,179.61211247401627,2.626771656379295,2.788215866405828,11.940947922559205,11.155671602150337,2.626771656379295,2.788215866405828,24.961613623673923,27.292363433667784,0.058517945309480034,0.024200331419706348,0.001,2.5,48
523,99.28955937976082,97.99211820072952,0.06655175179772442,0.06633983877084494,179.96309427526796,179.613045410169,2.629503647423969,2.8027096909856053,11.920098003189302,11.141103963015668,2.629503647423969,2.8027096909856053,24.98255164712451,27.327201783723524,0.056992615262667336,0.01422069718440374,0.001,2.5,48
524,99.24937204326882,97.7802954708852,0.06654090549717048,0.06631264868734274,179.98006006953838,179.63939144539594,2.619570452043925,2.7859502302995627,11.941858894811004,11.149018074025543,2.619570452043925,2.7859502302995627,24.965103294249023,27.313266443701227,0.06216709812482199,0.025958403944969177,0.001,2.5,48
525,99.22913224213886,97.75212064873813,0.06653588088834823,0.06631556495494052,179.99928140267522,179.65048754348138,2.6227326833880658,2.7814601175528573,11.928321406964914,11.156850449923622,2.6227326833880658,2.7814601175528573,24.959868788386373,27.306298773690077,0.06025855119029682,0.02817644551396371,0.001,2.5,48
526,99.41862188258828,97.77271603527942,0.0665227051496098,0.06629230533642884,180.00896103930566,179.65514368077982,2.6291552793415547,2.7812719502742738,11.946952166590092,11.161537872077098,2.6291552793415547,2.7812719502742738,24.996510329424904,27.299331103678934,0.058858808130025864,0.02823884040117265,0.001,2.5,48
527,99.31614943924461,97.96292372690795,0.06651827762286891,0.06629876909949055,180.0184173530736,179.67305041608736,2.6221549488200546,2.7923649006596905,11.947457736078286,11.166295578838259,2.6221549488200546,2.7923649006596905,24.98255164712451,27.320234113712377,0.06227101758122444,0.021625717480977375,0.001,2.5,48
528,99.24640712359975,97.82508547250244,0.06650672923179668,0.0662765384021789,180.02924224845796,179.66959892228294,2.6228941588354204,2.7844660345759813,11.931291781761074,11.162429819396442,2.6228941588354204,2.7844660345759813,24.958123953098823,27.278428093645488,0.06267753740151724,0.02758432428042094,0.001,2.5,48
529,99.27902862081841,97.76143754286113,0.06650274225087209,0.0662684029002039,180.0215090466637,179.6625390147153,2.618945004319692,2.779419126169737,11.949665866788044,11.16484384614156,2.618945004319692,2.779419126169737,24.963358458961476,27.292363433667784,0.05994743977983793,0.02760163073738416,0.001,2.5,48
530,99.27969376219511,98.00302624941669,0.06649121218375492,0.06625410110378431,180.02387646088582,179.67334275288192,2.6195713301391526,2.7974160781074127,11.947921720739517,11.159171563410174,2.6195713301391526,2.7974160781074127,24.975572305974314,27.306298773690077,0.06332534551620485,0.008359001328547805,0.001,2.5,48
531,99.37735540237192,97.87197623842934,0.06648142985098143,0.06626784084221408,180.0306765064722,179.67521253862776,2.632951005236654,2.7888465180179085,11.927315668407298,11.158667030558405,2.632951005236654,2.7888465180179085,24.93893076493579,27.292363433667784,0.05768014987309775,0.01573343947529793,0.001,2.5,48
532,99.36706372587992,97.59682182298191,0.06647441144214239,0.06626087829669244,180.03471065306383,179.68234775629864,2.6266254193535867,2.77644164167519,11.944234614766456,11.140850796581246,2.6266254193535867,2.77644164167519,25.005234505862646,27.236622073578598,0.05683783441781998,0.02741556862990062,0.001,2.5,48
533,99.22574663361911,97.65542753085644,0.06648591170956185,0.06625370150484343,180.04109525440924,179.69213756204582,2.6229106066972103,2.7784805954034244,11.927112075173108,11.146454515838903,2.6229106066972103,2.7784805954034244,24.945910106085986,27.306298773690077,0.06187063579758009,0.02396433303753535,0.001,2.5,48
534,99.35553986250123,97.64598679595701,0.0664731027896638,0.06624236730061615,180.0491986240108,179.69714643418322,2.6265892209802373,2.7776244954520646,11.94203585631301,11.147136061395225,2.6265892209802373,2.7776244954520646,24.94939977666108,27.292363433667784,0.05799139787753424,0.03072003399332365,0.001,2.5,48
535,99.21324705944456,97.68837358667167,0.06646068733160251,0.06624421336019497,180.05138497037103,179.70031309327155,2.623806813562269,2.777446822760629,11.921926601622971,11.15614535340597,2.623806813562269,2.777446822760629,24.963358458961476,27.285395763656634,0.06323503454526266,0.030600039909283328,0.001,2.5,48
536,99.3958653087126,97.76125022905194,0.06645581847548455,0.06621335766711686,180.0583051225448,179.70369856798797,2.6299999004083263,2.7793132903982567,11.939870519941076,11.16512680615204,2.6299999004083263,2.7793132903982567,24.975572305974314,27.299331103678934,0.05630684271454811,0.02967139581839244,0.001,2.5,48
537,99.33834158222747,97.64586700457528,0.06645830099825205,0.06623375912480625,180.0635728927247,179.70735850940181,2.6315276600516158,2.77544752183633,11.923780934965224,11.15364258130026,2.6315276600516158,2.77544752183633,24.963358458961476,27.327201783723524,0.05686752125620843,0.028205887724955876,0.001,2.5,48
538,99.06021351816933,97.86254184036085,0.06644822651715618,0.06624559236416518,180.06022712919446,179.70621617714832,2.6159935853480962,2.7877539872724473,11.914760276084502,11.160056045987004,2.6159935853480962,2.7877539872724473,24.966848129536572,27.285395763656634,0.06177357584238053,0.026349373161792766,0.001,2.5,48
539,99.37520160946615,97.79355292096983,0.0664438048378282,0.066231655246987,180.06339527500998,179.70829552498415,2.6247684142439476,2.784720721086664,11.951433613588529,11.15536045734101,2.6247684142439476,2.784720721086664,24.996510329424904,27.292363433667784,0.059683909018834434,0.027247457454601928,0.001,2.5,48
540,99.33334444236117,97.81789849514148,0.06645684452927512,0.06624124050392227,180.06529333184116,179.71339735285758,2.6237188650992977,2.7843680245222457,11.946207850464292,11.161284772689593,2.6237188650992977,2.7843680245222457,24.954634282523728,27.278428093645488,0.06182942291100821,0.026014914115269985,0.001,2.5,48
541,99.31085489995648,97.7915192110217,0.06644494720358489,0.06622868359149801,180.0716598702169,179.72182414457288,2.6209087518175376,2.7819075002319438,11.950141369876318,11.16339126159515,2.6209087518175376,2.7819075002319438,24.931951423785595,27.306298773690077,0.06489134828249614,0.026963741828997936,0.001,2.5,48
542,99.35529740584889,97.7429323669527,0.06643212057758471,0.06623299473150626,180.08546201401353,179.73684183371108,2.62601858497265,2.7818395117486734,11.943700207720783,11.15387403124418,2.62601858497265,2.7818395117486734,24.944165270798436,27.299331103678934,0.05917864665389063,0.02872731536626817,0.001,2.5,48
543,99.32313132672122,97.68132503455298,0.06644883380843672,0.06623139451083725,180.09515580712983,179.73956122924653,2.6250450825729494,2.780050910668761,11.940182232285997,11.146918211759399,2.6250450825729494,2.780050910668761,25.00872417643774,27.313266443701227,0.05942149708668392,0.029489594201246902,0.001,2.5,48
544,99.3396543234437,97.7471631742773,0.06645165215886448,0.06622007988532229,180.09798287127285,179.74702672668658,2.622890168444229,2.7859815463938706,11.949950352718815,11.142294468057061,2.622890168444229,2.7859815463938706,24.98429648241206,27.313266443701227,0.0635902148981889,0.01909625530242921,0.001,2.5,48
545,99.23846698526161,97.68342516361139,0.06644769813343161,0.06622497475526393,180.10444691505995,179.7512475802348,2.6212366602270714,2.7770629265535636,11.934672971162996,11.156301009332722,2.6212366602270714,2.7770629265535636,24.979061976549414,27.299331103678934,0.06305222213268281,0.028842257956663772,0.001,2.5,48
546,99.106443332867,97.93906675028296,0.06644414192902065,0.06622928135129959,180.10799655902326,179.7551874460584,2.613851174687221,2.7955058171697282,11.93042472919677,11.15209915496434,2.613851174687221,2.7955058171697282,24.98080681183696,27.271460423634338,0.06513108064730962,0.02231665824850401,0.001,2.5,48
547,99.16994661462167,98.04241442228506,0.06644184131897105,0.06622093645393885,180.1139322170527,179.76186835393727,2.6220634277142474,2.800203963914843,11.918487937057037,11.158674384680147,2.6220634277142474,2.800203963914843,24.965103294249023,27.320234113712377,0.06016296396652857,0.01647406568129858,0.001,2.5,48
548,99.28463872593251,97.89169690149151,0.06643670694106255,0.06619904213537124,180.11816214816255,179.76254557819004,2.6235487213569404,2.7930961623870942,11.936970597585441,11.149858639184115,2.6235487213569404,2.7930961623870942,24.947654941373532,27.278428093645488,0.06230988477667174,0.022933766245841983,0.001,2.5,48
549,99.38594700303709,97.99385063943258,0.06644743581693356,0.0662168419087854,180.11947803354875,179.76460853508084,2.629989351480284,2.8014078961234694,11.937908037523528,11.1453501445261,2.629989351480284,2.8014078961234694,24.956379117811277,27.306298773690077,0.058889389038085944,0.01743028188745182,0.001,2.5,48
550,98.96376785294827,98.10753534629593,0.06643730592170576,0.06622418369702075,180.11745931208966,179.75958719261516,2.6152964467312754,2.811529872758333,11.897553278955916,11.137720662681021,2.6152964467312754,2.811529872758333,24.965103294249023,27.299331103678934,0.06665653983751933,0.010644835730393725,0.001,2.5,48
551,99.03912188419746,98.30200079877507,0.06645355185250999,0.06622179689112635,180.11798322699977,179.76510234952903,2.6214474466286646,2.821917101790674,11.894167667257925,11.145451528704418,2.6214474466286646,2.821917101790674,24.963358458961476,27.26449275362319,0.06377885614832243,0.0028820782899856615,0.001,2.5,48
552,99.28744530132002,97.96278893402722,0.06644193764667537,0.06622922631376492,180.12292479590155,179.77045017447628,2.6285974152015945,2.7986247807973736,11.922383868106913,11.147483568933431,2.6285974152015945,2.7986247807973736,24.965103294249023,27.292363433667784,0.06008469313383103,0.020434254159530013,0.001,2.5,48
553,99.11911284264608,97.6401279969359,0.06643212487934544,0.066210599140816,180.1299048205583,179.77842119306226,2.620992559251141,2.7768226441664576,11.911532503609415,11.14835992631572,2.620992559251141,2.7768226441664576,24.963358458961476,27.299331103678934,0.061534859240055105,0.029218701024850215,0.001,2.5,48
554,99.31431088868231,97.7101995227329,0.06643964935155015,0.06622895909551096,180.135260820056,179.78021323906805,2.630192129019417,2.782013028926541,11.922970808439253,11.14679911142109,2.630192129019417,2.782013028926541,24.968592964824122,27.306298773690077,0.05817118162910145,0.028204917907714854,0.001,2.5,48
555,99.37818244340899,97.768122333348,0.06644039000268014,0.06621080213308157,180.13721214826384,179.7837239066627,2.6273488099351403,2.786009517734,11.944274575841087,11.146396950593294,2.6273488099351403,2.786009517734,24.958123953098823,27.313266443701227,0.05789423113067946,0.026987702896197643,0.001,2.5,48
556,99.2683930098844,97.57872331687305,0.06644312531534129,0.0662102604939282,180.1404699563714,179.78455372305885,2.6219192194762275,2.7797979272760807,11.938604167216921,11.12715193103488,2.6219192194762275,2.7797979272760807,24.968592964824122,27.306298773690077,0.06301885346571605,0.029383148998022083,0.001,2.5,48
557,99.15728293271918,97.75095494056626,0.06642896855368728,0.06623015164839843,180.13953469313435,179.78391514879672,2.6181113415094543,2.786291082982501,11.927808906165398,11.14211507364194,2.6181113415094543,2.786291082982501,24.93718592964824,27.292363433667784,0.06210396066308022,0.026823323220014572,0.001,2.5,48
558,99.23231540240101,97.64301439166202,0.06643156747079014,0.06621253020023095,180.14080125469525,179.78635186069917,2.6239876315155755,2.782297013778086,11.925185742539975,11.13251195653625,2.6239876315155755,2.782297013778086,24.977317141261864,27.292363433667784,0.05821353942155838,0.028466573605934783,0.001,2.5,48
559,99.08130333385009,97.74003972736091,0.0664302807490804,0.06622047769349378,180.14244452073945,179.78693017645958,2.626137896773204,2.7888027973630884,11.888532385729265,11.132398024467188,2.626137896773204,2.7888027973630884,24.968592964824122,27.25752508361204,0.0651045230527719,0.025602826227744426,0.001,2.5,48
560,99.18404485618915,97.56816650393814,0.06643050417547071,0.06621888727394994,180.14349363031235,179.78897800652877,2.620537565019562,2.7787598018496067,11.925881498256652,11.128152275796452,2.620537565019562,2.7787598018496067,24.9214824120603,27.285395763656634,0.06126335263252258,0.02628663927316666,0.001,2.5,48
561,98.92031064238513,97.66816173402496,0.0664238021099265,0.06620937264210604,180.14597699064439,179.79155838303475,2.6181798761805166,2.780008837414559,11.88020850199684,11.144405667997125,2.6181798761805166,2.780008837414559,24.952889447236178,27.285395763656638,0.06672775745391847,0.02381299311916034,0.001,2.5,48
562,99.2128045118301,97.63143673974402,0.06643385218324528,0.06621883645842062,180.14793246901283,179.79249497746412,2.62401761365862,2.7778152256140873,11.921191673948405,11.143639497209753,2.62401761365862,2.7778152256140873,24.963358458961476,27.292363433667784,0.06254155312975249,0.02751365924874942,0.001,2.5,48
563,99.02285923603723,97.59070698553104,0.06642782412675598,0.06621188675235502,180.14799886652372,179.7922564004709,2.6213788487337477,2.778029949868403,11.891120175545538,11.134850705123467,2.6213788487337477,2.778029949868403,24.986041317699605,27.271460423634338,0.06046279768149059,0.03187049676974615,0.001,2.5,48
564,99.01897251932132,97.91121420865606,0.06642569150184287,0.06618850358883986,180.1486917276212,179.79399947883562,2.60942431865026,2.796026980282205,11.92620665872483,11.144965434469773,2.60942431865026,2.796026980282205,24.958123953098823,27.26449275362319,0.06787807742754619,0.022037764390309657,0.001,2.5,48
565,99.31928922622846,97.74416386403368,0.06641691038020196,0.0661906335203647,180.14941600718888,179.79437206208772,2.6278620299756827,2.786308509383845,11.930958506487421,11.140710287875889,2.6278620299756827,2.786308509383845,24.942420435510886,27.271460423634338,0.06001038104295733,0.027767658233642578,0.001,2.5,48
566,99.15099407693383,97.59781251915854,0.06642912274389452,0.06622182323608827,180.15066244760615,179.79584904671245,2.6226492938109778,2.776228777707088,11.912934936162882,11.141672624933348,2.6226492938109778,2.776228777707088,24.98255164712451,27.285395763656634,0.06280661250154178,0.03331160545349122,0.001,2.5,48
567,99.0784129281739,97.93928038422746,0.06643220347725308,0.06620070503721866,180.1528062555525,179.79865228279246,2.618736797832431,2.7992816774907587,11.910155144098383,11.140811069396095,2.618736797832431,2.7992816774907587,24.975572305974314,27.26449275362319,0.06569465994834901,0.020766897747913998,0.001,2.5,48
568,99.05810039646462,97.97883448659245,0.06643197450730083,0.06620520053276276,180.15477271408824,179.79989957397467,2.62222597698953,2.8021229534444205,11.895624797506281,11.140197087399072,2.62222597698953,2.8021229534444205,24.958123953098823,27.26449275362319,0.059985092530647925,0.0197880690296491,0.001,2.5,48
569,99.10325665955834,97.70247245871502,0.0664337115065629,0.06621659966205919,180.15623197350536,179.80082261748404,2.6221999286199202,2.7872308542829427,11.904733553408144,11.129598355005882,2.6221999286199202,2.7872308542829427,24.944165270798436,27.26449275362319,0.06174723555644355,0.02973079060514768,0.001,2.5,48
570,99.14924026640483,97.51964583843449,0.06642835721951247,0.0662242019393971,180.1559925886055,179.79967003004208,2.620211009616329,2.776293978294401,11.919898205944806,11.125842493895439,2.620211009616329,2.776293978294401,24.959868788386373,27.26449275362319,0.06562170262138049,0.03025050461292267,0.001,2.5,48
571,99.0869413969039,97.56001645612345,0.06642802819728767,0.06624052075089355,180.15500028635256,179.79993393163352,2.6197212493740802,2.776508040385634,11.908907925675763,11.133271090619871,2.6197212493740802,2.776508040385634,24.935441094360694,27.278428093645488,0.06741959477464358,0.030630620817343402,0.001,2.5,48
572,99.17886084940498,97.59233901944582,0.06642793167819912,0.06621168910999621,180.15651022109955,179.80232332090338,2.6191441676408336,2.7797312378351773,11.929022789246906,11.130071215098985,2.6191441676408336,2.7797312378351773,24.958123953098823,27.278428093645488,0.06808846319715182,0.029553604622681945,0.001,2.5,48
573,99.10954596409248,97.57340428555425,0.06642613182739242,0.06620836215669214,180.1587253187303,179.80381709157822,2.6185832519452377,2.777917057890424,11.916842513422871,11.131727217382014,2.6185832519452377,2.777917057890424,24.94067560022334,27.22965440356745,0.06278402730822563,0.028086503346761073,0.001,2.5,48
574,99.1226472310152,97.57393944994396,0.0664207972134311,0.06620258723231935,180.15962277671466,179.8037948819706,2.625048627252189,2.781807507011404,11.900067435536952,11.120164240657486,2.625048627252189,2.781807507011404,24.947654941373532,27.26449275362319,0.06276105592648189,0.029361143708229065,0.001,2.5,48
575,99.1174007943727,97.55309587231979,0.06642356414151014,0.06619070953554305,180.1594777111898,179.80384492488744,2.6168628741765008,2.7780744620290485,11.923574896097717,11.127196944402812,2.6168628741765008,2.7780744620290485,24.93020658849805,27.292363433667784,0.06521888573964438,0.03119044626752536,0.001,2.5,48
576,98.91233350816617,97.55046815298074,0.06643946219906088,0.06619184395462298,180.1598089373624,179.80457472548702,2.6089990333737707,2.77766126620198,11.906149719374298,11.127910506964527,2.6089990333737707,2.77766126620198,24.945910106085986,27.292363433667784,0.06828158100446068,0.029064105202754337,0.001,2.5,48
577,98.9246422228768,97.5474347611069,0.06642174673743344,0.06619399748073028,180.1604223282626,179.80476859912957,2.6167814586829503,2.779363108053388,11.885267649534393,11.122197845475197,2.6167814586829503,2.779363108053388,24.956379117811277,27.299331103678934,0.0662193273504575,0.029925871640443812,0.001,2.5,48
578,99.09058673311252,97.53755457504936,0.06643100961842831,0.06618440325342773,180.16047234391445,179.80492373825848,2.622682248814721,2.7795246124699493,11.900752305526895,11.119739186064388,2.622682248814721,2.7795246124699493,24.996510329424904,27.26449275362319,0.06122032925486567,0.029680670549472182,0.001,2.5,48
579,98.9855411294983,97.58877995580336,0.0664226055275388,0.06621206020314382,180.1607828726654,179.80527070227808,2.6156475767534846,2.778914632672317,11.900848800571254,11.131808770548474,2.6156475767534846,2.778914632672317,24.99825516471245,27.285395763656634,0.06287805984417599,0.03040476764241855,0.001,2.5,48
580,99.1212530800379,97.71486720353066,0.06643081703319474,0.0662117943603602,180.16121420202674,179.80591003392453,2.624927943567202,2.786655890503057,11.900148318598951,11.133802069768459,2.624927943567202,2.786655890503057,24.95114461194863,27.292363433667784,0.06214199587702752,0.029038727283477787,0.001,2.5,48
581,98.96982196960151,97.98733857961803,0.06643208766527972,0.06619257702223304,180.1619413601893,179.80651035197204,2.6139288558050082,2.8057285271659747,11.902858960934687,11.131082364996539,2.6139288558050082,2.8057285271659747,24.972082635399218,27.26449275362319,0.06728303804993631,0.012612002591292068,0.001,2.5,48
582,98.91073851569415,98.74079392028095,0.0664264000575452,0.06620470667478683,180.1620584409507,179.80649235774843,2.620851646624152,2.854721215290901,11.870275059254192,11.134792879323497,2.620851646624152,2.854721215290901,24.972082635399218,27.299331103678934,0.06382353976368904,-0.03459690635402996,0.001,2.5,48
583,98.9580673022619,98.50143013005804,0.06642379014709514,0.06620555181609755,180.1623302889163,179.80680344973916,2.610220798607947,2.839869729136278,11.911633851590068,11.131474364237443,2.610220798607947,2.839869729136278,24.954634282523728,27.292363433667784,0.0691673941910267,-0.016807620724042252,0.001,2.5,48
584,98.92854224444102,98.0314920472195,0.06641879999636889,0.06621585043337332,180.16283120288986,179.80758990146376,2.6151826257382207,2.8089786555987666,11.890844185681132,11.130157714952594,2.6151826257382207,2.8089786555987666,24.93718592964824,27.278428093645488,0.0649114785095056,0.009430538862943648,0.001,2.5,48
585,98.77846971242406,98.03496386959667,0.0664312586719555,0.06620162042686975,180.16367678027257,179.80823733043778,2.610835654306418,2.8147253892493485,11.873867976913433,11.113614617349578,2.610835654306418,2.8147253892493485,24.968592964824122,27.299331103678934,0.06933075313766798,0.005378797650337222,0.001,2.5,48
586,98.91893710642803,97.97943523629188,0.06642267610115184,0.06621707561125739,180.16414778848923,179.8086144739436,2.622161053865732,2.8063837161231597,11.867986832319493,11.12753083822686,2.622161053865732,2.8063837161231597,24.994765494137354,27.243589743589748,0.061862324674924224,0.011515811085700989,0.001,2.5,48
587,99.11089854317628,98.15107666555723,0.06643445781667605,0.06622174850378207,180.1640398734645,179.80809776227477,2.626662141505664,2.8210629122113704,11.89287354472228,11.117820592354173,2.626662141505664,2.8210629122113704,24.979061976549414,27.292363433667784,0.059939581900835044,-0.0004897999266783307,0.001,2.5,48
588,98.9650488898183,97.71008602432583,0.0664214643673083,0.06620841092106057,180.16388954436027,179.80829306762487,2.623490947304426,2.7892733864826766,11.873219901397368,11.124993761139637,2.623490947304426,2.7892733864826766,24.97033780011167,27.26449275362319,0.06033750871817272,0.02446513995528221,0.001,2.5,48
589,98.96639309110486,97.65212540589313,0.06642987481584565,0.06621630853708915,180.16404610882253,179.80839668880472,2.623337155269352,2.7845594379282583,11.87394837140704,11.127541923237219,2.623337155269352,2.7845594379282583,24.954634282523728,27.243589743589748,0.06218479077021281,0.026664140323797866,0.001,2.5,48
590,98.95041035407752,97.74507076232595,0.06642079569645566,0.06620091538887514,180.1642505798441,179.80872909972234,2.6135857563896394,2.792994157891874,11.900007802654018,11.120829694546186,2.6135857563896394,2.792994157891874,24.954634282523728,27.313266443701227,0.06762644896904628,0.022976220895846694,0.001,2.5,48
591,98.97770114506774,97.60927751577286,0.06642045322870202,0.06622653738666358,180.164499626354,179.80890612365678,2.6241565066499457,2.7867228906256964,11.873753787043839,11.112479660979814,2.6241565066499457,2.7867228906256964,24.993020658849805,27.341137123745824,0.062188364565372474,0.02667813499768576,0.001,2.5,48
592,98.80223954249733,97.53638045896787,0.06642155042522879,0.06619788468724977,180.16471300938488,179.80926193428147,2.6085370826919205,2.782772400955293,11.885519511228097,11.109757335929237,2.6085370826919205,2.782772400955293,24.987786152987155,27.299331103678934,0.06754659364620845,0.02763614182670911,0.001,2.5,48
593,98.90593627855672,97.58004017737399,0.0664252115523762,0.0662133601271191,180.1650771124279,179.80952691101575,2.6172575117705055,2.7813845731841282,11.880096621395388,11.122649773830753,2.6172575117705055,2.7813845731841282,24.979061976549414,27.285395763656634,0.06596927717328073,0.022687729448080073,0.001,2.5,48
594,98.9986307031279,97.5432486927496,0.06642728256762646,0.06621567548029263,180.16534039023733,179.80978212162537,2.6242817644963776,2.781387349086063,11.87756230852279,11.115282540511727,2.6242817644963776,2.781387349086063,24.986041317699605,27.25752508361204,0.06245554983615875,0.025227854649225872,0.001,2.5,48
595,98.94454694193611,97.48464153416313,0.06643377128868322,0.0662083570858146,180.1655300626004,179.8098754325971,2.617962511199137,2.7781947237027267,11.885702061285393,11.11314053367512,2.617962511199137,2.7781947237027267,24.95114461194863,27.285395763656638,0.06588247666756313,0.02727295830845834,0.001,2.5,48
596,98.95708655765242,97.50177361042869,0.06642217522928122,0.06619571417158963,180.16572431470345,179.8102308271189,2.624523647212736,2.779237480300459,11.868528711174301,11.113441094058414,2.624523647212736,2.779237480300459,24.959868788386373,27.271460423634338,0.06100253139932951,0.0242668278515339,0.001,2.5,48
597,98.83695696746084,97.51355023713681,0.06643001986902079,0.06618315711592006,180.1660100271554,179.81038174581366,2.6158483137279367,2.7820608801267617,11.87052722260281,11.107328759728533,2.6158483137279367,2.7820608801267617,24.954634282523728,27.306298773690077,0.06495254983504616,0.022308062762022022,0.001,2.5,48
598,98.79532984979056,97.54972799379823,0.06643152206606462,0.06621259679240386,180.1662440045062,179.8106029389827,2.612431425977725,2.7818756326285494,11.872452167535146,11.115113999009331,2.612431425977725,2.7818756326285494,24.968592964824122,27.243589743589748,0.06790790955225627,0.022741459310054783,0.001,2.5,48
599,98.73423126554569,97.48994873412609,0.06642010994099283,0.06617937985931847,180.1665205862321,179.8110424450276,2.611710228566715,2.7801471792136545,11.862398194607778,11.108350048005713,2.611710228566715,2.7801471792136545,24.959868788386377,27.285395763656634,0.06805149093270303,0.024274936566750213,0.001,2.5,48
600,98.8865765063607,97.4228096526602,0.06641996157934565,0.06620207993034109,180.1667629222774,179.81112588594854,2.6142743120000125,2.7761907523026568,11.885174997982901,11.106786945209722,2.6142743120000125,2.7761907523026568,24.98255164712451,27.285395763656634,0.06494812294840814,0.033316755046447134,0.001,2.5,48
601,98.83757171172925,97.44596604386567,0.06642400629527857,0.06621326948642854,180.16695573441746,179.81134443578114,2.6156033856377197,2.777724176595442,11.871386010434826,11.106815770301665,2.6156033856377197,2.777724176595442,24.944165270798436,27.271460423634338,0.06386564920345943,0.03366114695866903,0.001,2.5,48
602,98.90722329612554,97.44777858855333,0.0664218479052928,0.06622442056410753,180.16717282505024,179.81163213630452,2.6166027118912094,2.777197542613831,11.882318731944432,11.108755892119811,2.6166027118912094,2.777197542613831,24.924972082635396,27.327201783723524,0.0649707429111004,0.030115836610396712,0.001,2.5,48
603,98.76167733279237,97.71529470664866,0.06642305165039268,0.06623000415924722,180.16757160521698,179.81206258377236,2.620497677918255,2.794914969549397,11.84152430212744,11.109105495414141,2.620497677918255,2.794914969549397,24.952889447236178,27.292363433667784,0.06371720507740974,0.013313572853803633,0.001,2.5,48
604,98.78917577451732,97.89525205714249,0.06641793730092437,0.06620106646326424,180.16781338195702,179.8122498288734,2.6117856724427972,2.8057316883385113,11.873160970137812,11.112652719544128,2.6117856724427972,2.8057316883385113,24.968592964824122,27.334169453734674,0.06722445537646612,0.0037042262653509904,0.001,2.5,48
605,98.96753005419679,97.5099374679153,0.06642286935817694,0.06619968117811008,180.1679672701009,179.8123201053411,2.6223756250873884,2.7870136287599103,11.877060958292981,11.091744103492834,2.6223756250873884,2.7870136287599103,24.99825516471245,27.299331103678934,0.061728214224179595,0.019911146412293117,0.001,2.5,48
606,98.75392676371558,97.69209684629239,0.06642954095783012,0.06622248163387504,180.16802004686883,179.81232486228348,2.617275890443393,2.7941508667092925,11.849638097653802,11.106759676068124,2.617275890443393,2.7941508667092925,24.989530988274705,27.306298773690077,0.06632612024744353,0.02327457318703334,0.001,2.5,48
607,98.93094076463325,97.9593028889319,0.06642450149586195,0.06619988414938614,180.16806429148653,179.81238064850984,2.616244995098151,2.8098662916400627,11.888134614735558,11.113059236212251,2.616244995098151,2.8098662916400627,24.961613623673927,27.271460423634338,0.06661960730950038,0.008518933008114501,0.001,2.5,48
608,99.03219729199348,97.55636025458541,0.06641208807984995,0.06620044091795461,180.16813914513602,179.81245605137568,2.624573974149943,2.782636790321423,11.883401540572386,11.114159048915973,2.624573974149943,2.782636790321423,24.996510329424904,27.299331103678934,0.061173840115467705,0.02718408778309822,0.001,2.5,48
609,98.87345010764369,97.51998518010312,0.06641749438001084,0.06620015015881472,180.16816076241946,179.81243999852254,2.614187076463172,2.786002218474114,11.882811665331133,11.096787858376468,2.614187076463172,2.786002218474114,24.95114461194863,27.306298773690077,0.06696016217271487,0.025180901090304065,0.001,2.5,48
610,98.75451617145059,97.70678542954732,0.06643058017638594,0.06621284543090042,180.16817448819435,179.8124900859601,2.6100768502957656,2.7954485476050226,11.871352881159881,11.105806366788636,2.6100768502957656,2.7954485476050226,24.996510329424904,27.285395763656638,0.07208732763926189,0.02037885412573815,0.001,2.5,48
611,98.9585170970823,97.43021454965258,0.06643371531283164,0.06620405266200322,180.1682518222091,179.81260849520515,2.6252310860929113,2.7807814109916804,11.86668975244415,11.0944952095133,2.6252310860929113,2.7807814109916804,24.933696259073145,27.292363433667784,0.05622644970814387,0.031845558434724815,0.001,2.5,48
612,98.91551660453054,97.46282249629299,0.06642918258756848,0.06620299428249302,180.1684216160404,179.81276082633732,2.6246915281917182,2.7845465927286157,11.859709218735139,11.089721624418644,2.6246915281917182,2.7845465927286157,24.933696259073145,27.292363433667784,0.06080691516399384,0.029802038023869198,0.001,2.5,48
613,98.72442693792861,97.45909378228247,0.06642821702154382,0.06620065277149549,180.16846645211186,179.81271882439935,2.612832562628736,2.78231881625344,11.857068400282989,11.095659638245236,2.612832562628736,2.78231881625344,24.963358458961476,27.26449275362319,0.07118352130055429,0.029854364693164836,0.001,2.5,48
614,98.79934662989835,97.50567736620356,0.0664329027212272,0.06621083511505994,180.1684245796326,179.812731546436,2.6110963265633598,2.7823190608351527,11.877260034133242,11.10497344384923,2.6110963265633598,2.7823190608351527,24.98429648241206,27.271460423634338,0.0679686392347018,0.023364705344041194,0.001,2.5,48
615,98.77539116307253,97.48842990491436,0.06642292771658528,0.06617664868402899,180.16850022927534,179.81282863223566,2.6161731075951002,2.783459669238615,11.85724056734262,11.098109028527437,2.6161731075951002,2.783459669238615,24.966848129536572,27.285395763656634,0.06449176371097566,0.02120869606733322,0.001,2.5,48
616,98.78925947434806,97.45237460317155,0.06642327136887051,0.06620423040990178,180.16859251044437,179.812960822048,2.6151521096909796,2.7781837094521173,11.86307717522368,11.106720282223778,2.6151521096909796,2.7781837094521173,24.968592964824122,27.285395763656634,0.06952868402004243,0.02753657475113869,0.001,2.5,48
617,98.77525799531367,97.46838455162985,0.06641398305714326,0.06619820954327571,180.1686548722782,179.81295835107997,2.6203639994639047,2.7785562454757087,11.84464301302871,11.108805862549223,2.6203639994639047,2.7785562454757087,24.98429648241206,27.243589743589748,0.06246118620038033,0.025298470010360088,0.001,2.5,48
618,98.90391373767459,97.4608145639915,0.06641389876214525,0.06619829938519246,180.16871204960617,179.81300213477815,2.6254993366802424,2.7811950181040874,11.854968178823865,11.099375559600567,2.6254993366802424,2.7811950181040874,24.944165270798436,27.306298773690077,0.05930898835261663,0.030665311962366115,0.001,2.5,48
619,98.86213114712905,97.48088166891797,0.0664210632676951,0.0662089551619555,180.1687027634621,179.81304152022503,2.616548400137226,2.7846487962216173,11.87346308484116,11.093025497460909,2.616548400137226,2.7846487962216173,25.006979341150195,27.313266443701227,0.06635826577742894,0.02894744649529456,0.001,2.5,48
620,98.84926192125484,97.43658038179744,0.06642859757045617,0.06619690908381179,180.16885069813029,179.8131932123848,2.6134446556386104,2.782250258917925,11.880199008759076,11.091363354429285,2.6134446556386104,2.782250258917925,24.961613623673927,27.327201783723524,0.06729157269001008,0.027680937200784687,0.001,2.5,48
621,98.88735235622647,97.41787376930084,0.06643131564263492,0.06619736776427988,180.16895974860518,179.81332060179716,2.6141282638055463,2.7805780110882807,11.88576563144449,11.09263841648365,2.6141282638055463,2.7805780110882807,24.95114461194863,27.285395763656634,0.0675551804403464,0.031116767476002376,0.001,2.5,48
622,98.8649872253222,97.4895234177078,0.0664305752218864,0.06621926576474944,180.16905964559047,179.81337697011574,2.6171355387939546,2.7853996055148786,11.872270885466,11.092499367186724,2.6171355387939546,2.7853996055148786,24.977317141261864,27.313266443701227,0.06556538616617522,0.030990776916344966,0.001,2.5,48
623,98.96566869532309,97.55549409503789,0.06642420297688181,0.06620222746110956,180.16913455215533,179.8134540242362,2.620018345784835,2.7931347311274,11.883760044847302,11.082491405017533,2.620018345784835,2.7931347311274,24.961613623673923,27.26449275362319,0.06768804043531419,0.027292380730311084,0.001,2.5,48
624,98.69502059618632,97.41152533586474,0.066427084266749,0.06620422385165818,180.16923017251565,179.81359034158712,2.6139322136997314,2.78120341142816,11.847888200526661,11.089491325095212,2.6139322136997314,2.78120341142816,24.972082635399218,27.25752508361204,0.0666754481693109,0.03232226396600406,0.001,2.5,48
625,98.82963063622373,97.33679685624547,0.06642840973644014,0.06619352309718912,180.1693594666715,179.8136685593604,2.6136376466300484,2.777250614636053,11.87569366642994,11.086406086574629,2.6136376466300484,2.777250614636053,24.996510329424904,27.285395763656638,0.06740373993913333,0.03282024711370469,0.001,2.5,48
626,98.82819623350764,97.59579918934749,0.066417520407596,0.06619406448283906,180.1694211995116,179.8137460867298,2.621384737217546,2.7950749318702033,11.852167593033402,11.084733594096823,2.621384737217546,2.7950749318702033,24.986041317699605,27.313266443701227,0.061973048994938544,0.022860057651996616,0.001,2.5,48
627,98.82572023606313,97.44200101956609,0.06642486432593021,0.066184464561975,180.16950254723852,179.81384755164353,2.6224957943827927,2.7854483837766395,11.848337739369079,11.082855298575284,2.6224957943827927,2.7854483837766395,24.958123953098823,27.278428093645488,0.0592214974264304,0.028576624890168514,0.001,2.5,48
628,98.78562532490953,97.44696822081387,0.06642206711365632,0.06619658101900229,180.16958866606603,179.81388849717715,2.610885536442716,2.7845321093979756,11.875150056107627,11.086595202460801,2.610885536442716,2.7845321093979756,24.944165270798436,27.299331103678934,0.06763538097341856,0.019674050311247505,0.001,2.5,48
629,98.75378850370329,97.28285768412161,0.06643163993003356,0.06621434794724554,180.16961810796502,179.81397353898456,2.618004786496486,2.7782952305398787,11.847423078318604,11.072480128884914,2.618004786496486,2.7782952305398787,24.95114461194863,27.278428093645488,0.06279742841919264,0.02689134081204732,0.001,2.5,48
630,98.72302433860028,97.40347600833762,0.06643046718468669,0.06620779128053192,180.16973534381168,179.81406035909686,2.6104109350868536,2.785439892789326,11.864052003082087,11.075171132799376,2.6104109350868536,2.785439892789326,24.954634282523728,27.320234113712377,0.06596143792072932,0.02739270279804866,0.001,2.5,48
631,98.76510776680051,97.31924129223478,0.06641887717411425,0.0662027126514197,180.16982179763662,179.81412644769037,2.608325193566959,2.7791112368156017,11.87872816902226,11.07731125425701,2.608325193566959,2.7791112368156017,24.95114461194863,27.285395763656634,0.06862146904071173,0.028027298549811053,0.001,2.5,48
632,98.81528432125621,97.36411968973302,0.066428635956545,0.06619593224870197,180.16991493144158,179.81425128187755,2.6135154907211517,2.7827800057139016,11.873190720651417,11.07528189052241,2.6135154907211517,2.7827800057139016,24.959868788386373,27.299331103678934,0.06496655941009521,0.022649669398864116,0.001,2.5,48
633,98.60010994831855,97.28464316418074,0.06642660966152387,0.06622971108958127,180.17001513307287,179.81434411853718,2.60868557734339,2.7792340979860515,11.844645875449423,11.070017465887593,2.60868557734339,2.7792340979860515,24.966848129536572,27.292363433667784,0.06786659111579259,0.027749528487523406,0.001,2.5,48
634,98.69137495260276,97.33383971658704,0.06642510549427709,0.06620376954745968,180.1701165958199,179.81447291374207,2.6126062158122867,2.780050282544117,11.851137234774766,11.077413453189957,2.6126062158122867,2.780050282544117,24.98255164712451,27.271460423634338,0.06495614474018416,0.0257150356968244,0.001,2.5,48
635,98.55803969930098,97.55487214655115,0.06643250613941275,0.06620690891566619,180.17018322842137,179.81448767323425,2.60935108586189,2.7937836585568476,11.834234077277495,11.080419121013172,2.60935108586189,2.7937836585568476,24.926716917922946,27.26449275362319,0.06860163932045302,0.02436799680193266,0.001,2.5,48
636,98.71978429786857,97.51354140714392,0.06642392140596666,0.06621069460682595,180.17024376470906,179.8145387826556,2.6171771570923674,2.7908963465371657,11.84310658304785,11.080814160929874,2.6171771570923674,2.7908963465371657,24.98953098827471,27.278428093645488,0.06517624730865161,0.025139133135477703,0.001,2.5,48
637,98.55870650255234,97.511260080497,0.06642150706738323,0.06621969994124667,180.17027927796178,179.81461144676442,2.6137131114351493,2.792997804091394,11.821283575166111,11.074051765527747,2.6137131114351493,2.792997804091394,24.961613623673923,27.25752508361204,0.06540641064445178,0.023580322662989303,0.001,2.5,48
638,98.7458689956942,97.28660177732657,0.06642055597616942,0.0662066979302168,180.17036319923827,179.81470916303104,2.619846641813524,2.778198300197372,11.840315672391656,11.073521305436275,2.619846641813524,2.778198300197372,24.996510329424904,27.22965440356745,0.06381235271692277,0.033127324034770325,0.001,2.5,48
639,98.6740544105894,97.27932187333421,0.06641393706592257,0.06620611569292291,180.17048734097025,179.8148191056257,2.618089146429537,2.778549400360688,11.83122652881409,11.071012007411042,2.618089146429537,2.778549400360688,24.947654941373532,27.313266443701227,0.06462139263749124,0.026128333061933528,0.001,2.5,48
640,98.64114236911537,97.32155935288539,0.06641591093156442,0.0662101954860912,180.17051382926107,179.81478306641148,2.6065678361996736,2.7804008471294654,11.85920768048945,11.073904345715325,2.6065678361996736,2.7804008471294654,24.958123953098823,27.278428093645488,0.06933551530043285,0.02611396958430608,0.001,2.5,48
641,98.55057928776489,97.41873864744817,0.06642435173772977,0.06621677747746842,180.17054474014333,179.8149117238014,2.6066149225836024,2.786015881210931,11.840952151488786,11.076493828035185,2.6066149225836024,2.786015881210931,24.977317141261864,27.25752508361204,0.06967386479179065,0.01920629665255547,0.001,2.5,48
642,98.53335743999428,97.59631548385026,0.06642029602207097,0.066195782614193,180.170659734243,179.81495695183241,2.6075473382303596,2.8022264423245438,11.834711275557977,11.063381624568997,2.6075473382303596,2.8022264423245438,25.005234505862646,27.271460423634338,0.06888772919774057,0.015686407685279853,0.001,2.5,48
643,98.61653939603362,98.17401291561232,0.06642362307250241,0.06620360058542213,180.1707756306325,179.81514177739686,2.6120139247941148,2.8355048165107384,11.83794718907157,11.07908437461691,2.6120139247941148,2.8355048165107384,25.0,27.327201783723524,0.07055460785826047,-0.012451888372500735,0.001,2.5,48
644,98.48857154412218,98.1468132597414,0.0664152221003938,0.06620239553991478,180.17089213731234,179.8151669562062,2.6111447315211738,2.836689045447171,11.81496293022854,11.070092005316695,2.6111447315211738,2.836689045447171,24.94939977666108,27.26449275362319,0.06924892961978912,-0.013784262041250855,0.001,2.5,48
645,98.569372748876,97.99087452117682,0.06642217810617618,0.06620766479033492,180.17089156576003,179.8151349694434,2.6135322130521805,2.8226880087302284,11.82395929724211,11.080906399740622,2.6135322130521805,2.8226880087302284,24.972082635399218,27.25055741360089,0.06646854802966119,-0.0007153873642285593,0.001,2.5,48
646,98.74214365387814,97.39773606669279,0.0664284462142991,0.0662040452879878,180.17091588791627,179.81519811966746,2.612940799788115,2.785682397276794,11.8602864578541,11.07329608539873,2.612940799788115,2.785682397276794,24.93893076493579,27.278428093645488,0.06848686933517456,0.027688600122928623,0.001,2.5,48
647,98.69096667656082,97.33024593367094,0.06643068263718159,0.06620109764872646,180.1709456596875,179.81526918528206,2.613277298808597,2.781738569206219,11.849041064368121,11.071630138251827,2.613277298808597,2.781738569206219,24.996510329424904,27.243589743589748,0.06643643106023471,0.03061315789818764,0.001,2.5,48
648,98.77145545526565,97.35579768471096,0.06642506334010742,0.06622483908402321,180.17100278789408,179.81530134614096,2.616892513093637,2.783803610747873,11.854294343410025,11.070540750829073,2.616892513093637,2.783803610747873,24.968592964824122,27.271460423634338,0.06584496299425761,0.022630210965871814,0.001,2.5,48
649,98.56350598156884,97.67167515499536,0.06641661129061263,0.06620913296834464,180.17103236011792,179.81530347596046,2.6127955947905397,2.808406763783798,11.82499688006792,11.059909740352843,2.6127955947905397,2.808406763783798,24.975572305974314,27.292363433667784,0.06664481883247694,0.0009185771147410078,0.001,2.5,48
650,98.47844671404341,97.58638052424726,0.06642143030123698,0.06619933338774638,180.17107544632213,179.8153731719307,2.6133844836223465,2.803444417988842,11.80621735384716,11.057739887382409,2.6133844836223465,2.803444417988842,24.95114461194863,27.292363433667784,0.06637822464108468,0.0060104404886563685,0.001,2.5,48
651,98.47675688209512,97.6212775465371,0.06642382167057806,0.06618663772737414,180.17113688070637,179.81545243069215,2.599853413517518,2.802656146844095,11.846472113438487,11.067086563203711,2.599853413517518,2.802656146844095,25.00174483528755,27.26449275362319,0.076222596069177,0.006979003548622136,0.001,2.5,48
652,98.56454661383701,97.2832053127629,0.06641973266910205,0.0662086241494015,180.17124461135938,179.81557335502725,2.608263713401799,2.7798763018520916,11.83879996658969,11.067807277409129,2.608263713401799,2.7798763018520916,24.935441094360694,27.299331103678934,0.06797519822915396,0.02530757710337639,0.001,2.5,48
653,98.49641599500733,97.24327170303967,0.06643402504607517,0.06620037115700904,180.17132221108238,179.81566908952252,2.6129042147125765,2.780836603115235,11.811249495276455,11.056941346256032,2.6129042147125765,2.780836603115235,24.95114461194863,27.26449275362319,0.0656959004700184,0.02930326635638873,0.001,2.5,48
654,98.4356967753235,97.20989869430313,0.06642276977747165,0.06619980627198566,180.17140830082312,179.8156965148356,2.606827501550791,2.7789144681781166,11.817337957804162,11.056033273903422,2.606827501550791,2.7789144681781166,24.98953098827471,27.26449275362319,0.06972820808490118,0.027847100049257282,0.001,2.5,48
655,98.4245450146567,97.32025765894248,0.06642419280364448,0.06620767200450454,180.1714435712643,179.81576694759107,2.6007944063300665,2.781951961044218,11.833206587712867,11.068990996815556,2.6007944063300665,2.781951961044218,24.952889447236178,27.26449275362319,0.07164844249685606,0.024186284591754273,0.001,2.5,48
656,98.51916554252374,97.25417361397673,0.06641651936164107,0.06619686436311636,180.17155793097882,179.81585471592885,2.611364761643041,2.7817046735996382,11.820421273547103,11.056518155720122,2.611364761643041,2.7817046735996382,24.907523729759912,27.278428093645488,0.06733783086140951,0.02547195305426915,0.001,2.5,48
657,98.3086930013515,97.41584858208596,0.06643362776257175,0.06620667362931809,180.17158999321916,179.81588679997287,2.6030757217883798,2.7920854633036534,11.80319036760938,11.057708780377803,2.6030757217883798,2.7920854633036534,24.98255164712451,27.271460423634338,0.07166178276141486,0.024005047976970676,0.001,2.5,48
658,98.50486033352843,97.61822859393048,0.06643717508282602,0.06620157536818282,180.1716137649892,179.81591075439516,2.613618689066601,2.8070214527307145,11.810794222294986,11.053377869120544,2.613618689066601,2.8070214527307145,24.959868788386373,27.26449275362319,0.06730190788706145,0.014588269094626115,0.001,2.5,48
659,98.31256062261623,97.4362978852845,0.06642404841866695,0.06620262843455833,180.17168418286835,179.81601447219168,2.6109225359386,2.7931050683144343,11.78042528483786,11.058740607920697,2.6109225359386,2.7931050683144343,24.959868788386373,27.306298773690077,0.06872950742642085,0.027340311557054523,0.001,2.5,48
660,98.60550889923611,97.39356596653278,0.06643216078829588,0.06620633067798587,180.17181606834524,179.816192363284,2.615319076103914,2.7897221928456157,11.825823735264777,11.060342041478641,2.615319076103914,2.7897221928456157,24.98429648241206,27.271460423634338,0.06805650889873506,0.02848433827360472,0.001,2.5,48
661,98.24976924595921,97.23152665656015,0.06643090623251084,0.06621332294362157,180.17198220602563,179.816311627859,2.5999067788522447,2.7823612483482028,11.800912902453868,11.050015663605604,2.5999067788522447,2.7823612483482028,24.947654941373532,27.285395763656638,0.07406914979219437,0.02933242420355479,0.001,2.5,48
662,98.59135918854203,97.79367637288743,0.06642688047451971,0.06618125132253797,180.17203361351753,179.8163104401517,2.617352241484863,2.82057531151418,11.816895355672758,11.047809807444564,2.617352241484863,2.82057531151418,24.98255164712451,27.313266443701227,0.06342021375894548,0.0035094271103541038,0.001,2.5,48
663,98.39761474836745,97.50707470480283,0.06642341712847503,0.066199271352103,180.17205129349983,179.81637569707107,2.60785313280916,2.8029451772919463,11.8066444598026,11.043376273684279,2.60785313280916,2.8029451772919463,24.935441094360694,27.292363433667784,0.07311512529850006,0.01726775988936424,0.001,2.5,48
664,98.54656315036222,97.38449035121447,0.06641684529204783,0.066204109850621,180.17214057819595,179.81644961653214,2.6148196433066055,2.7911443134215363,11.815535941432136,11.054261128431646,2.6148196433066055,2.7911443134215363,24.973827470686768,27.278428093645488,0.06608799969156584,0.025642034908135738,0.001,2.5,48
665,98.54399408261115,97.16757468395808,0.06642578763024587,0.06620810248655891,180.17224415469477,179.81657944049857,2.6108726246447818,2.779286508243884,11.826861364254235,11.04645053930207,2.6108726246447818,2.779286508243884,24.956379117811277,27.306298773690077,0.06744228427608809,0.029303417851527527,0.001,2.5,48
666,98.6746741958599,97.12626218902095,0.06641827156628967,0.06619965829844078,180.1723482693992,179.8166601324294,2.616135402174385,2.7765019601304393,11.837210591984388,11.046543284386829,2.616135402174385,2.7765019601304393,24.965103294249023,27.313266443701227,0.06666879852612813,0.02976338316996892,0.001,2.5,48
667,98.5154679091798,97.13990146313756,0.0664287237284861,0.06620029336165716,180.17244394473826,179.81672186888713,2.616785407324266,2.7783529131009828,11.803417162920828,11.043718234194628,2.616785407324266,2.7783529131009828,24.98255164712451,27.313266443701227,0.06654453401764233,0.02997412284215292,0.001,2.5,48
668,98.29158594393982,97.19009682087595,0.06641677569198254,0.06622137167236254,180.17252144541973,179.81683261737376,2.609568795304702,2.7802276908188492,11.780292976695456,11.048128734921066,2.609568795304702,2.7802276908188492,24.97033780011167,27.278428093645488,0.06998182584842046,0.0313846121231715,0.001,2.5,48
669,98.44466326264681,97.11412286652104,0.06641023512085802,0.06620287315311768,180.17264333355698,179.81696682935842,2.6114954125325416,2.7800966994120526,11.805129801125448,11.033330647409826,2.6114954125325416,2.7800966994120526,24.977317141261864,27.334169453734674,0.07070874546964964,0.028636059413353603,0.001,2.5,48
670,98.4735964292391,97.55205745813971,0.06642061974291015,0.06621124183875553,180.17272114161338,179.81698578429993,2.6085942611971893,2.807381450083344,11.8196178575856,11.039061486230977,2.6085942611971893,2.807381450083344,24.996510329424904,27.285395763656634,0.07164650037884714,0.0028278082609176657,0.001,2.5,48
671,98.25714965321909,97.24809740618319,0.06642051470849673,0.06621180229472315,180.1727458254576,179.81697726143375,2.606406115864922,2.786389666739249,11.78289289267901,11.041244670939752,2.606406115864922,2.786389666739249,24.98429648241206,27.292363433667784,0.07219323267539343,0.020645644515752796,0.001,2.5,48
672,98.4870234976129,97.1518680868606,0.06641365400267583,0.06621687215045065,180.1727519883316,179.81696535831313,2.618190255887611,2.780444162761753,11.793516613289272,11.039834294015483,2.618190255887611,2.780444162761753,24.952889447236178,27.271460423634338,0.06464892998337747,0.033378366380929954,0.001,2.5,48
673,98.47380686764741,97.44320676026403,0.06642299924301483,0.0661959504873368,180.17276869700117,179.81706557638006,2.6133005808412797,2.7989852355674754,11.80554046569624,11.042482944161796,2.6133005808412797,2.7989852355674754,24.975572305974314,27.278428093645488,0.06760846078395844,0.021314411113659545,0.001,2.5,48
674,98.32825526719915,97.69583729118807,0.06642346164860045,0.06620554461939816,180.17284597450632,179.8171331700407,2.6123929214520802,2.8167942194569204,11.779153072895582,11.039580316481116,2.6123929214520802,2.8167942194569204,24.942420435510886,27.34810479375697,0.06590098515152933,0.007113882650931668,0.001,2.5,48
675,98.27337517836851,97.136233042448,0.06642387971206336,0.06620518512677377,180.1729958930673,179.8173228660422,2.602714397283588,2.7805666716368567,11.797212443384693,11.036342062961431,2.602714397283588,2.7805666716368567,25.005234505862646,27.243589743589748,0.07439884543418886,0.03342442835370701,0.001,2.5,48
676,98.27436695892276,97.09005754607976,0.0664189944681067,0.06620250499106038,180.173087270815,179.81736185306158,2.6062384066444944,2.7789556793411703,11.786839687037174,11.031940445171019,2.6062384066444944,2.7789556793411703,24.945910106085986,27.271460423634338,0.0699726107219855,0.029731638729572296,0.001,2.5,48
677,98.41306455397593,97.13770303572035,0.06642438992246398,0.06622210429114182,180.1731051883506,179.8173491397962,2.6085791498638944,2.7832633268374667,11.807556012712965,11.028542701707304,2.6085791498638944,2.7832633268374667,24.95114461194863,27.285395763656638,0.07263247792919478,0.023152954876422886,0.001,2.5,48
678,98.23240711301615,97.20487510932064,0.06641847767970595,0.06619819280131205,180.17310347901852,179.81736301352478,2.606447597897998,2.783393026594334,11.777820292492109,11.041592716705573,2.606447597897998,2.783393026594334,24.958123953098823,27.299331103678934,0.07306359584132831,0.024255818376938507,0.001,2.5,48
679,98.29135268257691,97.12201749042522,0.06643370999112948,0.06618030929331174,180.1731570417957,179.81747257071595,2.6088659551966,2.7803995703973103,11.782351351284335,11.034005215111186,2.6088659551966,2.7803995703973103,24.952889447236178,27.271460423634338,0.06761934235692026,0.02809631948669752,0.001,2.5,48
680,98.28483621452455,97.18900772905936,0.06642028092105548,0.06618974044895613,180.1732393065223,179.81750194643652,2.603728000039265,2.785694387229523,11.796464586348621,11.031516836372639,2.603728000039265,2.785694387229523,24.989530988274705,27.327201783723524,0.07231332982579868,0.023612409830093387,0.001,2.5,48
681,98.2251516356274,97.15718325936011,0.06643580921421316,0.06619997829360902,180.17324781717366,179.81751437197826,2.6032501564785995,2.78325937518906,11.785958060983305,11.032455020392087,2.6032501564785995,2.78325937518906,24.972082635399218,27.25055741360089,0.07404808948437373,0.029563507686058674,0.001,2.5,48
682,98.24405314082344,97.37523654897343,0.06642905522370675,0.06619773727104598,180.1732627471554,179.8175231880169,2.606405574023424,2.7970008381466935,11.780273471562175,11.034841699394894,2.606405574023424,2.7970008381466935,24.993020658849805,27.243589743589748,0.06984355673193933,0.019098244607448578,0.001,2.5,48
683,98.45433117969286,97.26888365437223,0.06641900003939902,0.06621255094165682,180.1732521519722,179.81750911268236,2.6142226162027007,2.790921937495703,11.798879869552644,11.031804825608083,2.6142226162027007,2.790921937495703,24.956379117811277,27.22965440356745,0.06860889246066412,0.022971872240304943,0.001,2.5,48
684,98.2790010024688,97.18719631852115,0.06642936469180045,0.0662002318465355,180.17319122943582,179.8173934731595,2.60533317985946,2.7854181366454536,11.790480147454408,11.031981267217743,2.60533317985946,2.7854181366454536,24.972082635399218,27.278428093645488,0.06980763003230096,0.023464978983004887,0.001,2.5,48
685,98.2194462203234,97.05009265541366,0.06641568711849448,0.06618599283878966,180.17308881494466,179.81731131204393,2.6096417893541717,2.7757102739950485,11.765646121052308,11.033686997167509,2.6096417893541717,2.7757102739950485,24.977317141261864,27.271460423634338,0.06800682470202447,0.03227337946494421,0.001,2.5,48
686,98.19806227532264,97.12030697506806,0.06643194667073957,0.06619216444563611,180.173058754036,179.81736710624418,2.6048982512062318,2.783848528695213,11.77559667224577,11.023313976035203,2.6048982512062318,2.783848528695213,24.975572305974314,27.285395763656634,0.07205086449782054,0.025153848032156634,0.001,2.5,48
687,98.33254369472672,97.0664368337612,0.06642428459260936,0.06619577458946815,180.17311758265555,179.81739999604733,2.608782888831605,2.78264834546591,11.790840617326436,11.016139717745608,2.608782888831605,2.78264834546591,24.98429648241206,27.278428093645488,0.0691708115239938,0.028956722468137745,0.001,2.5,48
688,98.29206052883451,97.0927967692963,0.06641815269514843,0.06622282452918136,180.17320326218587,179.81750343329665,2.605915194259783,2.7849862094274997,11.791348226335147,11.014392604106577,2.605915194259783,2.7849862094274997,24.94939977666108,27.278428093645488,0.0721371757487456,0.029211538533369715,0.001,2.5,48
689,98.36962228391106,97.0971646890991,0.06641946261268915,0.06620334840652602,180.17329192946968,179.81760444037755,2.609964247682719,2.785521257182826,11.794713183750758,11.01366492617489,2.609964247682719,2.785521257182826,24.959868788386373,27.285395763656634,0.06931490823626518,0.03080100193619728,0.001,2.5,48
690,98.1217507772909,97.40103797981703,0.06643329065413163,0.06621554117747173,180.17337276654692,179.81765352842402,2.6074685697978865,2.8028099606002588,11.752623084077683,11.022570866555673,2.6074685697978865,2.8028099606002588,24.98953098827471,27.22965440356745,0.07193832471966745,0.01825220758716266,0.001,2.5,48
691,98.25316495724992,97.28332625849457,0.0664188826576369,0.06620870154150642,180.1733912696125,179.817675771389,2.61234522337174,2.799967269152569,11.764278867024572,11.007558217996872,2.61234522337174,2.799967269152569,24.965103294249023,27.292363433667784,0.06734522556265198,0.020460801819960277,0.001,2.5,48
692,98.28490307156697,97.0142796297403,0.06642168555481587,0.06618086116841812,180.17340811659412,179.81768929067928,2.60968891889822,2.7812454854465245,11.778594875413901,11.009919840838334,2.60968891889822,2.7812454854465245,24.98255164712451,27.278428093645488,0.06872782359520595,0.031350400298833854,0.001,2.5,48
693,98.13623027479362,97.01664006537284,0.06643245968695828,0.06620252388831399,180.17342595878358,179.8177118937972,2.606872361846006,2.7804547353266607,11.757307747517267,11.012759746433368,2.606872361846006,2.7804547353266607,25.027917364600782,27.313266443701227,0.0722064549724261,0.031543693194786705,0.001,2.5,48
694,98.3838902267912,97.04688007642858,0.06641984662913336,0.06619877336217686,180.17343522981847,179.81770388830202,2.613761665816416,2.783407059517858,11.786174403953858,11.009951550791762,2.613761665816416,2.783407059517858,24.94939977666108,27.327201783723524,0.06511805951595306,0.026493420203526814,0.001,2.5,48
695,98.10168108495503,96.91567898142165,0.06642145753937548,0.06619781001598188,180.17345734104507,179.81772499259898,2.605560563883257,2.777657326481148,11.75433557297533,11.000960791140896,2.605560563883257,2.777657326481148,24.966848129536572,27.299331103678934,0.07423892865578334,0.03342449665069581,0.001,2.5,48
696,98.36033182287935,97.08943904230294,0.0664267783522506,0.06618216278934828,180.173446260505,179.81775548426205,2.6151901804480655,2.784749606098884,11.77717580116707,11.014439018690332,2.6151901804480655,2.784749606098884,25.01046901172529,27.334169453734674,0.06768388797839484,0.03294184679786365,0.001,2.5,48
697,98.31281638997417,97.16852798111064,0.06641111701555298,0.06620631386279636,180.17349203780404,179.81777652131277,2.608866004588416,2.791045333563019,11.78664839026034,11.011364892631804,2.608866004588416,2.791045333563019,24.926716917922946,27.285395763656634,0.0677379754682382,0.025495005150636043,0.001,2.5,48
698,98.180541952917,97.11718938767977,0.06641622884053643,0.06619395139801204,180.17352834964584,179.81782579701084,2.600390754852263,2.786455495866512,11.785618158765574,11.0148689769034,2.600390754852263,2.786455495866512,24.956379117811277,27.278428093645488,0.07428568353255592,0.02553241575757663,0.001,2.5,48
699,98.13485154727529,97.20400835917546,0.06641735892397334,0.0662061946567153,180.17357221979591,179.817837111926,2.6079016279185834,2.792401292086179,11.7539472057209,11.014392959666225,2.6079016279185834,2.792401292086179,24.933696259073145,27.292363433667784,0.07011782253781955,0.017473973333835605,0.001,2.5,48
700,98.18983592925825,96.95366370159645,0.0664229141738052,0.0662004680874046,180.17359313853024,179.81790931833496,2.6061865121899936,2.7778685866723225,11.770088327768827,11.00792335482146,2.6061865121899936,2.7778685866723225,24.987786152987155,27.25752508361204,0.07117409755786261,0.03021623442570368,0.001,2.5,48
701,98.18909441433027,97.02738358769794,0.06642647866806838,0.06620327585456995,180.17365812263563,179.81798377018444,2.6055247608316403,2.78396297132424,11.771924573701398,11.00438350461498,2.6055247608316403,2.78396297132424,25.0,27.313266443701227,0.0734179417292277,0.02963781853516897,0.001,2.5,48
702,98.11548906195304,96.94737977407449,0.06642415317751015,0.06620552445125867,180.17369017116457,179.81799771900026,2.604330299658226,2.7837395428979943,11.760787366398015,10.98905260595955,2.604330299658226,2.7837395428979943,24.97033780011167,27.292363433667784,0.07050336524844171,0.027316947778066005,0.001,2.5,48
703,98.16890966406352,96.95537608841988,0.066428911223555,0.06618505499825728,180.17372670352026,179.8179918139542,2.604896519347684,2.778312258380844,11.769771839872144,11.006937776338164,2.604896519347684,2.778312258380844,24.97033780011167,27.278428093645488,0.072162002325058,0.028562268863121677,0.001,2.5,48
704,98.17588833255651,97.03555877817382,0.06642951463338413,0.06619268705323643,180.17370535866766,179.81802816507943,2.604273919088923,2.783235066943078,11.773035226966968,11.008204362945945,2.604273919088923,2.783235066943078,24.97033780011167,27.313266443701227,0.07265749946236612,0.02884271865089734,0.001,2.5,48
705,98.1526355899159,97.22345929932567,0.06642889783987659,0.06620437715854947,180.17377163597087,179.81808926681742,2.6038682154982467,2.7953498722651067,11.769601946758,11.009437713086804,2.6038682154982467,2.7953498722651067,24.994765494137354,27.278428093645488,0.07058088605602583,0.012920724848906197,0.001,2.5,48
706,98.14425156623675,97.17248670260112,0.06642393657047847,0.06618418730897536,180.17381277415822,179.81816456163742,2.6066236345379266,2.7917027911181704,11.759659831830739,11.010188575871412,2.6066236345379266,2.7917027911181704,24.973827470686768,27.292363433667784,0.07039496675133707,0.015824687977631893,0.001,2.5,48
707,97.97072036688319,96.94488490757469,0.06642726436181509,0.06620613237521683,180.17394300980786,179.81834122276095,2.601426869027612,2.7817999363244574,11.740543253694847,10.994372231763277,2.601426869027612,2.7817999363244574,24.979061976549414,27.327201783723524,0.07481223344802856,0.02535102392236392,0.001,2.5,48
708,98.0605814857632,96.88822833510945,0.06642484407899292,0.06621590535215145,180.174131355693,179.8184867774364,2.6020350606996607,2.7784728224294777,11.756691300689276,10.993020295739639,2.6020350606996607,2.7784728224294777,24.959868788386373,27.25752508361204,0.07524415105581285,0.030174344778060923,0.001,2.5,48
709,98.068093080084,97.07406097564144,0.06642710709125896,0.06619400534365953,180.17420208414197,179.8185045268623,2.6085490054512808,2.789342777635342,11.738651318408003,10.997581291383126,2.6085490054512808,2.789342777635342,24.93718592964824,27.292363433667784,0.07114179929097493,0.0185409759481748,0.001,2.5,48
710,98.10620220795083,97.10127837575531,0.06642304789632243,0.06619663516450917,180.17429638800843,179.81865156281617,2.6026386817005145,2.7934485729721477,11.76400491510404,10.990706975867717,2.6026386817005145,2.7934485729721477,24.963358458961476,27.299331103678934,0.07217616339524587,0.01441005369027456,0.001,2.5,48
711,98.15491409291108,97.28258762869946,0.06641922055836001,0.06620300382263107,180.1744141908813,179.81875338562358,2.602644553352907,2.8027404663189333,11.773730462436767,10.999091800015707,2.602644553352907,2.8027404663189333,24.926716917922946,27.25055741360089,0.06945308794577917,0.006953421980142589,0.001,2.5,48
712,97.95709935291596,97.04010966257374,0.06642697746741476,0.0661977472505584,180.17448767379037,179.8187526136205,2.606861251191611,2.789039432321371,11.721515845068502,10.991700340498452,2.606861251191611,2.789039432321371,24.97033780011167,27.299331103678934,0.07000556712349257,0.018364782134691882,0.001,2.5,48
713,97.98507258773583,96.9986583184505,0.06643274026416687,0.06621490961792109,180.17450586615294,179.8188282357676,2.5980608564791634,2.7865594309840844,11.75351041589517,10.990846681654652,2.5980608564791634,2.7865594309840844,24.959868788386373,27.26449275362319,0.07663742577036223,0.021997859080632523,0.001,2.5,48
714,98.09829758665937,97.79011664156663,0.06642630775560042,0.0661774798441997,180.17453985770678,179.81882783720724,2.602132246401608,2.8388981299190355,11.763942552533882,10.992129771339988,2.602132246401608,2.8388981299190355,24.95114461194863,27.299331103678934,0.07349047313133876,-0.012268986552953713,0.001,2.5,48
715,98.01844673992734,97.65873136302434,0.06642200538098124,0.06620565495509638,180.17457576539516,179.81885937012427,2.604223948922622,2.8297359493198737,11.741698247229236,10.993333527367716,2.604223948922622,2.8297359493198737,24.963358458961476,27.34810479375697,0.07482484603921573,-0.002863757312297811,0.001,2.5,48
716,98.00152499844813,97.09876519381801,0.06642258792142007,0.06618829366142268,180.17458251306695,179.8188659602583,2.611110166863381,2.7940389082217827,11.71765511821163,10.98843485871984,2.611110166863381,2.7940389082217827,24.956379117811277,27.299331103678934,0.06760367626945178,0.027081646025180817,0.001,2.5,48
717,97.97770770630444,96.82339651661705,0.06641938557801352,0.0662029450229992,180.1746160080152,179.81890789162753,2.6021326410785393,2.7770914603003956,11.739824804221032,10.984200493697339,2.6021326410785393,2.7770914603003956,25.00174483528755,27.292363433667784,0.07669191186626753,0.03333188841740291,0.001,2.5,48
718,97.9186213688768,96.85428638176508,0.06641328708888548,0.06621132772414863,180.17468278278923,179.81900764534973,2.5986768011729655,2.7795657338771798,11.738376314491283,10.982954089383417,2.5986768011729655,2.7795657338771798,24.975572305974314,27.285395763656638,0.07600334907571475,0.027386151254177097,0.001,2.5,48
719,97.82150653765096,97.55996203900979,0.06643129385461725,0.06620532724422618,180.17474588503856,179.81907441956275,2.5942397977780325,2.8230613016563915,11.732260645014124,10.993603660618115,2.5942397977780325,2.8230613016563915,24.944165270798436,27.278428093645488,0.07650567218661308,0.0015082508325576828,0.001,2.5,48
720,97.79632693705514,96.97411233126918,0.06642177126809308,0.06620793293427779,180.17484336329332,179.81919752568038,2.5973475362121694,2.784573277435707,11.717903481905585,10.99189716137306,2.5973475362121694,2.784573277435707,24.947654941373532,27.327201783723524,0.07556114345788957,0.021936892221371334,0.001,2.5,48
721,97.9850498005906,96.87487914410723,0.06641769356852474,0.0662158353451385,180.17497446708742,179.81929389383217,2.6025360027699413,2.778716567683645,11.740083416257237,10.989619163474444,2.6025360027699413,2.778716567683645,24.977317141261864,27.285395763656634,0.0726187489926815,0.028409363081057865,0.001,2.5,48
722,98.06312301929671,96.85548531756619,0.06642029370918152,0.0661904705381081,180.17501836352878,179.81931110648407,2.6024297429929892,2.778668292423289,11.756016336585276,10.985890285052783,2.6024297429929892,2.778668292423289,24.93893076493579,27.243589743589748,0.071801013002793,0.034528094033400215,0.001,2.5,48
723,97.94619364075525,96.92645849378876,0.06642354267083933,0.06620254336545793,180.17507491306114,179.81944866603035,2.6028489627355906,2.782911626391586,11.73137209364351,10.987352433237545,2.6028489627355906,2.782911626391586,24.987786152987155,27.299331103678934,0.07293565074602765,0.025216019401947662,0.001,2.5,48
724,97.94674249629878,97.00797779079,0.0664267869690806,0.0662128446906065,180.1751800419431,179.81948243774298,2.5961422512254724,2.791288350487632,11.751601345949437,10.978523978330154,2.5961422512254724,2.791288350487632,24.961613623673923,27.306298773690077,0.0773263139029344,0.016805169483025875,0.001,2.5,48
725,97.84950423293908,96.82855097319901,0.06642180108318915,0.06621746761146473,180.17525530467148,179.81960954554503,2.6024504182667854,2.77943648947787,11.71323018781903,10.978193261277516,2.6024504182667854,2.77943648947787,24.958123953098823,27.292363433667784,0.07183128595352173,0.027495792756477996,0.001,2.5,48
726,97.80111949660802,96.92320018814029,0.0664181028099854,0.0662058168361246,180.17536036918978,179.81970535300115,2.6043116480428234,2.7866613446436865,11.697970224376967,10.975450934599275,2.6043116480428234,2.7866613446436865,24.93020658849804,27.334169453734674,0.07091018930077553,0.030242403348286945,0.001,2.5,48
727,98.02524590132823,97.23117743128518,0.06641954104022964,0.06621598700581978,180.17544670287353,179.81975989211494,2.6120470764416015,2.807605707559033,11.71958893839122,10.974211086364361,2.6120470764416015,2.807605707559033,24.93893076493579,27.285395763656634,0.06757797797520955,0.015224539985259375,0.001,2.5,48
728,97.98653141830567,96.90146240103604,0.06642209491717367,0.06619324911038131,180.17550657162914,179.8197675807819,2.602139646184305,2.7875565210047903,11.7415678155557,10.968420285353625,2.602139646184305,2.7875565210047903,24.973827470686768,27.278428093645488,0.07539037615060808,0.029134603838125866,0.001,2.5,48
729,98.0519046593085,96.75202250294596,0.06641596062359004,0.06620081829779707,180.1754982346333,179.81979610329884,2.615129970588177,2.7803494989240716,11.71567274393365,10.960151956681424,2.615129970588177,2.7803494989240716,24.959868788386373,27.292363433667784,0.06474310408035915,0.02863801146547,0.001,2.5,48
730,97.97402249961375,96.7530532345724,0.06641888130517082,0.06619051940396842,180.1755299002415,179.81982422114217,2.6063876066134335,2.7829994762787718,11.726322806410655,10.952410209795238,2.6063876066134335,2.7829994762787718,24.931951423785595,27.25055741360089,0.07057680065433185,0.026452083140611645,0.001,2.5,48
731,97.85962989621827,96.86325858322408,0.0664190506898758,0.06619894721440604,180.1755507002324,179.81985281941084,2.6010388816654317,2.785677624403301,11.719490439939406,10.966415043633717,2.6010388816654317,2.785677624403301,24.993020658849805,27.278428093645488,0.07230364903807641,0.02184715246160826,0.001,2.5,48
732,97.95576421672708,96.95579424244637,0.06642715491360862,0.06619941802252644,180.17552962235268,179.8197629612558,2.6095899042097765,2.789638514918096,11.713062631562229,10.973039437538072,2.6095899042097765,2.789638514918096,24.972082635399218,27.271460423634338,0.0691180688639482,0.026435865710179016,0.001,2.5,48
733,97.89802621210971,96.75370262671208,0.06642809736529384,0.06621231098871953,180.1755648220404,179.81993189876027,2.6097155772336764,2.7784830454566674,11.701137801830926,10.966085052584923,2.6097155772336764,2.7784830454566674,24.986041317699605,27.313266443701227,0.0708825836579005,0.03123921652634939,0.001,2.5,48
734,97.88021538218993,96.6831414319467,0.06642600510098559,0.06620247890473625,180.17568936253448,179.81997273770995,2.5987320579817212,2.7787011292002006,11.730526608321867,10.951320418969644,2.5987320579817212,2.7787011292002006,24.966848129536572,27.2226867335563,0.07530072331428528,0.029099399844805404,0.001,2.5,48
735,97.98615749637086,96.99514610897604,0.06642715083495385,0.06619641744189973,180.17568351009717,179.81994504274732,2.6085468378564887,2.798614561391648,11.722270468088716,10.953982183774114,2.6085468378564887,2.798614561391648,24.987786152987155,27.299331103678934,0.0672259678443273,0.011287279427051546,0.001,2.5,48
736,97.73865933474184,96.9576541008625,0.0664202027037298,0.0662076985601927,180.17569822701978,179.81998092647112,2.6029153283392166,2.7947921614549895,11.689666722163283,10.957948808935173,2.6029153283392166,2.7947921614549895,24.961613623673927,27.299331103678934,0.07250551879405977,0.012912123153607055,0.001,2.5,48
737,97.7685397206439,96.76482398826276,0.06641234499968136,0.06619771589351778,180.17577893749953,179.82012244211788,2.6013059901049655,2.7793162407118874,11.700472356053721,10.965812657107344,2.6013059901049655,2.7793162407118874,24.947654941373532,27.278428093645488,0.07293699433406194,0.03478990991910299,0.001,2.5,48
738,97.7807721230386,96.69172749338607,0.06641899664608021,0.06619776004495921,180.17591583169687,179.8202781446004,2.600907030541893,2.7777972805626283,11.70411437468646,10.955750073245005,2.600907030541893,2.7777972805626283,24.972082635399218,27.278428093645488,0.07058904692530632,0.033827919512987144,0.001,2.5,48
739,97.6153477600072,96.95645026831058,0.06642564485613046,0.06622253540569893,180.1760308176096,179.8203406178433,2.5948633841508797,2.7948580676297277,11.689159018501831,10.95750729414897,2.5948633841508797,2.7948580676297277,24.958123953098823,27.285395763656638,0.07686486716071765,0.013788569718599333,0.001,2.5,48
740,97.72027595584983,96.80361408347403,0.06642240221910019,0.06620151151424494,180.1760775459871,179.82040133218436,2.601436408462303,2.7857380385449364,11.690426297394309,10.954304329344927,2.601436408462303,2.7857380385449364,24.979061976549414,27.285395763656638,0.0724507582684358,0.021326514581839248,0.001,2.5,48
741,97.77812669811004,96.7776382325618,0.06642721732788662,0.06619851113913496,180.1761724421061,179.82045609855334,2.601098886474193,2.7826272281283386,11.703007974545926,10.958442298257298,2.601098886474193,2.7826272281283386,24.973827470686768,27.26449275362319,0.07462842762470245,0.028176503876845043,0.001,2.5,48
742,98.00474877839379,96.73037673929996,0.06642301749848317,0.06621636430391066,180.17622339006644,179.82055026897487,2.6186835306822953,2.7843466801122414,11.695579352058026,10.94382799494858,2.6186835306822953,2.7843466801122414,24.958123953098823,27.299331103678934,0.0658804401755333,0.02292003979285558,0.001,2.5,48
743,97.69791445673543,96.74510488993879,0.06642098613655359,0.06618083769935645,180.17629108783055,179.8205762255019,2.597513949048213,2.782715617381078,11.697721529100974,10.951673851737809,2.597513949048213,2.782715617381078,24.965103294249023,27.292363433667784,0.07855312153697015,0.025070781509081527,0.001,2.5,48
744,97.67583786436194,96.74372397962888,0.06641829898773387,0.06621951890453422,180.17637487498826,179.82071742578228,2.6014432452872835,2.7801345141403124,11.681518961865265,10.959133240731731,2.6014432452872835,2.7801345141403124,25.005234505862646,27.271460423634338,0.07509479920069377,0.02860025937358539,0.001,2.5,48
745,97.6973907044984,96.71131635642503,0.06641272764410781,0.06620630839470569,180.17651765703292,179.82086392908192,2.598255662063458,2.783375606339512,11.695393203998464,10.942931075816105,2.598255662063458,2.783375606339512,24.972082635399218,27.25752508361204,0.07457871859272323,0.023378981898228336,0.001,2.5,48
746,97.66351528343444,96.57738525200314,0.06642103250801719,0.06618574274540799,180.17664518927407,179.82094982582058,2.602279317147701,2.777292273282473,11.676545567843815,10.934398918853887,2.602279317147701,2.777292273282473,24.979061976549414,27.25055741360089,0.07629019642869632,0.03141141186157863,0.001,2.5,48
747,97.49898999846228,96.64000461120138,0.06641659952714306,0.06618577341816399,180.17670239322615,179.8210196565492,2.5923215769884442,2.778460177058227,11.673514632041197,10.943419075721549,2.5923215769884442,2.778460177058227,24.935441094360694,27.313266443701227,0.0785756694773833,0.02894580612579982,0.001,2.5,48
748,97.65496006083849,96.72324035983685,0.06642026860870022,0.06617699791369115,180.17676927190064,179.8211268031079,2.592984461255209,2.7820799260368045,11.702719253253365,10.949208595481606,2.592984461255209,2.7820799260368045,24.973827470686768,27.299331103678934,0.07713876167933147,0.028471721957127254,0.001,2.5,48
749,97.65283061764482,96.62271138710055,0.06641791153095013,0.066181092847429,180.1768967142856,179.8211953948307,2.5994529390238568,2.7794510395065735,11.682888405490095,10.936988728874702,2.5994529390238568,2.7794510395065735,24.98429648241206,27.306298773690077,0.0761504297455152,0.0348896731932958,0.001,2.5,48
750,97.73256419505039,96.60945714277567,0.06642358154174247,0.06619518208333348,180.1769044853202,179.82117096662788,2.6085871384837387,2.7787404641957587,11.671431353971952,10.936466768807591,2.6085871384837387,2.7787404641957587,24.944165270798436,27.271460423634338,0.07075312361121179,0.03575569763779641,0.001,2.5,48
751,97.60672810435761,96.793217265885,0.06641670384092918,0.06619797268607283,180.17688138973506,179.82121905023305,2.607461576481594,2.7886611439345805,11.649642173810287,10.943456151613026,2.607461576481594,2.7886611439345805,24.987786152987155,27.26449275362319,0.07181915765007338,0.026426053295532864,0.001,2.5,48
752,97.80431485149462,96.67944229406658,0.06642116833113017,0.06618078761120129,180.17695243108346,179.8212338832177,2.6096156923623473,2.7826702537777166,11.682696225938018,10.938677348844381,2.6096156923623473,2.7826702537777166,24.972082635399218,27.22965440356745,0.06963744014501573,0.030409826586643856,0.001,2.5,48
753,97.77035951228332,96.6144331296285,0.0664070830861798,0.06620850634991689,180.17699050397462,179.82128323426878,2.601562130566019,2.7792297829785606,11.70006866554253,10.93599134645401,2.601562130566019,2.7792297829785606,24.98953098827471,27.25752508361204,0.07557537779212,0.030865820745627104,0.001,2.5,48
754,97.67445910090112,96.64947164098555,0.0664183629669582,0.06618545030581909,180.17701912804864,179.82132973453008,2.5991112123956435,2.7799610136909494,11.688239148779997,10.94080996664538,2.5991112123956435,2.7799610136909494,24.973827470686768,27.306298773690077,0.07897209500273068,0.030597218622763957,0.001,2.5,48
755,97.66583595124122,96.84406136403248,0.06641364567473139,0.06621251633641245,180.1771232141322,179.82148735844837,2.602481884747694,2.7963331748576734,11.676403389749646,10.930605975306753,2.602481884747694,2.7963331748576734,24.947654941373532,27.299331103678934,0.0731592265268167,0.015517279505729675,0.001,2.5,48
756,97.72663762288543,96.6410883536174,0.06641728291708944,0.06620357375631346,180.17726869286273,179.82157876060958,2.602896538390952,2.7841309476623035,11.687318990902485,10.926619839101797,2.602896538390952,2.7841309476623035,24.942420435510886,27.25752508361204,0.07120182241002719,0.026899681737025585,0.001,2.5,48
757,97.44903422027643,96.93844581926147,0.06642071464313902,0.0662010578791556,180.1773511547406,179.82164206406478,2.5936015947097375,2.8010734494779688,11.659682497207443,10.935264387208482,2.5936015947097375,2.8010734494779688,24.958123953098823,27.306298773690077,0.07644667352239291,0.018920009334882106,0.001,2.5,48
758,97.646781762441,96.60832963553293,0.0664086699745448,0.06620413847038306,180.17738307780357,179.8216782729894,2.6058262973516295,2.778649924441325,11.662560177932633,10.936510964704796,2.6058262973516295,2.778649924441325,24.942420435510886,27.271460423634338,0.07283529390891394,0.029430990417798366,0.001,2.5,48
759,97.50076337275992,96.61334568441511,0.06641750841457542,0.06621033587368241,180.17740932641118,179.8216802600767,2.6009798253892122,2.781854367624956,11.647894222624204,10.927899596002057,2.6009798253892122,2.781854367624956,24.942420435510886,27.271460423634338,0.07381664092342059,0.028306225935618084,0.001,2.5,48
760,97.56442295792779,96.73654033933063,0.06643369292329183,0.06619892768930094,180.17744841268112,179.82177482427429,2.5899942985822677,2.7925290593102887,11.693579447678786,10.920516754829698,2.5899942985822677,2.7925290593102887,24.93195142378559,27.334169453734674,0.07674577335516612,0.023830847193797435,0.001,2.5,48
761,97.7108469274309,96.6166181442065,0.06642497267856828,0.06618409074484528,180.1775530180673,179.82183120322466,2.605306505986361,2.7816798236291675,11.676929409796136,10.929083070851688,2.605306505986361,2.7816798236291675,24.963358458961476,27.271460423634338,0.06971502055724461,0.030326248457034435,0.001,2.5,48
762,97.48292415824967,96.77466721704837,0.06642221616002743,0.06619069476290519,180.17755173105957,179.82187412547958,2.6032150376698344,2.79590310221133,11.637619759793857,10.91802162193634,2.6032150376698344,2.79590310221133,24.994765494137354,27.26449275362319,0.07387149209777515,0.015012892584005996,0.001,2.5,48
763,97.68546091252237,96.79074296292121,0.06641354163245695,0.06618903965280844,180.17760167163155,179.82185546849485,2.6066242950562324,2.7964584289851664,11.667901112626778,10.91957101761597,2.6066242950562324,2.7964584289851664,24.973827470686768,27.292363433667784,0.07366302112738292,0.015409818540016815,0.001,2.5,48
764,97.48857254106063,96.58134015188568,0.06642402464019691,0.06620781510530865,180.17761219805809,179.8218917583542,2.603194772161331,2.7799397177387903,11.638809829946174,10.927243047766595,2.603194772161331,2.7799397177387903,24.961613623673923,27.25752508361204,0.07484408840537073,0.0280673863987128,0.001,2.5,48
765,97.55669648097522,96.68737290110211,0.06641622980218664,0.06618741142307426,180.1776712270904,179.82200956185127,2.595580940732305,2.7902959097621167,11.675277686194791,10.917384994917091,2.595580940732305,2.7902959097621167,24.979061976549414,27.299331103678934,0.07712282364567122,0.018269963562488556,0.001,2.5,48
766,97.59521463408542,96.67247954977795,0.06641491168715268,0.06620432130044095,180.17774207781042,179.82201287339763,2.6027440512308457,2.788574357844117,11.661492162563492,10.919567615358593,2.6027440512308457,2.788574357844117,24.97033780011167,27.292363433667784,0.07426699871818225,0.022004740933577224,0.001,2.5,48
767,97.62815103578806,96.54108371117974,0.06642646594553799,0.06621982223071674,180.17773082041992,179.82203337526906,2.6011604132273223,2.7802761866894854,11.672828120885116,10.918179750442505,2.6011604132273223,2.7802761866894854,24.961613623673923,27.25752508361204,0.07176784922679265,0.029121890664100657,0.001,2.5,48
768,97.56590231698961,96.56417934471948,0.06642141190582383,0.06620693076510924,180.177774478243,179.8220739658328,2.5957356707459716,2.7813888051471314,11.676653654385818,10.91946364420081,2.5957356707459716,2.7813888051471314,24.94939977666108,27.25752508361204,0.07800897086660068,0.031498135377963386,0.001,2.5,48
769,97.48361129137739,96.58195811317385,0.06642040519827073,0.06619421759749783,180.17790193460561,179.8222649375199,2.5986395951033905,2.7818884289384287,11.651483788000577,10.921523055769795,2.5986395951033905,2.7818884289384287,24.977317141261864,27.320234113712377,0.07796713958183925,0.03146583214402199,0.001,2.5,48
770,97.3975241238814,96.54116648734612,0.06642473165126148,0.06619811523310878,180.17804226144474,179.82235102310628,2.5980454068911736,2.7812490684033233,11.636048106379945,10.915282009204759,2.5980454068911736,2.7812490684033233,24.968592964824122,27.278428093645488,0.076109795520703,0.02697414656480154,0.001,2.5,48
771,97.27733328447603,96.55279736933501,0.0664196563590513,0.0662023360410582,180.17809493005242,179.8223565539123,2.5942245021895083,2.780195076512785,11.623473658616952,10.920769466188972,2.5942245021895083,2.780195076512785,24.952889447236178,27.271460423634338,0.07806645209590596,0.027828081200520202,0.001,2.5,48
772,97.52849843194537,96.49101424536178,0.06642255341544612,0.06618920076305597,180.17813506937105,179.82245828714656,2.605831600800531,2.7806220310786895,11.63888476183716,10.907134487087047,2.605831600800531,2.7806220310786895,24.933696259073145,27.299331103678934,0.06947157407800357,0.029807681838671368,0.001,2.5,48
773,97.54141112428215,96.48758903687349,0.06641062356393142,0.06618732083690773,180.1781725587957,179.8225008488499,2.605197728245968,2.781662363720977,11.643371290680685,10.90332872880708,2.605197728245968,2.781662363720977,24.986041317699605,27.320234113712377,0.06976947933435441,0.02654535944263141,0.001,2.5,48
774,97.42620430879258,96.59008355470273,0.06642475783633443,0.06617778736485293,180.17827455142833,179.82257163471468,2.5966702945892335,2.7874976267649845,11.645909376396673,10.906323743928036,2.5966702945892335,2.7874976267649845,24.945910106085986,27.285395763656634,0.07357382153471312,0.021132667859395354,0.001,2.5,48
775,97.47200151623993,96.50982389136435,0.06641394330078586,0.06620738230671473,180.17833995066962,179.82264067270816,2.60007585823486,2.784620224748434,11.644854280654611,10.898898069102032,2.60007585823486,2.784620224748434,24.979061976549414,27.292363433667784,0.07151147350668907,0.02752936879793803,0.001,2.5,48
776,97.39163750313567,96.59841431954766,0.06642010583116757,0.06620260471284185,180.17843884658973,179.8227585026519,2.597109425548799,2.7889109596261217,11.637679478743268,10.90374492706031,2.597109425548799,2.7889109596261217,24.994765494137354,27.278428093645488,0.07506452128291131,0.02812992160518965,0.001,2.5,48
777,97.52181225033327,96.46259785974304,0.06642477137262759,0.06620235349992874,180.17850042048408,179.82271813867882,2.6018410791554043,2.778500738085446,11.64951856721386,10.907812337861413,2.6018410791554043,2.778500738085446,24.98429648241206,27.243589743589748,0.07475779702266058,0.03091100975871087,0.001,2.5,48
778,97.45383574708357,96.43896949942427,0.06641836212963734,0.06618414334700505,180.17845382462792,179.82273810669994,2.5983711352550007,2.779282170560714,11.646334334504898,10.900745974211988,2.5983711352550007,2.779282170560714,24.963358458961476,27.25752508361204,0.07760584726929665,0.03357012321551641,0.001,2.5,48
779,97.58010019129843,96.4592263454046,0.06642819456206267,0.06619438826261688,180.17850392967014,179.82280991149187,2.5984058775494447,2.7851382872066903,11.671481033723692,10.887227070188708,2.5984058775494447,2.7851382872066903,24.99127582356226,27.243589743589748,0.07453193018833797,0.03191726158062618,0.001,2.5,48
780,97.40342885991303,96.56219072458869,0.06641615117740975,0.06620745889764416,180.17856214819906,179.82285434160477,2.601907114162916,2.7919754953587734,11.625645493588289,10.887305489891814,2.601907114162916,2.7919754953587734,24.979061976549414,27.278428093645488,0.07463697716593742,0.02708017081022263,0.001,2.5,48
781,97.37489566717782,96.3776610049117,0.06642291275205697,0.06619155815890619,180.17861861260096,179.82292323567,2.5955571386025045,2.78154375202281,11.63898744315142,10.881697928601483,2.5955571386025045,2.78154375202281,24.956379117811277,27.299331103678934,0.0776355564594269,0.03269124776124954,0.001,2.5,48
782,97.59014334218053,96.42686184938403,0.06642499553083886,0.0662099857527085,180.17869393849492,179.82302682801102,2.605841045902802,2.7828189734298916,11.651184785780394,10.88770883379207,2.605841045902802,2.7828189734298916,24.98429648241206,27.2226867335563,0.06857134650150935,0.03583873560031255,0.001,2.5,48
783,97.45158679960561,96.45810412191095,0.0664178116910654,0.06620303356091059,180.17878628436043,179.82307332548143,2.6008119427587055,2.7834434792515697,11.638562195818395,10.892085274218383,2.6008119427587055,2.7834434792515697,24.954634282523728,27.26449275362319,0.07592597976326944,0.035356568793455764,0.001,2.5,48
784,97.3150994631247,96.27273763594951,0.06642100729057086,0.06621184175608737,180.17886226094683,179.823162358873,2.605025889993646,2.782781950473254,11.598622306074795,10.856994648724628,2.605025889993646,2.782781950473254,24.94939977666108,27.271460423634338,0.07064299782117207,0.02465616414944331,0.001,2.5,48
785,97.42809082182475,96.26188163693534,0.06641888049509997,0.06619636001384092,180.17893910947157,179.82324755656944,2.6009206143564048,2.77742134725702,11.633536742992868,10.870908411815678,2.6009206143564048,2.77742134725702,24.972082635399218,27.313266443701227,0.07645054906606674,0.0333130235473315,0.001,2.5,48
786,97.28487794270136,96.36789612387334,0.0664240119995899,0.06618831153727546,180.17899472829285,179.82327145756688,2.5940243606832625,2.782043230706367,11.625581858890774,10.878247186059802,2.5940243606832625,2.782043230706367,24.996510329424904,27.285395763656634,0.07605705658594768,0.03643019000689189,0.001,2.5,48
787,97.16167380888324,96.47184701029671,0.06642573946362648,0.06617327412453848,180.17902423601984,179.8233828394442,2.5905435412107134,2.7857304718781477,11.611383172992818,10.887978674069364,2.5905435412107134,2.7857304718781477,24.94939977666108,27.25055741360089,0.08195883904894194,0.027711018919944767,0.001,2.5,48
788,97.21666868447858,96.50305694693839,0.06641904163384235,0.06618773356403158,180.17913751233428,179.82343894901086,2.595205117813673,2.7887194187545457,11.608398772875967,10.885250899496354,2.595205117813673,2.7887194187545457,24.944165270798436,27.26449275362319,0.07741886874039967,0.024725601077079783,0.001,2.5,48
789,97.36457661488147,96.31889876952539,0.06641555092977768,0.06620103287286969,180.17921047487584,179.82350791072102,2.5978693006500926,2.7801262217520866,11.62998845659525,10.874196328937076,2.5978693006500926,2.7801262217520866,24.94939977666108,27.292363433667784,0.07563470428188641,0.030752566953500125,0.001,2.5,48
790,97.34039987444811,96.49970012869989,0.06642169992892648,0.0661847470382148,180.17927334276678,179.82359702238935,2.601981344347324,2.7905805908650194,11.612815720643297,10.878996721287171,2.601981344347324,2.7905805908650194,24.963358458961476,27.271460423634338,0.07633406917254132,0.023074607054392505,0.001,2.5,48
791,97.33867617747693,96.30418354372516,0.06642374037772686,0.06620796257493942,180.17935895680182,179.82367730672277,2.5940037928708835,2.7800313917589823,11.636403288482155,10.871536220420763,2.5940037928708835,2.7800313917589823,24.99825516471245,27.292363433667784,0.07849645987153055,0.030245877802371982,0.001,2.5,48
792,97.29780155037582,96.35572935825208,0.06641491101201931,0.06621561752270959,180.17943951259574,179.82373728746822,2.598981811577118,2.7802520516757316,11.613295965982443,10.881181846419507,2.598981811577118,2.7802520516757316,24.95114461194863,27.292363433667784,0.0755596732099851,0.03450000782807669,0.001,2.5,48
793,97.27025208081831,96.52744000758082,0.06642613709651649,0.06620446197095779,180.17948516196608,179.82377506471929,2.5994985235146744,2.7962722204700365,11.606233704125893,10.867465689570674,2.5994985235146744,2.7962722204700365,24.966848129536572,27.313266443701227,0.07495596508185069,0.018593542277812965,0.001,2.5,48
794,97.1185144399678,96.45978691639044,0.06642373722664364,0.06620457011374385,180.17953220470733,179.82385581406197,2.5940251826058547,2.7929564866433574,11.592306633274491,10.863882179593162,2.5940251826058547,2.7929564866433574,24.944165270798436,27.306298773690077,0.07684491450587909,0.020345671723286312,0.001,2.5,48
795,97.21588820095904,96.40900674286229,0.06642318462199814,0.06621633237023611,180.17961882420056,179.82390463445233,2.5971188274659904,2.788668041228583,11.602500582684824,10.866589214789828,2.5971188274659904,2.788668041228583,24.93718592964824,27.278428093645488,0.07632224385937056,0.02107401440540949,0.001,2.5,48
796,97.15554302594704,96.39605243761537,0.06642795622445104,0.0661835198205036,180.17968115887786,179.82397182410378,2.5966490370303075,2.787056747122087,11.591840002384183,10.868838695238201,2.5966490370303075,2.787056747122087,24.959868788386373,27.285395763656638,0.07610703508059184,0.03047923495372137,0.001,2.5,48
797,97.24041394385993,96.58463890443545,0.06641468973234016,0.06622239897228784,180.17970354200273,179.82396498651408,2.600327480216222,2.798290368489331,11.597781416363619,10.872847354473544,2.600327480216222,2.798290368489331,24.952889447236178,27.271460423634338,0.07422505691647531,0.02312762786944708,0.001,2.5,48
798,97.20703114576675,96.71631435593103,0.06641185963241399,0.06620355737649221,180.17971633194145,179.82394977437215,2.596280405003555,2.8059681125707847,11.603246699471603,10.876153000920114,2.596280405003555,2.8059681125707847,24.93020658849804,27.25752508361204,0.07690036048491797,0.01679635172088941,0.001,2.5,48
799,97.30459514907591,96.28627732366225,0.06642400716015691,0.06619248710725563,180.17966577455627,179.82389217422426,2.5996331724373074,2.7832114499481757,11.612698750883458,10.858417883747927,2.5996331724373074,2.7832114499481757,24.961613623673927,27.285395763656634,0.07673661534984907,0.034549182901779815,0.001,2.5,48
800,97.13687799337656,96.37945292599358,0.0664252684244155,0.0661726743329453,180.17962678233582,179.82390675124782,2.5937430131941253,2.7894153142619955,11.596825581150037,10.858445338630757,2.5937430131941253,2.7894153142619955,24.93718592964824,27.292363433667784,0.07730775574843089,0.020656136174996707,0.001,2.5,48
