epoch,train_loss,val_loss,train_recon_loss,val_recon_loss,train_kl_loss,val_kl_loss,train_age_loss,val_age_loss,train_site_loss,val_site_loss,train_age_mae,val_age_mae,train_site_acc,val_site_acc,train_age_r2,val_age_r2,current_beta,current_grl_alpha
1,55.71358716827341,57.831355704112994,0.012772268916743884,0.018632275902706642,6.68804727247612,5.003499511093599,3.126955482827958,3.1621123843368477,1.7592861764195378,2.076199940614477,3.126955482827958,3.1621123843368477,40.95477386934673,45.48494983277592,-0.26070940494537354,-0.263690710067749,7.686158073360571e-06,0.0
2,54.671059677149586,54.859593713562624,0.028155690639387422,0.019356579622596404,4.100595124402837,8.457066127687792,3.080742970583227,3.0818120141491843,1.6863444552349685,1.7225962295181376,3.080742970583227,3.0818120141491843,39.27973199329983,40.13377926421405,-0.2147541046142578,-0.19992470741271973,9.154408582006738e-06,0.025
3,51.47369685085175,60.29585587619539,0.09317287053894158,0.29902120358170475,19.996317852282246,39.33926858551128,2.9425390840974486,3.320044531072661,1.4484435667344673,2.0391468762554052,2.9425390840974486,3.320044531072661,39.11222780569514,45.48494983277592,-0.15394043922424316,-0.48051178455352783,1.0941850065037413e-05,0.05
4,50.58314803617085,50.890212310995146,0.37426525389329474,0.2870872761294196,48.03129218531214,46.80446929676477,2.8671962164554565,2.95047978015249,1.440062040859331,1.2690633415777148,2.8671962164554565,2.95047978015249,42.211055276381906,49.49832775919732,-0.09665107727050781,-0.026131629943847656,1.3116306549289961e-05,0.075
5,52.58099375458019,53.40206420541208,0.1825484692101902,0.12373477903297514,39.3159190550122,34.16175878008074,2.931706028767367,2.9389587820174303,1.6844470023709526,1.838682093747882,2.931706028767367,2.9389587820174303,43.383584589614735,45.819397993311036,-0.12388193607330322,-0.029253602027893066,1.5759257661579782e-05,0.1
6,53.92133801586464,54.291506904423436,0.12855118977364582,0.16346356920574023,34.8519556885788,37.42743375389074,2.9168477409848417,2.9690918332358267,2.007881970062128,1.9181916626002078,2.9168477409848417,2.9690918332358267,44.388609715242886,45.819397993311036,-0.13269197940826416,-0.09405839443206787,1.896822375212947e-05,0.125
7,54.43758906072109,54.43481190148803,0.16630998408574754,0.15170347486251973,35.823925190834544,31.955062674838164,2.9107170160891025,2.995823010951779,2.1219408520102703,1.8690064017190582,2.9107170160891025,2.995823010951779,40.787269681742046,46.48829431438127,-0.12911295890808105,-0.1519237756729126,2.285938966519435e-05,0.15
8,54.75887652577667,55.70780030062366,0.17558150327884572,0.21236914331498352,35.79127634070826,43.898782608899786,2.897813810974709,2.917946248548884,2.223020240889123,2.3450053559497848,2.897813810974709,2.917946248548884,42.04355108877722,45.819397993311036,-0.11064457893371582,-0.05221354961395264,2.7570396583288997e-05,0.17500000000000002
9,56.45772593384812,56.35259148588148,0.2003804113297806,0.10980150188291352,45.09999161149988,29.217346287092635,2.8725231828002675,2.9511488082018187,2.63359962316414,2.3949172759933215,2.8725231828002675,2.9511488082018187,41.45728643216081,45.819397993311036,-0.09974563121795654,-0.13354074954986572,3.326316923375208e-05,0.2
10,59.6311416498181,58.60200127949284,0.1326342079307965,0.12113385390876527,35.274510797344064,30.450160106288948,2.8658695632289204,2.9249466031690106,3.301809974651241,2.9210896476056663,2.8658695632289204,2.9249466031690106,40.95477386934673,45.819397993311036,-0.08983266353607178,-0.03427600860595703,4.012655707396759e-05,0.22499999999999998
11,62.79021484528354,70.3015396730557,0.1715262088444165,0.38950302479259147,35.29393452016552,60.539159360139266,2.895565503805726,3.1453027302604855,3.836700064852409,4.545912630980629,2.895565503805726,3.1453027302604855,40.95477386934673,45.819397993311036,-0.12786602973937988,-0.02594625949859619,4.837844730438922e-05,0.25
12,67.39157364556138,65.37137361354253,0.3774809000679796,0.20432618300252933,59.20202391990266,40.62026871646128,2.95429507491976,2.986824155252514,4.539243363455512,4.072462620942489,2.95429507491976,2.986824155252514,40.95477386934673,45.819397993311036,-0.10905981063842773,-0.057535529136657715,5.826685172296986e-05,0.275
13,69.3837948708079,72.83676208700224,0.23020403728612904,0.42809194884571344,46.74615792892686,77.89437736077453,2.9342355544443306,2.9825673183071175,5.02735676517838,5.532940744955005,2.9342355544443306,2.9825673183071175,40.95477386934673,45.819397993311036,-0.12164783477783203,-0.058860182762145996,7.006928192300347e-05,0.3
14,71.19805379129535,66.56488274411613,0.49465310548617814,0.2853797892463646,88.50543653785284,65.09250171367938,2.934859491872228,2.9160285275118007,5.334613322412948,4.506720355521875,2.934859491872228,2.9160285275118007,40.95477386934673,45.819397993311036,-0.11140155792236328,-0.0696876049041748,8.408952379742846e-05,0.325
15,70.39253370326568,68.3207277534,0.22399041291257643,0.2134205172193489,56.82526181091615,59.66599049137587,2.8634538155304927,2.928703165373276,5.442203279715686,4.834151283953102,2.8634538155304927,2.928703165373276,40.95477386934673,45.819397993311036,-0.07010030746459961,-0.06664097309112549,0.00010065073863056549,0.35000000000000003
16,72.74687138594176,75.88660698830084,0.3319448206692285,0.44186894620541345,81.91468342025476,99.71533685384387,2.8925411261905176,2.9601205631243346,5.803394610758003,6.206190763109903,2.8925411261905176,2.9601205631243346,40.95477386934673,45.819397993311036,-0.09670603275299072,-0.0020067691802978516,0.00012008371910009542,0.375
17,73.82189448115415,68.6680566666517,0.36200859513714084,0.23665054147458794,85.23311152370331,62.54526299058793,2.8813865452355873,2.961924908551883,6.045384680206452,4.798721150809706,2.8813865452355873,2.961924908551883,40.95477386934673,45.819397993311036,-0.09214949607849121,-0.13556122779846191,0.00014270921383558732,0.4
18,73.67337875749598,72.07505384974655,0.24185086055416957,0.27809648061277076,64.4349310026696,75.80589786899529,2.8628958948892564,2.89918875215843,6.095442418077683,5.659265803652862,2.8628958948892564,2.89918875215843,40.95477386934673,45.819397993311036,-0.1178210973739624,0.004763960838317871,0.0001688136332512095,0.42500000000000004
19,75.48847186984729,72.7162638380376,0.30983397499400767,0.28485394391327795,84.25810970133873,79.54647725082958,2.906329455287812,2.9015851076630046,6.313392425102604,5.778367229129957,2.906329455287812,2.9015851076630046,40.95477386934673,45.819397993311036,-0.10884296894073486,0.016215085983276367,0.0001986182953299768,0.44999999999999996
20,75.31643607748214,67.07634136748553,0.261900057295459,0.1846080389509233,70.78029470268007,44.18399322152536,2.9056500318262044,2.884906078262074,6.2906695346736425,4.721576102202553,2.9056500318262044,2.884906078262074,40.95477386934673,45.819397993311036,-0.10353803634643555,-0.018516063690185547,0.0002322437412844814,0.475
21,75.22836758663107,78.98566242843168,0.3073906547559965,0.47871535199143017,71.82507059681954,108.66809281058933,2.887016478096021,2.9613552364617286,6.319271943077969,6.811462729272236,2.887016478096021,2.9613552364617286,40.95477386934673,45.819397993311036,-0.10127246379852295,-0.0060694217681884766,0.00026967247994862516,0.5
22,75.89214183098107,67.42809905495533,0.3351665273733075,0.19405572006734317,83.27228985759281,46.113799921246276,2.8538959237998056,3.0394408926118577,6.544532692013075,4.325620813114587,2.8538959237998056,3.0394408926118577,40.95477386934673,45.819397993311036,-0.11203622817993164,-0.2604106664657593,0.0003107154933535152,0.525
23,75.93334996720255,76.90139683752156,0.23299669360795014,0.3174798949107677,63.55785291917759,92.56025170163566,2.870263199510686,2.9102519937980933,6.524768827748258,6.57945626077046,2.870263199510686,2.9102519937980933,40.95477386934673,45.819397993311036,-0.07781767845153809,-0.06516361236572266,0.00035498935008043036,0.55
24,76.31871128561508,67.95568950997547,0.2869314313234396,0.20481642736838415,83.10542593848965,56.559147519012754,2.8651635211516466,2.91206022728247,6.604185342389335,4.809447768539888,2.8651635211516466,2.91206022728247,40.95477386934673,45.819397993311036,-0.12275505065917969,-0.0827186107635498,0.00040191102754766046,0.5750000000000001
25,76.5533327393396,69.67463622842745,0.20568864669033032,0.1937971237710487,54.51039933758964,50.69278766797937,2.875209613860752,2.925041491371333,6.638986157811866,5.11647409100995,2.875209613860752,2.925041491371333,40.95477386934673,45.819397993311036,-0.09318709373474121,-0.08981633186340332,0.0004507158366848345,0.6
26,76.9173883792743,75.3167339312193,0.19896012564600013,0.2066155728887156,52.73588019519595,59.21418394771308,2.906211968442703,2.958862439445827,6.619770651486651,6.139509124500695,2.906211968442703,2.958862439445827,40.95477386934673,45.819397993311036,-0.0999155044555664,-0.007835030555725098,0.0005005,0.625
27,77.03214277973527,78.27200848123302,0.1855045043094274,0.22148397400427025,53.02433847782001,65.54334646882022,2.889857495050734,2.924513949199664,6.693919655466,6.8293492786063,2.889857495050734,2.924513949199664,40.871021775544385,45.819397993311036,-0.09856963157653809,-0.07471764087677002,0.0005502841633151655,0.65
28,77.32925752419324,67.47804443971768,0.21872418242782804,0.1539887441041876,63.36971732799332,48.37460630793237,2.9033165816685664,2.8848912309244725,6.704564047418847,4.8043411966151615,2.9033165816685664,2.8848912309244725,40.95477386934673,45.819397993311036,-0.1031196117401123,-0.056134939193725586,0.0005990889724523396,0.675
29,77.93535203789946,78.34676460597827,0.2562366313670748,0.2852556227042922,71.49395290611177,80.56231625662201,2.9275154448434137,3.0132608900102085,6.744039746385124,6.562110227884657,2.9275154448434137,3.0132608900102085,40.95477386934673,45.819397993311036,-0.1745014190673828,0.04175388813018799,0.0006460106499195698,0.7000000000000001
30,76.62216362881301,74.60073421312416,0.1945315996556226,0.1981711242609598,58.26560656549144,63.60358607569666,2.8257383737132775,2.9140827137490977,6.800267441588231,6.1294839342302305,2.8257383737132775,2.9140827137490977,40.787269681742046,45.819397993311036,-0.028430700302124023,-0.07011020183563232,0.0006902845066464847,0.725
31,77.12880509981957,71.14276679303734,0.22667404629876667,0.17081771800948625,72.44233991153276,61.786781221727864,2.804164866107193,2.883812812658457,6.957336012841869,5.533913939294209,2.804164866107193,2.883812812658457,40.871021775544385,45.819397993311036,-0.06558835506439209,0.011401116847991943,0.0007313275200513749,0.75
32,78.31340980210297,81.2023253680073,0.18038761857865843,0.2559931896203338,68.40847180237122,92.22170175915977,2.891608178316049,2.92460837172824,6.941262353804443,7.401261862305096,2.891608178316049,2.92460837172824,40.871021775544385,45.819397993311036,-0.11364400386810303,0.0693819522857666,0.0007687562587155186,0.775
33,78.20856818322162,72.91471566803081,0.20461097287273086,0.1545082210597386,87.12236810169827,84.54394498078719,2.8785570977720583,2.9435034930506676,6.951138844641808,5.707963849389833,2.8785570977720583,2.9435034930506676,40.36850921273032,44.481605351170565,-0.07041335105895996,0.0537911057472229,0.0008023817046700233,0.8
34,78.81618398797372,65.28194629069554,0.273051713179903,0.13496103788099958,101.53933848727688,67.9813340100955,2.8989164513758876,2.9027359637129666,6.994976721017604,4.309874182162077,2.8989164513758876,2.9027359637129666,40.619765494137354,39.46488294314381,-0.12388193607330322,-0.058829426765441895,0.0008321863667487907,0.8250000000000001
35,79.2948942967196,80.41754152942262,0.1623681793660175,0.24623623211248263,71.72358662718705,88.56974055057385,2.9360795432399067,2.921708972159038,7.005954553134477,7.253930766446933,2.9360795432399067,2.921708972159038,38.60971524288107,45.48494983277592,-0.08296728134155273,-0.09777355194091797,0.0008582907861644128,0.8500000000000001
36,78.52769131556627,63.011204416536565,0.24990767689805535,0.11473003361237089,89.10795758117982,59.664258248829924,2.838122030398754,2.929516032387979,7.125491147864005,3.780234746709715,2.838122030398754,2.929516032387979,38.860971524288104,34.448160535117054,-0.09814536571502686,-0.09725940227508545,0.0008809162808999045,0.875
37,80.12885465893514,68.22450019045418,0.14033838079452915,0.10710977139979302,69.99105638794764,66.09804496637555,2.874822053477992,3.0622665906032194,7.360633809362824,4.424776062120164,2.874822053477992,3.0622665906032194,30.90452261306533,25.08361204013378,-0.11432456970214844,-0.22775769233703613,0.0009003492613694345,0.8999999999999999
38,80.37642607057913,74.6821231905832,0.20738916842881558,0.16138941318693767,92.85961967736633,84.13515719920895,2.8892920061172154,2.956798471335982,7.348902618465711,6.018321759724697,2.8892920061172154,2.956798471335982,34.003350083752096,29.76588628762542,-0.12145638465881348,-0.075705885887146,0.0009169104762025716,0.925
39,79.74378250352102,88.2554371301147,0.12408777160360984,0.2146065528675864,79.05842373079591,114.4680932086447,2.8219726153554228,3.0009885344616944,7.443301857416354,8.583887889632413,2.8219726153554228,3.0009885344616944,25.4606365159129,40.13377926421405,-0.12657296657562256,-0.02508711814880371,0.0009309307180769967,0.95
40,82.98321407963483,82.09941006663651,0.16244008323455375,0.1319157018709342,102.7733317364001,88.53130419676918,2.9027730915414627,2.918946333154787,7.83645778365271,7.619966971036981,2.9027730915414627,2.918946333154787,27.889447236180903,23.411371237458194,-0.08781099319458008,-0.13165783882141113,0.0009427331482770302,0.9750000000000001
41,84.67870894388936,86.78875168510105,0.12795058022591738,0.14475837853241924,91.00921799549505,105.88014759586807,2.8782960254343313,2.9018348451442146,8.257923726859804,8.60312143217361,2.8782960254343313,2.9018348451442146,26.38190954773869,24.74916387959866,-0.1440523862838745,0.028662264347076416,0.0009526215526956109,1.0
42,88.55649762177588,85.26893171737824,0.14124947878683433,0.11136328316851205,103.37333410828556,94.1079260529483,2.9287898879953764,2.9354736509929134,8.876814169700022,8.207007283749787,2.9287898879953764,2.9354736509929134,25.54438860971524,22.40802675585284,-0.14838802814483643,0.026764333248138428,0.0009608734429260324,1.025
43,87.5366230362424,87.59821240479332,0.155858161386533,0.14810504437888347,104.71300037582117,104.78047733881003,2.8833583275876453,2.9140011985166416,8.805811361252163,8.727738224144364,2.8833583275876453,2.9140011985166416,25.711892797319933,23.745819397993312,-0.05951821804046631,-0.08696413040161133,0.0009677368307662479,1.05
44,89.49782578869281,91.79504986511026,0.13934975632870417,0.16291913131008978,104.23383823311708,114.47522312023966,2.8973538036921513,2.895392982457394,9.159340833699083,9.617960288771817,2.8973538036921513,2.895392982457394,25.125628140703515,24.414715719063544,-0.15526962280273438,0.021687090396881104,0.000973429603416711,1.075
45,88.03551732355626,89.32017065450101,0.1496468503620956,0.1406790432722672,111.6121411091918,111.59878978920621,2.798689798693761,2.8447304059031815,9.159270300937058,9.279875732983236,2.798689798693761,2.8447304059031815,25.628140703517587,24.08026755852843,-0.03924691677093506,0.029682517051696777,0.0009781406103348057,1.1
46,89.82291635995733,89.0610195912645,0.1461897790681577,0.12407693162211607,115.87207150099864,114.55660428968959,2.853548852243216,2.923483355786888,9.351940653431955,8.994438353190853,2.853548852243216,2.923483355786888,25.20938023450586,22.74247491638796,-0.10151839256286621,-0.10828959941864014,0.0009820317762478706,1.125
47,90.04018779096492,83.41278800836774,0.15036875201729274,0.09541684914891138,119.94361348367816,107.08067222263502,2.8134894107454387,2.8808261231833874,9.513860844687201,7.999896204192503,2.8134894107454387,2.8808261231833874,24.204355108877724,25.75250836120401,-0.08359932899475098,0.018704235553741455,0.0009852407423384202,1.1500000000000001
48,90.66779443686532,90.43170500280068,0.12380937954888271,0.12556595402617118,114.81593887610252,117.69066152923482,2.869640119111718,2.923758259585071,9.477191570416167,9.266700636184336,2.869640119111718,2.923758259585071,25.041876046901173,23.745819397993312,-0.09778892993927002,-0.10039699077606201,0.00098788369345071,1.1749999999999998
49,92.29869188216064,95.11620557906237,0.13387561520839256,0.17618934800194258,120.85651513999032,134.43435975141747,2.9205169338277437,2.914139658312335,9.647481049325199,10.218964433191612,2.9205169338277437,2.914139658312335,25.376884422110553,26.755852842809364,-0.1840975284576416,-0.001179814338684082,0.0009900581499349627,1.2
50,91.78918267893832,88.0460165527752,0.14375067414899967,0.10357653227538169,125.42534047035716,115.84524553994271,2.8486250449265267,2.9375347596745827,9.758330557613917,8.752903281246939,2.8486250449265267,2.9375347596745827,25.795644891122276,23.076923076923077,-0.10198652744293213,-0.1192164421081543,0.0009918455914179935,1.225
51,92.26948084743378,87.54482144256897,0.13046649289340828,0.10490681370564528,125.66618467295788,124.37065647597296,2.8295606069229358,2.864555029566073,9.913987496789776,8.869443466033426,2.8295606069229358,2.864555029566073,25.041876046901173,23.076923076923077,-0.08207869529724121,0.0474468469619751,0.001,1.25
52,92.62193775017258,92.207560255376,0.1337275026082194,0.11845492631396322,133.80955312399809,132.07114897763051,2.835144519805908,2.8598596922131287,9.965446448206302,9.8118274778028,2.835144519805908,2.8598596922131287,26.046901172529314,23.076923076923077,-0.06266605854034424,0.0006010532379150391,0.001,1.275
53,94.32841880197701,97.78303043021008,0.12539032610816572,0.14615192790095224,137.77254758288512,146.0064101713557,2.900038829400911,2.963789913566615,10.112934678044152,10.606805259168747,2.900038829400911,2.963789913566615,24.958123953098827,23.411371237458194,-0.08401334285736084,-0.0024077892303466797,0.001,1.3
54,95.82135347145886,96.7959431166633,0.12791623012903747,0.14159645518929664,138.41039116378604,139.85751975579404,2.9804088865692293,2.91009999756829,10.169778732798207,10.57259773011989,2.9804088865692293,2.91009999756829,24.958123953098827,23.745819397993312,-0.22779309749603271,-0.07083320617675781,0.001,1.3250000000000002
55,92.70849742282375,88.84721992007864,0.16152273420512775,0.1074538442701799,146.50813998888486,132.3761754370852,2.850876304971513,2.8919221860509254,9.927464614561455,9.045711112261616,2.850876304971513,2.8919221860509254,26.633165829145728,23.076923076923077,-0.0645914077758789,-0.005184769630432129,0.001,1.35
56,94.16443024448414,93.47491873546588,0.13826351099876902,0.12489762249399587,141.64960171749044,139.07437873763783,2.821963726775331,2.9021796765534775,10.311012391069626,9.935650254571717,2.821963726775331,2.9021796765534775,24.371859296482413,23.745819397993312,-0.0890035629272461,-0.04104816913604736,0.001,1.375
57,95.00871638516884,95.06934726676813,0.12820384023676765,0.12499178791524575,141.53411338716697,143.57493856678838,2.8498662700205792,2.904344181551981,10.398196996755935,10.2471235236994,2.8498662700205792,2.904344181551981,24.623115577889447,23.076923076923077,-0.10436511039733887,0.03499644994735718,0.001,1.4000000000000001
58,96.1137664130385,92.56295414034739,0.12841682929789003,0.10898139758851616,145.5042844737195,142.21147982492096,2.8673454349364467,2.8588896331978484,10.565932422427077,9.885683152189223,2.8673454349364467,2.8588896331978484,24.5393634840871,23.076923076923077,-0.1006312370300293,-4.38690185546875e-05,0.001,1.4249999999999998
59,95.23604935178005,97.41496103344156,0.11908251677376142,0.12343893277405896,146.92061777290587,151.34581304952053,2.824048210029027,2.897673545473794,10.521864752074581,10.735014478498478,2.824048210029027,2.897673545473794,24.204355108877724,23.745819397993312,-0.06048762798309326,0.03206068277359009,0.001,1.45
60,96.67638618303104,95.23757521205124,0.11936141851309756,0.1084816992332704,150.5044091510613,148.81948760680132,2.9015287226767996,2.8772412175717563,10.576717806421533,10.364330738284517,2.9015287226767996,2.8772412175717563,24.706867671691793,22.74247491638796,-0.15670597553253174,-0.0219118595123291,0.001,1.4749999999999999
61,94.85622340830128,93.67723213629579,0.12974920091367448,0.10739820338411873,156.84840224376276,151.63173637262554,2.821633827746214,2.8711827686399123,10.449023233985582,10.070092178906087,2.821633827746214,2.8711827686399123,25.041876046901173,22.74247491638796,-0.062262892723083496,0.003785252571105957,0.001,1.5
62,96.1924861991026,100.07945371391781,0.10733191856187792,0.12350942842338396,151.62968715750793,157.48010452933934,2.8799772641966292,2.925880760652166,10.54677336739136,11.182050925034742,2.8799772641966292,2.925880760652166,24.5393634840871,23.411371237458194,-0.1275852918624878,-0.04789304733276367,0.001,1.525
63,96.45120902516734,95.98493870763875,0.13184591066997056,0.11528623368229754,159.31146891991696,154.17374876909034,2.888263635699274,2.885751140556208,10.567219416300455,10.485842028589152,2.888263635699274,2.885751140556208,25.4606365159129,23.745819397993312,-0.12745988368988037,0.009113013744354248,0.001,1.55
64,96.78100120761685,93.26573742512477,0.11839907102199455,0.10144499821407739,157.21109082910485,152.49442569388194,2.8382401885698787,2.8695409919904624,10.78635764002201,9.993736276658483,2.8382401885698787,2.8695409919904624,24.79061976549414,22.74247491638796,-0.09330284595489502,-0.036083221435546875,0.001,1.575
65,96.08498580651467,98.35182950329222,0.1132762050958135,0.11200843729004015,156.5915615522682,156.4175792171006,2.817224883953331,2.9224879964936936,10.711349142256694,10.84921659514258,2.817224883953331,2.9224879964936936,25.20938023450586,22.74247491638796,-0.07724630832672119,-0.03137922286987305,0.001,1.6
66,96.14484923089569,94.32687273312573,0.11898404458409778,0.09770730309761487,159.93012583874778,151.83526590915028,2.7993086913921923,2.90901965839807,10.775260931682746,10.088407184766686,2.7993086913921923,2.90901965839807,24.371859296482413,22.40802675585284,-0.07023131847381592,-0.06963050365447998,0.001,1.625
67,95.93703962929884,98.66776201637293,0.1071540560055418,0.10883664631325266,155.68966434549048,157.79865384819516,2.8092601950244487,2.9233229574949844,10.707058748408178,10.910256124260433,2.8092601950244487,2.9233229574949844,25.20938023450586,22.74247491638796,-0.10185623168945312,-0.005352497100830078,0.001,1.6500000000000001
68,97.40750891399543,97.98014545759628,0.11084751580128917,0.10498193940490384,159.08081110917544,157.9001563336937,2.8468917490449583,2.9085551990713165,10.886840938523386,10.817787030070123,2.8468917490449583,2.9085551990713165,24.958123953098827,22.74247491638796,-0.07078242301940918,-0.018975257873535156,0.001,1.675
69,97.33609508469677,98.10785478572781,0.11057840053060745,0.10518224960984195,160.42635653446268,159.14430971687852,2.861585126649994,2.905885324031613,10.828262806737444,10.851049959061536,2.861585126649994,2.905885324031613,24.371859296482413,22.74247491638796,-0.10009193420410156,-0.03174471855163574,0.001,1.7000000000000002
70,96.87746460114292,99.64409099055771,0.10705452819215992,0.10524783450424871,160.62695417292355,160.75979920454247,2.822059480389159,2.9532482464576644,10.855778079136732,11.0158717496738,2.822059480389159,2.9532482464576644,24.623115577889447,23.076923076923077,-0.07229828834533691,-0.011554598808288574,0.001,1.7249999999999999
71,98.44001279284606,98.95561430047587,0.10886918189287985,0.10228308898250395,161.71189195386927,159.0809163887764,2.8837717342216966,2.931774568398262,10.98257077119658,10.943526574201806,2.8837717342216966,2.931774568398262,24.371859296482413,22.74247491638796,-0.10936629772186279,-0.06794512271881104,0.001,1.75
72,97.86163862985582,99.06824623541688,0.10871303408489355,0.10590663654449392,162.31901453168348,162.91590631287232,2.8622533324575503,2.908405419576128,10.93136135657229,11.034668201586873,2.8622533324575503,2.908405419576128,24.204355108877724,23.076923076923077,-0.12652456760406494,0.020744264125823975,0.001,1.775
73,96.72533485757646,98.10008813864411,0.11192455337424974,0.10424126714567676,166.9660814754927,165.4272712528905,2.8015096722735433,2.907588845511344,10.884759882187325,10.843317634684585,2.8015096722735433,2.907588845511344,24.623115577889447,22.74247491638796,-0.029933929443359375,-0.04488217830657959,0.001,1.7999999999999998
74,98.41475356723396,98.357176560622,0.10868088044912572,0.10141561895509228,167.15372021034534,164.15829207506468,2.851918386654239,2.8839214844847203,11.072028604184762,10.966555920731663,2.851918386654239,2.8839214844847203,24.371859296482413,23.076923076923077,-0.11756527423858643,-0.02619147300720215,0.001,1.825
75,97.36941285508762,97.19721298472938,0.10740629171756044,0.09910350033770436,167.47777645551977,164.82906706436822,2.8428048672188866,2.8998514234421644,10.890491119780933,10.68710147576986,2.8428048672188866,2.8998514234421644,24.5393634840871,22.74247491638796,-0.060395002365112305,0.022392630577087402,0.001,1.85
76,96.48974668160955,99.1469533148418,0.10267735570918775,0.10147261736684021,166.54930283436224,165.94642389099732,2.803716475839791,2.8675509535748027,10.832954481818168,11.17325415021201,2.803716475839791,2.8675509535748027,24.120603015075375,22.74247491638796,-0.06096327304840088,-0.0246964693069458,0.001,1.875
77,97.776123046875,97.34341359218227,0.10917160506524033,0.09988014038689559,169.5972643777154,167.89235613258387,2.8255116863666068,2.8984253247047347,11.02293584175046,10.71985311731447,2.8255116863666068,2.8984253247047347,24.288107202680067,22.74247491638796,-0.10326218605041504,-0.028422117233276367,0.001,1.9
78,97.49524470190308,98.0610537576835,0.10133256999092485,0.0961201622783141,169.23835483467957,166.51648770845853,2.8042686860166004,2.9412273172550774,11.03212862637774,10.736000947729002,2.8042686860166004,2.9412273172550774,24.204355108877724,23.076923076923077,-0.04525876045227051,-0.006039023399353027,0.001,1.925
79,97.28131141854291,100.16950646850178,0.10184466110002655,0.10109114198381686,168.8581966994396,168.45177283653845,2.8172498847571648,2.91393434961504,10.950372280587302,11.238189757867003,2.8172498847571648,2.91393434961504,24.623115577889447,22.74247491638796,-0.06326460838317871,-0.022178053855895996,0.001,1.9500000000000002
80,97.1731540034564,98.81684844868637,0.1060041461008877,0.09998257782148279,171.67881746787322,170.24087810197403,2.8153949914066434,2.898329610409944,10.932909237080484,11.014336056533864,2.8153949914066434,2.898329610409944,24.204355108877724,22.74247491638796,-0.06160891056060791,-0.012093305587768555,0.001,1.975
81,97.4852841631252,98.1369068566772,0.10391018423602809,0.09605065003087289,172.40723739956292,168.82292129363503,2.7906056061461944,2.89687368542853,11.069976202806636,10.883785659254196,2.7906056061461944,2.89687368542853,24.455611390284755,23.076923076923077,-0.05167949199676514,-0.005059242248535156,0.001,2.0
82,97.17887262443402,98.19050011268028,0.09833803670590048,0.09365495107445031,169.54837716005156,167.39766312921327,2.8156934327615963,2.888054203428951,10.935116729544635,10.921727751409728,2.8156934327615963,2.888054203428951,24.455611390284755,23.076923076923077,-0.08916544914245605,0.0049446821212768555,0.001,2.0250000000000004
83,98.09727903586536,99.63125671590849,0.10084166583703391,0.09820229662301946,171.27089293717938,171.07151784227045,2.8599148623308346,2.8956589324019824,10.985288618397673,11.185420173466404,2.8599148623308346,2.8956589324019824,24.120603015075375,22.74247491638796,-0.08573412895202637,-0.018556833267211914,0.001,2.05
84,97.95601857247664,99.15315917662554,0.10369448020580027,0.09863787635313627,174.26888580577858,172.80441304592784,2.8103364967620954,2.8961595213134155,11.104601548544725,11.087864850277088,2.8103364967620954,2.8961595213134155,23.785594639865998,22.74247491638796,-0.08648240566253662,-0.0596613883972168,0.001,2.0749999999999997
85,98.04410076301102,98.7202105569999,0.10381737538618059,0.09714597518428114,175.49456370495872,172.90680299076348,2.8489383133611885,2.876598587801624,11.006142913396634,11.060236458794328,2.8489383133611885,2.876598587801624,24.5393634840871,22.74247491638796,-0.10129988193511963,-0.024573683738708496,0.001,2.1
86,98.0166317989279,98.94225168387626,0.09933509913521196,0.09491287989161884,174.07773762611887,172.421485977428,2.8099677810317507,2.916411937279845,11.118741049838425,10.98574728630857,2.8099677810317507,2.916411937279845,24.706867671691793,22.74247491638796,-0.06759166717529297,-0.0032802820205688477,0.001,2.125
87,98.27276445193905,99.62021432831934,0.09927865406077112,0.09517930732124226,174.9716693871784,173.09532492136876,2.8365359929338774,2.9372767676477847,11.090095083917205,11.058557561408715,2.8365359929338774,2.9372767676477847,24.5393634840871,22.74247491638796,-0.07676684856414795,-0.015267729759216309,0.001,2.15
88,98.1764482149926,100.15374316977817,0.09847653406349259,0.09484032252460818,174.93254462518485,173.00778550368088,2.806913785998346,2.9241292030117583,11.15986634259248,11.20479064163157,2.806913785998346,2.9241292030117583,24.204355108877724,22.40802675585284,-0.0556110143661499,-0.05203521251678467,0.001,2.175
89,97.72812533738026,99.81180427066458,0.09986311283393122,0.09526275726265732,175.6504309061584,174.1093853596461,2.778410324898597,2.9181497272440424,11.155291656353565,11.15403703542856,2.778410324898597,2.9181497272440424,24.371859296482413,22.74247491638796,-0.07895588874816895,-0.04794442653656006,0.001,2.2
90,98.15883251809994,99.42868700314526,0.0997221569220225,0.09534636015278042,176.57830120450888,174.80678688483096,2.8136888141408436,2.9111278742850826,11.135440235361582,11.09832308523631,2.8136888141408436,2.9111278742850826,24.288107202680067,22.74247491638796,-0.07554984092712402,-0.03201401233673096,0.001,2.225
91,97.60069531771406,99.44810577698775,0.09980208263225492,0.09485262754469811,177.0298669709632,174.9873264784797,2.8044091620836626,2.9187281562333123,11.051545090411775,11.079468873830942,2.8044091620836626,2.9187281562333123,24.288107202680067,22.74247491638796,-0.06599140167236328,-0.017317533493041992,0.001,2.25
92,97.90801245403449,99.35169508305681,0.09967034665783446,0.09537350239363004,177.5671878220448,175.69970478580947,2.8100657674735117,2.9225207650940552,11.09595816818314,11.048562895095468,2.8100657674735117,2.9225207650940552,24.5393634840871,22.74247491638796,-0.045720696449279785,-0.0039691925048828125,0.001,2.275
93,98.66077502328946,99.21003983411502,0.0989461293322357,0.09396723702699444,177.48349924263243,174.93325315749766,2.841300416432034,2.916002803024241,11.152967855558922,11.040219919338673,2.841300416432034,2.916002803024241,24.288107202680067,23.076923076923077,-0.0683361291885376,-0.03046572208404541,0.001,2.3000000000000003
94,98.41814998965367,99.96316768174188,0.09811998317189752,0.09538769741919527,177.08749057379998,175.93008749461094,2.8252319399036554,2.9110119039797064,11.152892850751254,11.205334443312426,2.8252319399036554,2.9110119039797064,24.623115577889447,22.74247491638796,-0.06772422790527344,-0.028752923011779785,0.001,2.325
95,98.05849728991637,99.5613932019492,0.09956642547294722,0.09535549309441078,178.1152926753314,176.4057824890749,2.805613313288345,2.8981283859265687,11.139323312832882,11.163541867182804,2.805613313288345,2.8981283859265687,24.288107202680067,22.74247491638796,-0.0637437105178833,-0.01767754554748535,0.001,2.3499999999999996
96,98.86559946133663,99.22685149840288,0.09902580646514093,0.09404420436525025,178.64429441928064,176.67384425134563,2.8813121187027972,2.9012501000560644,11.0736497371041,11.087476373117504,2.8813121187027972,2.9012501000560644,24.371859296482413,22.74247491638796,-0.1149590015411377,-0.00897204875946045,0.001,2.375
97,97.48838379315195,99.6910685663638,0.09793700680910443,0.09411850873144176,179.0356591510613,177.46295788615046,2.7930771757410198,2.921560596861568,11.063050445799453,11.1192152890872,2.7930771757410198,2.921560596861568,24.706867671691793,22.74247491638796,-0.05307459831237793,-0.02295398712158203,0.001,2.4
98,98.31668994334875,99.88799426228705,0.09850003177197135,0.09421596763325375,179.88329216782972,177.81783613632356,2.7976726854666194,2.9175294426372615,11.21464359979933,11.170603579900735,2.7976726854666194,2.9175294426372615,24.036850921273032,22.74247491638796,-0.06526732444763184,-0.028320789337158203,0.001,2.425
99,97.08565567246633,99.52237364599937,0.0983519027979929,0.09281233002908254,179.99103751893418,177.22896634615384,2.763114676803001,2.9091511043816505,11.072118567461944,11.123012829783768,2.763114676803001,2.9091511043816505,24.455611390284755,23.076923076923077,-0.033904433250427246,-0.028922557830810547,0.001,2.45
100,98.38701428999653,99.63489915216248,0.09619759236598134,0.09276836607169148,178.9607527843073,177.41257953962753,2.815963158855087,2.9081255121773304,11.174481887114506,11.148567033850629,2.815963158855087,2.9081255121773304,24.5393634840871,22.74247491638796,-0.08181023597717285,-0.021823525428771973,0.001,2.475
101,98.01541932583653,99.69467209015403,0.0974376360500478,0.09312283975324503,179.75350627547732,177.7759201407034,2.812328047488802,2.9043934409036285,11.110661479496278,11.171574870080851,2.812328047488802,2.9043934409036285,24.455611390284755,22.74247491638796,-0.05843770503997803,-0.014865279197692871,0.001,2.5
102,96.49307598580468,99.84750896951427,0.09777239928493148,0.09331904197217629,179.96038861809862,177.75137150486975,2.7475796037383216,2.9212385316357565,11.00032970454026,11.151572348680784,2.7475796037383216,2.9212385316357565,23.869346733668344,22.74247491638796,-0.031032919883728027,-0.02588057518005371,0.001,2.5
103,98.87642185332588,99.45773731346513,0.0971651065414475,0.09264469131777518,179.88292651919264,177.63898919657322,2.818356337858804,2.892917070101735,11.26480559248421,11.158739542881381,2.818356337858804,2.892917070101735,24.5393634840871,22.74247491638796,-0.07688593864440918,-0.02480638027191162,0.001,2.5
104,98.80847317489547,99.75574812362824,0.09671808457254764,0.09255076002915169,179.7337745398133,177.69465780098702,2.8089067648403607,2.921293036993531,11.27968404121335,11.133221029836598,2.8089067648403607,2.921293036993531,24.371859296482413,22.74247491638796,-0.07605254650115967,-0.03966820240020752,0.001,2.5
105,98.7674446681037,99.62721109549736,0.09660664586415842,0.09183985705060704,179.91836259033613,177.71361391201467,2.82796837337053,2.921805866585926,11.214278914421248,11.106114068557586,2.82796837337053,2.921805866585926,24.371859296482413,22.74247491638796,-0.06872200965881348,-0.0376286506652832,0.001,2.5
106,98.10979949848935,99.58243264801128,0.0958037890206829,0.09208723003150628,179.76951174839857,177.8396308924442,2.8095134822168144,2.9217440133110735,11.138304849365849,11.097269370803067,2.8095134822168144,2.9217440133110735,24.036850921273032,22.40802675585284,-0.08725881576538086,-0.033855557441711426,0.001,2.5
107,97.48424303831167,99.55019166876241,0.09648176573429075,0.09280575044378389,180.1807317174659,178.3959753234251,2.768899199950635,2.90461194236143,11.134818077087402,11.141962003548409,2.768899199950635,2.90461194236143,24.036850921273032,22.74247491638796,-0.05026721954345703,-0.016659021377563477,0.001,2.5
108,98.69883301190195,99.46212671592482,0.09693621742964989,0.09223984361292925,180.50587695966814,178.23236548382303,2.830794303660816,2.9068359666843477,11.19189524371021,11.11782350189311,2.830794303660816,2.9068359666843477,24.5393634840871,22.74247491638796,-0.08000516891479492,-0.017142653465270996,0.001,2.5
109,98.72058998759667,99.28006098820613,0.09678290991527551,0.09235137155323124,180.48328546623088,178.26388493668674,2.7866496927973814,2.8875111233829256,11.328715389897077,11.139355369236158,2.7866496927973814,2.8875111233829256,24.120603015075375,23.076923076923077,-0.06825029850006104,-0.012564659118652344,0.001,2.5
110,98.23867322452104,99.64941390940179,0.09607423297823774,0.09171543180643515,180.29597194550226,178.15062910099093,2.8109117832215786,2.8975482441509848,11.159725102946986,11.183265073642284,2.8109117832215786,2.8975482441509848,24.036850921273032,23.076923076923077,-0.0647200345993042,-0.021382451057434082,0.001,2.5
111,98.4286767777486,99.5438484778771,0.09598529537269218,0.09216254416317446,180.2783735265684,178.28093206603393,2.7998240541173787,2.905184482651012,11.23101040506283,11.13912744745363,2.7998240541173787,2.905184482651012,24.288107202680067,22.40802675585284,-0.08587062358856201,-0.026245713233947754,0.001,2.5
112,98.62255578224783,99.36597511521151,0.09625471076324357,0.0918213498333226,180.39251688537087,178.34505950009145,2.801772630793765,2.9153841761841024,11.26386387184437,11.073008703148883,2.801772630793765,2.9153841761841024,24.204355108877724,22.74247491638796,-0.07434415817260742,-0.025927305221557617,0.001,2.5
113,98.95009821343861,99.58260245945142,0.09631622219505022,0.09216276633500256,180.59343848555932,178.65185291711305,2.819158103597823,2.9170089501601,11.277163385745869,11.111331356010309,2.819158103597823,2.9170089501601,24.371859296482413,22.74247491638796,-0.08505260944366455,-0.032999515533447266,0.001,2.5
114,97.24153932095372,99.89958333809639,0.09662389701584875,0.09253651322329721,180.8987068674672,178.89977848729163,2.7375686060843156,2.909948225404108,11.180097362703615,11.195784903688972,2.7375686060843156,2.909948225404108,24.288107202680067,22.74247491638796,-0.03148806095123291,-0.0357203483581543,0.001,2.5
115,97.86244970989387,99.45679318227099,0.0965730818347316,0.09206847998509837,181.02233178731385,178.73062072549774,2.8065014025274433,2.8986610600780884,11.097466382549037,11.14121550620599,2.8065014025274433,2.8986610600780884,24.371859296482413,22.74247491638796,-0.09657788276672363,-0.026234745979309082,0.001,2.5
116,99.1212724337426,99.32685158005526,0.09571113659558783,0.09110314077557528,180.6735400482638,178.39971837072468,2.8732317440473856,2.896366479803487,11.149282370779781,11.122370732667854,2.8732317440473856,2.896366479803487,24.288107202680067,22.74247491638796,-0.11448252201080322,-0.025062918663024902,0.001,2.5
117,98.41765787453707,99.55744885600929,0.09527120615669231,0.09121583372254834,180.4968669642156,178.44795870063297,2.8040235413977848,2.9084106560136163,11.216307456369575,11.13232528724798,2.8040235413977848,2.9084106560136163,23.953098827470686,22.74247491638796,-0.06825101375579834,-0.03257453441619873,0.001,2.5
118,97.29326092897348,99.75382771061416,0.09523098822215095,0.091245564404738,180.58133514762125,178.71610527931648,2.7797392720553145,2.9192953883206165,11.064271997167436,11.138887481944616,2.7797392720553145,2.9192953883206165,24.288107202680067,22.74247491638796,-0.048833250999450684,-0.0357058048248291,0.001,2.5
119,98.94550299205173,100.04624076511548,0.09535393380939063,0.09134569587217127,180.90611333543532,178.95731963601,2.8466109566552755,2.919971055410379,11.194016010917013,11.19527396071316,2.8466109566552755,2.919971055410379,24.204355108877724,22.74247491638796,-0.08743667602539062,-0.036130428314208984,0.001,2.5
120,98.82521297384547,99.55258640557228,0.09572955737611157,0.09168905448355404,181.2670190961317,179.38658198225858,2.8058360785096137,2.896235182931192,11.29213463800836,11.167597116833946,2.8058360785096137,2.896235182931192,24.204355108877724,22.74247491638796,-0.07357525825500488,-0.02037036418914795,0.001,2.5
121,98.0068015477166,99.95917003210572,0.0960976964290218,0.09185128330087981,181.56712867826272,179.40418792010152,2.793900140765524,2.908984349324153,11.164126934517967,11.210630158516874,2.793900140765524,2.908984349324153,24.371859296482413,22.74247491638796,-0.06585454940795898,-0.025196313858032227,0.001,2.5
122,98.69971145297615,99.61636189234297,0.09587436618667151,0.09157795760543849,181.40511842149385,179.31027675871067,2.84200564181585,2.904025140015975,11.158468903009616,11.157020055330717,2.84200564181585,2.904025140015975,23.953098827470686,22.74247491638796,-0.090232253074646,-0.028859615325927734,0.001,2.5
123,98.1685040600136,99.44307402543798,0.09594202307450711,0.09145871218430957,181.4672335524056,179.33539925769819,2.818147514733038,2.8963908168384465,11.123776470995828,11.145283380081024,2.818147514733038,2.8963908168384465,24.371859296482413,22.74247491638796,-0.0896679162979126,-0.024060368537902832,0.001,2.5
124,98.8539706921857,99.37975788435409,0.095612670845622,0.09127506815569855,181.4173909863036,179.27807066033915,2.8328886040091716,2.9043269898979163,11.216722076262661,11.108859706483159,2.8328886040091716,2.9043269898979163,24.5393634840871,22.74247491638796,-0.09638833999633789,-0.016545534133911133,0.001,2.5
125,98.28475090806408,99.64496962123093,0.09534343670261165,0.09127589452226824,181.41466377807822,179.29349402998602,2.7753370287430346,2.9022533303519156,11.275587578714394,11.168119430541992,2.7753370287430346,2.9022533303519156,24.036850921273032,23.076923076923077,-0.07270395755767822,-0.021288037300109863,0.001,2.5
126,97.67316371591846,99.87287397607912,0.09520313731539788,0.0909914352174188,181.35362435345672,179.2693655977281,2.794104323714622,2.9180256658573214,11.09700833932439,11.166445247305676,2.794104323714622,2.9180256658573214,23.953098827470686,22.74247491638796,-0.04592752456665039,-0.027872681617736816,0.001,2.5
127,99.1252738914298,99.50972217062245,0.09500959305907014,0.09084899965237614,181.37573441548562,179.31509710713772,2.807134173423601,2.9129647498944133,11.348375215003239,11.109017509281834,2.807134173423601,2.9129647498944133,24.5393634840871,22.74247491638796,-0.060211777687072754,-0.02290797233581543,0.001,2.5
128,98.24882863873812,99.69402884799102,0.0951514195657056,0.09097865669922685,181.49019296924072,179.46298074881767,2.800169597319023,2.9189888769168917,11.193928654669119,11.127750623186296,2.800169597319023,2.9189888769168917,24.288107202680067,22.74247491638796,-0.08159434795379639,-0.0272672176361084,0.001,2.5
129,98.69113027550267,100.01233022428276,0.0950137598430691,0.09080889163208646,181.52877275987686,179.39121116204404,2.803175069179567,2.9174996690207897,11.273392367402913,11.195926707723867,2.803175069179567,2.9174996690207897,24.455611390284755,22.073578595317723,-0.07166039943695068,-0.025977730751037598,0.001,2.5
130,98.0709156438933,99.92398801057234,0.09472785866390321,0.09077842805198204,181.44084456298418,179.35790489987784,2.80959146306343,2.914245641351145,11.130174783805707,11.188033604701626,2.80959146306343,2.914245641351145,24.204355108877724,23.076923076923077,-0.059261322021484375,-0.02603888511657715,0.001,2.5
131,98.83525884171426,99.27119491730247,0.09485677896781983,0.09086557552467621,181.54217999584512,179.55627073970527,2.8431928381448617,2.90143416637561,11.182193259298302,11.095852532913055,2.8431928381448617,2.90143416637561,24.120603015075375,22.74247491638796,-0.08836948871612549,-0.025043964385986328,0.001,2.5
132,98.20267830342304,99.79275594347695,0.09515260827651176,0.09102705509766289,181.75827110712254,179.70651484971063,2.7812645790764634,2.927433369550418,11.241359745837137,11.12210381230383,2.7812645790764634,2.927433369550418,24.036850921273032,22.74247491638796,-0.04911923408508301,-0.03528249263763428,0.001,2.5
133,97.8949466366664,99.3523082924527,0.09529258064938151,0.09105199164271753,181.84079820386927,179.691546232804,2.7627698991765928,2.9082538021049373,11.235252735003755,11.091551560621996,2.7627698991765928,2.9082538021049373,24.371859296482413,22.74247491638796,-0.04577505588531494,-0.019841909408569336,0.001,2.5
134,97.62727936148843,99.61350538579119,0.0950676168828354,0.09078727271345546,181.74922550782887,179.60592620747545,2.7576385962104477,2.9142005451546864,11.197176880572908,11.126020657976335,2.7576385962104477,2.9142005451546864,24.288107202680067,22.40802675585284,-0.03954887390136719,-0.03313398361206055,0.001,2.5
135,98.51664332608681,99.9313002366286,0.09485114988569839,0.09097629518911592,181.70034102498985,179.58145646825682,2.814989039646321,2.9160949266873875,11.203051091039201,11.18386347397514,2.814989039646321,2.9160949266873875,24.371859296482413,22.74247491638796,-0.0740046501159668,-0.027609825134277344,0.001,2.5
136,98.50186778312951,99.8128379387999,0.0949182405294086,0.09065131068130002,181.65492026170892,179.5292504352072,2.7764227006902646,2.909522354004774,11.315790979906144,11.179964429160025,2.7764227006902646,2.909522354004774,24.204355108877724,22.74247491638796,-0.05652034282684326,-0.029599428176879883,0.001,2.5
137,99.30516939147233,100.08015171421013,0.0948051976498647,0.09052358443123043,181.62175810796333,179.52519037253083,2.850307221788058,2.9154939284691443,11.254826516961332,11.215538602210207,2.850307221788058,2.9154939284691443,24.036850921273032,22.40802675585284,-0.08974695205688477,-0.029996633529663086,0.001,2.5
138,98.24937162926449,99.99674388158282,0.09492152280344236,0.09101310173005962,181.65745140599645,179.58563263041518,2.8109083235563346,2.91452573214885,11.161833876541111,11.20165270228051,2.8109083235563346,2.91452573214885,24.288107202680067,22.40802675585284,-0.0678715705871582,-0.03180086612701416,0.001,2.5
139,99.72717303047628,99.83097640327786,0.09500123449356312,0.09104814460145988,181.69149777717527,179.61073364461944,2.8502302553186465,2.9108565108831908,11.339405678025441,11.179494765291246,2.8502302553186465,2.9108565108831908,24.036850921273032,23.076923076923077,-0.08538579940795898,-0.030418872833251953,0.001,2.5
140,98.06775086369346,100.08333133455105,0.09508510273405456,0.09105210387487475,181.75714464043853,179.68475668406407,2.7924563066044845,2.9279677333640413,11.180812725469695,11.178615649807014,2.7924563066044845,2.9279677333640413,24.036850921273032,22.74247491638796,-0.06522643566131592,-0.04067349433898926,0.001,2.5
141,97.5553978643625,100.09090650679674,0.09508228914771646,0.09093773676499874,181.7985223613592,179.72497553490476,2.7579310603277567,2.9100762171091445,11.181910382243656,11.233820239038371,2.7579310603277567,2.9100762171091445,24.036850921273032,22.74247491638796,-0.03004002571105957,-0.028200387954711914,0.001,2.5
142,98.24107689274416,99.51352592136548,0.0951528695709941,0.09111584526140953,181.8844293948993,179.8010561123341,2.8133952561734707,2.8976560827083016,11.152621614274068,11.155554053775443,2.8133952561734707,2.8976560827083016,24.204355108877724,22.74247491638796,-0.0867077112197876,-0.028165578842163086,0.001,2.5
143,98.70653844478741,99.76618174166983,0.09517875746816047,0.09083074969192811,181.87827775146894,179.73415229312553,2.836007615030311,2.9133878918395792,11.177873549149863,11.1589596917398,2.836007615030311,2.9133878918395792,24.120603015075375,23.076923076923077,-0.08073365688323975,-0.03371727466583252,0.001,2.5
144,98.4921112316138,99.89365756950251,0.09498911474517842,0.0908036727869391,181.85809860357287,179.7683830643976,2.8202368350484264,2.9064853223271196,11.182342355175434,11.205160488651748,2.8202368350484264,2.9064853223271196,24.623115577889447,22.74247491638796,-0.07629096508026123,-0.03154933452606201,0.001,2.5
145,98.4003864205263,99.86775927081156,0.09505407776764689,0.09095833916528567,181.88684618772575,179.78330692559183,2.797946006209407,2.904768251655094,11.230851358704431,11.205097798121015,2.797946006209407,2.904768251655094,24.036850921273032,22.74247491638796,-0.07071495056152344,-0.0241544246673584,0.001,2.5
146,98.04811133252117,99.83577567518356,0.09511910300308736,0.09109089513586516,181.90611364214465,179.81026415362405,2.7919838009168156,2.9209912764188837,11.178265507696462,11.150001095290168,2.7919838009168156,2.9209912764188837,24.120603015075375,23.076923076923077,-0.05753040313720703,-0.03165555000305176,0.001,2.5
147,97.54087478152073,99.50210555979241,0.09498057306012517,0.09090749578033402,181.93839147622063,179.8563651400665,2.798588537490947,2.896426899377319,11.057025529232057,11.156988124783622,2.798588537490947,2.896426899377319,24.455611390284755,22.74247491638796,-0.07495462894439697,-0.0262376070022583,0.001,2.5
148,98.5281488364266,99.81212475626764,0.09503311013656246,0.09093991704409736,181.9754611834809,179.86742158717536,2.824755708176886,2.91877056284493,11.17596073086737,11.151952025882377,2.824755708176886,2.91877056284493,24.204355108877724,23.076923076923077,-0.07346856594085693,-0.02774810791015625,0.001,2.5
149,98.32362613646029,99.77201082873903,0.09507927193713547,0.09088069666488513,181.98254951719863,179.88795318093187,2.7863255940889395,2.9163046816120977,11.250335755659707,11.151333808898926,2.7863255940889395,2.9163046816120977,23.953098827470686,22.74247491638796,-0.07317161560058594,-0.03100419044494629,0.001,2.5
150,98.22931499896536,100.10873584045615,0.09508450761112935,0.09106455359570557,182.02538500199566,179.9549278846154,2.819982622137022,2.921362585845998,11.130493073008168,11.203455519915424,2.819982622137022,2.921362585845998,24.288107202680067,23.076923076923077,-0.08532166481018066,-0.03158771991729736,0.001,2.5
151,98.04330825166686,99.71144767429517,0.09513195026260325,0.09129561807798303,182.0927513799875,180.01256803684808,2.80131843741016,2.9190712238235217,11.149261423491154,11.130814191888406,2.80131843741016,2.9190712238235217,24.204355108877724,22.74247491638796,-0.06700849533081055,-0.028943538665771484,0.001,2.5
152,98.1378968844262,100.0416945390478,0.0951763573079253,0.09107759896429088,182.14319691106903,180.0382457720396,2.7852110718961938,2.9191740715384085,11.216482304648139,11.196593865104344,2.7852110718961938,2.9191740715384085,24.288107202680067,22.74247491638796,-0.06649351119995117,-0.029485583305358887,0.001,2.5
153,98.86271739045979,99.72405291401024,0.09518194757713944,0.09097302149370762,182.15535870269315,180.05609518708195,2.8311110597159996,2.9124771695471927,11.223742516995275,11.153173392432988,2.8311110597159996,2.9124771695471927,24.5393634840871,22.74247491638796,-0.07250833511352539,-0.03301548957824707,0.001,2.5
154,99.20070225190078,99.48037403323579,0.09514166998803317,0.09087164802196432,182.16041518935006,180.03402536449624,2.8265943591119456,2.8953113292770642,11.304897335506164,11.155959862929125,2.8265943591119456,2.8953113292770642,24.288107202680067,22.40802675585284,-0.07432103157043457,-0.017557144165039062,0.001,2.5
155,98.91285986716623,99.8450306921101,0.09504164777808453,0.09091175397403264,182.12999800741173,180.014890230619,2.8329428408413477,2.9178205796308743,11.228309000357111,11.16135902468576,2.8329428408413477,2.9178205796308743,24.120603015075375,22.40802675585284,-0.07695329189300537,-0.028318285942077637,0.001,2.5
156,97.58539150627814,99.68326678323905,0.09498937499133786,0.09092293614926546,182.1331453562981,180.03145280410612,2.806565499585278,2.9052265910400594,11.0419572002724,11.166783361530623,2.806565499585278,2.9052265910400594,23.869346733668344,22.40802675585284,-0.060738444328308105,-0.019554853439331055,0.001,2.5
157,98.22881218736096,99.58043790581235,0.0949776389540939,0.09110378274650478,182.14771031774268,180.0373824511882,2.813708563745521,2.9103835577948836,11.149211516132706,11.130707453724533,2.813708563745521,2.9103835577948836,24.371859296482413,22.74247491638796,-0.0702362060546875,-0.021822690963745117,0.001,2.5
158,97.8495328765818,99.85020926485093,0.09496478048750703,0.09097424538239189,182.1493174235026,180.03472058350425,2.7567289714238155,2.9210374395185488,11.244296270399238,11.152727793690353,2.7567289714238155,2.9210374395185488,24.288107202680067,22.74247491638796,-0.04168963432312012,-0.030185222625732422,0.001,2.5
159,97.63568020665666,99.75375651994278,0.0948686264642519,0.09081192481577596,182.13797692278123,180.02383356509,2.789061244408689,2.907616762014536,11.104550708278738,11.173733621935382,2.789061244408689,2.907616762014536,24.120603015075375,22.74247491638796,-0.07663798332214355,-0.026164531707763672,0.001,2.5
160,97.32023080030278,99.47141513377926,0.09498055492663503,0.0908585071663394,182.12466394881307,180.01159739414584,2.753586958001806,2.9031780172749904,11.147864197965843,11.130574787739528,2.753586958001806,2.9031780172749904,24.288107202680067,22.40802675585284,-0.04851794242858887,-0.01931023597717285,0.001,2.5
161,98.6279934574811,99.5860281086287,0.09495201952742971,0.09088934078364069,182.12407013399516,180.0213726643336,2.779512030794792,2.906632269505274,11.331647489538145,11.143127294687124,2.779512030794792,2.906632269505274,24.204355108877724,22.74247491638796,-0.05681872367858887,-0.024962663650512695,0.001,2.5
162,98.36535930793289,99.92115242744369,0.09488213355567188,0.09097021364647409,182.14329546699972,180.04595278736738,2.8199872012114406,2.9185527104597826,11.157705537038831,11.174369435645266,2.8199872012114406,2.9185527104597826,24.455611390284755,22.74247491638796,-0.07826673984527588,-0.027399420738220215,0.001,2.5
163,98.32099250013904,99.96994610534463,0.09500125764402713,0.09092578005332214,182.17162720442218,180.0753481045216,2.788982924504496,2.9079066072419337,11.241815247527718,11.216069607431674,2.788982924504496,2.9079066072419337,24.5393634840871,22.74247491638796,-0.06100869178771973,-0.02382206916809082,0.001,2.5
164,99.3705287402998,100.10747295877208,0.09502915678611353,0.09079937138485669,182.18088031813528,180.06894359779997,2.8352643149581986,2.910918510877169,11.312870901034305,11.234564889633536,2.8352643149581986,2.910918510877169,23.618090452261306,22.74247491638796,-0.08329391479492188,-0.020021677017211914,0.001,2.5
165,99.23841998485265,99.91937472748518,0.0949422566834806,0.09104928067795011,182.18101964084747,180.08416324475138,2.8391266947415605,2.920913976969129,11.274879180805966,11.166907160577168,2.8391266947415605,2.920913976969129,24.036850921273032,22.74247491638796,-0.07816469669342041,-0.031812071800231934,0.001,2.5
166,99.24906290076686,99.78045350652076,0.09489489578871271,0.09079288018487369,182.20369394580322,180.10035822941705,2.8500497608727944,2.9084294998526175,11.244243644190394,11.176623717598293,2.8500497608727944,2.9084294998526175,24.371859296482413,23.076923076923077,-0.08511090278625488,-0.02417612075805664,0.001,2.5
167,98.10530941450416,99.6601976375516,0.09500181226924037,0.0908321471866158,182.21306243334183,180.10333971514748,2.7872540064193494,2.8999329905047464,11.203856695037791,11.178053584784568,2.7872540064193494,2.8999329905047464,24.036850921273032,22.74247491638796,-0.047408342361450195,-0.021604418754577637,0.001,2.5
168,97.10406614268445,99.88675674387444,0.09500398043811421,0.0909750237064218,182.216345322192,180.1072873526991,2.7684120381098096,2.907527130184365,11.060132764691684,11.200554168343944,2.7684120381098096,2.907527130184365,24.288107202680067,22.40802675585284,-0.050684452056884766,-0.025259971618652344,0.001,2.5
169,98.39476079637282,99.7838754813408,0.0950161068383573,0.09095152248207941,182.22296403281052,180.1153243967522,2.814463737222617,2.905653521368735,11.180113099128556,11.18560095375597,2.814463737222617,2.905653521368735,24.036850921273032,23.076923076923077,-0.05287623405456543,-0.02825331687927246,0.001,2.5
170,98.5656913361158,99.3773485266644,0.09494878597545064,0.09073275173188851,182.22467887022188,180.10782345162588,2.8521270400515353,2.8963947774574508,11.101322557458925,11.132117373488818,2.8521270400515353,2.8963947774574508,24.371859296482413,22.40802675585284,-0.08359110355377197,-0.02235281467437744,0.001,2.5
171,97.53130481151281,100.32103935930641,0.0949643308817841,0.09084706404635738,182.215438280473,180.09722497231985,2.762124760865766,2.923364732576453,11.164450778034665,11.239924363866697,2.762124760865766,2.923364732576453,24.288107202680067,22.74247491638796,-0.05225646495819092,-0.031810879707336426,0.001,2.5
172,98.83642532118601,99.90623627219311,0.09490834564669448,0.09089774102670294,182.20255145355685,180.08577363387397,2.8412902834427416,2.908882346839012,11.187992164637375,11.200403762102924,2.8412902834427416,2.908882346839012,24.288107202680067,22.40802675585284,-0.08598661422729492,-0.02766859531402588,0.001,2.5
173,98.91121079334661,99.68546522261705,0.09490177965094296,0.09085548933234103,182.19054439678862,180.0821548512947,2.8301522576030176,2.8895076947866074,11.236366859832202,11.214382570324135,2.8301522576030176,2.8895076947866074,23.953098827470686,23.076923076923077,-0.07564735412597656,-0.018664836883544922,0.001,2.5
174,98.11712401116912,99.96781257961108,0.09488490231372604,0.09088712885826328,182.19678989327332,180.09478963896584,2.785883182257264,2.916681919608228,11.210358693172385,11.18932006670081,2.785883182257264,2.916681919608228,24.371859296482413,22.74247491638796,-0.04344165325164795,-0.02876460552215576,0.001,2.5
175,97.99614964777501,99.67668779558163,0.09488924258268458,0.09066821300863821,182.20758348014488,180.1022771624817,2.768785209911353,2.9062921968989546,11.237454925549889,11.162307015230823,2.768785209911353,2.9062921968989546,24.204355108877724,22.74247491638796,-0.03213703632354736,-0.02087414264678955,0.001,2.5
176,98.06750489559205,99.78600737402671,0.09489514278107553,0.09075234202437577,182.21545134117855,180.1087337736302,2.8133634690263962,2.9145684258196267,11.117988199844232,11.15932476719885,2.8133634690263962,2.9145684258196267,24.371859296482413,22.74247491638796,-0.06530523300170898,-0.027104616165161133,0.001,2.5
177,98.1352428647142,99.94934321885125,0.09490525350598635,0.09071267540737937,182.22397136847977,180.11822754722775,2.816584107464482,2.907358859295032,11.121870646324988,11.213625860054757,2.816584107464482,2.907358859295032,24.288107202680067,22.74247491638796,-0.059522271156311035,-0.028132081031799316,0.001,2.5
178,97.71550123256256,99.75163174632401,0.09490723962859691,0.09084466677844324,182.2280580913601,180.1163419385419,2.771184247143105,2.912138765870927,11.174120433366479,11.159718006350923,2.771184247143105,2.912138765870927,24.455611390284755,22.40802675585284,-0.05266094207763672,-0.03266477584838867,0.001,2.5
179,96.33562363412112,99.74169819809521,0.09491814591826706,0.0907831024067059,182.2260816564512,180.11368231629848,2.73610697958737,2.9001594833705737,11.003375190785981,11.193681838121702,2.73610697958737,2.9001594833705737,24.623115577889447,22.40802675585284,-0.03806030750274658,-0.020787835121154785,0.001,2.5
180,98.42506986327307,99.3510268603679,0.0948988315048729,0.0907817277621266,182.2216378983541,180.10955529866808,2.8176767846048376,2.901344895761547,11.176559424280521,11.111992737122602,2.8176767846048376,2.901344895761547,23.953098827470686,22.74247491638796,-0.07240188121795654,-0.01968061923980713,0.001,2.5
181,98.36210801014349,99.80901471906681,0.09482732047038261,0.0907965906986026,182.21796040239445,180.10560271094076,2.8167375272242867,2.9067601049225464,11.166799859984636,11.187341345592486,2.8167375272242867,2.9067601049225464,24.623115577889447,22.74247491638796,-0.06619930267333984,-0.02458643913269043,0.001,2.5
182,98.77245990235602,100.02026402910417,0.09493617567434982,0.0908435973335668,182.21523482995218,180.1041269972173,2.833606919651255,2.9062306888924794,11.19824074021536,11.231171317722486,2.833606919651255,2.9062306888924794,24.371859296482413,22.74247491638796,-0.08852028846740723,-0.025272727012634277,0.001,2.5
183,98.56758824385192,99.79161995469926,0.09498503433549824,0.09065265250843903,182.2127692703426,180.10075189596833,2.8061465761769355,2.911129700300287,11.239638504271133,11.170783942359746,2.8061465761769355,2.911129700300287,24.455611390284755,22.74247491638796,-0.08256340026855469,-0.027335047721862793,0.001,2.5
184,98.9506346736122,99.34395811151103,0.09480387550252965,0.09064188161023883,182.21029553181762,180.10245649152776,2.79948035796084,2.899628659155855,11.336283321156973,11.115756892839004,2.79948035796084,2.899628659155855,24.288107202680067,23.076923076923077,-0.07381737232208252,-0.020639896392822266,0.001,2.5
185,98.038066998199,99.86866617362236,0.0947907734131893,0.09085381579239632,182.2116853084596,180.10353787527436,2.7873579645076987,2.917166933168137,11.190138951018827,11.168041190973492,2.7873579645076987,2.917166933168137,24.371859296482413,22.74247491638796,-0.06390774250030518,-0.028272032737731934,0.001,2.5
186,97.85297512648692,99.97938486564917,0.09475785215545939,0.09085894911783594,182.21436288089208,180.1034157539291,2.815621587698983,2.917272268729066,11.068336002790748,11.189868046687199,2.815621587698983,2.917272268729066,24.036850921273032,22.74247491638796,-0.10431039333343506,-0.02960801124572754,0.001,2.5
187,97.6871106452878,100.24099772271504,0.09487277757332753,0.09069566904601445,182.21187562159758,180.10106804378853,2.786572701567581,2.918145832010735,11.122286916378155,11.239603428537631,2.786572701567581,2.918145832010735,24.204355108877724,22.74247491638796,-0.0624006986618042,-0.03558492660522461,0.001,2.5
188,98.22022330381563,100.02973902265364,0.09483540472473131,0.09074881488463551,182.210805384957,180.10170033942896,2.809420823252181,2.918797836654561,11.160373035986819,11.195384424267006,2.809420823252181,2.918797836654561,24.288107202680067,22.74247491638796,-0.059439778327941895,-0.026665210723876953,0.001,2.5
189,98.48832148004017,99.72283705899548,0.0949137144202563,0.09084321503655168,182.2106261900322,180.10024212993508,2.8138584399742497,2.913027615850187,11.200664111317902,11.151296516724653,2.8138584399742497,2.913027615850187,24.455611390284755,22.74247491638796,-0.07120943069458008,-0.025355219841003418,0.001,2.5
190,97.77069953138904,99.72876425650607,0.09483740971715407,0.09080910112048471,182.2098098064787,180.10100282394765,2.7708895134566416,2.905001079757078,11.186061700983862,11.176567511415003,2.7708895134566416,2.905001079757078,24.371859296482413,22.74247491638796,-0.04388904571533203,-0.019048452377319336,0.001,2.5
191,99.03273477985631,99.803786312856,0.09478195896450199,0.09074596676938111,182.21011868833097,180.09959661681518,2.8407430620848433,2.925006247683114,11.228919281632058,11.131569552979741,2.8407430620848433,2.925006247683114,24.288107202680067,23.076923076923077,-0.08168518543243408,-0.03263223171234131,0.001,2.5
192,98.20175541505542,99.95185586680536,0.09477465875584076,0.09072550112088787,182.2094460492158,180.10022431950904,2.770535424326732,2.911399396366898,11.273347464837821,11.202007501021676,2.770535424326732,2.911399396366898,24.455611390284755,22.74247491638796,-0.05783951282501221,-0.030350446701049805,0.001,2.5
193,98.91145248029699,99.38056011901651,0.09483804447666884,0.09075038725616143,182.20909857310642,180.10066462998407,2.8230352393746174,2.894383548494167,11.257775391366215,11.138790829125854,2.8230352393746174,2.894383548494167,24.288107202680067,22.74247491638796,-0.07523202896118164,-0.014972925186157227,0.001,2.5
194,97.4605919152648,99.89555009312454,0.09477371937116387,0.09070052951574326,182.21024553819717,180.1007561316857,2.771234534293962,2.9050050993826875,11.123017827070738,11.209935226568012,2.771234534293962,2.9050050993826875,24.455611390284755,23.076923076923077,-0.038901329040527344,-0.02699124813079834,0.001,2.5
195,98.73844606792507,99.81780544013084,0.09480154606664999,0.09073515851860461,182.20938437508178,180.09958544064526,2.7965605840012056,2.90655631365186,11.302604945261075,11.189725135879772,2.7965605840012056,2.90655631365186,24.623115577889447,22.74247491638796,-0.05881142616271973,-0.024910926818847656,0.001,2.5
196,97.75834020617819,99.95783108612366,0.09493465187461732,0.09054205733597478,182.20950813229558,180.1021295247668,2.789208664965989,2.898424992991929,11.128612943230761,11.242162340859506,2.789208664965989,2.898424992991929,24.036850921273032,22.74247491638796,-0.07047772407531738,-0.020806193351745605,0.001,2.5
197,98.43736060061048,100.12803716244905,0.09480143161225359,0.09085970793081366,182.212345065783,180.10437690454182,2.8185027915628713,2.9154696368852187,11.176560667092277,11.225006396953876,2.8185027915628713,2.9154696368852187,24.288107202680067,23.411371237458194,-0.08468341827392578,-0.019362211227416992,0.001,2.5
198,98.52540114257404,100.08059516319862,0.09494108991257509,0.09052375018795995,182.21463784580453,180.10634095054806,2.8379529640702548,2.9190304821550246,11.135790419139255,11.204900747956241,2.8379529640702548,2.9190304821550246,23.869346733668344,22.74247491638796,-0.0744854211807251,-0.028519868850708008,0.001,2.5
199,98.28499723399304,99.8995785410189,0.0948338899231037,0.09074696866066559,182.21599718154576,180.10620137600597,2.8167867668509685,2.908624491962701,11.151229484596444,11.199871439598875,2.8167867668509685,2.908624491962701,24.371859296482413,22.74247491638796,-0.07923197746276855,-0.029819965362548828,0.001,2.5
200,98.43534894524707,99.77741759437383,0.09479271802720513,0.0907125312299234,182.21557080446175,180.1058483315152,2.7878256427183423,2.9156551943176168,11.2681910228889,11.154353581942045,2.7878256427183423,2.9156551943176168,24.288107202680067,22.74247491638796,-0.06615293025970459,-0.02609395980834961,0.001,2.5
201,97.79986316674518,100.02621664091895,0.09483193430169742,0.09084925349540136,182.2158610537224,180.10720427139947,2.782992469605489,2.9101377027887962,11.155585491876906,11.220638578153375,2.782992469605489,2.9101377027887962,24.288107202680067,22.74247491638796,-0.04848909378051758,-0.029028773307800293,0.001,2.5
202,97.91752873713048,99.8896367510027,0.0946991848361552,0.09057495130045358,182.21737788470347,180.10875199231813,2.8034625305003256,2.9178988287680125,11.117734460175736,11.170093963776145,2.8034625305003256,2.9178988287680125,24.204355108877724,22.74247491638796,-0.06539297103881836,-0.030742764472961426,0.001,2.5
203,97.28354108034067,99.93384005951643,0.09475975610952281,0.09074242866557578,182.21823833216374,180.10916617403063,2.7552103193561037,2.9134859145684384,11.135681554899742,11.192139408660175,2.7552103193561037,2.9134859145684384,24.5393634840871,23.076923076923077,-0.04851865768432617,-0.031049132347106934,0.001,2.5
204,98.63334225090705,99.70407818950538,0.09481060989138669,0.0909288057615127,182.21936229405492,180.11078590214453,2.774888285041055,2.9121470626780024,11.34659763157268,11.150165953365057,2.774888285041055,2.9121470626780024,24.120603015075375,22.74247491638796,-0.05994772911071777,-0.02920222282409668,0.001,2.5
205,99.04863310898568,99.6864183610897,0.0947655356883803,0.09077317285099157,182.22036962972413,180.1107596713165,2.855813153425054,2.909895239865102,11.186890102111715,11.153420767257844,2.855813153425054,2.909895239865102,24.120603015075375,22.74247491638796,-0.0984196662902832,-0.02430438995361328,0.001,2.5
206,98.17230748571143,99.61977343096781,0.09487261251239122,0.09075246240482682,182.2206671633313,180.1116665741273,2.8144441589438536,2.900748369287089,11.135710697078226,11.167536815273323,2.8144441589438536,2.900748369287089,24.120603015075375,22.74247491638796,-0.06090223789215088,-0.02772355079650879,0.001,2.5
207,98.6322337906165,99.90279393531009,0.0947992632811393,0.09094902618872282,182.22112104201835,180.11167106500835,2.7701771203397305,2.9090681395004427,11.360511401190829,11.19914197443321,2.7701771203397305,2.9090681395004427,24.204355108877724,22.74247491638796,-0.04365837574005127,-0.025766730308532715,0.001,2.5
208,98.71486716214537,99.36809746477516,0.09479909541219522,0.09069607018128685,182.22090524644707,180.1114770385334,2.8033106043510503,2.894832073645448,11.277638202136885,11.134961951137786,2.8033106043510503,2.894832073645448,24.120603015075375,23.076923076923077,-0.08045589923858643,-0.022292375564575195,0.001,2.5
209,98.26622622696,99.89127791286711,0.094766327047368,0.090749691486558,182.22057440931871,180.11098860418517,2.808531950067236,2.899023898867859,11.172251784422091,11.227011234066557,2.808531950067236,2.899023898867859,24.288107202680067,22.74247491638796,-0.07833170890808105,-0.02567911148071289,0.001,2.5
210,97.66689892230521,100.07279332904113,0.09488644488343043,0.09080117534733935,182.2203210674139,180.11056778821657,2.7748742654694984,2.906352029596284,11.15333530611329,11.241320195405379,2.7748742654694984,2.906352029596284,24.288107202680067,22.073578595317723,-0.04031729698181152,-0.02617061138153076,0.001,2.5
211,98.73477756877242,99.32186767169863,0.09482161912886142,0.09080238680177707,182.2200196232628,180.11057646378228,2.85607697097101,2.8961769864710676,11.12331647090177,11.12165973178519,2.85607697097101,2.8961769864710676,24.204355108877724,22.74247491638796,-0.0990593433380127,-0.013258934020996094,0.001,2.5
212,98.91217392453396,99.61534001277043,0.09486341878297541,0.0907228603012187,182.22020293320443,180.11082723866338,2.8126231473893974,2.9066492370937183,11.289148877014467,11.148954120368064,2.8126231473893974,2.9066492370937183,24.371859296482413,22.74247491638796,-0.056406617164611816,-0.025310873985290527,0.001,2.5
213,98.61039005452065,99.92890256543622,0.09482080043859817,0.09060608309048873,182.220202830968,180.1106725073977,2.836332024042331,2.916695239950582,11.157673704763953,11.181551879066289,2.836332024042331,2.916695239950582,24.706867671691793,23.076923076923077,-0.0968559980392456,-0.02944779396057129,0.001,2.5
214,98.4428555026925,99.94879926088262,0.09478575424283393,0.09097152828771533,182.22032147635966,180.1113286353274,2.78273856260469,2.9060828215302434,11.284954299479473,11.217294718509534,2.78273856260469,2.9060828215302434,24.706867671691793,23.076923076923077,-0.03803873062133789,-0.025543808937072754,0.001,2.5
215,98.59288842793885,100.21731654138469,0.09487302960762427,0.09075179626311745,182.22118243500216,180.11186279501007,2.801567919090565,2.922657649253922,11.258455102367817,11.221317747364873,2.801567919090565,2.922657649253922,24.455611390284755,22.74247491638796,-0.0657968521118164,-0.034744977951049805,0.001,2.5
216,97.46132704640553,99.84035249537847,0.09479340150877459,0.09078185150655217,182.2213233168201,180.11183008302413,2.8196803485129145,2.9037898073228305,10.977821374059323,11.202522998669474,2.8196803485129145,2.9037898073228305,24.5393634840871,22.74247491638796,-0.08164012432098389,-0.01891028881072998,0.001,2.5
217,99.31107976967765,99.82908365000849,0.0948354850212733,0.0906888028002503,182.22133952129627,180.1126301743115,2.840852342059265,2.908587202180588,11.284247264191134,11.18589537757695,2.840852342059265,2.908587202180588,24.288107202680067,22.74247491638796,-0.0982062816619873,-0.02570164203643799,0.001,2.5
218,98.46918095216479,99.79693879092417,0.09480490792586375,0.0907426970858239,182.222523674893,180.11336703603482,2.8133409095169912,2.9050729960502193,11.198408029386945,11.189997220119107,2.8133409095169912,2.9050729960502193,24.455611390284755,23.076923076923077,-0.0832834243774414,-0.01864314079284668,0.001,2.5
219,98.03952739466375,99.9087134523934,0.09483290655878521,0.09074759864587847,182.22299120214515,180.11359591787075,2.7909378019010203,2.9137095695355266,11.17968096325745,11.186441973300283,2.7909378019010203,2.9137095695355266,24.288107202680067,22.74247491638796,-0.07009446620941162,-0.03189826011657715,0.001,2.5
220,97.76577324284182,99.75717229428498,0.094794988220361,0.09073316672175226,182.22307102324774,180.1135784646739,2.7639011446155695,2.906773028166398,11.206047895166343,11.176945367385711,2.7639011446155695,2.906773028166398,24.120603015075375,22.74247491638796,-0.04737889766693115,-0.02563774585723877,0.001,2.5
221,98.86610921223958,100.130652922053,0.09486056397508337,0.09075742189999807,182.223019572758,180.11348900428186,2.8374414396046395,2.9281844175778904,11.20548086390024,11.187403264253035,2.8374414396046395,2.9281844175778904,24.204355108877724,22.74247491638796,-0.08918559551239014,-0.03315436840057373,0.001,2.5
222,98.00650494701699,99.67297868505369,0.09474859296826262,0.09089930156202221,182.22301006476883,180.11362638441616,2.777565858272252,2.913256493699192,11.213208818355797,11.140623765645618,2.777565858272252,2.913256493699192,24.5393634840871,22.40802675585284,-0.049021005630493164,-0.029848217964172363,0.001,2.5
223,97.81092775686702,99.89983370471559,0.09481230491719254,0.09070333539442872,182.22330120859834,180.11407991237067,2.8109285480013644,2.9202400768879664,11.073992783500122,11.1650833142641,2.8109285480013644,2.9202400768879664,23.869346733668344,22.74247491638796,-0.06266307830810547,-0.029306769371032715,0.001,2.5
224,99.03253033253016,99.74365009830947,0.0948153303271562,0.09074815061180089,182.2238637646239,180.11466194076283,2.8131629002952896,2.9094953321692936,11.311609202693255,11.166071285770888,2.8131629002952896,2.9094953321692936,24.5393634840871,22.40802675585284,-0.08061420917510986,-0.028076171875,0.001,2.5
225,98.03371392382648,99.61419861452237,0.09472453811360364,0.09078674601471942,182.22448699797818,180.11521993273476,2.8129963187915794,2.909997022271555,11.11236408367828,11.138668382446902,2.8129963187915794,2.909997022271555,24.455611390284755,22.74247491638796,-0.085640549659729,-0.02555859088897705,0.001,2.5
226,97.78527351519969,100.21618917713995,0.09479922512967383,0.09079979713943889,182.2248489405442,180.11574312037848,2.787148764784412,2.9207981190952568,11.14020341524926,11.226660026754423,2.787148764784412,2.9207981190952568,23.869346733668344,22.74247491638796,-0.05986011028289795,-0.031592607498168945,0.001,2.5
227,99.14852225401094,99.96999698498576,0.09478312513636585,0.09057934836400393,182.22535731125518,180.1161246411378,2.8355027894478546,2.9148859754453933,11.267794048366834,11.195202349021683,2.8355027894478546,2.9148859754453933,24.371859296482413,22.74247491638796,-0.09387040138244629,-0.02631688117980957,0.001,2.5
228,99.28810648702496,100.053975440188,0.09472991771983541,0.09054181976461889,182.22558519628578,180.11622486943784,2.822125394540017,2.9173186527048065,11.335853995190593,11.20470777403152,2.822125394540017,2.9173186527048065,24.623115577889447,22.74247491638796,-0.06321907043457031,-0.030078887939453125,0.001,2.5
229,98.07121867270925,99.85755078369957,0.09492427231728331,0.09079628836450768,182.22566312601418,180.1162837101863,2.781935706609857,2.9156727711093864,11.213007002020602,11.170309168837939,2.781935706609857,2.9156727711093864,24.036850921273032,22.40802675585284,-0.05789923667907715,-0.026552438735961914,0.001,2.5
230,98.59093313041444,100.1654690388453,0.09478658367840688,0.09061003002933037,182.22574823785268,180.11636214750666,2.8242185898561973,2.914462524911632,11.190128305649239,11.235560844574485,2.8242185898561973,2.914462524911632,24.371859296482413,22.40802675585284,-0.09258162975311279,-0.026510238647460938,0.001,2.5
231,98.91712503097764,100.13015650108107,0.09477843799732838,0.09073722521995621,182.22567332409935,180.11620522183318,2.8015622701277487,2.920482994321995,11.323337690714416,11.210410902731395,2.8015622701277487,2.920482994321995,24.455611390284755,22.74247491638796,-0.0642310380935669,-0.026587486267089844,0.001,2.5
232,98.15320532206115,100.04787376174161,0.09476590479788069,0.09085540014963883,182.22565543272188,180.11620517080044,2.799753046515,2.911565615580632,11.175983596686741,11.220684191853705,2.799753046515,2.911565615580632,24.036850921273032,22.74247491638796,-0.07067084312438965,-0.020882725715637207,0.001,2.5
233,97.8416723126742,100.03556706355168,0.09476628176980283,0.09072710553738585,182.22551889595275,180.11613326567073,2.798948739641276,2.913877312554962,11.11608991990337,11.21131193039808,2.798948739641276,2.913877312554962,24.288107202680067,22.74247491638796,-0.0639791488647461,-0.02837526798248291,0.001,2.5
234,98.34840716389157,100.39929837127991,0.09484827461054976,0.09058904759959632,182.22539703011313,180.11587815300678,2.8105842408223367,2.919957251851774,11.182514211440605,11.265846957331119,2.8105842408223367,2.919957251851774,24.288107202680067,22.74247491638796,-0.06667482852935791,-0.03238558769226074,0.001,2.5
235,98.6656988198234,100.0835609563617,0.09481100377375556,0.0906757557621369,182.22551986719895,180.11640562740058,2.815039977755778,2.915719516301235,11.232612250438288,11.21539511090537,2.815039977755778,2.915719516301235,24.204355108877724,22.74247491638796,-0.07490360736846924,-0.024286270141601562,0.001,2.5
236,98.76062772102291,99.76474289910051,0.09482061360000166,0.09093869138621168,182.22599884493266,180.11664099039442,2.788520538627203,2.9041282676135416,11.331154567712115,11.186353115732455,2.788520538627203,2.9041282676135416,24.120603015075375,23.076923076923077,-0.05814075469970703,-0.022636771202087402,0.001,2.5
237,98.17703998508166,99.82168760267787,0.09472515692363433,0.09064692916678745,182.22609686412204,180.1166889611694,2.80673565577023,2.9053381597716674,11.159810392101805,11.194170192731264,2.80673565577023,2.9053381597716674,24.204355108877724,22.74247491638796,-0.06337189674377441,-0.03018331527709961,0.001,2.5
238,99.04609347907342,100.00099166819085,0.09481672175116275,0.09095251420668535,182.22631902391188,180.11703552450226,2.8296079775396503,2.915809820328269,11.26498612606745,11.19855456527659,2.8296079775396503,2.915809820328269,24.288107202680067,22.74247491638796,-0.08826637268066406,-0.02852165699005127,0.001,2.5
239,99.02198897574216,99.49742547484944,0.09484069352623206,0.09073050051030507,182.22648091531877,180.11702455246328,2.8058150066203207,2.901626734430575,11.331539048621403,11.140435126314195,2.8058150066203207,2.901626734430575,24.371859296482413,22.74247491638796,-0.06075429916381836,-0.01921701431274414,0.001,2.5
240,98.09986340700083,99.74561802280388,0.09493053021842311,0.09070349768751042,182.2263926597097,180.11688737645994,2.747936068667439,2.917203403236874,11.320733394654752,11.143348658762648,2.747936068667439,2.917203403236874,24.371859296482413,22.74247491638796,-0.05595600605010986,-0.029753565788269043,0.001,2.5
241,98.85721168965351,99.81430390527017,0.09477605786754857,0.09069089910457764,182.22632848078283,180.11694616617567,2.815689072936424,2.9107407893624195,11.268974559790326,11.176476743308996,2.815689072936424,2.9107407893624195,24.204355108877724,23.076923076923077,-0.08959472179412842,-0.030222415924072266,0.001,2.5
242,99.03297163613477,99.41472102646844,0.09474890378352185,0.09081534089452048,182.2264552539717,180.1170703798632,2.8576369089896554,2.9037887858706575,11.178288606742719,11.117391146146334,2.8576369089896554,2.9037887858706575,24.204355108877724,22.74247491638796,-0.09261465072631836,-0.023887276649475098,0.001,2.5
243,98.11400853449376,99.88523382486707,0.09479541463817984,0.0907508252954802,182.2265939377061,180.11716846478822,2.7938376978613824,2.9132892120642007,11.185884204142457,11.183006159039245,2.7938376978613824,2.9132892120642007,24.120603015075375,22.74247491638796,-0.05399763584136963,-0.02384471893310547,0.001,2.5
244,97.63261942647809,100.00395478213511,0.09485300411930436,0.09081330108004669,182.22668469810804,180.11729706729136,2.779032418476277,2.9184312573244737,11.134010306954185,11.191311195143888,2.779032418476277,2.9184312573244737,24.204355108877724,23.076923076923077,-0.05499124526977539,-0.02600705623626709,0.001,2.5
245,99.10095306856549,99.79265398006375,0.09486065204668684,0.0907890320970462,182.22688802083334,180.11758494297396,2.842721370396702,2.9094866502245136,11.236609006846571,11.175888919511367,2.842721370396702,2.9094866502245136,24.288107202680067,22.74247491638796,-0.08813738822937012,-0.02642834186553955,0.001,2.5
246,97.50881145228094,99.81248759904435,0.0948282588691368,0.09080591222215256,182.22704773971583,180.11771788325996,2.7647760393631517,2.9139938928610505,11.152023181244356,11.166331453865586,2.7647760393631517,2.9139938928610505,24.371859296482413,22.74247491638796,-0.046269774436950684,-0.02490675449371338,0.001,2.5
247,98.24067397892375,99.93241736880911,0.09480129460643484,0.09067992198228039,182.22705119019577,180.11759377163787,2.794536229953095,2.9205352351019616,11.209120467679584,11.17071853752519,2.794536229953095,2.9205352351019616,24.036850921273032,23.076923076923077,-0.05653488636016846,-0.031809449195861816,0.001,2.5
248,98.37885554072446,100.05980552239562,0.0948226937971123,0.0907408585865362,182.22712367583358,180.11778121488948,2.8003975606244214,2.9194886134221005,11.219168551203794,11.19932373391346,2.8003975606244214,2.9194886134221005,24.288107202680067,22.74247491638796,-0.06023681163787842,-0.031051158905029297,0.001,2.5
249,99.14361493032382,99.52056292785849,0.09473256941516595,0.09050712166322912,182.22713037232057,180.11772232310827,2.8300525662887037,2.9068061061527417,11.283173476431637,11.1295697298337,2.8300525662887037,2.9068061061527417,24.204355108877724,22.40802675585284,-0.07649385929107666,-0.030272364616394043,0.001,2.5
250,97.75488587959327,99.26629807079915,0.09477047608475789,0.09072342021608831,182.22721223815202,180.11772017973323,2.796516424247767,2.901322345669852,11.106027999315629,11.095124461579083,2.796516424247767,2.901322345669852,24.455611390284755,22.74247491638796,-0.07068502902984619,-0.020596623420715332,0.001,2.5
251,99.01931687295937,99.53581707294171,0.09487122397127264,0.09069042249168441,182.22716597616173,180.1176176549599,2.8125298390636093,2.9096254959552983,11.3108542105261,11.124125046873571,2.8125298390636093,2.9096254959552983,24.036850921273032,23.076923076923077,-0.06547975540161133,-0.02237391471862793,0.001,2.5
252,98.30147054087577,99.63495123107298,0.0948332073400967,0.09080593933329534,182.22707971416327,180.11774845187082,2.812257430461583,2.9088557292785135,11.168109647792388,11.146238161169965,2.812257430461583,2.9088557292785135,24.036850921273032,22.74247491638796,-0.07607626914978027,-0.026630520820617676,0.001,2.5
253,97.47163299100482,99.72868768188069,0.09487116988280311,0.0906511290266761,182.22712702407708,180.11757841078335,2.751227839707929,2.9234623279061207,11.185223588991406,11.121197442147245,2.751227839707929,2.9234623279061207,24.204355108877724,22.74247491638796,-0.03840947151184082,-0.027430295944213867,0.001,2.5
254,98.05558633724449,99.74255223098805,0.0948097411936252,0.09081608954081966,182.2274923148866,180.11809276976314,2.781556055573762,2.925687974113286,11.21104148404682,11.117258719377295,2.781556055573762,2.925687974113286,24.706867671691793,23.076923076923077,-0.06322908401489258,-0.032599687576293945,0.001,2.5
255,98.02089919916149,100.13485978040408,0.09484206279817738,0.09066834176164806,182.22750322862686,180.1180753165663,2.8242112855416046,2.923348929969762,11.076132633777918,11.202768765963041,2.8242112855416046,2.923348929969762,24.455611390284755,22.74247491638796,-0.08160245418548584,-0.03003227710723877,0.001,2.5
256,98.53437747667782,99.80486238919772,0.09485844659994995,0.09042650418835739,182.22734535000032,180.11781142627117,2.821943631323937,2.9054663779344847,11.185627528371125,11.190464849057404,2.821943631323937,2.9054663779344847,24.036850921273032,22.74247491638796,-0.09131097793579102,-0.025556445121765137,0.001,2.5
257,97.69487620598107,100.16781059954079,0.09477957089742024,0.09074713309672365,182.22704927326248,180.11759994659934,2.7756591733775946,2.9114453553356054,11.156596661412737,11.245052554535626,2.7756591733775946,2.9114453553356054,24.371859296482413,22.74247491638796,-0.046236395835876465,-0.028305411338806152,0.001,2.5
258,98.6600061413431,100.05096292655205,0.09473403508289775,0.0907923415502577,182.22709809116384,180.1178572536711,2.8019020629288565,2.9198124568199235,11.270902438778773,11.196572303771973,2.8019020629288565,2.9198124568199235,24.204355108877724,22.74247491638796,-0.06727361679077148,-0.02574288845062256,0.001,2.5
259,98.32996239334695,99.6486669176797,0.09489404179243187,0.09055014156477906,182.22742049378567,180.1182365800226,2.775352154145488,2.916800986165586,11.284511764245217,11.125196310190054,2.775352154145488,2.916800986165586,24.204355108877724,22.40802675585284,-0.050557732582092285,-0.02801072597503662,0.001,2.5
260,98.0188847961937,99.68017726119945,0.09485346624250188,0.09059505192033424,182.22766621907553,180.1183215495336,2.769602179327602,2.9108377356194333,11.239554400420069,11.149380294774287,2.769602179327602,2.9108377356194333,24.455611390284755,22.74247491638796,-0.040387511253356934,-0.028989553451538086,0.001,2.5
261,97.9159455930368,99.71397068189538,0.09478278178565666,0.09083753383179573,182.2277246983207,180.11834109507276,2.7770550370815412,2.904456617840158,11.196622060970645,11.175233199843595,2.7770550370815412,2.904456617840158,24.288107202680067,22.74247491638796,-0.024497151374816895,-0.02640211582183838,0.001,2.5
262,98.3290925784726,99.9790098770805,0.09486293399603522,0.09070770188318845,182.22742384202917,180.11772854910248,2.7870921349805005,2.9128852249387913,11.249124119629213,11.20298043381809,2.7870921349805005,2.9128852249387913,24.036850921273032,22.74247491638796,-0.06658506393432617,-0.027858734130859375,0.001,2.5
263,97.90133838238229,100.128045786982,0.09480052197997893,0.09064016914786303,182.22701814226568,180.1176172977307,2.756396006898864,2.9158809591695216,11.255674223204952,11.223814584738435,2.756396006898864,2.9158809591695216,24.288107202680067,22.40802675585284,-0.047101497650146484,-0.028692007064819336,0.001,2.5
264,98.41585069205892,99.86594518450988,0.094853355232595,0.090513525499548,182.22698276845654,180.11734478290265,2.8126156298159755,2.9025824923180417,11.18990681039628,11.2113148998656,2.8126156298159755,2.9025824923180417,24.371859296482413,22.74247491638796,-0.07027482986450195,-0.023999929428100586,0.001,2.5
265,97.69575122213443,99.50787279518153,0.09480147908630483,0.0905775420093616,182.2265142699582,180.1172619567667,2.763370307845686,2.903616900428083,11.193633713714242,11.136584521137353,2.763370307845686,2.903616900428083,24.204355108877724,23.076923076923077,-0.03232419490814209,-0.022017955780029297,0.001,2.5
266,97.96203056092638,99.9453549847555,0.09482284767593771,0.09075455063561531,182.22665402717527,180.11749298197768,2.780809213168657,2.9193435121938136,11.194568923170642,11.176866091214693,2.780809213168657,2.9193435121938136,24.371859296482413,23.076923076923077,-0.039939165115356445,-0.03364741802215576,0.001,2.5
267,98.56581570674825,99.67975175021883,0.09485784598580957,0.0905538602268018,182.22673090898013,180.11747552878083,2.782528632050583,2.9028838310752025,11.310160213579085,11.173164715336318,2.782528632050583,2.9028838310752025,24.120603015075375,22.40802675585284,-0.06890690326690674,-0.02174091339111328,0.001,2.5
268,97.53635803938312,99.81121356670673,0.09484221370675457,0.0907676488310597,182.22683104957568,180.11781555992306,2.7787866879947223,2.904433681015984,11.1154979405491,11.194764105372604,2.7787866879947223,2.904433681015984,24.288107202680067,22.74247491638796,-0.04674088954925537,-0.02187812328338623,0.001,2.5
269,97.78778325373204,99.81023215609649,0.09481265642984428,0.09088392458532167,182.2274817589739,180.1183561497309,2.794551973965899,2.9167158340530652,11.118493046592828,11.157698768437108,2.794551973965899,2.9167158340530652,24.371859296482413,22.74247491638796,-0.04860520362854004,-0.03062725067138672,0.001,2.5
270,98.02409145540528,99.8876064645008,0.09476562216253935,0.09058414387164707,182.2280120082836,180.1190972982043,2.825672429610337,2.913004628790661,11.072402311928908,11.184367096942404,2.825672429610337,2.913004628790661,24.288107202680067,22.74247491638796,-0.08807682991027832,-0.02520287036895752,0.001,2.5
271,98.4410872978581,99.6539634781139,0.09485684890593317,0.09061114061436924,182.2286832672068,180.11957251507303,2.790607816609905,2.8976459439382904,11.26097672748406,11.1837091318341,2.790607816609905,2.8976459439382904,24.204355108877724,22.74247491638796,-0.041130900382995605,-0.023542404174804688,0.001,2.5
272,98.39868891219199,99.79981979319085,0.09478776759687979,0.09064254967065957,182.2287772991749,180.11930000024495,2.792731784695956,2.906597055320357,11.246139166942195,11.186021479475857,2.792731784695956,2.906597055320357,24.204355108877724,22.40802675585284,-0.05657196044921875,-0.027512550354003906,0.001,2.5
273,98.71984385325881,99.8495753871956,0.0948308337872951,0.09076647707152127,182.22852947803798,180.11916705995898,2.7981786076946675,2.9109089749313917,11.294021365231206,11.183010812587163,2.7981786076946675,2.9109089749313917,24.288107202680067,22.74247491638796,-0.07257866859436035,-0.026041507720947266,0.001,2.5
274,98.61605295663702,100.0710797517196,0.09482564164366156,0.09092140349755717,182.22851920327548,180.1192411594965,2.797187267236374,2.9174463342264745,11.276238176291512,11.207669404836802,2.797187267236374,2.9174463342264745,23.953098827470686,23.076923076923077,-0.0803823471069336,-0.025638699531555176,0.001,2.5
275,97.7956339262638,99.54938764795412,0.09483633674618787,0.09080128620898843,182.2286218486639,180.11927387148242,2.7572048061856473,2.9010423011205666,11.232099355764724,11.152566389894007,2.7572048061856473,2.9010423011205666,24.036850921273032,22.74247491638796,-0.04068911075592041,-0.020012497901916504,0.001,2.5
276,97.69488287690896,99.75929158188427,0.09489320712772446,0.09070418037499074,182.22824262813907,180.11881171899495,2.7638080331748056,2.903940167315429,11.192128429061404,11.185873328244009,2.7638080331748056,2.903940167315429,24.288107202680067,22.74247491638796,-0.047161102294921875,-0.02695763111114502,0.001,2.5
277,98.3874456766662,100.03941312043563,0.09472406918878731,0.09080232796960053,182.2281148581449,180.11860243373093,2.8378746249967284,2.9182086030775087,11.108474689911757,11.199072544391338,2.8378746249967284,2.9182086030775087,24.204355108877724,22.74247491638796,-0.08581173419952393,-0.0242234468460083,0.001,2.5
278,98.17049974093285,100.1922964140723,0.09471044766793099,0.0906084303971517,182.22777154817055,180.1185043488059,2.8011264948789,2.9171841806392607,11.175333039045734,11.232761140651128,2.8011264948789,2.9171841806392607,24.288107202680067,22.74247491638796,-0.0875622034072876,-0.031304240226745605,0.001,2.5
279,98.21729171216188,100.33261287013025,0.09483001282566556,0.09084931135576306,182.22760641075658,180.11838008408563,2.7810670778379967,2.9292053777637292,11.244845355176047,11.224712923617666,2.7810670778379967,2.9292053777637292,24.288107202680067,22.40802675585284,-0.04203140735626221,-0.03638958930969238,0.001,2.5
280,98.02208906521949,99.9631791896246,0.09485745463688769,0.09068894062353217,182.22787542039626,180.11879860358096,2.767730939328371,2.919082746856587,11.245807932050184,11.181225824515556,2.767730939328371,2.919082746856587,24.288107202680067,22.74247491638796,-0.04650723934173584,-0.02863001823425293,0.001,2.5
281,98.88769858406616,99.7087446997397,0.09485458806032311,0.09075316886439372,182.22815202109177,180.11916915230128,2.817543051350656,2.90146982629961,11.269494083858214,11.18316559488558,2.817543051350656,2.90146982629961,24.288107202680067,22.40802675585284,-0.08424603939056396,-0.021348953247070312,0.001,2.5
282,97.5413400979098,99.56528705099355,0.09487644625418949,0.09068068009754487,182.22863079435263,180.1194546804779,2.7736973602767767,2.9061486122998903,11.131754900742216,11.140451849104968,2.7736973602767767,2.9061486122998903,24.288107202680067,23.076923076923077,-0.05516791343688965,-0.025600552558898926,0.001,2.5
283,98.49972961016836,100.30882362697436,0.09480761007797378,0.09082593741424905,182.2287052991602,180.11940456632786,2.8354604020589957,2.9189605728838357,11.138157660837349,11.250694450327385,2.8354604020589957,2.9189605728838357,24.371859296482413,22.74247491638796,-0.07910382747650146,-0.030939340591430664,0.001,2.5
284,98.78147538023778,100.29126507302989,0.09481808395940854,0.09064769460804088,182.22869614899858,180.11945034269505,2.823465013823517,2.9128947545054764,11.230490850643497,11.26541554569002,2.823465013823517,2.9128947545054764,24.204355108877724,23.076923076923077,-0.09276950359344482,-0.029210925102233887,0.001,2.5
285,98.10618693545037,100.00864397642206,0.09480899481268185,0.09062568494508098,182.22879319694175,180.11965085032793,2.771175013515019,2.914028453188995,11.252304933378644,11.205494807316708,2.771175013515019,2.914028453188995,24.120603015075375,22.74247491638796,-0.05297231674194336,-0.02981245517730713,0.001,2.5
286,98.60235286437886,99.86820471007688,0.09487426456943829,0.09073495221975256,182.22910069860205,180.11986886219037,2.797204926585033,2.9094072416873282,11.273435266772706,11.191247879462098,2.797204926585033,2.9094072416873282,24.204355108877724,22.74247491638796,-0.05906486511230469,-0.023041605949401855,0.001,2.5
287,97.78178635793715,99.96198111951949,0.09476696900786268,0.09079115571186296,182.2291501554812,180.11989499095293,2.7847782599067368,2.9268236327729498,11.146623426146643,11.15774360707771,2.7847782599067368,2.9268236327729498,24.455611390284755,22.74247491638796,-0.03378856182098389,-0.02985990047454834,0.001,2.5
288,98.88113027601386,99.7618810341111,0.09481448449281792,0.09081325660082808,182.22914954206252,180.1199254574983,2.8420247588325385,2.9098545699613947,11.19474324109766,11.168625987891769,2.8420247588325385,2.9098545699613947,24.455611390284755,22.40802675585284,-0.08853626251220703,-0.02510702610015869,0.001,2.5
289,98.78488308700484,99.56170899254023,0.09484188484536543,0.0908271487191768,182.22941157406498,180.1204726305295,2.7962301432387515,2.903485952013711,11.312872300395615,11.147694122033773,2.7962301432387515,2.903485952013711,24.623115577889447,22.74247491638796,-0.06998002529144287,-0.023291349411010742,0.001,2.5
290,98.4430893429959,100.06392141488882,0.09485023044411661,0.0907221777134117,182.22971253259297,180.1204421639841,2.8087978474858217,2.9294316920149686,11.206808598197286,11.170320067517334,2.8087978474858217,2.9294316920149686,24.204355108877724,22.74247491638796,-0.0734257698059082,-0.033098459243774414,0.001,2.5
291,98.68541647241743,100.22967840596586,0.09482394566937308,0.09064847061466613,182.2297974655177,180.12072554878566,2.835809804286989,2.914908965694466,11.174242668215753,11.2470550856064,2.835809804286989,2.914908965694466,24.036850921273032,22.74247491638796,-0.08193719387054443,-0.031061291694641113,0.001,2.5
292,99.13436994440791,99.76203372406721,0.09484106896310995,0.09063359135668413,182.23015787453707,180.1211136017356,2.8536542679995947,2.910030817905796,11.210497142082483,11.168163707822462,2.8536542679995947,2.910030817905796,24.455611390284755,22.74247491638796,-0.09972810745239258,-0.027529597282409668,0.001,2.5
293,98.0510366621928,100.15469982950982,0.09486305265620326,0.09087710426403926,182.2307778363252,180.12195053866077,2.817792653238753,2.901220163772736,11.10141080028847,11.273079010953872,2.817792653238753,2.901220163772736,24.371859296482413,22.74247491638796,-0.0677495002746582,-0.023888707160949707,0.001,2.5
294,98.45376783719215,100.06027456430289,0.09482852675307736,0.09082745177590329,182.2315942709969,180.12289219476708,2.8051284194192294,2.923600857871831,11.21995635328181,11.187062588822483,2.8051284194192294,2.923600857871831,24.288107202680067,22.74247491638796,-0.06409549713134766,-0.028539538383483887,0.001,2.5
295,97.76043823855606,100.01288076547476,0.09480379174901812,0.09059164456300513,182.2324834980158,180.12346544552807,2.7834365547601903,2.9191154397052266,11.146370993187679,11.191087681314219,2.7834365547601903,2.9191154397052266,24.706867671691793,22.74247491638796,-0.05413079261779785,-0.028192639350891113,0.001,2.5
296,99.1222495968817,99.62932747423051,0.09477076246410958,0.09075721744510243,182.23291542142678,180.1237401037312,2.8613257571880144,2.912783576493279,11.185071946787874,11.133339221660908,2.8613257571880144,2.912783576493279,24.036850921273032,22.74247491638796,-0.09528565406799316,-0.028006792068481445,0.001,2.5
297,97.85732855868699,99.62203280343658,0.09483962507303835,0.09071655245030603,182.23317873138478,180.1239340791734,2.805631034937336,2.901955790344289,11.099158007495568,11.164371771158581,2.805631034937336,2.901955790344289,24.204355108877724,22.74247491638796,-0.06256711483001709,-0.02462899684906006,0.001,2.5
298,98.13125946453867,99.75631882275228,0.09478301918087294,0.09072065433132209,182.23313428409136,180.12378802347342,2.780812772674177,2.907051330426066,11.228410394946534,11.175941285481022,2.780812772674177,2.907051330426066,24.455611390284755,22.74247491638796,-0.07217884063720703,-0.025949954986572266,0.001,2.5
299,97.76611739626682,99.72748228857749,0.09484239180932692,0.09083924574596826,182.23338463558025,180.12456627274835,2.7660580344335917,2.906509797309952,11.1996344817144,11.171774848249047,2.7660580344335917,2.906509797309952,24.288107202680067,22.74247491638796,-0.05790698528289795,-0.02491152286529541,0.001,2.5
300,98.43120053545314,99.67936946396844,0.09480482514579491,0.09077566037309609,182.23407363252625,180.12553625202497,2.7835878311489495,2.9019411622879896,11.280068694646634,11.175870050155996,2.7835878311489495,2.9019411622879896,24.120603015075375,22.40802675585284,-0.04997050762176514,-0.023370862007141113,0.001,2.5
301,97.91204432706337,100.05647910638,0.09476881097359474,0.09081636346801866,182.2348901949935,180.12556462622805,2.807725951499875,2.9099408790818027,11.103830420591525,11.227285503145046,2.807725951499875,2.9099408790818027,24.371859296482413,23.076923076923077,-0.06938755512237549,-0.02668130397796631,0.001,2.5
302,98.38856358104815,99.70419709578805,0.09491586812477015,0.09070638028973321,182.2348779266204,180.1252485294406,2.7985849144870114,2.9077147034099666,11.226527792325172,11.163529459848053,2.7985849144870114,2.9077147034099666,24.036850921273032,22.74247491638796,-0.07890892028808594,-0.023393869400024414,0.001,2.5
303,99.01776975443215,99.74857582934325,0.09480288479995089,0.09065690397418862,182.23469507674275,180.1251765732781,2.839293051404969,2.900678568460471,11.23026687455936,11.193523008289146,2.839293051404969,2.900678568460471,24.5393634840871,22.74247491638796,-0.09800255298614502,-0.019957304000854492,0.001,2.5
304,98.72731381005778,99.92098715791734,0.09486327639826178,0.09064621762388127,182.2346399713002,180.1252288308032,2.8371894914700557,2.9207476891801507,11.178474653106639,11.167799956025089,2.8371894914700557,2.9207476891801507,24.371859296482413,22.74247491638796,-0.07658720016479492,-0.02877020835876465,0.001,2.5
305,98.0210128860857,99.48793713623863,0.0947070216238998,0.09058086449485958,182.23471838665168,180.12549695681568,2.781447320727248,2.904340721691731,11.204472209540643,11.13042414547209,2.781447320727248,2.904340721691731,24.036850921273032,22.74247491638796,-0.04803669452667236,-0.023883938789367676,0.001,2.5
306,98.45215669309275,99.81821138005591,0.09481218107781018,0.09063120667252653,182.23522151774498,180.12583055783276,2.818188657712697,2.8996955702536082,11.180455714214586,11.210403971847484,2.818188657712697,2.8996955702536082,24.288107202680067,23.076923076923077,-0.07135748863220215,-0.02536904811859131,0.001,2.5
307,98.03979055126707,99.70395780327328,0.09477595519430473,0.09074953310565406,182.23527631647823,180.12606158304374,2.7775871022861804,2.9092675977726046,11.219794618424459,11.158813285189728,2.7775871022861804,2.9092675977726046,24.204355108877724,22.74247491638796,-0.04513406753540039,-0.026085495948791504,0.001,2.5
308,98.72653576517025,100.096538530943,0.09473699947797273,0.09069007493082097,182.23555401621553,180.12624035072966,2.829033423508432,2.928247978057351,11.202812447220436,11.180400392283564,2.829033423508432,2.928247978057351,24.623115577889447,23.076923076923077,-0.07738590240478516,-0.03691387176513672,0.001,2.5
309,98.64878897611021,100.20465480842718,0.09486005979416957,0.09070344695379104,182.23599314729572,180.1272692728202,2.7917803707633984,2.9184434748812262,11.29899719212722,11.231434193741917,2.7917803707633984,2.9184434748812262,24.120603015075375,22.74247491638796,-0.04924893379211426,-0.034500718116760254,0.001,2.5
310,98.18871725264506,100.0769133807026,0.09477324411897005,0.09055074635756055,182.23678320496526,180.12762890053435,2.814073086184273,2.9269427033172404,11.140122467948364,11.180419239312112,2.814073086184273,2.9269427033172404,24.036850921273032,23.076923076923077,-0.05592525005340576,-0.03980088233947754,0.001,2.5
311,98.5019214572619,99.83737116274627,0.09482754924189506,0.09087383311030059,182.23711695583222,180.12780327940465,2.7615925007729074,2.9177364633234846,11.360193677483691,11.160064014702737,2.7615925007729074,2.9177364633234846,24.120603015075375,23.076923076923077,-0.051793813705444336,-0.02936422824859619,0.001,2.5
312,97.3196840398076,99.30263822931909,0.09480490577929783,0.09068968827309816,182.23726284723585,180.12801042129362,2.7725702586086154,2.9098460961345047,11.090817663937159,11.076825853175542,2.7725702586086154,2.9098460961345047,24.371859296482413,22.74247491638796,-0.049617648124694824,-0.02230238914489746,0.001,2.5
313,98.57647459710662,99.5814766772216,0.09479265079725926,0.09060700539262798,182.2373811603591,180.12789268876398,2.8068581194534175,2.9018870021985923,11.239314309316663,11.15648762119255,2.8068581194534175,2.9018870021985923,23.953098827470686,22.74247491638796,-0.05144500732421875,-0.02423393726348877,0.001,2.5
314,97.70193098058652,99.73093467891017,0.09474709647484561,0.09067495060106584,182.23701612514068,180.12745447063128,2.788756967988645,2.915978635035231,11.118718367725162,11.144091421146456,2.788756967988645,2.915978635035231,24.455611390284755,22.74247491638796,-0.0435405969619751,-0.028435945510864258,0.001,2.5
315,98.9519469805898,99.64564108449879,0.09482447852940615,0.0907437646369073,182.2370216970268,180.12784686136405,2.8177495274312134,2.900321689337791,11.281728968149054,11.173988504952012,2.8177495274312134,2.900321689337791,24.288107202680067,23.076923076923077,-0.08022487163543701,-0.02084207534790039,0.001,2.5
316,99.07018288974986,99.96891054899797,0.09478716524801462,0.09079371360333069,182.23710379289022,180.12775750303746,2.8090776075270507,2.91146942285391,11.331399061372332,11.205190176947859,2.8090776075270507,2.91146942285391,24.455611390284755,22.74247491638796,-0.06292784214019775,-0.027823805809020996,0.001,2.5
317,97.63671126118058,99.77490012382584,0.09478144048146867,0.09059091582645142,182.23718297501506,180.1278403291734,2.778707090933718,2.9039511879949664,11.135817046940227,11.188982619091021,2.778707090933718,2.9039511879949664,24.120603015075375,22.74247491638796,-0.056001901626586914,-0.022079110145568848,0.001,2.5
318,98.60612643703544,99.88298213282556,0.09487098107236115,0.0907724603861072,182.23722422741966,180.1278990678564,2.7780066431067896,2.904134661058917,11.331783895316835,11.210012410396716,2.7780066431067896,2.904134661058917,24.120603015075375,22.74247491638796,-0.05118703842163086,-0.02089536190032959,0.001,2.5
319,98.6907412274998,99.88956652995336,0.09473086379381081,0.09084900411275718,182.2373320101893,180.12777260872832,2.7974666406960544,2.9017814736701175,11.290354858091728,11.218373719665118,2.7974666406960544,2.9017814736701175,24.371859296482413,22.74247491638796,-0.05597209930419922,-0.02784132957458496,0.001,2.5
320,98.01041818743376,99.82809882020472,0.09480762470457423,0.09070268542471538,182.2369881123554,180.12732132621434,2.799341901462881,2.912507896837981,11.148648816337138,11.173929185771623,2.799341901462881,2.912507896837981,24.204355108877724,22.74247491638796,-0.05460631847381592,-0.026798605918884277,0.001,2.5
321,97.96189591553143,99.7432099919654,0.09473704087424717,0.09078372576364306,182.2366806106951,180.12730172964243,2.7818465045149403,2.900174386525234,11.191444909752313,11.193937103883878,2.7818465045149403,2.900174386525234,24.288107202680067,22.40802675585284,-0.05104541778564453,-0.020405292510986328,0.001,2.5
322,97.76326291644993,99.76394081753632,0.09477882814816693,0.09052502172049072,182.23664288544774,180.12735403820025,2.761226511081459,2.9078214112731526,11.21356997018683,11.175192641574005,2.761226511081459,2.9078214112731526,24.455611390284755,23.411371237458194,-0.051903367042541504,-0.028258204460144043,0.001,2.5
323,97.63014474226601,100.05951892253148,0.09469687503136981,0.09076862650172766,182.23638082788617,180.12721242234858,2.7807605302513543,2.9189243986455096,11.128361026246344,11.200951250899196,2.7807605302513543,2.9189243986455096,24.371859296482413,23.076923076923077,-0.049652934074401855,-0.030822396278381348,0.001,2.5
324,98.49240564700946,100.01337093493612,0.09478223993999874,0.09068339043935406,182.2364441633624,180.1273279094377,2.8187614373825305,2.9085897960790423,11.186792817746774,11.222743088585078,2.8187614373825305,2.9085897960790423,24.120603015075375,23.076923076923077,-0.0726015567779541,-0.02604985237121582,0.001,2.5
325,98.32237071128347,99.98111444173449,0.09481989815706383,0.09069298347302504,182.23640983747677,180.12678522728757,2.8018942510263005,2.9132970424001434,11.20338035787969,11.202168563536578,2.8018942510263005,2.9132970424001434,24.204355108877724,22.40802675585284,-0.06393837928771973,-0.03166675567626953,0.001,2.5
326,98.17663759522303,99.8469875935328,0.09480960320188372,0.09066721281180015,182.23605027190806,180.1266632080078,2.7910367036784316,2.9178140386689866,11.206808511935288,11.161796480516925,2.7910367036784316,2.9178140386689866,24.120603015075375,22.74247491638796,-0.06605243682861328,-0.02970445156097412,0.001,2.5
327,99.20919976162551,99.85150274066223,0.0948226124023273,0.09071594790670784,182.2359484955294,180.12681140708284,2.8545074387012015,2.9153481829525236,11.222905905003124,11.1700877345924,2.8545074387012015,2.9153481829525236,24.204355108877724,22.40802675585284,-0.07504594326019287,-0.030873656272888184,0.001,2.5
328,98.49598454869971,100.0147410619219,0.09482938546681124,0.09066575748166911,182.23617793966577,180.12675251530166,2.8109581897805884,2.9058073300581713,11.210909322677944,11.231367184565617,2.8109581897805884,2.9058073300581713,24.288107202680067,22.74247491638796,-0.062195539474487305,-0.027781963348388672,0.001,2.5
329,99.03060519475633,99.98518221035451,0.09478470837850267,0.09071223866381374,182.23622064893968,180.12742604539545,2.841764838252235,2.9119990876685815,11.225422702642343,11.206871166675784,2.841764838252235,2.9119990876685815,24.623115577889447,22.74247491638796,-0.07175993919372559,-0.035248756408691406,0.001,2.5
330,98.1303895474279,100.11690671786815,0.09476957905731809,0.09073173334466972,182.23673372252702,180.1268135504579,2.7970760024372656,2.9179084867139324,11.179448480781797,11.215483847270443,2.7970760024372656,2.9179084867139324,24.455611390284755,22.40802675585284,-0.054424166679382324,-0.03373992443084717,0.001,2.5
331,97.94547947766992,100.35336303710938,0.09469110889350948,0.09063885834404457,182.2360542591293,180.1268200316158,2.8009452160878396,2.9232735091627244,11.130875237623052,11.246698535804367,2.8009452160878396,2.9232735091627244,24.204355108877724,23.076923076923077,-0.05885958671569824,-0.03182387351989746,0.001,2.5
332,98.19796612354578,99.65121980494878,0.09479521779059565,0.0906123205969565,182.23611000354964,180.1266543793439,2.8001128948313907,2.8901926530244757,11.183848336314037,11.205517759291224,2.8001128948313907,2.8901926530244757,24.288107202680067,23.076923076923077,-0.05536627769470215,-0.020807266235351562,0.001,2.5
333,97.4889913587714,99.77243445150829,0.0947627985297735,0.0908065822760397,182.23566248908114,180.1261506862066,2.7951675160246676,2.902011593049984,11.05689593974869,11.194265250776922,2.7951675160246676,2.902011593049984,24.455611390284755,23.076923076923077,-0.051860928535461426,-0.02570056915283203,0.001,2.5
334,98.1937633495235,100.28019045826584,0.09488628661163288,0.09071084089502443,182.23525027174446,180.12607015654396,2.7932488922298053,2.9262978663811317,11.20358173811256,11.22297797314698,2.7932488922298053,2.9262978663811317,24.120603015075375,22.74247491638796,-0.07908642292022705,-0.03431689739227295,0.001,2.5
335,98.76549765173115,99.78039527816517,0.09481561926491495,0.09075098419966905,182.23498596498115,180.12583688589243,2.7995506550998144,2.899177996211227,11.29903754676806,11.204369975571648,2.7995506550998144,2.899177996211227,24.036850921273032,22.74247491638796,-0.08230352401733398,-0.023240208625793457,0.001,2.5
336,97.78092892645192,99.83758037146119,0.09486717987849284,0.09077220091153945,182.2354330705039,180.12668479485654,2.8019237733965543,2.9014798805466464,11.094993923577032,11.208897137721646,2.8019237733965543,2.9014798805466464,24.371859296482413,22.74247491638796,-0.0591968297958374,-0.02140486240386963,0.001,2.5
337,98.65188597354857,99.81107603347421,0.09479658235756795,0.09068017637350886,182.23628884064692,180.1271426605939,2.8145092180625877,2.9194249907464886,11.231443007387707,11.149779093305403,2.8145092180625877,2.9194249907464886,24.371859296482413,22.74247491638796,-0.0748971700668335,-0.029224276542663574,0.001,2.5
338,99.07194897317807,99.63729271521935,0.09475208320959129,0.09079266850366241,182.2365204828668,180.12723635670332,2.833532907655291,2.911072597057126,11.25839330523058,11.140056772774278,2.833532907655291,2.911072597057126,24.204355108877724,23.076923076923077,-0.09388673305511475,-0.031548261642456055,0.001,2.5
339,98.53696630787809,99.95125880927147,0.09480139284926643,0.09056536763607459,182.23634698762368,180.12700308605181,2.7993849949221716,2.9160057844525595,11.253830611006897,11.188096129375955,2.7993849949221716,2.9160057844525595,24.120603015075375,22.74247491638796,-0.06777286529541016,-0.03213155269622803,0.001,2.5
340,97.67791794053274,100.12814831175533,0.09479896795360288,0.09085355721488844,182.2362923678042,180.1270597834252,2.7931154644868683,2.913050959341502,11.100830221894997,11.232280708874349,2.7931154644868683,2.913050959341502,24.455611390284755,22.74247491638796,-0.07571995258331299,-0.032059311866760254,0.001,2.5
341,98.53716005871644,100.28511338249895,0.09474008232105517,0.0908651793232331,182.23637341574408,180.12716440054086,2.7965152016037473,2.903814421050923,11.262491488177174,11.291381175701435,2.7965152016037473,2.903814421050923,23.953098827470686,22.74247491638796,-0.06560540199279785,-0.026511073112487793,0.001,2.5
342,98.37444281138767,100.31663349878828,0.09475383088866271,0.09094187430414467,182.236760738507,180.12776602550494,2.7646209135327107,2.9267154138622473,11.325627363706554,11.228966387617946,2.7646209135327107,2.9267154138622473,23.701842546063652,22.74247491638796,-0.06596577167510986,-0.04177236557006836,0.001,2.5
343,98.42812420255575,99.79108589708207,0.09475709490440598,0.09072576849456615,182.2371716012108,180.12787498040342,2.7772908861712993,2.917884047613495,11.29835324630865,11.150394640638677,2.7772908861712993,2.917884047613495,24.204355108877724,22.74247491638796,-0.057834625244140625,-0.02623569965362549,0.001,2.5
344,98.71471548160316,99.46690667193869,0.09471771681378635,0.09071718983626285,182.23719094945758,180.12794259878305,2.8185247424459536,2.901880060151269,11.231978138487543,11.133572125514615,2.8185247424459536,2.901880060151269,24.120603015075375,23.076923076923077,-0.07779037952423096,-0.02118813991546631,0.001,2.5
345,97.96697039580225,99.93880577470148,0.09482246108190898,0.09066134955372698,182.23742979934667,180.1281932715987,2.7693136932462505,2.9179356767979754,11.230040936813483,11.179795447001888,2.7693136932462505,2.9179356767979754,24.288107202680067,22.74247491638796,-0.04932904243469238,-0.031313419342041016,0.001,2.5
346,98.9260153203354,99.53875160855195,0.09482249123367233,0.09057891922052887,182.23730622104665,180.12771805472997,2.819140109584559,2.906802478043929,11.272370689877713,11.133201656532925,2.819140109584559,2.906802478043929,24.120603015075375,22.40802675585284,-0.07243096828460693,-0.02668607234954834,0.001,2.5
347,98.46716284312595,99.71217075717888,0.09478195445920953,0.09067624981786096,182.23702259159566,180.12767886158613,2.812122375721508,2.9100881340511666,11.201661533247087,11.158008859309065,2.812122375721508,2.9100881340511666,24.371859296482413,22.74247491638796,-0.08622801303863525,-0.02528071403503418,0.001,2.5
348,97.43496244037571,99.98437010085702,0.09471707890930288,0.09057393966610217,182.2370265276987,180.12776383109716,2.7560509968442934,2.9241839946313046,11.163448121280126,11.170181574231407,2.7560509968442934,2.9241839946313046,24.371859296482413,22.74247491638796,-0.03936624526977539,-0.03501999378204346,0.001,2.5
349,99.4058325813843,99.75481310177807,0.09481965311158642,0.09068346095822727,182.23712738394937,180.12757194799724,2.842730151149296,2.919852832487993,11.297564522505207,11.137241857905053,2.842730151149296,2.919852832487993,23.953098827470686,22.74247491638796,-0.09002113342285156,-0.03414320945739746,0.001,2.5
350,98.24018974879279,99.91385239821214,0.09477927519548279,0.09056841856161488,182.23679680241213,180.12744768327693,2.804748385395836,2.9216268628736004,11.178389367146707,11.163750941936787,2.804748385395836,2.9216268628736004,24.371859296482413,22.74247491638796,-0.04094219207763672,-0.031194448471069336,0.001,2.5
351,97.89478630436525,99.68338267859009,0.0948353160540862,0.09069688271818352,182.23680978644035,180.1275936879442,2.803536752959592,2.911196739777275,11.11293238411397,11.148921236146652,2.803536752959592,2.911196739777275,23.953098827470686,23.076923076923077,-0.07238316535949707,-0.030863046646118164,0.001,2.5
352,98.21516663824494,99.83808312049278,0.09484425375559422,0.09066023999033963,182.23691059157278,180.12761333554883,2.8013100436384755,2.92143918758252,11.183686622223462,11.14914189852201,2.8013100436384755,2.92143918758252,24.204355108877724,22.40802675585284,-0.07454991340637207,-0.031189560890197754,0.001,2.5
353,98.25631954122828,99.95914882800253,0.09479478898909025,0.09076171973875932,182.2370319973484,180.12781169980664,2.7917542361733902,2.9182864367762535,11.220594789514589,11.18279298252884,2.7917542361733902,2.9182864367762535,24.455611390284755,22.74247491638796,-0.05975508689880371,-0.02886056900024414,0.001,2.5
354,97.76534970281911,99.64377900190577,0.0947828388818145,0.09068674292652104,182.2373509750494,180.12813652319255,2.805450339213488,2.9069302233565213,11.081315054965378,11.153802080696641,2.805450339213488,2.9069302233565213,24.036850921273032,22.74247491638796,-0.07844579219818115,-0.02540004253387451,0.001,2.5
355,97.46192305930695,99.59652554311083,0.09475188914505481,0.0908341481534135,182.23745668753108,180.12804935927375,2.7353591651373375,2.908220309477586,11.230909481719511,11.140452034098647,2.7353591651373375,2.908220309477586,24.036850921273032,22.74247491638796,-0.039697885513305664,-0.025299072265625,0.001,2.5
356,98.20087757462034,99.82959364568909,0.09471179109372485,0.0907568723262353,182.23745134567696,180.1279534177238,2.8045566285674894,2.896864092070921,11.171115403998037,11.221149390357793,2.8045566285674894,2.896864092070921,24.204355108877724,23.076923076923077,-0.05971372127532959,-0.020547151565551758,0.001,2.5
357,98.5540342346907,100.24589885596846,0.09485201898282097,0.09066827433264774,182.23728206768706,180.12782920403623,2.797934671941914,2.9143875586149286,11.261585000771374,11.251858283843484,2.797934671941914,2.9143875586149286,24.79061976549414,22.40802675585284,-0.07457268238067627,-0.02814769744873047,0.001,2.5
358,97.82997489175206,99.6835242689254,0.09485664762793673,0.09052452696705343,182.23727128174238,180.12797525973622,2.7809228589586676,2.8999034553068537,11.167807831436745,11.182864488965294,2.7809228589586676,2.8999034553068537,24.036850921273032,22.40802675585284,-0.047112464904785156,-0.02426469326019287,0.001,2.5
359,97.7499724217196,100.18700064464556,0.09485712020940318,0.09079561292826133,182.23748204216886,180.12838066381755,2.7655898717979293,2.924937156530527,11.197805840765412,11.208404336884668,2.7655898717979293,2.924937156530527,24.371859296482413,23.076923076923077,-0.0412372350692749,-0.03872275352478027,0.001,2.5
360,97.95371674452994,99.84354944133439,0.09474772093833192,0.09066273929881412,182.2380018378023,180.12902811618153,2.7673587259934775,2.9209290714965617,11.233270197857165,11.151763715074214,2.7673587259934775,2.9209290714965617,24.120603015075375,22.40802675585284,-0.04073619842529297,-0.03251636028289795,0.001,2.5
361,97.72273811583143,99.49216667864235,0.09480122823761136,0.09065976953227385,182.23854783152416,180.1293026723192,2.7926211960151965,2.902720177851393,11.111276011570814,11.136114736065817,2.7926211960151965,2.902720177851393,24.5393634840871,22.74247491638796,-0.04937553405761719,-0.019603252410888672,0.001,2.5
362,98.1333753627349,100.05983746889044,0.09486030417820517,0.09075951157604971,182.23883588270127,180.1296406111191,2.801449818427439,2.922741420292934,11.166905165117988,11.189565649000697,2.801449818427439,2.922741420292934,24.371859296482413,22.74247491638796,-0.06059885025024414,-0.031100749969482422,0.001,2.5
363,98.25718527942446,99.46852884962408,0.09475796542425252,0.09063046557648126,182.2391786559343,180.12984770197534,2.7809325015325244,2.9060340884537204,11.253240193953266,11.121451843542399,2.7809325015325244,2.9060340884537204,24.623115577889447,23.076923076923077,-0.05748283863067627,-0.022505760192871094,0.001,2.5
364,98.31614048636739,100.10246657049377,0.09479251941993608,0.09067075712026959,182.23924058565942,180.12976053805653,2.8195225581451875,2.9168244141798754,11.14925435000728,11.215859563055645,2.8195225581451875,2.9168244141798754,24.120603015075375,23.076923076923077,-0.08037340641021729,-0.028052330017089844,0.001,2.5
365,98.1811264523709,100.10521192773928,0.0947554538048292,0.09078856378195677,182.23893528208262,180.12945980212362,2.7870198090871177,2.914865239408104,11.219766885191952,11.222263029985205,2.7870198090871177,2.914865239408104,24.204355108877724,22.74247491638796,-0.053946614265441895,-0.027381062507629395,0.001,2.5
366,98.01557448241779,99.98928424745898,0.09474554141262669,0.09058862595653853,182.23916178692127,180.1299349679596,2.7844970082517846,2.916775683495512,11.194226967829156,11.19338535385387,2.7844970082517846,2.916775683495512,24.120603015075375,22.74247491638796,-0.06165647506713867,-0.028489232063293457,0.001,2.5
367,97.79068662812762,100.06324523109258,0.09479648778386651,0.09077304693867132,182.2394847007253,180.13038196372347,2.7767485993192023,2.909936813207773,11.172484560827513,11.228657429034893,2.7767485993192023,2.909936813207773,24.036850921273032,22.74247491638796,-0.046590209007263184,-0.02613377571105957,0.001,2.5
368,98.41800299920828,100.14041785811102,0.0947846662459062,0.09089723999384654,182.23992769123123,180.13080038115334,2.7794144009824975,2.924848146661867,11.289952227018986,11.199333251519347,2.7794144009824975,2.924848146661867,24.036850921273032,22.74247491638796,-0.053171515464782715,-0.035292625427246094,0.001,2.5
369,99.03808621865022,100.08605433945672,0.09479218320780664,0.0906061064389637,182.24032942933255,180.1310771827315,2.8482451227242422,2.9045403976504223,11.207475518461449,11.249442049492163,2.8482451227242422,2.9045403976504223,24.288107202680067,22.40802675585284,-0.08926153182983398,-0.027210474014282227,0.001,2.5
370,99.01436983041428,99.71906923530094,0.09487395426586046,0.09060082811376323,182.240665378283,180.1314040984597,2.8521074949197436,2.9050239511955542,11.191128556652485,11.174596180485244,2.8521074949197436,2.9050239511955542,24.036850921273032,22.74247491638796,-0.06724762916564941,-0.023288846015930176,0.001,2.5
371,97.18824088194063,99.33039835543936,0.09479726766122246,0.0907458377921063,182.24083987033148,180.1315545429753,2.7583604242334414,2.90190689220875,11.107159068236998,11.106183552821744,2.7583604242334414,2.90190689220875,23.869346733668344,23.076923076923077,-0.04191148281097412,-0.021416664123535156,0.001,2.5
372,98.20482984379908,99.83486249534582,0.0947837696927077,0.09066993695836402,182.2418054168548,180.1331479381957,2.7772408342441324,2.9123337731313548,11.253838607813645,11.175810679942868,2.7772408342441324,2.9123337731313548,24.371859296482413,22.40802675585284,-0.05583381652832031,-0.03031933307647705,0.001,2.5
373,97.8993186247808,99.57561122932562,0.09480958077526172,0.09071965899355834,182.24286724454794,180.13396762605495,2.7458672858961863,2.907652586997552,11.286851034691585,11.137993704116464,2.7458672858961863,2.907652586997552,24.371859296482413,23.076923076923077,-0.04124617576599121,-0.031604647636413574,0.001,2.5
374,98.76430098694972,99.78569607431673,0.09471308454946058,0.09066265766636583,182.24327884846596,180.13394808051578,2.828754279282025,2.913414743034337,11.211206059160345,11.162735422319393,2.828754279282025,2.913414743034337,24.036850921273032,22.74247491638796,-0.08377385139465332,-0.02713608741760254,0.001,2.5
375,98.1844537629554,99.58375005817733,0.09475097945037998,0.09068121658918452,182.24351184531872,180.1343666000111,2.800560769124247,2.9218019235094257,11.179809538363612,11.097181151144481,2.800560769124247,2.9218019235094257,24.706867671691793,22.74247491638796,-0.06383979320526123,-0.030828356742858887,0.001,2.5
376,97.92535390166981,99.79911446970043,0.09480162719935428,0.09066792587472444,182.24385553867972,180.13478736494696,2.783296401776261,2.911111112422369,11.179772757205932,11.172328665104997,2.783296401776261,2.911111112422369,24.5393634840871,22.74247491638796,-0.05072331428527832,-0.02740323543548584,0.001,2.5
377,97.53847075547006,99.49197525483709,0.09482439463861424,0.0907765630645098,182.24457364745277,180.13566145370638,2.7888340718382767,2.91120787209093,11.085778301884382,11.110588797757458,2.7888340718382767,2.91120787209093,24.120603015075375,22.74247491638796,-0.0628124475479126,-0.026962995529174805,0.001,2.5
378,98.3493762503517,99.99234626285208,0.09481391718788962,0.09071792393025746,182.2451126124192,180.13565272710792,2.825402995849175,2.91973326756404,11.138254745521737,11.185098644881743,2.825402995849175,2.91973326756404,24.204355108877724,22.74247491638796,-0.08757877349853516,-0.028226375579833984,0.001,2.5
379,98.1122369430772,100.04850735871688,0.09475082530947386,0.09075354199146347,182.24533139840642,180.13649410388143,2.7748865234592253,2.9131290482039436,11.242388527197654,11.216136291274259,2.7748865234592253,2.9131290482039436,24.288107202680067,22.74247491638796,-0.02758932113647461,-0.02681100368499756,0.001,2.5
380,97.95895214496146,99.81358258301597,0.09480828552240103,0.09071804014934744,182.24605111740343,180.13682326505017,2.8017150265487594,2.9174314645620494,11.131234520444119,11.156251180132097,2.8017150265487594,2.9174314645620494,24.204355108877724,22.74247491638796,-0.047574639320373535,-0.029295802116394043,0.001,2.5
381,96.5593192197969,99.45401837913488,0.09480839253869687,0.09069173105285319,182.24632058710708,180.13707388683306,2.743916999954275,2.901664686043526,11.024701894827224,11.131644736962972,2.743916999954275,2.901664686043526,24.120603015075375,23.076923076923077,-0.020259499549865723,-0.023604989051818848,0.001,2.5
382,98.79160105642961,99.53077325214909,0.0947659539941767,0.09057032389186298,182.2465594625553,180.13731154630017,2.828840806855628,2.9054512180213545,11.21639542763357,11.135659559115917,2.828840806855628,2.9054512180213545,24.455611390284755,23.076923076923077,-0.06224870681762695,-0.0237729549407959,0.001,2.5
383,98.18035916786897,99.60423551833749,0.09475136686809099,0.09064551318269909,182.24703969268543,180.13778446669562,2.774795948360833,2.914144802252983,11.25628454122112,11.124256513589202,2.774795948360833,2.914144802252983,23.785594639865998,22.74247491638796,-0.05286073684692383,-0.029543042182922363,0.001,2.5
384,98.39169550501123,99.51111214934384,0.09473361949774887,0.09061531241621859,182.24724025502675,180.13794578118467,2.802869348669771,2.9043110278139146,11.214334927212253,11.135138712599126,2.802869348669771,2.9043110278139146,24.036850921273032,23.076923076923077,-0.05329298973083496,-0.0204622745513916,0.001,2.5
385,98.64198129420704,99.87343523414637,0.09478439268354995,0.09084395448798718,182.24735276623187,180.13780191989247,2.803569801289033,2.9127689875089207,11.26227987311793,11.18218459891635,2.803569801289033,2.9127689875089207,24.371859296482413,22.74247491638796,-0.06923723220825195,-0.0300828218460083,0.001,2.5
386,98.72579613562604,99.52996252053558,0.09472489235938295,0.09070513589326355,182.24708835723212,180.1373419618128,2.824010547880751,2.904618917898988,11.217733193082825,11.13796740949752,2.824010547880751,2.904618917898988,24.288107202680067,22.74247491638796,-0.062782883644104,-0.02009427547454834,0.001,2.5
387,97.14927499537892,100.01248367972995,0.094794067967577,0.09080021549327716,182.24635718775355,180.1369365577315,2.7586576643101934,2.9132614996919663,11.098473897132044,11.208525239823254,2.7586576643101934,2.9132614996919663,24.706867671691793,22.74247491638796,-0.026875019073486328,-0.03192567825317383,0.001,2.5
388,97.75514556015756,99.72318831734036,0.09481957335168592,0.09066811742192527,182.24631693215426,180.13712394995036,2.7824387438532896,2.914739208476599,11.148300100610884,11.146258469010675,2.7824387438532896,2.914739208476599,24.455611390284755,22.74247491638796,-0.05266261100769043,-0.026718735694885254,0.001,2.5
389,98.23782197834059,99.63201615961897,0.09476767077268268,0.09076608956657524,182.2465112836317,180.13716099971913,2.795179751650173,2.905942219156884,11.206621933622376,11.154395326722824,2.795179751650173,2.905942219156884,24.623115577889447,22.74247491638796,-0.06709039211273193,-0.019520044326782227,0.001,2.5
390,98.32768272514919,99.88748383282818,0.09481343016702326,0.090816221807314,182.2460965870613,180.13665307086447,2.8310456036323277,2.9205378521246255,11.116988137339428,11.161692813886049,2.8310456036323277,2.9205378521246255,24.204355108877724,22.40802675585284,-0.0679769515991211,-0.03173470497131348,0.001,2.5
391,97.79751332600911,99.70788808969351,0.09477839743721625,0.0907226666857965,182.2463220184173,180.1371696752848,2.804765665351446,2.914616421313589,11.089800666924098,11.143556141933072,2.804765665351446,2.914616421313589,24.204355108877724,22.74247491638796,-0.06230807304382324,-0.023516535758972168,0.001,2.5
392,98.41628274326548,99.96433602527631,0.0948955862965416,0.09069379409121031,182.24650346254384,180.13702147620975,2.7889424224994093,2.916933838739044,11.261000839310075,11.187899825564994,2.7889424224994093,2.916933838739044,24.036850921273032,23.076923076923077,-0.08029460906982422,-0.03208518028259277,0.001,2.5
393,99.19766626405955,99.89010301162567,0.09481854236355579,0.0907187873503835,182.24623363501263,180.1368776659503,2.8485474259010712,2.907916921436986,11.238478120647283,11.200098796831725,2.8485474259010712,2.907916921436986,23.953098827470686,22.74247491638796,-0.09776008129119873,-0.02784717082977295,0.001,2.5
394,98.41262753485036,99.7156828558166,0.09475977586541742,0.09072125187286964,182.24627808230605,180.137058628044,2.7942830110514785,2.9046152618816463,11.244275387008386,11.175119112965255,2.7942830110514785,2.9046152618816463,24.120603015075375,23.076923076923077,-0.05898773670196533,-0.024608373641967773,0.001,2.5
395,98.99856971216761,99.96308771343934,0.09474226670149383,0.0909294393598834,182.246420344316,180.1371131310096,2.8094563556076895,2.9139655082919527,11.315946721152045,11.196507425212541,2.8094563556076895,2.9139655082919527,24.036850921273032,23.076923076923077,-0.07701647281646729,-0.03150510787963867,0.001,2.5
396,97.40481222334819,99.85354736736387,0.09481034505257455,0.09077178893679361,182.24647345614792,180.13718059629102,2.778679571359401,2.9021732687551443,11.089512793063319,11.21000853828762,2.778679571359401,2.9021732687551443,24.288107202680067,22.74247491638796,-0.044022560119628906,-0.024192214012145996,0.001,2.5
397,97.95971815150787,100.10818935636692,0.09477640765795556,0.09077206949226832,182.2464846510384,180.13703469368926,2.796532061830837,2.909227616013492,11.14694288947075,11.239772579741718,2.796532061830837,2.909227616013492,24.036850921273032,22.74247491638796,-0.07518339157104492,-0.031944990158081055,0.001,2.5
398,97.79626505738327,100.11360791056451,0.09476119429621864,0.09071215523724573,182.24653300887576,180.1372548999595,2.781030679667615,2.907320097537344,11.160759328398074,11.24659180720913,2.781030679667615,2.907320097537344,24.623115577889447,22.74247491638796,-0.05343151092529297,-0.027916789054870605,0.001,2.5
399,98.89161914716813,100.02217938987707,0.0947631085712706,0.09066325371281359,182.2466165616085,180.13746643066406,2.864474150803021,2.9083442632171224,11.129499558428025,11.225242161830533,2.864474150803021,2.9083442632171224,24.623115577889447,22.74247491638796,-0.11841988563537598,-0.027191162109375,0.001,2.5
400,98.19781759955376,100.08741688808071,0.0947778491768206,0.09088554943485005,182.2465606638335,180.13728546857035,2.8163650986337583,2.9185211905667616,11.135063118671052,11.20771514611898,2.8163650986337583,2.9185211905667616,24.120603015075375,22.74247491638796,-0.08378219604492188,-0.031450510025024414,0.001,2.5
401,97.74221996007053,100.47246186629586,0.12059672852007787,0.11120769411425128,185.85717300593953,173.8778120060031,2.944402285357017,2.9038698378215266,10.65394630144589,11.325866150616802,2.944402285357017,2.9038698378215266,25.20938023450586,22.40802675585284,-0.1663651466369629,-0.07530760765075684,0.001,2.5
402,97.70865376790364,102.04638676978274,0.11024645834512248,0.10966278039492093,170.76059115871513,169.60991033343566,2.870713379315196,3.1104430498486777,10.873389212130702,11.022094050378703,2.870713379315196,3.1104430498486777,24.455611390284755,21.73913043478261,-0.11850953102111816,-0.2787545919418335,0.001,2.5
403,98.89376709648911,97.93586136425618,0.11647992836969781,0.10209666616143191,172.2914362768432,165.0410235350746,2.885951441536397,3.0068464047932704,11.063144856361887,10.5132046256177,2.885951441536397,3.0068464047932704,24.623115577889447,24.08026755852843,-0.13107609748840332,-0.16108155250549316,0.001,2.5
404,98.26149293525734,102.0271531937513,0.11236429981999661,0.10346541947445344,169.1921955153371,162.27077302964634,2.8433620965660515,3.12585460780855,11.065901265871185,10.974719232540068,2.8433620965660515,3.12585460780855,24.5393634840871,23.411371237458194,-0.08078742027282715,-0.0673837661743164,0.001,2.5
405,100.38670286501272,108.00935333149887,0.10542598429137538,0.12963166399344953,161.53179111193174,173.65230205625195,2.9622007866001607,3.0749492900427366,11.137346478562858,12.316366632646542,2.9622007866001607,3.0749492900427366,24.623115577889447,22.74247491638796,-0.1819688081741333,-0.011235594749450684,0.001,2.5
406,97.82348625144766,95.83923755760576,0.12767227932536224,0.10372973171165556,169.9368423896419,151.3520706329856,2.8970849498033124,2.984730611278062,10.813920859715447,10.162640131436861,2.8970849498033124,2.984730611278062,24.87437185929648,23.076923076923077,-0.1105506420135498,-0.15895426273345947,0.001,2.5
407,98.99375327667799,98.90460763886621,0.13444357513882207,0.12065308835095785,169.42381524320822,165.25892521784857,2.865570260052705,2.9722502550552523,11.141266472974614,10.806988489667708,2.865570260052705,2.9722502550552523,22.8643216080402,24.08026755852843,-0.10175836086273193,-0.06969797611236572,0.001,2.5
408,99.4625304204535,99.23149568181373,0.1414194981656482,0.1438084454540425,173.74978788494064,178.6792075370865,2.890597382582212,2.854396240368336,11.157679816586288,11.218612922872587,2.890597382582212,2.854396240368336,24.79061976549414,22.40802675585284,-0.15312278270721436,0.05631577968597412,0.001,2.5
409,100.21733246616382,100.71343912488243,0.13793030610835333,0.13524712796593988,173.61411452812567,170.769659291143,2.880670186862275,2.8851528064064356,11.339146746662594,11.426026363436593,2.880670186862275,2.8851528064064356,24.5393634840871,22.073578595317723,-0.10756838321685791,0.034066081047058105,0.001,2.5
410,99.07690547259409,101.67981559217574,0.14498499622396888,0.13619882107578393,175.51163542729927,172.2345293740365,2.8204308662382602,3.000577421092668,11.289989076866776,11.272544289911073,2.8204308662382602,3.000577421092668,24.288107202680067,22.073578595317723,-0.10315167903900146,-0.11143338680267334,0.001,2.5
411,101.32828121728434,99.42703213899031,0.13116475502949465,0.1260194763491385,174.96064259898122,176.6947760948768,2.8911771902087544,2.8933674308368595,11.53089969801144,11.144760556045583,2.8911771902087544,2.8933674308368595,24.288107202680067,23.076923076923077,-0.14871811866760254,0.02600187063217163,0.001,2.5
412,100.01780462983865,98.36190535631467,0.13589161711821404,0.12292316217087583,177.2200719172032,171.12848313755813,2.8770006825177115,2.882880675752825,11.309936026632286,10.964928821576478,2.8770006825177115,2.882880675752825,24.706867671691793,22.74247491638796,-0.08849954605102539,-0.07409822940826416,0.001,2.5
413,100.20946888628117,99.24843936779826,0.129233530543158,0.12223657925790768,176.3347834805947,173.03736413043478,2.8287125839859595,2.939129512844277,11.494642359926873,10.973245206086531,2.8287125839859595,2.939129512844277,25.041876046901173,22.74247491638796,-0.07703518867492676,-0.09290945529937744,0.001,2.5
414,99.38034717042243,102.10339210025442,0.12357357159331815,0.11091006993250703,175.57154432133814,171.63316896368428,2.8350559862414797,3.0832365922704588,11.31107218021923,11.114459978696893,2.8350559862414797,3.0832365922704588,24.706867671691793,25.08361204013378,-0.0873485803604126,-0.16900944709777832,0.001,2.5
415,100.35240296023575,102.84977933953837,0.12562407463339706,0.12807072255523708,180.27527445884206,186.42606213419734,2.8571390342872145,2.8705217886130545,11.4378837333053,11.895490164740828,2.8571390342872145,2.8705217886130545,24.5393634840871,22.40802675585284,-0.0943748950958252,0.0005436539649963379,0.001,2.5
416,100.81048647882152,104.03005741591437,0.12538819199730603,0.13843572438759946,185.3107840635469,193.71513463661424,2.8962666293484483,2.982669188426091,11.411157929118554,11.791573148108645,2.8962666293484483,2.982669188426091,24.706867671691793,23.076923076923077,-0.17128634452819824,-0.048743605613708496,0.001,2.5
417,99.27181592778345,100.85237881969847,0.1242015023327353,0.11625813037456079,185.6035502064767,181.3929593905956,2.790829785904493,2.9157990420542435,11.41991292931127,11.363547551592058,2.790829785904493,2.9157990420542435,24.204355108877724,24.08026755852843,-0.05742776393890381,-0.0029135942459106445,0.001,2.5
418,100.57777315328269,95.77162405160757,0.1316102564185109,0.1030316623955666,196.40967382178633,191.74549309465797,2.84404321331874,2.857436844337744,11.517820891822803,10.523058916812756,2.84404321331874,2.857436844337744,23.618090452261306,24.08026755852843,-0.09255433082580566,0.0430377721786499,0.001,2.5
419,100.3130146838113,100.22084703732494,0.10937938335003765,0.1107424278073885,195.08704996029135,193.89841152433567,2.817931787053145,2.8792971480251555,11.547914581682214,11.345349439410462,2.817931787053145,2.8792971480251555,24.371859296482413,24.08026755852843,-0.06203758716583252,-0.02312171459197998,0.001,2.5
420,100.16569598276212,97.42952850750059,0.12319686146487344,0.10622767122294192,200.3131609330425,193.95153048205933,2.8012832421154235,2.8573179300812175,11.564587633014723,10.853916598801629,2.8012832421154235,2.8573179300812175,24.120603015075375,24.414715719063544,-0.07544326782226562,0.07696205377578735,0.001,2.5
421,100.74297612635934,101.474842747717,0.12566752834136363,0.11803373358022409,201.94083372592127,198.06659884755825,2.83791992173123,2.940168545796321,11.569313895961947,11.411242472288201,2.83791992173123,2.940168545796321,24.623115577889447,22.74247491638796,-0.051651954650878906,-0.10990655422210693,0.001,2.5
422,101.42730845798,102.22890536203033,0.11352294437599741,0.11247249089654872,196.047150092708,193.22801239115736,2.8327798296259075,2.8611630883105224,11.72520831761448,11.801151467007537,2.8327798296259075,2.8611630883105224,23.953098827470686,22.74247491638796,-0.08941638469696045,0.04549241065979004,0.001,2.5
423,99.41651075609165,97.37398026380252,0.10555643790481078,0.0930227604149576,190.01492751742927,183.46904828636144,2.792986306313494,2.9644286999335656,11.445228856212928,10.526211062402629,2.792986306313494,2.9644286999335656,24.288107202680067,23.745819397993312,-0.08171570301055908,-0.02353346347808838,0.001,2.5
424,100.29161812991553,101.54143396588074,0.11351889641440693,0.11269249418208431,193.47971168914233,194.17070599303995,2.7872157528172785,2.863613161354958,11.635276457372822,11.656074986409982,2.7872157528172785,2.863613161354958,24.204355108877724,22.40802675585284,-0.0471876859664917,-0.04071307182312012,0.001,2.5
425,100.99813160345182,99.58861309549083,0.12248657265649968,0.10579825800697142,198.7867782056032,187.63140858934077,2.857127128933343,2.8554940407092753,11.563990235128994,11.292554565097975,2.857127128933343,2.8554940407092753,24.623115577889447,23.411371237458194,-0.08835124969482422,0.012592434883117676,0.001,2.5
426,100.2823816168448,100.57947246844952,0.11014363579015236,0.1053182894370229,191.17485526898,192.03258884391656,2.772471902358472,2.834910585728776,11.678796951894585,11.551692997731493,2.772471902358472,2.834910585728776,24.288107202680067,22.40802675585284,-0.06181657314300537,0.03143739700317383,0.001,2.5
427,101.2147079161064,100.79138316278872,0.11130511798151774,0.10037315492346932,194.64056521724018,187.6618959560841,2.826662456569959,2.9065691443988713,11.701765065217138,11.38096229846661,2.826662456569959,2.9065691443988713,24.288107202680067,23.076923076923077,-0.06591522693634033,-0.0233689546585083,0.001,2.5
428,101.1258832717461,101.82191681622662,0.10225147689057754,0.09932313615263107,187.5788245272996,185.55134980574897,2.798485743939577,2.838323885780513,11.771753426173225,11.792436408358673,2.798485743939577,2.838323885780513,24.455611390284755,23.411371237458194,-0.06025433540344238,-0.01743292808532715,0.001,2.5
429,101.58298843869412,101.11993872601053,0.10514785520345522,0.09673149990895918,192.15027364095053,193.29913860818615,2.804790366235091,2.868204154298457,11.842766979032225,11.561369165528976,2.804790366235091,2.868204154298457,24.455611390284755,22.74247491638796,-0.08311522006988525,0.0714384913444519,0.001,2.5
430,101.84610606437951,102.75572781259798,0.09509890417956826,0.08996039496915396,191.79193327374995,189.91123176498158,2.818899324391555,3.0019186627506014,11.855145091786856,11.489415363324525,2.818899324391555,3.0019186627506014,24.036850921273032,22.40802675585284,-0.08128857612609863,-0.09408199787139893,0.001,2.5
431,102.00730131778685,99.78470295169282,0.09394345255303423,0.08599753837322312,193.27218630485598,190.7769482462701,2.8257574995159103,2.8345953277919604,11.86674478265708,11.397799989451533,2.8257574995159103,2.8345953277919604,24.371859296482413,23.411371237458194,-0.05968594551086426,0.022322654724121094,0.001,2.5
432,101.57954207377217,103.8613288904911,0.08859939150624539,0.08742169562390815,191.9485357338859,188.89487684371082,2.816189834620286,2.904046406315322,11.811229220187444,12.004863611431823,2.816189834620286,2.904046406315322,23.953098827470686,22.40802675585284,-0.09624481201171875,-0.0066106319427490234,0.001,2.5
433,100.38868112739806,102.68347030180354,0.08520950493051778,0.08435183265137433,188.54217815558914,188.75618909752887,2.7458639420456623,2.859746288695064,11.78539449445766,11.902832905185662,2.7458639420456623,2.859746288695064,24.204355108877724,23.076923076923077,-0.052965521812438965,0.04530489444732666,0.001,2.5
434,101.85430928650413,99.43043576754056,0.09190763666651756,0.08044949577604249,192.94042437120498,186.55543916121772,2.8632321253893163,2.8329415289454634,11.724195892487339,11.33386211969382,2.8632321253893163,2.8329415289454634,24.623115577889447,25.418060200668897,-0.10831785202026367,0.02169632911682129,0.001,2.5
435,101.98134990033992,101.58954832147197,0.08968019368161309,0.08573270382291098,193.62135580756157,195.5287915998478,2.8251055772580096,2.927737777448418,11.864292668737159,11.478443499791583,2.8251055772580096,2.927737777448418,24.288107202680067,22.74247491638796,-0.07312130928039551,-0.018836140632629395,0.001,2.5
436,101.11931019691966,103.79000828975818,0.08652780455860061,0.08648378696030996,195.75432863986273,195.74750092675455,2.798310283440441,2.8485725324688147,11.772474699483645,12.155837712877968,2.798310283440441,2.8485725324688147,24.036850921273032,23.076923076923077,-0.0541844367980957,0.016388118267059326,0.001,2.5
437,101.27775256797497,100.1296259647229,0.09057924111484483,0.079956999640401,199.33755045879627,192.88415506930653,2.7925479180449417,2.856861065063987,11.81992359416968,11.40077404034975,2.7925479180449417,2.856861065063987,24.120603015075375,25.08361204013378,-0.0706479549407959,0.010270833969116211,0.001,2.5
438,102.18282215878791,100.89869057135438,0.08524552247232728,0.08062234271728873,197.46447163490794,196.66958954980143,2.818654546386233,2.8894554364641376,11.924058938146237,11.455912851569645,2.818654546386233,2.8894554364641376,23.869346733668344,23.745819397993312,-0.06433141231536865,-0.028548002243041992,0.001,2.5
439,101.73185080779058,98.10803253275894,0.08313637065827548,0.07170135846803818,198.040295445939,190.85636248636405,2.7831459804196252,2.847591996591625,11.940697088513142,11.026318374684822,2.7831459804196252,2.847591996591625,23.785594639865998,24.74916387959866,-0.03306889533996582,0.04644733667373657,0.001,2.5
440,102.02683619718056,101.4198159565495,0.08299273683048373,0.0791416140055178,198.6659249668345,197.8493706948781,2.7866084531723354,2.8201063811579674,11.989210521755506,11.768247106800908,2.7866084531723354,2.8201063811579674,24.036850921273032,23.076923076923077,-0.061712026596069336,0.021663784980773926,0.001,2.5
441,101.26978394014752,102.18299939720129,0.07957290721997944,0.07588768580984512,199.47852658985846,198.65697461386588,2.770153476564928,2.9150991511584126,11.887686363616382,11.636393381201703,2.770153476564928,2.9150991511584126,24.455611390284755,23.076923076923077,-0.028652071952819824,-0.029721379280090332,0.001,2.5
442,102.82198232781747,105.94366694932,0.07574475451779725,0.08394680346633279,196.7877669342399,202.53533261914717,2.8701625030044733,2.908445413296039,11.89940239316854,12.406100971642944,2.8701625030044733,2.908445413296039,23.869346733668344,23.411371237458194,-0.10065162181854248,0.010339200496673584,0.001,2.5
443,101.26217715264964,101.39397091052206,0.07803961779404325,0.0720756255264665,198.07481895459557,191.9172883304864,2.788696009110366,2.80253840848355,11.831124649175647,11.818379819991199,2.788696009110366,2.80253840848355,23.953098827470686,22.74247491638796,-0.0467679500579834,0.028684556484222412,0.001,2.5
444,101.22153584082523,101.53482019941146,0.08023899390519763,0.07619993079665513,197.10708362572956,194.41803121407295,2.764186918635664,2.8835876586046507,11.896277303072676,11.60207773610501,2.764186918635664,2.8835876586046507,24.288107202680067,23.076923076923077,-0.043225765228271484,-0.054424405097961426,0.001,2.5
445,101.76716630382953,101.15969922630285,0.07979433964844325,0.07232421843403558,199.08373650274484,195.94248431661853,2.795026300740202,2.804557324253197,11.912578469345119,11.764614580466995,2.795026300740202,2.804557324253197,24.036850921273032,22.74247491638796,-0.03761625289916992,0.06475722789764404,0.001,2.5
446,102.42926450949817,103.08734375816523,0.07745394729689338,0.07758639012790444,199.87762568743784,202.3147924927166,2.816086483960176,2.8433492367084208,11.982126937240013,12.031440403150475,2.816086483960176,2.8433492367084208,24.036850921273032,22.74247491638796,-0.048279404640197754,0.06112837791442871,0.001,2.5
447,102.8669427587359,99.11900173939989,0.06955637525723408,0.06352668554587508,196.35242575896245,194.41812475708417,2.866736496313533,2.926565478079295,11.919997590670434,10.992515206735668,2.866736496313533,2.926565478079295,23.450586264656618,23.411371237458194,-0.13206005096435547,0.035149335861206055,0.001,2.5
448,102.27243468829336,101.62097315963695,0.07756665357742677,0.06951766523429781,202.71496663820403,196.2690152069398,2.829551301409851,2.934447471114704,11.909776794650845,11.46769449942088,2.829551301409851,2.934447471114704,24.623115577889447,24.74916387959866,-0.03862500190734863,-0.11832129955291748,0.001,2.5
449,101.29233498629213,102.40893314833625,0.07958106943710365,0.07628864650443246,202.61495629187604,200.02618316344194,2.772655464696325,2.90423082587711,11.88406137884961,11.713831279588783,2.772655464696325,2.90423082587711,24.288107202680067,22.74247491638796,-0.0531693696975708,0.07586944103240967,0.001,2.5
450,101.55953500258863,105.59129466181216,0.07408640522453654,0.07848666286887133,198.08499940396155,200.4821733455594,2.794351408429681,2.891825114604223,11.8744184711271,12.386990024094597,2.794351408429681,2.891825114604223,23.53433835845896,22.74247491638796,-0.0611422061920166,0.0006154179573059082,0.001,2.5
451,101.90080524489308,104.53545989479908,0.07582672659176679,0.07832495915550851,198.4730817325151,203.343700855472,2.7731693441943706,2.895659214676822,12.005792865401736,12.163780161369605,2.7731693441943706,2.895659214676822,24.288107202680067,22.40802675585284,-0.04267275333404541,-0.0555952787399292,0.001,2.5
452,101.35501075629612,100.15416980347905,0.07789390545394552,0.06924030710522547,204.1742976714219,198.36607029127038,2.780189832450956,2.837545699499124,11.874019092451189,11.46467494645645,2.780189832450956,2.837545699499124,23.701842546063652,23.745819397993312,-0.045932769775390625,0.03888535499572754,0.001,2.5
453,101.15361293875792,99.71736714034574,0.07215744484109894,0.06370700038595742,198.96399107250934,190.96969012512412,2.7471211639480972,2.8229687780042156,11.935134910059535,11.423631798862214,2.7471211639480972,2.8229687780042156,23.785594639865998,24.414715719063544,-0.02297365665435791,0.05515158176422119,0.001,2.5
454,102.19418953491416,102.29411662940596,0.07295070360204083,0.06689292067867458,199.38221855738655,195.91534888226053,2.783588047203307,2.8530205021733823,12.033607217734383,11.847199679218408,2.783588047203307,2.8530205021733823,23.785594639865998,24.414715719063544,-0.019393444061279297,-0.02139413356781006,0.001,2.5
455,102.61097566486403,102.34537827609773,0.0718116953694441,0.06943116409324085,199.62832094636593,199.30279852315334,2.784601159630908,2.836512084788702,12.114103668698514,11.90579218210584,2.784601159630908,2.836512084788702,24.036850921273032,23.076923076923077,-0.04545128345489502,0.00169450044631958,0.001,2.5
456,100.69886329944809,102.71046095628004,0.07011108156574432,0.06660556254976968,200.6317445636794,198.18915897229044,2.723560275344593,2.8359916034749517,11.91494322861459,11.981158422387164,2.723560275344593,2.8359916034749517,24.036850921273032,23.076923076923077,-0.010541796684265137,0.042670488357543945,0.001,2.5
457,101.35889315964589,105.56350588080875,0.0706704641931021,0.07424821804299403,202.7624919642156,207.81679103685462,2.724717866635602,2.8603642784233476,12.042938016766879,12.475195179814877,2.724717866635602,2.8603642784233476,23.869346733668344,23.076923076923077,-0.0012934207916259766,0.0032352805137634277,0.001,2.5
458,101.72672275562383,100.39341154066615,0.07199364613548195,0.06436758583106325,206.85576981076443,201.8123465445528,2.7485002456997307,2.8302838004951094,12.044074269395377,11.534594727200409,2.7485002456997307,2.8302838004951094,23.618090452261306,24.74916387959866,-0.014516353607177734,0.01566481590270996,0.001,2.5
459,101.75848742665558,103.85525928612138,0.0686256986242443,0.06998353924938668,205.64645398521742,206.98049891034896,2.74601385421689,2.846384499782703,12.058801397007315,12.176506195578687,2.74601385421689,2.846384499782703,23.953098827470686,23.411371237458194,-0.0024030208587646484,-0.015432119369506836,0.001,2.5
460,101.35830707645896,99.1741275340817,0.07043461575230561,0.05919967153199939,206.71091068849293,198.46214656766043,2.740569203343224,2.8536039235998554,11.99452487587729,11.22248154898551,2.740569203343224,2.8536039235998554,23.366834170854272,24.74916387959866,-0.03375446796417236,0.011736929416656494,0.001,2.5
461,101.49898185282696,105.6138576137581,0.06537764979966322,0.0717166537873721,203.53556552803894,209.47561441376854,2.7204986784725733,2.8333770439377597,12.084517740923756,12.566402189707675,2.7204986784725733,2.8333770439377597,23.701842546063652,22.74247491638796,0.020540595054626465,-0.0014007091522216797,0.001,2.5
462,101.17001567693612,99.77102446795307,0.06940897297070454,0.059883562081733274,208.25282530409208,200.47031828711263,2.699123412520442,2.8093624521657374,12.081100435113187,11.474046608277387,2.699123412520442,2.8093624521657374,23.618090452261306,24.08026755852843,-0.03500938415527344,0.050107598304748535,0.001,2.5
463,102.21374642070214,104.63498177416747,0.06361441200652114,0.06577729403872952,202.98693172895727,204.42655924411122,2.753247271830113,2.861278966119058,12.12968713674114,12.289118827386046,2.753247271830113,2.861278966119058,23.953098827470686,23.411371237458194,-0.01861131191253662,-0.019290447235107422,0.001,2.5
464,102.58055030401029,102.36087783762444,0.06830908172144562,0.06425335156080317,206.10454795747947,204.13943170145603,2.8038673205191964,2.820653640306913,12.049625161904187,11.956536178206122,2.8038673205191964,2.820653640306913,23.785594639865998,23.076923076923077,-0.0796346664428711,0.026304304599761963,0.001,2.5
465,101.37813804537008,103.96246238376783,0.06428433587802715,0.06424626635767544,204.8349757617842,204.6050365026978,2.7335436296223397,2.8540719815321194,12.021172967588083,12.176505624649915,2.7335436296223397,2.8540719815321194,24.036850921273032,23.411371237458194,-0.014315366744995117,-0.013007879257202148,0.001,2.5
466,101.99973784020199,101.11365327866979,0.06520017559080069,0.05949254411219753,205.09389709268183,200.63064279205423,2.7464399281858,2.8447035060678436,12.10656933968191,11.636595761098192,2.7464399281858,2.8447035060678436,23.618090452261306,24.414715719063544,-0.029979586601257324,-0.030996322631835938,0.001,2.5
467,102.48879859195881,104.34694811970893,0.0629933743770398,0.06411001599552639,203.61762778124017,205.56197094359126,2.7771299017134625,2.8268581210171497,12.113047475191816,12.334880761876951,2.7771299017134625,2.8268581210171497,23.701842546063652,23.076923076923077,-0.059439897537231445,0.015890300273895264,0.001,2.5
468,101.89868665021069,103.21931309524587,0.06538291580638095,0.06284447241088618,207.33927853582694,206.4134656210807,2.701525255663311,2.8353697161212015,12.220616829455198,12.083901481883581,2.701525255663311,2.8353697161212015,23.618090452261306,22.74247491638796,0.0017441511154174805,0.03350168466567993,0.001,2.5
469,102.64010303184216,102.18497132776572,0.06495798159534208,0.0606903053047665,208.01379310186184,204.86608386597905,2.7504801646349217,2.8200876872276384,12.221986200342226,11.923619452128841,2.7504801646349217,2.8200876872276384,23.785594639865998,22.74247491638796,-0.026306867599487305,0.004051685333251953,0.001,2.5
470,102.07389633459861,100.64271132044968,0.06078365437649003,0.05790804816179451,205.42489064278914,204.01605005168597,2.757136947944935,2.8204303760592357,12.090126837917309,11.614866878675377,2.757136947944935,2.8204303760592357,23.869346733668344,24.414715719063544,-0.04613935947418213,0.008380234241485596,0.001,2.5
471,101.78242188522364,104.51730134893819,0.06262645613358449,0.06271689492324523,207.78616741953584,208.31430242532073,2.713766540115203,2.865276877298004,12.161101932301992,12.253423770534553,2.713766540115203,2.865276877298004,23.785594639865998,22.74247491638796,-0.013505816459655762,-0.014143109321594238,0.001,2.5
472,102.6068184755156,101.23779934784241,0.06513919834191076,0.059341382247747786,210.50974297962796,206.37438347347603,2.732089606162092,2.8049325958940896,12.269965411430627,11.77961895218661,2.732089606162092,2.8049325958940896,23.701842546063652,23.745819397993312,-0.00453031063079834,0.0502963662147522,0.001,2.5
473,101.41078623095949,102.74678988759733,0.0620455411535811,0.06137943968027332,208.328633140679,208.47854088620596,2.697807101548417,2.8182757363271556,12.134660680889086,12.040559794193127,2.697807101548417,2.8182757363271556,23.366834170854272,22.74247491638796,0.010752379894256592,0.030347049236297607,0.001,2.5
474,101.85633561279705,101.82190262912508,0.06275849731348866,0.05870165224856756,209.99299838834472,206.8373586086924,2.7056394593799533,2.8059032114851834,12.199798735741595,11.893561991560818,2.7056394593799533,2.8059032114851834,23.450586264656618,23.411371237458194,0.017884373664855957,0.0515710711479187,0.001,2.5
475,101.58124878338633,103.07802492479816,0.06140457835029717,0.0608488750273368,208.8616013007747,209.32146216555185,2.730598302342784,2.8133672065160744,12.070401579890419,12.121469612504328,2.730598302342784,2.8133672065160744,23.701842546063652,23.076923076923077,-0.019150972366333008,0.037078857421875,0.001,2.5
476,101.75679166912035,103.23443629031995,0.06301755325828165,0.06048812139094075,211.31059446606403,209.78217032442126,2.732715809165533,2.8579533793854472,12.098344964198331,12.018973612067692,2.732715809165533,2.8579533793854472,23.53433835845896,23.076923076923077,0.0023589134216308594,0.0017967820167541504,0.001,2.5
477,101.95249266760233,102.07863992033994,0.062093129659218205,0.05833791527760069,210.81706488272252,207.9816383183202,2.7153715064976884,2.8144845125268536,12.189802003665585,11.919010219765347,2.7153715064976884,2.8144845125268536,23.450586264656618,23.076923076923077,0.0036745667457580566,0.050299763679504395,0.001,2.5
478,102.05696136627964,102.73225474277866,0.061559241059137945,0.0585357203930118,210.53944629560564,208.3814376780022,2.7173180108893056,2.8350465345542166,12.205018668118834,11.987927711129588,2.7173180108893056,2.8350465345542166,23.450586264656618,23.411371237458194,-0.004874587059020996,-0.022004365921020508,0.001,2.5
479,102.37350175049237,102.91174390403722,0.060538040620697606,0.05895967871249719,210.07580295479676,209.4018678186729,2.7716034061744983,2.825965153333734,12.105766871466708,12.050780991646757,2.7716034061744983,2.825965153333734,23.450586264656618,23.076923076923077,-0.05890333652496338,0.0075528621673583984,0.001,2.5
480,101.75054936752447,103.20447639797045,0.06168692788636465,0.05956080210796966,211.88729127407873,210.76780976260386,2.7192026326804104,2.8463090191716733,12.137786924339819,12.04790328418132,2.7192026326804104,2.8463090191716733,23.53433835845896,22.74247491638796,0.02186286449432373,0.05832803249359131,0.001,2.5
481,102.3496755730966,102.23195946734884,0.06092608629583913,0.05770211901054733,211.84573369369636,209.37285090928094,2.7418116085493387,2.81328686344185,12.189945720947367,11.953116062891523,2.7418116085493387,2.81328686344185,23.450586264656618,23.411371237458194,-0.013872981071472168,0.026193082332611084,0.001,2.5
482,100.88155008440641,103.2110188461865,0.06084109447160158,0.05883892553307141,211.90122837597002,210.78695806292785,2.7094513307664063,2.8184466106835817,11.993407715904453,12.132939156879948,2.7094513307664063,2.8184466106835817,23.618090452261306,22.74247491638796,-0.007779121398925781,0.01579982042312622,0.001,2.5
483,101.25591348363726,102.08973395306131,0.06126876838093427,0.05783927926550741,212.69618766950802,210.2953237578223,2.6914106445695887,2.8149284375551153,12.122158087278331,11.919534520560683,2.6914106445695887,2.8149284375551153,23.618090452261306,23.411371237458194,0.0021511316299438477,0.024974822998046875,0.001,2.5
484,101.94741596368888,102.15098576880618,0.05859006930710483,0.05642439249317383,210.8382667273133,209.58491490596913,2.7117856008123913,2.8267450109373367,12.20024071346775,11.89675978593603,2.7117856008123913,2.8267450109373367,23.618090452261306,23.411371237458194,-0.010094761848449707,0.023926079273223877,0.001,2.5
485,101.69791474973337,103.6994243609068,0.060605312936270056,0.059047525567952605,213.1918004737228,212.31722032425793,2.6965794699076233,2.8274923830128036,12.195085225193145,12.203134744063668,2.6965794699076233,2.8274923830128036,23.701842546063652,23.076923076923077,0.0114060640335083,0.03171741962432861,0.001,2.5
486,102.15588045359856,101.52004525175063,0.060326549563076426,0.05655276379158664,213.19917161899994,210.48049217402735,2.6975601797726885,2.8186742222827412,12.283790743331014,11.794580147019198,2.6975601797726885,2.8186742222827412,23.53433835845896,23.411371237458194,0.011768817901611328,0.030755221843719482,0.001,2.5
487,102.26173370207974,103.60395764507179,0.05946175742214249,0.05818912117776265,213.11820661841924,212.72873139142192,2.748285141422521,2.8348568737706215,12.152975098371906,12.16203735185706,2.748285141422521,2.8348568737706215,23.450586264656618,22.74247491638796,-0.021475553512573242,0.03715747594833374,0.001,2.5
488,101.15863691422608,103.67905887871682,0.06110134619714028,0.05894996293113383,215.14136552411307,213.658065489702,2.700607200763134,2.8410769984076256,12.074656879482557,12.158059273276441,2.700607200763134,2.8410769984076256,23.450586264656618,22.74247491638796,0.027305424213409424,0.03860652446746826,0.001,2.5
489,102.5413269094087,102.62088533229253,0.06063718054836719,0.05752396918708664,215.00075739312612,212.69597873241207,2.746666801235384,2.832225181585969,12.213136963708516,11.973457827615897,2.746666801235384,2.832225181585969,23.53433835845896,23.076923076923077,-0.0035895109176635742,0.03133344650268555,0.001,2.5
490,102.44340466574408,102.40840564842607,0.059667413445872876,0.05693680774358204,214.41580637256104,212.4509629979979,2.7372334382841537,2.825043939029094,12.222163858525517,11.95267093301218,2.7372334382841537,2.825043939029094,23.450586264656618,23.411371237458194,-0.0047454833984375,0.023334980010986328,0.001,2.5
491,101.4826432424574,103.21443584531445,0.05973806758247428,0.05782082789019996,214.74799325198583,213.55718539949245,2.7130998315124257,2.8188113528350525,12.102331778112568,12.1321780035727,2.7130998315124257,2.8188113528350525,23.450586264656618,23.076923076923077,0.005287885665893555,0.032546162605285645,0.001,2.5
492,103.29896539020379,102.90733138374661,0.06025609251117986,0.05742235330983149,215.5832279531201,213.78141687705764,2.7806134395663262,2.8276690232713886,12.262784862039076,12.044218092060408,2.7806134395663262,2.8276690232713886,23.366834170854272,22.74247491638796,-0.04694545269012451,0.04024559259414673,0.001,2.5
493,101.28257319515873,102.62327356242814,0.059185840426577596,0.056730621335498464,215.24482430565098,213.6380019682307,2.66980062577393,2.8278722125152282,12.192226365183666,11.986964780750084,2.66980062577393,2.8278722125152282,23.283082077051926,22.74247491638796,0.033270299434661865,0.036549150943756104,0.001,2.5
494,102.13974124263079,102.41792894446331,0.059851778050263725,0.057386110296915205,216.21366179448677,214.44694483320052,2.701197903759316,2.8166511640899556,12.269141304233365,11.97926587324876,2.701197903759316,2.8166511640899556,23.366834170854272,22.74247491638796,-0.007097959518432617,0.03482210636138916,0.001,2.5
495,102.11311301993365,101.89035350582671,0.05893956957200863,0.05598341545283196,215.48105627727668,213.2622020810743,2.702250268591109,2.8282576811353497,12.260987412789758,11.839448507812909,2.702250268591109,2.8282576811353497,23.19932998324958,23.411371237458194,-0.0064237117767333984,0.021636009216308594,0.001,2.5
496,101.7508432206197,102.69951810804896,0.058177044193948334,0.05617651213770327,214.95118761941217,213.4768016904493,2.690222709023174,2.8325121618034848,12.224874914990398,11.988436874338616,2.690222709023174,2.8325121618034848,23.701842546063652,23.411371237458194,0.017845749855041504,0.03168821334838867,0.001,2.5
497,102.35123099833477,102.9664754197749,0.05884374242581714,0.05668102068994755,215.58693719349515,214.20666442666962,2.744682337171468,2.8280975866477225,12.181313113750925,12.05482446868284,2.744682337171468,2.8280975866477225,23.366834170854272,22.74247491638796,-0.021584630012512207,0.03188234567642212,0.001,2.5
498,102.50244240305531,103.73236425903728,0.0590455211711489,0.05681225372148198,216.00805155436197,214.50489271285144,2.7274101986557593,2.835765843407366,12.263247355743868,12.184911648166619,2.7274101986557593,2.835765843407366,23.366834170854272,22.74247491638796,-0.02244436740875244,-0.0015047788619995117,0.001,2.5
499,102.154828581179,103.49143486916022,0.05943772515010594,0.0568909392657886,216.53385595580443,214.759315516239,2.721887679155947,2.852393209336195,12.210108301747384,12.086777157608083,2.721887679155947,2.852393209336195,23.283082077051926,22.74247491638796,-0.023491263389587402,-0.01032710075378418,0.001,2.5
500,102.74435626721662,102.81518115805942,0.05907438875767254,0.05642919623632495,216.41236946451005,214.46400727236949,2.724719655373987,2.8427917837697927,12.319615327333485,11.980481814381271,2.724719655373987,2.8427917837697927,23.115577889447238,23.076923076923077,-0.022530198097229004,0.013460755348205566,0.001,2.5
501,103.70778337794931,102.90584069191412,0.05874513703674527,0.05644377735895058,216.2817521854062,214.7092269846428,2.7702196718660033,2.8374408176511428,12.375892476220827,12.014614392283768,2.7702196718660033,2.8374408176511428,23.366834170854272,22.74247491638796,-0.04472970962524414,0.014526963233947754,0.001,2.5
502,102.51100444953445,103.4461174393976,0.05937040443695969,0.057313548494441854,216.97093233910437,215.59917391263522,2.753106082504119,2.83278521486748,12.187614183729417,12.136285775481259,2.753106082504119,2.83278521486748,23.450586264656618,22.74247491638796,-0.013043999671936035,0.02323073148727417,0.001,2.5
503,101.1310221226371,102.86289809619304,0.05938036146400562,0.05665507004362683,217.09650948938213,215.14567086210218,2.6710267326540285,2.8279997975531233,12.157828624923425,12.034220976175671,2.6710267326540285,2.8279997975531233,23.450586264656618,22.74247491638796,0.018793463706970215,0.04037851095199585,0.001,2.5
504,100.64495100727433,102.74236881932288,0.05898984794940182,0.05667134551300253,216.92731354424302,215.36070047333885,2.6646129166460915,2.82175561337168,12.079967909322512,12.028800498681722,2.6646129166460915,2.82175561337168,23.03182579564489,22.74247491638796,0.02212345600128174,0.04114657640457153,0.001,2.5
505,100.82696387516194,102.88518830366358,0.05924973815330109,0.05692050801621233,217.36886609459242,215.6491452730619,2.6562417755574237,2.8233858071840725,12.14134383880513,12.052366413001632,2.6562417755574237,2.8233858071840725,23.115577889447238,22.74247491638796,0.02869248390197754,0.03979921340942383,0.001,2.5
506,102.54637553663909,103.19951264754586,0.059184891812915176,0.056855301095490474,217.36533515457333,215.67289494032843,2.7396213065839095,2.8371849578359853,12.235101097592556,12.073841988043641,2.7396213065839095,2.8371849578359853,23.366834170854272,22.74247491638796,0.0003458261489868164,0.034426867961883545,0.001,2.5
507,101.4358982360942,102.6568512677349,0.05903360366172327,0.056459239892736324,217.30143579326483,215.40041726408992,2.71705509070775,2.8343774435113507,12.08074710277257,11.973866287282478,2.71705509070775,2.8343774435113507,23.366834170854272,22.74247491638796,0.007587015628814697,0.03011918067932129,0.001,2.5
508,101.87625307373865,102.4108429975733,0.05887657289129605,0.056228349838767164,217.19465197590327,215.2260752394048,2.711682143123505,2.821447202593188,12.18498969118,11.963536221048106,2.711682143123505,2.821447202593188,23.19932998324958,22.74247491638796,0.00035262107849121094,0.03872781991958618,0.001,2.5
509,101.54707272528005,102.08861161554138,0.058097827468235885,0.055407204157532655,216.6668199702124,214.67333111715158,2.655171097223483,2.83794894505504,12.28894836579136,11.849859681017822,2.655171097223483,2.83794894505504,23.283082077051926,23.745819397993312,0.03051978349685669,0.02269226312637329,0.001,2.5
510,102.53328619210964,102.67107299498491,0.05768978512117411,0.055483680529937296,216.4530259840053,214.83850230341372,2.742301224863509,2.828121177328869,12.22492491819551,11.995785977928136,2.742301224863509,2.828121177328869,23.53433835845896,23.076923076923077,-0.030355095863342285,0.02089589834213257,0.001,2.5
511,101.4454961038714,103.27603682706189,0.05782828182980443,0.055779328675672764,216.66150978382308,215.15370270081587,2.713597772908171,2.8320682335856766,12.093408571815171,12.104815802047883,2.713597772908171,2.8320682335856766,23.19932998324958,23.076923076923077,0.006108105182647705,0.017337024211883545,0.001,2.5
512,102.4242111027141,102.98544342143082,0.058280999829970814,0.056228152959043765,217.15688803207934,215.63562210746434,2.7382672432079986,2.827034687916172,12.214952772386509,12.061611979302754,2.7382672432079986,2.827034687916172,23.115577889447238,22.74247491638796,-0.029364347457885742,0.02637791633605957,0.001,2.5
513,102.33967393526879,103.00532447534262,0.05875587243730299,0.056488319384214475,217.57280553565352,215.91816491985003,2.708028067296474,2.8246728289486174,12.2885848609247,12.072564402551555,2.708028067296474,2.8246728289486174,23.115577889447238,22.74247491638796,0.0062961578369140625,0.02975219488143921,0.001,2.5
514,102.59428735474246,102.56522790404865,0.05894085970805518,0.05661945600673108,217.78522743212318,216.02245032269022,2.722073854513504,2.8148796941125673,12.297290891458841,12.013878726640273,2.722073854513504,2.8148796941125673,23.283082077051926,22.74247491638796,0.010414361953735352,0.03990298509597778,0.001,2.5
515,102.47204753422058,102.68312797418805,0.058908499465316184,0.05648167243221133,217.8340318382685,215.9987840939525,2.7127963562107564,2.819662759933982,12.300672011958495,12.02314116564084,2.7127963562107564,2.819662759933982,23.19932998324958,22.74247491638796,0.005568087100982666,0.04010212421417236,0.001,2.5
516,102.0216604005951,103.10006361741286,0.05877319304038532,0.056290388132218136,217.76043949095248,215.91892168434168,2.689059279472185,2.8333598594601734,12.281847067214736,12.065491880461524,2.689059279472185,2.8333598594601734,23.19932998324958,22.74247491638796,0.020477235317230225,0.032868802547454834,0.001,2.5
517,101.9751739246362,102.89036702950264,0.05843314158432248,0.05577622879807367,217.5424109224099,215.4988428836682,2.736353605037159,2.825245618022804,12.130778859009096,12.04808219220726,2.736353605037159,2.825245618022804,23.366834170854272,22.74247491638796,-0.005868792533874512,0.03794950246810913,0.001,2.5
518,101.38765067351324,102.55385449259576,0.057942051134716524,0.055605966323693856,217.15615854950207,215.42355964175835,2.676624293702731,2.8222545867779583,12.19263737485237,11.989800689212455,2.676624293702731,2.8222545867779583,23.366834170854272,23.076923076923077,0.012965023517608643,0.04106485843658447,0.001,2.5
519,102.4813869227117,102.84562575936717,0.057934973133069584,0.05561574983307749,217.18077808169264,215.4248413800396,2.7371294582309433,2.8328601030203013,12.229865900036478,12.016336798269215,2.7371294582309433,2.8328601030203013,23.19932998324958,23.076923076923077,-0.028710484504699707,0.030437946319580078,0.001,2.5
520,102.03062152702805,102.66840311516088,0.058012874506825775,0.05593435476256852,217.368903640926,215.82135096521282,2.7038218811329084,2.820526160524043,12.239581913205248,12.017750960129957,2.7038218811329084,2.820526160524043,23.283082077051926,23.076923076923077,0.01063990592956543,0.035318851470947266,0.001,2.5
521,102.6077005459835,103.10967889996277,0.05833551876084689,0.05603510979874477,217.66072179644152,215.94088326648725,2.746060418922897,2.8321728650542806,12.22815958978343,12.071022036880953,2.746060418922897,2.8321728650542806,23.19932998324958,22.74247491638796,-0.015146970748901367,0.02766495943069458,0.001,2.5
522,101.05528531481872,102.85132552947488,0.05834237512332111,0.05585220291662376,217.6810389124169,215.83009205693784,2.685203492741289,2.824234734410825,12.100241536471113,12.0432240795531,2.685203492741289,2.824234734410825,23.450586264656618,22.74247491638796,0.003791987895965576,0.03490084409713745,0.001,2.5
523,101.94983406002997,102.41728853461734,0.05811624832987985,0.05567677524626056,217.50134126544998,215.68365478515625,2.7076023180081417,2.814113763662485,12.212036439521828,11.986844343485242,2.7076023180081417,2.814113763662485,23.53433835845896,22.74247491638796,0.004627883434295654,0.03530240058898926,0.001,2.5
524,102.46878832588644,102.59683561803506,0.05802757121385442,0.055666389859540005,217.49462494458785,215.75507163363557,2.688939758680973,2.8145760804115727,12.371833782100198,12.021354793306179,2.688939758680973,2.8145760804115727,23.19932998324958,22.74247491638796,0.01613098382949829,0.033658742904663086,0.001,2.5
525,102.82383687132767,103.12052930238653,0.0580166895285723,0.05563130885063605,217.51553705110024,215.70977446387045,2.752326073558686,2.823414118393608,12.25268294623549,12.099595066695708,2.752326073558686,2.823414118393608,23.366834170854272,23.076923076923077,-0.033067941665649414,0.03221118450164795,0.001,2.5
526,101.65790594922039,102.81568607598244,0.05786232387575273,0.05563053722963684,217.4456473499087,215.71483680954745,2.6719373306836713,2.8218015316736738,12.260707452668617,12.043463560251089,2.6719373306836713,2.8218015316736738,23.19932998324958,22.74247491638796,0.01938873529434204,0.03985118865966797,0.001,2.5
527,102.02568748129073,102.34475003756009,0.05790967172264454,0.0556110564033722,217.5173821888577,215.8002190223107,2.690037851157899,2.814099326181571,12.279938550850055,11.972369206788947,2.690037851157899,2.814099326181571,23.450586264656618,22.74247491638796,0.0032807588577270508,0.04142773151397705,0.001,2.5
528,101.68196541739869,102.49216616831495,0.0579266726746032,0.05554864105821453,217.56298086910792,215.77769582486872,2.6602948422807344,2.8217342593598125,12.30041055343858,11.978965941081478,2.6602948422807344,2.8217342593598125,23.19932998324958,22.74247491638796,0.03365218639373779,0.04345226287841797,0.001,2.5
529,101.90706178291359,102.61528571393578,0.057864518246459,0.055503324583721,217.52205886713026,215.78415126226417,2.686221380329611,2.8214310092670862,12.267671049939128,12.004506146230028,2.686221380329611,2.8214310092670862,23.366834170854272,22.74247491638796,0.0031505227088928223,0.04408293962478638,0.001,2.5
530,101.50726274908887,102.9873027482559,0.057890744839281694,0.05562395202525483,217.59008111746067,215.92768880276378,2.6848172646271724,2.832884100368589,12.191904593552376,12.044498207577096,2.6848172646271724,2.832884100368589,23.115577889447238,22.74247491638796,0.010987043380737305,0.037461161613464355,0.001,2.5
531,102.24858164827229,103.03963350532047,0.05803262863551552,0.055689571643354106,217.7428352189823,216.02657698309142,2.7052184449168704,2.8294777439589485,12.278905908466383,12.06514986861111,2.7052184449168704,2.8294777439589485,23.115577889447238,22.74247491638796,0.02226942777633667,0.04312020540237427,0.001,2.5
532,102.18258600538499,102.44409792080373,0.05812501453075377,0.05579503015132253,217.8352230461798,216.09640150803787,2.6746370488874476,2.8183230811536912,12.357413993209251,11.979471480966014,2.6746370488874476,2.8183230811536912,23.115577889447238,22.74247491638796,0.00866609811782837,0.04929441213607788,0.001,2.5
533,102.22740418707306,102.76067002720657,0.05818658199791533,0.05581342289380006,217.8886371146095,216.12988031189576,2.7308256566224984,2.8203598974540482,12.197788789643715,12.0366658494624,2.7308256566224984,2.8203598974540482,23.03182579564489,22.74247491638796,0.0018124580383300781,0.04227650165557861,0.001,2.5
534,103.12704190457087,102.60672206304544,0.05812478258931257,0.055812834422524556,217.87022714279405,216.06053426991338,2.7427910432543987,2.8289993503021953,12.341835767979198,11.979971939903438,2.7427910432543987,2.8289993503021953,23.19932998324958,22.74247491638796,-0.015640616416931152,0.03493136167526245,0.001,2.5
535,101.72001236447537,102.41435711200421,0.058077101968540816,0.05574065364623149,217.80856675957915,216.00312784762684,2.68367481071945,2.8195775129324616,12.237801042234079,11.969789795253588,2.68367481071945,2.8195775129324616,23.366834170854272,22.74247491638796,0.019056618213653564,0.03662073612213135,0.001,2.5
536,101.96441647834713,102.60103216777279,0.05796491017742972,0.05561647245218124,217.7206419876073,215.92374371684915,2.6992836529685427,2.8273550315844176,12.239895469179904,11.983833698923373,2.6992836529685427,2.8273550315844176,23.19932998324958,22.74247491638796,0.0026123523712158203,0.03368288278579712,0.001,2.5
537,101.30699185829866,102.71368928737066,0.05799814140177652,0.0557545702842167,217.71537486831946,215.98289775529435,2.6887404080012334,2.8205130690316293,12.14003446793037,12.02685112777761,2.6887404080012334,2.8205130690316293,23.03182579564489,22.74247491638796,0.031769514083862305,0.031056463718414307,0.001,2.5
538,102.16744418759242,102.64385103461734,0.05802911596756485,0.05562719756295051,217.75799987384022,215.98051018858433,2.7042643249134724,2.8243602135508357,12.265538242793761,12.001367664656113,2.7042643249134724,2.8243602135508357,22.8643216080402,22.74247491638796,0.01753711700439453,0.03365045785903931,0.001,2.5
539,101.67077761958392,102.87563484727738,0.05797638459571043,0.05565545594562655,217.73036771483558,215.94963252345056,2.7097654785942193,2.8279495590107895,12.149717752657944,12.036958101202414,2.7097654785942193,2.8279495590107895,23.450586264656618,22.74247491638796,0.008978188037872314,0.029004275798797607,0.001,2.5
540,102.25948345241834,102.90581219012921,0.05794974564382779,0.055523523344443396,217.70183273136516,215.92519304664637,2.7209072584283214,2.831497939534012,12.234044522296644,12.032380250784067,2.7209072584283214,2.831497939534012,23.115577889447238,22.74247491638796,-0.0009785890579223633,0.030594348907470703,0.001,2.5
541,102.16302053173582,102.57897627712492,0.05784527213629367,0.05552979956153643,217.6752536332787,215.9100100412018,2.6835938438498594,2.813759632333864,12.326718351150078,12.020228290238906,2.6835938438498594,2.813759632333864,23.283082077051926,22.74247491638796,0.014268040657043457,0.04348039627075195,0.001,2.5
542,101.84587947008399,102.48315212798357,0.05786874739319036,0.05552832708759452,217.67846646460657,215.93815245357246,2.696152258158928,2.813707389959125,12.22560943590736,12.001215456321487,2.696152258158928,2.813707389959125,23.115577889447238,22.74247491638796,0.009242415428161621,0.045535266399383545,0.001,2.5
543,102.90418216571138,102.5524140935279,0.05787897388290121,0.055612470319239195,217.71985911204786,215.9795182652298,2.7226678514400717,2.8156661405212504,12.357712844708058,12.009165853162274,2.7226678514400717,2.8156661405212504,23.366834170854272,22.74247491638796,-0.015411734580993652,0.04145479202270508,0.001,2.5
544,102.7744833788081,102.4970481898075,0.05793221576928693,0.05560028481991793,217.7723849247049,216.0340748662534,2.7672979967478333,2.8059739396723615,12.197861760904642,12.02716050100167,2.7672979967478333,2.8059739396723615,23.19932998324958,22.74247491638796,-0.023820877075195312,0.044363558292388916,0.001,2.5
545,101.86009901292759,102.95176462026743,0.05796646363596421,0.05564285670235803,217.81752924064494,216.0640224597127,2.69641777418766,2.8254154493976196,12.22760964717897,12.059765168256982,2.69641777418766,2.8254154493976196,23.115577889447238,22.74247491638796,0.003803730010986328,0.033630549907684326,0.001,2.5
546,101.73557183091565,102.7543964704941,0.058030590733241794,0.055644958663146234,217.82696349177527,216.05796604730614,2.677865741240918,2.8252904750032966,12.25834541544443,12.020666961287176,2.677865741240918,2.8252904750032966,23.366834170854272,22.74247491638796,0.02368021011352539,0.03791695833206177,0.001,2.5
547,100.6133203298802,102.9050271024672,0.057982397257932264,0.05568515847010357,217.8333006432308,216.08092746288082,2.6224373557060408,2.8209377898021684,12.200188873201558,12.063839874139996,2.6224373557060408,2.8209377898021684,23.450586264656618,22.74247491638796,0.04457736015319824,0.032766878604888916,0.001,2.5
548,101.7420893146764,102.8744377723107,0.057954978066772675,0.05567615112931433,217.8435341533105,216.07570834462857,2.6928612171505364,2.8207235798787913,12.214674507153893,12.058366584139923,2.6928612171505364,2.8207235798787913,23.115577889447238,22.74247491638796,0.006677091121673584,0.033733248710632324,0.001,2.5
549,102.77432946184372,102.76976862878703,0.05797044694473596,0.055661322530296736,217.8323051669889,216.06390457408483,2.730191522706893,2.823307608282287,12.309131250109905,12.029685591375548,2.730191522706893,2.823307608282287,22.948073701842546,22.74247491638796,-0.011732101440429688,0.03549426794052124,0.001,2.5
550,102.12164120059117,102.69654555304793,0.05797896280859783,0.055619776435819356,217.82758554941046,216.06294505651977,2.71562864472918,2.826952392839668,12.222280880913663,12.004115034505276,2.71562864472918,2.826952392839668,23.366834170854272,22.74247491638796,0.005886256694793701,0.034782588481903076,0.001,2.5
551,101.26500572830788,102.81641242496146,0.05794763836504227,0.05563141254826533,217.82469637310086,216.06251306438128,2.684979922008674,2.819546699523926,12.142906813565611,12.050303532527042,2.684979922008674,2.819546699523926,23.19932998324958,22.74247491638796,-0.0033752918243408203,0.03255200386047363,0.001,2.5
552,101.32414471803598,102.74567308712963,0.05794985883150069,0.05562060023580108,217.82945826544832,216.08452736334658,2.6666875596421846,2.8247944878096565,12.209610435830887,12.020410540909273,2.6666875596421846,2.8247944878096565,23.115577889447238,22.74247491638796,0.015400588512420654,0.03141629695892334,0.001,2.5
553,102.14265196527069,102.42625095533288,0.057964280921610156,0.05565292051803308,217.86938136626327,216.10988374537848,2.7397527135596604,2.8064644679576656,12.154105352596622,12.011503863892827,2.7397527135596604,2.8064644679576656,23.03182579564489,22.74247491638796,-0.009069204330444336,0.03914278745651245,0.001,2.5
554,101.2136026762638,102.62335409209082,0.05797659899646313,0.055644660465494045,217.88013988603498,216.1048652878573,2.6668186383431083,2.8233323631477996,12.187093399277883,12.000324230130301,2.6668186383431083,2.8233323631477996,23.115577889447238,22.74247491638796,0.03118056058883667,0.03619617223739624,0.001,2.5
555,101.75325014762943,102.61808991192974,0.057982675163340526,0.055675857317288184,217.8697150148938,216.1006970868063,2.7006878349649246,2.8225308437411205,12.193416242423769,12.001670757663689,2.7006878349649246,2.8225308437411205,22.948073701842546,22.74247491638796,0.01621013879776001,0.03412908315658569,0.001,2.5
556,101.52544395408438,102.16161951173508,0.05794057015398239,0.055623066652080284,217.86705290572328,216.08788337835102,2.6396398432490416,2.8114277032705455,12.331007911132607,11.94369843014108,2.6396398432490416,2.8114277032705455,23.19932998324958,22.74247491638796,0.020640075206756592,0.043257057666778564,0.001,2.5
557,101.41867890988962,102.49956198599826,0.05795852672090283,0.05554394514913543,217.84197532871062,216.06380674432353,2.668397248290492,2.8141041718996487,12.223383831618419,12.003277797762765,2.668397248290492,2.8141041718996487,23.19932998324958,22.74247491638796,0.009982526302337646,0.04349088668823242,0.001,2.5
558,102.20436500025355,102.8044900543315,0.05793276007975166,0.055612628127021536,217.82412241771192,216.05886100845592,2.711471892681154,2.822179024036114,12.251306171193594,12.040026138458762,2.711471892681154,2.822179024036114,23.450586264656618,22.74247491638796,0.00996088981628418,0.03504675626754761,0.001,2.5
559,101.4736384482839,102.87698387222545,0.05791652993216387,0.05568713540317223,217.8273006931222,216.07006759388392,2.7087086940330876,2.8238209577707143,12.113453037575063,12.049582561122932,2.7087086940330876,2.8238209577707143,23.115577889447238,22.74247491638796,0.011283338069915771,0.03636610507965088,0.001,2.5
560,102.16044079957895,102.61333978455202,0.05794159773506311,0.055598527080936974,217.84223222333182,216.0843831448252,2.716499684843386,2.8296068990509644,12.227432318069228,11.979510817639405,2.716499684843386,2.8296068990509644,23.283082077051926,22.74247491638796,0.008612990379333496,0.036682963371276855,0.001,2.5
561,101.36171442539847,102.32991581537253,0.05793243653485723,0.05558028969178631,217.84853947062788,216.08291600460194,2.690846192776857,2.8205475536078515,12.144648347468033,11.950008331732606,2.690846192776857,2.8205475536078515,23.283082077051926,22.74247491638796,0.03665345907211304,0.04099053144454956,0.001,2.5
562,101.2792424596534,102.4829271501522,0.05789433902057771,0.05558161037572251,217.85186550325685,216.0845586464158,2.6994092584255354,2.818504602215362,12.102471842038971,11.986738224093331,2.6994092584255354,2.818504602215362,23.366834170854272,22.74247491638796,0.013314485549926758,0.04271507263183594,0.001,2.5
563,101.90754293317171,102.50371375450722,0.05789034265768987,0.05552752821840171,217.83843536632546,216.0582414199676,2.7217199099523137,2.824463684822006,12.161202933920089,11.9730346162981,2.7217199099523137,2.824463684822006,23.19932998324958,22.74247491638796,-0.015050053596496582,0.04138362407684326,0.001,2.5
564,101.58692647144822,102.49245118616416,0.057872711963190306,0.05555173080651258,217.81373376383056,216.0483572459141,2.65466802363819,2.8228250219670428,12.29824362647793,11.975695131614456,2.65466802363819,2.8228250219670428,23.19932998324958,22.74247491638796,0.026555895805358887,0.04305148124694824,0.001,2.5
565,102.6444927451998,102.77380616050898,0.05786344166876283,0.05552513620825516,217.81165038960265,216.0490503725798,2.713843231824175,2.825315606235262,12.332234090297066,12.0244994530311,2.713843231824175,2.825315606235262,23.366834170854272,22.74247491638796,0.007761359214782715,0.034910738468170166,0.001,2.5
566,101.93112647793002,102.80100747813349,0.05788794714002753,0.05554904960669004,217.81522209640323,216.05335580066694,2.663876034706282,2.831478107733073,12.339456277077321,12.011446145864634,2.663876034706282,2.831478107733073,23.19932998324958,22.74247491638796,0.02821439504623413,0.03759562969207764,0.001,2.5
567,102.22968931214095,102.79917736755166,0.057837801026039984,0.05553823103972502,217.81572832014893,216.05149009474943,2.7162317542774193,2.8311553766894897,12.242111984010117,12.012051282519081,2.7162317542774193,2.8311553766894897,23.19932998324958,22.74247491638796,0.021947205066680908,0.04174989461898804,0.001,2.5
568,102.35241193148359,102.32275666201792,0.05785163962461641,0.055543402378076694,217.81448085663507,216.0517514334076,2.7331812253948833,2.8186441839339342,12.215805783743036,11.954299161266722,2.7331812253948833,2.8186441839339342,23.19932998324958,22.74247491638796,-0.01578342914581299,0.04848635196685791,0.001,2.5
569,101.87729422411128,102.61061647344991,0.05786679937212511,0.055519605485292584,217.81361654974907,216.04694282251057,2.6973387775708684,2.8215514273946503,12.228306767129817,12.003154853514605,2.6973387775708684,2.8215514273946503,23.283082077051926,22.74247491638796,0.014812231063842773,0.04442685842514038,0.001,2.5
570,100.512644961052,102.55956918977974,0.05786760945740457,0.05554776907864223,217.80698125126773,216.04594013124805,2.6339316008678035,2.8224633106818566,12.145599328493153,11.990204677135251,2.6339316008678035,2.8224633106818566,23.03182579564489,23.076923076923077,0.06387722492218018,0.04240524768829346,0.001,2.5
571,101.00067422378004,102.58909726860531,0.05785028072357976,0.05552271925486051,217.80739638234303,216.04172656209172,2.6691231831433986,2.821938088107667,12.137633801305315,11.9976917700624,2.6691231831433986,2.821938088107667,23.03182579564489,22.74247491638796,0.022255420684814453,0.038550615310668945,0.001,2.5
572,101.74029742932599,102.90115764707227,0.057844235070386725,0.05553680062792373,217.80127356958948,216.04086783418688,2.6879649326030535,2.835145514944325,12.22903558357277,12.020478969433634,2.6879649326030535,2.835145514944325,23.19932998324958,22.74247491638796,0.03501689434051514,0.033982932567596436,0.001,2.5
573,101.83590739136764,102.73780965645577,0.05787675657389152,0.05558490898946057,217.80866076598815,216.0536850128684,2.7062322226800712,2.8228866288494507,12.1933481753172,12.024574085222838,2.7062322226800712,2.8228866288494507,23.19932998324958,22.74247491638796,0.008953690528869629,0.04300767183303833,0.001,2.5
574,101.72391641639186,102.68942702175383,0.05789437383987396,0.05557895191387588,217.822616014848,216.06519218113112,2.6900943519681744,2.822815159092779,12.219356861146451,12.015110826013878,2.6900943519681744,2.822815159092779,23.19932998324958,22.74247491638796,0.02291584014892578,0.04083728790283203,0.001,2.5
575,101.9012942929164,102.59955829122792,0.0578931863209111,0.055603990287685076,217.8378726569452,216.08659480168268,2.6814361453256015,2.8142610840175464,12.28080397275225,12.022790223061042,2.6814361453256015,2.8142610840175464,23.115577889447238,22.74247491638796,0.02192586660385132,0.04009276628494263,0.001,2.5
576,101.79540275688747,102.52255391915108,0.05790540727613559,0.05558655225363463,217.85459728656303,216.09353989821213,2.6815153893513894,2.822593198572114,12.259382081790585,11.982395140223678,2.6815153893513894,2.822593198572114,23.19932998324958,22.74247491638796,0.02723252773284912,0.041383564472198486,0.001,2.5
577,101.46868321404385,102.49066167212649,0.05787410693776667,0.05558253570543883,217.85840099341107,216.09482821971676,2.6881548799262376,2.8236193999797603,12.174125521226944,11.972938515270833,2.6881548799262376,2.8236193999797603,23.19932998324958,22.74247491638796,0.018069803714752197,0.040274202823638916,0.001,2.5
578,101.07409874997546,102.61069613555603,0.05789264868102481,0.05557177213322757,217.8619080101026,216.09844649196867,2.6621719692620003,2.824638743863058,12.173152913999317,11.993889585386551,2.6621719692620003,2.824638743863058,23.19932998324958,22.74247491638796,0.03971707820892334,0.03758656978607178,0.001,2.5
579,102.2652650254855,102.45319027087362,0.057903921621628544,0.05561101289596845,217.86384763989216,216.1021891820391,2.7402420451293636,2.82008263817599,12.177173202361294,11.976047471215495,2.7402420451293636,2.82008263817599,23.19932998324958,22.74247491638796,-0.017496347427368164,0.04058027267456055,0.001,2.5
580,102.28238311205277,102.39455957317033,0.05795047916409558,0.05561597619118499,217.86906571124666,216.10393970706392,2.7257824902558445,2.8257938826761917,12.223965247072766,11.947187076045518,2.7257824902558445,2.8257938826761917,23.19932998324958,22.74247491638796,0.012718737125396729,0.039916932582855225,0.001,2.5
581,101.04294937619412,102.3268651802803,0.057904525493057926,0.055580587839601826,217.87007504052653,216.10742554935723,2.6910413341905604,2.8237009191991493,12.080310572331873,11.93993305282848,2.6910413341905604,2.8237009191991493,23.115577889447238,22.74247491638796,0.028086066246032715,0.04170417785644531,0.001,2.5
582,101.41142623109035,102.63399834776403,0.05791148567693916,0.05557640427630083,217.87509012142417,216.11415059271465,2.70086286495279,2.8266833267084333,12.124539031854626,11.992412315164522,2.70086286495279,2.8266833267084333,23.115577889447238,22.74247491638796,0.02121967077255249,0.0364987850189209,0.001,2.5
583,101.9688512140782,102.57409336255944,0.057935098538696266,0.055570690627879525,217.88103307471602,216.11742265886286,2.686707110061518,2.8291700021877735,12.278486360457276,11.972971163465825,2.686707110061518,2.8291700021877735,23.03182579564489,22.74247491638796,0.022140145301818848,0.0355219841003418,0.001,2.5
584,101.82851270614957,102.60179309143271,0.05791069994020702,0.0556235687439657,217.88127841661924,216.11437284029446,2.744526541213095,2.833214696035736,12.076964367174822,11.966367549322122,2.744526541213095,2.833214696035736,23.283082077051926,22.74247491638796,0.0029732584953308105,0.03440284729003906,0.001,2.5
585,100.6614244419526,102.72170724517925,0.05794393663704894,0.05553805119168001,217.8790970998793,216.11164799821017,2.637119087142561,2.8326573300122417,12.165763108973927,11.992038308976086,2.637119087142561,2.8326573300122417,23.115577889447238,22.74247491638796,0.0494077205657959,0.03358501195907593,0.001,2.5
586,101.76944092410294,102.76699354497087,0.05789561028681209,0.05555945026834673,217.87517998725724,216.10869600940308,2.700318088483571,2.8247525883358855,12.197779605935766,12.024807939561315,2.700318088483571,2.8247525883358855,23.283082077051926,22.74247491638796,0.0035154223442077637,0.037913978099823,0.001,2.5
587,101.20646943518864,102.58503983411502,0.05790456538548821,0.055610840922115636,217.87270016566393,216.10722024464687,2.673530684443974,2.8202745444001165,12.165546394872106,12.001840591430664,2.673530684443974,2.8202745444001165,23.115577889447238,22.74247491638796,0.023997366428375244,0.03849762678146362,0.001,2.5
588,102.62714962344273,102.59379830248778,0.057916542755399314,0.055570288470955596,217.8708099927535,216.10359498090966,2.7132375220357874,2.828425939266498,12.330560019667224,11.979147040325662,2.7132375220357874,2.828425939266498,23.366834170854272,22.74247491638796,0.005752623081207275,0.037745893001556396,0.001,2.5
589,102.53774625691936,102.44299500124112,0.057909653027552854,0.0555703620423242,217.86606949338162,216.10043850391605,2.7096994622069186,2.828787398577534,12.323296281760262,11.947902711338822,2.7096994622069186,2.828787398577534,23.115577889447238,22.74247491638796,-0.0014110803604125977,0.03716999292373657,0.001,2.5
590,101.20967500772907,102.51031022087786,0.05785972255608145,0.05558046811948652,217.86455171671346,216.09908924932066,2.6672023500829085,2.8180625191500352,12.18518270080413,11.993538837369071,2.6672023500829085,2.8180625191500352,23.19932998324958,22.74247491638796,0.03112846612930298,0.04291510581970215,0.001,2.5
591,102.69854979139676,102.12598033892272,0.05789694095177068,0.05560121225523311,217.8627407259278,216.09775969336263,2.7514430554068867,2.813606440024232,12.230228909695368,11.930036720224846,2.7514430554068867,2.813606440024232,23.115577889447238,22.74247491638796,-0.010747432708740234,0.0504380464553833,0.001,2.5
592,101.19005396857334,102.1873144194434,0.05787451479153417,0.0555584006086241,217.8637148603123,216.09968454622503,2.69026699098111,2.827838845874952,12.112062542083075,11.899615179336191,2.69026699098111,2.827838845874952,23.19932998324958,22.74247491638796,0.014860212802886963,0.04117852449417114,0.001,2.5
593,101.86422390833971,102.59281418714237,0.05788971063754267,0.05555944735290215,217.86435864319154,216.09961473343762,2.7222462099800557,2.8292461454270277,12.150955276872644,11.97649262342166,2.7222462099800557,2.8292461454270277,23.283082077051926,22.74247491638796,-0.011667728424072266,0.03810805082321167,0.001,2.5
594,101.93251472102537,102.09961687681269,0.05791283966708223,0.05561968073697393,217.86660534013654,216.10391117976263,2.714866297927933,2.8147804521796695,12.18674834808912,11.921237566000642,2.714866297927933,2.8147804521796695,23.450586264656618,22.74247491638796,0.015803158283233643,0.04409170150756836,0.001,2.5
595,101.5112964112555,102.22283644660261,0.057911736937473764,0.055536588149325904,217.86698376832894,216.1011253535548,2.662746120337865,2.8232995482990177,12.258864723857323,11.92034134816964,2.662746120337865,2.8232995482990177,23.03182579564489,22.74247491638796,0.014197766780853271,0.040067434310913086,0.001,2.5
596,101.20439418875792,102.52477348608316,0.05792154951436036,0.055594087033267806,217.86681801749634,216.10238524982364,2.6816170710814458,2.8255681194190596,12.140869843500543,11.973910784641635,2.6816170710814458,2.8255681194190596,23.19932998324958,22.74247491638796,0.02395576238632202,0.04226332902908325,0.001,2.5
597,102.03318566812742,102.52595224029643,0.0579062579652073,0.05555259850013216,217.8655586178778,216.09964086220018,2.7279376935719246,2.8248824666575048,12.167669409683201,11.976212890650517,2.7279376935719246,2.8248824666575048,23.115577889447238,22.74247491638796,-0.002171635627746582,0.037060320377349854,0.001,2.5
598,101.4173586284695,102.69566579965445,0.05791787051874988,0.05556592301630655,217.86393103927026,216.0997258827439,2.672533123137763,2.820467342102408,12.21071640890048,12.02339793367928,2.672533123137763,2.820467342102408,23.19932998324958,22.74247491638796,0.01848125457763672,0.039694249629974365,0.001,2.5
599,101.0902932708587,102.54352403723675,0.05791140537415717,0.055514222104413855,217.86513285421248,216.10158536266724,2.6696288397963124,2.8204424684262994,12.15401664810564,11.993053854109851,2.6696288397963124,2.8204424684262994,23.366834170854272,22.74247491638796,0.01538538932800293,0.03688722848892212,0.001,2.5
600,102.34961030790754,102.49140460674579,0.057859762361151486,0.05561543198732229,217.86547928239833,216.10042554160026,2.712859668524022,2.819364756644769,12.276198086826446,11.98584406670918,2.712859668524022,2.819364756644769,23.19932998324958,22.74247491638796,-0.009644627571105957,0.0342060923576355,0.001,2.5
601,103.06755579656092,102.65987480444254,0.05791347673540339,0.055539418061740425,217.8651549884023,216.10041038487668,2.739239162735803,2.8190693568226486,12.340637906711905,12.020438691844111,2.739239162735803,2.8190693568226486,23.19932998324958,22.74247491638796,-0.01886606216430664,0.03550153970718384,0.001,2.5
602,101.22463764337638,102.90614890414336,0.057925294342152836,0.055613504566974864,217.86522139097178,216.1004713690002,2.68918682462606,2.832797913248324,12.122208807735987,12.028492838243976,2.68918682462606,2.832797913248324,23.283082077051926,22.74247491638796,0.013596653938293457,0.026200592517852783,0.001,2.5
603,101.14848542333249,102.6224449438395,0.05790665340134047,0.055508445786393204,217.86495987015155,216.10019017860643,2.6867131328263274,2.820708089050242,12.114403173552086,12.0080432222041,2.6867131328263274,2.820708089050242,23.19932998324958,22.74247491638796,0.005982875823974609,0.03493189811706543,0.001,2.5
604,100.5235256405931,102.64422326741808,0.05792804378111358,0.05560901025964265,217.8651463494229,216.10065671990947,2.6409694593356083,2.8287574016928274,12.126638169664036,11.988230472424357,2.6409694593356083,2.8287574016928274,23.19932998324958,22.74247491638796,0.04652315378189087,0.029921233654022217,0.001,2.5
605,101.37329975684085,102.59093041563513,0.05790260125893844,0.05559531114621705,217.8660769055237,216.10172483514384,2.6743852297465005,2.82903978497687,12.196350503407132,11.976727109290286,2.6743852297465005,2.82903978497687,23.19932998324958,22.74247491638796,0.012141764163970947,0.029758095741271973,0.001,2.5
606,102.0356898731123,102.85873675904546,0.05790707350426184,0.055569122741652974,217.8672308738108,216.1027252299331,2.7008392135901267,2.826618987182311,12.249465491903488,12.037555809403742,2.7008392135901267,2.826618987182311,23.19932998324958,22.74247491638796,0.0012706518173217773,0.029717087745666504,0.001,2.5
607,101.30108717977501,102.5339506015331,0.05788092514877543,0.05556782487044765,217.86774369180702,216.10339876002692,2.6593715505584,2.82666853518789,12.226953231709286,11.97244969817707,2.6593715505584,2.82666853518789,23.115577889447238,22.74247491638796,0.03936731815338135,0.03570133447647095,0.001,2.5
608,102.11684884178379,102.47481006124745,0.05790176920255824,0.05558747387051981,217.86864337250216,216.1046499296973,2.6886032070945856,2.826336327205135,12.302406136913715,11.961615565628511,2.6886032070945856,2.826336327205135,23.366834170854272,22.74247491638796,0.024532437324523926,0.035502612590789795,0.001,2.5
609,101.07157379099273,102.41407566644675,0.05790750739762132,0.055524435529740755,217.8696315643975,216.10521450489261,2.6957461171014425,2.8156307453295857,12.071920848571676,11.981596637330327,2.6957461171014425,2.8156307453295857,23.283082077051926,22.74247491638796,-0.0029556751251220703,0.03964793682098389,0.001,2.5
610,101.29348515905127,102.60956619415794,0.05789786904201635,0.05554586119426533,217.87007320027055,216.10546956652382,2.7174173224112095,2.8308750091986514,12.051291422628278,11.974957816975571,2.7174173224112095,2.8308750091986514,23.366834170854272,22.74247491638796,0.02172708511352539,0.03279769420623779,0.001,2.5
611,101.64571312883591,102.52243286949336,0.05791580690760509,0.05555300780861673,217.87067867004293,216.10614743440047,2.70346811069316,2.8405212199807566,12.163580768272105,11.928590873412066,2.70346811069316,2.8405212199807566,23.283082077051926,22.74247491638796,0.01119685173034668,0.027706623077392578,0.001,2.5
612,101.51905002306454,102.31404547547815,0.05789248526745306,0.05558599414534393,217.870799487959,216.10578122346297,2.7005641831824527,2.8293523708713493,12.146964486919256,11.92041389120861,2.7005641831824527,2.8293523708713493,23.115577889447238,22.74247491638796,0.022475004196166992,0.03628820180892944,0.001,2.5
613,100.9085751122965,102.19586819549866,0.05790421266851313,0.055529112475970914,217.87067918122514,216.10594258898476,2.649931342158485,2.8241186189810965,12.176765956271634,11.912491052047066,2.649931342158485,2.8241186189810965,23.450586264656618,22.74247491638796,0.026768803596496582,0.04027217626571655,0.001,2.5
614,101.62123056791935,102.73935778563637,0.05794163300988063,0.055610315020766146,217.8706680374529,216.1057856633113,2.662594369508114,2.8320462065795593,12.281300522374547,11.997389812533273,2.662594369508114,2.8320462065795593,23.115577889447238,22.74247491638796,0.03342181444168091,0.03144413232803345,0.001,2.5
615,102.21650092605769,102.57842974200297,0.05789163004812883,0.05556576064846986,217.87049768598035,216.1056635929988,2.729775641631441,2.830836331963938,12.198821102953836,11.968843016736084,2.729775641631441,2.830836331963938,23.283082077051926,22.74247491638796,-0.015127420425415039,0.027299344539642334,0.001,2.5
616,101.44004967464275,102.52959158906968,0.057927702920171284,0.05558245630318106,217.8703399607085,216.10554805487692,2.666212624241559,2.83993043787902,12.234212391340552,11.931789595945224,2.666212624241559,2.83993043787902,23.03182579564489,23.411371237458194,0.018235206604003906,0.023640453815460205,0.001,2.5
617,101.71968528453628,102.31995335709689,0.05789859051905086,0.05555924068027515,217.8702778520696,216.10547609871446,2.7219140697364232,2.823251035301183,12.123041363816764,11.939904863619086,2.7219140697364232,2.823251035301183,23.283082077051926,22.74247491638796,-0.004665970802307129,0.036638736724853516,0.001,2.5
618,101.52313778108888,102.2645977875062,0.0578911010756265,0.05561421724366504,217.87043412047214,216.10586629503945,2.738349958879864,2.814721979823798,12.034425160393644,11.954408703041715,2.738349958879864,2.814721979823798,23.283082077051926,22.74247491638796,-0.018226265907287598,0.03934276103973389,0.001,2.5
619,101.29743770938023,102.302584798041,0.057898815802393644,0.0555807997326189,217.87075854226373,216.1063960148738,2.7241101808084713,2.819066519721296,12.032002849994193,11.948980063499016,2.7241101808084713,2.819066519721296,23.283082077051926,22.74247491638796,0.015142619609832764,0.040788233280181885,0.001,2.5
620,101.49665525810204,102.60872162783824,0.057901651971354155,0.05558895800624005,217.87110612060957,216.10618667857702,2.6892068242307885,2.8217758972907943,12.176555906707916,12.002077992544525,2.6892068242307885,2.8217758972907943,23.366834170854272,22.74247491638796,0.029384851455688477,0.04148745536804199,0.001,2.5
621,102.47221106141056,102.54829396531733,0.05788974441475605,0.05557563874783324,217.87087634420476,216.10598397653638,2.7194546159587714,2.833828327249125,12.28092627788908,11.953837372387532,2.7194546159587714,2.833828327249125,23.366834170854272,22.74247491638796,0.004844188690185547,0.033375084400177,0.001,2.5
622,101.61177795256802,102.62350997159314,0.057915118440261835,0.0554848151237869,217.87073467005436,216.10573983591138,2.6926984395613425,2.831247604012888,12.189102952404438,11.976641262654079,2.6926984395613425,2.831247604012888,23.450586264656618,22.74247491638796,0.011297285556793213,0.02771162986755371,0.001,2.5
623,101.63661482665607,102.32409724104764,0.05789263746771381,0.055582167512198355,217.87041812046888,216.10534096402068,2.708836401327571,2.8263077624266764,12.145661106461057,11.931558727021999,2.708836401327571,2.8263077624266764,23.283082077051926,22.74247491638796,0.010896682739257812,0.03589719533920288,0.001,2.5
624,101.12875064613432,102.5729099643669,0.0579086705056367,0.0555871319785764,217.87001612677645,216.10496158663645,2.7191005619726387,2.8247422294871862,12.01329287651995,11.98601690821823,2.7191005619726387,2.8247422294871862,23.19932998324958,22.74247491638796,-0.002901434898376465,0.03699171543121338,0.001,2.5
625,101.7442363183103,102.38545020368187,0.05789211215810161,0.05560479675696845,217.869553149046,216.10451265162848,2.683872181366836,2.8176715581313423,12.242078634163043,11.96973243445457,2.683872181366836,2.8176715581313423,23.19932998324958,22.74247491638796,0.006668031215667725,0.04001283645629883,0.001,2.5
626,101.27646909167419,102.55600197578353,0.057908893966894456,0.05555579514806486,217.86936649086087,216.10455837696293,2.6853118002714225,2.8259889736622075,12.144203222776378,11.97890140380349,2.6853118002714225,2.8259889736622075,23.283082077051926,22.74247491638796,0.003727257251739502,0.03756600618362427,0.001,2.5
627,102.50790499842147,102.59780779171948,0.05792957349638244,0.05556070905515183,217.86958737269518,216.10488100594102,2.7242072191669715,2.8293353179625442,12.273798814770364,11.977223211307589,2.7242072191669715,2.8293353179625442,23.03182579564489,22.74247491638796,-0.0160750150680542,0.035800814628601074,0.001,2.5
628,101.30822943043668,102.40612374500287,0.05791309303674266,0.055538012643023875,217.86975884876858,216.10506411140977,2.675769383384155,2.824186148053428,12.179181210759097,11.954338092867745,2.675769383384155,2.824186148053428,23.19932998324958,22.74247491638796,0.013273894786834717,0.045213401317596436,0.001,2.5
629,101.50842632760155,102.4692040382819,0.05789831259492254,0.0555554447215935,217.86982775613092,216.1049071857363,2.706512697178315,2.824753766075823,12.126993465263839,11.965246647097993,2.706512697178315,2.824753766075823,23.115577889447238,22.74247491638796,-0.00015246868133544922,0.041866838932037354,0.001,2.5
630,101.44406102370577,102.22731066547509,0.05788365279759594,0.05554466455377464,217.86964776887368,216.10469136828164,2.6508794150360466,2.8243652809423745,12.281023507940908,11.91803654061512,2.6508794150360466,2.8243652809423745,23.366834170854272,22.74247491638796,0.030899763107299805,0.03893011808395386,0.001,2.5
631,101.08183652791546,102.31829446135556,0.05791049610380351,0.05554402612124797,217.869441583528,216.10447993964254,2.6559876105693516,2.82369815067304,12.19324808424242,11.938234890583766,2.6559876105693516,2.82369815067304,23.283082077051926,22.74247491638796,0.03157603740692139,0.04215723276138306,0.001,2.5
632,102.19683124791437,102.20284653985779,0.05786539599848552,0.055552090253419305,217.86925962821923,216.1041812450192,2.699177982419779,2.8185661189930893,12.286685512293523,11.930540008289759,2.699177982419779,2.8185661189930893,23.19932998324958,22.74247491638796,0.011827349662780762,0.043670713901519775,0.001,2.5
633,101.07837202880451,102.27415828641043,0.05790979515642577,0.05559082833869401,217.86902609462516,216.10409622447546,2.679879451716565,2.814694812066579,12.120879916090463,11.956408207233135,2.679879451716565,2.814694812066579,23.19932998324958,22.74247491638796,0.03280830383300781,0.0392841100692749,0.001,2.5
634,101.03827351581312,102.22832358880187,0.05788346432411491,0.05557919982633862,217.8689034364531,216.10409622447546,2.6816576541568367,2.8246080739841015,12.107531482051165,11.917503797090971,2.6816576541568367,2.8246080739841015,23.115577889447238,22.74247491638796,0.018237829208374023,0.030624985694885254,0.001,2.5
635,101.88097699802725,102.4356538906544,0.05788052296094359,0.055573378829752725,217.86895698278994,216.10423360460976,2.685151398481436,2.8234021583927116,12.265590881782162,11.962588976856857,2.685151398481436,2.8234021583927116,23.366834170854272,22.74247491638796,0.021415412425994873,0.031996846199035645,0.001,2.5
636,101.8592335047634,102.44966717468057,0.05792539053825877,0.055580317911794755,217.8694468487048,216.10508585135673,2.7210960328279428,2.830300946698141,12.153399601653593,11.944692799877561,2.7210960328279428,2.830300946698141,23.115577889447238,22.74247491638796,0.0046027302742004395,0.029036223888397217,0.001,2.5
637,101.44403193743784,102.49226272225779,0.05789016179702989,0.05553260449332537,217.86994302771998,216.10488748709892,2.7272650420765583,2.825417263452026,12.051859264597422,11.967873439342283,2.7272650420765583,2.825417263452026,23.115577889447238,22.74247491638796,-0.0005178451538085938,0.029133141040802002,0.001,2.5
638,101.21121484190975,102.20832518510595,0.05790047887931118,0.055571687909273,217.86971268901473,216.10479593436455,2.7015653603040994,2.8194249146758112,12.082392876272026,11.929055054450913,2.7015653603040994,2.8194249146758112,23.115577889447238,22.74247491638796,0.022103726863861084,0.04072660207748413,0.001,2.5
639,101.28901179072446,102.21928505275561,0.05786619609973738,0.05556490347038543,217.86968137910418,216.1048285953177,2.7239627718326433,2.828044609879969,12.030766894469908,11.905388726837261,2.7239627718326433,2.828044609879969,23.19932998324958,22.74247491638796,-0.02572941780090332,0.03506582975387573,0.001,2.5
640,100.78499109980649,102.13919118415552,0.05786697006155698,0.05552964529215691,217.86943424806324,216.1044297744598,2.65616167210654,2.821727448083884,12.133366257301727,11.908329775500857,2.65616167210654,2.821727448083884,23.283082077051926,23.076923076923077,0.028376221656799316,0.034512996673583984,0.001,2.5
641,102.00425776444887,102.40831121234191,0.057930371463548395,0.055533967064973905,217.86988774336362,216.1066466366567,2.70019199181242,2.8244471725412836,12.24511610922502,11.953991969692268,2.70019199181242,2.8244471725412836,23.283082077051926,23.076923076923077,-0.01668095588684082,0.029676854610443115,0.001,2.5
642,101.32877558160267,102.503765093443,0.057910666843155524,0.05551023726479266,217.87169937312703,216.10725489587688,2.6832940550505415,2.825149572812594,12.160716777271162,11.970980500696495,2.6832940550505415,2.825149572812594,23.115577889447238,22.74247491638796,0.023080945014953613,0.03294980525970459,0.001,2.5
643,101.10656227099037,102.69944599878828,0.0578880451582185,0.05555622934996085,217.8725933285814,216.10794149035195,2.689767093514677,2.836356950842816,12.096858840891265,11.976485549008169,2.689767093514677,2.836356950842816,23.19932998324958,22.74247491638796,0.017792344093322754,0.024097561836242676,0.001,2.5
644,101.05321342941106,102.58500834691485,0.05789890931529216,0.055630390124277125,217.872777788683,216.10788264960348,2.6848959467518867,2.831651504223163,12.100800785786742,11.967699251844731,2.6848959467518867,2.831651504223163,23.19932998324958,22.74247491638796,0.008645057678222656,0.033219218254089355,0.001,2.5
645,101.15745674785057,102.38496271343934,0.057891008854411556,0.05557519442909537,217.8727199995338,216.10775843591594,2.7022339710638152,2.834457278650341,12.069636921587103,11.9192832991431,2.7022339710638152,2.834457278650341,23.283082077051926,22.74247491638796,0.01494365930557251,0.03165823221206665,0.001,2.5
646,102.07022416771356,102.4614260364137,0.057885240919426255,0.05554143820319287,217.87254175029608,216.10740314598468,2.7068909312812126,2.8273244334702508,12.238220069476307,11.955983353299041,2.7068909312812126,2.8273244334702508,23.366834170854272,22.74247491638796,0.013490080833435059,0.03750580549240112,0.001,2.5
647,101.03415847343815,102.37443522067373,0.057910460067703895,0.05556630303329449,217.8720065425189,216.1071088401769,2.671136075328143,2.8285582304798242,12.138267109741518,11.934877781564975,2.671136075328143,2.8285582304798242,23.115577889447238,22.74247491638796,0.03931713104248047,0.03122091293334961,0.001,2.5
648,101.17420374169022,102.5610130335575,0.05791092693955455,0.055598797930722255,217.87201983325645,216.10726142806752,2.6814546337479124,2.830924341112475,12.135320401471263,11.965088847488863,2.6814546337479124,2.830924341112475,23.19932998324958,22.74247491638796,0.024513602256774902,0.03383970260620117,0.001,2.5
649,100.77638188398863,101.9915242274868,0.05789387463225392,0.05561328786472015,217.87212449781458,216.1073856927878,2.6822322041944444,2.8161120008066747,12.053426415077606,11.895624983669524,2.6822322041944444,2.8161120008066747,23.19932998324958,22.74247491638796,0.012524008750915527,0.03963249921798706,0.001,2.5
650,99.73354595190716,102.2235102318601,0.05789940816723122,0.05558454881992229,217.8724106576175,216.10776057929098,2.6396539866225406,2.8289070209133187,11.972592558293686,11.903642804327617,2.6396539866225406,2.8289070209133187,23.19932998324958,22.74247491638796,0.044569194316864014,0.030885636806488037,0.001,2.5
651,100.71419091919559,102.27064850976235,0.057918528029367554,0.05557051833008843,217.87268536693887,216.1078193690067,2.649095790869427,2.829747380221568,12.140392884936565,11.910551096683362,2.649095790869427,2.829747380221568,23.115577889447238,22.74247491638796,0.026904523372650146,0.03450310230255127,0.001,2.5
652,101.05900521334291,102.49612921775385,0.05789110194922891,0.05553682905973798,217.8725751049355,216.10776057929098,2.6913066058102966,2.8242994319635093,12.082728668672955,11.971998910042753,2.6913066058102966,2.8242994319635093,23.366834170854272,22.74247491638796,0.022323250770568848,0.03070920705795288,0.001,2.5
653,101.41379106224481,102.6228237598636,0.057893126965867014,0.05552510482361883,217.8726113221953,216.10793715256912,2.6906706056802516,2.827221525951373,12.155593247469545,11.988573913191473,2.6906706056802516,2.827221525951373,23.19932998324958,22.74247491638796,0.006252467632293701,0.029979050159454346,0.001,2.5
654,101.06740742592356,102.968709275874,0.057904377080487644,0.05564089453339975,217.87270844681578,216.10803528852685,2.676044113072918,2.836777920707014,12.130193384448487,12.029058485126814,2.676044113072918,2.836777920707014,22.948073701842546,22.74247491638796,0.043087124824523926,0.025092780590057373,0.001,2.5
655,101.52869930299283,102.52671068886849,0.05788421308250483,0.05556190842419963,217.87273035097363,216.10783911867685,2.7031761821190914,2.8265351858426095,12.141060011271056,11.971402901869554,2.7031761821190914,2.8265351858426095,23.115577889447238,22.74247491638796,-0.0007399320602416992,0.03098738193511963,0.001,2.5
656,101.49013735261595,102.08331385583782,0.057885872521492306,0.055517853278180825,217.8725691752218,216.1077408806536,2.71484562020805,2.8192538640969573,12.098338772503775,11.904575823142777,2.71484562020805,2.8192538640969573,23.115577889447238,22.74247491638796,-0.011978507041931152,0.03915762901306152,0.001,2.5
657,101.81633688257368,102.1450163417038,0.05790099309417271,0.05557642222995742,217.87258177586335,216.1078651453739,2.7376417263069346,2.8241529703937647,12.095187303808267,11.902207616978266,2.7376417263069346,2.8241529703937647,23.03182579564489,22.74247491638796,-0.017032265663146973,0.04324287176132202,0.001,2.5
658,100.10039286397809,102.11923480592046,0.05792757564877945,0.05560719618031811,217.8726362678873,216.10785861318325,2.6575009151918803,2.8293700872057657,11.992415779599392,11.88139379303591,2.6575009151918803,2.8293700872057657,23.283082077051926,22.74247491638796,0.04260265827178955,0.04018348455429077,0.001,2.5
659,100.1081091850447,102.46362263861309,0.05791023084067021,0.05553708371260892,217.87267478546704,216.10793062037848,2.664187687725278,2.8254892060589234,11.973902665590321,11.961928469680224,2.664187687725278,2.8254892060589234,23.366834170854272,22.74247491638796,0.02675473690032959,0.03164130449295044,0.001,2.5
660,101.40173191600908,102.55685080333697,0.05788313362816071,0.05562458349310834,217.8726609835473,216.10813332241912,2.686519243809047,2.828675100237231,12.165637447606379,11.970997791226493,2.686519243809047,2.828675100237231,23.19932998324958,22.74247491638796,0.0196077823638916,0.034868478775024414,0.001,2.5
661,101.3618109110412,102.2212172288161,0.05790095914223885,0.055574700174024674,217.87338714344017,216.10900975868455,2.6525208023524964,2.8377358052244155,12.259644998777253,11.876698723604846,2.6525208023524964,2.8377358052244155,23.283082077051926,22.74247491638796,0.03416275978088379,0.032562851905822754,0.001,2.5
662,101.10394869857097,102.48244504386366,0.057890322776994914,0.05556957236799508,217.8737944023094,216.10897694463316,2.710521728748852,2.833082597789956,12.034071813676025,11.942905524901324,2.710521728748852,2.833082597789956,23.450586264656618,22.74247491638796,-0.004781246185302734,0.029953300952911377,0.001,2.5
663,101.09876334287813,102.17452375226993,0.057892152668293596,0.05555478019957558,217.87379458122317,216.10906206724238,2.6811827063760165,2.819910887491743,12.121051066285203,11.920839223574635,2.6811827063760165,2.819910887491743,23.450586264656618,22.74247491638796,0.016070246696472168,0.04001760482788086,0.001,2.5
664,101.21908663904647,102.12760670129272,0.05787875193796765,0.055560168414610284,217.8738485620649,216.10895959350177,2.697350693308129,2.8332925097998167,12.096615066081036,11.87130998528522,2.697350693308129,2.8332925097998167,23.115577889447238,22.74247491638796,0.0020627379417419434,0.03440040349960327,0.001,2.5
665,102.18082481652648,102.10120450533353,0.057883751645709206,0.055563596840387204,217.87402037040673,216.10929094907831,2.7359467207686587,2.826953453363782,12.17317312806096,11.885046062660855,2.7359467207686587,2.826953453363782,23.115577889447238,22.74247491638796,-0.009779095649719238,0.032496869564056396,0.001,2.5
666,101.77270100144685,102.18127839461617,0.05790231642087101,0.0555536808277851,217.87402934165456,216.1093389198533,2.6795529616338323,2.8258757830463526,12.260726070883287,11.904295921325684,2.6795529616338323,2.8258757830463526,23.03182579564489,22.74247491638796,0.019817829132080078,0.02990943193435669,0.001,2.5
667,100.91812161904085,102.22097441504233,0.05790689654361263,0.05549877343767862,217.87414231292368,216.1093039113941,2.7070581952930497,2.825104589047639,12.007293621299654,11.914559711979384,2.7070581952930497,2.825104589047639,23.19932998324958,22.74247491638796,0.0009936094284057617,0.031709909439086914,0.001,2.5
668,101.15692320141561,102.28551432121557,0.05788753654689246,0.05554975276457825,217.87387907964302,216.10897031037703,2.7142906037207624,2.82638451167971,12.033360292763765,11.923616989799168,2.7142906037207624,2.82638451167971,23.283082077051926,23.076923076923077,0.006602942943572998,0.030228614807128906,0.001,2.5
669,102.03013371862158,102.2327155684149,0.05788172805803505,0.05558684590369164,217.87367511793997,216.10876332158628,2.723006233298399,2.826944407810734,12.181857057951603,11.911370574032583,2.723006233298399,2.826944407810734,23.283082077051926,22.74247491638796,-0.017882108688354492,0.026562988758087158,0.001,2.5
670,102.63924043741657,102.11896476618024,0.0579142194846567,0.05560295324909647,217.87349755879822,216.10847774237692,2.7278678852509413,2.8299538834039186,12.28908673962157,11.879589109516463,2.7278678852509413,2.8299538834039186,23.283082077051926,22.74247491638796,-0.006432175636291504,0.029284417629241943,0.001,2.5
671,101.64697200449268,102.05844606125235,0.057888198119761355,0.0555673636944597,217.87334146930945,216.10858450286764,2.6929153729124087,2.8173854111827734,12.195495829110968,11.905198275843592,2.6929153729124087,2.8173854111827734,23.283082077051926,22.74247491638796,-0.0020215511322021484,0.0364951491355896,0.001,2.5
672,101.33871884242174,102.11179869788945,0.05792885238750895,0.0555423047131918,217.87331205077308,216.1084123184051,2.663917632158877,2.822489292725273,12.22083016176719,11.900561112623949,2.663917632158877,2.822489292725273,23.450586264656618,22.74247491638796,0.02493959665298462,0.03767484426498413,0.001,2.5
673,100.4685693993241,101.8546360487922,0.0578924497617549,0.05555067633755231,217.8731167024903,216.108333830052,2.666051022371455,2.8238437478757623,12.040407739891679,11.845064357770326,2.666051022371455,2.8238437478757623,23.19932998324958,22.74247491638796,0.031031429767608643,0.04081660509109497,0.001,2.5
674,100.37350589106829,101.97848998104848,0.05791980186648904,0.05562222015150016,217.87319084947035,216.1084013973989,2.6429896674164177,2.815200087218779,12.090574039286704,11.895751034535692,2.6429896674164177,2.815200087218779,23.19932998324958,22.74247491638796,0.04270374774932861,0.04174447059631348,0.001,2.5
675,101.61656296313109,102.05989641170437,0.05790431536047702,0.055574051911216914,217.87341124568152,216.10865860240514,2.6908472139432003,2.828107386528449,12.195615500061955,11.873320471084238,2.6908472139432003,2.828107386528449,23.283082077051926,22.74247491638796,0.02764415740966797,0.03848642110824585,0.001,2.5
676,100.52191588946523,102.32147783260281,0.057880493508062174,0.05557586605283728,217.87308135424027,216.1079829289363,2.694127534502116,2.8275663605501817,11.966849638589064,11.927259518549992,2.694127534502116,2.8275663605501817,23.283082077051926,22.74247491638796,0.007704257965087891,0.031096816062927246,0.001,2.5
677,101.16331458930394,102.44748988837303,0.05791652034749737,0.05554605260441534,217.87261052986287,216.10755996959264,2.683369765928642,2.8297400059907334,12.127396013269472,11.945946974100476,2.683369765928642,2.8297400059907334,23.115577889447238,22.74247491638796,0.020779073238372803,0.035131871700286865,0.001,2.5
678,100.99561879782621,102.16812991139084,0.05789847790545954,0.05551363942665001,217.87195419746027,216.10705198970527,2.7142697658570767,2.8279550482198146,12.001160300556739,11.895436928025058,2.7142697658570767,2.8279550482198146,23.19932998324958,23.076923076923077,0.02199423313140869,0.03870892524719238,0.001,2.5
679,101.09541877989393,102.21011168821201,0.057920663400710726,0.055545543012112675,217.87176431882722,216.10706285967873,2.656066937662249,2.824595614021837,12.195725033630678,11.913904429279443,2.656066937662249,2.824595614021837,23.366834170854272,22.74247491638796,0.030037999153137207,0.04189586639404297,0.001,2.5
680,101.74644232515115,101.97622165233395,0.0579053212574978,0.05551474475392131,217.87161244659168,216.106807900113,2.690265814862659,2.820882939176017,12.223335647902497,11.878270857310214,2.690265814862659,2.820882939176017,23.283082077051926,22.74247491638796,0.018507838249206543,0.03946191072463989,0.001,2.5
681,101.11967161552391,102.30482416567595,0.0578835928060701,0.0556279642252021,217.87164613349952,216.10705857292865,2.6767345720799125,2.830432835231258,12.138579344629642,11.915319002591646,2.6767345720799125,2.830432835231258,23.450586264656618,22.74247491638796,0.02142786979675293,0.034327805042266846,0.001,2.5
682,100.68837437717559,102.11466551305459,0.057902051563338816,0.055580121194040495,217.87203925818056,216.10762325018942,2.6523450039938665,2.8242797891431826,12.125484867511283,11.895756498228348,2.6523450039938665,2.8242797891431826,23.115577889447238,22.74247491638796,0.023175358772277832,0.03868204355239868,0.001,2.5
683,101.45309597762984,102.4403002174403,0.05791957390617885,0.055596534835554684,217.87269063211565,216.10823788850203,2.7095785204888987,2.8375157975034173,12.106725507445471,11.921171609374591,2.7095785204888987,2.8375157975034173,23.366834170854272,22.74247491638796,0.003219127655029297,0.036444664001464844,0.001,2.5
684,100.73400432899768,102.26197707772654,0.05788934771813939,0.05554738842623688,217.87304212100543,216.1084472247988,2.670390518067071,2.825240523520122,12.080476994091143,11.922342243003207,2.670390518067071,2.825240523520122,23.366834170854272,22.74247491638796,0.024805843830108643,0.039888739585876465,0.001,2.5
685,100.64207144119032,102.21145137416877,0.05791221361863154,0.05553814437377413,217.87325237024967,216.10847335356135,2.679869901794485,2.8279189824260595,12.033647939787437,11.904204154891712,2.679869901794485,2.8279189824260595,23.450586264656618,22.74247491638796,0.029475748538970947,0.04242837429046631,0.001,2.5
686,101.26474919151421,102.0923888037436,0.057928613482208506,0.05556053738031898,217.8732336865398,216.10835357972212,2.70444273788925,2.828113148443675,12.08446101567254,11.879803960538629,2.70444273788925,2.828113148443675,23.115577889447238,22.74247491638796,0.008379697799682617,0.04409736394882202,0.001,2.5
687,100.74497303411589,101.81126993236734,0.057867319864443996,0.05556624892314142,217.87326760347963,216.1083884350831,2.670398069985548,2.8264150356369275,12.082652227762756,11.828673863490689,2.670398069985548,2.8264150356369275,23.283082077051926,22.74247491638796,0.03807097673416138,0.04908543825149536,0.001,2.5
688,101.14492802963385,101.96667013519185,0.05789775589178355,0.05557554042010403,217.87332488144662,216.10848657104083,2.699286450093715,2.8308078038652607,12.07597191329777,11.846574537730136,2.699286450093715,2.8308078038652607,23.19932998324958,22.74247491638796,0.016054868698120117,0.041292667388916016,0.001,2.5
689,101.33817862505889,102.14476990460552,0.05790478223232768,0.055547208989344315,217.87328976322857,216.10839496727374,2.7203160502403425,2.8325740772744883,12.051532346000224,11.87690067929169,2.7203160502403425,2.8325740772744883,23.19932998324958,22.74247491638796,0.011507570743560791,0.037425458431243896,0.001,2.5
690,100.87452756539861,102.1840896861609,0.05790408560304187,0.05556280856148455,217.87304143090944,216.10803309411907,2.6744755528480364,2.8283317240584256,12.096323486149211,11.897488498368789,2.6744755528480364,2.8283317240584256,23.19932998324958,22.74247491638796,0.05163562297821045,0.041872620582580566,0.001,2.5
691,101.84484446667746,102.18551732704393,0.05789140441534507,0.055603730700984844,217.87266103466553,216.1077017895753,2.735416213871047,2.8342490435443994,12.10756762423108,11.880013909228271,2.735416213871047,2.8342490435443994,23.115577889447238,22.74247491638796,-0.0007069110870361328,0.03699028491973877,0.001,2.5
692,101.15041743650708,102.07969160303224,0.057879917161348875,0.0555269355982243,217.87265748194915,216.1081116335049,2.7108625894415517,2.8292191570817824,12.042345221118511,11.873954355118665,2.7108625894415517,2.8292191570817824,23.115577889447238,23.076923076923077,8.761882781982422e-06,0.03956103324890137,0.001,2.5
693,101.17409583112503,102.40845099101497,0.05789176774658949,0.055557912097228414,217.87294801235998,216.10811158247216,2.6839814309898133,2.832291239480111,12.127721695444691,11.930483652197797,2.6839814309898133,2.832291239480111,23.283082077051926,22.74247491638796,0.03427916765213013,0.038110315799713135,0.001,2.5
694,101.14942978135305,102.05869678510072,0.05789576585668216,0.055559678819267246,217.87296424239526,216.1079546567987,2.6851714947315517,2.820808149101742,12.11921756910519,11.894981282211866,2.6851714947315517,2.820808149101742,23.19932998324958,22.74247491638796,0.03216463327407837,0.04187732934951782,0.001,2.5
695,101.29282389374035,102.42608162870376,0.05790574200938096,0.05557176788465235,217.87254791004173,216.10768867416127,2.708472105725926,2.8324689155438274,12.077992886554457,11.933473979350316,2.708472105725926,2.8324689155438274,23.19932998324958,22.74247491638796,0.014753401279449463,0.04144692420959473,0.001,2.5
696,100.66464067264218,102.0666895837688,0.057908111487451314,0.05554436888533292,217.87249352025427,216.10766254539874,2.6750051515984974,2.822488147678184,12.052756405355943,11.891543538275371,2.6750051515984974,2.822488147678184,23.115577889447238,22.74247491638796,0.017974257469177246,0.047461092472076416,0.001,2.5
697,100.93005928282362,101.98672077089648,0.05785788167611239,0.05553845247646239,217.87161743061827,216.10665107650502,2.652574975686257,2.8336876012808503,12.173141094508082,11.841952882084161,2.652574975686257,2.8336876012808503,23.115577889447238,23.076923076923077,0.031472980976104736,0.038549840450286865,0.001,2.5
698,101.15560115641685,101.77674498286933,0.05787966925794356,0.05556750864438389,217.87141783952313,216.10677100344247,2.6859954885102595,2.8282058757284414,12.11798328291032,11.81639619655035,2.6859954885102595,2.8282058757284414,23.19932998324958,22.74247491638796,0.019629180431365967,0.04773014783859253,0.001,2.5
699,101.9078295913773,101.98829030831124,0.05792134947188735,0.055591609951943455,217.87156150728416,216.10670338506284,2.7303142028437986,2.832474025196854,12.135464736964035,11.845896079787442,2.7303142028437986,2.832474025196854,23.283082077051926,22.74247491638796,0.006883502006530762,0.04379218816757202,0.001,2.5
700,101.01171324201165,102.04977274100517,0.05788875876659125,0.055578566414855396,217.87115279154563,216.1060144941145,2.660945902717373,2.831648388833904,12.164352872263846,11.860672507397705,2.660945902717373,2.831648388833904,23.19932998324958,22.74247491638796,0.04680931568145752,0.05226260423660278,0.001,2.5
701,100.50861748419015,101.89432987481057,0.05791172342783642,0.05553569077797558,217.87048061249445,216.105637515269,2.671380536240749,2.8346043725476218,12.032425452317025,11.82072454471652,2.671380536240749,2.8346043725476218,23.366834170854272,22.74247491638796,0.04901963472366333,0.04827207326889038,0.001,2.5
702,100.59672648623162,101.94595352223884,0.057906551913699915,0.05559262999623117,217.87027038880927,216.10553070374556,2.686310594804722,2.827883934097545,12.00525800906234,11.851199328700037,2.686310594804722,2.827883934097545,23.115577889447238,22.74247491638796,0.033223628997802734,0.0493474006652832,0.001,2.5
703,100.2973590767763,102.14508898680825,0.057907322724310796,0.055559461568809275,217.87024252937866,216.10565057965027,2.6236058144114125,2.8331687912893138,12.133499017712259,11.875178464679017,2.6236058144114125,2.8331687912893138,23.283082077051926,22.74247491638796,0.049626171588897705,0.042014122009277344,0.001,2.5
704,101.22950435363667,102.23087757327485,0.05790316599297963,0.05561935985118251,217.87051299588765,216.10602970187082,2.7101952522443966,2.8290226579111155,12.060160386103082,11.904762312720052,2.7101952522443966,2.8290226579111155,23.366834170854272,22.74247491638796,-0.0069162845611572266,0.0318339467048645,0.001,2.5
705,100.9963408938205,102.26692000679348,0.05789051976185947,0.05562702345858051,217.87085155186742,216.10618662754428,2.685117578586342,2.8396167699309895,12.088763056488293,11.880186725220952,2.685117578586342,2.8396167699309895,23.19932998324958,22.74247491638796,0.01785576343536377,0.025864779949188232,0.001,2.5
706,101.13328517741294,102.25723623830739,0.05792463893442098,0.05559679738753615,217.87095015891632,216.10628915231763,2.675588922883997,2.8281456953705755,12.144731339497781,11.912669739994318,2.675588922883997,2.8281456953705755,23.19932998324958,22.74247491638796,0.015844345092773438,0.02733975648880005,0.001,2.5
707,100.74022530151572,102.25891414374412,0.05789572276936304,0.055559445820424866,217.8710981206079,216.10646138781289,2.694838377698582,2.833740531800184,12.00837658957221,11.896227527222905,2.694838377698582,2.833740531800184,23.450586264656618,22.74247491638796,0.020818054676055908,0.027447223663330078,0.001,2.5
708,101.01827105804904,102.04367672719286,0.05790209085672744,0.055568479711694464,217.87121658708583,216.10671644944412,2.654761732123805,2.824028808536338,12.184214267698763,11.882313808071174,2.654761732123805,2.824028808536338,23.19932998324958,22.74247491638796,0.02848982810974121,0.03547823429107666,0.001,2.5
709,100.46471562217828,101.925782423753,0.057887769555376604,0.055553114421690586,217.87174405045246,216.10716329210976,2.6703037428895833,2.8170209417375034,12.026879738723014,11.879761699051363,2.6703037428895833,2.8170209417375034,23.115577889447238,22.74247491638796,0.022301852703094482,0.03735077381134033,0.001,2.5
710,100.63535235994425,102.14893348719364,0.05789239440032186,0.055619977190343034,217.8723043828354,216.10776491707384,2.6518059248101573,2.833618946298708,12.116499399220324,11.874584408508097,2.6518059248101573,2.833618946298708,23.366834170854272,22.74247491638796,0.03587418794631958,0.027695119380950928,0.001,2.5
711,100.77356371088842,102.11581727094874,0.057902007639857395,0.0555381787236917,217.87243514324553,216.10750771206756,2.692740036215215,2.8317510690976144,12.02133816251004,11.873580671074398,2.692740036215215,2.8317510690976144,23.283082077051926,22.74247491638796,0.013663530349731445,0.03488725423812866,0.001,2.5
712,100.10985078284489,102.15710112402671,0.05785704200691114,0.05558588236171665,217.87221185885483,216.10740957610983,2.6629664722199817,2.8291881020651215,11.977924682387156,11.88951773627546,2.6629664722199817,2.8291881020651215,23.19932998324958,22.74247491638796,0.030746757984161377,0.034829795360565186,0.001,2.5
713,101.10178320292053,102.27482793801605,0.05790870095692088,0.05558159151254689,217.8723128173419,216.10765591114261,2.710626175255831,2.830412804881067,12.033321811925227,11.909390315562986,2.710626175255831,2.830412804881067,23.366834170854272,22.74247491638796,0.008011341094970703,0.03774428367614746,0.001,2.5
714,100.91198641011863,102.1174359273751,0.05789451045257163,0.05557782520667765,217.8725482678693,216.108774140527,2.6718619640548424,2.830256072175144,12.111658179380587,11.878381180524029,2.6718619640548424,2.830256072175144,23.19932998324958,22.74247491638796,0.03298139572143555,0.03583943843841553,0.001,2.5
715,100.33318261125778,102.45550118640912,0.05788914592846155,0.05557638029240844,217.87375036396173,216.10942812508165,2.675686276737769,2.8349715076561357,11.984425442502326,11.93184919580568,2.675686276737769,2.8349715076561357,23.19932998324958,22.74247491638796,0.031300365924835205,0.038379669189453125,0.001,2.5
716,100.96809083053614,102.16818232201413,0.05788958841432479,0.05554600148446185,217.873959693078,216.10885487432066,2.706548373303821,2.8329839666551573,12.018820695541612,11.880353474696744,2.706548373303821,2.8329839666551573,23.19932998324958,22.74247491638796,0.0001398324966430664,0.03652244806289673,0.001,2.5
717,100.82087522215978,102.38608594403219,0.05791717874419749,0.0555424356465555,217.87353605081887,216.10874153060658,2.6960641091792428,2.8344811149265454,12.020824481893824,11.919443860899246,2.6960641091792428,2.8344811149265454,23.366834170854272,22.74247491638796,0.01043623685836792,0.03444164991378784,0.001,2.5
718,100.87615718873502,102.07283234357037,0.05787729707794573,0.055587408547118355,217.87364429365252,216.10864992683946,2.6658897747346506,2.8300833965224963,12.122411539406832,11.869977246160092,2.6658897747346506,2.8300833965224963,23.283082077051926,22.74247491638796,0.03993922472000122,0.0260317325592041,0.001,2.5
719,100.20959986394374,102.38073123179151,0.05789449238148167,0.05554336189825001,217.87360150770127,216.10922108525816,2.6475258284877095,2.8326790157369146,12.044188673572124,11.923778275582304,2.6475258284877095,2.8326790157369146,23.366834170854272,22.74247491638796,0.026549696922302246,0.02807408571243286,0.001,2.5
720,100.27945874084779,102.33163441941889,0.05789503165625248,0.05556937820436963,217.8742670669428,216.10936933536593,2.675800354237133,2.835064671111346,11.973336732567255,11.906797625946759,2.675800354237133,2.835064671111346,23.366834170854272,22.74247491638796,0.03762102127075195,0.028378605842590332,0.001,2.5
721,100.58369692446199,102.20748641100217,0.057867116053000565,0.05553502473593954,217.87413985924906,216.10960908717536,2.676509824430124,2.832656410625547,12.032061212625935,11.889199384478822,2.676509824430124,2.832656410625547,23.19932998324958,22.74247491638796,0.020638227462768555,0.028587162494659424,0.001,2.5
722,100.91437800166196,102.4460389510445,0.057892137916892815,0.05558190525923684,217.8744033225617,216.10961347599093,2.665093039747459,2.8427296888868145,12.132443559029992,11.906680279352194,2.665093039747459,2.8427296888868145,23.115577889447238,22.74247491638796,0.021014034748077393,0.027539432048797607,0.001,2.5
723,100.30939096422051,101.98604821042473,0.05788139699391983,0.055581421083630525,217.87443317560295,216.1096941077191,2.661113436697316,2.8192873814432917,12.023386685293124,11.88500885660433,2.661113436697316,2.8192873814432917,23.19932998324958,22.74247491638796,0.028404533863067627,0.035980820655822754,0.001,2.5
724,100.95688834901232,102.21670409747988,0.05790330976297708,0.05556196106417123,217.87432759091683,216.1095044700597,2.6942430924330925,2.8307571004465673,12.053492627551208,11.896735459267097,2.6942430924330925,2.8307571004465673,23.19932998324958,22.74247491638796,0.015161216259002686,0.034363746643066406,0.001,2.5
725,100.20010388756118,101.7855048801588,0.0578879341795117,0.05559127805225028,217.87431304778286,216.10963526697063,2.666589128312154,2.8235627360965894,11.985100798870452,11.832073080898528,2.666589128312154,2.8235627360965894,23.115577889447238,22.74247491638796,0.02467590570449829,0.04182678461074829,0.001,2.5
726,100.57466793859025,101.89099189987948,0.057861075610221926,0.05553416570143955,217.87457295837913,216.10992732733786,2.693212028324504,2.8302300590336524,11.98015039210743,11.83317984705386,2.693212028324504,2.8302300590336524,23.03182579564489,22.74247491638796,0.012209773063659668,0.044471919536590576,0.001,2.5
727,100.30334868822465,101.87463919853288,0.05790430226268081,0.055543371429511136,217.87472631304308,216.11005378646595,2.646652484459294,2.8301816616568676,12.065556527781526,11.830052283296617,2.646652484459294,2.8301816616568676,23.53433835845896,22.74247491638796,0.04062622785568237,0.046548545360565186,0.001,2.5
728,99.72458481269466,102.07752587564015,0.057879816790671404,0.05558393509391957,217.87485290731817,216.1100930306425,2.622536932403718,2.831598485991309,12.022155022101986,11.866371078236048,2.622536932403718,2.831598485991309,23.366834170854272,22.74247491638796,0.06110727787017822,0.0423731803894043,0.001,2.5
729,100.36177879601867,102.19377258709044,0.057911253872778345,0.055584563147961896,217.87476270921667,216.10979224367685,2.6692351064889674,2.8326284295340445,12.009493051461838,11.886530499793215,2.6692351064889674,2.8326284295340445,23.115577889447238,22.74247491638796,0.03229725360870361,0.03500866889953613,0.001,2.5
730,100.4872265021805,102.20149238611943,0.05788745377930365,0.05564342275959592,217.87440792320163,216.10936938639867,2.65087821894954,2.83280824737804,12.089658435265623,11.887522968560159,2.65087821894954,2.83280824737804,23.115577889447238,22.74247491638796,0.05328911542892456,0.024354994297027588,0.001,2.5
731,101.01021715224887,102.14396866508152,0.05791220529444853,0.055563057670027116,217.8739992585813,216.10919500752834,2.7171239860892498,2.831204099399988,11.995514067772845,11.880846524318326,2.7171239860892498,2.831204099399988,23.19932998324958,22.74247491638796,-0.009048819541931152,0.02757728099822998,0.001,2.5
732,100.24558082976732,102.15320166138103,0.05793582214981667,0.05547962802459165,217.87355008277063,216.10851275083613,2.676992741861136,2.8204079463729093,11.962975995624484,11.915099348112891,2.676992741861136,2.8204079463729093,23.115577889447238,22.74247491638796,0.023979127407073975,0.03322148323059082,0.001,2.5
733,101.04322035388532,102.12850342307202,0.05790556187880299,0.05557466184963351,217.8730077440016,216.10804176968475,2.703941393138176,2.830468909796265,12.041664681043258,11.879957565894493,2.703941393138176,2.830468909796265,23.366834170854272,22.74247491638796,0.002960801124572754,0.03164374828338623,0.001,2.5
734,101.13573761241919,102.06611184212674,0.05790422919207881,0.05557619825155041,217.8725629132397,216.1075317484878,2.692701195552321,2.8349073603001727,12.093888404181655,11.854163922593745,2.692701195552321,2.8349073603001727,23.115577889447238,22.74247491638796,0.015433847904205322,0.025870442390441895,0.001,2.5
735,100.77064302019538,101.9218908201492,0.05791228972812194,0.055608936812865696,217.8720312070607,216.107163445208,2.669813825057779,2.8350167569508122,12.089530291469453,11.824985357431265,2.669813825057779,2.8350167569508122,23.03182579564489,23.076923076923077,0.010269582271575928,0.015819847583770752,0.001,2.5
736,100.88181363717595,101.87802613937735,0.057924770043423425,0.055515692111441126,217.8718299801825,216.10714818641893,2.6645036306812537,2.8303410807580853,12.127692281700659,11.830257112764594,2.6645036306812537,2.8303410807580853,23.115577889447238,22.74247491638796,0.01393580436706543,0.024357259273529053,0.001,2.5
737,100.38146911314385,101.96103451323748,0.05787537451615086,0.05556681105574238,217.8718400760312,216.10711761780806,2.698295689507745,2.8341990083356365,11.926256865113224,11.83527476970966,2.698295689507745,2.8341990083356365,23.283082077051926,22.74247491638796,0.01589977741241455,0.027330398559570312,0.001,2.5
738,100.79503009227453,101.75183008506545,0.057870941820056795,0.05557109668452206,217.87167447855325,216.1067754432908,2.6835418346539215,2.8309005455029848,12.053231975740724,11.80332859064823,2.6835418346539215,2.8309005455029848,23.19932998324958,22.74247491638796,0.01489114761352539,0.030940353870391846,0.001,2.5
739,100.76567524921155,101.97216403922907,0.057898964820245605,0.05558758079507279,217.87142696412565,216.10656845450004,2.6939825476513835,2.8310872431981524,12.016032880275093,11.846833088724908,2.6939825476513835,2.8310872431981524,23.283082077051926,22.74247491638796,0.01466667652130127,0.032402753829956055,0.001,2.5
740,101.03587760478008,101.90394500426225,0.05789833006073083,0.05551198737876471,217.87128020371225,216.1065336501718,2.7080129618620754,2.83927288820911,12.027982480162551,11.80864685913392,2.7080129618620754,2.83927288820911,23.366834170854272,23.076923076923077,0.0029585957527160645,0.023156583309173584,0.001,2.5
741,100.36990118745584,101.90892100254429,0.0578953071966942,0.055558445997361754,217.87113875959386,216.10645730519374,2.6316314885764065,2.834436522678388,12.123932357609172,11.824141744785884,2.6316314885764065,2.834436522678388,23.19932998324958,22.74247491638796,0.0539783239364624,0.025505125522613525,0.001,2.5
742,99.73533934524511,101.73051919586284,0.0578785212070898,0.05556692166820816,217.87121495130273,216.10652053475778,2.662727562826083,2.8254756799908387,11.90373508255286,11.815341939894251,2.662727562826083,2.8254756799908387,23.19932998324958,22.74247491638796,0.034323692321777344,0.03323596715927124,0.001,2.5
743,100.73109908878703,101.79854979243964,0.05788468307436411,0.05551179122167287,217.87127304716125,216.10655977893433,2.700186550916739,2.8363542788004796,11.990509030008235,11.796323830467403,2.700186550916739,2.8363542788004796,23.283082077051926,22.74247491638796,0.02502906322479248,0.02669614553451538,0.001,2.5
744,99.71444311094045,101.93382722478248,0.05790347108614305,0.055589298079145394,217.87133272768466,216.10662515187343,2.6374034809706797,2.8363436767488817,11.975523463046331,11.823395859836335,2.6374034809706797,2.8363436767488817,23.19932998324958,22.74247491638796,0.045798540115356445,0.030000030994415283,0.001,2.5
745,100.93513286852557,102.13175744914689,0.05788420515144291,0.05559434072678304,217.87134489382132,216.1065793244735,2.707836417496903,2.8344759016132675,12.008365889889511,11.86858350058463,2.707836417496903,2.8344759016132675,23.19932998324958,22.74247491638796,-0.0006121397018432617,0.027537226676940918,0.001,2.5
746,99.91915448826163,101.45204203423847,0.05791705932898737,0.05554954449717815,217.87121518133475,216.1064225008655,2.67358416169133,2.830525426162924,11.907920484367128,11.74450128293755,2.67358416169133,2.830525426162924,23.283082077051926,22.74247491638796,0.015094101428985596,0.04102468490600586,0.001,2.5
747,100.59777401360236,101.71601740093934,0.05791873320113474,0.055525186543281264,217.87116109825658,216.10639203432012,2.682106067986544,2.8222213333665724,12.018078278456901,11.822212908180262,2.682106067986544,2.8222213333665724,23.283082077051926,22.74247491638796,0.024367570877075195,0.04015624523162842,0.001,2.5
748,99.96512337945015,102.03170541616586,0.05789139593516163,0.055591970707062496,217.87106029312415,216.10638550212948,2.6456404930383117,2.832829544775462,12.000950843644901,11.853512515192447,2.6456404930383117,2.832829544775462,23.19932998324958,22.74247491638796,0.030879735946655273,0.03608548641204834,0.001,2.5
749,101.2839132593305,102.10284694301643,0.05786075705110128,0.055595754480680895,217.87109947524078,216.1064378106873,2.723226691011208,2.8363419998449624,12.031956493754683,11.857202903084133,2.723226691011208,2.8363419998449624,23.19932998324958,23.076923076923077,0.01461493968963623,0.033706486225128174,0.001,2.5
750,100.80517956399838,101.82902940220657,0.05789711143528197,0.055548925488489526,217.8710074113242,216.10613482931385,2.699418801957838,2.8313420831559095,12.007626014338866,11.81744845017143,2.699418801957838,2.8313420831559095,23.283082077051926,22.74247491638796,0.03173333406448364,0.032018423080444336,0.001,2.5
751,100.41270068502506,101.9861214168893,0.057875015640278756,0.055551989707958736,217.87072158378973,216.1059517238451,2.7187343993578326,2.823056247322057,11.871187641393,11.87372392316327,2.7187343993578326,2.823056247322057,23.283082077051926,22.74247491638796,-0.002366781234741211,0.034889817237854004,0.001,2.5
752,101.41034352160379,102.17793457643643,0.057888979401121185,0.05560246947218343,217.87048766680897,216.10552662112642,2.7258195214135763,2.83906443302448,12.049458315224703,11.864051809279017,2.7258195214135763,2.83906443302448,23.450586264656618,22.74247491638796,-0.005526900291442871,0.039444923400878906,0.001,2.5
753,99.31211122036778,101.57978233924278,0.05789536818038279,0.05552709770441853,217.87050036968697,216.1060279667577,2.619055468433067,2.8264560332665076,11.950102737401199,11.782261468893708,2.619055468433067,2.8264560332665076,23.53433835845896,22.74247491638796,0.0737186074256897,0.05407071113586426,0.001,2.5
754,100.33605090577399,101.64530082370923,0.057876822805434616,0.05555571579564375,217.8709222228084,216.10609553410455,2.6841594038696543,2.824271478780536,11.959582189818722,11.80191280211892,2.6841594038696543,2.824271478780536,23.366834170854272,22.74247491638796,0.04269266128540039,0.05031555891036987,0.001,2.5
755,100.2743910337413,102.02831194313075,0.05791246541580763,0.05561254812672385,217.87105651037578,216.10678217961237,2.6810758625043296,2.836902079374894,11.956493626886877,11.840612370034922,2.6810758625043296,2.836902079374894,23.19932998324958,22.74247491638796,0.005465984344482422,0.03488236665725708,0.001,2.5
756,100.55862151997373,101.8012888726582,0.05790756500546058,0.05554949016276012,217.8715937628818,216.10715487170776,2.695920500523681,2.842163272525953,11.968806808318325,11.779436465489825,2.695920500523681,2.842163272525953,23.19932998324958,22.74247491638796,-0.0008236169815063477,0.03472566604614258,0.001,2.5
757,100.36901037577209,101.54357772367854,0.05790102476850027,0.055612081593295004,217.8718431686836,216.10725290560003,2.641833962307903,2.830327891984512,12.093145680387615,11.763388199949743,2.641833962307903,2.830327891984512,23.115577889447238,22.74247491638796,0.03702586889266968,0.03584599494934082,0.001,2.5
758,100.62356807638453,101.60227078338929,0.05789548189845716,0.055584181586037514,217.87200191631987,216.10743376562826,2.692277485002425,2.8377607562470195,11.992727984136073,11.752833841636429,2.692277485002425,2.8377607562470195,23.115577889447238,22.74247491638796,0.024681389331817627,0.037670671939849854,0.001,2.5
759,100.13803582375174,101.72685726510242,0.05788414499767661,0.05555578022198533,217.8721929195538,216.10737278150475,2.6799433474964034,2.826900624909927,11.932625987821288,11.810336875277619,2.6799433474964034,2.826900624909927,23.115577889447238,22.74247491638796,0.0035088062286376953,0.038840413093566895,0.001,2.5
760,100.21545606961402,101.58665022323761,0.05789259845512596,0.055568726851688975,217.87211567992142,216.10737058709697,2.6448229129989342,2.8261215080784314,12.053469609974616,11.784629515580908,2.6448229129989342,2.8261215080784314,23.283082077051926,22.74247491638796,0.023796796798706055,0.03716707229614258,0.001,2.5
761,100.49782399955507,101.6390576825094,0.05790341267958159,0.05554391231923598,217.87204572463554,216.107078475697,2.669681580621793,2.832857560951973,12.035365412982065,11.774908633535123,2.669681580621793,2.832857560951973,23.366834170854272,22.74247491638796,0.01940000057220459,0.03748804330825806,0.001,2.5
762,99.78610619268625,101.81155706807523,0.05791079243598272,0.05558743320380565,217.87123948804896,216.10650951168608,2.674141670591268,2.8358193536267233,11.879639320437432,11.800515417271235,2.674141670591268,2.8358193536267233,23.19932998324958,22.74247491638796,0.02494758367538452,0.04438376426696777,0.001,2.5
763,100.20485208022535,101.97399029683908,0.057902921789904534,0.055571839998298664,217.87112605671587,216.1064092323533,2.660858767715531,2.835884602173515,12.00323947510328,11.832807591926294,2.660858767715531,2.835884602173515,23.19932998324958,22.74247491638796,0.035275280475616455,0.04457521438598633,0.001,2.5
764,100.52323163414322,101.89333506810625,0.0579020224723784,0.05555133190143068,217.87041351982896,216.1049859292531,2.6731419243804573,2.8410798721887596,12.030065891131684,11.80109673120505,2.6731419243804573,2.8410798721887596,23.283082077051926,22.74247491638796,0.03734922409057617,0.03804701566696167,0.001,2.5
765,100.55145920541018,101.78187719236648,0.05790721610113604,0.055504603716342346,217.86936572408757,216.10448244024678,2.677836755212627,2.8269912510811284,12.021626897393359,11.821080006883296,2.677836755212627,2.8269912510811284,23.115577889447238,22.74247491638796,0.03699958324432373,0.037216901779174805,0.001,2.5
766,100.70069969598971,101.75357497097258,0.057895512137580755,0.05556149102971705,217.8688864396445,216.1041751210905,2.6910364404195914,2.8447268822520075,12.01187750402607,11.762201216707261,2.6910364404195914,2.8447268822520075,23.450586264656618,22.74247491638796,0.024055421352386475,0.027655303478240967,0.001,2.5
767,100.71218958971289,101.297541640674,0.057862114816454785,0.055559199938806,217.8689454045128,216.10424049402957,2.6665123431526836,2.8326609286177518,12.087754589828414,11.70719206054075,2.6665123431526836,2.8326609286177518,23.366834170854272,23.076923076923077,0.02832818031311035,0.03373140096664429,0.001,2.5
768,100.04234827702967,101.34113094878435,0.05786960814116988,0.055596401024123894,217.8688480243012,216.1042252352405,2.6545155707316184,2.8279994427161075,11.989775550625033,11.729888198367728,2.6545155707316184,2.8279994427161075,23.283082077051926,22.74247491638796,0.03561806678771973,0.03841465711593628,0.001,2.5
769,100.28825593114499,101.58581772616077,0.05788726719030783,0.05561921406649427,217.86889878469495,216.10438435532177,2.680650622401405,2.8399364876507915,11.960548241134465,11.743009076070626,2.680650622401405,2.8399364876507915,23.115577889447238,23.076923076923077,0.021922528743743896,0.02932506799697876,0.001,2.5
770,100.21080372361482,101.3433800891889,0.05786282428145608,0.05556070045832806,217.86905106587625,216.10450862004205,2.6670549443019693,2.829689376728989,11.985849715956492,11.72527569671937,2.6670549443019693,2.829689376728989,23.366834170854272,22.74247491638796,0.026176929473876953,0.04429548978805542,0.001,2.5
771,100.5647983646872,101.88506771330051,0.05790328290594283,0.05555146922634597,217.86907381348473,216.10434087542785,2.7186247104376404,2.831739432038272,11.901931301033876,11.827463854914127,2.7186247104376404,2.831739432038272,23.115577889447238,22.74247491638796,-0.0040509700775146484,0.03946506977081299,0.001,2.5
772,99.19423859562706,101.55457877474883,0.05789579391803973,0.055568578587626934,217.8690166377542,216.10462635257173,2.6479065973355342,2.8217635505574203,11.839975165362334,11.791291042315123,2.6479065973355342,2.8217635505574203,23.283082077051926,22.74247491638796,0.038548946380615234,0.040605247020721436,0.001,2.5
773,100.38606255817254,101.65589348528297,0.057868274212682265,0.0555690159541508,217.86958325767836,216.10519092776704,2.71898689501649,2.8336982344305235,11.865103887752872,11.775748335796854,2.71898689501649,2.8336982344305235,23.366834170854272,22.74247491638796,0.0031261444091796875,0.036760032176971436,0.001,2.5
774,100.56343385322609,101.79152240561801,0.057907313108444214,0.05555366353446425,217.86997198619235,216.10537622764357,2.7043012606239,2.825809333635413,11.94462717238383,11.82654457347449,2.7043012606239,2.825809333635413,23.283082077051926,22.74247491638796,0.014368951320648193,0.04046070575714111,0.001,2.5
775,99.82300901173348,101.61281675000653,0.057886113149037514,0.05560291083809923,217.8704459798995,216.1060801222173,2.6573173340840555,2.8314816417502717,11.937498608625914,11.773776883664338,2.6573173340840555,2.8314816417502717,23.115577889447238,22.74247491638796,0.029146254062652588,0.03080451488494873,0.001,2.5
776,100.81599732978859,101.8684404302999,0.057894892160666844,0.05556265668426469,217.8705076284744,216.10548518254205,2.694279654740888,2.8229475021362305,12.025207303876254,11.850512306825772,2.694279654740888,2.8229475021362305,23.115577889447238,22.74247491638796,0.01632171869277954,0.03341948986053467,0.001,2.5
777,100.62065027387098,101.7169048092437,0.057904524207614376,0.055588500206685786,217.86995110439895,216.105066612014,2.688919430801417,2.828128655219955,12.002216912593873,11.80465611167576,2.688919430801417,2.828128655219955,23.366834170854272,22.74247491638796,0.018098413944244385,0.0392460823059082,0.001,2.5
778,100.70381777969438,101.45496233171444,0.05789602051802616,0.05557185780244527,217.86942131515323,216.10460889937488,2.7131705667505313,2.8318034342698826,11.946098886742265,11.741246813515756,2.7131705667505313,2.8318034342698826,23.366834170854272,22.74247491638796,0.03259718418121338,0.04107522964477539,0.001,2.5
779,100.32275738228905,101.35086577552617,0.057896736210564674,0.05553107770988375,217.86916224800763,216.10436047199977,2.68197115821455,2.8305189170964984,11.96348468742179,11.72428947627345,2.68197115821455,2.8305189170964984,23.366834170854272,22.74247491638796,0.01644843816757202,0.0346904993057251,0.001,2.5
780,100.01930730107242,101.254522572393,0.05788228367541104,0.05553179519581157,217.86748045852636,216.10225904585926,2.6597369452018036,2.832733450127286,11.969500182262019,11.698377334951955,2.6597369452018036,2.832733450127286,23.366834170854272,22.74247491638796,0.04444509744644165,0.035320937633514404,0.001,2.5
781,99.22836919685504,101.50616161639874,0.05787241344076505,0.05553908897781851,217.86673842642574,216.10216978959815,2.651776247487795,2.826966348699104,11.835197381637803,11.76600476331934,2.651776247487795,2.826966348699104,23.19932998324958,22.74247491638796,0.033296048641204834,0.035427868366241455,0.001,2.5
782,100.58050698131773,101.27195744849368,0.057903633208031234,0.05554591657525321,217.86685944881472,216.1023724916388,2.6781784118320076,2.834719852460268,12.026412061311092,11.695903172062392,2.6781784118320076,2.834719852460268,23.283082077051926,23.076923076923077,0.02187049388885498,0.04050856828689575,0.001,2.5
783,100.39755844550716,101.53213036578634,0.05788317245978806,0.05558292926553898,217.86689748077137,216.1025555460748,2.685898412611816,2.8330701816839516,11.966666418104316,11.752878712172492,2.685898412611816,2.8330701816839516,23.115577889447238,22.74247491638796,0.02424800395965576,0.03529775142669678,0.001,2.5
784,100.09542389171607,101.54109255685455,0.057902087093997044,0.05555659688286558,217.86721446486175,216.10251630189825,2.6975751470281453,2.8285493930446663,11.871205454495684,11.768237688070954,2.6975751470281453,2.8285493930446663,23.115577889447238,22.74247491638796,0.021759390830993652,0.03531908988952637,0.001,2.5
785,100.72892855799178,101.5584976808682,0.05787797562366155,0.05553903096794684,217.8667102347267,216.1021434056719,2.690387048913007,2.8334843203375573,12.019475545515766,11.75691784504664,2.690387048913007,2.8334843203375573,23.19932998324958,22.74247491638796,0.01180344820022583,0.03425830602645874,0.001,2.5
786,100.50983597645208,101.51683815027958,0.05789682638505396,0.05554669342910167,217.86654162127368,216.10194085672947,2.669305400433053,2.8393657749711867,12.038898220413694,11.730940837923898,2.669305400433053,2.8393657749711867,23.115577889447238,22.74247491638796,0.030957579612731934,0.040650784969329834,0.001,2.5
787,99.91693641752055,101.47233346792368,0.05792083126341478,0.05554033858221909,217.86653484810935,216.10232013204822,2.679064395240004,2.831296062788437,11.891036393055364,11.746250707568931,2.679064395240004,2.831296062788437,23.283082077051926,22.74247491638796,0.02853947877883911,0.0408443808555603,0.001,2.5
788,100.29856662973886,101.62962234139842,0.0578978442441878,0.05557398560354143,217.86682113570782,216.1024052036247,2.6803882126033405,2.837160799415614,11.963395530854038,11.760107298758516,2.6803882126033405,2.837160799415614,23.03182579564489,22.74247491638796,0.011887967586517334,0.03433823585510254,0.001,2.5
789,99.99602627394786,101.58600960926069,0.05788933460786315,0.05559617095318526,217.86696523797372,216.1024837940433,2.6723508139950547,2.842553292628515,11.92700167836456,11.73520158684772,2.6723508139950547,2.842553292628515,23.366834170854272,22.74247491638796,0.02450275421142578,0.027079880237579346,0.001,2.5
790,100.02901858740316,101.77892114645661,0.05787558081112116,0.05551510164669923,217.86676219639867,216.10204991369343,2.6607949474149413,2.840797004093693,11.968270314598403,11.779070142918208,2.6607949474149413,2.840797004093693,23.03182579564489,22.74247491638796,0.041040003299713135,0.0326237678527832,0.001,2.5
791,100.36311979309798,101.69257265429034,0.057877823747881696,0.05558968624442716,217.86651112925466,216.10194529657778,2.683869060759169,2.83636776420185,11.965867739027269,11.775073025936267,2.683869060759169,2.83636776420185,23.283082077051926,23.076923076923077,0.03187304735183716,0.038752734661102295,0.001,2.5
792,99.25588894689103,101.58400718663448,0.057881355011083775,0.05551482429322989,217.8663696851363,216.1019191167825,2.683959285617873,2.8328762899673103,11.744150248005162,11.763849602893842,2.683959285617873,2.8328762899673103,23.366834170854272,22.74247491638796,0.0291365385055542,0.0382845401763916,0.001,2.5
793,100.01390080795416,101.53794894011125,0.057878782975813454,0.05555444448737795,217.86625303335526,216.10169242935436,2.676057070343938,2.8278522331977767,11.919460028260197,11.76970151754526,2.676057070343938,2.8278522331977767,23.19932998324958,22.74247491638796,0.015867292881011963,0.043630778789520264,0.001,2.5
794,99.35123889609997,101.30596729903715,0.057872357099649295,0.05552546826991748,217.8661406499457,216.10160735777788,2.649488189511962,2.832986516697351,11.8666352938168,11.707908094527331,2.649488189511962,2.832986516697351,23.19932998324958,22.74247491638796,0.0387876033782959,0.039785921573638916,0.001,2.5
795,99.52827744987142,101.17037739323135,0.0578617619871594,0.05557871552614065,217.86594949335708,216.1013043764044,2.6561579612431614,2.8264091828196345,11.882035872045673,11.700511941941686,2.6561579612431614,2.8264091828196345,23.19932998324958,22.74247491638796,0.0422511100769043,0.046005427837371826,0.001,2.5
796,100.1037897209027,101.269993785233,0.05789984564860063,0.05554836906218608,217.86575895018714,216.10123686009027,2.6870217239437393,2.8296801581430593,11.90453989421902,11.710628582881046,2.6870217239437393,2.8296801581430593,23.366834170854272,22.74247491638796,0.006994068622589111,0.038759827613830566,0.001,2.5
797,100.67537005502774,101.51091590294472,0.05787352825728693,0.05557112591372286,217.8657277169539,216.1012673776684,2.6933420702840016,2.830315845068482,11.999899904132887,11.756901001053112,2.6933420702840016,2.830315845068482,23.283082077051926,22.74247491638796,0.008842706680297852,0.03146177530288696,0.001,2.5
798,101.17187529392977,101.57240070866104,0.05788548851707073,0.0555859586491832,217.86562226006333,216.10085319595592,2.699837194215912,2.8296009641028568,12.07971328147492,11.771339891746292,2.699837194215912,2.8296009641028568,23.115577889447238,22.74247491638796,0.0004679560661315918,0.0294305682182312,0.001,2.5
799,100.54054578464834,101.60610321453184,0.05787883448091584,0.055579439540670864,217.86520656668762,216.10066126182326,2.700301750620805,2.822944350864576,11.952054827257218,11.798051346105876,2.700301750620805,2.822944350864576,23.115577889447238,22.74247491638796,0.005011081695556641,0.036043643951416016,0.001,2.5
800,99.98690457240221,101.84514977700734,0.05789390722386402,0.05554772575812595,217.86488871358748,216.10044549540135,2.689227773516222,2.8362295109292734,11.874545838565282,11.806011850618598,2.689227773516222,2.8362295109292734,23.283082077051926,22.74247491638796,0.021356046199798584,0.028143107891082764,0.001,2.5
