epoch,train_loss,val_loss,train_recon_loss,val_recon_loss,train_kl_loss,val_kl_loss,train_age_loss,val_age_loss,train_site_loss,val_site_loss,train_age_mae,val_age_mae,train_site_acc,val_site_acc,train_age_r2,val_age_r2,current_beta,current_grl_alpha
1,54.04539914666309,54.890988965496966,0.0023304799468673054,0.0019435041091937484,1.1321924064227284,1.7850660639861755,3.048140820945727,3.1350886000438676,1.6641895671186335,1.5725405272034099,3.048140820945727,3.1350886000438676,48.82747068676717,43.812709030100336,-0.18015480041503906,-0.18074369430541992,7.686158073360571e-06,0.0
2,50.84699208373001,55.29163877302189,0.00403253741755807,0.006643030825180055,6.902018877729099,14.570203876814317,2.922106637028194,3.2155435260721674,1.4022592212287226,1.410341988040452,2.922106637028194,3.2155435260721674,50.083752093802346,37.45819397993311,-0.1388852596282959,-0.25068914890289307,9.154408582006738e-06,0.025
3,51.78889554788918,50.739304379874646,0.009035058186968268,0.012522043320770846,20.22331415109299,30.742037604086374,2.9263106091337985,2.9186470819556196,1.5769960223330526,1.389347986632765,2.9263106091337985,2.9186470819556196,46.6499162479062,43.47826086956522,-0.10511898994445801,-0.1281752586364746,1.0941850065037413e-05,0.05
4,52.40402938612741,56.59267171649231,0.010614053251836418,0.005810926808511533,34.72230359178093,31.207186925371357,2.9160783322811925,2.9886750608782306,1.7303569272934292,2.3512647646326683,2.9160783322811925,2.9886750608782306,39.44723618090452,44.14715719063545,-0.13563168048858643,-0.004663348197937012,1.3116306549289961e-05,0.075
5,52.8327300296956,58.07004212854698,0.007685133193617989,0.012628570177209218,44.22718452568629,66.54616875792028,2.8566318604614667,2.9316547961538055,1.9949739147071264,2.816308848435265,2.8566318604614667,2.9316547961538055,36.93467336683417,45.819397993311036,-0.05149435997009277,-0.008941888809204102,1.5759257661579782e-05,0.1
6,57.48044270526624,73.14779581433555,0.016683215777728227,0.020084949147990316,75.60018164348762,79.59845562682901,2.799557057257673,2.973028663010103,3.0937940367502184,5.706153518778823,2.799557057257673,2.973028663010103,39.028475711892796,45.819397993311036,-0.04705333709716797,0.024190783500671387,1.896822375212947e-05,0.125
7,67.9196103350002,75.96468179760171,0.021174374559092362,0.02373228830138975,79.5126892166521,80.39857248159555,2.827154982229773,2.893020997478013,5.097858696527018,6.508759410883671,2.827154982229773,2.893020997478013,40.45226130653266,45.819397993311036,-0.05472362041473389,0.041079580783843994,2.285938966519435e-05,0.15
8,72.47592748389572,73.1329572033324,0.02630587693434864,0.023797380541728492,88.81480371932089,90.32299853168603,2.8751638195223146,2.9149324343754697,5.863943207803084,5.876536581428553,2.8751638195223146,2.9149324343754697,40.36850921273032,45.819397993311036,-0.07042288780212402,-0.08599138259887695,2.7570396583288997e-05,0.17500000000000002
9,75.6202512450354,75.7705587942066,0.024317148938725143,0.026553885375825457,93.1921239114886,99.55773514967699,2.87516483429888,2.8766948379401778,6.493072183886964,6.518053622548796,2.87516483429888,2.8766948379401778,40.7035175879397,45.819397993311036,-0.10075986385345459,-0.0019927024841308594,3.326316923375208e-05,0.2
10,77.68675320112526,84.07911722955097,0.028270603343220412,0.04283167614934835,109.59163442129267,144.23827237030335,2.8820726272448822,2.9418797102261545,6.884598696052129,7.980461276893233,2.8820726272448822,2.9418797102261545,40.619765494137354,45.819397993311036,-0.06397616863250732,0.0648154616355896,4.012655707396759e-05,0.22499999999999998
11,78.80688563463477,85.74575402505421,0.055647606551147984,0.06362493483218859,161.92563804230298,163.7303666334886,2.819387250609534,2.942282413559215,7.290519275058254,8.30799398613614,2.819387250609534,2.942282413559215,40.787269681742046,45.819397993311036,-0.05610966682434082,0.06744962930679321,4.837844730438922e-05,0.25
12,80.05916941784933,80.62549415001503,0.05934934523986213,0.04832726168791985,153.4295229760047,150.32984679359257,2.832195723675803,2.953328748211813,7.5015891664591265,7.25369504941347,2.832195723675803,2.953328748211813,40.53601340033501,45.1505016722408,-0.06243717670440674,-0.14200282096862793,5.826685172296986e-05,0.275
13,82.41734420035154,81.06498100765573,0.04276174689382564,0.04009286552219088,145.6820464269999,133.72084234231292,2.869124117808126,2.9239538521272284,7.865502311157022,7.431241373553324,2.869124117808126,2.9239538521272284,39.698492462311556,43.1438127090301,-0.08023345470428467,-0.07389676570892334,7.006928192300347e-05,0.3
14,82.19537235943716,84.58135919985564,0.055941318821667425,0.06637870794454945,148.02865549467717,149.253206131849,2.818638894226483,2.9041864401520696,7.969480151107763,8.187926421596055,2.818638894226483,2.9041864401520696,38.860971524288104,44.14715719063545,-0.033078908920288086,-0.052842140197753906,8.408952379742846e-05,0.325
15,83.55458559582581,81.76369435492168,0.06733046626825029,0.0550497679232953,142.94347556671704,111.34240592522765,2.8257982666967703,2.879593901012255,8.217178629071668,7.700706733907745,2.8257982666967703,2.879593901012255,38.19095477386934,39.79933110367893,-0.0744701623916626,0.06007945537567139,0.00010065073863056549,0.35000000000000003
16,84.17760645165116,75.5338543665449,0.03587139503627866,0.023918435058516006,84.40932151500503,72.32534698180132,2.8147383698666317,2.90051288030618,8.382104571740232,6.398711778647126,2.8147383698666317,2.90051288030618,32.57956448911223,28.093645484949832,-0.059410691261291504,-0.05736994743347168,0.00012008371910009542,0.375
17,84.99023296924891,87.9110442196645,0.031891237495083304,0.05040281587420499,85.28448325305727,116.57668837735486,2.7951144545122206,2.868978679778185,8.60389065542812,8.961864573501025,2.7951144545122206,2.868978679778185,29.731993299832492,40.802675585284284,-0.04194653034210205,0.026501476764678955,0.00014270921383558732,0.4
18,84.44800832163749,77.59818456643401,0.03801674571456123,0.022316609082562867,97.82731998386096,69.67793743426984,2.757552406496339,2.9003590397212817,8.606038025675506,6.811743396580419,2.757552406496339,2.9003590397212817,32.914572864321606,25.418060200668897,-0.017405152320861816,-0.06944847106933594,0.0001688136332512095,0.42500000000000004
19,86.32455679479756,89.35337972481514,0.03782265742544952,0.04440848413468603,95.64171277019047,107.16781401873432,2.770564290546692,2.8813231677115962,8.941854659037375,9.213567339855691,2.770564290546692,2.8813231677115962,30.234505862646564,32.441471571906355,-0.025966882705688477,0.062031328678131104,0.0001986182953299768,0.44999999999999996
20,86.84248817226596,89.22686178149985,0.03324241930590802,0.03975450278674081,95.6096155623495,119.66488568360191,2.8011414920864395,2.9327232223689355,8.953983736597314,9.033693018565609,2.8011414920864395,2.9327232223689355,27.97319932998325,36.78929765886287,-0.02292454242706299,-0.07167017459869385,0.0002322437412844814,0.475
21,87.18562502198084,89.75030918185129,0.03632844468481976,0.04054582870275679,114.24536890640131,126.26277808760321,2.745429557771539,2.8747684716380957,9.1874092411955,9.310837088619985,2.745429557771539,2.8747684716380957,29.81574539363484,30.76923076923077,-0.03517651557922363,0.06453347206115723,0.00026967247994862516,0.5
22,88.87610811524256,80.3292628259563,0.027533459381966337,0.019130834979456803,110.48713869385584,97.97968167206116,2.8150130061048957,2.8665987496391985,9.317809941980308,7.456141235836373,2.8150130061048957,2.8665987496391985,26.38190954773869,24.74916387959866,-0.06044793128967285,0.021596908569335938,0.0003107154933535152,0.525
23,90.87453763568821,90.98284493640912,0.025272521647426553,0.025421667638480864,118.03803495985379,117.16336072328497,2.8038025309692074,2.9374512087142586,9.750064824294405,9.370812853044491,2.8038025309692074,2.9374512087142586,24.623115577889447,24.08026755852843,-0.042159199714660645,0.07456433773040771,0.00035498935008043036,0.55
24,92.7825570162417,90.55039761138201,0.024743846123117696,0.022788137477825716,116.09308729059931,114.49288174938597,2.8366256083675365,2.8398567474008005,10.032354159970179,9.576749001059644,2.8366256083675365,2.8398567474008005,21.943048576214405,24.74916387959866,-0.043126463890075684,0.05372345447540283,0.00040191102754766046,0.5750000000000001
25,94.29937252127745,91.52369159200917,0.01879057398930167,0.01970735904340162,112.08484310999987,120.56944843917387,2.788789009528743,2.933342497484341,10.479645644400387,9.489900927081155,2.788789009528743,2.933342497484341,22.529313232830823,21.73913043478261,-0.0233381986618042,0.019587218761444092,0.0004507158366848345,0.6
26,95.6631159183368,90.14752340157295,0.025611616817725762,0.022329239075050307,128.6640418098999,117.25741439360041,2.7642417824647736,2.888426363667517,10.82189585815123,9.348021583812292,2.7642417824647736,2.888426363667517,21.440536013400337,21.40468227424749,-0.015597224235534668,0.0098533034324646,0.0005005,0.625
27,95.97076638379887,98.84091212039807,0.03290487342893179,0.03347710846459188,137.973970729502,135.9302467167577,2.8046985818712757,2.948003645325983,10.758291841951047,10.902516597888143,2.8046985818712757,2.948003645325983,22.529313232830823,23.745819397993312,-0.030016660690307617,-0.12371253967285156,0.0005502841633151655,0.65
28,96.14873544255293,104.32188708965595,0.02796107397057503,0.03760197343784431,115.96250147476069,132.68006289683058,2.728382103407203,2.8505182306104677,11.025114455614457,12.289404546935423,2.728382103407203,2.8505182306104677,19.68174204355109,25.75250836120401,0.028526902198791504,0.09428179264068604,0.0005990889724523396,0.675
29,98.00064779565962,92.48642240798593,0.03387435575887885,0.028339852887302338,121.78087715647328,104.7628498651511,2.7914289553560803,2.873906239219334,11.203333634227963,9.856362279043548,2.7914289553560803,2.873906239219334,21.35678391959799,21.070234113712374,-0.07768607139587402,0.08280962705612183,0.0006460106499195698,0.7000000000000001
30,98.65622786581017,103.95732749505187,0.02866786637248306,0.035837904042424165,102.39873949367197,119.56083566927192,2.8111232896546023,2.9493542267726016,11.27800521818637,11.919728751166609,2.8111232896546023,2.9493542267726016,20.85427135678392,23.076923076923077,-0.038166165351867676,-0.07930207252502441,0.0006902845066464847,0.725
31,99.89272995889687,98.92651890273078,0.0359154888920149,0.037164076913559316,114.2405982983971,116.66638119802826,2.798682597014972,2.8374431205035053,11.558605928916228,11.248477125646279,2.798682597014972,2.8374431205035053,20.268006700167504,20.066889632107024,-0.04951930046081543,0.07756024599075317,0.0007313275200513749,0.75
32,100.13558758043963,99.76448401001385,0.03858898950731335,0.04345875279510699,130.48398882739707,136.31092283319072,2.7571614475505837,2.924215599844687,11.72785297789965,11.15059996129677,2.7571614475505837,2.924215599844687,20.938023450586265,19.732441471571907,-0.006788372993469238,-0.017912745475769043,0.0007687562587155186,0.775
33,101.0054005889637,96.58665532651155,0.0444390762790763,0.039102835960711124,139.75035019815468,122.44774262801461,2.796919139386022,2.929893868424023,11.779008624142339,10.500179740497499,2.796919139386022,2.929893868424023,20.18425460636516,22.073578595317723,-0.006293535232543945,-0.07689177989959717,0.0008023817046700233,0.8
34,100.87559611513787,103.3427062273823,0.037623245362660394,0.04193766877354188,120.07108075574814,129.44344674304975,2.749045546929441,2.946714663585293,11.9004738598413,11.79846522162192,2.749045546929441,2.946714663585293,20.18425460636516,21.40468227424749,-0.025037407875061035,0.0377926230430603,0.0008321863667487907,0.8250000000000001
35,101.72506759873586,98.67463469744526,0.040381506584597195,0.03798388303522282,126.69990016866969,118.13114949612314,2.736278861811013,2.8917200230435784,12.106351652736441,11.031891822814941,2.736278861811013,2.8917200230435784,19.262981574539364,20.066889632107024,0.005449175834655762,0.01804673671722412,0.0008582907861644128,0.8500000000000001
36,103.11750926364407,100.44056711866705,0.03714576147034939,0.04190836706039897,125.31852190538467,126.02388566951687,2.77322240650554,2.8521146152330483,12.274326404335111,11.501184970638823,2.77322240650554,2.8521146152330483,19.597989949748744,20.066889632107024,-0.009614706039428711,0.06455439329147339,0.0008809162808999045,0.875
37,101.351286487164,101.08763000080019,0.042581944172605996,0.04107782426586119,132.3075450341306,131.59431319731135,2.774838894056515,2.8478348143523355,11.913399359289325,11.642109612557402,2.774838894056515,2.8478348143523355,19.597989949748744,21.40468227424749,-0.02845180034637451,0.05494952201843262,0.0009003492613694345,0.8999999999999999
38,101.19056415398117,107.05641164109858,0.04186562681492649,0.04459007530407762,121.55342631124371,133.0281332264776,2.7651202622769864,2.8749061276681447,11.912088071481268,12.753251863562543,2.7651202622769864,2.8749061276681447,19.262981574539364,22.073578595317723,-0.013243436813354492,0.08363866806030273,0.0009169104762025716,0.925
39,100.2478173541863,99.45989010405779,0.04278104547629604,0.04277568847489197,113.23623482146654,107.88236874481507,2.771735701728706,2.8769926745756016,11.704717153680186,11.232358645435959,2.771735701728706,2.8769926745756016,20.268006700167504,20.735785953177256,-0.015434861183166504,0.09221583604812622,0.0009309307180769967,0.95
40,101.49014624718646,100.08082483604201,0.04115393913820561,0.04428133726070158,116.41721110128277,112.38036634770525,2.7453071859414053,2.8198964412395773,12.03192677649621,11.526430605247269,2.7453071859414053,2.8198964412395773,19.34673366834171,20.735785953177256,-0.041516661643981934,0.05844622850418091,0.0009427331482770302,0.9750000000000001
41,102.43858067753726,107.53032321993723,0.04468830004708851,0.04953667106586555,116.69888419402105,134.93665816393187,2.776248814472601,2.925845994598491,12.127797912712673,12.69291040809657,2.776248814472601,2.925845994598491,19.68174204355109,20.735785953177256,-0.012036800384521484,-0.0812380313873291,0.0009526215526956109,1.0
42,103.42071009241357,105.52257675630193,0.05136773942453378,0.055829200631998054,130.96919577644897,139.35949023192543,2.8256593209814587,2.8229538533201186,12.171721599010167,12.597706737326938,2.8256593209814587,2.8229538533201186,19.09547738693467,19.732441471571907,-0.03704190254211426,0.11513876914978027,0.0009608734429260324,1.025
43,102.97648974599151,95.7703710957913,0.05080600734332099,0.048019249403357105,136.7994129302314,116.68898255211055,2.7467956171562924,2.8626817500710886,12.31827281587687,10.533840157116536,2.7467956171562924,2.8626817500710886,19.597989949748744,20.066889632107024,-0.0025107860565185547,0.02432870864868164,0.0009677368307662479,1.05
44,101.15250398006471,113.25966455465974,0.05154980769009646,0.057091713636914225,120.4105565056729,151.9423340252012,2.7625128731655715,2.8896693696943814,11.909209732234578,13.941925303991821,2.7625128731655715,2.8896693696943814,19.932998324958124,22.40802675585284,-0.03451824188232422,0.07666176557540894,0.000973429603416711,1.075
45,101.71157417744648,103.2131546173606,0.05448111068064244,0.053006072270132626,142.47019508655745,142.06163142277643,2.686463070474877,2.8346934900634664,12.244157954077025,12.10015771540511,2.686463070474877,2.8346934900634664,19.179229480737018,21.070234113712374,0.04041165113449097,0.07816863059997559,0.0009781406103348057,1.1
46,103.14870339142817,105.46318738037925,0.054497494981616386,0.05903698648497412,137.04723482115983,135.0795773917616,2.7618950144130383,2.932336846322918,12.306239049838016,12.257288955127116,2.7618950144130383,2.932336846322918,19.262981574539364,20.735785953177256,-0.008515715599060059,0.050568222999572754,0.0009820317762478706,1.125
47,103.47077525281027,101.91156046685566,0.05617227108908858,0.056876634935969894,134.49886261957573,128.1776955901181,2.749575661654448,2.917919060857001,12.407690984320201,11.591922230545094,2.749575661654448,2.917919060857001,19.179229480737018,20.066889632107024,-0.023845195770263672,-0.01177835464477539,0.0009852407423384202,1.1500000000000001
48,101.79885626558084,101.33413344163161,0.054121075238614424,0.056614117665733384,133.23493392663187,141.53462566260907,2.6917681394509936,2.869686380277908,12.247318499451707,11.618480034895166,2.6917681394509936,2.869686380277908,19.514237855946398,21.070234113712374,0.03153121471405029,0.010492801666259766,0.00098788369345071,1.1749999999999998
49,102.5719507367567,107.39651657665853,0.0577832677306442,0.0614393573491071,155.08299996585302,169.68291001335834,2.728858321156334,2.871598870459209,12.285550274042228,12.818619877997051,2.728858321156334,2.871598870459209,19.262981574539364,20.401337792642142,-0.0013045072555541992,0.04649752378463745,0.0009900581499349627,1.2
50,103.88284837221181,105.2088835853398,0.0606110155944349,0.060806962110127094,162.48439616294363,167.38727776262672,2.795279554785596,2.8367343355580714,12.346377185840703,12.48620814065072,2.795279554785596,2.8367343355580714,19.68174204355109,20.066889632107024,-0.05526101589202881,0.07237929105758667,0.0009918455914179935,1.225
51,104.80403827303019,102.15502039166199,0.06148576269696905,0.06427543378593929,161.1911789017107,146.54237988322078,2.769242894110368,2.851845338591764,12.608543961491417,11.833304379696033,2.769242894110368,2.851845338591764,18.76046901172529,20.735785953177256,-0.02998816967010498,0.08113718032836914,0.001,1.25
52,104.33598250959386,105.96999657672384,0.06203397490720653,0.060961601925534147,149.6078507313177,152.92617415106017,2.794303425991755,2.8713277638157875,12.44195786672621,12.537238841870158,2.794303425991755,2.8713277638157875,18.927973199329983,20.735785953177256,-0.01928400993347168,0.01545029878616333,0.001,1.275
53,104.08326140999594,103.40961956419673,0.061321139404272515,0.06188942353711479,145.08767817767222,143.3198608092241,2.7163593389680436,2.8369432883119106,12.62629261528028,12.130051437428962,2.7163593389680436,2.8369432883119106,18.425460636515915,20.735785953177256,0.030432820320129395,0.026655972003936768,0.001,1.3
54,105.25834475569988,105.08062014372453,0.05944715669281918,0.058432943869793294,145.40713774459047,154.47646992661083,2.74385855305734,2.801472079395052,12.779122889341421,12.569125838901686,2.74385855305734,2.801472079395052,18.00670016750419,21.070234113712374,-0.006644129753112793,0.12329143285751343,0.001,1.3250000000000002
55,104.32904405450103,104.10120557702106,0.05860065935894073,0.06265491077732482,150.71165346180774,147.51411386955542,2.7408307229653874,2.899150616349185,12.601453822661485,12.080756063046662,2.7408307229653874,2.899150616349185,18.84422110552764,20.735785953177256,0.012438714504241943,-0.0004063844680786133,0.001,1.35
56,103.78800831448093,105.22874736466935,0.06004137898385026,0.06023575485151348,152.11603813235286,159.25460187726995,2.6914543131088693,2.834160247375335,12.640807500037317,12.499371244755876,2.6914543131088693,2.834160247375335,18.84422110552764,20.401337792642142,0.020690500736236572,0.08897119760513306,0.001,1.375
57,105.15778229424302,106.08273881893093,0.061793002164244056,0.06426849846656506,158.80271553793546,160.92013003754377,2.6920527569213304,2.866831403113528,12.911278759814188,12.57101590657314,2.6920527569213304,2.866831403113528,18.425460636515915,19.39799331103679,0.02648913860321045,0.037918686866760254,0.001,1.4000000000000001
58,104.98925512879337,104.19935929416414,0.06153454569166829,0.06229558170938173,165.0702717332185,161.99885176336485,2.7287008139356295,2.8305144979802264,12.766427827640195,12.303469192224203,2.7287008139356295,2.8305144979802264,18.76046901172529,19.732441471571907,0.0021899938583374023,0.08616763353347778,0.001,1.4249999999999998
59,105.3099367790286,104.83660613095083,0.06217069463364443,0.06108661111830469,159.02183537826667,160.22461488653585,2.7194036163477042,2.819842770745523,12.859538167764994,12.463530001433,2.7194036163477042,2.819842770745523,18.341708542713565,19.732441471571907,0.03737848997116089,0.0709528923034668,0.001,1.45
60,105.87083146240643,106.46721761441948,0.06047800495297066,0.06128073194652896,158.85099030818972,162.58501962515024,2.754337273650433,2.866244543356242,12.86728834027621,12.649935779762906,2.754337273650433,2.866244543356242,18.84422110552764,19.39799331103679,-0.031037211418151855,0.004463076591491699,0.001,1.4749999999999999
61,105.20238439920959,104.0202237132401,0.060753362643309376,0.06481798663486206,162.75872552255092,158.71256141279852,2.738207180496037,2.8818262667958954,12.781152611801174,12.11385932973396,2.738207180496037,2.8818262667958954,18.509212730318257,20.735785953177256,-0.009260177612304688,0.019447147846221924,0.001,1.5
62,103.37261929663781,106.55059776178571,0.06173589745133966,0.05948137027214602,163.2714151098101,167.79631935553408,2.7059735612853286,2.819213188611544,12.511601833043187,12.807025102468637,2.7059735612853286,2.819213188611544,19.430485762144052,21.73913043478261,0.012290239334106445,0.09837585687637329,0.001,1.525
63,103.28936115820804,100.88043718114744,0.0620867531415905,0.06470943424215285,156.45173299971538,148.12509486986244,2.71547307081558,2.8872948984637308,12.46774513877217,11.471636111919697,2.71547307081558,2.8872948984637308,20.603015075376884,20.401337792642142,0.0038151144981384277,-0.05596458911895752,0.001,1.55
64,102.90866091423099,108.24229441358892,0.06063509475396107,0.05750689952070498,155.6304588892951,164.43085349602842,2.6779431442120165,2.8936187559146944,12.504649521717473,12.923214347864873,2.6779431442120165,2.8936187559146944,19.09547738693467,20.735785953177256,0.025380730628967285,0.08635538816452026,0.001,1.575
65,105.27539215854664,104.40826972272484,0.0583464606373354,0.060568951655889436,159.88584874343232,159.93199571080032,2.7007272734713914,2.809057325822454,12.9092504494953,12.410381546785999,2.7007272734713914,2.809057325822454,18.090452261306535,19.732441471571907,0.03239142894744873,0.06933069229125977,0.001,1.6
66,105.13904391341472,104.93663601572298,0.06052619618187398,0.06161280371323477,159.68332911096826,154.88408648130488,2.704333260630443,2.843056389320654,12.870767665268788,12.41485856608005,2.704333260630443,2.843056389320654,18.341708542713565,19.063545150501675,-0.0019088983535766602,0.06441044807434082,0.001,1.625
67,104.88480848762858,105.6851036046261,0.05992554428314843,0.06020786153482753,154.32773499353047,158.10114331707908,2.6644310244363756,2.8089084298315656,12.940818556589099,12.666633079681906,2.6644310244363756,2.8089084298315656,18.174204355108877,20.066889632107024,0.040101826190948486,0.08044582605361938,0.001,1.6500000000000001
68,104.9782744875705,106.72146680442785,0.060252044749269935,0.06074564500297591,155.35693372154554,158.86172225084593,2.6466623606593966,2.826613525881815,13.012546034514205,12.820531073222591,2.6466623606593966,2.826613525881815,17.922948073701843,19.39799331103679,0.060469746589660645,0.08594417572021484,0.001,1.675
69,105.36849589643367,105.59600840284673,0.06089325090698661,0.06169478777160613,161.2903530050562,160.92079729061064,2.654262204865115,2.817714902469546,13.066475972058985,12.621533904187256,2.654262204865115,2.817714902469546,18.509212730318257,20.066889632107024,0.02501004934310913,0.052514076232910156,0.001,1.7000000000000002
70,105.57362595754653,104.79306239507669,0.06078319160433071,0.060991890815687816,160.5378797010361,161.1237777658928,2.6802563487584865,2.821055110880364,13.029692033227764,12.451023529205832,2.6802563487584865,2.821055110880364,18.174204355108877,19.39799331103679,0.025684595108032227,0.09048503637313843,0.001,1.7249999999999999
71,104.92505060448319,106.04992441030649,0.060007200768245526,0.06109106858388636,161.46546138590904,158.0119019065015,2.6609029753923017,2.8570685530187294,12.958006489816023,12.59495879973855,2.6609029753923017,2.8570685530187294,18.341708542713565,19.732441471571907,0.05993354320526123,0.04633551836013794,0.001,1.75
72,106.27278974267905,105.796168324142,0.0597754849660736,0.05971160219564885,155.4916627714582,156.3504564674403,2.703808554053506,2.808921274134148,13.100078764872336,12.68925845104715,2.703808554053506,2.808921274134148,18.090452261306535,19.732441471571907,0.017593681812286377,0.0746491551399231,0.001,1.775
73,105.59933026951163,107.33939956103679,0.0597570071892323,0.059554211708115895,156.67237682757866,164.16047903207632,2.6951663014876783,2.8244577897432257,12.991081141946303,12.949763760518868,2.6951663014876783,2.8244577897432257,18.00670016750419,20.066889632107024,0.03281635046005249,0.08487236499786377,0.001,1.7999999999999998
74,105.24186431782529,104.82683958736152,0.05958003539535867,0.06129106556541944,162.84591357871716,160.44246196427872,2.66837678802273,2.8331584970289247,12.998757662685273,12.421545963223563,2.66837678802273,2.8331584970289247,18.76046901172529,19.39799331103679,0.04817122220993042,0.03315085172653198,0.001,1.825
75,105.96337862509978,105.58437390789938,0.059423672219417,0.05947281567249011,161.26900874510082,161.648384834213,2.719734613220496,2.8118881629063535,12.989332941908334,12.6369856895013,2.719734613220496,2.8118881629063535,18.257956448911223,20.066889632107024,-0.012113571166992188,0.07621222734451294,0.001,1.85
76,105.42401790139664,105.92482321238438,0.059437541312957726,0.06048163128736426,161.9467845514192,165.5271864160646,2.6686147541257004,2.8405207407514386,13.034682765877626,12.618200745470947,2.6686147541257004,2.8405207407514386,18.090452261306535,19.39799331103679,0.016749262809753418,0.05629086494445801,0.001,1.875
77,105.01250387476118,106.03601130354764,0.059464972591030736,0.05933683148793951,165.27065201700233,165.89015386575042,2.6870142387185663,2.8052887765061496,12.896511023567749,12.746290596033818,2.6870142387185663,2.8052887765061496,17.922948073701843,19.732441471571907,0.02881324291229248,0.07674610614776611,0.001,1.9
78,105.89601582538343,106.36486392834513,0.05876817494331293,0.059276806396186155,166.83682404331228,168.31134074029316,2.675219652041718,2.8153844541530546,13.108423496610556,12.7813014441908,2.675219652041718,2.8153844541530546,18.174204355108877,19.39799331103679,0.04235118627548218,0.07789123058319092,0.001,1.925
79,106.20709389538023,107.09609286203033,0.05851477642279973,0.0591915750682952,167.84904255060295,168.09313255488672,2.6704272393205857,2.853180343092086,13.184864283806116,12.814220776127334,2.6704272393205857,2.853180343092086,18.174204355108877,19.39799331103679,0.04538661241531372,0.09078848361968994,0.001,1.9500000000000002
80,105.3838379826378,106.60214225743526,0.05824241505770428,0.058193635731237786,169.4562913904238,171.28347380264947,2.6669765449249163,2.8181303025886764,13.030298023767008,12.8201412149895,2.6669765449249163,2.8181303025886764,18.341708542713565,19.732441471571907,0.04308640956878662,0.046525418758392334,0.001,1.975
81,105.63271570764795,105.47695483970004,0.05785433549926908,0.0587023185024094,169.0121151462472,168.48819214683712,2.6729514239421444,2.8181692868172123,13.062315630952718,12.595445537248183,2.6729514239421444,2.8181692868172123,18.00670016750419,19.063545150501675,0.02726912498474121,0.06672358512878418,0.001,2.0
82,106.63505074965894,106.00430981690269,0.05779290721569229,0.0583555345925001,170.15729145708195,171.27907447432196,2.718370655673233,2.8025909937345066,13.12630822390967,12.74716271046412,2.718370655673233,2.8025909937345066,18.090452261306535,19.39799331103679,0.007622718811035156,0.07439160346984863,0.001,2.0250000000000004
83,104.8431319551452,106.3117484918805,0.05753742753086577,0.058221028937045546,171.31882217381667,170.97172423908145,2.623900676692151,2.83151093055572,13.051152938574402,12.7219780057569,2.623900676692151,2.83151093055572,18.341708542713565,19.732441471571907,0.060359418392181396,0.07700598239898682,0.001,2.05
84,105.63519508195682,106.12701380292708,0.057391493776235945,0.05773401950613711,171.58958895122586,172.50506321323357,2.641760350871126,2.8413507037338204,13.155961931251001,12.655302771756482,2.641760350871126,2.8413507037338204,18.174204355108877,19.39799331103679,0.07669538259506226,0.06734591722488403,0.001,2.0749999999999997
85,107.03722255074199,106.11673759536998,0.05715558909416398,0.05750256166310613,171.48112170859997,173.69535199934026,2.732010307423833,2.8184157797325415,13.165685947616296,12.721860375292724,2.732010307423833,2.8184157797325415,18.090452261306535,19.732441471571907,-0.0010645389556884766,0.060100674629211426,0.001,2.1
86,105.89151645066151,105.6299819946289,0.056931960647629336,0.057649705621311095,175.04438439246198,176.3146025488608,2.684963671206629,2.8111013393338307,13.077017098814999,12.645899032669323,2.684963671206629,2.8111013393338307,18.257956448911223,20.066889632107024,0.03161662817001343,0.060471534729003906,0.001,2.125
87,106.46740063231195,105.7830703633286,0.05715974936982495,0.057267698555885746,174.49145909090538,174.09797229575472,2.7286075978622564,2.82977090471963,13.061327455031812,12.62102779337395,2.7286075978622564,2.82977090471963,17.922948073701843,19.732441471571907,0.007699787616729736,0.06588077545166016,0.001,2.15
88,105.55144950572769,106.6827143538357,0.05684282975754946,0.057483956005960006,173.823712909641,174.16664235807184,2.68111673112291,2.8385506736793644,13.020806183168038,12.7745620032218,2.68111673112291,2.8385506736793644,17.922948073701843,19.39799331103679,0.052301883697509766,0.06676948070526123,0.001,2.175
89,106.86596252850352,106.85799808565989,0.056813880651440454,0.05717315732884567,174.20303735780956,175.34955752573683,2.7249241534189963,2.830342570276165,13.152216531124147,12.834066990625898,2.7249241534189963,2.830342570276165,18.090452261306535,20.066889632107024,0.0277978777885437,0.07905793190002441,0.001,2.2
90,106.34717498472588,106.35846391250458,0.05681967032664585,0.05735148638985229,175.20782388913972,175.76829651287167,2.6877429756886597,2.836586443476852,13.159800511908092,12.715309918126135,2.6877429756886597,2.836586443476852,18.00670016750419,19.732441471571907,0.037088990211486816,0.06963306665420532,0.001,2.225
91,106.71442343042524,105.76704371015364,0.056655296441198794,0.057181449737835885,174.6106230769325,174.66429684233904,2.6994665312008244,2.825119234646443,13.198232131587401,12.63168178035264,2.6994665312008244,2.825119234646443,17.922948073701843,19.063545150501675,0.010069131851196289,0.0544779896736145,0.001,2.25
92,107.51411205400375,107.21805697539978,0.05660933727894596,0.056719367906301714,174.71270532144774,176.87675634275712,2.7271625436530442,2.8225278535415494,13.27507087094101,12.929309082669159,2.7271625436530442,2.8225278535415494,18.00670016750419,19.39799331103679,0.006499946117401123,0.07520824670791626,0.001,2.275
93,106.21253013930328,106.70165944179165,0.056190147852428395,0.05675848878695813,177.0095490882145,177.2056472421091,2.672229484896764,2.808693952783693,13.179178051014043,12.867457016654637,2.672229484896764,2.808693952783693,18.090452261306535,19.39799331103679,0.042703330516815186,0.08025127649307251,0.001,2.3000000000000003
94,106.68341360938808,106.21910978081235,0.05623432396095202,0.05673114139349963,176.4472932288395,176.5556554889998,2.6609978871529227,2.8258768116750046,13.307152494114248,12.719533795895783,2.6609978871529227,2.8258768116750046,18.090452261306535,19.39799331103679,0.055238306522369385,0.0733979344367981,0.001,2.325
95,105.7242041991983,106.44619409057209,0.05629000808400924,0.057029146402077534,176.4584706624349,177.13880634626815,2.644981491705481,2.8324533585321943,13.163346635636373,12.745045135651145,2.644981491705481,2.8324533585321943,18.090452261306535,19.063545150501675,0.04497814178466797,0.05852937698364258,0.001,2.3499999999999996
96,106.6053693378391,106.39207728969612,0.056131313256981785,0.05616386245973533,177.98061867974312,179.1532812724544,2.657239697486711,2.8018897783796124,13.30253281425591,12.825682410428357,2.657239697486711,2.8018897783796124,18.00670016750419,20.066889632107024,0.06055903434753418,0.07441926002502441,0.001,2.375
97,106.96711661947433,105.4971452795941,0.055840640536305094,0.056798133176804384,177.81938899821373,176.99608706471113,2.6935234445223655,2.8135381135653494,13.266121086363418,12.612055768934779,2.6935234445223655,2.8135381135653494,17.839195979899497,19.39799331103679,0.014537930488586426,0.05071312189102173,0.001,2.4
98,106.25920023191314,107.06493293481527,0.05635204913104,0.05671664964046367,177.29965825935506,179.25728885306162,2.6654827347153196,2.8514865457413587,13.208661215189514,12.811332514453493,2.6654827347153196,2.8514865457413587,18.090452261306535,19.39799331103679,0.04981863498687744,0.04714953899383545,0.001,2.425
99,105.9161304876433,107.38180797155884,0.056121280145405524,0.056527542143462096,179.75326047351012,180.71859741210938,2.650968857146987,2.8306471145272654,13.183144612527972,12.936970433263875,2.650968857146987,2.8306471145272654,18.090452261306535,19.732441471571907,0.04646646976470947,0.06332200765609741,0.001,2.45
100,106.34825924053862,106.64382817195012,0.056015176689205456,0.056619237410683296,179.86252873866403,179.62650572097422,2.6721764265792056,2.821021812017945,13.205946666711139,12.81845165495091,2.6721764265792056,2.821021812017945,17.75544388609715,19.39799331103679,0.04864978790283203,0.05903571844100952,0.001,2.475
101,105.79650577308745,106.15682998708259,0.056083504690896326,0.056442796237093945,178.617419627843,178.70939799535233,2.648965002504026,2.8137344859515543,13.165465685590428,12.74313289425445,2.648965002504026,2.8137344859515543,18.00670016750419,19.063545150501675,0.04554641246795654,0.059716761112213135,0.001,2.5
102,105.01583011186302,106.93358999909366,0.05556341963297558,0.05579541197488938,179.09909080620386,180.48326212905323,2.6445912671847958,2.8022123467563387,13.02245930970414,12.932825375560135,2.6445912671847958,2.8022123467563387,18.174204355108877,19.732441471571907,0.03969097137451172,0.07920306921005249,0.001,2.5
103,106.21480942411439,106.68872720979927,0.05535815830281631,0.05611461624004769,180.50848754167157,180.9903906882806,2.648291328644233,2.7997079134784815,13.250914552902657,12.891200996960286,2.648291328644233,2.7997079134784815,17.922948073701843,19.732441471571907,0.042448222637176514,0.07720726728439331,0.001,2.5
104,105.47317630122454,106.33353543999203,0.055633239997192045,0.0561786822002867,180.42395014419427,180.55058385536424,2.623198146197065,2.8137926505162167,13.177829443709534,12.777982673517437,2.623198146197065,2.8137926505162167,18.00670016750419,19.39799331103679,0.057507336139678955,0.06611967086791992,0.001,2.5
105,105.38806190682416,106.51287372295673,0.05573939205064646,0.05619367067530801,180.4997827475594,180.96895928526402,2.641660985834834,2.8184200553192342,13.105381799502988,12.799882072270115,2.641660985834834,2.8184200553192342,17.839195979899497,19.732441471571907,0.05746877193450928,0.06441128253936768,0.001,2.5
106,106.39263315376525,106.46631790722493,0.05550306717829289,0.05579777111775899,180.75815427642772,181.34124546625145,2.6657227327675876,2.8139558755434475,13.234106070232551,12.803968088283986,2.6657227327675876,2.8139558755434475,17.839195979899497,19.732441471571907,0.03445321321487427,0.0659140944480896,0.001,2.5
107,106.84759488257531,106.94430830327165,0.055261323662159634,0.05572215096408308,181.3166460966944,182.00665905802546,2.6961067621432355,2.818963348267469,13.233883541433057,12.884426509257542,2.6961067621432355,2.818963348267469,17.922948073701843,19.732441471571907,0.016570568084716797,0.06537985801696777,0.001,2.5
108,106.79000269188553,106.19812192884974,0.05515140679413749,0.05553357760393898,181.90318104090602,181.96724019640664,2.67868821704807,2.811624132271196,13.274525441117023,12.757252131816136,2.67868821704807,2.811624132271196,17.839195979899497,19.732441471571907,0.029524266719818115,0.07265597581863403,0.001,2.5
109,105.85857507651376,106.19421830703583,0.05515829261573316,0.05572885182689265,181.08691107208406,180.86589096222434,2.6554079147639187,2.830128227189233,13.158242024368976,12.701140129446584,2.6554079147639187,2.830128227189233,17.839195979899497,19.39799331103679,0.03888583183288574,0.0641438364982605,0.001,2.5
110,105.99739038924277,106.15440868773189,0.05512952094451467,0.05549645397724914,180.84141502188677,181.35481318343045,2.6339319766666023,2.818827645834473,13.250487766872897,12.727028795707984,2.6339319766666023,2.818827645834473,17.839195979899497,19.732441471571907,0.050979018211364746,0.07123589515686035,0.001,2.5
111,105.88553687116409,106.25581211868337,0.05483109324895956,0.05537405414475645,181.24647729001452,181.54049223322534,2.639200503302978,2.823221619711273,13.212289973119994,12.734114764924831,2.639200503302978,2.823221619711273,17.67169179229481,19.39799331103679,0.058737754821777344,0.06101882457733154,0.001,2.5
112,104.91187171360956,106.96381110251947,0.054950658481574335,0.05538540510429586,181.07022322202647,181.97744429470305,2.6243341436338183,2.829826522431645,13.062167690027898,12.855810270660298,2.6243341436338183,2.829826522431645,17.839195979899497,19.39799331103679,0.07326632738113403,0.0626986026763916,0.001,2.5
113,106.42277787558398,107.16254613869964,0.054876149549356455,0.05530246976376776,182.3929096011061,183.19795946612405,2.649596431147513,2.8214320107845956,13.288311715501438,12.920512256813687,2.649596431147513,2.8214320107845956,17.922948073701843,19.732441471571907,0.0564388632774353,0.06302392482757568,0.001,2.5
114,106.48523480848252,106.52275276821992,0.054650705863083626,0.055054613055792144,182.52794653606574,182.3214542044445,2.677954954517946,2.8155411796824987,13.215746552101532,12.810452215647617,2.677954954517946,2.8155411796824987,18.00670016750419,19.732441471571907,0.041202425956726074,0.06594103574752808,0.001,2.5
115,106.2138537434078,106.48410820083873,0.054618768805834515,0.05505550434707,181.8063008166238,182.23677563109126,2.6707255704518738,2.8172718768933147,13.183308500740397,12.797548016576863,2.6707255704518738,2.8172718768933147,18.090452261306535,19.39799331103679,0.030377089977264404,0.06538671255111694,0.001,2.5
116,105.74293420941785,106.5200545397092,0.05449038387043791,0.05490532539859663,182.01766193332384,182.25721531488426,2.655779524664184,2.8088815826237403,13.133946976270309,12.829933405719872,2.655779524664184,2.8088815826237403,17.922948073701843,19.732441471571907,0.06063950061798096,0.06930488348007202,0.001,2.5
117,106.35821203490597,106.67560406432901,0.05440705081126598,0.054942749926577446,181.73323276334472,181.99431464664116,2.683092130887848,2.8171639179306287,13.175137775427533,12.83624100126949,2.683092130887848,2.8171639179306287,17.922948073701843,19.39799331103679,0.03293192386627197,0.06394881010055542,0.001,2.5
118,106.63156297897774,106.86189004649286,0.054482591536576225,0.05499059561154117,181.9370574951172,182.81716230003332,2.6768588652363174,2.8223066808387984,13.248452034827253,12.857896230691253,2.6768588652363174,2.8223066808387984,17.922948073701843,19.732441471571907,0.04272782802581787,0.06335389614105225,0.001,2.5
119,105.71063641367645,106.57254906083429,0.05446707940281336,0.05493838764901544,182.78116023640337,183.41864814885884,2.656849985346323,2.8200138707623434,13.124127423144266,12.806796813888294,2.656849985346323,2.8200138707623434,17.922948073701843,19.732441471571907,0.0425565242767334,0.07250458002090454,0.001,2.5
120,106.79989002937049,106.95453580007904,0.054421104403396744,0.05483062433259543,183.114351818909,183.3587667407798,2.6715301980125643,2.825111921814373,13.297880175924382,12.86793398777378,2.6715301980125643,2.825111921814373,17.75544388609715,19.732441471571907,0.03999549150466919,0.07160836458206177,0.001,2.5
121,106.78472555342631,106.76759254174887,0.05427337797917114,0.054704794118236935,183.1307178797634,183.29005952662848,2.680132341943993,2.82232491866402,13.269067313802902,12.838945417499861,2.680132341943993,2.82232491866402,17.839195979899497,19.732441471571907,0.028509438037872314,0.06962162256240845,0.001,2.5
122,105.85737073121958,107.02837384584356,0.054282525863180206,0.05486653047461175,182.57150723506857,182.6309058147928,2.637487808863322,2.834723479771694,13.21163970621387,12.854005300081694,2.637487808863322,2.834723479771694,17.839195979899497,19.39799331103679,0.05368691682815552,0.05625420808792114,0.001,2.5
123,106.81404175111396,106.8601823889691,0.054368619973985,0.05480487455293088,182.44170401363917,183.01759103628305,2.6765949270833076,2.817923054647286,13.285660984927485,12.870702446902476,2.6765949270833076,2.817923054647286,17.922948073701843,19.39799331103679,0.030961811542510986,0.0634545087814331,0.001,2.5
124,107.27842306012484,106.85788966660516,0.054256040702762715,0.054675464060493936,182.8989224330065,183.45390870977803,2.6934136557618977,2.815665052088607,13.328012737996215,12.876956805736326,2.6934136557618977,2.815665052088607,17.75544388609715,19.732441471571907,0.0319218635559082,0.06689918041229248,0.001,2.5
125,104.98027876913048,106.92271198795791,0.054274958719061045,0.054838208151501554,183.2538568442391,183.80444152219638,2.622598314604767,2.8244216529820676,13.080754823221433,12.863548221396762,2.622598314604767,2.8244216529820676,17.922948073701843,19.39799331103679,0.0746070146560669,0.07119196653366089,0.001,2.5
126,105.9347951432169,106.57177543002227,0.05439953653257296,0.05485218686104618,183.53841462766306,183.91246594074977,2.6466038390819353,2.827274692497126,13.199559550389173,12.784777542420453,2.6466038390819353,2.827274692497126,17.75544388609715,19.732441471571907,0.055398404598236084,0.07304203510284424,0.001,2.5
127,106.60452376578122,106.39096870549945,0.054351401682225506,0.054818784263620406,183.57817586263022,183.79197498946684,2.652180312666262,2.8191645464370882,13.31677783633796,12.77297732503119,2.652180312666262,2.8191645464370882,18.090452261306535,19.732441471571907,0.044459640979766846,0.07543551921844482,0.001,2.5
128,106.88191122186043,106.29748734183933,0.0543396575953593,0.054845342057504784,183.46061233699422,183.8437083572847,2.704565450374405,2.8223300338987523,13.215125481687,12.74476938343367,2.704565450374405,2.8223300338987523,17.922948073701843,19.39799331103679,0.026611685752868652,0.0710187554359436,0.001,2.5
129,106.58534879700423,106.81388153280302,0.05424048811496802,0.05471063730459548,183.56689534914153,183.90627740458103,2.686661205898777,2.829878697028527,13.209524371915526,12.825416823294649,2.686661205898777,2.829878697028527,17.67169179229481,19.732441471571907,0.028162598609924316,0.06743019819259644,0.001,2.5
130,106.40730766155812,106.92059407824257,0.05416720349909473,0.05463859080072231,183.68991681838554,184.09412978564617,2.6716373274274408,2.8289004360951706,13.218978151803839,12.849670464378535,2.6716373274274408,2.8289004360951706,17.75544388609715,19.063545150501675,0.041506290435791016,0.06421488523483276,0.001,2.5
131,106.44094403904288,106.37347830577838,0.054100660073697265,0.054591875485951284,183.66635032155406,183.87088400544133,2.6615686105124317,2.813417793516331,13.255929437314645,12.78675010451505,2.6615686105124317,2.813417793516331,17.922948073701843,19.732441471571907,0.05065995454788208,0.06622403860092163,0.001,2.5
132,106.20303128752077,106.72606796723943,0.05409366802828795,0.054595503171152096,183.48605346679688,183.7573771397007,2.6447063642530586,2.8225185161450237,13.258971490652318,12.8299882754833,2.6447063642530586,2.8225185161450237,17.922948073701843,19.732441471571907,0.04189521074295044,0.05974388122558594,0.001,2.5
133,106.58245890503952,106.77823360787586,0.05406338505609151,0.05450247436213653,183.4060939105112,183.68445814253894,2.670359451367428,2.8288851996329316,13.257919762002762,12.821353373320207,2.670359451367428,2.8288851996329316,17.922948073701843,19.732441471571907,0.04263025522232056,0.06103402376174927,0.001,2.5
134,106.93824443465701,106.58266043264332,0.053974607825229316,0.05441204728838991,183.28935645533167,183.6096856873171,2.6943172697645537,2.828639112587358,13.257244792216188,12.783009867205667,2.6943172697645537,2.828639112587358,17.922948073701843,19.732441471571907,0.014811277389526367,0.06450706720352173,0.001,2.5
135,105.79172903089668,106.7680872786404,0.05394568279934688,0.05439523824281916,183.2556037583343,183.58698576349877,2.6399010310021276,2.8265779895527308,13.191201979990181,12.826287403553225,2.6399010310021276,2.8265779895527308,17.922948073701843,19.39799331103679,0.0409315824508667,0.06366902589797974,0.001,2.5
136,105.65611558463705,106.91701706596042,0.0539059427814867,0.054376542082299355,183.3086563187029,183.75975199925858,2.644538955273141,2.8203580291773562,13.150163203228258,12.874702434476005,2.644538955273141,2.8203580291773562,18.090452261306535,19.732441471571907,0.0713052749633789,0.06734424829483032,0.001,2.5
137,106.57341519712004,106.86227320029982,0.053948724520715634,0.054393972939870826,183.42961713576835,183.76597789139254,2.6690785046198857,2.8247943339140518,13.25997188542556,12.850439760597254,2.6690785046198857,2.8247943339140518,18.00670016750419,19.39799331103679,0.04069036245346069,0.06536984443664551,0.001,2.5
138,106.19942511425945,106.70035001824931,0.05393130521928046,0.05446754176680459,183.450702303019,183.79657839771895,2.6375933148753106,2.8263790272550042,13.279628608294667,12.813279423027932,2.6375933148753106,2.8263790272550042,17.839195979899497,19.39799331103679,0.059807777404785156,0.0662432312965393,0.001,2.5
139,106.05652352593452,106.98826680773476,0.05396004523489144,0.05443361036504391,183.4676664726219,183.84873487797867,2.644732700121063,2.8275383754717467,13.229620965481603,12.867381877325052,2.644732700121063,2.8275383754717467,17.922948073701843,19.732441471571907,0.07280576229095459,0.06735354661941528,0.001,2.5
140,106.03431655653758,106.70040209715981,0.05393819624505051,0.054447868695625894,183.57068234033122,183.93825099779212,2.6352834777416696,2.825381499070388,13.253511110941568,12.816258835553326,2.6352834777416696,2.825381499070388,17.922948073701843,19.732441471571907,0.06260663270950317,0.06431567668914795,0.001,2.5
141,105.99326697625906,106.79016848152696,0.053938407694275055,0.05441390990862081,183.6198840372926,184.02784933134865,2.676164518049614,2.8223095155479916,13.122648298241186,12.843417094304012,2.676164518049614,2.8223095155479916,18.00670016750419,19.732441471571907,0.0354083776473999,0.06604552268981934,0.001,2.5
142,105.25017160386895,106.35588318687617,0.05390705928281324,0.054334144192096784,183.7241057582836,184.1016835496577,2.6113629165406604,2.817792176402931,13.168419361913225,12.770112219462826,2.6113629165406604,2.817792176402931,17.839195979899497,19.732441471571907,0.0791969895362854,0.06505727767944336,0.001,2.5
143,106.44639426379946,106.56976119331692,0.053831083179019405,0.05429661807208556,183.8368437493866,184.23640533753462,2.6406758362723757,2.8168037384250093,13.319717720325668,12.815834090063802,2.6406758362723757,2.8168037384250093,17.839195979899497,19.39799331103679,0.057594895362854004,0.07051956653594971,0.001,2.5
144,106.81211686893124,106.83097660740881,0.05380286661349549,0.05424786249431081,183.90813186619948,184.27488866697587,2.678251577182431,2.8224391482745523,13.280126173891613,12.851172552459614,2.678251577182431,2.8224391482745523,17.839195979899497,19.732441471571907,0.031651854515075684,0.06716614961624146,0.001,2.5
145,106.48065447527759,106.76944372885204,0.05375209840098817,0.05422369673549132,183.99428439499744,184.3551671465105,2.7022078592373897,2.8200823949730913,13.141958382061778,12.84592578722083,2.7022078592373897,2.8200823949730913,17.839195979899497,19.39799331103679,0.025012433528900146,0.06641608476638794,0.001,2.5
146,105.57052773327085,106.69790414663461,0.053772725508091236,0.05428247486418705,183.99388250354147,184.24121154989288,2.648175027102881,2.81437709180009,13.122027055302656,12.848744858068766,2.648175027102881,2.81437709180009,17.839195979899497,19.732441471571907,0.044911980628967285,0.07389980554580688,0.001,2.5
147,106.43699063248371,106.60595902152683,0.05380552930373642,0.05433378349927357,183.83790079752603,184.13185599336657,2.6619885558858387,2.818846315843206,13.253904000798261,12.816960299692823,2.6619885558858387,2.818846315843206,18.00670016750419,19.39799331103679,0.04309576749801636,0.07116180658340454,0.001,2.5
148,105.99845771214471,106.86443328857422,0.05381174932173149,0.054330882420109264,183.82816415655753,184.20514385516827,2.642573475238666,2.820366553239599,13.224443178480394,12.86408001443614,2.642573475238666,2.820366553239599,17.839195979899497,19.39799331103679,0.057216763496398926,0.07028168439865112,0.001,2.5
149,106.48192605381236,106.62867348967588,0.05378156016195439,0.054287972022159445,183.88997104459472,184.23355347496212,2.6551897953103736,2.816926102973147,13.28328145089461,12.827252199817263,2.6551897953103736,2.816926102973147,17.922948073701843,19.732441471571907,0.04189401865005493,0.06789660453796387,0.001,2.5
150,106.95518716016606,106.96834061536502,0.05381387807865638,0.05440655599868417,183.9042301912803,184.24906880560528,2.67537772635519,2.822969533129281,13.317360831664834,12.87702941256622,2.67537772635519,2.822969533129281,17.922948073701843,19.39799331103679,0.03766930103302002,0.06804382801055908,0.001,2.5
151,106.13112659550193,106.79136060631794,0.053836358427202684,0.054331699504601115,183.9309554363615,184.29884802776834,2.6763864282387586,2.8247301139959125,13.14951248584281,12.836355805795726,2.6763864282387586,2.8247301139959125,17.839195979899497,19.39799331103679,0.04007899761199951,0.06648170948028564,0.001,2.5
152,107.13294397606522,106.80886667309,0.05383976520830063,0.05432884574534502,183.9918541580788,184.34433447796366,2.6618499783814653,2.8247056023332986,13.393472401540683,12.839922496706347,2.6618499783814653,2.8247056023332986,17.922948073701843,19.39799331103679,0.03627902269363403,0.0678490400314331,0.001,2.5
153,105.83508208768451,106.51393214197063,0.053800676186480115,0.05431967773116552,184.0153566548972,184.34977038329262,2.6276042325612488,2.8177161918436004,13.236640244872127,12.801903622604932,2.6276042325612488,2.8177161918436004,17.922948073701843,19.732441471571907,0.057157278060913086,0.06794703006744385,0.001,2.5
154,106.91434722849273,106.58381331325774,0.05381435017964149,0.05433974780117389,184.0225242474171,184.38174168003044,2.660290433733507,2.8155140956508675,13.354430738605647,12.822476272200262,2.660290433733507,2.8155140956508675,17.922948073701843,19.732441471571907,0.03822273015975952,0.07105135917663574,0.001,2.5
155,105.73200619440382,107.06986208504259,0.053826057338085605,0.05430368431236433,184.08846013310367,184.46980377503462,2.6178364605959534,2.8237467442069164,13.245308925558374,12.894977898103338,2.6178364605959534,2.8237467442069164,17.75544388609715,19.732441471571907,0.06219130754470825,0.06566780805587769,0.001,2.5
156,106.6343919763613,107.18963245404603,0.053820340022120244,0.054305153509545886,184.1825308999424,184.5385572248478,2.6680321485752634,2.82356412354919,13.27518125754505,12.919464988453333,2.6680321485752634,2.82356412354919,17.922948073701843,19.39799331103679,0.029254913330078125,0.06575775146484375,0.001,2.5
157,106.02823525177973,107.01430866152148,0.053796924270028045,0.05430404757177551,184.19914475637464,184.49547538629741,2.6638802495633738,2.8238769430779294,13.1664075116616,12.883471020089344,2.6638802495633738,2.8238769430779294,18.00670016750419,19.39799331103679,0.049176812171936035,0.06399577856063843,0.001,2.5
158,106.5606183638325,106.88615631817974,0.05383631515268305,0.054299119174679784,184.11891054188587,184.42994950208376,2.673269509869804,2.8236695244958168,13.244724409464416,12.858476032780166,2.673269509869804,2.8236695244958168,17.67169179229481,19.39799331103679,0.03145843744277954,0.06564855575561523,0.001,2.5
159,107.22885787427126,106.76880995326218,0.05379082514612719,0.05432651195687594,184.10346154192186,184.4354123526991,2.695320489218886,2.821381725993842,13.312231273107992,12.841864075549072,2.695320489218886,2.821381725993842,17.922948073701843,19.732441471571907,0.02994251251220703,0.06737297773361206,0.001,2.5
160,105.3642534035534,106.86547109036142,0.05377412372123656,0.05433505864496215,184.10899516605653,184.4289689590301,2.615831395888848,2.8266398300693982,13.177780223252187,12.845422020723987,2.615831395888848,2.8266398300693982,17.922948073701843,19.39799331103679,0.07174140214920044,0.06597274541854858,0.001,2.5
161,105.37254719438664,106.7830098895325,0.05379060869864882,0.05422815572109111,184.08578478431383,184.41698805384812,2.632916541954181,2.821726216121661,13.128184546977032,12.843693723646693,2.632916541954181,2.821726216121661,17.922948073701843,19.732441471571907,0.0540890097618103,0.06713426113128662,0.001,2.5
162,104.79662228429338,106.89085133019897,0.053792882504774694,0.05427692760791268,184.08508553816446,184.42612015842195,2.6451719949393215,2.8264893911355315,12.976232836993296,12.850961391742413,2.6451719949393215,2.8264893911355315,17.839195979899497,19.39799331103679,0.051849424839019775,0.06446182727813721,0.001,2.5
163,106.17029664823957,106.94852728189832,0.05380215540752938,0.054297275405165345,184.10308459615788,184.44615913314564,2.641584820084436,2.8228879844065893,13.261724170128904,12.87329289107817,2.641584820084436,2.8228879844065893,17.839195979899497,19.732441471571907,0.045988261699676514,0.06625384092330933,0.001,2.5
164,106.44742733749312,106.95670765139985,0.053777943416756,0.0542900847476661,184.1288060327271,184.46801104593436,2.674887283762895,2.8234465807975337,13.217242252087873,12.873250023577125,2.674887283762895,2.8234465807975337,17.839195979899497,19.39799331103679,0.03328925371170044,0.06598162651062012,0.001,2.5
165,107.02780657437579,106.63009286325511,0.05379071856039253,0.05428035080084035,184.13690586824913,184.46530585145473,2.6809384303676023,2.812360876778695,13.315160666678219,12.841186348012458,2.6809384303676023,2.812360876778695,17.922948073701843,19.732441471571907,0.0250701904296875,0.06956106424331665,0.001,2.5
166,105.91133723426704,106.84070594813114,0.05378780859698802,0.05427252914893587,184.13018464003775,184.45758158706104,2.646629879822084,2.824715757848427,13.194793950373205,12.846247500799173,2.646629879822084,2.824715757848427,17.839195979899497,19.732441471571907,0.0619775652885437,0.06826764345169067,0.001,2.5
167,106.40680138669421,106.70496822599583,0.05378111012567028,0.05424708952772179,184.1180750912358,184.43719548764437,2.6486576130641764,2.8250099735515173,13.28780780805016,12.81822693228323,2.6486576130641764,2.8250099735515173,17.839195979899497,19.732441471571907,0.051192283630371094,0.0660509467124939,0.001,2.5
168,107.12082141767594,106.79862988832403,0.05378398784690566,0.05426334795295993,184.1077458878458,184.44883085014828,2.675922507217382,2.831152301169558,13.348818357266373,12.818526006462582,2.675922507217382,2.831152301169558,18.00670016750419,19.732441471571907,0.019867300987243652,0.061458706855773926,0.001,2.5
169,106.7934666159165,106.94988457415016,0.05378503637572429,0.05424320157056668,184.12993469749463,184.47579241596335,2.663498137264795,2.833657557350337,13.320615776419839,12.841260571942282,2.663498137264795,2.833657557350337,17.922948073701843,19.39799331103679,0.040174901485443115,0.06335490942001343,0.001,2.5
170,106.23452251440716,106.30006645993645,0.053772434829367666,0.05424905390195225,184.14445510940936,184.47812277497258,2.661733481951894,2.814495024473771,13.214120615666834,12.76878206068058,2.661733481951894,2.814495024473771,17.922948073701843,19.732441471571907,0.04460799694061279,0.06776785850524902,0.001,2.5
171,106.3937777162996,106.30166036548422,0.05376065718992871,0.05423775808667658,184.1534572582149,184.49401049151467,2.626726985177403,2.8208749461732183,13.350991932790683,12.749961556399546,2.626726985177403,2.8208749461732183,17.839195979899497,19.732441471571907,0.06127399206161499,0.06715273857116699,0.001,2.5
172,106.3279817028461,106.61045214802924,0.05376480092954396,0.05426885742058722,184.16474906883047,184.50011798769336,2.633081914591829,2.8265664665196653,13.318764648245807,12.794637660916434,2.633081914591829,2.8265664665196653,17.75544388609715,19.39799331103679,0.05776184797286987,0.06460177898406982,0.001,2.5
173,106.79136494136536,106.730212667714,0.05374473279070614,0.05428828933217055,184.17248614389493,184.506554594008,2.7156659214939904,2.8282574187951743,13.163692113342796,12.81351045780756,2.7156659214939904,2.8282574187951743,17.922948073701843,19.732441471571907,0.015662729740142822,0.06294602155685425,0.001,2.5
174,106.30148711595902,106.63514806434861,0.053720333037813706,0.054256525625751964,184.1781408415368,184.50624508044393,2.659860192431477,2.815345265793561,13.233137376743745,12.833241516929805,2.659860192431477,2.815345265793561,17.922948073701843,19.732441471571907,0.044776201248168945,0.06757134199142456,0.001,2.5
175,106.24801415933835,106.7852837808156,0.05375043584199207,0.0542307367243097,184.1759474353375,184.5067679618912,2.645138069612896,2.82447136205973,13.266603211062638,12.835895828578783,2.645138069612896,2.82447136205973,17.75544388609715,19.39799331103679,0.04267245531082153,0.0633770227432251,0.001,2.5
176,105.99048632393331,107.06412967949807,0.05375943827743906,0.054310550196812704,184.17654914792058,184.51197580190805,2.640826275600261,2.831281029659769,13.228030714357718,12.871219051322809,2.640826275600261,2.831281029659769,17.922948073701843,19.39799331103679,0.055133163928985596,0.0634392499923706,0.001,2.5
177,106.2923985645799,106.4080847545611,0.05376610850643872,0.05420525232485704,184.18659173144368,184.52223491349747,2.653758019059148,2.817464549405918,13.249614670847729,12.781477857991604,2.653758019059148,2.817464549405918,17.839195979899497,19.732441471571907,0.05072033405303955,0.06913739442825317,0.001,2.5
178,106.68148223519125,106.55077589156237,0.053734147088162265,0.054300593118803156,184.19755273049,184.53345650255082,2.6851372826638533,2.821192736609724,13.233298352814998,12.79880961606335,2.6851372826638533,2.821192736609724,17.922948073701843,19.732441471571907,0.025004267692565918,0.06497955322265625,0.001,2.5
179,105.57812359424891,106.83998240595278,0.05373422704150329,0.054262774382845616,184.20163418819357,184.53774177270589,2.6375190576716285,2.8296540317726775,13.15548046789377,12.831273468043095,2.6375190576716285,2.8296540317726775,17.839195979899497,19.39799331103679,0.0594707727432251,0.0622173547744751,0.001,2.5
180,106.78352478640763,106.89076799373562,0.05376771806896831,0.05422824514051743,184.21321665701555,184.5528545060684,2.713519880320359,2.817437701400706,13.168549159064364,12.878083991366486,2.713519880320359,2.817437701400706,17.839195979899497,19.39799331103679,0.01083076000213623,0.06614094972610474,0.001,2.5
181,106.16413858947243,106.55325700128357,0.05374540419160222,0.05424904057064583,184.22774524784566,184.564813365107,2.683598805911577,2.8246342537793825,13.13443641247262,12.788986343205174,2.683598805911577,2.8246342537793825,17.839195979899497,19.732441471571907,0.026244938373565674,0.06375449895858765,0.001,2.5
182,106.61530613220317,106.59716557021125,0.053763739034608383,0.05419245515529527,184.23612316649164,184.56814228172686,2.682561058494913,2.822210189889506,13.227777870855538,12.805050805260905,2.682561058494913,2.822210189889506,17.67169179229481,19.732441471571907,0.01825815439224243,0.06190991401672363,0.001,2.5
183,106.38419681977187,106.8822689502933,0.05375988066346202,0.05421509592479288,184.23925034923968,184.57324121787795,2.648811512456667,2.823737274444223,13.2828049731614,12.857485704198728,2.648811512456667,2.823737274444223,17.839195979899497,19.39799331103679,0.037835896015167236,0.0684967041015625,0.001,2.5
184,106.11708697601779,106.72066357462701,0.05374931917218507,0.054199699175397686,184.2443469125821,184.5776943347127,2.6644221290671446,2.8162565789493827,13.182552586847814,12.847608075094064,2.6644221290671446,2.8162565789493827,18.00670016750419,19.732441471571907,0.030557572841644287,0.0648452639579773,0.001,2.5
185,106.78923803997199,106.94064652560945,0.05373472350351575,0.054246776092510954,184.2478283957221,184.57852280020316,2.6761910072722825,2.824259361694489,13.281678538426283,12.867586920492625,2.6761910072722825,2.824259361694489,17.75544388609715,19.732441471571907,0.031156539916992188,0.06456762552261353,0.001,2.5
186,106.25698543273823,106.89049308036881,0.05374604925338547,0.05424712702980807,184.2421419025466,184.56454722937133,2.6386313494326084,2.8235056982391256,13.287905371967872,12.85981917301548,2.6386313494326084,2.8235056982391256,17.839195979899497,19.732441471571907,0.0628279447555542,0.06544548273086548,0.001,2.5
187,106.71697676002081,107.03005616561227,0.053724816933249306,0.05420684696091058,184.22999140804936,184.55783331115111,2.6868455925179484,2.8222288782381293,13.235267918712928,12.891572129367585,2.6868455925179484,2.8222288782381293,17.839195979899497,19.39799331103679,0.03328901529312134,0.06561422348022461,0.001,2.5
188,106.0655803073391,106.6056369283925,0.05372643060171025,0.054208160817224446,184.22773080694816,184.55836073451218,2.6386786613432407,2.8237521943440007,13.249489234719844,12.802117500815504,2.6386786613432407,2.8237521943440007,17.839195979899497,19.732441471571907,0.05791008472442627,0.06407755613327026,0.001,2.5
189,107.25512219913041,106.21823885608278,0.05373645072157059,0.05418654916228658,184.22505024409972,184.5550220706391,2.7059172741332445,2.817116167234338,13.285680114324368,12.74455086124382,2.7059172741332445,2.817116167234338,17.67169179229481,19.732441471571907,0.01930558681488037,0.06910663843154907,0.001,2.5
190,106.61459397870293,106.59056795560397,0.05370578907392732,0.05417100446030847,184.22711542024086,184.56070272898594,2.6702677991921377,2.819789260526166,13.264528876772678,12.810999640652966,2.6702677991921377,2.819789260526166,17.839195979899497,19.732441471571907,0.034566283226013184,0.06808745861053467,0.001,2.5
191,106.51218811750812,106.73457035332619,0.05371486189052887,0.05419776718253675,184.2310742964497,184.56043041828883,2.645483779747482,2.820402792066236,13.318397113026887,12.837953733361285,2.645483779747482,2.820402792066236,17.922948073701843,19.732441471571907,0.041629254817962646,0.06663018465042114,0.001,2.5
192,105.76414014346635,106.73096534958651,0.053724162193199296,0.054175710523606944,184.22820413611842,184.5582433592117,2.637933333714803,2.81626163756967,13.19143738419167,12.849661823897856,2.637933333714803,2.81626163756967,17.922948073701843,19.732441471571907,0.06271594762802124,0.07162857055664062,0.001,2.5
193,106.00403280593642,107.06386293136954,0.053712202944298286,0.05425712279352456,184.2262287235739,184.55540752091935,2.663100940697956,2.8174427121777996,13.163915624570606,12.912680964007425,2.663100940697956,2.8174427121777996,17.839195979899497,19.732441471571907,0.035359978675842285,0.0697859525680542,0.001,2.5
194,107.27129375515271,107.05365224984976,0.05371027446072705,0.05421438821930949,184.22431674874207,184.55574525558828,2.6824103104608943,2.825658684988883,13.359440752409611,12.886000633239746,2.6824103104608943,2.825658684988883,17.75544388609715,19.732441471571907,0.0334010124206543,0.06465327739715576,0.001,2.5
195,106.47592641041307,106.63635858644211,0.05372332535696589,0.05426397559584981,184.22432819922366,184.55480798829757,2.6637081389051787,2.8175382135703813,13.256471405476582,12.826893516208814,2.6637081389051787,2.8175382135703813,17.75544388609715,19.39799331103679,0.04786330461502075,0.06733536720275879,0.001,2.5
196,106.29819819515873,106.5362556483036,0.053719865853962184,0.05421802351706004,184.2248029597041,184.55642557303642,2.662011141353716,2.8190631635212977,13.226017261869345,12.802307400017678,2.662011141353716,2.8190631635212977,17.75544388609715,19.39799331103679,0.04393690824508667,0.0637279748916626,0.001,2.5
197,106.6830579799224,106.8849043575019,0.053697381767645554,0.05423128009340835,184.2248096561911,184.5552790204817,2.6634924551550068,2.820753413299254,13.29854967765872,12.866963501359308,2.6634924551550068,2.820753413299254,17.839195979899497,19.732441471571907,0.04533374309539795,0.06762254238128662,0.001,2.5
198,106.25744784816825,106.78485844844958,0.05371457025084264,0.054217602671388795,184.22555227615126,184.5565959713531,2.632152000663668,2.825027655598312,13.307445292896162,12.834133591540283,2.632152000663668,2.825027655598312,17.839195979899497,19.732441471571907,0.05248922109603882,0.06675678491592407,0.001,2.5
199,105.9473302512113,106.434899422636,0.05371531831659065,0.05424584311286741,184.22479851241886,184.55557138704535,2.6538002746588423,2.820695556525801,13.180477313260537,12.777133086852007,2.6538002746588423,2.820695556525801,17.839195979899497,19.39799331103679,0.036459147930145264,0.06454300880432129,0.001,2.5
200,105.870248612447,106.67866577352568,0.05369689751110684,0.05419942009010442,184.22539751573623,184.5578841397595,2.623875399929794,2.822776521727393,13.254839301308994,12.819651996012913,2.623875399929794,2.822776521727393,17.839195979899497,19.732441471571907,0.0778815746307373,0.06653064489364624,0.001,2.5
201,107.08612489939934,106.66523436479345,0.05370765369716202,0.05420878940701086,184.22809584216657,184.56188010531525,2.6906466979277592,2.822649141617842,13.297698089625168,12.81734506422062,2.6906466979277592,2.822649141617842,17.922948073701843,19.732441471571907,0.02840644121170044,0.06603407859802246,0.001,2.5
202,106.09308830018419,106.54377874163879,0.05371158615603319,0.05419681253640548,184.23029627712128,184.5593510758518,2.630037877627553,2.822054364609479,13.280915487152049,12.794842024710665,2.630037877627553,2.822054364609479,17.75544388609715,19.39799331103679,0.05183279514312744,0.06483322381973267,0.001,2.5
203,105.68179165378487,106.44716503947076,0.0537184981108211,0.05421187844513651,184.22870885187658,184.5600160324454,2.619679855940929,2.8195740913467664,13.229729082117128,12.782955303638674,2.619679855940929,2.8195740913467664,17.839195979899497,19.732441471571907,0.07140135765075684,0.06516790390014648,0.001,2.5
204,106.19629299860304,106.64331628805817,0.053725299586103586,0.05421790844421323,184.22951122903743,184.56088568135647,2.651688733891626,2.822750471108733,13.236601460519148,12.81265575511001,2.651688733891626,2.822750471108733,17.839195979899497,19.39799331103679,0.047818899154663086,0.0651513934135437,0.001,2.5
205,106.17885064359885,107.04440690362732,0.05372428753018579,0.05423469145012939,184.23032756147273,184.5618796460206,2.6757930055934582,2.821364665111172,13.160800042463906,12.89702778436667,2.6757930055934582,2.821364665111172,18.00670016750419,19.732441471571907,0.033395349979400635,0.06462860107421875,0.001,2.5
206,106.83942220358793,106.71084951955739,0.0537350960699857,0.05427233620630858,184.23020607901978,184.56026216334723,2.6620925894534366,2.8148974782248404,13.334013154558601,12.849711204452259,2.6620925894534366,2.8148974782248404,17.922948073701843,19.39799331103679,0.03574246168136597,0.06888461112976074,0.001,2.5
207,106.42578252795553,106.38707403993128,0.05370374749004342,0.05426750363264993,184.22887421932253,184.55942287891605,2.6377255856691293,2.822507924459451,13.324393232463793,12.762125385246149,2.6377255856691293,2.822507924459451,17.75544388609715,19.732441471571907,0.05817520618438721,0.06686747074127197,0.001,2.5
208,106.04058729264405,106.38640326560541,0.05370629376028251,0.05427363547294036,184.22880382953178,184.5602403213348,2.6598561976223536,2.8224631081456724,13.180961870867604,12.762123985035364,2.6598561976223536,2.8224631081456724,17.839195979899497,19.732441471571907,0.034584224224090576,0.06452250480651855,0.001,2.5
209,105.67887980654412,106.48833738601327,0.05369310699390806,0.05416890884123518,184.2292288519829,184.56039061275214,2.6171372819386134,2.8281949539248363,13.236779696977319,12.76533659166317,2.6171372819386134,2.8281949539248363,17.75544388609715,19.732441471571907,0.07765483856201172,0.06346708536148071,0.001,2.5
210,105.75005156550576,106.52712507471193,0.05371337007712479,0.054175587601486254,184.22978302462016,184.56097682582893,2.633493249340473,2.8150708826887967,13.20194171062067,12.812465093606292,2.633493249340473,2.8150708826887967,17.587939698492463,19.732441471571907,0.04289507865905762,0.07306772470474243,0.001,2.5
211,105.86931534708046,106.544938026862,0.0537225419914403,0.05422629869502524,184.2298922131409,184.56071104732246,2.6237352253803654,2.8151250164644375,13.255066518607851,12.81585568010209,2.6237352253803654,2.8151250164644375,17.839195979899497,19.39799331103679,0.06948834657669067,0.06784296035766602,0.001,2.5
212,105.82016481945863,106.45796698630853,0.053709978490468845,0.05423678870135326,184.2298428329391,184.56074375930837,2.637931368059449,2.8142600226960455,13.202651185206632,12.801053761638526,2.637931368059449,2.8142600226960455,18.00670016750419,19.39799331103679,0.05728805065155029,0.07046622037887573,0.001,2.5
213,106.28135622366389,107.0448660962159,0.05371082200976073,0.05423303167756186,184.23103432200062,184.56287340655373,2.659640533840237,2.830043666737534,13.229761112475115,12.871082567450992,2.659640533840237,2.830043666737534,17.922948073701843,19.732441471571907,0.04552459716796875,0.0678068995475769,0.001,2.5
214,106.18075213919532,106.98487512084553,0.053722535083741196,0.05423523856943666,184.23227329988975,184.56375188412875,2.676722873195731,2.8263599035333233,13.158391195325995,12.870135562475708,2.676722873195731,2.8263599035333233,17.922948073701843,19.732441471571907,0.022511184215545654,0.0699988603591919,0.001,2.5
215,106.0851002857713,106.70889300088021,0.05373527703048596,0.05428349636619705,184.23295496137098,184.56437096228967,2.6363279695686583,2.8239532473892672,13.260442732167204,12.822149633962574,2.6363279695686583,2.8239532473892672,17.839195979899497,19.39799331103679,0.05579191446304321,0.06283116340637207,0.001,2.5
216,105.70376865508369,106.60192462831836,0.05369944528519009,0.054240156064763116,184.23295534475764,184.56410069290212,2.6167112690719527,2.8239844020792475,13.243033201450878,12.800671306342185,2.6167112690719527,2.8239844020792475,17.839195979899497,19.732441471571907,0.06838572025299072,0.06688946485519409,0.001,2.5
217,106.59707254381036,106.98900397565453,0.05372254853721839,0.05425691204675065,184.2337197921983,184.565216676846,2.6671371879290096,2.8274535518824853,13.270411553694375,12.867675927969126,2.6671371879290096,2.8274535518824853,17.839195979899497,19.39799331103679,0.039385080337524414,0.06329858303070068,0.001,2.5
218,106.10298793160136,106.62700094267676,0.053687177810637,0.054215770924968466,184.2347532492786,184.56601467579105,2.6398981272475406,2.811959851944327,13.253318646045985,12.841764178961814,2.6398981272475406,2.811959851944327,17.75544388609715,19.732441471571907,0.062106311321258545,0.06890732049942017,0.001,2.5
219,106.65477426806886,106.68178213878619,0.05370591574003748,0.054227368077605864,184.23517466789514,184.56601896254116,2.6394137553433876,2.8175805173191337,13.365125501175822,12.835856731121357,2.6394137553433876,2.8175805173191337,17.922948073701843,19.39799331103679,0.05656176805496216,0.06458300352096558,0.001,2.5
220,106.32847969655815,107.04763166242618,0.05373172498802643,0.05424654656977558,184.23521934522057,184.56619553581928,2.651942714374868,2.8252494414913216,13.26227408557681,12.886015681518758,2.651942714374868,2.8252494414913216,18.00670016750419,19.063545150501675,0.045573651790618896,0.06780564785003662,0.001,2.5
221,107.36390558239603,107.0044786587208,0.053735085025155165,0.05416754970831616,184.23550542834616,184.56668601147706,2.664603527666536,2.8265873803741557,13.43137619523347,12.87338698907042,2.664603527666536,2.8265873803741557,17.922948073701843,19.732441471571907,0.04260760545730591,0.06383103132247925,0.001,2.5
222,106.3867604880277,106.75597853644636,0.05368981181551863,0.05422489924424867,184.23611411856646,184.56687575120193,2.6470817033968976,2.8244055082965454,13.288521736311154,12.830221383467965,2.6470817033968976,2.8244055082965454,17.839195979899497,19.732441471571907,0.05339425802230835,0.06491446495056152,0.001,2.5
223,106.29508990059347,106.70939396376593,0.053706351361881746,0.05425892912324854,184.23578366482477,184.56663370291923,2.6664260675759373,2.8250851878354384,13.212151235072456,12.818857598065533,2.6664260675759373,2.8250851878354384,17.839195979899497,19.39799331103679,0.04466754198074341,0.06323283910751343,0.001,2.5
224,106.6980225069439,106.32268090391638,0.053710501566154874,0.05419164484858911,184.2363128150927,184.56794835731736,2.6411899805468333,2.812178296787683,13.368445484282782,12.78024989864898,2.6411899805468333,2.812178296787683,17.922948073701843,19.732441471571907,0.04493093490600586,0.07135486602783203,0.001,2.5
225,105.87155514306559,106.6435164129455,0.05374101534410937,0.05423760022905758,184.23730496865022,184.56854339905806,2.6462778517948324,2.8108786970476642,13.187882290812992,12.848306180641403,2.6462778517948324,2.8108786970476642,17.839195979899497,19.39799331103679,0.05257540941238403,0.07195812463760376,0.001,2.5
226,105.96406309808319,106.8621689914461,0.053715884479595785,0.05422957954199418,184.23798064929954,184.5690927154643,2.6355685428958044,2.8161976919525045,13.238516143019275,12.876080643771882,2.6355685428958044,2.8161976919525045,17.75544388609715,19.732441471571907,0.06879818439483643,0.06723421812057495,0.001,2.5
227,106.99803552675486,106.84179095520224,0.05372237175752969,0.05418428566842574,184.23831222764213,184.56931067629404,2.7028659348511814,2.818461540151998,13.243416979484621,12.865222516267195,2.7028659348511814,2.818461540151998,17.75544388609715,19.39799331103679,0.02867668867111206,0.07010889053344727,0.001,2.5
228,106.84617008995171,106.82720962575446,0.05370791360012051,0.05421052672542059,184.2384807644178,184.5692997552878,2.660680600746193,2.8283694906776966,13.339602778704721,12.832576917565387,2.660680600746193,2.8283694906776966,17.922948073701843,19.39799331103679,0.032170772552490234,0.060508906841278076,0.001,2.5
229,105.44090708056886,106.85979469324833,0.053722241266288946,0.054231791591963244,184.238306655756,184.56894890520485,2.6295717760945485,2.8200685029045793,13.151874243514222,12.8639935235116,2.6295717760945485,2.8200685029045793,17.75544388609715,19.39799331103679,0.06638157367706299,0.06423294544219971,0.001,2.5
230,106.0315555336088,106.72881294173939,0.05371412850754145,0.05413755601315594,184.2381016205703,184.568846482497,2.655183791714897,2.8192505517532194,13.193169068251823,12.84026957355614,2.655183791714897,2.8192505517532194,17.839195979899497,19.732441471571907,0.051053404808044434,0.06688332557678223,0.001,2.5
231,105.09518833895225,106.69704031545582,0.05370195149451844,0.0542262360254259,184.23788740966387,184.56864602589687,2.5792461264273228,2.8156150511674656,13.233711699544884,12.844804068472872,2.5792461264273228,2.8156150511674656,17.839195979899497,19.732441471571907,0.0893128514289856,0.06884825229644775,0.001,2.5
232,106.64037761336795,107.0205189121208,0.053707790846501166,0.05420607744551024,184.23802547997965,184.56914298271255,2.6725412784908684,2.827149596900047,13.262862766208361,12.874899545242156,2.6725412784908684,2.827149596900047,17.922948073701843,19.732441471571907,0.04208606481552124,0.06832748651504517,0.001,2.5
233,106.26997618299832,106.89650205784419,0.05373742475082327,0.054213867201952634,184.23842622127566,184.56918008351406,2.6466354137689025,2.832942800777014,13.26649385640769,12.832715343870845,2.6466354137689025,2.832942800777014,17.839195979899497,19.732441471571907,0.03177756071090698,0.06195110082626343,0.001,2.5
234,105.64264295568418,106.74239693836225,0.053715839807312295,0.0542043156199232,184.2382037803356,184.56898171925624,2.6084817534116045,2.8203740558496686,13.255492311027181,12.839603293300872,2.6084817534116045,2.8203740558496686,17.839195979899497,19.732441471571907,0.07207995653152466,0.06775104999542236,0.001,2.5
235,106.6518609639588,106.83541482268369,0.05370403577260036,0.05421587730131819,184.23820996564038,184.5691277239235,2.6548163315758635,2.8253734295184794,13.318334895761767,12.843205608253097,2.6548163315758635,2.8253734295184794,17.922948073701843,19.39799331103679,0.036588072776794434,0.0634118914604187,0.001,2.5
236,105.89974561528345,106.66935145655603,0.05372125496916236,0.05423717234395818,184.23832659186232,184.5691364505219,2.620241638803402,2.8210851245101876,13.27163246129226,12.822853123463915,2.620241638803402,2.8210851245101876,17.839195979899497,19.732441471571907,0.0744473934173584,0.06894582509994507,0.001,2.5
237,106.11742856075216,106.56951996155806,0.05370782601523839,0.05423948202394323,184.2381867579679,184.56898386263128,2.632739417716686,2.822892866804448,13.277677901825513,12.797464724767169,2.632739417716686,2.822892866804448,17.75544388609715,19.732441471571907,0.05970180034637451,0.065338134765625,0.001,2.5
238,106.33685471424505,106.71992507985603,0.05371061795495663,0.054242463215537697,184.23830118610633,184.56932169936573,2.6805401024107556,2.825224370063348,13.178160764863543,12.820549269583712,2.6805401024107556,2.825224370063348,17.922948073701843,19.732441471571907,0.04210323095321655,0.0637088418006897,0.001,2.5
239,106.26185336983583,106.8190345891742,0.05372323097670498,0.054150297128934925,184.2385596653924,184.56937181351574,2.618598835751839,2.818586995370412,13.348981799791806,12.860301400506776,2.618598835751839,2.818586995370412,18.00670016750419,19.732441471571907,0.06906163692474365,0.06812131404876709,0.001,2.5
240,106.0165075305319,107.15754112830528,0.0537318967257812,0.054202097116106726,184.23855054078987,184.5694525473094,2.667460216349693,2.8313590826398154,13.153326748603552,12.8896770413504,2.667460216349693,2.8313590826398154,17.75544388609715,19.732441471571907,0.04445075988769531,0.06388860940933228,0.001,2.5
241,106.44418690232575,106.59073376097408,0.05369703085403546,0.0541958382421712,184.23856434270965,184.56928684400475,2.6459394443773943,2.8230261691039225,13.303431707410956,12.801315833892312,2.6459394443773943,2.8230261691039225,18.090452261306535,19.39799331103679,0.05654114484786987,0.06451892852783203,0.001,2.5
242,106.15744338043571,106.66810944726235,0.0537484827477928,0.054163880907871255,184.2387150903443,184.57021099588147,2.6533306571506774,2.8185437108362,13.223899560158376,12.830244641638918,2.6533306571506774,2.8185437108362,18.090452261306535,19.732441471571907,0.034968554973602295,0.0667872428894043,0.001,2.5
243,106.90640767415364,106.67956655240776,0.053698439800010454,0.05419688969601357,184.2394532630192,184.57037016699545,2.6837614301461072,2.8229574894027967,13.282409556147641,12.819286547376958,2.6837614301461072,2.8229574894027967,17.67169179229481,19.39799331103679,0.028524398803710938,0.0635257363319397,0.001,2.5
244,106.81105022334573,106.76097647880631,0.05372580487774045,0.05423387549942154,184.2395125090377,184.57037225933777,2.657024503752614,2.8161783904136226,13.343543237976892,12.855899255809975,2.657024503752614,2.8161783904136226,17.75544388609715,19.732441471571907,0.0282135009765625,0.06968176364898682,0.001,2.5
245,105.86786057362005,106.95639821438486,0.05372739620069962,0.05423059536262499,184.23930039397837,184.5700714723721,2.6661996533922614,2.819689040997355,13.127379743298095,12.884451888476725,2.6661996533922614,2.819689040997355,17.67169179229481,19.732441471571907,0.04774993658065796,0.06723451614379883,0.001,2.5
246,106.18531513054367,106.92535349357885,0.053739866388453114,0.05420912536839179,184.2390405089412,184.5696681606331,2.636535655713361,2.8268840950867005,13.27986045498744,12.856662345171772,2.636535655713361,2.8268840950867005,17.67169179229481,19.39799331103679,0.042219460010528564,0.06343585252761841,0.001,2.5
247,105.52683829302764,106.78839851302845,0.05370127591905083,0.05421594590148001,184.23880587630535,184.56944785229737,2.6304997463322164,2.8227321543422432,13.166280359878412,12.84172602242052,2.6304997463322164,2.8227321543422432,18.00670016750419,19.39799331103679,0.06998640298843384,0.06534117460250854,0.001,2.5
248,107.16848537630372,106.68052397763051,0.0537286057906035,0.05418974797811397,184.23854709030994,184.56948934191445,2.677234556607066,2.8172052066063005,13.35440000696997,12.836737540254624,2.677234556607066,2.8172052066063005,17.922948073701843,19.732441471571907,0.03034675121307373,0.06934046745300293,0.001,2.5
249,106.26394443735605,106.83019496445672,0.053693226989439784,0.05422705020693234,184.23857561427744,184.56935844293804,2.6337705365377455,2.8213413391623607,13.303890777792363,12.854254971379818,2.6337705365377455,2.8213413391623607,17.922948073701843,19.39799331103679,0.06257122755050659,0.06680768728256226,0.001,2.5
250,105.95868254746225,106.70549307220357,0.053707775302618194,0.05421797593550937,184.2384776717654,184.5694477502319,2.644256833809704,2.82193054562827,13.211376669418872,12.827550144897257,2.644256833809704,2.82193054562827,17.75544388609715,19.732441471571907,0.054941415786743164,0.06777489185333252,0.001,2.5
251,106.16060678044356,106.8031874946926,0.053716869603599136,0.05418146620925055,184.23869916701835,184.5697115894943,2.662561505284142,2.8252008878267727,13.196845984339115,12.837284719664915,2.662561505284142,2.8252008878267727,17.75544388609715,19.732441471571907,0.027788996696472168,0.06211376190185547,0.001,2.5
252,106.65035233745223,106.67749309220841,0.053726551601884755,0.05418689373295044,184.23905845143688,184.5702499848943,2.631313510076884,2.8118398907192574,13.388536761553842,12.852227108933057,2.631313510076884,2.8118398907192574,18.00670016750419,19.39799331103679,0.052551448345184326,0.07134795188903809,0.001,2.5
253,106.39291688545265,106.94529997146249,0.05374288408575545,0.05421327706114903,184.23940902019865,184.5702085973427,2.6661710791052684,2.827362434521168,13.232473665745415,12.85921562794459,2.6661710791052684,2.827362434521168,17.75544388609715,19.732441471571907,0.05031031370162964,0.06232917308807373,0.001,2.5
254,105.8169693427669,106.51863292068941,0.053718349130409244,0.05420002359959194,184.23939848984506,184.57028922907085,2.669548116536995,2.8172055781884335,13.10715820401957,12.804356648371769,2.669548116536995,2.8172055781884335,17.922948073701843,19.39799331103679,0.03224921226501465,0.06804859638214111,0.001,2.5
255,105.24417845248378,106.81438224052506,0.05371046090620247,0.05422456305860277,184.23963179340714,184.57069264287534,2.608979484344048,2.8262889983263304,13.17430732318105,12.836250235005764,2.608979484344048,2.8262889983263304,17.839195979899497,19.39799331103679,0.07660698890686035,0.06727868318557739,0.001,2.5
256,106.20632142237882,106.46107304295569,0.053718204730170055,0.054219064903897184,184.2399259787708,184.5709193303035,2.656848466576044,2.814789990517607,13.22312684594287,12.80008740887594,2.656848466576044,2.814789990517607,17.839195979899497,19.732441471571907,0.04995846748352051,0.0695149302482605,0.001,2.5
257,106.92437718581515,106.65398848415617,0.053692816202864174,0.05424064730471592,184.24007721202858,184.5709193303035,2.677425390511901,2.820617476434612,13.305012239683014,12.821182522087991,2.677425390511901,2.820617476434612,17.839195979899497,19.732441471571907,0.032993197441101074,0.06596499681472778,0.001,2.5
258,106.80688162185439,106.85445942448135,0.053726323441894014,0.05424671986429987,184.24012559542504,184.5709760276769,2.670275926190605,2.8172184065432853,13.302955006035528,12.871472004663984,2.670275926190605,2.8172184065432853,18.00670016750419,19.39799331103679,0.04359680414199829,0.06810128688812256,0.001,2.5
259,107.36598280965782,106.63412000981462,0.0537097619057101,0.05417160652453285,184.24015534622984,184.57102180404408,2.695968000533393,2.8126216221812577,13.337702508348118,12.841211287074264,2.695968000533393,2.8126216221812577,18.090452261306535,19.732441471571907,0.007390379905700684,0.07138097286224365,0.001,2.5
260,105.64844250958569,106.77464365879429,0.053737753649652505,0.05423726988676001,184.2402164069452,184.57116990105365,2.6248641133907453,2.822787808734039,13.207500280447341,12.838803061673474,2.6248641133907453,2.822787808734039,17.75544388609715,19.732441471571907,0.059949278831481934,0.06497365236282349,0.001,2.5
261,105.60678271831979,107.16572415150927,0.05373056302193421,0.05420837482829955,184.2403933782274,184.5712527271896,2.6332351941758865,2.831463045101102,13.174057141021269,12.890999749352702,2.6332351941758865,2.831463045101102,17.922948073701843,19.39799331103679,0.055168747901916504,0.0627908706665039,0.001,2.5
262,105.43638779529974,106.46279254007499,0.05371773198646317,0.054216826627386056,184.24044843255174,184.57130937353026,2.6327741741135693,2.814931518656753,13.141363345198895,12.800006120101266,2.6327741741135693,2.814931518656753,18.090452261306535,19.39799331103679,0.04403078556060791,0.07063210010528564,0.001,2.5
263,106.59184919449952,106.9409374887728,0.05371321229828862,0.05422531798432104,184.24051296930617,184.57148584474288,2.6497879251962533,2.8260117884862384,13.321415792557861,12.862392116151128,2.6497879251962533,2.8260117884862384,17.839195979899497,19.732441471571907,0.03538030385971069,0.06547421216964722,0.001,2.5
264,106.12131249764856,106.54513932550232,0.05370284458450736,0.05425787836711941,184.24063204920273,184.57153595889292,2.6350870603692393,2.8206936651248995,13.271412569873497,12.799180104182316,2.6350870603692393,2.8206936651248995,17.75544388609715,19.39799331103679,0.05469846725463867,0.06773442029953003,0.001,2.5
265,106.90438939898058,106.53583258689447,0.05371398592314728,0.05418010903242041,184.2408113719231,184.57180852475375,2.664030416526986,2.820534454938959,13.341195461139009,12.797813153984555,2.664030416526986,2.820534454938959,17.839195979899497,19.732441471571907,0.061542391777038574,0.06752222776412964,0.001,2.5
266,106.24878857483216,106.83384592317817,0.05369691158234574,0.054188216634618,184.24103956366304,184.57189568867253,2.6189033889291276,2.818860656840347,13.345459738368765,12.862435391914087,2.6189033889291276,2.818860656840347,17.75544388609715,19.39799331103679,0.06870746612548828,0.06730484962463379,0.001,2.5
267,106.49932232574002,106.71451553293694,0.05368449065952844,0.054250092709742265,184.24107547421352,184.5719327384413,2.639266320009727,2.81891579612043,13.334480747305967,12.838391964252178,2.639266320009727,2.81891579612043,17.922948073701843,19.39799331103679,0.05337005853652954,0.06637650728225708,0.001,2.5
268,106.31505024972273,106.66454863787494,0.05372800923871435,0.05419642758558825,184.24141395351594,184.57259529649613,2.680943589713705,2.821035974400498,13.172585292477503,12.822047823647592,2.680943589713705,2.821035974400498,17.922948073701843,19.732441471571907,0.045469582080841064,0.06777608394622803,0.001,2.5
269,106.48969962728683,106.58340596993233,0.05372708971601235,0.05423710725728086,184.2419169312546,184.5729156800337,2.681162698784066,2.8208830029669416,13.20685836018829,12.806270366528361,2.681162698784066,2.8208830029669416,17.839195979899497,19.732441471571907,0.03071415424346924,0.0657762885093689,0.001,2.5
270,105.51877610607562,106.3021585215693,0.05374780499455917,0.05416985019343753,184.2423834105832,184.57344539986806,2.6298821970845387,2.819312166609493,13.166510288040442,12.754746395608652,2.6298821970845387,2.819312166609493,17.922948073701843,19.732441471571907,0.060529351234436035,0.06507807970046997,0.001,2.5
271,105.68476428059078,107.04505820896314,0.05372683826203722,0.054264834605431474,184.24263971734487,184.57368964255852,2.621897253758544,2.8300757272586377,13.223667154360058,12.871016221700305,2.621897253758544,2.8300757272586377,17.839195979899497,19.39799331103679,0.06835591793060303,0.06286364793777466,0.001,2.5
272,106.0232480558718,106.89222380469077,0.05373269530446885,0.05420238448674464,184.2430578643952,184.57410178296143,2.6699774181423477,2.827768491662067,13.147122034874792,12.847383511903693,2.6699774181423477,2.827768491662067,17.922948073701843,19.39799331103679,0.04488152265548706,0.06582140922546387,0.001,2.5
273,106.83198731388877,106.84634623958115,0.053731754153867065,0.054251322254887394,184.24322862481353,184.57410178296143,2.689620171360035,2.8226116397309062,13.249942279540914,12.853669074068101,2.689620171360035,2.8226116397309062,17.75544388609715,19.732441471571907,0.03508251905441284,0.0655515193939209,0.001,2.5
274,106.05109036188429,107.19450592755474,0.05371692379190894,0.05420109349299833,184.24339394114125,184.57430673044263,2.641218332389691,2.8248813782248607,13.238970973783202,12.91650182028678,2.641218332389691,2.8248813782248607,18.090452261306535,19.732441471571907,0.060597360134124756,0.0635991096496582,0.001,2.5
275,106.15813782147227,107.12664366246865,0.05372201804839187,0.05421285016032366,184.24368268241435,184.57483864468475,2.655190703457524,2.822064008202441,13.21846224914244,12.91137859255175,2.655190703457524,2.822064008202441,17.839195979899497,19.732441471571907,0.06169003248214722,0.06757032871246338,0.001,2.5
276,105.65006932141992,107.08463116393838,0.053715057115708564,0.054220614799089656,184.2439389124987,184.57474709195037,2.6665081111230644,2.830008313807357,13.082897854011064,12.879142161595782,2.6665081111230644,2.830008313807357,17.839195979899497,19.732441471571907,0.03564894199371338,0.06349772214889526,0.001,2.5
277,106.92385600998973,106.66966257765142,0.05372004227172989,0.054206254390569836,184.24384789650563,184.57471432893172,2.6766836076126226,2.8233977033940447,13.307127313597917,12.81598209138698,2.6766836076126226,2.8233977033940447,17.922948073701843,19.732441471571907,0.03947526216506958,0.0665738582611084,0.001,2.5
278,106.53833718355776,106.90925149056424,0.05372784921347196,0.0542304636817114,184.2438755770225,184.57473178212857,2.675809824686354,2.8273658465382248,13.232643026802409,12.851991608788737,2.675809824686354,2.8273658465382248,17.922948073701843,19.732441471571907,0.038650691509246826,0.06583517789840698,0.001,2.5
279,106.96485592891622,106.85884834213002,0.053713713502714186,0.054213816817089866,184.2439094428441,184.57491488759732,2.6544980411753185,2.8199134877692895,13.38188550939512,12.864272369588896,2.6544980411753185,2.8199134877692895,17.75544388609715,19.732441471571907,0.0514640212059021,0.06638514995574951,0.001,2.5
280,106.39028634178379,106.91586331778944,0.05371997967811685,0.054216347422986526,184.24417937261177,184.57533789797372,2.662656920639115,2.8210555956913876,13.242493755653676,12.87224770549149,2.662656920639115,2.8210555956913876,17.839195979899497,19.732441471571907,0.04693925380706787,0.06675553321838379,0.001,2.5
281,105.89152575417779,106.69646737089126,0.053734864066144326,0.05420732712466581,184.24486049735168,184.57584148904553,2.636165348928378,2.8190523748812466,13.22221330102764,12.834379215304269,2.636165348928378,2.8190523748812466,17.922948073701843,19.39799331103679,0.049153149127960205,0.06509208679199219,0.001,2.5
282,106.11356378040921,106.97168999611334,0.053731052201846534,0.05419034637934388,184.24513998622672,184.57604199667838,2.641671247019041,2.8258500131077593,13.250103525580274,12.869034441817165,2.641671247019041,2.8258500131077593,17.67169179229481,19.39799331103679,0.049362123012542725,0.0626646876335144,0.001,2.5
283,107.06486820495708,106.47459284039246,0.05371339555511523,0.054208096390882865,184.2452531364096,184.57628179952053,2.6646772533205887,2.8123409692260335,13.371350296378335,12.81013836430068,2.6646772533205887,2.8123409692260335,17.839195979899497,19.732441471571907,0.028756260871887207,0.06876218318939209,0.001,2.5
284,106.24694520065333,107.056068547992,0.05373014140892868,0.05416519846455708,184.24553847832098,184.57638861104397,2.640698263992616,2.8252673723227204,13.279699063580638,12.887663047050552,2.640698263992616,2.8252673723227204,17.839195979899497,19.39799331103679,0.04980820417404175,0.06694340705871582,0.001,2.5
285,105.70355536430525,106.97439738500078,0.053719853548648167,0.05422217646819293,184.24550313007092,184.57638432429388,2.6164676655876375,2.8303905059661356,13.243714952389,12.855948693776211,2.6164676655876375,2.8303905059661356,18.00670016750419,19.39799331103679,0.053996920585632324,0.06260615587234497,0.001,2.5
286,106.22635199516462,106.64276041394493,0.05368638902253641,0.05423534906976996,184.24544058692715,184.57628389186286,2.6381187610690118,2.8216195114480214,13.283327794354564,12.815930864085322,2.6381187610690118,2.8216195114480214,17.839195979899497,19.732441471571907,0.06263929605484009,0.06816279888153076,0.001,2.5
287,106.35758430314823,106.4454350806399,0.053723568524198115,0.05417911857864929,184.24570849752507,184.57663897766318,2.662534873090198,2.8253625842639836,13.236317700077741,12.765248614410094,2.662534873090198,2.8253625842639836,17.922948073701843,19.39799331103679,0.06158667802810669,0.06386923789978027,0.001,2.5
288,106.41453557357916,106.81384864220253,0.05370850505391557,0.0542169900044151,184.24582750074427,184.5766084090523,2.6859163618966364,2.8270184961848432,13.1775672759243,12.833956055019213,2.6859163618966364,2.8270184961848432,17.922948073701843,19.732441471571907,0.03167849779129028,0.0665934681892395,0.001,2.5
289,106.34005031873234,106.52690537876907,0.05370874719778497,0.05421742759520393,184.24587976912557,184.57666730083352,2.6445599776416566,2.8220508903962713,13.286739063422685,12.79146894244446,2.6445599776416566,2.8220508903962713,17.922948073701843,19.39799331103679,0.05113857984542847,0.06513446569442749,0.001,2.5
290,106.32060134350954,106.70791141165539,0.05369803559041303,0.054266982914313026,184.2459865039717,184.5770379005866,2.6883708388362098,2.81504172066781,13.151419029363636,12.848688980408735,2.6883708388362098,2.81504172066781,18.00670016750419,19.732441471571907,0.037841975688934326,0.07114565372467041,0.001,2.5
291,106.69932704395185,107.06138337814689,0.05371330209837687,0.05425303889108342,184.246401174983,184.57722753824598,2.6851074028654116,2.827754592417076,13.236951037267943,12.881247003740292,2.6851074028654116,2.827754592417076,17.922948073701843,19.39799331103679,0.035080552101135254,0.06439167261123657,0.001,2.5
292,106.93348992889251,106.66056823730469,0.05372324326953896,0.05420841529566708,184.24645730279,184.57736047853194,2.6609825612711946,2.813087839745359,13.356156278894575,12.845092304574207,2.6609825612711946,2.813087839745359,17.75544388609715,19.732441471571907,0.029389262199401855,0.07015258073806763,0.001,2.5
293,106.07649253960231,106.46640726555151,0.053725642999212946,0.05422316897772626,184.24685127092167,184.5781690922868,2.637132640659709,2.8120321757019964,13.25630625208818,12.809424553427808,2.637132640659709,2.8120321757019964,17.922948073701843,19.732441471571907,0.07419764995574951,0.0715985894203186,0.001,2.5
294,105.29303067972512,106.6657504588864,0.053724233160915486,0.054234326571026774,184.24809783986666,184.57921102772588,2.6330534337553346,2.8229461457817053,13.111851155458384,12.816548548414556,2.6330534337553346,2.8229461457817053,17.922948073701843,19.39799331103679,0.05666095018386841,0.06616538763046265,0.001,2.5
295,106.71058689289956,106.44158425219482,0.0537288259758522,0.05424088819020967,184.24863775052017,184.57952712451336,2.6934787975483805,2.820309907696319,13.214085682752344,12.779622881707539,2.6934787975483805,2.820309907696319,17.922948073701843,19.732441471571907,0.02992081642150879,0.06895357370376587,0.001,2.5
296,106.9255648026714,106.64686788603613,0.05370169237780212,0.05424034793590223,184.24882831924924,184.57961653387267,2.6501819380563707,2.8192732509562006,13.386976912992084,12.82378950087123,2.6501819380563707,2.8192732509562006,17.839195979899497,19.732441471571907,0.03520846366882324,0.06738752126693726,0.001,2.5
297,106.72772868554196,106.84295715536162,0.05370779590091514,0.05419748799757017,184.24928426822427,184.58014849914755,2.670876576872527,2.831730037229914,13.28532494811756,12.825645443587797,2.670876576872527,2.831730037229914,17.839195979899497,19.39799331103679,0.03880512714385986,0.06315350532531738,0.001,2.5
298,106.71922018539965,106.80673205015253,0.053701847648151356,0.05423055126964049,184.24953014686878,184.5801179305367,2.667192144409895,2.82374035793802,13.294677400509118,12.842362984367039,2.667192144409895,2.82374035793802,17.922948073701843,19.39799331103679,0.028836846351623535,0.06513172388076782,0.001,2.5
299,106.46635711772159,106.81660231778454,0.05372092799225844,0.05421827575285299,184.24919038961082,184.57961653387267,2.6396230437248396,2.818796992700634,13.326808549251588,12.859170470349365,2.6396230437248396,2.818796992700634,17.67169179229481,19.732441471571907,0.04499197006225586,0.06594306230545044,0.001,2.5
300,106.1294187357278,106.93155045014959,0.05371428123196365,0.05415409074529358,184.24896623621035,184.57972559083663,2.6901964741935283,2.81775327430521,13.107701224897376,12.885303140085277,2.6901964741935283,2.81775327430521,17.839195979899497,19.732441471571907,0.026911497116088867,0.06972455978393555,0.001,2.5
301,106.70774772298995,107.09209541652514,0.05369470057575347,0.05421744653313455,184.24906711802012,184.57979310715078,2.678148460547928,2.824532084640452,13.25951535977311,12.897063427545554,2.678148460547928,2.824532084640452,18.00670016750419,19.732441471571907,0.03528636693954468,0.06403392553329468,0.001,2.5
302,105.12527812146261,106.79407100613699,0.053712813211745356,0.05417747187574572,184.24891657485833,184.57975391400697,2.6101688072709384,2.8267515215985353,13.146956908642947,12.83080751042701,2.6101688072709384,2.8267515215985353,17.839195979899497,19.39799331103679,0.058970868587493896,0.06417131423950195,0.001,2.5
303,105.68023551289161,106.4644047663762,0.053713539549753296,0.05420098790157599,184.24911417234284,184.57998274481017,2.6316517577498804,2.818019253753101,13.193499323910405,12.791066437660652,2.6316517577498804,2.818019253753101,18.00670016750419,19.39799331103679,0.06692171096801758,0.06572002172470093,0.001,2.5
304,106.23783843840786,106.48058357366351,0.05372689460315297,0.0542668723516839,184.2493328049754,184.58031404935397,2.667992137784335,2.8215916962129217,13.195996001737202,12.783572745562397,2.667992137784335,2.8215916962129217,18.00670016750419,19.732441471571907,0.034633517265319824,0.06468337774276733,0.001,2.5
305,106.51992225327484,106.53874946517689,0.05370169043715675,0.05419098362824989,184.24953983377173,184.58033803474146,2.657450654398856,2.818025229367923,13.284042144340885,12.805920087374174,2.657450654398856,2.818025229367923,17.75544388609715,19.732441471571907,0.04673111438751221,0.06719851493835449,0.001,2.5
306,105.45847482856993,106.76571471555576,0.05371963031827105,0.054254513470624204,184.24963361014872,184.58038171876632,2.632703767549652,2.8260336998713056,13.14598974550589,12.82727519325588,2.632703767549652,2.8260336998713056,18.00670016750419,19.39799331103679,0.05357372760772705,0.06089329719543457,0.001,2.5
307,106.33901353896762,106.30363377599812,0.05370461153899206,0.05428131223721648,184.24984408942498,184.58064560906146,2.6863079913696852,2.8151085839223704,13.161288152787353,12.767628153032284,2.6863079913696852,2.8151085839223704,17.922948073701843,19.732441471571907,0.035072267055511475,0.06836068630218506,0.001,2.5
308,106.12410844710205,106.5636470118494,0.0537243322087093,0.05421909060715433,184.24983800635664,184.58050598348663,2.636156352520788,2.8233384328542344,13.268757922365838,12.794954350959497,2.636156352520788,2.8233384328542344,17.922948073701843,19.732441471571907,0.051786065101623535,0.06610721349716187,0.001,2.5
309,106.00628373291424,106.5665948670046,0.053737581468856516,0.05422895473979389,184.24980897120696,184.58058656418203,2.6444624548581377,2.825330090761982,13.220271723953324,12.789566320719128,2.6444624548581377,2.825330090761982,17.839195979899497,19.39799331103679,0.04692983627319336,0.0669175386428833,0.001,2.5
310,105.47064385342239,106.64411201604632,0.05370857985300235,0.05414316714756864,184.24994637698583,184.58083070480703,2.632712205251058,2.823696921900363,13.148400268362995,12.80998655465933,2.632712205251058,2.823696921900363,17.839195979899497,19.732441471571907,0.06200629472732544,0.06526154279708862,0.001,2.5
311,105.91140989881863,106.85843084328948,0.0537018745051856,0.054226903973714165,184.25000181469684,184.580865560168,2.633997457111301,2.825268540494019,13.232699129050301,12.848119372109506,2.633997457111301,2.825268540494019,17.75544388609715,19.732441471571907,0.050306499004364014,0.06574970483779907,0.001,2.5
312,106.53179852407382,106.6095174323755,0.053734815394009774,0.05417735578124738,184.250055897775,184.58081325161018,2.638149644861269,2.8256306528646413,13.344313388294111,12.797259620998217,2.638149644861269,2.8256306528646413,17.839195979899497,19.732441471571907,0.05940216779708862,0.0649104118347168,0.001,2.5
313,105.88478603394987,106.95017898202342,0.05371933247600768,0.054211134234300025,184.2502270926982,184.5809311882708,2.62742349330704,2.825508390381982,13.247092641578048,12.865751984127389,2.62742349330704,2.825508390381982,17.75544388609715,19.39799331103679,0.07632553577423096,0.06528490781784058,0.001,2.5
314,106.3695801011282,106.86773819429021,0.05372892764445326,0.05419845147724933,184.25027683072753,184.58100962559115,2.652362618214721,2.8232629594196843,13.269231962398868,12.856001959197895,2.652362618214721,2.8232629594196843,18.00670016750419,19.39799331103679,0.04195559024810791,0.06448698043823242,0.001,2.5
315,106.10881221394243,106.92714157869983,0.053707305441799275,0.05425706539415197,184.25050906080696,184.58138012327876,2.6238097170090158,2.820966596986139,13.302741628995093,12.874760997733942,2.6238097170090158,2.820966596986139,17.922948073701843,19.732441471571907,0.05728214979171753,0.06837773323059082,0.001,2.5
316,106.70914394052784,106.8894265981821,0.05371690014848358,0.05419965407322083,184.25110047306848,184.5824221097506,2.7072959147905387,2.82660522907474,13.172347439393725,12.850313968084329,2.7072959147905387,2.82660522907474,18.00670016750419,19.39799331103679,0.024878323078155518,0.06560516357421875,0.001,2.5
317,106.36630642633742,106.82589798228797,0.0537229693078216,0.0542474639131672,184.2519608438514,184.58293662182862,2.670564928645864,2.8263535802579645,13.21397099742538,12.83835255740877,2.670564928645864,2.8263535802579645,17.922948073701843,19.732441471571907,0.018903255462646484,0.06322675943374634,0.001,2.5
318,106.79971386320028,106.58481717827328,0.053690544842825066,0.05420041778265035,184.25263220501105,184.58395885863033,2.6263193185605,2.8191168930219566,13.43339668126961,12.811856161391855,2.6263193185605,2.8191168930219566,17.839195979899497,19.732441471571907,0.06403189897537231,0.0664747953414917,0.001,2.5
319,106.36129255949751,106.68773263274228,0.05369380490863743,0.0542046083853795,184.25334471633886,184.58423999799135,2.6693722770441717,2.8263676341959467,13.216552074630457,12.81068605722791,2.6693722770441717,2.8263676341959467,17.922948073701843,19.732441471571907,0.04173964262008667,0.06154787540435791,0.001,2.5
320,106.20980390232413,106.66299933494135,0.05371662555028446,0.05423404540505298,184.2534841668466,184.58434680951478,2.6351786905796684,2.8237794585849927,13.288830498355118,12.813498382185614,2.6351786905796684,2.8237794585849927,17.839195979899497,19.732441471571907,0.04411441087722778,0.06427490711212158,0.001,2.5
321,107.32188681342095,106.66433771956326,0.053710316674443745,0.05416860706780268,184.25374369405623,184.58504651940387,2.725290747743156,2.815589988510744,13.240912093988415,12.838346506839612,2.725290747743156,2.815589988510744,17.922948073701843,19.732441471571907,-0.0036433935165405273,0.0688672661781311,0.001,2.5
322,105.72899713308567,106.98107522307431,0.05369327563661427,0.054240886034774144,184.2544835536324,184.58563298764437,2.6392943791208956,2.8203841978092257,13.180326538469323,12.887296498021154,2.6392943791208956,2.8203841978092257,18.00670016750419,19.732441471571907,0.05387306213378906,0.0670090913772583,0.001,2.5
323,106.13907320415554,107.1071253237517,0.053712806690927324,0.05417994064680709,184.2549080393422,184.58594469561623,2.634957508026455,2.8337417597754744,13.275348716045745,12.872447565646475,2.634957508026455,2.8337417597754744,17.75544388609715,19.732441471571907,0.046497225761413574,0.06256133317947388,0.001,2.5
324,106.71375907246193,106.97688293457031,0.053707767995557994,0.05425553767627298,184.25524697870864,184.58591851582096,2.661507201154827,2.824671352986109,13.310637561919501,12.873593939586627,2.661507201154827,2.824671352986109,17.922948073701843,19.39799331103679,0.04190051555633545,0.06723135709762573,0.001,2.5
325,105.87012816513803,107.0110636427251,0.053702190268778524,0.05419490416612115,184.255083298164,184.58584431421798,2.646475004790416,2.8262418058006262,13.187009178813378,12.875731870083506,2.646475004790416,2.8262418058006262,17.839195979899497,19.39799331103679,0.04954254627227783,0.06455761194229126,0.001,2.5
326,106.17440223374359,106.77471484946567,0.053711217339813606,0.05418807007746154,184.25495463360096,184.58595122780687,2.6577259376021085,2.823436150981431,13.214109225888148,12.836880151244708,2.6577259376021085,2.823436150981431,17.922948073701843,19.39799331103679,0.04466819763183594,0.06096130609512329,0.001,2.5
327,106.86849919355895,106.93513547457181,0.05370945473462094,0.054193422684203026,184.25522405218638,184.58607324708663,2.6660849940237688,2.8293319649520927,13.327852439241394,12.85127491456609,2.6660849940237688,2.8293319649520927,17.839195979899497,19.732441471571907,0.04061537981033325,0.06184118986129761,0.001,2.5
328,106.7716613718413,106.58290347606442,0.053709685290778304,0.05422067369356203,184.25525278062676,184.58616694319608,2.6607543611446616,2.8149363954729063,13.32447639382265,12.824010118592941,2.6607543611446616,2.8149363954729063,18.00670016750419,19.732441471571907,0.03188049793243408,0.07033038139343262,0.001,2.5
329,106.05831198636412,106.71710434725452,0.05370004854509779,0.054168614219363316,184.2552514004348,184.58601216089767,2.6597664144570303,2.8208468550423715,13.184772189538084,12.833129318262822,2.6597664144570303,2.8208468550423715,17.839195979899497,19.39799331103679,0.03734588623046875,0.07071781158447266,0.001,2.5
330,106.45689471323087,106.45257226440022,0.05370059775397606,0.0542269093186959,184.25524176465007,184.58608401499464,2.649140263721971,2.813592682714048,13.296367194784347,12.801973932961557,2.649140263721971,2.813592682714048,17.839195979899497,19.732441471571907,0.04784560203552246,0.068550705909729,0.001,2.5
331,107.01453014993588,106.71112193231997,0.05373140374569837,0.05418670290838117,184.25529855699395,184.5860818716196,2.6664943679093915,2.8218446543384155,13.355825213331673,12.828936388660036,2.6664943679093915,2.8218446543384155,17.839195979899497,19.732441471571907,0.04629033803939819,0.06758534908294678,0.001,2.5
332,105.34908550268841,106.66996382391174,0.053723414951133565,0.05421870346352408,184.25515445472806,184.58580721341647,2.6155236202668104,2.8277679151515898,13.17565045125121,12.802927702964348,2.6155236202668104,2.8277679151515898,17.839195979899497,19.732441471571907,0.06889057159423828,0.06265586614608765,0.001,2.5
333,105.28945732436188,106.61608075298194,0.0537143036398656,0.054180023325825215,184.25493495308575,184.58571785508988,2.6122732046660864,2.820675733496114,13.173478104161656,12.813435784151721,2.6122732046660864,2.820675733496114,17.922948073701843,19.39799331103679,0.04993391036987305,0.06883120536804199,0.001,2.5
334,106.4784304876024,106.98267328779036,0.053722157001096,0.05424172236867573,184.25494083168118,184.58594025576792,2.6604860256265357,2.8209945158814906,13.266632731835447,12.885785415419766,2.6604860256265357,2.8209945158814906,17.839195979899497,19.732441471571907,0.05613863468170166,0.06833338737487793,0.001,2.5
335,106.20945348691701,106.82341648982121,0.05371089035666967,0.054169842269408665,184.25516672310118,184.5860492106664,2.639451170686501,2.8304115274678106,13.275944133100397,12.825697254576411,2.639451170686501,2.8304115274678106,17.75544388609715,19.39799331103679,0.058958470821380615,0.06279265880584717,0.001,2.5
336,105.74081995978428,106.42024121236642,0.05374385890749032,0.0542066437270131,184.25534093399943,184.5862214461617,2.6519858689364075,2.820590980874256,13.144606611037773,12.774516309782813,2.6519858689364075,2.820590980874256,18.00670016750419,19.732441471571907,0.03873378038406372,0.06521832942962646,0.001,2.5
337,106.26465720427495,106.62684248602112,0.05368631423592967,0.054205223344839536,184.25554622477623,184.58650702537102,2.6991050431077404,2.8197741372928173,13.108028242536125,12.818288937061526,2.6991050431077404,2.8197741372928173,17.839195979899497,19.39799331103679,0.03768271207809448,0.06697195768356323,0.001,2.5
338,107.16821724845337,106.35194743995284,0.053682478697006424,0.05420623544018006,184.25554297876917,184.58638924180863,2.697100084630688,2.809998995484317,13.294755878160947,12.792634227204083,2.697100084630688,2.809998995484317,17.839195979899497,19.39799331103679,0.014344453811645508,0.06837880611419678,0.001,2.5
339,106.45662911573247,107.01910989818765,0.05371969742341656,0.05428197298410744,184.2557670554923,184.58673146735865,2.683676196502481,2.8299371669922384,13.192702571351324,12.866236865321131,2.683676196502481,2.8299371669922384,17.75544388609715,19.063545150501675,0.029081106185913086,0.06300854682922363,0.001,2.5
340,106.40332023582266,106.81549837756715,0.05372103069046234,0.05420045907232275,184.25600248046058,184.5869037028539,2.6575938453227033,2.815304201980897,13.260286922231192,12.86943031234486,2.6575938453227033,2.815304201980897,17.922948073701843,19.732441471571907,0.05204707384109497,0.0695294737815857,0.001,2.5
341,106.38801397071212,107.10591661332045,0.05371422962702099,0.05420924219798085,184.2561985188393,184.58705629074453,2.6484873518472543,2.826999023207853,13.284547013453702,12.892427128692933,2.6484873518472543,2.826999023207853,17.922948073701843,19.732441471571907,0.057660698890686035,0.064175546169281,0.001,2.5
342,106.82763662929311,107.1494904585108,0.05371156262492814,0.05418846981730748,184.2563198223785,184.58704542077106,2.676790195893203,2.8272571252739946,13.287563143463391,12.900371066702649,2.676790195893203,2.8272571252739946,17.839195979899497,19.732441471571907,0.03762984275817871,0.06481587886810303,0.001,2.5
343,105.9435959629078,106.81718825018127,0.05372346777287959,0.05420464647304653,184.25625876166313,184.58699525558828,2.681224682023577,2.821204744453813,13.097449472002449,12.852064694050563,2.681224682023577,2.821204744453813,17.922948073701843,19.063545150501675,0.02185356616973877,0.06611418724060059,0.001,2.5
344,106.14786201106443,106.7619909075989,0.0537360828787937,0.05426102470494433,184.25625740703026,184.5871413112883,2.6484547172559165,2.8187849138891417,13.236609883843554,12.848273975793335,2.6484547172559165,2.8187849138891417,18.00670016750419,19.39799331103679,0.04703521728515625,0.0669165849685669,0.001,2.5
345,106.45558465545501,107.07967381812259,0.053702000135452906,0.05418798746073924,184.25636644219634,184.58729389917892,2.661851896912209,2.828957070475039,13.257969789169541,12.881308855420372,2.661851896912209,2.828957070475039,17.922948073701843,19.732441471571907,0.04929083585739136,0.06354832649230957,0.001,2.5
346,105.7573277075686,106.69541308552924,0.053739846825999034,0.054258156231414514,184.25659471061363,184.58757947838825,2.6162685469366997,2.8143777592126344,13.25506101700928,12.848179861853353,2.6162685469366997,2.8143777592126344,17.839195979899497,19.732441471571907,0.06805157661437988,0.06637513637542725,0.001,2.5
347,106.57553468637131,106.67338212437454,0.05369394314373957,0.05422445455173585,184.25675649978407,184.58761208830867,2.6808407761942803,2.8227186745225783,13.224994383065944,12.818758020432897,2.6808407761942803,2.8227186745225783,17.839195979899497,19.732441471571907,0.02918154001235962,0.06582778692245483,0.001,2.5
348,106.71550060636434,106.79583597342705,0.0536762708844851,0.054203146364676914,184.2568304422912,184.58765781364312,2.6337965449296448,2.8184681640420868,13.394124048638783,12.85600402602384,2.6337965449296448,2.8184681640420868,17.922948073701843,19.732441471571907,0.05645686388015747,0.06527793407440186,0.001,2.5
349,106.47570615477697,106.79246980290748,0.05372700424025606,0.054255682426850534,184.25683350938448,184.5877101732337,2.6545306170605736,2.817920186447858,13.283952355185146,12.856965852820355,2.6545306170605736,2.817920186447858,17.922948073701843,19.39799331103679,0.048255741596221924,0.0686039924621582,0.001,2.5
350,105.78572339388593,106.84474605700643,0.05371320023009526,0.054231314468244245,184.2568824550814,184.58767098008988,2.665304211515877,2.820160384162214,13.113637906622447,12.860704348637508,2.665304211515877,2.820160384162214,17.922948073701843,19.732441471571907,0.0490267276763916,0.06781196594238281,0.001,2.5
351,106.62316838301207,106.75402178812186,0.053686785681712965,0.05417601159932622,184.25663839113372,184.5873875442556,2.6752441332767556,2.82704531309198,13.251312949150252,12.82191639201697,2.6752441332767556,2.82704531309198,17.839195979899497,19.39799331103679,0.039631187915802,0.06074190139770508,0.001,2.5
352,105.02921922642182,106.7278431921101,0.053699289702839985,0.05419994075860467,184.25675698540718,184.58779299936964,2.621270943326966,2.8253470105072327,13.094439877137866,12.821770055636913,2.621270943326966,2.8253470105072327,17.839195979899497,19.063545150501675,0.05941087007522583,0.06637746095657349,0.001,2.5
353,106.16686799578132,106.6225518574284,0.0537193708645938,0.05420662102641469,184.25709536247317,184.58797385939786,2.6486352336666292,2.8170175057988502,13.239872646491532,12.825699512775127,2.6486352336666292,2.8170175057988502,17.839195979899497,19.732441471571907,0.05924975872039795,0.06670117378234863,0.001,2.5
354,106.27138714814306,106.9997754559469,0.05374721434572634,0.054190788804288695,184.25748306862275,184.58872368343697,2.6544918986021773,2.825437870312694,13.243200629600128,12.875885118210196,2.6544918986021773,2.825437870312694,17.922948073701843,19.732441471571907,0.05922907590866089,0.06607794761657715,0.001,2.5
355,105.45362652086932,106.60768545909869,0.053709503294435176,0.054199756387882804,184.25824386111057,184.58912265739312,2.633750796517735,2.8174957335992,13.141879455528068,12.821291910764764,2.633750796517735,2.8174957335992,17.922948073701843,19.732441471571907,0.046801209449768066,0.06894534826278687,0.001,2.5
356,106.53965202088732,106.4752393231344,0.05370387823088484,0.05421939330256503,184.25839581002342,184.58919037783824,2.6575450653606523,2.8211509750838264,13.287703026878575,12.783833478206775,2.6575450653606523,2.8211509750838264,17.922948073701843,19.732441471571907,0.026821792125701904,0.06545901298522949,0.001,2.5
357,106.31934020587148,106.75837263534699,0.05370042853718826,0.05416528231473671,184.25842527967802,184.58894184839767,2.6503392024655237,2.818690681138565,13.265258600564058,12.847850841024648,2.6503392024655237,2.818690681138565,17.839195979899497,19.39799331103679,0.04083609580993652,0.06209808588027954,0.001,2.5
358,105.89140089792222,107.17256792253475,0.053727204800650505,0.05424609934805229,184.25800539460812,184.58870638333835,2.640962375068984,2.8301135353420093,13.207795619165877,12.896406390595196,2.640962375068984,2.8301135353420093,17.839195979899497,19.39799331103679,0.07561498880386353,0.06205928325653076,0.001,2.5
359,106.60656973425068,106.81191161803179,0.05372959572566015,0.054196717522814124,184.2580926022937,184.5893777700571,2.699420213699341,2.8238095870384803,13.175455732361556,12.843196020477192,2.699420213699341,2.8238095870384803,17.75544388609715,19.732441471571907,0.027840852737426758,0.06407850980758667,0.001,2.5
360,105.61390683479245,106.47462386829797,0.05369951976603599,0.054189935226902915,184.25884173982706,184.58980287277578,2.640016257463388,2.8205506036114136,13.155140878367463,12.78551777549412,2.640016257463388,2.8205506036114136,17.839195979899497,19.732441471571907,0.048448026180267334,0.06560438871383667,0.001,2.5
361,105.8800989147806,106.48830569468214,0.05371581643844769,0.05416467959017658,184.25904697948565,184.58987248143225,2.6632801627793303,2.8218530540083564,13.138584550700994,12.7843508895823,2.6632801627793303,2.8218530540083564,17.75544388609715,19.39799331103679,0.05487239360809326,0.06124013662338257,0.001,2.5
362,106.92490081531518,106.76241488759733,0.053710521371969626,0.054248204610519185,184.25909278141194,184.58974173555407,2.695816464559916,2.822176791353768,13.249936576664348,12.838184315225352,2.695816464559916,2.822176791353768,17.839195979899497,19.732441471571907,0.024233460426330566,0.06417292356491089,0.001,2.5
363,106.04527699328348,106.85414781857494,0.05374928101447959,0.05427979777588892,184.25897891557398,184.5897678643166,2.6594452438642033,2.82875891592989,13.183118261084884,12.836778710917088,2.6594452438642033,2.82875891592989,17.67169179229481,19.39799331103679,0.0466497540473938,0.06534993648529053,0.001,2.5
364,105.88785862243755,106.61299046545125,0.05374223440011942,0.05423601960956452,184.25907790600954,184.5900402770792,2.633703183888191,2.8163418889444407,13.228861797594744,12.825807721319805,2.633703183888191,2.8163418889444407,18.00670016750419,19.732441471571907,0.06035798788070679,0.06457763910293579,0.001,2.5
365,105.88377050658566,106.63239257710434,0.0537161504665711,0.054188030694041364,184.25929306260306,184.58999664408705,2.6403581908400136,2.8245051393540805,13.208084286956531,12.80520825401995,2.6403581908400136,2.8245051393540805,17.75544388609715,19.732441471571907,0.05828559398651123,0.06894952058792114,0.001,2.5
366,106.8998306248855,106.87462661896262,0.053696395495479034,0.054251604143492754,184.25923788048314,184.58995535860095,2.6719527300478427,2.819668670163107,13.316516718073705,12.868150417621319,2.6719527300478427,2.819668670163107,17.839195979899497,19.732441471571907,0.03417706489562988,0.06605780124664307,0.001,2.5
367,106.43539804429864,107.19017347763214,0.05372363661526635,0.054214254843949476,184.2589644235582,184.58968294583835,2.6513793276782014,2.822240866147555,13.28534558070964,12.923551664703266,2.6513793276782014,2.822240866147555,17.839195979899497,19.732441471571907,0.061004579067230225,0.067280113697052,0.001,2.5
368,105.80898690024013,106.63327511178211,0.0537184020332755,0.05423710968681801,184.2590226216532,184.59008615551187,2.6442400047327803,2.8161648563716724,13.181481902922817,12.830395545449145,2.6442400047327803,2.8161648563716724,17.75544388609715,19.732441471571907,0.04606151580810547,0.0657116174697876,0.001,2.5
369,106.27076266239237,106.81431947025567,0.053724821975183246,0.05421491650035948,184.25939396997194,184.59042613562133,2.617005473205592,2.821742808938425,13.355538845860979,12.849873912773004,2.617005473205592,2.821742808938425,17.839195979899497,19.39799331103679,0.06141155958175659,0.06500136852264404,0.001,2.5
370,106.29387894826918,106.67793819976092,0.05373817191176878,0.05419675534883869,184.25988378476856,184.59101040945404,2.6392952285619637,2.8227858240389105,13.293290334730292,12.819471853632592,2.6392952285619637,2.8227858240389105,17.922948073701843,19.732441471571907,0.06314927339553833,0.06602346897125244,0.001,2.5
371,105.73750921150348,106.53964264018082,0.053714306254432825,0.054202593215133835,184.26054535678884,184.59150088511183,2.643126646278292,2.815862195547608,13.170527384708475,12.812582484854504,2.643126646278292,2.815862195547608,17.839195979899497,19.39799331103679,0.034819722175598145,0.06858152151107788,0.001,2.5
372,106.1124157162767,106.79694338387071,0.05371796860167729,0.054238561889698673,184.26083294790195,184.59164474640403,2.6492192529553744,2.8237562546363244,13.227229752532601,12.840354259197529,2.6492192529553744,2.8237562546363244,17.839195979899497,19.732441471571907,0.052312374114990234,0.06572121381759644,0.001,2.5
373,106.73716211878076,106.73404864563193,0.053711307520542914,0.05418190406168185,184.2609269031927,184.5917602845259,2.6738523973691803,2.8233113751363597,13.278280542523817,12.829120144796212,2.6738523973691803,2.8233113751363597,18.090452261306535,19.732441471571907,0.021500349044799805,0.06816273927688599,0.001,2.5
374,106.3023564068716,106.9409986515109,0.05369321915197812,0.05419649095290082,184.26117804701403,184.59212868987117,2.6749660813029688,2.8202495606846636,13.187982295625773,12.879693563965253,2.6749660813029688,2.8202495606846636,17.75544388609715,19.732441471571907,0.04064720869064331,0.06886392831802368,0.001,2.5
375,106.47033622396651,106.92629116913147,0.05372753077915166,0.05420369155281363,184.26139422597197,184.59217666064617,2.6751735537894805,2.8239284781707967,13.220948717701974,12.865714063612513,2.6751735537894805,2.8239284781707967,17.839195979899497,19.732441471571907,0.04017835855484009,0.06599551439285278,0.001,2.5
376,106.48001876907732,106.91919322954772,0.05371285923187257,0.05417664501080944,184.26189940179412,184.59310555856763,2.6491877413674616,2.827139739607489,13.300845818703298,12.854665931650628,2.6491877413674616,2.827139739607489,17.75544388609715,19.39799331103679,0.06205463409423828,0.06293004751205444,0.001,2.5
377,106.04765972859497,107.12457334078275,0.053739264282948604,0.054178037746096135,184.26256048819127,184.59361787623786,2.6529709434189788,2.8289968847829763,13.203018664514998,12.890169127729028,2.6529709434189788,2.8289968847829763,18.00670016750419,19.39799331103679,0.0568232536315918,0.06299632787704468,0.001,2.5
378,105.4314451489217,106.65619182267716,0.053717770830570555,0.05425196827504547,184.26279167034718,184.59341073434888,2.596699367615845,2.82101543930462,13.248594927827718,12.820423336730753,2.596699367615845,2.82101543930462,17.839195979899497,19.732441471571907,0.07673072814941406,0.0669822096824646,0.001,2.5
379,106.39536693068206,106.72146611548587,0.053714765900343506,0.05416322708827596,184.26263611759973,184.5933344914363,2.6265822650998882,2.8230707565677604,13.351730771599902,12.827329527175547,2.6265822650998882,2.8230707565677604,17.839195979899497,19.732441471571907,0.06095987558364868,0.06677037477493286,0.001,2.5
380,106.2216573999555,106.82021410887856,0.05373359665000059,0.05417920206751313,184.26255131247055,184.59328866403638,2.6618579136866023,2.819438241397258,13.211158647010075,12.857973481500428,2.6618579136866023,2.819438241397258,17.839195979899497,20.066889632107024,0.037816405296325684,0.06959766149520874,0.001,2.5
381,106.80059024676606,106.61252721575988,0.053727345768880205,0.05418540681883643,184.26247315271016,184.59311857191616,2.6770548868418937,2.815141929033209,13.281354952098138,12.829324240668562,2.6770548868418937,2.815141929033209,17.839195979899497,19.732441471571907,0.02910470962524414,0.0721428394317627,0.001,2.5
382,105.9657749706377,106.81652301290761,0.05371054238210771,0.054237389270477866,184.26232332520348,184.59300303379428,2.649503261400028,2.824074399112459,13.197050583422483,12.843315545531818,2.649503261400028,2.824074399112459,17.839195979899497,19.39799331103679,0.058668315410614014,0.06632918119430542,0.001,2.5
383,106.29187282645323,106.80705656734199,0.05371926984495454,0.054181229397903714,184.26233452009396,184.59323625341307,2.6609028088587214,2.826546096482803,13.22806978625069,12.83401762282968,2.6609028088587214,2.826546096482803,17.839195979899497,20.066889632107024,0.04464578628540039,0.06579142808914185,0.001,2.5
384,105.40292828686074,106.75522932480011,0.05369808305822425,0.0542291728623934,184.26243052011358,184.59334087052872,2.6226430438471398,2.8234375009568637,13.165064509789548,12.832968670388926,2.6226430438471398,2.8234375009568637,17.922948073701843,19.39799331103679,0.08149904012680054,0.06261622905731201,0.001,2.5
385,105.25520692758225,106.73154411188337,0.05371292966294728,0.05420902477309457,184.26261837957694,184.59364170852712,2.625826636351133,2.8176996022163823,13.125966634382953,12.845449591161415,2.625826636351133,2.8176996022163823,17.839195979899497,19.732441471571907,0.06259596347808838,0.06888258457183838,0.001,2.5
386,105.4915107203089,106.64778570985315,0.05372373403441567,0.05419272700181374,184.26280928057443,184.59366344847408,2.622586860528943,2.8199957350026006,13.182944304180305,12.821813012445253,2.622586860528943,2.8199957350026006,17.922948073701843,19.39799331103679,0.06580919027328491,0.06820255517959595,0.001,2.5
387,107.11320996564038,106.83824073510824,0.05371002731236381,0.05423256352444158,184.26299545313645,184.5939338199271,2.6856920391670625,2.8223119978123283,13.317971804633212,12.852946511080432,2.6856920391670625,2.8223119978123283,17.839195979899497,19.732441471571907,0.04345870018005371,0.06702935695648193,0.001,2.5
388,105.47645967569782,106.87164556701048,0.053713135103035214,0.05418650021022778,184.26304457774714,184.59371805350517,2.612986052255934,2.8216866609643536,13.208738438847476,12.861514062785783,2.612986052255934,2.8216866609643536,17.839195979899497,19.39799331103679,0.06729859113693237,0.062019526958465576,0.001,2.5
389,104.96381599260135,106.53643380359662,0.0537310970426105,0.05423091009358897,184.263095593732,184.59421067253803,2.637019556770772,2.817877457692073,13.034105960647864,12.805889569796049,2.637019556770772,2.817877457692073,17.839195979899497,19.39799331103679,0.04833775758743286,0.06750142574310303,0.001,2.5
390,105.7439116153685,106.36316484432156,0.053697346842269005,0.05417261842052674,184.26359862258886,184.59448533074115,2.6299090633040896,2.8174009028087093,13.21146290266334,12.772676675216012,2.6299090633040896,2.8174009028087093,17.839195979899497,19.732441471571907,0.07661426067352295,0.06693613529205322,0.001,2.5
391,106.69225657605246,106.81063577403192,0.053734468268090155,0.05423680503531842,184.263804450107,184.59466185298652,2.6786373312549174,2.818855394886489,13.254939745418989,12.857795064664606,2.6786373312549174,2.818855394886489,17.922948073701843,19.732441471571907,0.03617161512374878,0.06341558694839478,0.001,2.5
392,106.1689733508444,106.81891767316837,0.05371290831584827,0.05419827516760715,184.26386750443297,184.5946204654349,2.6618870127340855,2.8311553902450615,13.200538178384804,12.822558355171944,2.6618870127340855,2.8311553902450615,18.00670016750419,19.732441471571907,0.03146684169769287,0.06181681156158447,0.001,2.5
393,106.98983043881518,106.66980327491378,0.05371261315679231,0.05422405118627293,184.26397689742657,184.59487986484896,2.6778247691878123,2.8224516074394304,13.31689653923763,12.818842792192031,2.6778247691878123,2.8224516074394304,17.75544388609715,19.732441471571907,0.04034996032714844,0.06562024354934692,0.001,2.5
394,106.52948217855227,106.39521215432464,0.053731222161196385,0.054213308321193705,184.26406796453787,184.59476652113491,2.6712255010652783,2.825876086850629,13.244621326376246,12.753652276004038,2.6712255010652783,2.825876086850629,17.922948073701843,19.732441471571907,0.03675168752670288,0.06406295299530029,0.001,2.5
395,106.67978104634501,106.68030341413109,0.05372082416461141,0.05431329004192432,184.26419054603258,184.59500627294432,2.6865137533925885,2.827004041958812,13.228818002058633,12.807266965757645,2.6865137533925885,2.827004041958812,17.839195979899497,19.39799331103679,0.042242586612701416,0.06304281949996948,0.001,2.5
396,105.94612709441576,106.87788768755553,0.05370596527953443,0.054209766504557236,184.26424846297732,184.59496263995217,2.6396675369448,2.822349793137515,13.222628810697264,12.860767313469214,2.6396675369448,2.822349793137515,17.922948073701843,19.39799331103679,0.05761873722076416,0.06390464305877686,0.001,2.5
397,106.12587766152132,106.69258668829366,0.05372176064768029,0.05416398735897597,184.26436560038147,184.59527868570692,2.6465094788389987,2.820116976830473,13.238049975192327,12.830414721000952,2.6465094788389987,2.820116976830473,17.839195979899497,19.732441471571907,0.04473686218261719,0.06741553544998169,0.001,2.5
398,107.14756690557279,106.62546562271373,0.05370485849391476,0.0542680898114391,184.26476468033528,184.59571037164898,2.671317234310872,2.817895800772319,13.367967500159489,12.823633241812919,2.671317234310872,2.817895800772319,17.839195979899497,19.732441471571907,0.03177058696746826,0.06733459234237671,0.001,2.5
399,107.30216977424557,107.10897847561533,0.05371464207344119,0.05423197067999919,184.2648486675729,184.59548358215537,2.694978691625036,2.8286032828200223,13.327901891328182,12.888220684982862,2.694978691625036,2.8286032828200223,17.922948073701843,19.732441471571907,0.020656347274780273,0.06567525863647461,0.001,2.5
400,105.86457584451391,106.77472995515652,0.05371826452201535,0.05415594076930878,184.26475172186616,184.595575083857,2.67526204422291,2.8187607219785353,13.09953226476059,12.850913360366055,2.67526204422291,2.8187607219785353,18.090452261306535,19.732441471571907,0.026979923248291016,0.06929671764373779,0.001,2.5
401,104.9787484940572,105.1479650388992,0.05668314397834254,0.06024660370670832,184.45784694345753,176.04500480320144,2.8722739047940253,2.822349987699834,12.330699872730964,12.515284771105916,2.8722739047940253,2.822349987699834,19.597989949748744,20.401337792642142,-0.08099925518035889,0.1177712082862854,0.001,2.5
402,105.65091537910091,109.3730225578997,0.06179741918541479,0.06547078079104822,175.728038896468,169.4341445463557,2.7651747263456308,2.9262274746910784,12.787153884593765,13.04894073830799,2.7651747263456308,2.9262274746910784,18.67671691792295,20.401337792642142,0.009699583053588867,-0.08934569358825684,0.001,2.5
403,106.19121593686205,102.5552683291228,0.06364999624777279,0.07362745744627854,168.91815142096388,166.99587318650057,2.797757735803499,2.9536103285275974,12.798456765499147,11.602098056703905,2.797757735803499,2.9536103285275974,18.425460636515915,20.401337792642142,-0.05166912078857422,0.012335479259490967,0.001,2.5
404,105.56479830078943,104.62484736107663,0.07166859679785206,0.06988727358671334,159.96017062444383,152.28357117311612,2.805689314102607,2.875213592746186,12.649565931540637,12.25489520388702,2.805689314102607,2.875213592746186,19.597989949748744,20.735785953177256,-0.034154415130615234,0.08099305629730225,0.001,2.5
405,105.20834943557304,104.59082306826792,0.06841078655204581,0.0668833095542962,153.7279287622602,159.26771126941694,2.7352455465038816,2.815583653274587,12.791505589956415,12.426183805816548,2.7352455465038816,2.815583653274587,19.01172529313233,21.40468227424749,-0.0044858455657958984,0.09387987852096558,0.001,2.5
406,105.95204062917125,106.72406409018016,0.07157113811179022,0.07102556185279801,163.59937870402632,170.19487417980181,2.76148111336994,2.8608523475685246,12.858931089366102,12.714012181081102,2.76148111336994,2.8608523475685246,18.509212730318257,21.070234113712374,-0.0011299848556518555,0.08308714628219604,0.001,2.5
407,104.59117313046352,110.6243578550409,0.07421648603438133,0.07769642386548097,165.09249267066943,167.3885959893166,2.751512173232521,2.97753602126769,12.61583643902087,13.14324647527076,2.751512173232521,2.97753602126769,19.34673366834171,21.070234113712374,0.010028719902038574,-0.03419196605682373,0.001,2.5
408,105.14903137871568,100.35651780450623,0.07478612731249888,0.08107545092253382,163.86519820885843,148.98414341342888,2.7402531389814726,2.7628326224642854,12.76131639848003,11.736793116183584,2.7402531389814726,2.7628326224642854,18.927973199329983,20.735785953177256,-0.0013737678527832031,0.0908539891242981,0.001,2.5
409,105.55889272769691,106.60686051486726,0.07837881861719455,0.0814325473828858,162.46596934767425,160.17545142540564,2.7678203031645348,2.957010952525314,12.760148513257205,12.402017934665233,2.7678203031645348,2.957010952525314,19.765494137353436,19.732441471571907,-0.007771492004394531,-0.030534863471984863,0.001,2.5
410,105.21281456108669,109.84514788879599,0.08151357722042793,0.07926784343643731,160.48408066128167,168.91946824498,2.7239330437914213,2.952418571331828,12.82236421926936,13.062136471470861,2.7239330437914213,2.952418571331828,18.76046901172529,20.401337792642142,-0.0011180639266967773,-0.01661384105682373,0.001,2.5
411,104.98569745394452,102.69840544123315,0.07813771525819098,0.08199561870716089,158.53439223706422,146.08848234961263,2.733360817684001,2.853062596209472,12.749722661285144,11.934876869354758,2.733360817684001,2.853062596209472,18.84422110552764,20.735785953177256,-0.008275270462036133,-0.003609299659729004,0.001,2.5
412,105.18873571910251,108.6102175505265,0.0786367946708422,0.07903087884187698,153.52236923141095,161.8485940276181,2.6940282689067385,2.8266664460351234,12.9092304526861,13.193868034260728,2.6940282689067385,2.8266664460351234,18.00670016750419,20.401337792642142,0.025966167449951172,0.10858505964279175,0.001,2.5
413,104.7989816074595,109.93384564760137,0.08331100500408728,0.0811794247964154,157.11521960183404,163.37018429555224,2.67993402441143,2.853591143088197,12.871909031316862,13.37708640975697,2.67993402441143,2.853591143088197,18.76046901172529,20.401337792642142,0.02307659387588501,0.019687771797180176,0.001,2.5
414,105.35529269884579,104.96063214560417,0.08030213052453707,0.08997095874619723,161.06486766821575,156.1801221968737,2.6946504327719736,2.87435187703391,12.938834123275987,12.319841445489073,2.6946504327719736,2.87435187703391,19.01172529313233,20.735785953177256,0.012366533279418945,0.08288043737411499,0.001,2.5
415,106.08621131475248,107.0216560746515,0.08824663385873664,0.0854633777436604,160.89732373619398,160.65921811515273,2.7252235911799034,2.8827300900998325,12.991742525468121,12.706916923905695,2.7252235911799034,2.8827300900998325,18.090452261306535,20.401337792642142,0.017746925354003906,0.07545840740203857,0.001,2.5
416,106.36190524971865,107.29094642460545,0.08570649619627638,0.09024274623314274,165.6781693910634,169.67242431640625,2.700816581796362,2.8206920536066775,13.119654602740876,12.944129372918885,2.700816581796362,2.8206920536066775,18.257956448911223,19.732441471571907,0.03434300422668457,0.030887722969055176,0.001,2.5
417,105.87704015377179,105.42552134025854,0.08910779647491684,0.09370822519263296,171.15143681051742,165.35896653395432,2.7218517262731963,3.02008156313944,12.957800750157341,11.973046325122233,2.7218517262731963,3.02008156313944,17.67169179229481,22.073578595317723,-0.015584111213684082,-0.09795534610748291,0.001,2.5
418,104.59493862644112,107.64566683051578,0.08914028860666046,0.08792851008101052,172.27367578758867,173.70680793073265,2.708217142015646,2.8216211460904534,12.742053273135493,13.011942885791179,2.708217142015646,2.8216211460904534,18.00670016750419,20.735785953177256,0.012544989585876465,0.05613785982131958,0.001,2.5
419,105.62619863283295,110.32482848916963,0.09504743267343671,0.100110764014083,183.15021263135338,178.55282327403194,2.73709141349473,2.931412600354606,12.858325750584179,13.214994982333486,2.73709141349473,2.931412600354606,18.509212730318257,19.732441471571907,-0.009405255317687988,0.0661652684211731,0.001,2.5
420,107.9013620117801,104.24997877038044,0.09520789545335162,0.0930535694129491,171.1611246847028,169.11877875184535,2.734608889824182,2.873788534598207,13.323171452661256,12.176195584810698,2.734608889824182,2.873788534598207,17.001675041876048,20.066889632107024,0.023035883903503418,-0.008175849914550781,0.001,2.5
421,106.04751457840554,105.3236421310782,0.09106466613422885,0.09059906145402022,171.6850789388021,167.5814982130376,2.6864878991540753,2.8427637604168026,13.09748968287329,12.48480142956992,2.6864878991540753,2.8427637604168026,19.68174204355109,20.401337792642142,0.037812232971191406,0.06324505805969238,0.001,2.5
422,106.67623208715288,107.67905813874209,0.09164308699181731,0.09392560973613956,161.69732297964433,162.5338620086976,2.684932154826383,2.9030168080409635,13.229781983086411,12.775468539234787,2.684932154826383,2.9030168080409635,18.76046901172529,20.066889632107024,0.0287172794342041,-0.0005782842636108398,0.001,2.5
423,106.68271799263243,107.07223577084748,0.09120722709089468,0.09108115533323193,165.5537337106676,154.7587586980201,2.735205955042112,2.891218371215871,13.079573495503846,12.69162420126108,2.735205955042112,2.891218371215871,18.174204355108877,19.063545150501675,-0.009049057960510254,0.079123854637146,0.001,2.5
424,106.51641830367659,108.24729541791322,0.09006202298292962,0.0882551509351236,152.6207644719774,167.45998614767322,2.681644226438436,2.862781628318455,13.209814531719266,13.009970977553555,2.681644226438436,2.862781628318455,17.587939698492463,20.401337792642142,0.043144822120666504,0.020077168941497803,0.001,2.5
425,107.54076294763205,106.43151860572024,0.08898910531895844,0.09183251760576082,163.58776881027862,153.10893790458755,2.731975817400806,2.8324627206477033,13.261709959263378,12.739927215321009,2.731975817400806,2.8324627206477033,18.174204355108877,19.39799331103679,-0.014650702476501465,0.07938235998153687,0.001,2.5
426,107.85274230854795,108.23917559875693,0.08929377851673906,0.08771892519898239,159.95961997896384,170.17229045753095,2.7307441398326677,2.8990729237878603,13.328464947353854,12.899038643342596,2.7307441398326677,2.8990729237878603,17.75544388609715,20.401337792642142,0.0083390474319458,-0.02774202823638916,0.001,2.5
427,107.90374247233073,108.69161135057941,0.08759516241712187,0.08703153954202116,166.8475898474305,172.38901690735068,2.736691951352348,2.885062732824115,13.319784458358484,13.031250165856402,2.736691951352348,2.885062732824115,17.839195979899497,20.066889632107024,-0.0330042839050293,0.08340883255004883,0.001,2.5
428,107.21247948114596,107.03334257196025,0.0855718047500056,0.08578935709087346,168.17240363908573,171.1581773024339,2.66594264535249,2.8416068665558676,13.393919165210308,12.83045840183628,2.66594264535249,2.8416068665558676,17.922948073701843,20.066889632107024,0.03756040334701538,0.04563480615615845,0.001,2.5
429,107.14055528752569,108.19796474801258,0.0850775452514789,0.0855480439985875,171.46699414021606,174.34673087333755,2.651261410721183,2.8612137518598884,13.423017544962054,13.003971916377346,2.651261410721183,2.8612137518598884,17.33668341708543,19.39799331103679,0.041200459003448486,0.03630232810974121,0.001,2.5
430,107.20256226506065,105.67361072553041,0.0848824669368303,0.08490124930406494,176.41304775218867,171.9277864283941,2.6627145927755076,2.85894392405864,13.40010957701921,12.506524908901458,2.6627145927755076,2.85894392405864,17.08542713567839,19.063545150501675,0.036819279193878174,0.10395067930221558,0.001,2.5
431,106.60537512697766,109.5541284618569,0.08311696827311811,0.08127832360391234,172.6489013211811,179.2995064521713,2.638988363882605,2.8852499591865666,13.35295670475792,13.202960661821143,2.638988363882605,2.8852499591865666,17.252931323283082,19.39799331103679,0.0761193037033081,0.030476510524749756,0.001,2.5
432,106.85803129365496,107.74678687666571,0.0797186274224989,0.07973641643057698,179.01584383710545,173.86811430557916,2.6357556068318173,2.8513409549177293,13.412592239315986,12.944614748492288,2.6357556068318173,2.8513409549177293,17.504187604690117,19.732441471571907,0.04767048358917236,0.07309526205062866,0.001,2.5
433,106.25643527288133,108.26882592650959,0.07953264978612887,0.07947980183921131,174.62171527089384,183.78022403780832,2.6208822523529207,2.8715465882151423,13.33780977035088,12.986473657614411,2.6208822523529207,2.8715465882151423,16.917922948073702,20.066889632107024,0.05408400297164917,0.04442322254180908,0.001,2.5
434,108.26223122294823,107.77923915697181,0.0792278912373923,0.08083587276895708,182.27737475320123,173.3422080968136,2.6914207955301306,2.8326229618544563,13.525883046825927,13.007143202434017,2.6914207955301306,2.8326229618544563,17.42043551088777,19.732441471571907,0.019220948219299316,0.05942279100418091,0.001,2.5
435,106.70655582498266,108.95327733272693,0.07939846671406348,0.07904727859142233,176.21586869589646,184.39054554202485,2.6553118192969856,2.8732893769956354,13.324252582275289,13.118099139286922,2.6553118192969856,2.8732893769956354,17.587939698492463,19.732441471571907,0.04100698232650757,0.06464725732803345,0.001,2.5
436,107.60192647451532,108.78071548308816,0.07926934684191517,0.0785307630796895,180.95499089175533,177.56813125865514,2.6559757555349788,2.8717840331852638,13.500413458550995,13.089571171381003,2.6559757555349788,2.8717840331852638,17.504187604690117,19.39799331103679,0.05092453956604004,0.03972858190536499,0.001,2.5
437,107.89945672065569,107.66619117762333,0.07719600206893093,0.07816102986152355,179.31011676628586,178.11690733026103,2.67628400050216,2.8545006533530244,13.499738158093425,12.918480767852886,2.67628400050216,2.8545006533530244,17.001675041876048,19.063545150501675,0.0072078704833984375,0.06982386112213135,0.001,2.5
438,108.18932572561293,110.11367315592176,0.0768374243698128,0.07620775841649959,181.46584472145068,183.4906001776756,2.6852689636013216,2.9205273409750947,13.530397707493462,13.209212366952546,2.6852689636013216,2.9205273409750947,17.42043551088777,20.401337792642142,0.019487380981445312,-0.0015375614166259766,0.001,2.5
439,107.08462601091395,107.60178497722715,0.0757543752890336,0.07575611944581354,179.1317265445064,176.11569861982977,2.633670546501326,2.846193839873757,13.464936286760135,12.931401157060195,2.633670546501326,2.846193839873757,16.750418760469014,18.729096989966553,0.03293055295944214,0.04002845287322998,0.001,2.5
440,107.32485834118509,108.39137535988287,0.07499595314663658,0.07392832033809611,176.15419006347656,178.25808373900958,2.6495428728298527,2.858443043303729,13.466112799780253,13.052508156435147,2.6495428728298527,2.858443043303729,17.001675041876048,19.39799331103679,0.034610629081726074,0.05696505308151245,0.001,2.5
441,106.60689275029117,107.59726181795764,0.07344537950939868,0.07544610681741135,177.64643747403196,176.07291277116755,2.633417867935283,2.8524894722329335,13.370906029514332,12.911680837140036,2.633417867935283,2.8524894722329335,17.16917922948074,19.732441471571907,0.05318266153335571,0.06923830509185791,0.001,2.5
442,105.74439202441242,109.19026309112243,0.07480603274288689,0.0733586422426246,176.65557051104318,179.7664469332998,2.620427077739083,2.835618453679675,13.23730497663744,13.280572065142884,2.620427077739083,2.835618453679675,17.252931323283082,19.39799331103679,0.07019293308258057,0.06881242990493774,0.001,2.5
443,107.67409370971885,108.61665829049305,0.07206729055698992,0.07256586361290221,179.93755692013943,177.09317858641762,2.622036465847712,2.8535540853455714,13.618308620037546,13.112737598227817,2.622036465847712,2.8535540853455714,16.750418760469014,19.732441471571907,0.053108036518096924,0.06342554092407227,0.001,2.5
444,107.45660685374709,108.83305802871551,0.07226374147575305,0.07254257421928106,176.98670744776126,180.16461217363542,2.61327285782576,2.8505819513646258,13.601652779571175,13.164324597770156,2.61327285782576,2.8505819513646258,16.750418760469014,19.732441471571907,0.06891751289367676,0.06745296716690063,0.001,2.5
445,107.12585538675637,109.11956417122015,0.07180700448639628,0.07216444090756285,181.4242175947282,183.69383561252351,2.6428857816124283,2.881886341898736,13.445867276471263,13.127081548888548,2.6428857816124283,2.881886341898736,16.582914572864322,19.732441471571907,0.05977135896682739,0.04453307390213013,0.001,2.5
446,107.0364998796677,108.28123264886862,0.07133678801145586,0.07130418139755926,182.9189419898156,183.19929652389476,2.6118707337371467,2.8628418429639426,13.520836694356385,13.016820403644472,2.6118707337371467,2.8628418429639426,16.834170854271356,19.732441471571907,0.07858413457870483,0.05816054344177246,0.001,2.5
447,107.27991190387975,108.79462139423077,0.07075093687828661,0.07031417720293918,184.054875052754,186.6670010161639,2.615952852782692,2.872154173643693,13.5571627928384,13.091065205857905,2.615952852782692,2.872154173643693,16.666666666666664,18.729096989966553,0.060249149799346924,0.04767054319381714,0.001,2.5
448,107.58156433616651,109.21784072416682,0.06958249205071323,0.06955970744026146,185.70871112254795,183.76920275225686,2.585400522653781,2.871186999572958,13.709053323895887,13.179340636849803,2.585400522653781,2.871186999572958,16.917922948073702,19.063545150501675,0.062409162521362305,0.03196382522583008,0.001,2.5
449,107.57710686560651,108.701730147652,0.06868286098866806,0.06967015023713925,184.0570111298681,183.81013509182628,2.6478839783213246,2.85006840252956,13.521221181655449,13.13944494764143,2.6478839783213246,2.85006840252956,16.750418760469014,19.39799331103679,0.023118436336517334,0.044809579849243164,0.001,2.5
450,107.69719906907585,108.74701213517716,0.06941802345428434,0.06948262211371425,185.2973037796404,186.5232584771504,2.6085177610068264,2.8812023803940585,13.662943461432528,13.054594888336284,2.6085177610068264,2.8812023803940585,16.582914572864322,19.39799331103679,0.0841483473777771,0.06115448474884033,0.001,2.5
451,107.8253118620446,108.53333759626815,0.0680592944049955,0.06790521838094878,185.8045698002954,183.97279710036057,2.591811198884718,2.841291755338178,13.738856230948238,13.13241664223049,2.591811198884718,2.841291755338178,17.252931323283082,19.063545150501675,0.08774387836456299,0.0562669038772583,0.001,2.5
452,107.4517143671237,107.94938629048325,0.06763505723508359,0.06779247995802391,183.19816216192453,184.28718270904642,2.602286717001118,2.8428693144616473,13.633316177419282,13.0108539938528,2.602286717001118,2.8428693144616473,16.666666666666664,19.732441471571907,0.07691800594329834,0.07242780923843384,0.001,2.5
453,107.25248934236204,108.52751376557111,0.06714861132391733,0.0673498328663035,184.63164894704644,186.13911223650777,2.5981807632861624,2.839832308300363,13.605599758014009,13.135308013711885,2.5981807632861624,2.839832308300363,16.415410385259634,19.39799331103679,0.0685269832611084,0.05898863077163696,0.001,2.5
454,107.24932109890271,109.25713070260242,0.06665274553263008,0.06702524603011217,185.95941780639853,186.82050923121017,2.6234173351396466,2.862388896304229,13.5290896816669,13.213490345804987,2.6234173351396466,2.862388896304229,16.415410385259634,19.063545150501675,0.05099165439605713,0.04491811990737915,0.001,2.5
455,107.3797646016132,109.10686000453987,0.0666019811702134,0.06704572655484828,186.65688468383584,187.4801229011255,2.58051944258225,2.8644141568786723,13.683742975270128,13.177224025279783,2.58051944258225,2.8644141568786723,16.415410385259634,19.063545150501675,0.07459092140197754,0.042350828647613525,0.001,2.5
456,107.16387458941844,108.83860878322436,0.06644741208659145,0.06692495742769146,187.5288455011058,188.08864749155714,2.592362244524548,2.8583083081006206,13.604892957549998,13.141793703953159,2.592362244524548,2.8583083081006206,16.415410385259634,19.39799331103679,0.06635117530822754,0.04811060428619385,0.001,2.5
457,107.70578092386575,108.39144124314936,0.06618356380231016,0.06636326700249644,188.6528534242256,188.90223249862825,2.612167613190822,2.8796232743406773,13.653685964331954,12.988365001104349,2.612167613190822,2.8796232743406773,16.582914572864322,18.729096989966553,0.05131286382675171,0.045424818992614746,0.001,2.5
458,106.33017075121703,108.0788404279728,0.0655459987383392,0.06582299547649945,187.96443183937265,186.66816185788565,2.5748160815917864,2.857477135482839,13.49088331602726,12.992838432158914,2.5748160815917864,2.857477135482839,16.582914572864322,18.729096989966553,0.08273625373840332,0.06276333332061768,0.001,2.5
459,107.6355128967183,108.78764445327198,0.06521556134549417,0.06530645651661832,186.93091006894008,187.72132312175023,2.5934019923409823,2.853477313765714,13.696467616849608,13.146492154303203,2.5934019923409823,2.853477313765714,16.750418760469014,19.732441471571907,0.07149505615234375,0.05407613515853882,0.001,2.5
460,107.7873318031605,108.92885484982494,0.06456322871285866,0.06491221188502168,187.78901544567728,188.35483369859165,2.612122554475538,2.851020331366804,13.670628068435132,13.182056653459734,2.612122554475538,2.851020331366804,16.331658291457288,19.39799331103679,0.05214470624923706,0.048931241035461426,0.001,2.5
461,107.49046537824212,108.86174557280779,0.06465655314413148,0.0653630744503892,188.4089384094954,189.91780289359716,2.58901875342556,2.8722427321915642,13.680423849990818,13.104564280812955,2.58901875342556,2.8722427321915642,16.499162479061976,19.39799331103679,0.05488485097885132,0.05346572399139404,0.001,2.5
462,107.65265930278018,108.68975232995075,0.0648537988289317,0.06518527257402605,191.20767932680982,192.58580292666636,2.5981126498537046,2.863525738285537,13.684981750283809,13.095819259567005,2.5981126498537046,2.863525738285537,16.24790619765494,19.39799331103679,0.05806821584701538,0.057446956634521484,0.001,2.5
463,106.88753523578995,108.86807092775071,0.06450843878427343,0.06510080132994764,192.34750624357955,191.76211746879247,2.5900216849405364,2.8714598477086097,13.556070660027228,13.10786141998393,2.5900216849405364,2.8714598477086097,16.582914572864322,19.39799331103679,0.06661701202392578,0.052700698375701904,0.001,2.5
464,108.68761723964059,109.26829227715432,0.06451849604471645,0.0648195653107254,191.3734761658226,191.40423716669497,2.6413035588448173,2.8780377700576016,13.762433601583867,13.168301059250847,2.6413035588448173,2.8780377700576016,16.415410385259634,19.732441471571907,0.06095850467681885,0.04532259702682495,0.001,2.5
465,107.37254581419467,108.95587660875607,0.06416660271447708,0.06449623291309063,191.3328697166251,191.38828310759172,2.5780025626746452,2.8681214549469707,13.689401441283362,13.135634384027691,2.5780025626746452,2.8681214549469707,16.499162479061976,19.063545150501675,0.07102912664413452,0.04731851816177368,0.001,2.5
466,108.12545497772881,108.48767467486022,0.06393048272060989,0.06445731481780177,191.33583132745431,191.39336198787626,2.6395593056926376,2.8558240199966174,13.655359260201255,13.078893307459394,2.6395593056926376,2.8558240199966174,16.24790619765494,19.063545150501675,0.047194719314575195,0.06287765502929688,0.001,2.5
467,106.93692647911595,109.08714835380631,0.06392483554243841,0.06435449037663514,191.36095603546704,191.9677150560462,2.5592860189115183,2.876759974852852,13.65847012665204,13.135885334333848,2.5592860189115183,2.876759974852852,16.415410385259634,19.063545150501675,0.10238057374954224,0.050303637981414795,0.001,2.5
468,106.94722347802653,109.35270969046398,0.0637976737627432,0.06412667118287006,192.22979089682624,192.87068171166257,2.594166584350356,2.8740685919056768,13.555739413953107,13.196937538708333,2.594166584350356,2.8740685919056768,16.415410385259634,18.729096989966553,0.0804089903831482,0.04905235767364502,0.001,2.5
469,107.43880626224792,108.79291794690799,0.06356623325765233,0.06400750460333648,192.81101171854553,192.70789237644362,2.5597040146040158,2.860846873509844,13.757373487130682,13.12470015714001,2.5597040146040158,2.860846873509844,16.331658291457288,19.39799331103679,0.09232962131500244,0.044762492179870605,0.001,2.5
470,108.08405486702719,108.77234634348382,0.06338656595104702,0.06377504561657092,192.7805515973013,193.07208221333482,2.5873837371168027,2.859336049261699,13.803426681850823,13.12509082551784,2.5873837371168027,2.859336049261699,16.499162479061976,19.063545150501675,0.061305880546569824,0.05344045162200928,0.001,2.5
471,108.13666203433345,109.10013052133414,0.06326254489683426,0.06368780592113833,192.70844293079983,192.247028414621,2.6026810944779233,2.8727284402751603,13.768095292837376,13.150654151686856,2.6026810944779233,2.8727284402751603,16.499162479061976,19.39799331103679,0.062331318855285645,0.051264822483062744,0.001,2.5
472,107.18344375635911,108.65805982506794,0.06301324064507956,0.06332109671671654,191.79458268004245,191.6318684963877,2.609024087787673,2.877704991146075,13.558655024772913,13.047505914566907,2.609024087787673,2.877704991146075,16.331658291457288,18.729096989966553,0.08419060707092285,0.05079972743988037,0.001,2.5
473,107.638020526624,108.71936443418164,0.06283791565415847,0.06321597764623604,191.74021645806343,192.68223510538056,2.621673083584912,2.8797986124670225,13.611669553184829,13.053297795579585,2.621673083584912,2.8797986124670225,16.331658291457288,19.732441471571907,0.06462174654006958,0.056420087814331055,0.001,2.5
474,106.9193475106653,109.10400155874399,0.06268323476190743,0.06313242200126616,192.7546693428078,192.92181605718605,2.5879549828406354,2.859529382807754,13.56891692782966,13.191001228664232,2.5879549828406354,2.859529382807754,16.499162479061976,19.063545150501675,0.07333630323410034,0.05689239501953125,0.001,2.5
475,107.40778531021809,109.18239670054969,0.06253336426151458,0.06286511243785105,192.9126079821307,193.28939217149613,2.5628147532592465,2.868020746620204,13.742023268337027,13.181186500600349,2.5628147532592465,2.868020746620204,16.415410385259634,19.063545150501675,0.08335506916046143,0.051806092262268066,0.001,2.5
476,107.36349236825403,108.93139184039572,0.062370622096898365,0.06280786215162597,193.20362570297777,193.49137102720331,2.5949007510340194,2.8684403848488595,13.636881424154668,13.129697209616568,2.5949007510340194,2.8684403848488595,16.499162479061976,19.732441471571907,0.07684707641601562,0.052861690521240234,0.001,2.5
477,107.40595664530743,108.89383169320914,0.062346752951392775,0.06272259825547802,193.3287346359074,193.45064628881755,2.5810937597923345,2.868654038196423,13.686775055762311,13.121570392595885,2.5810937597923345,2.868654038196423,16.499162479061976,19.063545150501675,0.07503992319107056,0.049487531185150146,0.001,2.5
478,107.41335801423295,108.9907415893963,0.062233672781505774,0.06260270954274812,193.41090129807566,193.60784019036436,2.565014531264952,2.8689613007382806,13.736499530785846,13.14002244687798,2.565014531264952,2.8689613007382806,16.24790619765494,19.063545150501675,0.07572287321090698,0.04907643795013428,0.001,2.5
479,106.76019966981718,109.09422940155335,0.062111356063204594,0.06261476407132818,193.82842048887832,194.198957768571,2.571966921264802,2.8784228639060436,13.584951169127395,13.132214131562606,2.571966921264802,2.8784228639060436,16.415410385259634,18.729096989966553,0.0783911943435669,0.043601036071777344,0.001,2.5
480,107.26184079475338,108.86499663898378,0.0621109609078722,0.06256791534381966,194.18699702226138,194.55824167513128,2.564875948169523,2.871335347759285,13.70648059174044,13.107567777601771,2.564875948169523,2.871335347759285,16.24790619765494,19.063545150501675,0.08399611711502075,0.04149270057678223,0.001,2.5
481,107.901248350415,109.21029731980136,0.06198797489780078,0.06242940536261003,194.48059056472138,194.57010423539074,2.5805757337279456,2.876357926174151,13.787229049145877,13.161584509654986,2.5805757337279456,2.876357926174151,16.24790619765494,19.063545150501675,0.07498753070831299,0.04268068075180054,0.001,2.5
482,107.93024169819638,108.99425424939415,0.061958042146572516,0.06250001564871109,194.2702341766613,194.19464060295385,2.5845148040221964,2.8653402870714064,13.781258244410632,13.151491449030745,2.5845148040221964,2.8653402870714064,16.415410385259634,19.732441471571907,0.06015127897262573,0.0490645170211792,0.001,2.5
483,107.96921066463094,109.0568167900162,0.06190857454086069,0.06238448636039444,194.21678782707482,194.3648170292577,2.5728706223281783,2.861610072910985,13.824004972001017,13.175182597692993,2.5728706223281783,2.861610072910985,16.415410385259634,19.063545150501675,0.07825839519500732,0.05667692422866821,0.001,2.5
484,107.16466972057144,108.55301240136392,0.0618209762738977,0.062217689651908686,194.13151077449422,194.37676440592992,2.6126645070623913,2.8522618175748997,13.5437499338658,13.102498073641671,2.6126645070623913,2.8522618175748997,16.499162479061976,19.063545150501675,0.05875617265701294,0.06673091650009155,0.001,2.5
485,106.96115546809568,108.65423265029754,0.06170165944388963,0.06220037113862691,194.4858278820862,194.77253667008517,2.584981756593714,2.862785624819854,13.586048466476363,13.091094230728405,2.584981756593714,2.862785624819854,16.331658291457288,19.39799331103679,0.07777398824691772,0.05608898401260376,0.001,2.5
486,106.81492718260492,108.67679093274783,0.06175369407413792,0.06232320152248028,194.67529887290456,194.78027425402382,2.5758532335610447,2.8610519469781064,13.58413950442469,13.100782317860071,2.5758532335610447,2.8610519469781064,16.499162479061976,19.39799331103679,0.0718526840209961,0.053981244564056396,0.001,2.5
487,106.91719520351596,108.78550097615424,0.06178727737273802,0.06218019884117072,194.65499604447203,194.92101989541962,2.5578984766948962,2.857408935011031,13.658455345498856,13.13345328940197,2.5578984766948962,2.857408935011031,16.666666666666664,18.729096989966553,0.08404970169067383,0.05606561899185181,0.001,2.5
488,106.51148143365755,109.0455664695306,0.0616974541465042,0.062118412870726857,194.8981324264552,195.09498131793478,2.5415288583317794,2.8775205141724554,13.626390776642204,13.125108868780742,2.5415288583317794,2.8775205141724554,16.415410385259634,19.39799331103679,0.0930280089378357,0.04675889015197754,0.001,2.5
489,107.22330501690581,109.23275565463165,0.06167349079545818,0.062170668502017405,194.91232869772855,194.9807306500183,2.5488956701416066,2.870997352344934,13.746657171840445,13.18212769422244,2.5488956701416066,2.870997352344934,16.415410385259634,19.063545150501675,0.09626013040542603,0.05512964725494385,0.001,2.5
490,107.58188955029051,109.05834460816655,0.061754124242207116,0.06222231666180601,194.78311325916692,194.99123288157793,2.5603568841464557,2.874778560172754,13.783999684268306,13.135890769320588,2.5603568841464557,2.874778560172754,16.24790619765494,19.063545150501675,0.11016333103179932,0.05482608079910278,0.001,2.5
491,107.19908827074009,109.15210101277533,0.06172115440594291,0.062244566923698855,194.98489119179885,195.31408711819347,2.6176408052045095,2.880656361978588,13.53555419576827,13.13693965478087,2.6176408052045095,2.880656361978588,16.582914572864322,19.39799331103679,0.07119530439376831,0.052759528160095215,0.001,2.5
492,107.5960237640432,108.74421816924743,0.06171720771983241,0.0621365931221474,195.217755418327,195.4293282805478,2.599627216457322,2.8703176353288735,13.668936330070048,13.086378075207357,2.599627216457322,2.8703176353288735,16.499162479061976,19.063545150501675,0.08358108997344971,0.05416536331176758,0.001,2.5
493,107.58338708414304,108.75387287458847,0.06162716900084286,0.06205655781421374,195.4391550802106,195.7062933676219,2.6033060962031636,2.8747470841359934,13.65534606211549,13.074980965426136,2.6033060962031636,2.8747470841359934,16.415410385259634,19.732441471571907,0.0863487720489502,0.054036736488342285,0.001,2.5
494,106.65940603898399,108.97236480202564,0.061606384788825484,0.062096165549196926,195.56419888852628,195.6142745512385,2.5802623430887857,2.8673462516886734,13.53966015826917,13.140891528049838,2.5802623430887857,2.8673462516886734,16.499162479061976,19.732441471571907,0.08856528997421265,0.05134183168411255,0.001,2.5
495,106.65623019168925,109.05937174411123,0.06163410529169805,0.06202679984645301,195.430094477719,195.59155834797633,2.5437211686842005,2.8758328630772723,13.648669626245546,13.132852238556215,2.5437211686842005,2.8758328630772723,16.582914572864322,19.063545150501675,0.094169020652771,0.051402926445007324,0.001,2.5
496,107.98290714027495,109.1297247385899,0.06149118944653115,0.061928858662827754,195.5547366501698,195.72556287070182,2.616281148376976,2.867252481422297,13.696328792540072,13.172656582350715,2.616281148376976,2.867252481422297,16.415410385259634,18.729096989966553,0.04412388801574707,0.0500025749206543,0.001,2.5
497,107.49688330926688,109.08455323694541,0.06138179999100703,0.06187974403683956,195.59084676617954,195.68981305891057,2.6027896743723296,2.87158096514418,13.639612764968744,13.150653944366352,2.6027896743723296,2.87158096514418,16.499162479061976,19.063545150501675,0.056942641735076904,0.049118876457214355,0.001,2.5
498,107.52232317389355,108.8509390330235,0.06139929024767836,0.061879125239956735,195.49880457483545,195.52430714891108,2.6016485056086402,2.8682160720378658,13.64813984818195,13.11405778010952,2.6016485056086402,2.8682160720378658,16.331658291457288,19.39799331103679,0.08089983463287354,0.04830646514892578,0.001,2.5
499,107.88051036534397,109.22176506527292,0.061410529991390315,0.06185892071064101,195.3232153248747,195.37805767761026,2.6291617145091046,2.8785387736100416,13.637270213371545,13.157288586415575,2.6291617145091046,2.8785387736100416,16.499162479061976,18.729096989966553,0.054809749126434326,0.045562803745269775,0.001,2.5
500,108.103647279979,108.8970545127639,0.06140613940293266,0.06180046046507797,195.19187666543166,195.3126791759478,2.6096358209399124,2.864099955479038,13.740502640230572,13.135688347959997,2.6096358209399124,2.864099955479038,16.331658291457288,18.729096989966553,0.05682218074798584,0.053406476974487305,0.001,2.5
501,107.0135591337629,109.15763528370937,0.0613358754483699,0.06170105138002431,195.21040924430093,195.3869271166747,2.5957548738124983,2.8630877753165254,13.564137783082487,13.19084628369896,2.5957548738124983,2.8630877753165254,16.499162479061976,18.729096989966553,0.06201362609863281,0.05026775598526001,0.001,2.5
502,107.0347435214811,109.14662614394989,0.06126353400486398,0.06172823780107259,195.2313102837184,195.3437232588446,2.583129030975265,2.8730735659200612,13.606262825242238,13.158689808287349,2.583129030975265,2.8730735659200612,16.415410385259634,19.39799331103679,0.07025784254074097,0.04343360662460327,0.001,2.5
503,107.68057601136378,109.05155424290278,0.06121202309926351,0.06164453871373748,195.19661123508985,195.3444267961891,2.5874444300205863,2.8711893438894216,13.722500248370658,13.145344367394081,2.5874444300205863,2.8711893438894216,16.331658291457288,19.39799331103679,0.07969051599502563,0.04597228765487671,0.001,2.5
504,107.33541401107507,108.7255720565949,0.061177802183220734,0.06164798832009469,195.21785683687807,195.3193151671751,2.5882393858540595,2.856998622218103,13.651085182650005,13.122724411878298,2.5882393858540595,2.856998622218103,16.331658291457288,19.39799331103679,0.060013651847839355,0.052082359790802,0.001,2.5
505,107.08887508526519,108.8811185702831,0.06113558388634942,0.06161182603010765,195.16877227732084,195.3314178875059,2.5743868810247936,2.861710060400309,13.643353883944565,13.139705173147961,2.5743868810247936,2.861710060400309,16.499162479061976,19.063545150501675,0.06519806385040283,0.054424822330474854,0.001,2.5
506,107.23468306396076,108.79407261366828,0.0611881949319512,0.0617067300929473,195.1678600982206,195.30184308820745,2.586519160662065,2.8567191422184974,13.636107844124288,13.13725438006347,2.586519160662065,2.8567191422184974,16.582914572864322,19.063545150501675,0.08117842674255371,0.06005561351776123,0.001,2.5
507,107.5199420615856,108.86344669814093,0.06117911040283727,0.06160531874534279,195.2047136265229,195.46332858796902,2.5974507595426473,2.8670440788651788,13.660359337900951,13.120143319452088,2.5974507595426473,2.8670440788651788,16.24790619765494,19.39799331103679,0.06203126907348633,0.05440729856491089,0.001,2.5
508,107.96340032478473,108.57570007732481,0.06114011188622695,0.06158836218325988,195.34448717586957,195.49831362312852,2.5997401697551785,2.857402313513102,13.742162896161103,13.091515560213937,2.5997401697551785,2.857402313513102,16.331658291457288,19.39799331103679,0.06401169300079346,0.05879068374633789,0.001,2.5
509,107.61696583861283,108.65864147071456,0.06114434208128121,0.061615398820228005,195.38202147108427,195.53911547198342,2.570813834367685,2.857374828396035,13.759646315071452,13.108173127955816,2.570813834367685,2.857374828396035,16.415410385259634,19.063545150501675,0.08138883113861084,0.05775636434555054,0.001,2.5
510,107.46960451774662,108.83186437294236,0.061114218716246,0.061603301643926564,195.43409417182755,195.57509707447676,2.624731799465927,2.864794975937808,13.56841564977189,13.120551731275475,2.624731799465927,2.864794975937808,16.499162479061976,19.39799331103679,0.06688785552978516,0.05410498380661011,0.001,2.5
511,106.78650016081792,108.95258737009105,0.0611082846720015,0.0615815571742911,195.42822661791215,195.57463650400425,2.5861606466111224,2.86851697063765,13.547510921855269,13.133535889080138,2.5861606466111224,2.86851697063765,16.499162479061976,19.063545150501675,0.07392191886901855,0.05243188142776489,0.001,2.5
512,107.26677963282395,109.08208284409947,0.061114089785009575,0.061622139701875155,195.45845128862902,195.61965728045308,2.6040709681646708,2.8681467257215827,13.589828863415486,13.160527994800173,2.6040709681646708,2.8681467257215827,16.415410385259634,18.729096989966553,0.06976664066314697,0.051208555698394775,0.001,2.5
513,107.09554157864109,108.90951604428498,0.06112995441734691,0.0615674280826264,195.49628531553438,195.66572254397798,2.5668234889032053,2.868790238198628,13.66731245114376,13.124085764422464,2.5668234889032053,2.868790238198628,16.499162479061976,19.063545150501675,0.0867377519607544,0.05190819501876831,0.001,2.5
514,107.2562778543188,108.78818213421366,0.06109608040882315,0.06156232576804815,195.5520415697465,195.68015194896074,2.599484452450495,2.871982970764007,13.601472079853716,13.090239126148033,2.599484452450495,2.871982970764007,16.499162479061976,19.39799331103679,0.0699758529663086,0.04560178518295288,0.001,2.5
515,106.70277253986403,108.65948741491822,0.06108418621834199,0.061589402548445506,195.5334748439054,195.6515663172489,2.5460727749957113,2.8578301480781274,13.651012923849288,13.106958555138629,2.5460727749957113,2.8578301480781274,16.415410385259634,19.39799331103679,0.09696030616760254,0.05502140522003174,0.001,2.5
516,108.1683156510294,108.51336685231696,0.061069230775238084,0.061559616422972155,195.49781295801927,195.63769592489288,2.600369108382182,2.8548359751302663,13.78124228114858,13.08672640554881,2.600369108382182,2.8548359751302663,16.415410385259634,19.732441471571907,0.07257044315338135,0.05509483814239502,0.001,2.5
517,107.0278169002565,108.88131382154381,0.0610613512683354,0.061564040896685227,195.53277291404942,195.71200132848426,2.583848399333219,2.865303967708728,13.60269922706949,13.1288959860403,2.583848399333219,2.865303967708728,16.415410385259634,19.063545150501675,0.0968121886253357,0.05097466707229614,0.001,2.5
518,108.16729922909633,108.84244305154552,0.06104443599181359,0.0615137733120384,195.60640229651676,195.78652698937867,2.6263538856602193,2.8716301040904577,13.703068170914898,13.102138398084353,2.6263538856602193,2.8716301040904577,16.499162479061976,18.729096989966553,0.05908304452896118,0.051303207874298096,0.001,2.5
519,106.80258799797326,108.75666816736943,0.06105234312951265,0.06151872657762722,195.67454554367706,195.81570153890246,2.5468227715548157,2.873457299427045,13.668703579223735,13.07949528327355,2.5468227715548157,2.873457299427045,16.499162479061976,19.063545150501675,0.10163789987564087,0.05328017473220825,0.001,2.5
520,106.43002242658605,109.06198492656185,0.061051757778454466,0.06150325889820638,195.6690157789681,195.77353461530296,2.5486243657730334,2.8697494607306644,13.588787443074748,13.15169332816848,2.5486243657730334,2.8697494607306644,16.331658291457288,19.39799331103679,0.10352706909179688,0.05716061592102051,0.001,2.5
521,107.62741693340155,108.48384073825186,0.06105231137406487,0.06152968937188487,195.61677875870237,195.72356789885555,2.6271956585959173,2.8665490692674513,13.592562483782745,13.04567023822695,2.6271956585959173,2.8665490692674513,16.331658291457288,19.39799331103679,0.05724591016769409,0.05494809150695801,0.001,2.5
522,107.76711154343495,108.98709632082527,0.061063317198250165,0.06157319658875067,195.57661788148098,195.68563449821343,2.6132620722804236,2.86637674605966,13.662308338299468,13.146838389112798,2.6132620722804236,2.86637674605966,16.415410385259634,19.39799331103679,0.0506819486618042,0.0606842041015625,0.001,2.5
523,106.54954725613746,109.12389156890154,0.061069167451543026,0.061600022179924926,195.54530444376832,195.68124843839817,2.587272061375118,2.8728396860652143,13.496770262917881,13.154803301578381,2.587272061375118,2.8728396860652143,16.499162479061976,19.732441471571907,0.07772350311279297,0.057261645793914795,0.001,2.5
524,107.13674083307161,108.83497731900933,0.06105077013348415,0.061543960199009214,195.5595257118519,195.70400720296496,2.5742140139766674,2.8648908568863884,13.653383689509765,13.120873090814188,2.5742140139766674,2.8648908568863884,16.499162479061976,19.063545150501675,0.10185760259628296,0.059088945388793945,0.001,2.5
525,107.09110027421859,108.66586849761248,0.06106245915843814,0.06148487863981206,195.57313586159967,195.7128345910522,2.5800904353060314,2.867444405986314,13.626621823015325,13.079400467633404,2.5800904353060314,2.867444405986314,16.415410385259634,19.39799331103679,0.08460426330566406,0.0566747784614563,0.001,2.5
526,106.19017666508405,108.50572794017984,0.06106626811488789,0.06146885850856137,195.58167204225882,195.7296453877835,2.547550744147756,2.8577838262985384,13.544053160764864,13.076354773148246,2.547550744147756,2.8577838262985384,16.415410385259634,19.732441471571907,0.11180698871612549,0.05874913930892944,0.001,2.5
527,106.51512119159028,108.36248299589126,0.061018491248090063,0.061473176556088055,195.6125389623083,195.77002085810122,2.5730146499135387,2.871674153318373,13.532654056197634,13.006025894828465,2.5730146499135387,2.871674153318373,16.499162479061976,19.732441471571907,0.08094942569732666,0.04910975694656372,0.001,2.5
528,106.91067532997835,108.62968230486713,0.0610244627449181,0.06147358326060716,195.66048108073736,195.82628287120806,2.5830235045958605,2.857245005094088,13.581727548659947,13.102741104304592,2.5830235045958605,2.857245005094088,16.415410385259634,19.39799331103679,0.07647806406021118,0.06042754650115967,0.001,2.5
529,107.264692092461,109.20211850679837,0.061043325406023405,0.06148869947944596,195.70200298060124,195.8452728169419,2.570296441690007,2.870010431793621,13.69069998148498,13.178925007083345,2.570296441690007,2.870010431793621,16.499162479061976,18.729096989966553,0.06978189945220947,0.05595916509628296,0.001,2.5
530,107.19223258882711,108.61132235830046,0.06102303285744522,0.061483616738215736,195.7151188171489,195.85053720123392,2.575716452382917,2.865585666037722,13.65994920522923,13.074041328302593,2.575716452382917,2.865585666037722,16.331658291457288,19.39799331103679,0.10209816694259644,0.05446714162826538,0.001,2.5
531,106.38915921056291,109.1690961652775,0.06102630982746431,0.06156370042508661,195.7168062040754,195.83994479482388,2.570819017276093,2.876098846512096,13.514026085935047,13.154041526309623,2.570819017276093,2.876098846512096,16.415410385259634,19.063545150501675,0.08261919021606445,0.05245739221572876,0.001,2.5
532,106.80844403750932,108.90015776261039,0.06101245791893109,0.06149774872040669,195.69747531194383,195.82183812374257,2.6179234705977703,2.868254915926369,13.456575872910083,13.123803033477886,2.6179234705977703,2.868254915926369,16.499162479061976,19.063545150501675,0.06942754983901978,0.05414241552352905,0.001,2.5
533,107.34387605753376,108.81428522728757,0.06104313034308416,0.061484687192284546,195.6964797079064,195.83915082746526,2.607706999259578,2.8676513006854614,13.594306123116906,13.108438424840818,2.607706999259578,2.8676513006854614,16.24790619765494,19.39799331103679,0.054774701595306396,0.05352294445037842,0.001,2.5
534,106.32602565132792,109.06129159576518,0.06102040821258946,0.061522866072862045,195.7030767699582,195.83297117099315,2.538718364146886,2.8776283120630577,13.597705513588348,13.127902308435344,2.538718364146886,2.8776283120630577,16.499162479061976,19.39799331103679,0.10207831859588623,0.051180124282836914,0.001,2.5
535,107.14191516000821,108.89942972955097,0.06103057766230262,0.06150106578616793,195.694172640342,195.82614196981476,2.6027993289270195,2.866353688032731,13.568640370265124,13.129359152803453,2.6027993289270195,2.866353688032731,16.24790619765494,18.729096989966553,0.06618410348892212,0.057305872440338135,0.001,2.5
536,107.78972481323447,109.01559407415996,0.061060833477943985,0.061485992077999686,195.69931449442853,195.8411130873256,2.6123623492530044,2.8768685581692086,13.669506180026822,13.121047428220411,2.6123623492530044,2.8768685581692086,16.415410385259634,18.729096989966553,0.058322012424468994,0.05577373504638672,0.001,2.5
537,106.81135130966928,108.72809024160124,0.061035889177466156,0.06148802798029571,195.7107298322259,195.84653210081783,2.571586199541587,2.8684767225514287,13.596161896659302,13.08872048432213,2.571586199541587,2.8684767225514287,16.415410385259634,19.732441471571907,0.0758022665977478,0.0553317666053772,0.001,2.5
538,107.1521918138667,109.06112328979084,0.061032142334148116,0.06149287418428073,195.70958902688082,195.84146000788763,2.5953363893020094,2.8706354991249414,13.59308072190788,13.148850820535003,2.5953363893020094,2.8706354991249414,16.331658291457288,19.732441471571907,0.06432360410690308,0.05285161733627319,0.001,2.5
539,106.26315494198695,108.77095047048103,0.06102411943788904,0.06151413111433536,195.71195659286013,195.84697047204875,2.563821877267093,2.8733458104340928,13.509817569100077,13.082680574627624,2.563821877267093,2.8733458104340928,16.331658291457288,18.729096989966553,0.09153807163238525,0.049187541007995605,0.001,2.5
540,106.3714239992688,108.73547205079758,0.06102319462365242,0.061456176960049666,195.71606752021827,195.85215009096075,2.590545815638761,2.8673400918775576,13.451299398987736,13.093611966008725,2.590545815638761,2.8673400918775576,16.331658291457288,19.063545150501675,0.07271510362625122,0.05611848831176758,0.001,2.5
541,106.2829215913961,108.50460215795,0.06102209208124447,0.06146020969270065,195.72192037764506,195.8603327314192,2.552210584158075,2.8706878212383358,13.548603423676099,13.037392737474729,2.552210584158075,2.8706878212383358,16.415410385259634,19.39799331103679,0.10278052091598511,0.05351632833480835,0.001,2.5
542,107.41936698670763,108.3889825623171,0.06099704449600111,0.06149069462781367,195.72629911336466,195.85812679022848,2.604659790569414,2.8582777059995212,13.618549089735277,13.051494531408201,2.604659790569414,2.8582777059995212,16.331658291457288,19.39799331103679,0.06304293870925903,0.05943876504898071,0.001,2.5
543,106.70368346656787,108.5111352416584,0.0610297567381132,0.06149577319522367,195.72884935030785,195.86508459391004,2.5692999882114993,2.8606273043514494,13.58148480260392,13.06887270056683,2.5692999882114993,2.8606273043514494,16.415410385259634,19.39799331103679,0.08128058910369873,0.05970799922943115,0.001,2.5
544,107.99801352036059,108.76173492737837,0.0609891097399857,0.06150979331903234,195.73319631605293,195.86750676081732,2.5981902744702157,2.8652076920538043,13.753686892127671,13.105248145036475,2.5981902744702157,2.8652076920538043,16.331658291457288,19.063545150501675,0.07727491855621338,0.05690699815750122,0.001,2.5
545,107.76737335818497,108.86067914165382,0.06100876400343937,0.06144762723192722,195.73760909650792,195.87509053207958,2.602043475337963,2.8613903187589105,13.695994971385554,13.136499927992805,2.602043475337963,2.8613903187589105,16.331658291457288,19.063545150501675,0.06226062774658203,0.05956786870956421,0.001,2.5
546,106.58765065051004,108.61434972246354,0.061004478534312304,0.061493109189048656,195.74353553861428,195.87907532146542,2.550783066294301,2.8620538958737685,13.613831574393677,13.085234303936911,2.550783066294301,2.8620538958737685,16.415410385259634,19.063545150501675,0.10140913724899292,0.05753743648529053,0.001,2.5
547,107.52880868320689,108.59328371386066,0.06099326108618198,0.061471967294463345,195.7505064793368,195.8855059569496,2.625750879546506,2.8592986669827463,13.577160836863557,13.089289760908555,2.625750879546506,2.8592986669827463,16.415410385259634,19.063545150501675,0.054995954036712646,0.056772708892822266,0.001,2.5
548,106.64697827925434,108.33779851090549,0.060973276214134356,0.061496933106096295,195.7474219036262,195.876659839847,2.526408227045133,2.8470442486447234,13.6988269352234,13.074952769837651,2.526408227045133,2.8470442486447234,16.415410385259634,19.063545150501675,0.12210053205490112,0.06508111953735352,0.001,2.5
549,107.58175503269112,108.88424315181464,0.06100275377482425,0.061472697538575996,195.7421611485569,195.87678410456732,2.6239091096012235,2.8671628296574623,13.59327491843321,13.123890586521314,2.6239091096012235,2.8671628296574623,16.415410385259634,18.729096989966553,0.07579255104064941,0.05775552988052368,0.001,2.5
550,107.29949749254901,109.17027175546092,0.06100801999994259,0.0614722097373527,195.74639148808004,195.88352410051735,2.572529847897477,2.8676889421150435,13.690958745116165,13.179516049133097,2.572529847897477,2.8676889421150435,16.415410385259634,18.729096989966553,0.09341317415237427,0.05994802713394165,0.001,2.5
551,107.64788547432802,109.20627586339229,0.060978971633879185,0.06143589262978289,195.75409035227406,195.89187315873878,2.580725540867203,2.879559355037268,13.736053883729868,13.1511118164828,2.580725540867203,2.879559355037268,16.331658291457288,19.39799331103679,0.0932806134223938,0.05152684450149536,0.001,2.5
552,106.44015318904091,109.06653760827106,0.06099327027148737,0.061470627348658234,195.75975813618058,195.8946349995591,2.559886460727583,2.8694083770381966,13.557020492489814,13.153608590065437,2.559886460727583,2.8694083770381966,16.415410385259634,19.063545150501675,0.07778310775756836,0.053185880184173584,0.001,2.5
553,107.48125239233276,109.0677745908399,0.061011021959921426,0.061483249616463446,195.76184087143073,195.89483540512646,2.6183963113494055,2.872080212851432,13.589707222815534,13.145838485513643,2.6183963113494055,2.872080212851432,16.24790619765494,19.39799331103679,0.0688355565071106,0.05337470769882202,0.001,2.5
554,106.98933282848978,109.12827079032975,0.061013732105493546,0.06138210332513254,195.76150806625085,195.894807694349,2.5998398387052704,2.869363991313156,13.546991738043038,13.16610663551152,2.5998398387052704,2.869363991313156,16.331658291457288,19.063545150501675,0.07247591018676758,0.051091015338897705,0.001,2.5
555,107.04368591308594,108.48698675353391,0.06099095508780711,0.061511505955836446,195.7589194906417,195.888141695871,2.566812987702975,2.8608051821539635,13.656948683848933,13.063502298948357,2.566812987702975,2.8608051821539635,16.331658291457288,19.063545150501675,0.08669507503509521,0.053064167499542236,0.001,2.5
556,107.94869381698531,108.28709457550559,0.06100911996522341,0.06144404890993766,195.75354809018236,195.88513775573526,2.6101447633363093,2.8582884970317317,13.707951485012444,13.031087170476498,2.6101447633363093,2.8582884970317317,16.24790619765494,19.063545150501675,0.07961291074752808,0.055916666984558105,0.001,2.5
557,107.51693081496349,108.66497042346559,0.060966118259146385,0.061498908892921776,195.7539876046492,195.88933147315595,2.5781656948964997,2.8673966935645776,13.717545090807942,13.079325656827079,2.5781656948964997,2.8673966935645776,16.24790619765494,18.729096989966553,0.09864562749862671,0.05242300033569336,0.001,2.5
558,108.14263093012262,108.60911861151756,0.06098351674388401,0.06147451114445227,195.75608010347963,195.8889653132512,2.6013773657768415,2.8672105723798875,13.77304598234806,13.068718891080009,2.6013773657768415,2.8672105723798875,16.499162479061976,19.39799331103679,0.06304383277893066,0.0497891902923584,0.001,2.5
559,107.66436398248976,108.43726417771151,0.06099930074271844,0.0614646603182008,195.7551412917861,195.887988597653,2.620137472647918,2.863108808778999,13.621109711664605,13.046655906881377,2.620137472647918,2.863108808778999,16.582914572864322,19.39799331103679,0.058785200119018555,0.050566673278808594,0.001,2.5
560,106.6612846336173,108.61855724424024,0.06098142220097371,0.061453799464830185,195.7548921671345,195.8873433907295,2.5718235282642357,2.862348408204656,13.565438941495502,13.0851975061423,2.5718235282642357,2.862348408204656,16.415410385259634,19.063545150501675,0.0785176157951355,0.05325460433959961,0.001,2.5
561,106.28195236436086,108.47847967243514,0.060994795681144326,0.061428596268728826,195.75331159173143,195.88636233734846,2.5430153438593672,2.865408255503728,13.575994601800813,13.048007878970143,2.5430153438593672,2.865408255503728,16.331658291457288,19.063545150501675,0.09415888786315918,0.050383687019348145,0.001,2.5
562,107.84335360375282,108.76302472883243,0.06100670220813959,0.06144694499297684,195.7531047418489,195.8847208692876,2.6124729287484585,2.869805220377485,13.679899955315006,13.091723148639385,2.6124729287484585,2.869805220377485,16.331658291457288,19.732441471571907,0.05669808387756348,0.046278178691864014,0.001,2.5
563,106.27369807513315,108.5783743459644,0.06098230476405353,0.06142697581728565,195.75201881191438,195.88519399381403,2.5892244271896594,2.872077214677996,13.435719635418712,13.047981367462056,2.5892244271896594,2.872077214677996,16.331658291457288,18.729096989966553,0.07192760705947876,0.04767221212387085,0.001,2.5
564,107.57348393834815,108.76232731541663,0.06097644960610711,0.06143705722530151,195.75249952766762,195.8853051431203,2.567438968661642,2.869582765477158,13.761033879252933,13.092251847818943,2.567438968661642,2.869582765477158,16.415410385259634,19.39799331103679,0.0844191312789917,0.05510556697845459,0.001,2.5
565,107.02510443963797,108.46349811872909,0.06097719037727495,0.06143654490444174,195.7521240898912,195.8854316022484,2.61482597875036,2.8647985474321755,13.509197359708086,13.046839283461555,2.61482597875036,2.8647985474321755,16.499162479061976,19.063545150501675,0.07365643978118896,0.05646860599517822,0.001,2.5
566,107.84740380266403,108.39508352630513,0.060983697042942445,0.06146432277450593,195.75184299079217,195.8837529823533,2.6305307475366386,2.8638203805904325,13.626541271880644,13.036085441359708,2.6305307475366386,2.8638203805904325,16.415410385259634,19.39799331103679,0.05118471384048462,0.06249189376831055,0.001,2.5
567,107.44489876189623,108.43474428310842,0.061006640669089465,0.06145725330730346,195.75154417922948,195.88528105566732,2.576023341423303,2.859236956440087,13.709557827193933,13.057769453246458,2.576023341423303,2.859236956440087,16.499162479061976,19.063545150501675,0.11055314540863037,0.06487834453582764,0.001,2.5
568,107.28259834532362,108.39706709233415,0.06098106688191144,0.061460979046131854,195.75234558514416,195.88566701627497,2.5669730660104673,2.8715927513148074,13.704253858058296,13.013166421233212,2.5669730660104673,2.8715927513148074,16.415410385259634,19.063545150501675,0.0880545973777771,0.06113171577453613,0.001,2.5
569,107.29898117295461,108.57313420222356,0.060969046499561426,0.06145162517858987,195.75243736791052,195.8841587946965,2.582542604737146,2.8714348958886187,13.660823869944817,13.048855271227783,2.582542604737146,2.8714348958886187,16.331658291457288,19.063545150501675,0.0678795576095581,0.05703490972518921,0.001,2.5
570,107.01540692966788,108.36473035014991,0.060992172708613186,0.06150336522471945,195.75124838364184,195.8839557864594,2.562539713466587,2.8679224774988996,13.664114092662306,13.017700759862178,2.562539713466587,2.8679224774988996,16.415410385259634,19.063545150501675,0.09295874834060669,0.05819535255432129,0.001,2.5
571,107.0948488628445,108.35946412867925,0.06099051243346341,0.06147908001988628,195.75049743141162,195.88288144523085,2.583260694740206,2.86904288454598,13.61783950173076,13.013292232883416,2.583260694740206,2.86904288454598,16.331658291457288,19.39799331103679,0.08207857608795166,0.06106996536254883,0.001,2.5
572,106.95690644486265,108.5024722810573,0.060981442062948615,0.061493705210578085,195.74926819154365,195.8824627726373,2.57255528959597,2.8712410288909607,13.622369163998806,13.035296086084882,2.57255528959597,2.8712410288909607,16.415410385259634,19.063545150501675,0.08985483646392822,0.057820677757263184,0.001,2.5
573,106.6389627632384,108.4635573422231,0.060990551870372424,0.06141293731620878,195.75007189777827,195.88355012721442,2.5524451249408564,2.8690561052150154,13.619108885376896,13.03408299002759,2.5524451249408564,2.8690561052150154,16.415410385259634,19.063545150501675,0.10209280252456665,0.06158924102783203,0.001,2.5
574,106.35502731859984,108.56287667264907,0.06099673054825321,0.06142972123164397,195.75090083085513,195.88419972295347,2.545576921459818,2.8663773137988855,13.58292486360125,13.061980059314333,2.545576921459818,2.8663773137988855,16.582914572864322,19.39799331103679,0.10646551847457886,0.06286841630935669,0.001,2.5
575,107.60823473139624,108.84430135771582,0.06098486384504804,0.06148758713766484,195.7511842302741,195.88438063401443,2.5729025504497227,2.8709496207859204,13.751592187226517,13.1045373642325,2.5729025504497227,2.8709496207859204,16.415410385259634,19.063545150501675,0.08819699287414551,0.06671249866485596,0.001,2.5
576,106.59012285548837,108.54972640327786,0.06098358958360538,0.06140478957058195,195.7515957575148,195.88486457748158,2.559402018136515,2.8637722997761093,13.588471835981462,13.067170570526633,2.559402018136515,2.8637722997761093,16.415410385259634,18.729096989966553,0.10714501142501831,0.06969612836837769,0.001,2.5
577,107.0102615739832,108.56980816895347,0.06098401295005576,0.061509137530889,195.75192061381125,195.8848167598048,2.568753424201978,2.8592276118670816,13.644445023145309,13.084799610252762,2.568753424201978,2.8592276118670816,16.331658291457288,19.063545150501675,0.09157592058181763,0.06973659992218018,0.001,2.5
578,108.17883994711104,108.3796236172169,0.0609760788617222,0.06145490872919759,195.75172743805288,195.88437415285654,2.6175242904043277,2.8725177157284025,13.731849513860604,13.006903906729708,2.6175242904043277,2.8725177157284025,16.331658291457288,19.063545150501675,0.06903421878814697,0.06266194581985474,0.001,2.5
579,107.22171099741055,108.77463993340432,0.0609805457905509,0.06145896801232893,195.7514410993362,195.88427637412795,2.5982863599531214,2.872683769085734,13.598136505689254,13.085406785027239,2.5982863599531214,2.872683769085734,16.24790619765494,19.39799331103679,0.08191192150115967,0.05523163080215454,0.001,2.5
580,106.95075191325279,108.68268082532596,0.060968542942649355,0.06145383553411251,195.75078049856214,195.88327557107678,2.6001401231117183,2.8706660326507976,13.538386247465558,13.073070688789903,2.6001401231117183,2.8706660326507976,16.415410385259634,19.063545150501675,0.06415778398513794,0.05311983823776245,0.001,2.5
581,106.88852612417148,108.58652299861843,0.06098993357826318,0.061464788174150777,195.7502069776781,195.8834130022438,2.557601516170917,2.870366432993707,13.653552173569773,13.054735824814609,2.557601516170917,2.870366432993707,16.331658291457288,19.39799331103679,0.08693832159042358,0.05390918254852295,0.001,2.5
582,106.67388403555456,108.21493236835187,0.06096805901059154,0.0614721375489514,195.75113881173445,195.8850260961016,2.5685548566693637,2.862351419136277,13.577768352962218,13.00446122785077,2.5685548566693637,2.862351419136277,16.582914572864322,19.39799331103679,0.07650214433670044,0.0540124773979187,0.001,2.5
583,106.7169906386179,108.75667018316263,0.06096331418259459,0.06146833040193969,195.7524380580065,195.88578235026586,2.565814828153831,2.8681917820487133,13.594610433083284,13.095287705743592,2.565814828153831,2.8681917820487133,16.499162479061976,19.732441471571907,0.0918014645576477,0.0550462007522583,0.001,2.5
584,107.09510900347277,108.43062650240384,0.06097367316659172,0.06146445511575527,195.75342624990185,195.88706413957985,2.551198659031036,2.865112879603204,13.714080147607442,13.03931678657149,2.551198659031036,2.865112879603204,16.24790619765494,19.063545150501675,0.09651464223861694,0.05499529838562012,0.001,2.5
585,105.95407323022583,109.0572996107631,0.060984037492043605,0.0614624316103283,195.7540436557789,195.88707506058606,2.5759256824576475,2.875484722513818,13.411690063412665,13.13353571046555,2.5759256824576475,2.875484722513818,16.331658291457288,19.063545150501675,0.08736270666122437,0.053899943828582764,0.001,2.5
586,107.29223643036144,108.85300300113333,0.06096159940089413,0.06145716706496417,195.7541650104363,195.8873322145596,2.5985260772545336,2.870184822624742,13.611525720887048,13.10857682244036,2.5985260772545336,2.870184822624742,16.415410385259634,19.063545150501675,0.06122368574142456,0.057812631130218506,0.001,2.5
587,107.60643643070905,108.94432333241339,0.06099019162169653,0.061465564890948426,195.75430131717343,195.88729735919864,2.5710437321782713,2.8818055403272442,13.756807316088397,13.091976704804793,2.5710437321782713,2.8818055403272442,16.415410385259634,19.39799331103679,0.08011949062347412,0.0529555082321167,0.001,2.5
588,107.44060839680172,108.66471418808136,0.06097370999517353,0.06147440895438194,195.75418694015323,195.8872537262065,2.582329504054595,2.8647975506989853,13.689787273630625,13.087077354507702,2.582329504054595,2.8647975506989853,16.331658291457288,19.39799331103679,0.072273850440979,0.06102269887924194,0.001,2.5
589,107.95005780448466,108.96494836711564,0.06099248459091538,0.061507006203849184,195.7542264034201,195.8872930214158,2.642928053985289,2.8796863715385514,13.609877948984629,13.10245204848988,2.642928053985289,2.8796863715385514,16.331658291457288,18.729096989966553,0.06259530782699585,0.055405616760253906,0.001,2.5
590,106.78620386682763,108.95885332292538,0.06097242053928886,0.06142973529804112,195.75436904881667,195.887436882708,2.5821838666446246,2.8812217329656797,13.55934381405113,13.096642168867946,2.5821838666446246,2.8812217329656797,16.415410385259634,18.729096989966553,0.07115072011947632,0.05365413427352905,0.001,2.5
591,106.03684785417975,108.84273148858826,0.06100321138024929,0.06146911490571539,195.7544772660912,195.8875807440002,2.6065949650865106,2.875253583276551,13.33623286906998,13.091314245625881,2.6065949650865106,2.875253583276551,16.331658291457288,19.063545150501675,0.07457393407821655,0.0564044713973999,0.001,2.5
592,107.06518139351952,108.59140035061533,0.060995612062601186,0.061462819052978505,195.75448766864923,195.88767229673456,2.584442338352427,2.870422916667517,13.608358975830589,13.055540824813587,2.584442338352427,2.870422916667517,16.415410385259634,19.063545150501675,0.0886269211769104,0.05714833736419678,0.001,2.5
593,106.93233838872095,108.72325287375561,0.06096395946277845,0.06145741573743597,195.7546391830572,195.88772470735785,2.5740731050021686,2.872654749796941,13.612904417654578,13.075217132185614,2.5740731050021686,2.872654749796941,16.499162479061976,19.063545150501675,0.1008603572845459,0.055724918842315674,0.001,2.5
594,106.98132781726831,108.77840170971925,0.060998722405439645,0.06143472396011735,195.7545038986845,195.88744356799683,2.56980336850612,2.8708597792430863,13.635504796077658,13.091636587544826,2.56980336850612,2.8708597792430863,16.415410385259634,18.729096989966553,0.08296334743499756,0.05212360620498657,0.001,2.5
595,106.60112119639538,108.76372530627809,0.06098671656856984,0.06146657759678802,195.75454571338955,195.88783600976237,2.5813058301232368,2.871543575688748,13.524958636093778,13.086643528380122,2.5813058301232368,2.871543575688748,16.499162479061976,19.732441471571907,0.09174638986587524,0.05167192220687866,0.001,2.5
596,106.97470547725607,108.74316350113986,0.061007469830101656,0.06143260686144382,195.7548722310282,195.88805177618428,2.5820612935364946,2.8720145225524902,13.597404732376686,13.081125938772756,2.5820612935364946,2.8720145225524902,16.499162479061976,19.063545150501675,0.0768578052520752,0.05028510093688965,0.001,2.5
597,106.42618470056173,108.41668859373367,0.06098184962967532,0.06142566711906605,195.7549449722571,195.88803212857965,2.5666791242570732,2.862670583469812,13.533852335995366,13.043862987122807,2.5666791242570732,2.862670583469812,16.415410385259634,19.732441471571907,0.08886450529098511,0.0590704083442688,0.001,2.5
598,106.87381421062015,108.76144914403807,0.06097161384857879,0.061442383443531784,195.75485825019464,195.88800819422488,2.5602749152798547,2.874307518420012,13.642592831073294,13.077900835502906,2.5602749152798547,2.874307518420012,16.331658291457288,19.39799331103679,0.09364277124404907,0.0514715313911438,0.001,2.5
599,106.87148709193346,108.31588762978646,0.06097355011969156,0.06141907147390388,195.7549547869556,195.88824151590916,2.5520894834943353,2.8648032264964636,13.666683385519926,13.017305817492431,2.5520894834943353,2.8648032264964636,16.499162479061976,19.39799331103679,0.08998119831085205,0.055999577045440674,0.001,2.5
600,106.5939886454162,108.68505583798208,0.06098671011639201,0.06151491369939967,195.75520069115925,195.88841808918727,2.5613636183778645,2.873162672272494,13.583358467523777,13.066043321105548,2.5613636183778645,2.873162672272494,16.415410385259634,19.39799331103679,0.08188807964324951,0.057076096534729004,0.001,2.5
601,107.05818504704104,108.69428648677558,0.06098589439637697,0.06148478194423344,195.7553063014045,195.88846167114667,2.577277206695659,2.8755875877712085,13.628456971952863,13.060619749751776,2.577277206695659,2.8755875877712085,16.24790619765494,19.063545150501675,0.09406763315200806,0.054930806159973145,0.001,2.5
602,106.16858132520512,108.37677252013548,0.06100253203581126,0.06141133793321341,195.75569687017443,195.88910912351065,2.5635956096489427,2.8754053083949263,13.491577648437602,12.99767840905333,2.5635956096489427,2.8754053083949263,16.331658291457288,19.39799331103679,0.0943722128868103,0.05660659074783325,0.001,2.5
603,106.58141282175853,108.83908065744866,0.06098933809341697,0.06147467140669009,195.75624618658068,195.88968456867946,2.5700110929894886,2.878662617310234,13.554900049564228,13.080355784566107,2.5700110929894886,2.878662617310234,16.415410385259634,19.39799331103679,0.10327476263046265,0.05332082509994507,0.001,2.5
604,106.12433648548733,108.92187293317406,0.06098796985731452,0.061446859535564946,195.756736384764,195.88981541662312,2.563594264600744,2.8749234365380327,13.482735768035429,13.108136534292164,2.563594264600744,2.8749234365380327,16.415410385259634,19.063545150501675,0.07527458667755127,0.05213850736618042,0.001,2.5
605,107.01464864197288,108.62244517348682,0.06097992167650555,0.06144249976229508,195.7567254199055,195.88992013580423,2.6142209850164315,2.873787753159386,13.508919350066577,13.051659638267695,2.6142209850164315,2.873787753159386,16.24790619765494,19.063545150501675,0.06213277578353882,0.054707229137420654,0.001,2.5
606,105.68427625493189,108.71086232877495,0.06098999350114883,0.06152145520949045,195.75688672345288,195.88998550874334,2.541512383887516,2.8750242987604047,13.46096869169967,13.065617299797543,2.541512383887516,2.8750242987604047,16.331658291457288,19.39799331103679,0.10759341716766357,0.046707212924957275,0.001,2.5
607,107.75389888897612,108.60987626908216,0.06097850866203931,0.06142895185329444,195.75696774583366,195.89005736284034,2.591763220839764,2.8723625658347856,13.724143235927052,13.053423897478492,2.591763220839764,2.8723625658347856,16.415410385259634,19.063545150501675,0.07629382610321045,0.04646801948547363,0.001,2.5
608,106.7055608854821,108.45939337688944,0.060992753186217906,0.06145714195974694,195.75707514521665,195.8903058922809,2.539360842313399,2.8683298471380634,13.671679578234802,13.035418979300305,2.539360842313399,2.8683298471380634,16.415410385259634,19.39799331103679,0.09602028131484985,0.053726255893707275,0.001,2.5
609,107.28702048041313,108.19167845863164,0.06097277286938287,0.06146479224829769,195.7573832347365,195.89055875950433,2.580213869836063,2.8627181069109353,13.665416160021195,12.998710313369598,2.580213869836063,2.8627181069109353,16.415410385259634,19.39799331103679,0.07838672399520874,0.05547940731048584,0.001,2.5
610,106.21860661338921,108.65874968563833,0.06099648947142676,0.06148032050417817,195.7573467363265,195.89029282789963,2.543382605116571,2.869763533008537,13.562222745949699,13.07098566967508,2.543382605116571,2.869763533008537,16.582914572864322,19.063545150501675,0.10124117136001587,0.056522369384765625,0.001,2.5
611,106.86912856109977,108.5902283837564,0.06099992561180587,0.061432777365115175,195.757210812976,195.89051298313714,2.5504847443483185,2.878415258433109,13.671019785767625,13.031334341170398,2.5504847443483185,2.878415258433109,16.331658291457288,18.729096989966553,0.09306895732879639,0.05277925729751587,0.001,2.5
612,107.48057959986292,108.28885673599498,0.060982591336845755,0.061444795176536345,195.75734568840295,195.89032115106997,2.6110571580915596,2.8722225280111053,13.611596532403125,12.98963629043222,2.6110571580915596,2.8722225280111053,16.415410385259634,19.39799331103679,0.07758170366287231,0.05858492851257324,0.001,2.5
613,107.0370332471889,108.31138473051448,0.06099736518296764,0.06145138106617242,195.75725002065175,195.89047159558555,2.5606535020186074,2.8675224908618224,13.674095462115366,13.008240795454453,2.5606535020186074,2.8675224908618224,16.415410385259634,19.063545150501675,0.10563069581985474,0.05843931436538696,0.001,2.5
614,107.1648707046381,108.17855773721651,0.060972695792689796,0.06143538304993939,195.75737832738727,195.8905327328073,2.601014995495079,2.869134412561372,13.578583113512202,12.976842711203075,2.601014995495079,2.869134412561372,16.331658291457288,19.39799331103679,0.07328224182128906,0.05797475576400757,0.001,2.5
615,107.11974944301586,108.61869194515573,0.06099264075358709,0.06139519682347176,195.75762144564783,195.89106888276677,2.588483523683532,2.8774703346367265,13.607149267915505,13.039870054825492,2.588483523683532,2.8774703346367265,16.331658291457288,19.39799331103679,0.07683759927749634,0.05606478452682495,0.001,2.5
616,106.20073624551796,108.5855022927989,0.060995533319823506,0.06145876132724277,195.75787396966112,195.890981718848,2.5493200156756584,2.8749126000547887,13.540836815059285,13.04089213214989,2.5493200156756584,2.8749126000547887,16.499162479061976,18.729096989966553,0.11051005125045776,0.05334615707397461,0.001,2.5
617,106.67204494252677,108.6045230623073,0.06097259440488951,0.06146068646756303,195.75781091533514,195.89099702866977,2.56625001035144,2.8721785864303744,13.584313204140718,13.052898872656169,2.56625001035144,2.8721785864303744,16.331658291457288,19.063545150501675,0.07589131593704224,0.052953362464904785,0.001,2.5
618,107.25917850666909,108.5067957237014,0.060977427285769874,0.06142865426614133,195.7579319377241,195.89114094099472,2.6264017283217593,2.8657545580911794,13.521283590613898,13.05263176410892,2.6264017283217593,2.8657545580911794,16.415410385259634,18.394648829431436,0.059689879417419434,0.05262488126754761,0.001,2.5
619,106.60205139466865,108.53229821246603,0.060960465489919465,0.06145806515894606,195.75803749685113,195.89120636496656,2.5883720751783157,2.8682604465994945,13.50395037780455,13.0502089242074,2.5883720751783157,2.8682604465994945,16.499162479061976,19.732441471571907,0.05823361873626709,0.049658775329589844,0.001,2.5
620,107.54808689801138,108.45158034104567,0.06099786337970489,0.06147343251717131,195.7581952732412,195.89152235968854,2.60874887686878,2.8752947651024248,13.632019504630186,13.012959107108738,2.60874887686878,2.8752947651024248,16.415410385259634,19.39799331103679,0.06535321474075317,0.04095578193664551,0.001,2.5
621,106.29984555651794,108.67432686796157,0.060964247757815435,0.06147824555485942,195.75851412314665,195.89174261699154,2.5547054660579867,2.8702802068015005,13.544508221560786,13.072550116574087,2.5547054660579867,2.8702802068015005,16.415410385259634,19.063545150501675,0.08939623832702637,0.049874842166900635,0.001,2.5
622,107.10376227041785,108.33735771561945,0.0609758456909976,0.06147178991333298,195.75885446826416,195.89232908523203,2.6017422520335596,2.868092894155445,13.564179081812975,13.011720019439391,2.6017422520335596,2.868092894155445,16.331658291457288,19.063545150501675,0.06960529088973999,0.04955416917800903,0.001,2.5
623,106.61383409356353,108.56126508425709,0.060984713566712596,0.06147277569491728,195.7595413949222,195.8927671502665,2.5781583338726306,2.8781535761013477,13.536943143336616,13.026319459130534,2.5781583338726306,2.8781535761013477,16.331658291457288,19.063545150501675,0.07941126823425293,0.04732716083526611,0.001,2.5
624,107.07776906382499,108.45348814897314,0.06098947885572611,0.06151596000760694,195.75996933111193,195.89315300880867,2.5786287856461416,2.868711838355431,13.628317931988331,13.033080081875907,2.5786287856461416,2.868711838355431,16.415410385259634,19.39799331103679,0.0881757140159607,0.05279541015625,0.001,2.5
625,105.93361721326359,108.08781882193576,0.06098648524489035,0.0614886704495918,195.76009306276663,195.89306803929765,2.5594279434613045,2.8574401088382886,13.457090141385844,12.993767821270486,2.5594279434613045,2.8574401088382886,16.499162479061976,19.063545150501675,0.08534985780715942,0.06227296590805054,0.001,2.5
626,106.65208133461088,107.66204481858473,0.06098838136773213,0.06144341754175747,195.76004866659142,195.89302226293046,2.5652679454541487,2.8545586129893428,13.583263349293464,12.917266188656606,2.5652679454541487,2.8545586129893428,16.331658291457288,19.732441471571907,0.0807839035987854,0.060368359088897705,0.001,2.5
627,106.01027149091813,108.18179596865855,0.06097865974533698,0.06145455908765362,195.75981007229342,195.89295020470252,2.5480994052024344,2.860156607069698,13.50640874571936,13.004419428847704,2.5480994052024344,2.860156607069698,16.499162479061976,19.39799331103679,0.10109370946884155,0.05943942070007324,0.001,2.5
628,106.97798738208049,108.24328506112498,0.06097472669990418,0.061491917881080535,195.76002758032513,195.89325971826662,2.576620708158867,2.863341852972739,13.614388675146566,13.00715525572914,2.576620708158867,2.863341852972739,16.24790619765494,19.732441471571907,0.08236610889434814,0.05466187000274658,0.001,2.5
629,107.04349882039593,108.26937582979234,0.06096892516242599,0.06143613041294458,195.76030959955213,195.89361286482284,2.5922113207716437,2.863885841242047,13.580720074013051,13.01075242594333,2.5922113207716437,2.863885841242047,16.331658291457288,18.394648829431436,0.08865481615066528,0.05853736400604248,0.001,2.5
630,105.7947544628252,108.47144720785595,0.0609656706939091,0.06145462019985735,195.76041853248174,195.89344705945274,2.533087999177738,2.8773132080218464,13.508341477743944,13.010879542117932,2.533087999177738,2.8773132080218464,16.415410385259634,19.732441471571907,0.10619646310806274,0.051018595695495605,0.001,2.5
631,106.7715057168574,108.6180744745261,0.06095126094031374,0.061453187869344665,195.76034149732223,195.8934078152762,2.5532185775750444,2.8695393382107532,13.643303439844793,13.063527368781559,2.5532185775750444,2.8695393382107532,16.331658291457288,19.39799331103679,0.09465348720550537,0.05327874422073364,0.001,2.5
632,106.39827675875307,108.38485697360342,0.060986915319359285,0.06145480854505281,195.7603090628108,195.89366946013078,2.5857144049064598,2.8743536049705685,13.471162736915064,13.002441434955916,2.5857144049064598,2.8743536049705685,16.415410385259634,19.063545150501675,0.08346885442733765,0.05125129222869873,0.001,2.5
633,106.31508690148742,108.5977658683241,0.06097781115915108,0.061480895432341455,195.7608275804887,195.89426679834474,2.5936489392764606,2.874701779024258,13.43072239957263,13.043973122153394,2.5936489392764606,2.874701779024258,16.499162479061976,19.39799331103679,0.06777215003967285,0.05498778820037842,0.001,2.5
634,107.11582425371486,108.48749345760281,0.060954921159712315,0.06145468675671613,195.76164879471412,195.89498835024625,2.58253324451159,2.870318267656409,13.624222170767473,13.035073714112757,2.58253324451159,2.870318267656409,16.24790619765494,19.063545150501675,0.07548177242279053,0.05474662780761719,0.001,2.5
635,106.69584295378259,108.59038163507263,0.060968313859136064,0.06145167054240919,195.76212076925154,195.89522381530557,2.590657330437921,2.871097008121452,13.515850431355998,13.053316365117611,2.590657330437921,2.871097008121452,16.499162479061976,19.39799331103679,0.07974117994308472,0.053749263286590576,0.001,2.5
636,106.64937785801975,108.5149191661822,0.060988586514539256,0.06147818986239242,195.76228227727177,195.8952696427055,2.5968144015850534,2.8682559102673992,13.488082197243644,13.046741718432576,2.5968144015850534,2.8682559102673992,16.415410385259634,19.39799331103679,0.08526110649108887,0.05195337533950806,0.001,2.5
637,106.84961301717327,108.39775751426467,0.060982840662975005,0.061457655937675645,195.76233227089222,195.8955595596977,2.586587997736843,2.8732357615212534,13.558809127040844,13.008373183948938,2.586587997736843,2.8732357615212534,16.415410385259634,18.729096989966553,0.07707870006561279,0.05035167932510376,0.001,2.5
638,107.05320187669304,108.80528442995205,0.0609676372166255,0.061458006127422866,195.76256951055734,195.89545274817425,2.5683768829908002,2.874319409845665,13.654163926091027,13.086628081407834,2.5683768829908002,2.874319409845665,16.331658291457288,18.394648829431436,0.07187813520431519,0.05128884315490723,0.001,2.5
639,106.52305470119968,108.4034227862406,0.06098995710936823,0.06148323199920431,195.7622053954669,195.89513889682732,2.5982011502711617,2.8637528379625303,13.458656751929816,13.037950665655742,2.5982011502711617,2.8637528379625303,16.331658291457288,19.063545150501675,0.07335442304611206,0.05484592914581299,0.001,2.5
640,106.30323544858489,108.74745027676076,0.06096760027572338,0.06144533987876564,195.7621859194246,195.89525652729148,2.5474516251179042,2.868397321988109,13.566945964167864,13.09282917163045,2.5474516251179042,2.868397321988109,16.499162479061976,19.063545150501675,0.08828622102737427,0.05142468214035034,0.001,2.5
641,105.887401050459,108.5135852214086,0.06095912947102607,0.0614799312051124,195.76253738275526,195.89587994323526,2.5321537485873478,2.8743231089218804,13.529674322361522,13.028272781882398,2.5321537485873478,2.8743231089218804,16.331658291457288,19.063545150501675,0.10195326805114746,0.05081355571746826,0.001,2.5
642,108.0050103780213,108.21663607083835,0.06098766767199914,0.06145694306163883,195.76298096112072,195.89596501481174,2.606218022916784,2.8681469035387837,13.730998267680157,12.98741567094988,2.606218022916784,2.8681469035387837,16.415410385259634,18.729096989966553,0.0637131929397583,0.05402648448944092,0.001,2.5
643,106.64929352573414,108.52594455986916,0.06097747584558412,0.06142443754900259,195.7631574467798,195.89622221981801,2.5804665623797445,2.8792552246297882,13.537110700878864,13.015959337802236,2.5804665623797445,2.8792552246297882,16.415410385259634,19.39799331103679,0.0897027850151062,0.05236095190048218,0.001,2.5
644,107.28184422376367,108.50462218830019,0.06098149743062168,0.061459972495119704,195.76334078228055,195.8963922609055,2.596139854322526,2.8760562875996465,13.616600932787412,13.021284097014462,2.596139854322526,2.8760562875996465,16.415410385259634,19.063545150501675,0.07823091745376587,0.05749779939651489,0.001,2.5
645,106.18435190989943,108.36081468460951,0.061004301798303726,0.061455787947544686,195.76350114014082,195.89653607116495,2.5764773982254106,2.8666685464788837,13.456084404758473,13.020686768369133,2.5764773982254106,2.8666685464788837,16.331658291457288,18.729096989966553,0.08413738012313843,0.06377977132797241,0.001,2.5
646,106.84075095785323,108.49211268600413,0.06098335559543852,0.06147351259222397,195.76351435420102,195.89632693899912,2.5782457983473837,2.8690037177159238,13.582063454479428,13.03993746907416,2.5782457983473837,2.8690037177159238,16.415410385259634,18.729096989966553,0.09412407875061035,0.06596642732620239,0.001,2.5
647,106.0172786872391,108.57208624492122,0.06099457182676549,0.0614563657039384,195.76309947871684,195.89594970498993,2.5663460079749028,2.864331773292261,13.453066060690825,13.0699507480481,2.5663460079749028,2.864331773292261,16.415410385259634,19.39799331103679,0.08860045671463013,0.05971616506576538,0.001,2.5
648,105.9182186414249,108.62598977997949,0.060991416019161346,0.061416018716866354,195.76293587484952,195.8959453672071,2.5570006390512487,2.87101880842228,13.461290827548284,13.060679349612233,2.5570006390512487,2.87101880842228,16.415410385259634,19.063545150501675,0.09622538089752197,0.05505424737930298,0.001,2.5
649,106.708439620895,108.33204796322214,0.0609809219575108,0.061481428398037434,195.76258195784425,195.8953022015932,2.5924182301589993,2.859535224461635,13.513085002675528,13.03632810841436,2.5924182301589993,2.859535224461635,16.415410385259634,18.729096989966553,0.06366920471191406,0.06517249345779419,0.001,2.5
650,105.7665737541876,108.39078082846957,0.06095805665606031,0.06145886409043468,195.7619861238566,195.89494900400425,2.552694053506132,2.861121891334304,13.443888349549056,13.043319214147868,2.552694053506132,2.861121891334304,16.499162479061976,19.39799331103679,0.09180516004562378,0.06595814228057861,0.001,2.5
651,107.07782023316452,108.28003460427989,0.060988205237005225,0.06147862329182019,195.7619749289661,195.89502739029186,2.5912070797516074,2.857000611697551,13.590592722996595,13.033530085381855,2.5912070797516074,2.857000611697551,16.499162479061976,18.729096989966553,0.08283793926239014,0.06841516494750977,0.001,2.5
652,105.8619761506916,108.17069971601302,0.06098562637515603,0.06144248739034436,195.76197331874215,195.89483775263247,2.548179322950405,2.864024480449715,13.476507698071861,12.990599144262614,2.548179322950405,2.864024480449715,16.415410385259634,19.39799331103679,0.11056256294250488,0.05852997303009033,0.001,2.5
653,106.52287435611488,108.39868779007008,0.06098499203996243,0.06147916865438522,195.7620559257878,195.89540237886052,2.550182174398272,2.86519137911972,13.602679329301843,13.032689505994918,2.550182174398272,2.86519137911972,16.415410385259634,19.39799331103679,0.09172868728637695,0.06228750944137573,0.001,2.5
654,105.71097277157271,107.98486292402083,0.06098167947688494,0.06144639931893269,195.76233406002996,195.89536752349954,2.551267923022834,2.8569752890928135,13.437042038245018,12.974578162100801,2.551267923022834,2.8569752890928135,16.499162479061976,19.39799331103679,0.09971368312835693,0.06362760066986084,0.001,2.5
655,106.51099919713721,108.29535111137058,0.06098704722708394,0.06147291136276363,195.76243854567434,195.89538701800598,2.5483251844019548,2.8609015511031135,13.605874358709134,13.024892194613964,2.5483251844019548,2.8609015511031135,16.415410385259634,19.063545150501675,0.10408490896224976,0.06432861089706421,0.001,2.5
656,106.53838845513374,108.19705322673887,0.06096596512912306,0.061444989514590105,195.76236107600994,195.89529107645603,2.595011540593414,2.8554299770789004,13.471297764099223,13.02165274157572,2.595011540593414,2.8554299770789004,16.499162479061976,19.39799331103679,0.0687098503112793,0.06754779815673828,0.001,2.5
657,106.22691956077588,108.00400305910652,0.06098945271629384,0.061465517857601015,195.76245352331318,195.8954915840889,2.5574164961650343,2.851372188548978,13.52178398368746,12.99521211796381,2.5574164961650343,2.851372188548978,16.499162479061976,19.39799331103679,0.10129225254058838,0.07058358192443848,0.001,2.5
658,107.11354765261038,108.25554695256976,0.06097848846934349,0.06143031288000652,195.7623147373423,195.89527571560149,2.5837899500401176,2.8630636145039943,13.619991859998336,13.010453370901255,2.5837899500401176,2.8630636145039943,16.415410385259634,19.39799331103679,0.08016455173492432,0.0609779953956604,0.001,2.5
659,106.89227113452189,107.92380638505304,0.06097872298167179,0.06146056192575091,195.7622339194344,195.89539355019662,2.5720472523515148,2.8590965414525673,13.610963792657133,12.956000544953106,2.5720472523515148,2.8590965414525673,16.499162479061976,19.39799331103679,0.10231804847717285,0.058533668518066406,0.001,2.5
660,106.58880602454819,107.98952473924311,0.060993808092334165,0.061476380268367235,195.76281467354676,195.89634617834187,2.589387099347522,2.862645724146661,13.498248641814419,12.95849300626927,2.589387099347522,2.862645724146661,16.331658291457288,18.729096989966553,0.08072781562805176,0.059727370738983154,0.001,2.5
661,106.05649493806925,108.10021403641207,0.06097198031855189,0.06146752757073246,195.76338160018025,195.8963986399979,2.5343948908187635,2.862094228482964,13.556766633012986,12.98228733675137,2.5343948908187635,2.862094228482964,16.415410385259634,19.063545150501675,0.10865205526351929,0.0625717043876648,0.001,2.5
662,106.86218048300177,107.675322236026,0.06097166070486832,0.061436272111026737,195.7633128461726,195.89620241911516,2.578214625018326,2.848855717923729,13.586445407452096,12.937030562589001,2.578214625018326,2.848855717923729,16.331658291457288,19.732441471571907,0.08894097805023193,0.06599140167236328,0.001,2.5
663,105.86358579958303,107.9077297453099,0.06096251263365873,0.06147410574814548,195.7632344308211,195.89626131089634,2.5712801803096856,2.863370827607885,13.407531548185364,12.93995956114702,2.5712801803096856,2.863370827607885,16.415410385259634,19.39799331103679,0.09516388177871704,0.06124746799468994,0.001,2.5
664,107.44393563070888,108.06027395191,0.0609890638384188,0.06147350948989192,195.76321252666327,195.89609555655898,2.615916760522916,2.862013446048749,13.589686564664346,12.974540758292411,2.615916760522916,2.862013446048749,16.415410385259634,19.063545150501675,0.06461399793624878,0.06348204612731934,0.001,2.5
665,106.82419657747151,108.23176294026965,0.06099424319001698,0.06145885150667816,195.76304033493477,195.89596909743088,2.6039160607847536,2.8578920970393664,13.501739503550569,13.021204677313865,2.6039160607847536,2.8578920970393664,16.331658291457288,19.063545150501675,0.06345093250274658,0.0644112229347229,0.001,2.5
666,106.72972037923995,107.84971383901743,0.06097925307737723,0.06143235041445314,195.7626171016214,195.89532822829025,2.6087844267961766,2.862910171017599,13.468242664433005,12.929746324800726,2.6087844267961766,2.862910171017599,16.415410385259634,19.39799331103679,0.07469445466995239,0.06146508455276489,0.001,2.5
667,106.3996640689409,107.55704021134903,0.06097716915497628,0.061452579164385394,195.7622784689643,195.89536088924345,2.605731484878003,2.8452832922090256,13.411390354086207,12.924088251630598,2.605731484878003,2.8452832922090256,16.415410385259634,19.39799331103679,0.06862759590148926,0.06594467163085938,0.001,2.5
668,105.85866291039753,108.46910406514554,0.060970471781901577,0.06148298637922791,195.76261551695652,195.89608024673717,2.548927708886177,2.861171861954756,13.473602643164758,13.058829269281597,2.548927708886177,2.861171861954756,16.331658291457288,19.063545150501675,0.08979791402816772,0.060150742530822754,0.001,2.5
669,106.562462466446,108.49806545091712,0.060978063942249895,0.061465989810766584,195.76343389412068,195.89683685813063,2.5845639961249067,2.8670910991553877,13.507451499926185,13.046866812434882,2.5845639961249067,2.8670910991553877,16.331658291457288,19.39799331103679,0.08380347490310669,0.053784191608428955,0.001,2.5
670,107.25010848564519,108.1408983313519,0.06095839137058562,0.06144605402563726,195.7638066226314,195.89664727150398,2.597911236473863,2.8691150001857593,13.60494339845488,12.969366268170717,2.597911236473863,2.8691150001857593,16.331658291457288,19.39799331103679,0.07772338390350342,0.05314582586288452,0.001,2.5
671,106.10300554182861,108.15896274732506,0.06096813907625288,0.06144874445770098,195.7644213703609,195.89768920694306,2.5452705963173106,2.8595481445159403,13.533442756039413,13.001679139791126,2.5452705963173106,2.8595481445159403,16.415410385259634,19.39799331103679,0.09805107116699219,0.058957457542419434,0.001,2.5
672,106.07837790739995,108.32486870296823,0.060992654032343795,0.061448969196117045,195.76474280173656,195.89746466288997,2.578582774853986,2.8679042181442416,13.428575990188062,13.009790506649974,2.578582774853986,2.8679042181442416,16.499162479061976,19.063545150501675,0.09324502944946289,0.057625532150268555,0.001,2.5
673,106.18231501491425,108.37490326744258,0.060974256021643004,0.06145920800076281,195.76450037357196,195.89736203605116,2.540568664045989,2.8787413680035137,13.563408928300866,12.987285113254917,2.540568664045989,2.8787413680035137,16.415410385259634,19.063545150501675,0.0986207127571106,0.06037384271621704,0.001,2.5
674,105.62467311175425,107.90484616588988,0.06098883877347662,0.0614713372967913,195.7644988400253,195.89741883549004,2.573479796973505,2.855578230376228,13.353144811825137,12.962760009893207,2.573479796973505,2.855578230376228,16.415410385259634,19.732441471571907,0.08642232418060303,0.06564575433731079,0.001,2.5
675,107.18861882450992,107.90219070281472,0.060992280791951986,0.06148516371796362,195.76451213076285,195.89741225226666,2.6112458765806266,2.85570504115178,13.552635060283206,12.961845525531068,2.6112458765806266,2.85570504115178,16.415410385259634,19.39799331103679,0.07769894599914551,0.06370484828948975,0.001,2.5
676,105.66562903067175,108.10344264818275,0.06097838104120651,0.06143659470372376,195.76444677611693,195.8974056690433,2.5626264952335327,2.8566141742527686,13.393897487889582,12.999379489732826,2.5626264952335327,2.8566141742527686,16.415410385259634,18.394648829431436,0.09974533319473267,0.0659133791923523,0.001,2.5
677,106.12725570653151,107.7081320772203,0.060982848843637624,0.061499734748665706,195.76436547258592,195.8975712192497,2.563739373655974,2.8602875227912214,13.482883472538473,12.909284371596117,2.563739373655974,2.8602875227912214,16.415410385259634,19.063545150501675,0.10881215333938599,0.06193596124649048,0.001,2.5
678,105.96266340450626,108.42266240965164,0.0609796024996232,0.06146110068495856,195.76503225866475,195.89860672456365,2.5698871528683,2.881490346181353,13.431522658522205,12.988589344216031,2.5698871528683,2.881490346181353,16.415410385259634,19.063545150501675,0.09958398342132568,0.053188443183898926,0.001,2.5
679,106.42979636903185,108.03120672423704,0.06097947703159634,0.061487847808312415,195.76587762624973,195.8990164664278,2.5663953154929717,2.86288650697689,13.53542438104524,12.966103859968408,2.5663953154929717,2.86288650697689,16.331658291457288,19.063545150501675,0.08575767278671265,0.05921900272369385,0.001,2.5
680,106.45493036778129,108.02402838257244,0.06097885824028571,0.06144521375463958,195.76649886599338,195.8995941060044,2.569656838524082,2.868355494279128,13.5306665254398,12.948269942931109,2.569656838524082,2.868355494279128,16.331658291457288,19.063545150501675,0.09405112266540527,0.05994325876235962,0.001,2.5
681,106.32572413049951,107.88450464357102,0.060973029190571466,0.06148991262833012,195.76642921741683,195.89915598993716,2.575967154910217,2.8577863906936902,13.485895468362013,12.952063330838513,2.575967154910217,2.8577863906936902,16.331658291457288,19.063545150501675,0.09512394666671753,0.05946707725524902,0.001,2.5
682,106.54223980416405,108.08313519021739,0.06099900102844989,0.0614619962746483,195.76633735797313,195.89933251218253,2.5570367688509688,2.8660775953311983,13.585984520776387,12.966922559068355,2.5570367688509688,2.8660775953311983,16.331658291457288,19.063545150501675,0.09026515483856201,0.05725276470184326,0.001,2.5
683,106.4684810542581,108.04213737564342,0.060973182988276635,0.061486925643223986,195.7664072876999,195.89929326800598,2.576115541921389,2.868556407781748,13.514001568358148,12.951281719781882,2.576115541921389,2.868556407781748,16.499162479061976,19.063545150501675,0.06935560703277588,0.05490964651107788,0.001,2.5
684,106.13479972085362,108.1023952012078,0.060965269523200076,0.061493946619356754,195.76650929411053,195.89947198465916,2.5559450381964295,2.868420375230719,13.507778407341272,12.96373924523293,2.5559450381964295,2.868420375230719,16.415410385259634,19.39799331103679,0.1069154143333435,0.05515938997268677,0.001,2.5
685,106.51969763981037,107.97250970948899,0.060999246367208125,0.061479447465576854,195.7665140736642,195.8996265628266,2.5940408203470047,2.855090144485933,13.470463906101246,12.977755639066665,2.5940408203470047,2.855090144485933,16.415410385259634,19.063545150501675,0.07463651895523071,0.057528913021087646,0.001,2.5
686,106.54321015580015,108.01838301336487,0.06098080159381806,0.0614657944510613,195.7673781249591,195.900550969867,2.5899721885246647,2.8640835181526514,13.487375794543293,12.959953362327754,2.5899721885246647,2.8640835181526514,16.331658291457288,19.39799331103679,0.08357393741607666,0.0556793212890625,0.001,2.5
687,106.49461441423426,107.81046297717653,0.06097649294926693,0.061454519068816035,195.76742310899385,195.90028274178903,2.582283377447719,2.865510496407448,13.500723821234264,12.914089694070976,2.582283377447719,2.865510496407448,16.415410385259634,19.063545150501675,0.08141571283340454,0.054943621158599854,0.001,2.5
688,105.4968604722015,108.16801432223623,0.06099571639568961,0.06144469166579454,195.7678822528577,195.9012069446985,2.5280040580423635,2.8637881191279178,13.464007046953517,12.990769631886563,2.5280040580423635,2.8637881191279178,16.415410385259634,19.39799331103679,0.10090523958206177,0.05395299196243286,0.001,2.5
689,106.32077624450378,107.93251427998112,0.060992133396504514,0.06140549908264425,195.7684371922683,195.90159943749674,2.5438290225401197,2.8648415624497328,13.581316200333024,12.940516293248205,2.5438290225401197,2.8648415624497328,16.415410385259634,19.063545150501675,0.10238122940063477,0.05351918935775757,0.001,2.5
690,106.06396029422831,107.89845554007336,0.06098381577175067,0.06144111539956718,195.7689983425428,195.9022381632623,2.594263366319027,2.8606643509306635,13.378651123749751,12.9462296667705,2.594263366319027,2.8606643509306635,16.499162479061976,19.063545150501675,0.06777292490005493,0.061280012130737305,0.001,2.5
691,106.53781607163012,107.85178015463329,0.06095563772585324,0.06144093359543328,195.76977078998507,195.9029901817092,2.5845521993972547,2.854216531766298,13.502561243335206,12.956236979634467,2.5845521993972547,2.854216531766298,16.499162479061976,18.729096989966553,0.07851582765579224,0.06571662425994873,0.001,2.5
692,106.45697246404549,107.85319345531656,0.06100272456530351,0.061460674083153144,195.7699190072678,195.902687149303,2.583584344966128,2.8595072609126366,13.489287103240814,12.940644474731242,2.583584344966128,2.8595072609126366,16.415410385259634,19.39799331103679,0.0770730972290039,0.05949890613555908,0.001,2.5
693,106.07010429548458,107.80931022414396,0.060974802628434084,0.06144307692064888,195.7697120807079,195.90257161118114,2.579024644353282,2.855189918275661,13.42559799596892,12.944822142355418,2.579024644353282,2.855189918275661,16.415410385259634,19.39799331103679,0.0809815526008606,0.061975061893463135,0.001,2.5
694,107.29411539560186,108.14055176801905,0.0609991935829022,0.061502617911550914,195.769837064759,195.90303381470136,2.6389631442288857,2.8705018164720824,13.49057997091731,12.965123973961258,2.6389631442288857,2.8705018164720824,16.415410385259634,19.063545150501675,0.044531822204589844,0.05535405874252319,0.001,2.5
695,105.79106293491382,107.49922616505702,0.06097159028627365,0.06145267503765913,195.7696526046574,195.9019657504997,2.560868816359758,2.8541643117183826,13.424257618698043,12.885881777989825,2.560868816359758,2.8541643117183826,16.24790619765494,19.063545150501675,0.09819179773330688,0.060222089290618896,0.001,2.5
696,107.17162546640265,108.12125899400998,0.060988875676938635,0.06145493125536769,195.76875665559243,195.90159943749674,2.6057830995051705,2.8660707346173036,13.565624181149992,12.974568698717201,2.6057830995051705,2.8660707346173036,16.331658291457288,19.732441471571907,0.07657420635223389,0.057691335678100586,0.001,2.5
697,106.21991475423177,107.95537010881813,0.06099726458764955,0.06143052082346833,195.76868092394753,195.9016474082717,2.5806207972355626,2.866059485885212,13.450767632105842,12.941428487516168,2.5806207972355626,2.866059485885212,16.415410385259634,19.063545150501675,0.07620686292648315,0.05636858940124512,0.001,2.5
698,105.99592274677015,107.89626575074467,0.06096497807695438,0.06149204417963491,195.7687927961749,195.90188072995596,2.5553678787333682,2.860550937046574,13.48173412725554,12.946121442278093,2.5553678787333682,2.860550937046574,16.415410385259634,19.39799331103679,0.09636110067367554,0.05567222833633423,0.001,2.5
699,105.11399758241484,108.23614195756689,0.060967899734151225,0.06144086143195031,195.76901291123588,195.90207904318103,2.5553770328885945,2.8624780935587295,13.305320993739755,13.0083248846507,2.5553770328885945,2.8624780935587295,16.331658291457288,18.729096989966553,0.07712280750274658,0.052472710609436035,0.001,2.5
700,106.18668407651049,108.08861161554138,0.06099550610710828,0.061445364323647125,195.7691959911455,195.9020833809639,2.572227649353257,2.861920727535235,13.469301311614325,12.980490658992908,2.572227649353257,2.861920727535235,16.331658291457288,18.394648829431436,0.07949686050415039,0.05143451690673828,0.001,2.5
701,106.33834481039638,107.79024053975492,0.06099675410431833,0.061455223946069,195.76937421482413,195.90265453938258,2.5697041855784915,2.8573102616147454,13.507203431185365,12.934645990862894,2.5697041855784915,2.8573102616147454,16.499162479061976,19.39799331103679,0.09718519449234009,0.059166014194488525,0.001,2.5
702,105.80035754384308,107.72734432156668,0.060991183378838215,0.0614374052969907,195.7698293459076,195.90275476768264,2.558897601100468,2.8600452966913332,13.432026553193928,12.913865137259696,2.558897601100468,2.8600452966913332,16.415410385259634,19.732441471571907,0.09447592496871948,0.05426818132400513,0.001,2.5
703,106.88950640552207,107.97378672724184,0.06100457088032759,0.06146447259596359,195.76973766537768,195.9025585978326,2.5821460020202687,2.8662456971745827,13.58010860423946,12.944547426740462,2.5821460020202687,2.8662456971745827,16.415410385259634,19.732441471571907,0.07268285751342773,0.04839819669723511,0.001,2.5
704,106.39955328297575,107.9962461082433,0.06097740811019687,0.061441436347654435,195.76955893051684,195.90231665161542,2.5889643308904704,2.8664168585901675,13.46166855126769,12.948529240279692,2.5889643308904704,2.8664168585901675,16.331658291457288,19.39799331103679,0.06604254245758057,0.05263066291809082,0.001,2.5
705,106.67568811260077,108.17753483698918,0.06098684813933356,0.06145035403229321,195.76942745445163,195.9023035362014,2.6011492523116684,2.8718451504723284,13.480338807481418,12.968501224964358,2.6011492523116684,2.8718451504723284,16.415410385259634,19.063545150501675,0.05778270959854126,0.05077171325683594,0.001,2.5
706,105.90296721338626,108.0114994368027,0.06098596356072817,0.06144250100821157,195.7694350966257,195.90236896017322,2.574956473793017,2.8657175864663014,13.404373236037978,12.953679020986907,2.574956473793017,2.8657175864663014,16.415410385259634,19.063545150501675,0.0854959487915039,0.054951012134552,0.001,2.5
707,105.41014141293627,108.1158248748269,0.06099761752926525,0.06147464288766169,195.76946932027488,195.90251062705764,2.54939283318256,2.859613027859691,13.382496394504056,12.992850925611412,2.54939283318256,2.859613027859691,16.415410385259634,19.063545150501675,0.09173113107681274,0.05854576826095581,0.001,2.5
708,105.69477701107262,107.98165204612707,0.06098765870509435,0.06148184274002461,195.7696468538575,195.90256288458272,2.6022099550045916,2.8645399956400177,13.280974225183229,12.951233551255038,2.6022099550045916,2.8645399956400177,16.331658291457288,18.729096989966553,0.07050544023513794,0.05830651521682739,0.001,2.5
709,106.54847271278675,107.7622798039363,0.060977964482614944,0.06146670446846397,195.76959678355973,195.90221861772315,2.5763758295145465,2.8645325097750662,13.52921722162908,12.907384352540491,2.5763758295145465,2.8645325097750662,16.331658291457288,19.063545150501675,0.09520775079727173,0.05896461009979248,0.001,2.5
710,106.74404306587462,107.77102084462858,0.06099861219425497,0.061490039263281934,195.76929247678825,195.90217064694815,2.584033156160134,2.8578680654034567,13.545355200967197,12.929121642607111,2.584033156160134,2.8578680654034567,16.24790619765494,19.39799331103679,0.06327939033508301,0.06482511758804321,0.001,2.5
711,105.74288783241157,107.41990439628678,0.06099267972873483,0.06146575511747778,195.7693508793561,195.90233629922005,2.5431554517154917,2.85304368778216,13.467758828870815,12.873375950050992,2.5431554517154917,2.85304368778216,16.415410385259634,19.732441471571907,0.09361952543258667,0.061513423919677734,0.001,2.5
712,106.27740867014107,107.38995330708481,0.06098473896982282,0.06146068101044881,195.7694945726762,195.9025367558202,2.5654167410117297,2.852232246494612,13.507880637394123,12.8698216441483,2.5654167410117297,2.852232246494612,16.499162479061976,19.732441471571907,0.08166402578353882,0.05884826183319092,0.001,2.5
713,106.01365045646527,107.62818592288423,0.06098368879987966,0.06147078707515197,195.7697374609048,195.90270021368428,2.5812742716103942,2.85975286713412,13.407556476305478,12.894903588055767,2.5812742716103942,2.85975286713412,16.331658291457288,19.732441471571907,0.08266419172286987,0.06019324064254761,0.001,2.5
714,106.09517026866101,107.7568701804681,0.06100623648445211,0.061466271300678665,195.7698271989423,195.90270899131545,2.554955205326304,2.8672807256513613,13.502812877571962,12.898058253387145,2.554955205326304,2.8672807256513613,16.415410385259634,19.39799331103679,0.10416501760482788,0.06085914373397827,0.001,2.5
715,106.24819634467913,107.65900964641251,0.06097988803657255,0.06147723175261332,195.77004836192683,195.9030533602405,2.582714416273874,2.870640305771078,13.450146226227982,12.868405543043462,2.582714416273874,2.870640305771078,16.415410385259634,19.39799331103679,0.08080863952636719,0.061088502407073975,0.001,2.5
716,105.81026454906367,107.70907174304975,0.060999784861976776,0.06140179484833443,195.77053068790403,195.90383385495596,2.607049551042081,2.8584884098142287,13.28955001447668,12.914887750427859,2.607049551042081,2.8584884098142287,16.415410385259634,19.063545150501675,0.08315008878707886,0.06446677446365356,0.001,2.5
717,106.06965340721348,107.99278746640005,0.06095193835034642,0.061466507900219694,195.77097720556722,195.9037707274574,2.573692963151277,2.8735371537033134,13.441507451298648,12.926471828218288,2.573692963151277,2.8735371537033134,16.415410385259634,19.39799331103679,0.10040980577468872,0.06167107820510864,0.001,2.5
718,106.16952251389598,108.06894071445018,0.060983716405715975,0.0614398392945229,195.77076210009193,195.9036443703948,2.5683869069545113,2.8747563904344435,13.477392715824708,12.938049947936399,2.5683869069545113,2.8747563904344435,16.415410385259634,19.39799331103679,0.08740866184234619,0.059379637241363525,0.001,2.5
719,105.61341040018615,108.05840334684953,0.060975121331075126,0.06143984177389671,195.7709444899056,195.90404763110107,2.5650295105012417,2.8687571275194355,13.376244276612248,12.953940535070107,2.5650295105012417,2.8687571275194355,16.415410385259634,19.063545150501675,0.09362173080444336,0.06081444025039673,0.001,2.5
720,106.67826035593822,107.68926823338538,0.06098332998640773,0.06150695803671776,195.7715409884301,195.9051527961042,2.620300822122213,2.866387133614275,13.423398997116728,12.887209515906497,2.620300822122213,2.866387133614275,16.415410385259634,19.732441471571907,0.06430721282958984,0.05703037977218628,0.001,2.5
721,105.64238019524707,107.81587298339028,0.06097633296770467,0.061436719756361634,195.7724717490038,195.90542087108395,2.5657150665519626,2.8641372556271762,13.37998102657759,12.91929442109073,2.5657150665519626,2.8641372556271762,16.415410385259634,19.063545150501675,0.08871293067932129,0.06181025505065918,0.001,2.5
722,105.60676296112725,107.81980768414246,0.06097477369971411,0.06144650802514625,195.77243394707915,195.90519852143865,2.5606354660724278,2.8597090475535314,13.388096747086875,12.93336470230766,2.5606354660724278,2.8597090475535314,16.415410385259634,19.063545150501675,0.0876997709274292,0.06140947341918945,0.001,2.5
723,105.70131014978865,108.34466363913239,0.06098398007140487,0.06147032633523478,195.77261426660485,195.90547532301682,2.5742761893088693,2.877448195199105,13.3660820301254,12.985112352913438,2.5742761893088693,2.877448195199105,16.331658291457288,19.063545150501675,0.07937484979629517,0.05886441469192505,0.001,2.5
724,105.67493882171273,107.8567050946596,0.060972670489419845,0.06144815176276858,195.77241781928032,195.90514621288082,2.552280050226592,2.859411628748661,13.426798600048276,12.941635342345988,2.552280050226592,2.859411628748661,16.415410385259634,19.063545150501675,0.09254252910614014,0.06400328874588013,0.001,2.5
725,106.04851732621441,107.64739714657583,0.0609683831794877,0.06146655713883929,195.77246201098265,195.90535544711213,2.5902997381124067,2.8716236053900577,13.387456282099688,12.863134100285661,2.5902997381124067,2.8716236053900577,16.24790619765494,19.063545150501675,0.0833328366279602,0.055785417556762695,0.001,2.5
726,105.84419254322148,107.68072504662351,0.060984349505386164,0.06151063924649089,195.7723950205536,195.905080788909,2.564647198921472,2.863632507547487,13.423545450820795,12.893765290046616,2.564647198921472,2.863632507547487,16.415410385259634,19.39799331103679,0.08773428201675415,0.05345869064331055,0.001,2.5
727,106.55334774253755,107.89740612833795,0.060979199725229735,0.061464813042643875,195.77239742311002,195.90556677368573,2.597592351424634,2.8662280980559895,13.466542454820182,12.92932237350821,2.597592351424634,2.8662280980559895,16.415410385259634,19.39799331103679,0.09009432792663574,0.0549924373626709,0.001,2.5
728,105.95852290525708,107.86560002457736,0.06096744036904132,0.06143189520640517,195.7726990461749,195.90540112141383,2.5495250097271587,2.869676020631822,13.491781199597433,12.912624186895364,2.5495250097271587,2.869676020631822,16.331658291457288,19.063545150501675,0.0941464900970459,0.053871095180511475,0.001,2.5
729,106.21120316139617,107.79265071396844,0.06098051580102799,0.06147789965106492,195.77252969150766,195.90534876182326,2.57924059447731,2.8675665839459983,13.453168132596678,12.904354388897236,2.57924059447731,2.8675665839459983,16.499162479061976,19.39799331103679,0.0686960220336914,0.0545659065246582,0.001,2.5
730,106.03749116421544,107.76543791397758,0.06100239758215957,0.06150514780727517,195.77265636246008,195.90569532515613,2.567919996715271,2.861718802946467,13.452383164385056,12.916449017349294,2.567919996715271,2.861718802946467,16.24790619765494,19.39799331103679,0.10339415073394775,0.06447750329971313,0.001,2.5
731,105.96435692561931,107.93961745042067,0.06097965787977629,0.061430327743790224,195.77298934655374,195.9060659249092,2.5599404331827085,2.8787847346685402,13.461699610379473,12.900102034859035,2.5599404331827085,2.8787847346685402,16.415410385259634,19.39799331103679,0.09510380029678345,0.05844271183013916,0.001,2.5
732,105.55120195296142,108.11968550155792,0.06097317241768741,0.06145172583618291,195.77324764692602,195.9060703647575,2.55217761410341,2.8771612397005724,13.402358315498185,12.940981715020527,2.55217761410341,2.8771612397005724,16.415410385259634,19.39799331103679,0.08760631084442139,0.06137704849243164,0.001,2.5
733,105.37561745699526,107.93831614108389,0.060982580691376326,0.06146126551970989,195.7732542667357,195.9064627554903,2.5489724105726337,2.8689423053958345,13.376855126577405,12.92936273083639,2.5489724105726337,2.8689423053958345,16.331658291457288,19.39799331103679,0.10722273588180542,0.06105327606201172,0.001,2.5
734,105.66207954751786,107.77242567387712,0.06096341584495563,0.06147705462066625,195.77343187699566,195.9059483965105,2.5775237103403112,2.8715954066120264,13.34849719905374,12.888223003782954,2.5775237103403112,2.8715954066120264,16.499162479061976,19.39799331103679,0.07921969890594482,0.05944669246673584,0.001,2.5
735,105.49909592313783,107.5078077794716,0.06098664183812325,0.061480573362929364,195.77330403032414,195.90611190540736,2.5501478221548264,2.851970368005759,13.398024062215782,12.894172636561569,2.5501478221548264,2.851970368005759,16.415410385259634,19.732441471571907,0.08752262592315674,0.06674516201019287,0.001,2.5
736,105.61503741649328,107.54457643438741,0.06099076766264898,0.06139049259167052,195.77345971086717,195.90630159409946,2.5710010927925557,2.850307744482289,13.358651314548512,12.906532711807301,2.5710010927925557,2.850307744482289,16.415410385259634,19.063545150501675,0.09405511617660522,0.06906735897064209,0.001,2.5
737,106.07009288334167,107.59728855911305,0.06097576910726589,0.06143108972139582,195.77361439460486,195.90643877010282,2.5884093140038216,2.8632709820533675,13.397440905547022,12.878176634925664,2.5884093140038216,2.8632709820533675,16.499162479061976,19.39799331103679,0.08270645141601562,0.05797690153121948,0.001,2.5
738,104.60843048862476,107.41743484548103,0.060977430948660004,0.061425796370442494,195.77371415181375,195.906497661884,2.542108932332178,2.85823056131701,13.244008904525783,12.85732885507437,2.542108932332178,2.85823056131701,16.582914572864322,19.39799331103679,0.08733260631561279,0.05900776386260986,0.001,2.5
739,105.82197026391724,107.72685966364118,0.06098702929951438,0.061479690942576895,195.77372302082514,195.9065565536652,2.5928337330394853,2.86223807861175,13.334540894283123,12.907179975988075,2.5928337330394853,2.86223807861175,16.499162479061976,19.39799331103679,0.07382702827453613,0.06282371282577515,0.001,2.5
740,106.11080802265724,107.7944276229195,0.06097301940622442,0.061445080852727825,195.77390068220333,195.9068835714589,2.6005118544177592,2.8759989244084694,13.369276655379252,12.879418197682869,2.6005118544177592,2.8759989244084694,16.499162479061976,19.39799331103679,0.08457887172698975,0.05050694942474365,0.001,2.5
741,105.45728971650652,107.87481128092992,0.060992559202801645,0.06148246541170771,195.77409209438304,195.9068573406309,2.543210924570285,2.8749841001121497,13.410472061566173,12.898532873810733,2.543210924570285,2.8749841001121497,16.24790619765494,19.063545150501675,0.11815297603607178,0.055756568908691406,0.001,2.5
742,106.41866321659568,107.51449975361393,0.060975495488749476,0.061486259239872165,195.77411655445195,195.90688352042616,2.584201158191291,2.858754554321136,13.479779435162568,12.875157538066341,2.584201158191291,2.858754554321136,16.331658291457288,19.39799331103679,0.08034360408782959,0.06517118215560913,0.001,2.5
743,106.09410686908255,107.93045049048587,0.06099507046654396,0.06147002705363525,195.77381033074715,195.90626229889017,2.5459845082045,2.865880906382532,13.529513760028372,12.936971929161047,2.5459845082045,2.865880906382532,16.415410385259634,19.063545150501675,0.10526043176651001,0.06339502334594727,0.001,2.5
744,105.52580070815094,108.00415003339583,0.06099113527454523,0.061444357859849134,195.77349137860526,195.90636696703857,2.5385345394287877,2.868134241040335,13.438203607172623,12.944957538591979,2.5385345394287877,2.868134241040335,16.499162479061976,19.063545150501675,0.10717707872390747,0.06492185592651367,0.001,2.5
745,106.46239125109598,107.83098033279879,0.06098011114838934,0.061444303363461954,195.77376958952476,195.90645188551682,2.5792238800170235,2.8597953758112165,13.503456035850435,12.935339870261508,2.5792238800170235,2.8597953758112165,16.331658291457288,19.732441471571907,0.07879060506820679,0.0659477710723877,0.001,2.5
746,105.19813287118372,107.7245337444803,0.060969403222627575,0.061475825935203496,195.77370914222806,195.90638651257774,2.5536241032170692,2.8660727272862974,13.327405557360882,12.89521158020632,2.5536241032170692,2.8660727272862974,16.499162479061976,19.732441471571907,0.11069631576538086,0.056742191314697266,0.001,2.5
747,105.80114211908337,107.69477772792446,0.060970149834451565,0.06148455891272296,195.7737134872769,195.9064782184103,2.5433490368189724,2.8535216046017546,13.478832703339595,12.92691249911203,2.5433490368189724,2.8535216046017546,16.415410385259634,19.39799331103679,0.10661613941192627,0.06880348920822144,0.001,2.5
748,105.33323202979824,107.69483110816981,0.06097882631635746,0.061512892125143256,195.77349465017144,195.90607261019807,2.5502260142634663,2.862994432449341,13.364617556982504,12.898498739287207,2.5502260142634663,2.862994432449341,16.331658291457288,19.39799331103679,0.08776450157165527,0.06545907258987427,0.001,2.5
749,106.43145000515271,107.4233247890919,0.06098070800603934,0.06142585224979697,195.7733240686669,195.90616416293244,2.6025284203253,2.8617666860089255,13.42735402028964,12.847898996793306,2.6025284203253,2.8617666860089255,16.582914572864322,19.39799331103679,0.07352399826049805,0.06572288274765015,0.001,2.5
750,105.07814558786363,107.17060908186795,0.06098874415609505,0.06145297795733481,195.7733403498204,195.9060791423887,2.5447832216170165,2.8492691277660254,13.329927323052232,12.834842098197809,2.5447832216170165,2.8492691277660254,16.582914572864322,19.39799331103679,0.09083056449890137,0.06993454694747925,0.001,2.5
751,105.53828951581639,107.36865224168452,0.06099782107238794,0.061451944843383136,195.77333206866854,195.90612277538082,2.5426230107120533,2.863369761502065,13.428434296868355,12.832150121197653,2.5426230107120533,2.863369761502065,16.331658291457288,19.39799331103679,0.10676711797714233,0.06409066915512085,0.001,2.5
752,105.8010991158797,107.371996110897,0.06102195448262408,0.06144034622056428,195.7732026884504,195.90603331498878,2.590459445014072,2.863593457135867,13.337482458782356,12.83214929829473,2.590459445014072,2.863593457135867,16.331658291457288,18.729096989966553,0.07792335748672485,0.06157869100570679,0.001,2.5
753,104.80458656707201,107.7333639393682,0.06094055220958975,0.0614464094606929,195.7732636469293,195.90626878004807,2.52449257289944,2.85738105997194,13.336096675751397,12.923059428415968,2.52449257289944,2.85738105997194,16.582914572864322,19.732441471571907,0.11630427837371826,0.06433212757110596,0.001,2.5
754,105.9394274636529,107.52156638461211,0.06099428900422363,0.06146679842302632,195.77374850325847,195.90671781712152,2.5787341131437165,2.8623325880554606,13.400329490802196,12.865841077721637,2.5787341131437165,2.8623325880554606,16.415410385259634,19.39799331103679,0.08905148506164551,0.061143577098846436,0.001,2.5
755,106.05625984536942,107.87969047010543,0.06099603698281587,0.06148574315634459,195.7738614489685,195.9064693387137,2.5935987531639624,2.873208652770639,13.379101638218865,12.904833729849212,2.5935987531639624,2.873208652770639,16.331658291457288,18.729096989966553,0.09736442565917969,0.05082601308822632,0.001,2.5
756,106.74616339857654,107.93537244509693,0.06098119875843601,0.061473099720418256,195.7736660495675,195.90620335607625,2.6054713079078713,2.874648936217445,13.48146775819149,12.9116518856291,2.6054713079078713,2.874648936217445,16.415410385259634,19.39799331103679,0.07208436727523804,0.0500449538230896,0.001,2.5
757,105.01755790774347,107.97172076885516,0.06097525504216477,0.06143019041887494,195.77354211343993,195.90638651257774,2.535957314061559,2.865384363410465,13.34428986432764,12.946723108706268,2.535957314061559,2.865384363410465,16.415410385259634,19.39799331103679,0.11361736059188843,0.05560261011123657,0.001,2.5
758,105.74395700834904,107.58543829774378,0.06098758903530175,0.061485900428382846,195.77360192175885,195.90647153312148,2.573824755510493,2.8649108098900835,13.375964923519984,12.870877409459755,2.573824755510493,2.8649108098900835,16.415410385259634,19.063545150501675,0.09248578548431396,0.062130093574523926,0.001,2.5
759,106.08491330809728,107.53450405159124,0.060992259844214074,0.06139070833456955,195.77360450322902,195.90641912249816,2.581197350867829,2.861893299032613,13.422037359458118,12.86976135853541,2.581197350867829,2.861893299032613,16.415410385259634,18.394648829431436,0.08728104829788208,0.06671619415283203,0.001,2.5
760,106.73976631100653,107.80520688570462,0.06096328578427609,0.061500246359353083,195.77412207521985,195.90719742280584,2.5957424628674683,2.871853082076363,13.509378254313765,12.894000777432751,2.5957424628674683,2.871853082076363,16.499162479061976,19.39799331103679,0.0760238766670227,0.05935710668563843,0.001,2.5
761,106.5326648117909,107.55113694819319,0.06098673453981952,0.061450082098560586,195.77454633089766,195.9072627447122,2.593806704883799,2.866960700937737,13.473760796551728,12.857874187737405,2.593806704883799,2.866960700937737,16.415410385259634,19.063545150501675,0.08320432901382446,0.058705687522888184,0.001,2.5
762,105.67546765249179,107.6789327768179,0.06097338560163675,0.061452309460843284,195.7742385480871,195.9067199604966,2.5606507891586276,2.8745519397250785,13.401791277043584,12.860660182991156,2.5606507891586276,2.8745519397250785,16.331658291457288,19.39799331103679,0.10808670520782471,0.054425716400146484,0.001,2.5
763,104.69959050726452,107.39889174241286,0.06097919025288355,0.06143967203023442,195.7738907652684,195.90665453652474,2.523061952399249,2.866141835981388,13.319381303323972,12.829882978994313,2.523061952399249,2.866141835981388,16.582914572864322,19.732441471571907,0.11499577760696411,0.05235022306442261,0.001,2.5
764,105.44767241102566,107.55731027660562,0.060979208479973936,0.06143409419916944,195.77432419666692,195.90783175975582,2.559454688674441,2.8708153321192813,13.359819873892882,12.847547824566181,2.559454688674441,2.8708153321192813,16.331658291457288,19.063545150501675,0.08786624670028687,0.05106288194656372,0.001,2.5
765,105.0821623043399,107.5022941002479,0.060977577913546285,0.06145073024923586,195.77544787740788,195.90865792877298,2.5386661305100073,2.858989608726374,13.349083427608113,12.872018511080023,2.5386661305100073,2.858989608726374,16.24790619765494,19.063545150501675,0.10135918855667114,0.0607028603553772,0.001,2.5
766,106.10407460275007,107.67213633865816,0.06096863841491328,0.06152315024149458,195.77610559000243,195.90917677863385,2.5531835799640548,2.8719681250211786,13.509915567522672,12.867036800320731,2.5531835799640548,2.8719681250211786,16.415410385259634,19.063545150501675,0.08391302824020386,0.05985599756240845,0.001,2.5
767,106.04562797099102,107.88739717923679,0.061004750180983267,0.0614652837374338,195.7768823058162,195.90992440826517,2.5864183044114104,2.865595646925196,13.39851441854608,12.92921762562117,2.5864183044114104,2.865595646925196,16.331658291457288,18.729096989966553,0.07377046346664429,0.05951946973800659,0.001,2.5
768,105.30834805026925,107.38465963000039,0.06098214966218476,0.061493183321079684,195.77721871483067,195.9101684468247,2.5603567152167086,2.8579432190859997,13.329247800549071,12.851621426866206,2.5603567152167086,2.8579432190859997,16.331658291457288,19.063545150501675,0.09648501873016357,0.06297600269317627,0.001,2.5
769,105.778201475415,107.06265169481769,0.06096256665348807,0.061451238246765426,195.77766525805296,195.91057390193876,2.5857261876564728,2.854448905357948,13.347113633275631,12.797710976871759,2.5857261876564728,2.854448905357948,16.415410385259634,19.39799331103679,0.06702607870101929,0.05980086326599121,0.001,2.5
770,105.62696442212692,107.61389402561763,0.06098578349879039,0.06144228147772642,195.777901782063,195.91082896356997,2.603409872182849,2.86321752286675,13.263811012408642,12.881656337342534,2.603409872182849,2.86321752286675,16.331658291457288,19.39799331103679,0.07105380296707153,0.06319177150726318,0.001,2.5
771,105.39185381814264,106.9290463501793,0.06097367114482613,0.06144497107502609,195.7781109067064,195.91101206903872,2.5488762827574507,2.845012712638115,13.380391250303642,12.799300015172033,2.5488762827574507,2.845012712638115,16.331658291457288,18.394648829431436,0.09817445278167725,0.06277495622634888,0.001,2.5
772,105.65556943756053,106.50598394591673,0.06096223464089023,0.06148166187032808,195.77848090039225,195.9114327319091,2.559151387094852,2.840681252272233,13.402311556702683,12.727674748985265,2.559151387094852,2.840681252272233,16.24790619765494,19.39799331103679,0.0920296311378479,0.07087236642837524,0.001,2.5
773,105.55802434413278,106.8792894548397,0.060978262967600096,0.061429542953453736,195.7784644147659,195.91109060842456,2.5911608397261783,2.854638536638241,13.286771341384556,12.760473895631108,2.5911608397261783,2.854638536638241,16.331658291457288,19.063545150501675,0.08450537919998169,0.07041436433792114,0.001,2.5
774,104.32836459110331,107.0067945499484,0.0609900389596745,0.06146476735488627,195.77849863841504,195.91126718170267,2.5394156490338706,2.852697829339018,13.196071768525856,12.791790050009023,2.5394156490338706,2.852697829339018,16.331658291457288,19.39799331103679,0.0815088152885437,0.06804388761520386,0.001,2.5
775,104.85771220093795,106.98750468480547,0.060991919220392425,0.06146566502525655,195.77868207615225,195.91140007095592,2.5612250780140733,2.859450985356717,13.236512930149608,12.767672028429931,2.5612250780140733,2.859450985356717,16.415410385259634,19.39799331103679,0.10367393493652344,0.06831151247024536,0.001,2.5
776,105.95544360750284,107.57453609708958,0.060974869708619525,0.06149965752676179,195.77876291961925,195.91154827003095,2.577155508587708,2.864221033045281,13.408271581883007,12.870762308305721,2.577155508587708,2.864221033045281,16.24790619765494,19.39799331103679,0.10143488645553589,0.06716400384902954,0.001,2.5
777,105.20108258424692,107.46095656072815,0.06098180461419088,0.061438396498311725,195.77886582059875,195.91170085792157,2.5676219487310057,2.8509919404186133,13.285998796498156,12.887745340532284,2.5676219487310057,2.8509919404186133,16.499162479061976,19.39799331103679,0.10270345211029053,0.06788569688796997,0.001,2.5
778,105.23537799062042,107.84644580445561,0.06100448517993068,0.061455002185393334,195.77890270239544,195.91181624294524,2.581301887231057,2.8689730885036813,13.251813172894707,12.910895995073096,2.581301887231057,2.8689730885036813,16.499162479061976,19.39799331103679,0.08033651113510132,0.05678671598434448,0.001,2.5
779,105.7079915057874,107.32562699844208,0.06100283357840487,0.06146147550647474,195.77910418486476,195.91194040560003,2.558286901295085,2.866906502573785,13.415380749470824,12.812930563221807,2.558286901295085,2.866906502573785,16.499162479061976,19.39799331103679,0.08245426416397095,0.059515953063964844,0.001,2.5
780,106.07560700587491,107.41592616460794,0.06097818319521957,0.061509709593444366,195.77900989730554,195.9119010083253,2.6165577390884835,2.8597124220934202,13.3140969412211,12.852562955390649,2.6165577390884835,2.8597124220934202,16.331658291457288,19.063545150501675,0.05430459976196289,0.06243413686752319,0.001,2.5
781,105.19788885835428,107.24143262371969,0.060990970600489997,0.061424026982142374,195.77953408910602,195.91278178237354,2.5377682677066105,2.8534243672986492,13.374918840238996,12.836545816632018,2.5377682677066105,2.8534243672986492,16.415410385259634,18.729096989966553,0.10751968622207642,0.0687035322189331,0.001,2.5
782,105.84377095847074,107.74298692786175,0.06095965825632789,0.06138067805896635,195.78061940562185,195.91396548676252,2.582518026856721,2.864710843682688,13.369852042078373,12.903005995479315,2.582518026856721,2.864710843682688,16.415410385259634,19.063545150501675,0.0957593321800232,0.06642764806747437,0.001,2.5
783,105.93066311681291,107.37020756648137,0.06097456273721091,0.06149280279326599,195.78114968049067,195.91408959838458,2.614797682019334,2.860569832715701,13.29038812327425,12.84085149031419,2.614797682019334,2.860569832715701,16.499162479061976,19.39799331103679,0.07338356971740723,0.06983894109725952,0.001,2.5
784,104.90347504735593,107.2303677051761,0.06095777136247162,0.06150788634417448,195.78119428113877,195.91374517842678,2.560277511925753,2.8605980131538415,13.248514645063697,12.812794915011096,2.560277511925753,2.8605980131538415,16.24790619765494,19.39799331103679,0.10875654220581055,0.06884461641311646,0.001,2.5
785,104.94719287099151,107.21417746655518,0.060985722983103105,0.06145733075347234,195.78068501585892,195.91342903060658,2.5260654801699385,2.857480107342519,13.359888980935766,12.81892110830964,2.5260654801699385,2.857480107342519,16.331658291457288,19.39799331103679,0.12352901697158813,0.06611692905426025,0.001,2.5
786,104.70661959496375,107.47665844154996,0.06096825043560073,0.061472809833029045,195.7807322235363,195.9135097133675,2.530026813248294,2.861775300175849,13.299893543748201,12.85852829030525,2.530026813248294,2.861775300175849,16.415410385259634,19.39799331103679,0.10576540231704712,0.05993908643722534,0.001,2.5
787,105.38223283214984,107.42939503137085,0.06097506444707788,0.06145392975031731,195.78071622353303,195.91363397808777,2.554799360645876,2.8655462480309017,13.360697618481302,12.837766376227439,2.554799360645876,2.8655462480309017,16.499162479061976,19.063545150501675,0.1020423173904419,0.06278461217880249,0.001,2.5
788,105.00417237146017,107.34999855067021,0.060970149871891664,0.06149498629928831,195.7810048881288,195.91427704163618,2.553229125101163,2.8648704621305434,13.289796792482411,12.823907185557694,2.553229125101163,2.8648704621305434,16.24790619765494,19.39799331103679,0.10418987274169922,0.06338590383529663,0.001,2.5
789,104.96783273463673,107.07866752905191,0.06098407504446742,0.06145084291746385,195.781713105526,195.91477190610956,2.5421308640459275,2.861349859365253,13.31582123071105,12.78021134341441,2.5421308640459275,2.861349859365253,16.331658291457288,19.732441471571907,0.09885275363922119,0.06295651197433472,0.001,2.5
790,105.34974984787218,107.10384570475804,0.06097486624540995,0.061473660656939384,195.78205477971727,195.9150029823533,2.543685113964368,2.868918843093923,13.387543245376255,12.762535634248152,2.543685113964368,2.868918843093923,16.415410385259634,19.39799331103679,0.10627031326293945,0.05943131446838379,0.001,2.5
791,106.01973960787008,107.47474619377417,0.06097661057983211,0.061486928695719374,195.78256386608334,195.91570269224238,2.5675979415375982,2.879094497814625,13.449802523282305,12.80618496004953,2.5675979415375982,2.879094497814625,16.499162479061976,18.729096989966553,0.08933281898498535,0.05318576097488403,0.001,2.5
792,105.92426590144734,107.46326403155375,0.06097105620943721,0.06140739415899966,195.78305715691903,195.9161321327439,2.5808154126906913,2.8687435719480483,13.39105619657379,12.834956695403543,2.5808154126906913,2.8687435719480483,16.331658291457288,19.063545150501675,0.08634144067764282,0.056279897689819336,0.001,2.5
793,105.64546461760298,107.47075632663076,0.060999895572362836,0.061478910189009826,195.7833177576113,195.91617132588772,2.546419209171979,2.8671331604986285,13.438478929912625,12.841272848505639,2.546419209171979,2.8671331604986285,16.415410385259634,19.063545150501675,0.09450936317443848,0.05881434679031372,0.001,2.5
794,105.47636722839458,107.16181103760582,0.06098151503995036,0.06145142927068133,195.78359152124554,195.91685577698775,2.5709399881474737,2.8552266419133217,13.331100863228292,12.815208246875368,2.5709399881474737,2.8552266419133217,16.415410385259634,19.063545150501675,0.0968085527420044,0.065196692943573,0.001,2.5
795,106.2321987056253,107.19019049705072,0.06098844164629877,0.06147948344764502,195.7843089910408,195.9173048140612,2.5720551325448193,2.8650919713304193,13.478920129875043,12.791282988710945,2.5720551325448193,2.8650919713304193,16.499162479061976,19.39799331103679,0.08246409893035889,0.060914576053619385,0.001,2.5
796,105.88582239198924,107.19258352426382,0.060964314101678845,0.06143954757563645,195.78434099104737,195.91704760905492,2.556597483218016,2.8586748579274053,13.456022222637133,12.811021718691823,2.556597483218016,2.8586748579274053,16.331658291457288,18.729096989966553,0.0918160080909729,0.0568581223487854,0.001,2.5
797,105.3726831560758,107.23798485184992,0.060985334747949836,0.06147199394461702,195.78408511879056,195.91684266157372,2.581090237826758,2.8637374316569555,13.27991137193076,12.80490710025647,2.581090237826758,2.8637374316569555,16.415410385259634,18.729096989966553,0.070911705493927,0.05199664831161499,0.001,2.5
798,104.92647630445522,107.45574068305484,0.06097414112420537,0.06144626241762901,195.78405227533338,195.9166159741456,2.5654579998061084,2.8673476335595685,13.237569748257073,12.837632983025898,2.5654579998061084,2.8673476335595685,16.331658291457288,19.39799331103679,0.08850061893463135,0.04798775911331177,0.001,2.5
799,104.84641095901054,107.6246555800422,0.06097762513799684,0.061458918213046915,195.78371351488073,195.91662225117253,2.547505139505843,2.866499005352773,13.275414214461692,12.873959924066346,2.547505139505843,2.866499005352773,16.331658291457288,19.39799331103679,0.08722597360610962,0.060610294342041016,0.001,2.5
800,105.78820123464817,107.08735064758505,0.06099755065500037,0.06145870851284285,195.7837465372517,195.91641954913186,2.5787198104251368,2.8455075683402375,13.370124594849758,12.829471833729825,2.5787198104251368,2.8455075683402375,16.331658291457288,19.063545150501675,0.08741837739944458,0.0691409707069397,0.001,2.5
