epoch,train_loss,val_loss,train_recon_loss,val_recon_loss,train_kl_loss,val_kl_loss,train_age_loss,val_age_loss,train_site_loss,val_site_loss,train_age_mae,val_age_mae,train_site_acc,val_site_acc,train_age_r2,val_age_r2,current_beta,current_grl_alpha
1,54.52112667524635,62.513565522771216,1.552931021548496e-05,4.877991085226903e-05,0.3211949809112741,1.2154759651043743,3.014517026131277,3.003461137663162,1.8606706683959193,3.492318363094011,3.014517026131277,3.003461137663162,41.12227805695142,44.14715719063545,-0.213287353515625,-0.1554124355316162,7.686158073360571e-06,0.0
2,53.42871069468845,66.02653113017513,8.64284725009949e-05,0.00014469191731992536,1.3405024252544895,1.6210815559661509,2.992529106699242,3.3596138419913606,1.7081350561362416,3.1264327585099134,2.992529106699242,3.3596138419913606,41.79229480737018,40.468227424749166,-0.1554582118988037,-0.523826003074646,9.154408582006738e-06,0.025
3,54.05684302120752,65.91683424117174,0.00019550462565587606,0.00031021331206437536,2.2211126642211196,3.186835846374665,2.976791564743323,3.257346618933024,1.8809498979817683,3.4112580747508683,2.976791564743323,3.257346618933024,42.04355108877722,41.1371237458194,-0.13041317462921143,-0.46429967880249023,1.0941850065037413e-05,0.05
4,53.41490771423033,64.46182340283856,0.00038608035201969645,0.00048048709878187166,4.037954919102603,4.339631581386196,2.8745879232384253,3.3896209141083786,2.059130181818951,2.723394316574403,2.8745879232384253,3.3896209141083786,40.53601340033501,42.14046822742475,-0.08679533004760742,-0.5491690635681152,1.3116306549289961e-05,0.075
5,55.39496302005634,64.28033351579239,0.0005430892320276492,0.0006190124834127674,6.2037473755266195,10.98529488426387,2.8635265064399245,3.2832995864459904,2.488285169329875,3.0060089934231047,2.8635265064399245,3.2832995864459904,41.79229480737018,45.48494983277592,-0.10817217826843262,-0.47240447998046875,1.5759257661579782e-05,0.1
6,61.97475499803297,71.88319192841699,0.0006654042591866562,0.0007505973755852335,18.221195853535253,34.142792156308786,2.8984569245247385,3.0276984323227287,3.699377882620398,5.293263968017986,2.8984569245247385,3.0276984323227287,40.871021775544385,45.819397993311036,-0.1145256757736206,-0.2245171070098877,1.896822375212947e-05,0.125
7,68.97417584136502,90.88541088295621,0.0009183117747774825,0.0013406272061841943,56.73338411161848,100.27786808588034,2.9442933472357002,2.957923720114207,4.961512073599913,9.30258442486409,2.9442933472357002,2.957923720114207,40.95477386934673,45.819397993311036,-0.14540481567382812,-0.04989504814147949,2.285938966519435e-05,0.15
8,70.59563999399667,80.73805844106005,0.0015517356553952674,0.0016631776062821515,122.40463399966957,139.91501773081495,2.876916153746434,3.060785197892715,5.4873945437484055,6.9641521208262365,2.876916153746434,3.060785197892715,40.95477386934673,45.819397993311036,-0.09259021282196045,-0.2774616479873657,2.7570396583288997e-05,0.17500000000000002
9,72.585104720277,67.4292489373963,0.0017347090329251048,0.0014560889187159895,133.313564907566,80.66980886299874,2.8980260350596367,2.9806060328531423,5.821708842138549,4.543204114588606,2.8980260350596367,2.9806060328531423,40.95477386934673,45.819397993311036,-0.09828269481658936,-0.19326388835906982,3.326316923375208e-05,0.2
10,74.70745638746712,74.25495004813408,0.0013724592416055838,0.0014008549431394973,61.14337393985921,48.325434566740206,2.9070489690132075,3.150951080896384,6.219579526527443,5.397468621116817,2.9070489690132075,3.150951080896384,40.95477386934673,45.819397993311036,-0.12136518955230713,-0.37237465381622314,4.012655707396759e-05,0.22499999999999998
11,77.15266892578533,76.33241835884427,0.0014203220697110472,0.0015070858905185326,45.88200591197565,57.041384553430866,2.9050110360885184,2.9318944187866007,6.71477231148699,6.469947001607123,2.9050110360885184,2.9318944187866007,40.95477386934673,45.819397993311036,-0.1499248743057251,-0.07139885425567627,4.837844730438922e-05,0.25
12,78.71673696444462,76.33755875909607,0.0015439873516802961,0.0016729483399602482,70.24604091931828,78.66722872424684,2.8809658985840816,2.928087715321161,7.099322512321536,6.481997363942124,2.8809658985840816,2.928087715321161,40.95477386934673,45.819397993311036,-0.09021198749542236,-0.04779505729675293,5.826685172296986e-05,0.275
13,81.10500053265187,79.30298581330672,0.0018521636358651034,0.0021572911583921284,80.7432638197089,88.42948548690133,2.8981785231099857,2.9532731265128658,7.524962624912486,6.999106836159492,2.8981785231099857,2.9532731265128658,40.95477386934673,45.819397993311036,-0.07350194454193115,-0.1545928716659546,7.006928192300347e-05,0.3
14,81.55120057276945,79.44726710494945,0.002176314642281588,0.002256864708315668,81.37891868450734,76.93869350267494,2.8841327690399274,2.9769285905321308,7.656038004748985,6.95692245936314,2.8841327690399274,2.9769285905321308,40.95477386934673,45.819397993311036,-0.0840839147567749,-0.1727830171585083,8.408952379742846e-05,0.325
15,81.41483453849652,80.58258365388699,0.0023358856968213517,0.002471745452597538,80.44308718325105,90.23644381622009,2.8699268511991005,3.002666515650159,7.6710996827488165,7.106206271959388,2.8699268511991005,3.002666515650159,40.95477386934673,45.819397993311036,-0.09234428405761719,-0.2210390567779541,0.00010065073863056549,0.35000000000000003
16,82.14843208146854,77.19673567551833,0.00249530358467769,0.0025710873601702744,82.71674178233698,73.14915295348916,2.8904304755992025,2.9343208190190753,7.755909243221059,6.6341140421736595,2.8904304755992025,2.9343208190190753,40.95477386934673,45.819397993311036,-0.09902405738830566,-0.1011052131652832,0.00012008371910009542,0.375
17,82.86662376825534,79.89682318135648,0.0026849073914021653,0.0029081531861068115,72.71338300848726,79.05954147900228,2.913339845698882,3.030324624134944,7.830692954199198,6.885552741213387,2.913339845698882,3.030324624134944,40.95477386934673,45.819397993311036,-0.12057530879974365,-0.24354064464569092,0.00014270921383558732,0.4
18,82.07843440581406,83.54407661973832,0.0031859758173519593,0.0037815226568999297,88.03646372630568,99.75145361654735,2.85555194490519,3.046655030553556,7.845421297466336,7.564725949214055,2.85555194490519,3.046655030553556,40.95477386934673,45.819397993311036,-0.0888986587524414,-0.25996649265289307,0.0001688136332512095,0.42500000000000004
19,82.99484909798831,82.47112138933163,0.0042449555046219925,0.0047489186471645845,103.3174694962238,103.49322226533921,2.8710602048653455,3.155845886887515,7.980836056784369,7.021625968524844,2.8710602048653455,3.155845886887515,40.95477386934673,45.819397993311036,-0.1148688793182373,-0.36958634853363037,0.0001986182953299768,0.44999999999999996
20,83.36388955683364,84.02950243487406,0.0049239309875909205,0.005181694512308441,100.64330612514885,111.52534597135308,2.8600963615692243,3.040928082322596,8.08682914554973,7.67690019543753,2.8600963615692243,3.040928082322596,40.95477386934673,45.819397993311036,-0.0918111801147461,-0.25833582878112793,0.0002322437412844814,0.475
21,83.76126515246317,81.84782537249816,0.005090952811098129,0.005487157899363085,101.68635170583549,115.98963716436788,2.8575344421156688,3.0128655776531,8.17314681974887,7.323614812614926,2.8575344421156688,3.0128655776531,40.95477386934673,45.819397993311036,-0.09419751167297363,-0.23080873489379883,0.00026967247994862516,0.5
22,83.15348759687926,77.12736133588197,0.005711904337701436,0.005594669721310453,123.1553210157845,94.61530291196894,2.8194493249033763,2.9241299453786382,8.163553723538142,6.646084072597848,2.8194493249033763,2.9241299453786382,40.95477386934673,45.819397993311036,-0.0639040470123291,-0.06663942337036133,0.0003107154933535152,0.525
23,84.51598048889058,79.47423905592699,0.005787253517882159,0.006112356106423614,91.86743414541785,94.1368277048985,2.8691313745987475,2.93321038329083,8.288122218657579,7.087311090832968,2.8691313745987475,2.93321038329083,40.95477386934673,45.819397993311036,-0.0672304630279541,-0.11343050003051758,0.00035498935008043036,0.55
24,84.97951562520447,82.86517017581392,0.0062194102259674165,0.006698410909772417,93.7063760677574,102.22892666819901,2.852217627929483,2.950801210658606,8.430474012940373,7.7110737893094985,2.852217627929483,2.950801210658606,40.95477386934673,45.819397993311036,-0.09265971183776855,-0.13482987880706787,0.00040191102754766046,0.5750000000000001
25,85.79287732506118,80.24831637889645,0.006871656275243565,0.00709659035432847,94.50888650660939,95.51006426859061,2.882208808183271,2.964482765133963,8.5020552272573,7.146186154024258,2.882208808183271,2.964482765133963,40.95477386934673,45.819397993311036,-0.11287868022918701,-0.15973114967346191,0.0004507158366848345,0.6
26,85.43639479849607,82.42624381074937,0.00732089509919186,0.007636273834218947,99.27238571703734,98.02262789110675,2.864912545461351,2.9424057349712154,8.481140309242747,7.646693030328655,2.864912545461351,2.9424057349712154,40.95477386934673,45.819397993311036,-0.07840311527252197,-0.14516174793243408,0.0005005,0.625
27,86.66762692245406,80.47064101815623,0.007810775697593214,0.00821556713756012,95.24815786543803,93.27716266032445,2.8955643037256085,2.948416828710499,8.634787454077946,7.236968668806912,2.8955643037256085,2.948416828710499,40.95477386934673,45.819397993311036,-0.13637280464172363,-0.13399255275726318,0.0005502841633151655,0.65
28,85.46858120763322,85.0511625155956,0.008559740661726125,0.008770076193563316,98.89158940914288,109.2284303237762,2.845379322218136,2.9887618579992083,8.544017293345389,8.029105810018686,2.845379322218136,2.9887618579992083,40.95477386934673,45.819397993311036,-0.08143973350524902,-0.19829988479614258,0.0005990889724523396,0.675
29,85.50019366138145,84.68488646032021,0.008908758509336305,0.00919231168153294,116.89667866257966,119.28939696857363,2.8442421714265143,2.9293884306049667,8.550427288266283,8.131561161283665,2.8442421714265143,2.9293884306049667,40.95477386934673,45.819397993311036,-0.08498334884643555,-0.08608293533325195,0.0006460106499195698,0.7000000000000001
30,87.12784193029356,84.41383509811351,0.00950803411921714,0.009909284347824029,116.78691233981594,113.62189396886922,2.898978382698455,3.0421636575041804,8.710608496737839,7.738607656995589,2.898978382698455,3.0421636575041804,40.95477386934673,45.819397993311036,-0.11477231979370117,-0.26416075229644775,0.0006902845066464847,0.725
31,86.37681980867882,83.6682588200904,0.010184390994547,0.010438664314838557,111.80426403665463,110.46576624331267,2.8726476341036697,2.9315893753715185,8.63903090222996,7.920638658529938,2.8726476341036697,2.9315893753715185,40.95477386934673,45.819397993311036,-0.08967673778533936,-0.10923576354980469,0.0007313275200513749,0.75
32,86.81721450575633,86.03783791838681,0.010505894638934926,0.010712723998371573,110.96865026835022,116.12016329558,2.8413118389583314,2.9505294589294637,8.820344143776438,8.33598300047144,2.8413118389583314,2.9505294589294637,40.95477386934673,45.819397993311036,-0.06586921215057373,-0.1468801498413086,0.0007687562587155186,0.775
33,86.22145812834927,84.91667792789114,0.010761360352362819,0.011058700928171742,110.5914719164671,112.4352478741802,2.844465352382692,2.9441773692102338,8.69099632339861,8.130548505878767,2.844465352382692,2.9441773692102338,40.95477386934673,45.819397993311036,-0.08851015567779541,-0.13121426105499268,0.0008023817046700233,0.8
34,87.09184709865244,83.41047027996153,0.01113552022475743,0.011295190404938616,110.7010321816807,111.35578063658647,2.8564778396632002,2.9296494710405536,8.828284196518174,7.87235204192707,2.8564778396632002,2.9296494710405536,40.95477386934673,45.819397993311036,-0.08126676082611084,-0.07091355323791504,0.0008321863667487907,0.8250000000000001
35,86.67744302669762,81.9665017526684,0.011370855879656335,0.011384564859910953,111.24134505893318,103.91860765438015,2.851870436963923,2.9343313652536143,8.75850780046166,7.570190641792323,2.851870436963923,2.9343313652536143,40.95477386934673,45.819397993311036,-0.0771942138671875,-0.10750734806060791,0.0008582907861644128,0.8500000000000001
36,87.13880705713626,83.81971536591699,0.011522162530939383,0.011602162561039861,105.10174096649017,101.82107972620322,2.8851368159704673,2.926608851920801,8.751529694402238,7.963856676350469,2.8851368159704673,2.926608851920801,40.95477386934673,45.819397993311036,-0.12012231349945068,-0.08262872695922852,0.0008809162808999045,0.875
37,87.93080427978107,84.45837292623361,0.011715316563108358,0.01190247426251803,103.26344744044931,107.46463280617193,2.868886333813819,2.934395408151939,8.958563798236687,8.06675656583397,2.868886333813819,2.934395408151939,40.95477386934673,45.819397993311036,-0.10781741142272949,-0.0937345027923584,0.0009003492613694345,0.8999999999999999
38,87.85642448182482,84.81745012468319,0.01195007534713252,0.012106800906634251,106.30819217803291,108.18806850471624,2.9015809375437063,2.922655989892507,8.844656963444235,8.173261776416995,2.9015809375437063,2.922655989892507,40.95477386934673,45.819397993311036,-0.11140847206115723,-0.0863872766494751,0.0009169104762025716,0.925
39,87.51225538908736,83.86727969064361,0.012095406921377633,0.012017893981823954,109.21870228114041,108.18568407651972,2.8887959540988533,2.926784865433556,8.813309381954634,7.970555568618519,2.8887959540988533,2.926784865433556,40.95477386934673,45.819397993311036,-0.09713900089263916,-0.047525882720947266,0.0009309307180769967,0.95
40,87.11107608660981,84.47647176378945,0.012147376050164851,0.012299483106237989,111.48708585039455,114.75349831979808,2.8623004442882696,2.9298355069048827,8.811864006259732,8.081692215590971,2.8623004442882696,2.9298355069048827,40.95477386934673,45.819397993311036,-0.080544114112854,-0.09320616722106934,0.0009427331482770302,0.9750000000000001
41,87.4557393136336,85.65674608925912,0.012451252886023953,0.012650669829602225,115.1192798326962,116.92915214104796,2.8890215080587107,2.930866402527162,8.799660091623789,8.313942174050322,2.8890215080587107,2.930866402527162,40.95477386934673,45.819397993311036,-0.09921371936798096,-0.08624553680419922,0.0009526215526956109,1.0
42,87.28534910626946,85.55445616859258,0.012690157663869599,0.012854782447069385,115.3233845134077,121.46060614442347,2.874098485039307,2.929041273219131,8.81007379023873,8.29785499923604,2.874098485039307,2.929041273219131,40.95477386934673,45.819397993311036,-0.09614956378936768,-0.10205066204071045,0.0009608734429260324,1.025
43,87.32032579073754,84.62646573682294,0.01289681750513501,0.013012315813190362,118.48386719158945,117.42901953247478,2.863819702586137,2.939444202244481,8.847094299405864,8.081629411831349,2.863819702586137,2.939444202244481,40.95477386934673,45.819397993311036,-0.09467875957489014,-0.11884415149688721,0.0009677368307662479,1.05
44,87.06232269644937,84.35820430895956,0.013062078465194358,0.013172505370475178,116.67922709096017,118.43204197197853,2.8623839646727594,2.930834253496151,8.79998397347915,8.053446772903902,2.8623839646727594,2.930834253496151,40.95477386934673,45.819397993311036,-0.10763120651245117,-0.08543181419372559,0.000973429603416711,1.075
45,86.98624535182013,85.78800178451283,0.013174769548165738,0.013261791667511631,115.74921086245845,117.84479384916682,2.8705929120381675,2.930231955537828,8.76019176725966,8.341198348680068,2.8705929120381675,2.930231955537828,40.95477386934673,45.819397993311036,-0.10788953304290771,-0.07826519012451172,0.0009781406103348057,1.1
46,86.65995793686041,84.56396923256558,0.013346094007867465,0.013385524126050066,118.78108451753805,116.6173088048214,2.851497329858879,2.9273974201750996,8.751500834971417,8.10501936686079,2.851497329858879,2.9273974201750996,40.95477386934673,45.819397993311036,-0.07345306873321533,-0.05865073204040527,0.0009820317762478706,1.125
47,87.3059306312446,85.15899658203125,0.013474788535479924,0.013586051201441615,117.93959869691474,122.4130700408017,2.845387878130429,2.9314606189727783,8.89908771099557,8.210579430379198,2.845387878130429,2.9314606189727783,40.95477386934673,45.819397993311036,-0.09393489360809326,-0.1047065258026123,0.0009852407423384202,1.1500000000000001
48,87.47955121626606,85.28032439369024,0.013502801643681386,0.013529691163039327,117.49736808891872,117.41019033986989,2.8564116791065413,2.93029374422437,8.90075987827039,8.239280338670099,2.8564116791065413,2.93029374422437,40.95477386934673,45.819397993311036,-0.09843742847442627,-0.05986344814300537,0.00098788369345071,1.1749999999999998
49,88.10988636112693,85.39319505978588,0.013547974097319384,0.013628057792882457,116.7964845845847,118.7659773300324,2.863986090000351,2.929393208545187,9.004182098299214,8.264216469283088,2.863986090000351,2.929393208545187,40.95477386934673,45.819397993311036,-0.07369720935821533,-0.07283008098602295,0.0009900581499349627,1.2
50,86.91508258966545,84.89565259238151,0.013647044334916314,0.01367646520863907,119.27129597879535,120.52173201136765,2.860539638816412,2.9267826271695037,8.77500855942667,8.172139466008215,2.860539638816412,2.9267826271695037,40.95477386934673,45.819397993311036,-0.10028636455535889,-0.07987582683563232,0.0009918455914179935,1.225
51,87.49852100928226,84.74631691616914,0.013683239612697157,0.01372706999435373,120.21170955127607,121.40241338417283,2.873916151535571,2.929524078815677,8.851176723563292,8.133664877518363,2.873916151535571,2.929524078815677,40.95477386934673,45.819397993311036,-0.10353708267211914,-0.09467768669128418,0.001,1.25
52,86.86305047678988,85.12272245987602,0.013814413333483277,0.013899323169179386,123.83748573034852,125.154407590528,2.8308838048771996,2.9224242797264686,8.852428627972627,8.229460770469844,2.8308838048771996,2.9224242797264686,40.95477386934673,45.819397993311036,-0.07176899909973145,-0.07042491436004639,0.001,1.275
53,87.65086668899511,84.65900597205528,0.01390942808558893,0.013972822402332937,123.98956903301092,125.26208424647915,2.8521918962948285,2.9281554844068443,8.946017642316706,8.119487151653074,2.8521918962948285,2.9281554844068443,40.95477386934673,45.819397993311036,-0.08754754066467285,-0.073783278465271,0.001,1.3
54,87.72612094080428,84.75654903143943,0.014001379140545075,0.014009621769912467,125.29552794541146,124.9255626767774,2.861354846650831,2.927568758610499,8.933300463997538,8.140816678968958,2.861354846650831,2.927568758610499,40.95477386934673,45.819397993311036,-0.08649873733520508,-0.07264316082000732,0.001,1.3250000000000002
55,87.26962372286236,84.63864536349192,0.014015646507866818,0.014003775802045364,125.55104871331348,125.73615606811931,2.8390644966457756,2.9244667367392956,8.908817462186319,8.12638085502446,2.8390644966457756,2.9244667367392956,40.95477386934673,45.819397993311036,-0.09077370166778564,-0.0908738374710083,0.001,1.35
56,87.58191089214792,84.81077180179864,0.01404035021043952,0.014068464091340434,128.04273800234898,128.70894217092456,2.8995195701094327,2.927304408223334,8.789406734894667,8.151685512185496,2.8995195701094327,2.927304408223334,40.95477386934673,45.819397993311036,-0.12681829929351807,-0.0977933406829834,0.001,1.375
57,87.67343032300172,84.91295409441791,0.014051624057405758,0.014007928342025815,127.85340688376371,128.02576704248537,2.85412374093904,2.9349511211931105,8.943933458184476,8.149330349670207,2.85412374093904,2.9349511211931105,40.95477386934673,45.819397993311036,-0.08159804344177246,-0.06462430953979492,0.001,1.4000000000000001
58,87.04333603442015,85.59610618157531,0.014062283566873677,0.014195283815688313,128.3710628234761,132.70581304747924,2.851397074247325,2.934133213100625,8.82598921042591,8.287440662001288,2.851397074247325,2.934133213100625,40.95477386934673,45.819397993311036,-0.09228265285491943,-0.09386897087097168,0.001,1.4249999999999998
59,87.66843052645225,85.3565869793844,0.014163722769299544,0.014223960586465322,131.0179170132482,133.37572782892846,2.8926273143071826,2.9363974097580416,8.826767816016423,8.232605667815958,2.8926273143071826,2.9363974097580416,40.95477386934673,45.819397993311036,-0.11893141269683838,-0.10619604587554932,0.001,1.45
60,86.61718898242842,84.79114527367429,0.014252693198895834,0.014218924015785341,134.01985996572216,130.7179802221598,2.8251725708819313,2.9259865268018332,8.818265510763554,8.15128193571416,2.8251725708819313,2.9259865268018332,40.95477386934673,45.819397993311036,-0.08373773097991943,-0.07008898258209229,0.001,1.4749999999999999
61,87.66137876782186,85.19384533426036,0.01429486919937022,0.014356280948007385,133.39096465502152,135.95953333417708,2.8438103690219285,2.9236775855954273,8.971307347168276,8.237673633473374,2.8438103690219285,2.9236775855954273,40.95477386934673,45.819397993311036,-0.08801984786987305,-0.08511948585510254,0.001,1.5
62,87.87190034441413,84.37624364234134,0.014343959546119124,0.014298717827726168,134.87804368113353,132.87090768463236,2.8554912312346286,2.9320096586858946,8.978061789443943,8.04978518661448,2.8554912312346286,2.9320096586858946,40.95477386934673,45.819397993311036,-0.08745467662811279,-0.08478868007659912,0.001,1.525
63,87.53015724578295,84.55097221451061,0.01430416320118323,0.01432633236748319,133.42302723026754,134.33661740918623,2.873572310810313,2.9314435764299986,8.855769253256334,8.08613121389944,2.873572310810313,2.9314435764299986,40.95477386934673,45.819397993311036,-0.1154395341873169,-0.09266376495361328,0.001,1.55
64,87.98913685400882,85.00525999547646,0.014355220498089714,0.014341542924003657,135.14656869450607,135.56080234489312,2.8659284186722647,2.9302733654162556,8.9701415785593,8.180251207638744,2.8659284186722647,2.9302733654162556,40.95477386934673,45.819397993311036,-0.10410785675048828,-0.08546817302703857,0.001,1.575
65,87.81583510611325,85.57028586091006,0.014319461955996215,0.014331920246864641,135.98215511456206,138.61480401590916,2.8773474493617788,2.927079599437905,8.90106488072892,8.302228157336895,2.8773474493617788,2.927079599437905,40.95477386934673,45.819397993311036,-0.11179494857788086,-0.07316195964813232,0.001,1.6
66,87.85983769658023,84.50167147531158,0.014315472188806614,0.014218319861536042,139.0020553103244,135.95695857937918,2.8817039770097588,2.9295603830280115,8.896191938837969,8.081617985282056,2.8817039770097588,2.9295603830280115,40.95477386934673,45.819397993311036,-0.09510552883148193,-0.06802356243133545,0.001,1.625
67,87.50843892824311,85.48135906717052,0.014231559831393225,0.0142825971572445,136.96831552067795,138.64567300547725,2.8277401944101355,2.9266662493995996,8.988226765164578,8.285687172293263,2.8277401944101355,2.9266662493995996,40.95477386934673,45.819397993311036,-0.0853123664855957,-0.07899141311645508,0.001,1.6500000000000001
68,87.88112506195529,84.83742431334429,0.01427442237104553,0.014275030304606143,137.30336908439494,136.90007636539116,2.8630228222315037,2.9350070251668976,8.956840912900379,8.132228715762645,2.8630228222315037,2.9350070251668976,40.95477386934673,45.819397993311036,-0.10016274452209473,-0.07633519172668457,0.001,1.675
69,87.32944277662727,85.3148170649806,0.014295296699832033,0.014273968054897411,138.09313729699932,139.56580738080385,2.8388343061035,2.935462172613495,8.918908131182492,8.225808832557703,2.8388343061035,2.935462172613495,40.95477386934673,45.819397993311036,-0.0926814079284668,-0.0969076156616211,0.001,1.7000000000000002
70,87.36678603026935,84.89401010366586,0.014247853017195285,0.014221843646646144,139.95891186380305,140.019248936886,2.877615631525241,2.929019597860483,8.809668809325252,8.160894724038931,2.877615631525241,2.929019597860483,40.95477386934673,45.819397993311036,-0.11584687232971191,-0.08591270446777344,0.001,1.7249999999999999
71,88.72508845497016,85.23535222592561,0.014244925319661747,0.014236298299403892,140.48269985588752,140.79472488862615,2.918419502887694,2.9287332204672007,8.958813692856474,8.229864425085061,2.918419502887694,2.9287332204672007,40.95477386934673,45.819397993311036,-0.13425779342651367,-0.0659644603729248,0.001,1.75
72,87.97911467943558,84.8689924769577,0.014226488705094235,0.01420382019693038,140.57976893643837,139.977736610234,2.896862375876013,2.931524688982246,8.874274449532155,8.148388586714116,2.896862375876013,2.931524688982246,40.95477386934673,45.819397993311036,-0.1022331714630127,-0.07250535488128662,0.001,1.775
73,87.29466786855829,85.43095066236413,0.014227374717343592,0.014256550189120115,141.2376022977845,142.89856987892585,2.8365767461370983,2.9274019102587747,8.918110206897934,8.272553699072388,2.8365767461370983,2.9274019102587747,40.95477386934673,45.819397993311036,-0.08970308303833008,-0.06620657444000244,0.001,1.7999999999999998
74,88.0914130410557,84.89837090227516,0.014239886696052612,0.014228452289832078,141.9085852081452,141.50542462709356,2.864967159689771,2.929189792843567,8.992151405743419,8.16095774149815,2.864967159689771,2.929189792843567,40.95477386934673,45.819397993311036,-0.08907628059387207,-0.057747602462768555,0.001,1.825
75,87.82190222556467,85.11328446506258,0.0142208479775406,0.014200358336984513,141.6278807929213,141.08050241119486,2.855564578693716,2.9286089182697412,8.966516906891636,8.205773495511467,2.855564578693716,2.9286089182697412,40.95477386934673,45.819397993311036,-0.09147894382476807,-0.06882596015930176,0.001,1.85
76,87.5448877152486,85.17394810297019,0.01419527793593293,0.014201289111355875,141.01885562046888,141.74115143332594,2.853028695986698,2.9302447121278896,8.91884867909366,8.212866933050762,2.853028695986698,2.9302447121278896,40.95477386934673,45.819397993311036,-0.08109259605407715,-0.0728306770324707,0.001,1.875
77,87.89928460560452,84.39070226356736,0.014210653349357833,0.014188258886885484,142.37727051803614,141.67739873267337,2.8428349898288796,2.92704330000989,9.020034534447955,8.065836906433105,2.8428349898288796,2.92704330000989,40.95477386934673,45.819397993311036,-0.08357679843902588,-0.06368350982666016,0.001,1.9
78,87.1109933262095,85.26802966267768,0.014194793301873171,0.014199230181408368,142.3977847458729,143.5687042032197,2.828994864794477,2.9301268249052423,8.903895258304463,8.231671562960315,2.828994864794477,2.9301268249052423,40.95477386934673,45.819397993311036,-0.06965374946594238,-0.06243729591369629,0.001,1.925
79,87.66643125447796,85.07179403145577,0.01419056861051413,0.014157889641347936,144.01568197125766,143.01992272214346,2.856700371258223,2.931379253648994,8.931543800699052,8.188785624743305,2.856700371258223,2.931379253648994,40.95477386934673,45.819397993311036,-0.08878862857818604,-0.06601440906524658,0.001,1.9500000000000002
80,87.92536836812644,84.82342121034961,0.014155436146511404,0.014158284724581003,142.22864520969102,141.96843798583168,2.85430507763746,2.9313662028232943,8.9908816451004,8.139360202993437,2.85430507763746,2.9313662028232943,40.95477386934673,45.819397993311036,-0.09882950782775879,-0.07009053230285645,0.001,1.975
81,87.54983185683463,85.00313187921326,0.01416328016955599,0.014151886077504294,142.34767007747885,142.494183696632,2.86655261209063,2.9285172754306856,8.879006253215335,8.183745210386041,2.86655261209063,2.9285172754306856,40.95477386934673,45.819397993311036,-0.10733997821807861,-0.07813465595245361,0.001,2.0
82,87.59806286989145,84.8524921123798,0.014164720984859084,0.014173149704360045,143.12883629471412,143.5673399960317,2.839592886929536,2.9280263771580213,8.969375068817905,8.154871369684022,2.839592886929536,2.9280263771580213,40.95477386934673,45.819397993311036,-0.08707571029663086,-0.08114361763000488,0.001,2.0250000000000004
83,87.64061294887932,85.28997986452237,0.01417611811740614,0.014169797326210749,143.7677575243977,143.81402536857885,2.8631903598056967,2.9281097271769343,8.90696237794119,8.242070824804912,2.8631903598056967,2.9281097271769343,40.95477386934673,45.819397993311036,-0.09122121334075928,-0.07463955879211426,0.001,2.05
84,86.99034384467095,85.2004739512568,0.014166504375549217,0.014163726922062329,143.609738322758,143.71704729265193,2.830510075168194,2.9309296767448503,8.874983142169077,8.215729581073774,2.830510075168194,2.9309296767448503,40.95477386934673,45.819397993311036,-0.08585059642791748,-0.07810533046722412,0.001,2.0749999999999997
85,87.21682003155425,85.35436236021113,0.014169710260851799,0.014168212146663348,143.84702739364138,144.24184496825356,2.835605930842746,2.929838725954394,8.904942685036204,8.249674096952713,2.835605930842746,2.929838725954394,40.95477386934673,45.819397993311036,-0.10048723220825195,-0.07635712623596191,0.001,2.1
86,88.08216776121002,85.05943354475858,0.01416418839002674,0.014156184190367177,144.19287858256942,143.831913976765,2.84657541072149,2.931029971227997,9.045036100262973,8.187199289583441,2.84657541072149,2.931029971227997,40.95477386934673,45.819397993311036,-0.09383487701416016,-0.07174134254455566,0.001,2.125
87,87.1223576224629,85.05636060835924,0.014165237400886701,0.01417175746432515,143.90488534796378,144.0425302767036,2.8450629495496127,2.9273241913836934,8.85766883351695,8.197657047705507,2.8450629495496127,2.9273241913836934,40.95477386934673,45.819397993311036,-0.08864951133728027,-0.06646406650543213,0.001,2.15
88,87.87262660654346,85.22244880191458,0.014171704735725469,0.014164628383133523,144.2843947929753,144.6797575679511,2.872279673165812,2.931570865637483,8.92599474125771,8.218007784623365,2.872279673165812,2.931570865637483,40.95477386934673,45.819397993311036,-0.09484922885894775,-0.07592296600341797,0.001,2.175
89,87.84604326564462,85.14624370460128,0.014155422852154653,0.014140216717776845,144.58415641337385,144.74384749294524,2.8651934983941976,2.931034914227234,8.941880302812585,8.204367776379538,2.8651934983941976,2.931034914227234,40.95477386934673,45.819397993311036,-0.11414504051208496,-0.07602643966674805,0.001,2.2
90,87.94473545195869,84.99412801991339,0.014143506127411196,0.014127606800118816,145.1045080597077,144.83289691835742,2.865614246882785,2.931237915287847,8.960255019828502,8.173319563020431,2.865614246882785,2.931237915287847,40.95477386934673,45.819397993311036,-0.0877612829208374,-0.07000744342803955,0.001,2.225
91,87.71885982749849,84.98162221749092,0.01413309537155095,0.014137337093294464,144.76710078304936,145.1317433130781,2.836588074813536,2.929915267886924,9.002227649816517,8.174724888243404,2.836588074813536,2.929915267886924,40.95477386934673,45.819397993311036,-0.07912635803222656,-0.0710146427154541,0.001,2.25
92,88.69468635290711,85.03258670054151,0.01413713233355102,0.014129509890832032,145.07746319794774,144.7938400829915,2.90236051997148,2.929747507324984,9.000012688500997,8.185491051562256,2.90236051997148,2.929747507324984,40.95477386934673,45.819397993311036,-0.11645281314849854,-0.07333827018737793,0.001,2.275
93,87.88548644303876,85.07853111853966,0.014133852822284902,0.014132172897159057,144.80838978829695,145.11493670103144,2.872360328533741,2.9274005626755017,8.928227389477804,8.2016553830941,2.872360328533741,2.9274005626755017,40.95477386934673,45.819397993311036,-0.10724151134490967,-0.07824146747589111,0.001,2.3000000000000003
94,88.14974380058659,85.00099118337982,0.0141330667766719,0.01412537170692431,145.1664825899517,145.0603255460095,2.8963434636293344,2.9253427870696207,8.909058554887372,8.192332717487245,2.8963434636293344,2.9253427870696207,40.95477386934673,45.819397993311036,-0.12007343769073486,-0.07406771183013916,0.001,2.325
95,87.52276250944665,85.00400311013927,0.01412752342926747,0.01412536370814046,144.9391518853218,144.9049929615646,2.839721844224275,2.9263195473214854,8.953573904245143,8.190035491484064,2.839721844224275,2.9263195473214854,40.95477386934673,45.819397993311036,-0.08872485160827637,-0.07249939441680908,0.001,2.3499999999999996
96,87.50746965008965,84.89723817959279,0.014131783234763585,0.014124928493937322,144.91639804041367,144.86479559550716,2.8673490196017166,2.929038818863323,8.867637210954573,8.160533257551416,2.8673490196017166,2.929038818863323,40.95477386934673,45.819397993311036,-0.0933380126953125,-0.07642936706542969,0.001,2.375
97,87.89687716741258,85.07566532402932,0.014124361054045171,0.014117381473174661,144.67898853500085,144.5608475599002,2.8571647635257023,2.927004659454958,8.976120376906403,8.20238336671555,2.8571647635257023,2.927004659454958,40.95477386934673,45.819397993311036,-0.10305774211883545,-0.07602429389953613,0.001,2.4
98,87.36596827930342,85.16662031192844,0.014117290502978828,0.014113552111471975,144.66138720232837,144.81891042651938,2.8355047399274866,2.930696279308868,8.93492413046372,8.209449592641365,2.8355047399274866,2.930696279308868,40.95477386934673,45.819397993311036,-0.0895700454711914,-0.07798564434051514,0.001,2.425
99,87.30104931395257,85.20496416889306,0.014117409261427133,0.014118533475592384,144.84258067068743,144.95599625501345,2.8314171608169274,2.930825525302951,8.934166408264058,8.216701652692711,2.8314171608169274,2.930825525302951,40.95477386934673,45.819397993311036,-0.09025919437408447,-0.07919001579284668,0.001,2.45
100,87.9249174287371,85.07520572317883,0.014118529375723658,0.014111622314538844,145.0210126560537,144.99186446276,2.8806958502061804,2.927433141497864,8.911068162327036,8.200921170288902,2.8806958502061804,2.927433141497864,40.95477386934673,45.819397993311036,-0.10678756237030029,-0.0767127275466919,0.001,2.475
101,87.59091656811074,85.14615771443549,0.014114959762935562,0.014110235388337769,144.93673887524372,145.101518254615,2.849765668562309,2.928983743374164,8.937075928028305,8.210438012279395,2.849765668562309,2.928983743374164,40.95477386934673,45.819397993311036,-0.08446013927459717,-0.07797467708587646,0.001,2.5
102,87.47699460232478,85.09441123120362,0.014116016878017928,0.014110461173323685,145.40750942517764,145.63913326199636,2.852548394370918,2.9264735027300475,8.905849325796668,8.207511249593269,2.852548394370918,2.9264735027300475,40.95477386934673,45.819397993311036,-0.09249246120452881,-0.07332766056060791,0.001,2.5
103,88.3547495166261,85.14424156265514,0.014108410713510896,0.014101199326058694,145.57706577933612,145.4249649303015,2.89053065293598,2.9291347723740797,8.967420571613152,8.20953852037921,2.89053065293598,2.9291347723740797,40.95477386934673,45.819397993311036,-0.1287919282913208,-0.07341790199279785,0.001,2.5
104,87.77668323868284,85.00745624044667,0.014097657909545067,0.014090084938027188,145.3828338162983,145.42578446506258,2.8697875117137404,2.928635100457182,8.914078043932891,8.183683371464145,2.8697875117137404,2.928635100457182,40.95477386934673,45.819397993311036,-0.10076522827148438,-0.07573354244232178,0.001,2.5
105,88.56591878664155,85.10902394578608,0.014093019603322599,0.014092364086828702,145.5119290759216,145.70568643525291,2.890867287190116,2.928623543933881,9.008661105604826,8.203974052416442,2.890867287190116,2.928623543933881,40.95477386934673,45.819397993311036,-0.10417437553405762,-0.07778525352478027,0.001,2.5
106,88.15940586007021,85.1442270438408,0.014098292519299428,0.014098985422788854,145.94923221965132,146.08912000369068,2.858820332554317,2.928810595668678,9.0234105654897,8.210375401487319,2.858820332554317,2.928810595668678,40.95477386934673,45.819397993311036,-0.0968543291091919,-0.07689666748046875,0.001,2.5
107,89.1968135610098,85.05682720069503,0.01409841383771481,0.014094956873302476,145.95691030428836,145.74976545353,2.940518406767342,2.9304181149970727,8.985796072175555,8.188142534083745,2.940518406767342,2.9304181149970727,40.95477386934673,45.819397993311036,-0.15302467346191406,-0.08143186569213867,0.001,2.5
108,87.58854183280089,85.14031125071854,0.01409602969404391,0.014095317002348477,145.79046840444082,146.0427305802055,2.855245509938379,2.9264757178698892,8.919994683321596,8.216607470177488,2.855245509938379,2.9264757178698892,40.95477386934673,45.819397993311036,-0.10490286350250244,-0.0762859582901001,0.001,2.5
109,87.82368384893216,85.1736562467339,0.01409828770824613,0.014099646749030985,146.2474672454885,146.40574344902933,2.855249583821001,2.9277763135457118,8.96691845649451,8.219301949376645,2.855249583821001,2.9277763135457118,40.95477386934673,45.819397993311036,-0.09190535545349121,-0.07461309432983398,0.001,2.5
110,87.94914749119948,85.14764355815772,0.014100060403546695,0.014092828517773479,146.44521256387733,146.39203033957594,2.866785818607963,2.9306949995034515,8.957362655818562,8.20534694473879,2.866785818607963,2.9306949995034515,40.95477386934673,45.819397993311036,-0.10298943519592285,-0.07208251953125,0.001,2.5
111,87.55571469509822,85.10959602279408,0.014094747462539218,0.014089728035904891,146.31620085698677,146.2510310654656,2.8364387524986587,2.9303216910282504,8.969744683110735,8.198885831545827,2.8364387524986587,2.9303216910282504,40.95477386934673,45.819397993311036,-0.08678007125854492,-0.07227230072021484,0.001,2.5
112,87.49478990308803,85.14768851800109,0.014091267138157957,0.014089344963306766,146.28417961082266,146.3584173706463,2.8552676245595143,2.930101735137378,8.90107997178632,8.207143249320346,2.8552676245595143,2.930101735137378,40.95477386934673,45.819397993311036,-0.09053277969360352,-0.07365179061889648,0.001,2.5
113,88.40766638367619,85.04196406846063,0.01409362315807111,0.014089210494655032,146.5366431257034,146.65607056888848,2.8941717670990195,2.928951198042037,8.966891596265373,8.189389442520397,2.8941717670990195,2.928951198042037,40.95477386934673,45.819397993311036,-0.10983717441558838,-0.07406032085418701,0.001,2.5
114,87.90772676707512,85.05890724411776,0.014090000169735458,0.01408107101256931,146.52151287340837,146.4043677084422,2.8532745754299453,2.929391957445687,8.989599173592163,8.191508856106761,2.8532745754299453,2.929391957445687,40.95477386934673,45.819397993311036,-0.09022808074951172,-0.07397377490997314,0.001,2.5
115,87.71301174962541,85.14165933156093,0.014079680724047637,0.014074653268707635,146.40444110506144,146.39786317755147,2.8562790289196736,2.9274841415443547,8.941668347497682,8.213785330986099,2.8562790289196736,2.9274841415443547,40.95477386934673,45.819397993311036,-0.1046677827835083,-0.07259976863861084,0.001,2.5
116,87.18190077840782,85.2451627852526,0.014076329714663863,0.014071893560572412,146.38776503775387,146.362655333452,2.855509069097701,2.9293180317384344,8.837759925292763,8.228992176693817,2.855509069097701,2.9293180317384344,40.95477386934673,45.819397993311036,-0.10805988311767578,-0.07185769081115723,0.001,2.5
117,88.09847448658903,85.24163563195678,0.014074286609775756,0.01407178430927039,146.36864168560086,146.35897378060332,2.896355728008839,2.9297514097347706,8.898539057528753,8.226987066874935,2.896355728008839,2.9297514097347706,40.95477386934673,45.819397993311036,-0.11273765563964844,-0.07505369186401367,0.001,2.5
118,88.11179762030366,85.03528722552551,0.01407227879530521,0.014069082582973716,146.36381781241002,146.38753517176394,2.8578932968216324,2.928532931318251,9.016592129590723,8.18936735969722,2.8578932968216324,2.928532931318251,40.95477386934673,45.819397993311036,-0.09057438373565674,-0.07489454746246338,0.001,2.5
119,87.69020350215024,85.10632849855965,0.014071231026208681,0.014070391486769536,146.43498631258507,146.47540517953726,2.8571194651937564,2.9291865594410975,8.934580826879147,8.201596165979188,2.8571194651937564,2.9291865594410975,40.95477386934673,45.819397993311036,-0.08814263343811035,-0.07581472396850586,0.001,2.5
120,87.90761242839359,85.13646751582424,0.014072227166962483,0.01406949191326182,146.48481778603303,146.51821383983395,2.8792478043829375,2.9279035549100025,8.911668060213277,8.211465684067845,2.8792478043829375,2.9279035549100025,40.95477386934673,45.819397993311036,-0.11194801330566406,-0.07626879215240479,0.001,2.5
121,87.99197866928637,85.14305834307719,0.014071318455090374,0.014068835424290453,146.52904519443734,146.49084988086918,2.852830068949279,2.927421946988058,9.007785541528033,8.214233821052373,2.852830068949279,2.927421946988058,40.95477386934673,45.819397993311036,-0.08927679061889648,-0.07589828968048096,0.001,2.5
122,87.60908595201758,85.03880151857102,0.01406920461804673,0.014066662894792381,146.47036983419702,146.42316674069815,2.8854457697077613,2.926251631516677,8.833371932382759,8.196908375092573,2.8854457697077613,2.926251631516677,40.95477386934673,45.819397993311036,-0.12352252006530762,-0.07370305061340332,0.001,2.5
123,87.87762849894001,85.11482886885321,0.014065037890207927,0.01406422457081518,146.42976696327503,146.47370517692437,2.8538689417655343,2.9264285731873785,8.981820138455236,8.211572439774223,2.8538689417655343,2.9264285731873785,40.95477386934673,45.819397993311036,-0.1063838005065918,-0.07313299179077148,0.001,2.5
124,87.10664876302083,85.10441170887006,0.01406528518989158,0.014061946593175166,146.49846182716152,146.50299174331104,2.8083594009105486,2.931064760405882,8.964138753849458,8.195575760359748,2.8083594009105486,2.931064760405882,40.95477386934673,45.819397993311036,-0.06570649147033691,-0.07581353187561035,0.001,2.5
125,88.12019423543907,85.15384720001731,0.014062520260088009,0.01406113148969053,146.50332375786812,146.56194246732272,2.8456789297075127,2.9295657350865496,9.05488901042459,8.209947134738782,2.8456789297075127,2.9295657350865496,40.95477386934673,45.819397993311036,-0.10643577575683594,-0.07558679580688477,0.001,2.5
126,87.9249394606905,85.0936695724028,0.014062272150762117,0.014061018173585967,146.63525242382158,146.68831938166284,2.8795903499801354,2.9253143881475645,8.914077809907283,8.21064021515607,2.8795903499801354,2.9253143881475645,40.95477386934673,45.819397993311036,-0.11343765258789062,-0.0728759765625,0.001,2.5
127,88.24647590982255,85.0840076714455,0.014062657669947874,0.014059918007523719,146.7107775255264,146.6799840512483,2.8836578296456903,2.9289094907384254,8.966166902027737,8.197924695286066,2.8836578296456903,2.9289094907384254,40.95477386934673,45.819397993311036,-0.10691571235656738,-0.07441401481628418,0.001,2.5
128,87.17997734031485,85.09583080891383,0.014060707917277837,0.014059796944933391,146.6509757752794,146.65527996969064,2.8273518848259447,2.9284790535036938,8.921797682891539,8.201585876503119,2.8273518848259447,2.9284790535036938,40.95477386934673,45.819397993311036,-0.08752858638763428,-0.07486617565155029,0.001,2.5
129,87.84430407040084,84.99980306465889,0.014058957261718198,0.014058927830969011,146.64920739153123,146.63028796141762,2.873817274119187,2.927698857808193,8.915266806955513,8.184726461518967,2.873817274119187,2.927698857808193,40.95477386934673,45.819397993311036,-0.11895787715911865,-0.07402777671813965,0.001,2.5
130,88.11126800997174,85.0316592060204,0.014059038099581672,0.014057783568807469,146.63936299335217,146.655949672329,2.872264297763307,2.9270310944139357,8.973321486557747,8.193096162483444,2.872264297763307,2.9270310944139357,40.95477386934673,45.819397993311036,-0.10626637935638428,-0.07576918601989746,0.001,2.5
131,87.24093735277953,85.09651589792308,0.014059844787171738,0.014054826127496053,146.64011458456017,146.62556207459107,2.838689004955579,2.9304878289085567,8.899980296641338,8.195703734522281,2.838689004955579,2.9304878289085567,40.95477386934673,45.819397993311036,-0.08944618701934814,-0.07609724998474121,0.001,2.5
132,87.09783225003599,85.09514105040891,0.014057112452098272,0.014057569722816299,146.6421514923249,146.66886937578386,2.8337872267967494,2.9294545459109407,8.88606488564905,8.198518668528783,2.8337872267967494,2.9294545459109407,40.95477386934673,45.819397993311036,-0.08418154716491699,-0.07704007625579834,0.001,2.5
133,88.13370934363385,85.09842041423887,0.014059014613716746,0.01405873009779282,146.70203084003185,146.7627990620591,2.9064086481953786,2.926934447974266,8.875363872278875,8.206716089344344,2.9064086481953786,2.926934447974266,40.95477386934673,45.819397993311036,-0.11946332454681396,-0.07409060001373291,0.001,2.5
134,87.51419560673648,85.07068386524418,0.01405944428102455,0.014059441270038834,146.79158273054728,146.8274402937363,2.858474045742297,2.928911347054319,8.895246441040806,8.195224704551059,2.858474045742297,2.928911347054319,40.95477386934673,45.819397993311036,-0.1066821813583374,-0.07477116584777832,0.001,2.5
135,87.49594498319642,85.1185773766559,0.014060670712734986,0.014055324989342968,146.84428400649895,146.86963645909543,2.850636238229135,2.927957755666114,8.915099199093765,8.207656831645647,2.850636238229135,2.927957755666114,40.95477386934673,45.819397993311036,-0.08528637886047363,-0.07478630542755127,0.001,2.5
136,87.57151781654038,85.16520093834919,0.014058633439142999,0.014056170490075114,146.8499678926452,146.80591621526509,2.8693409313508615,2.9296808450118355,8.874099034160825,8.211825394710171,2.8693409313508615,2.9296808450118355,40.95477386934673,45.819397993311036,-0.09908783435821533,-0.07551991939544678,0.001,2.5
137,87.50488444828308,85.19824080961604,0.014057360137102992,0.014054332358332781,146.77661738563424,146.73944311237653,2.833520279457821,2.9293848184438853,8.96824899989756,8.219334929284443,2.833520279457821,2.9293848184438853,40.95477386934673,45.819397993311036,-0.08501780033111572,-0.07501626014709473,0.001,2.5
138,87.9117618477724,85.10281823710055,0.014055141126128597,0.014054905704182127,146.73044641133728,146.7108457941674,2.850578971843624,2.9285505814695836,8.99845839265603,8.202759275468297,2.850578971843624,2.9285505814695836,40.95477386934673,45.819397993311036,-0.10248148441314697,-0.07340562343597412,0.001,2.5
139,87.59863360483243,85.15781570995931,0.014055209412197373,0.01405422065880486,146.70830281575522,146.71098087782843,2.8703546196571748,2.927010946847922,8.87651008177842,8.218376973002252,2.8703546196571748,2.927010946847922,40.95477386934673,45.819397993311036,-0.11664819717407227,-0.07263481616973877,0.001,2.5
140,88.16538556736319,85.15935723040016,0.014056634083015836,0.014055931828542298,146.73716786958065,146.77528947811064,2.867403498846083,2.9269156567627768,8.998708290470704,8.218957912164388,2.867403498846083,2.9269156567627768,40.95477386934673,45.819397993311036,-0.09306573867797852,-0.0758202075958252,0.001,2.5
141,87.73415409260659,85.13492346926277,0.014056346951742068,0.014055761240771581,146.79619062925303,146.8113460987308,2.871147452487019,2.9293775901347896,8.901218193859311,8.206678594633887,2.871147452487019,2.9293775901347896,40.95477386934673,45.819397993311036,-0.10963547229766846,-0.07612729072570801,0.001,2.5
142,87.9231740290196,84.99349238162854,0.014057595664994102,0.014052678045994263,146.82224009144846,146.8312071222924,2.8655490703518867,2.9250443779106523,8.955811678664368,8.191388165272997,2.8655490703518867,2.9250443779106523,40.95477386934673,45.819397993311036,-0.09613597393035889,-0.07015347480773926,0.001,2.5
143,87.79117197007989,85.14911419412364,0.01405747966775343,0.014053915527627421,146.84919828226418,146.8666019503488,2.850165412653631,2.9302081997976654,8.97555657567291,8.207014380490103,2.850165412653631,2.9302081997976654,40.95477386934673,45.819397993311036,-0.10468184947967529,-0.07398855686187744,0.001,2.5
144,87.24763488769531,85.060503803368,0.014055862866803829,0.014051491033323234,146.86475414486986,146.8667935272523,2.8321498866057278,2.927454197287161,8.920893103633095,8.197553757441083,2.8321498866057278,2.927454197287161,40.95477386934673,45.819397993311036,-0.0861973762512207,-0.07384622097015381,0.001,2.5
145,86.74240571090724,85.1245420066808,0.014055771771912,0.014052824366426587,146.87479307344012,146.8871206328223,2.829686372923092,2.9273149799742426,8.827235872022671,8.210775651261958,2.829686372923092,2.9273149799742426,40.95477386934673,45.819397993311036,-0.08104920387268066,-0.0726555585861206,0.001,2.5
146,87.86835767276322,85.13960710098114,0.014053423108979186,0.014056309677635546,146.90912174499613,146.93418511738346,2.8628486193204843,2.9282343714532244,8.952933158107738,8.211020259155477,2.8628486193204843,2.9282343714532244,40.95477386934673,45.819397993311036,-0.09578025341033936,-0.07519733905792236,0.001,2.5
147,87.59960329193166,85.13247563288762,0.014054605072766692,0.01405546437936483,146.95629297508867,146.9741031812585,2.87117618891462,2.9278168351355207,8.874189846479712,8.210838370498607,2.87117618891462,2.9278168351355207,40.95477386934673,45.819397993311036,-0.10405600070953369,-0.076621413230896,0.001,2.5
148,87.0770756579324,85.15720375086552,0.014055718480604678,0.014050529332189855,146.97281157271547,146.97178818310383,2.816585297560572,2.932262088941491,8.933453357000047,8.202449562557565,2.816585297560572,2.932262088941491,40.95477386934673,45.819397993311036,-0.07208883762359619,-0.07748711109161377,0.001,2.5
149,87.09572556589916,85.14913983807516,0.014052987259374292,0.014052295303564008,146.97920886475836,146.97598863684613,2.847632942087886,2.9284936034161113,8.8440398275353,8.21214136391579,2.847632942087886,2.9284936034161113,40.95477386934673,45.819397993311036,-0.10643637180328369,-0.07522308826446533,0.001,2.5
150,87.42329185651974,85.14144478992475,0.014052724256687228,0.01404815986067256,146.9750139757217,146.96994156343084,2.844986227888558,2.928838938773675,8.91749435213942,8.209568412806279,2.844986227888558,2.928838938773675,40.95477386934673,45.819397993311036,-0.08370792865753174,-0.07639145851135254,0.001,2.5
151,87.96259319362927,85.01410248925454,0.01405399814996887,0.014049759511539969,146.966966408581,146.95955910571044,2.859121964005769,2.927273532618647,8.982948830379314,8.188798587059097,2.859121964005769,2.927273532618647,40.95477386934673,45.819397993311036,-0.09730005264282227,-0.07344460487365723,0.001,2.5
152,88.7529782625898,85.05699331226157,0.014052360479281576,0.014051492083007875,146.95628906454473,146.9469296254442,2.9104027344753196,2.9267725386348458,8.987185697060335,8.198880988219909,2.9104027344753196,2.9267725386348458,40.95477386934673,45.819397993311036,-0.13110816478729248,-0.07290828227996826,0.001,2.5
153,87.53032077297294,85.12148210914637,0.014051224176820299,0.014050698424860786,146.94761177203563,146.9478886837146,2.845285672438604,2.9267514597213387,8.938007504896103,8.21184193091249,2.845285672438604,2.9267514597213387,40.95477386934673,45.819397993311036,-0.09249043464660645,-0.07439768314361572,0.001,2.5
154,88.15011764091862,85.15784140494357,0.014052003528454794,0.014051661275352125,146.95509215695176,146.96230344230116,2.8754889833268207,2.9322658366582863,8.971354874334542,8.20256811161105,2.8754889833268207,2.9322658366582863,40.95477386934673,45.819397993311036,-0.10035550594329834,-0.07591497898101807,0.001,2.5
155,87.23569994595782,85.03838912300442,0.014053858211342014,0.014047033539708442,146.96503907272364,146.95575767695703,2.8702932570248194,2.9262725094887725,8.804056359295869,8.196659631952395,2.8702932570248194,2.9262725094887725,40.95477386934673,45.819397993311036,-0.09664928913116455,-0.07082605361938477,0.001,2.5
156,87.83452263709088,85.13136702317458,0.014051412672141389,0.014053279502834365,146.94761414903292,146.93543613395562,2.8561496491008866,2.928624593294584,8.966255638467606,8.208201918713623,2.8561496491008866,2.928624593294584,40.95477386934673,45.819397993311036,-0.08719539642333984,-0.07601284980773926,0.001,2.5
157,87.12749251169176,85.0776718803074,0.014050358129506136,0.014048124398774526,146.9287505030033,146.91462794275188,2.8328774330803697,2.926703333455982,8.894670304341531,8.203232600936124,2.8328774330803697,2.926703333455982,40.95477386934673,45.819397993311036,-0.07013189792633057,-0.07448983192443848,0.001,2.5
158,87.18036891866969,85.2044144442249,0.014049368986931678,0.014047845487909572,146.91248340702535,146.9012108742194,2.83604749562952,2.9296975678026076,8.89573891957601,8.219600380862436,2.83604749562952,2.9296975678026076,40.95477386934673,45.819397993311036,-0.07965290546417236,-0.0754464864730835,0.001,2.5
159,87.40850288224979,85.22970764772549,0.014049116551713828,0.014048501216871881,146.89452376118058,146.87754837087166,2.857121835401909,2.92858101771428,8.878146007033049,8.22801339108011,2.857121835401909,2.92858101771428,40.95477386934673,45.819397993311036,-0.10901987552642822,-0.07694458961486816,0.001,2.5
160,88.03001295182374,85.16474644077263,0.014050413280338597,0.014050409633878084,146.87877574518097,146.87565413765284,2.861939478160149,2.9296570222912024,8.987998262721689,8.211793239300068,2.861939478160149,2.9296570222912024,40.95477386934673,45.819397993311036,-0.1022406816482544,-0.07578599452972412,0.001,2.5
161,87.53579727249529,85.15469686961094,0.014048575316017596,0.014051216181031239,146.87542739944843,146.87100000285784,2.85857953538048,2.9286908712674142,8.899235889939607,8.212682601201495,2.85857953538048,2.9286908712674142,40.95477386934673,45.819397993311036,-0.08788692951202393,-0.07599937915802002,0.001,2.5
162,86.96704643415646,85.15195033861244,0.014046979297445448,0.014047270092527602,146.87119675321594,146.86808991192973,2.847909305562925,2.9286881314472213,8.817497520191186,8.212143371735129,2.847909305562925,2.9286881314472213,40.95477386934673,45.819397993311036,-0.1041189432144165,-0.07436811923980713,0.001,2.5
163,86.94791694781688,85.12686440458266,0.0140482752959882,0.01404572187309281,146.87277438932128,146.8762882704719,2.8264399736969916,2.9275115253933297,8.878078888808464,8.210653354491678,2.8264399736969916,2.9275115253933297,40.95477386934673,45.819397993311036,-0.08796548843383789,-0.07593762874603271,0.001,2.5
164,87.77329557025853,85.04273450972643,0.014048637101548401,0.014043348100048841,146.8835861742796,146.89100284640207,2.884595415700021,2.9281870736724955,8.868686656856058,8.191798580131403,2.884595415700021,2.9281870736724955,40.95477386934673,45.819397993311036,-0.10591661930084229,-0.07579243183135986,0.001,2.5
165,88.00461674215805,85.12911012579366,0.014049889549450759,0.014045619147278393,146.89914359599103,146.90401624596637,2.85924459901487,2.928182503850165,8.99099957323953,8.209084702175995,2.85924459901487,2.928182503850165,40.95477386934673,45.819397993311036,-0.0953906774520874,-0.07407176494598389,0.001,2.5
166,88.0182593391968,85.11980889872164,0.014048291265752348,0.014045083829915045,146.90648133551056,146.9042581921836,2.8738650073557843,2.9300705198460197,8.949866358758616,8.20156046857802,2.8738650073557843,2.9300705198460197,40.95477386934673,45.819397993311036,-0.10288763046264648,-0.07458341121673584,0.001,2.5
167,87.4203653000108,85.11851547394309,0.0140471910025107,0.014047104943182356,146.9037260633817,146.89703001704902,2.8339990387410174,2.9292296837006124,8.949885649497386,8.203824878935032,2.8339990387410174,2.9292296837006124,40.95477386934673,45.819397993311036,-0.08723092079162598,-0.0756986141204834,0.001,2.5
168,88.13811161929439,85.10549444498426,0.01404914541491362,0.014045754344791274,146.89976335330624,146.8997153087603,2.8993836515512896,2.926958308969453,8.897281458230074,8.208034945969597,2.8993836515512896,2.926958308969453,40.95477386934673,45.819397993311036,-0.11243629455566406,-0.07182931900024414,0.001,2.5
169,88.26255098020212,85.10084694444535,0.014049180291930035,0.014046385784611655,146.9026490535768,146.90403155578818,2.8668649044867536,2.92686574514893,9.019725483266553,8.207382734802655,2.8668649044867536,2.92686574514893,40.95477386934673,45.819397993311036,-0.09127688407897949,-0.07286739349365234,0.001,2.5
170,87.83202805511117,85.11311294402566,0.014048329217537264,0.014044919309757625,146.90826400680157,146.90714215434915,2.8803427890317526,2.9264348916784177,8.893185572408552,8.211127765999988,2.8803427890317526,2.9264348916784177,40.95477386934673,45.819397993311036,-0.09903097152709961,-0.07397687435150146,0.001,2.5
171,87.69546158629247,85.1444522513195,0.01404785871711658,0.014045748999809541,146.9096559815271,146.90630741183176,2.8329798500342185,2.9290011016820188,9.007961813129572,8.209696302445836,2.8329798500342185,2.9290011016820188,40.95477386934673,45.819397993311036,-0.07893908023834229,-0.07586777210235596,0.001,2.5
172,89.15835885666124,85.10527758135844,0.014049042047467862,0.014044551113402364,146.90824430072726,146.9070942346069,2.9187050428821815,2.9271448320369657,9.043364943371746,8.207430314858223,2.9187050428821815,2.9271448320369657,40.95477386934673,45.819397993311036,-0.12609660625457764,-0.07547760009765625,0.001,2.5
173,87.61981870820574,85.09321272732024,0.014047034070756867,0.014047507364863536,146.91000102952097,146.90964908663645,2.874600376116371,2.929042318592901,8.867971321246532,8.199324665260953,2.874600376116371,2.929042318592901,40.95477386934673,45.819397993311036,-0.11997020244598389,-0.07590889930725098,0.001,2.5
174,87.04980118590184,85.12986632892519,0.014048514544489596,0.014046367320129306,146.91286510678393,146.90850248304898,2.8262346397891913,2.928839955441529,8.89906386913766,8.207262533564233,2.8262346397891913,2.928839955441529,40.95477386934673,45.819397993311036,-0.08671128749847412,-0.0748140811920166,0.001,2.5
175,88.14572445152193,85.08385028647739,0.014047914967752081,0.014043530122218125,146.9096312658671,146.90722722592562,2.8672963266995684,2.926585224559873,8.995064180300663,8.204823686925065,2.8672963266995684,2.926585224559873,40.95477386934673,45.819397993311036,-0.09938919544219971,-0.07057428359985352,0.001,2.5
176,87.95517029115302,84.99488621332175,0.014047804430526506,0.014044191865842279,146.90981828187978,146.9090234762849,2.843465520309244,2.9254728822803817,9.028446013803658,8.190367617336005,2.843465520309244,2.9254728822803817,40.95477386934673,45.819397993311036,-0.09864258766174316,-0.0737605094909668,0.001,2.5
177,88.19561650006216,85.09289111899692,0.01404647064087928,0.014044962736176806,146.91397490892777,146.91502482436573,2.8606064782869476,2.9282074564675424,9.025111596188953,8.201764058907296,2.8606064782869476,2.9282074564675424,40.95477386934673,45.819397993311036,-0.10966074466705322,-0.07470834255218506,0.001,2.5
178,88.04465068005636,85.087550746956,0.014048227856257053,0.01404469462429301,146.91828080118202,146.9169693758655,2.8914195828302023,2.928422718143782,8.902478165362947,8.200049582133724,2.8914195828302023,2.928422718143782,40.95477386934673,45.819397993311036,-0.11084842681884766,-0.07348251342773438,0.001,2.5
179,87.86293282820351,85.0729773530992,0.01404728676025542,0.014047141940672461,146.9184025903443,146.9164308784,2.8507907945706417,2.92902393484594,8.988021043876508,8.195331091864851,2.8507907945706417,2.92902393484594,40.95477386934673,45.819397993311036,-0.09641098976135254,-0.07563018798828125,0.001,2.5
180,87.253686595003,85.12538736400796,0.014048529203850121,0.014046985556349707,146.91852435394748,146.9145256221095,2.839996822715005,2.9292102553772685,8.898553063921394,8.205254666382652,2.839996822715005,2.9292102553772685,40.95477386934673,45.819397993311036,-0.08762192726135254,-0.07416367530822754,0.001,2.5
181,87.92963346804007,85.08528951179224,0.014048213140736373,0.014043522581308582,146.915471215943,146.91376926587975,2.86948949807453,2.9271096672900145,8.945265514367389,8.203537867619442,2.86948949807453,2.9271096672900145,40.95477386934673,45.819397993311036,-0.08775591850280762,-0.07472538948059082,0.001,2.5
182,87.87058760293165,85.11116961731162,0.014047461262337826,0.0140434374727533,146.91669687753546,146.91680586696867,2.8530119727404673,2.9282075537487016,8.982888779248825,8.205419023698788,2.8530119727404673,2.9282075537487016,40.95477386934673,45.819397993311036,-0.08868598937988281,-0.07433998584747314,0.001,2.5
183,88.0281430856267,85.17006935961669,0.014047410864838503,0.014047088967418192,146.9190184115565,146.91596428606422,2.8669126704709615,2.9273750526849245,8.972697619018044,8.219696123065757,2.8669126704709615,2.9273750526849245,40.95477386934673,45.819397993311036,-0.10839009284973145,-0.07536470890045166,0.001,2.5
184,88.18857207689652,85.05781394422652,0.014048450847953508,0.014043016234618365,146.91755344001092,146.91386729977202,2.857898720145425,2.930204103622947,9.031824286059917,8.188759063797253,2.857898720145425,2.930204103622947,40.95477386934673,45.819397993311036,-0.09314250946044922,-0.07671141624450684,0.001,2.5
185,87.29030324146775,85.07907043252901,0.01404821039044877,0.014044590833219996,146.91631765701064,146.9148853518891,2.8590829372406006,2.9313836313011654,8.848618949877357,8.189472078878346,2.8590829372406006,2.9313836313011654,40.95477386934673,45.819397993311036,-0.09153246879577637,-0.07754337787628174,0.001,2.5
186,88.28699982865172,85.09730478752417,0.014046464082621151,0.01404592181465598,146.9163125451885,146.9137255818549,2.8690814424799114,2.92779427228564,9.017962941372614,8.203885724313283,2.8690814424799114,2.92779427228564,40.95477386934673,45.819397993311036,-0.09521007537841797,-0.07409727573394775,0.001,2.5
187,87.03434855654412,84.99175203763522,0.014047603597131307,0.014045195887643957,146.91605662181348,146.9150029823533,2.835142207505116,2.927460623425385,8.869250373424997,8.18377633716749,2.835142207505116,2.927460623425385,40.95477386934673,45.819397993311036,-0.09162700176239014,-0.07452201843261719,0.001,2.5
188,87.46954123338863,85.15602173055693,0.01404690166695084,0.01404589206217025,146.91706735684446,146.9142007987236,2.85851995070376,2.9283672734646493,8.886155254677114,8.213910281458826,2.85851995070376,2.9283672734646493,40.95477386934673,45.819397993311036,-0.0953441858291626,-0.07634377479553223,0.001,2.5
189,87.52728054231935,85.14666589845383,0.01404793481880696,0.014042597930616758,146.91592747162736,146.91363408015326,2.8678603168308636,2.927883914481836,8.869682682618823,8.213490151242668,2.8678603168308636,2.927883914481836,40.95477386934673,45.819397993311036,-0.10649573802947998,-0.0722121000289917,0.001,2.5
190,88.04112100521324,85.24040671256076,0.014047289886504062,0.014046768713929382,146.91483862795423,146.91327654478144,2.8958185457903736,2.929329079529115,8.888576598622691,8.227901567184805,2.8958185457903736,2.929329079529115,40.95477386934673,45.819397993311036,-0.12318074703216553,-0.07479000091552734,0.001,2.5
191,87.98647069371924,85.18112269372844,0.014046704156364827,0.014049355551151926,146.91704961882164,146.916210621097,2.8772246558063195,2.9238476067482426,8.933427611787115,8.23248883314356,2.8772246558063195,2.9238476067482426,40.95477386934673,45.819397993311036,-0.1049644947052002,-0.07172679901123047,0.001,2.5
192,87.27132958902585,85.21921779160516,0.014047260355622425,0.014045092062308239,146.9183229992737,146.91647660373445,2.8460009165944364,2.929607782874219,8.88407011048079,8.222827897023995,2.8460009165944364,2.929607782874219,40.95477386934673,45.819397993311036,-0.07760334014892578,-0.07277882099151611,0.001,2.5
193,87.52190300767346,84.97766621057006,0.014048234689075944,0.014044351206101901,146.91827533153233,146.91611687395485,2.842622104401964,2.92663456046063,8.944321023758931,8.183437001346345,2.842622104401964,2.92663456046063,40.95477386934673,45.819397993311036,-0.06854379177093506,-0.0739973783493042,0.001,2.5
194,88.18087881014775,85.06552037267781,0.014046775813602922,0.014043254961561797,146.91813790019432,146.91610380957357,2.8734338646957425,2.9269624194971295,8.983681130848538,8.20002509598748,2.8734338646957425,2.9269624194971295,40.95477386934673,45.819397993311036,-0.09561216831207275,-0.07315957546234131,0.001,2.5
195,88.24164677145492,85.17201452350936,0.01404559252693176,0.014046169228752122,146.91794653913283,146.91590544531576,2.8742637442584016,2.928843581158182,8.99334565598761,8.215680460467386,2.8742637442584016,2.928843581158182,40.95477386934673,45.819397993311036,-0.09904778003692627,-0.07437300682067871,0.001,2.5
196,87.89984399230038,85.013171652089,0.014047487300369808,0.014044032267054985,146.91807745289762,146.91620194553133,2.856398340845028,2.924638469881039,8.978580462872683,8.196526777784163,2.856398340845028,2.924638469881039,40.95477386934673,45.819397993311036,-0.0907665491104126,-0.07303130626678467,0.001,2.5
197,87.52072567835924,85.14393758614327,0.014048284451653511,0.014047166721951403,146.9182949353702,146.91649186252351,2.8449072318660154,2.9292259686766657,8.937230079817013,8.20891631805777,2.8449072318660154,2.9292259686766657,40.95477386934673,45.819397993311036,-0.08608388900756836,-0.07444953918457031,0.001,2.5
198,87.85934726836494,85.16637540581235,0.014046248577385392,0.014046255620601385,146.9187857980904,146.9168711378423,2.8610082371550387,2.929000703786129,8.956651657270626,8.214080102467618,2.8610082371550387,2.929000703786129,40.95477386934673,45.819397993311036,-0.09931671619415283,-0.07521700859069824,0.001,2.5
199,88.21904180836637,85.08459115427074,0.014048135475921672,0.014045130663915821,146.91866837953603,146.91650707027983,2.890829912182474,2.93012108292468,8.939125202408986,8.19436266111291,2.890829912182474,2.93012108292468,40.95477386934673,45.819397993311036,-0.10694468021392822,-0.07491552829742432,0.001,2.5
200,88.61542461146063,85.08250269044602,0.014046071477895805,0.014044213488722925,146.91847778524786,146.91632835362668,2.883922366440995,2.929178606307626,9.03912478276034,8.196772419090653,2.883922366440995,2.929178606307626,40.95477386934673,45.819397993311036,-0.11132144927978516,-0.07401382923126221,0.001,2.5
201,87.88737581083723,85.1784665417113,0.014046960109392402,0.014043795119310701,146.91789498640665,146.91566793894688,2.8705547618706224,2.9283161083591422,8.933617642976131,8.218553104528217,2.8705547618706224,2.9283161083591422,40.95477386934673,45.819397993311036,-0.09833395481109619,-0.07443225383758545,0.001,2.5
202,87.71028130817254,85.0772000060831,0.014048444185175089,0.014046534852289835,146.91808251360155,146.91645261834697,2.8734560871443757,2.9272456496056902,8.889494916701835,8.20151076587945,2.8734560871443757,2.9272456496056902,40.95477386934673,45.819397993311036,-0.10270881652832031,-0.07481503486633301,0.001,2.5
203,87.19580305601085,85.14492147184136,0.01404716223759118,0.014046088004341492,146.91857779804786,146.91694528841253,2.8163537324173764,2.926225911813436,8.95790615113736,8.218113599413613,2.8163537324173764,2.926225911813436,40.95477386934673,45.819397993311036,-0.076011061668396,-0.07495725154876709,0.001,2.5
204,87.8552677787129,85.07858699938924,0.014045338310188983,0.01404596143480029,146.91898045627715,146.9169365618141,2.8832536885886135,2.928631896558015,8.889099614704074,8.197629289084853,2.8832536885886135,2.928631896558015,40.95477386934673,45.819397993311036,-0.10096359252929688,-0.07446491718292236,0.001,2.5
205,87.60003148371251,85.11480416900737,0.01404784245095161,0.014043669826833898,146.91910776620733,146.91728981043582,2.8543407222134385,2.929701540382411,8.92479085842369,8.201664419078508,2.8543407222134385,2.929701540382411,40.95477386934673,45.819397993311036,-0.08521080017089844,-0.07649517059326172,0.001,2.5
206,88.22465696606405,85.0772685685684,0.014047381031316029,0.01404410574186506,146.91913089720248,146.9168035704954,2.8878871611814003,2.9268932860830557,8.94907644805397,8.20258159701242,2.8878871611814003,2.9268932860830557,40.95477386934673,45.819397993311036,-0.10867094993591309,-0.0746527910232544,0.001,2.5
207,87.50040319497062,85.09038275779291,0.014046598581512968,0.01404537017578664,146.91861457760808,146.9163523900469,2.862563220699828,2.926595710990421,8.880198018634738,8.20609742422965,2.862563220699828,2.926595710990421,40.95477386934673,45.819397993311036,-0.0986407995223999,-0.07343423366546631,0.001,2.5
208,87.59195405075099,85.06171899495715,0.014046627248152217,0.014042954181747691,146.91832517179813,146.9163523900469,2.8269760800366424,2.927140260619862,9.005269800598297,8.198730854685092,2.8269760800366424,2.927140260619862,40.95477386934673,45.819397993311036,-0.08114767074584961,-0.07221865653991699,0.001,2.5
209,88.38346461514931,85.12710913208416,0.014048131329430207,0.014043779028299262,146.918419612712,146.91666624139384,2.8709961948682317,2.930775256459928,9.031511650213245,8.20090363575862,2.8709961948682317,2.930775256459928,40.95477386934673,45.819397993311036,-0.10387098789215088,-0.07536613941192627,0.001,2.5
210,87.19190300409518,85.0838489341098,0.01404687506887731,0.014043674355740332,146.91864678208754,146.91651145909543,2.850438890744693,2.924991134018404,8.85487054859973,8.209604542390958,2.850438890744693,2.924991134018404,40.95477386934673,45.819397993311036,-0.09224355220794678,-0.07275664806365967,0.001,2.5
211,86.96625484294029,85.18562681778617,0.014048028551666081,0.014046037591445605,146.91806365097787,146.91578123162822,2.8217601680276383,2.9266575483175425,8.895777416388993,8.224959936429027,2.8217601680276383,2.9266575483175425,40.95477386934673,45.819397993311036,-0.0753258466720581,-0.07400739192962646,0.001,2.5
212,87.59354876034224,85.18738132336466,0.014047213652213314,0.01404588220385604,146.9176569799682,146.9153627121329,2.857207279109476,2.9285850732222847,8.914894965026447,8.219528743654589,2.857207279109476,2.9285850732222847,40.95477386934673,45.819397993311036,-0.09281229972839355,-0.07238590717315674,0.001,2.5
213,87.39308576727632,85.21072397901861,0.014046526348633282,0.014047510803593042,146.9166979510181,146.9137061383812,2.855524832679199,2.930324344730696,8.879850189490135,8.218979326777633,2.855524832679199,2.930324344730696,40.95477386934673,45.819397993311036,-0.10292410850524902,-0.07395517826080322,0.001,2.5
214,88.67515896233283,85.15782946328255,0.014047824350221573,0.01404550113095388,146.9155227942283,146.91334855197664,2.891553723832071,2.9264376251195188,9.028177756560307,8.220061428172134,2.891553723832071,2.9264376251195188,40.95477386934673,45.819397993311036,-0.10651791095733643,-0.07270932197570801,0.001,2.5
215,87.35306267922049,85.11545121310945,0.014046830128273074,0.014043894434428734,146.9156102830641,146.91456706069386,2.849879986876419,2.929659262947414,8.888780272785743,8.201921448659737,2.849879986876419,2.929659262947414,40.95477386934673,45.819397993311036,-0.09227180480957031,-0.0720372200012207,0.001,2.5
216,87.50276573858469,85.12849150692739,0.014047028847862427,0.01404753669685245,146.91716092874856,146.9156177737641,2.8501779426082696,2.9302238134237437,8.917826761951797,8.202835065465308,2.8501779426082696,2.9302238134237437,40.95477386934673,45.819397993311036,-0.1018226146697998,-0.07451319694519043,0.001,2.5
217,87.99359961530472,85.06026366881304,0.014047942576708406,0.014043602939807252,146.91825874366953,146.91637851880944,2.8508769068086965,2.9259120054468264,9.013895905397245,8.20212507885834,2.8508769068086965,2.9259120054468264,40.95477386934673,45.819397993311036,-0.10101425647735596,-0.0744481086730957,0.001,2.5
218,87.11164726883523,85.07402982679896,0.014047470113802295,0.014046248930029846,146.9183848778806,146.91634146904067,2.837127970291342,2.9252678239624634,8.87875255028806,8.206809960878813,2.837127970291342,2.9252678239624634,40.95477386934673,45.819397993311036,-0.0711064338684082,-0.07216501235961914,0.001,2.5
219,87.77156989578425,85.1317796483885,0.014046502330806886,0.014047523994733857,146.91796031549347,146.91628262829224,2.8640386746756397,2.930893807108187,8.930004709330037,8.201482889245584,2.8640386746756397,2.930893807108187,40.95477386934673,45.819397993311036,-0.10347640514373779,-0.07617533206939697,0.001,2.5
220,87.65943328499594,85.18165113774431,0.014046419251217215,0.014046283697329437,146.91855182999143,146.9171589114594,2.865833052039346,2.929553950510695,8.902194603004647,8.215474824044218,2.865833052039346,2.929553950510695,40.95477386934673,45.819397993311036,-0.08455502986907959,-0.07608723640441895,0.001,2.5
221,88.42323331337678,85.14373595579013,0.014047488412652883,0.014045899001925087,146.92013907632236,146.91906850553278,2.8591190099316823,2.9303087191438197,9.075096392351979,8.205628251550987,2.8591190099316823,2.9303087191438197,40.95477386934673,45.819397993311036,-0.101249098777771,-0.07558214664459229,0.001,2.5
222,88.09910473591918,85.08512495672424,0.014047620148777064,0.01404374571872196,146.9212337219136,146.9192777907968,2.866193529349476,2.9265636074104435,8.989046449836973,8.205141834590746,2.866193529349476,2.9265636074104435,40.95477386934673,45.819397993311036,-0.10192596912384033,-0.07329380512237549,0.001,2.5
223,87.72105755318749,85.01268709622897,0.014046684253829808,0.014045191458410843,146.92145174112753,146.9194652340484,2.8551624284517425,2.928332465149487,8.946530714306599,8.185347770767468,2.8551624284517425,2.928332465149487,40.95477386934673,45.819397993311036,-0.09585928916931152,-0.07399821281433105,0.001,2.5
224,87.7145817307771,85.11185794689982,0.014046096068243785,0.014044022140868731,146.9216968529987,146.91987946679362,2.8593253729930477,2.92933052598832,8.932746435130262,8.202187356342838,2.8593253729930477,2.92933052598832,40.95477386934673,45.819397993311036,-0.09417068958282471,-0.0754936933517456,0.001,2.5
225,86.70881843247406,85.01142276011183,0.014049434605393079,0.014044661243075511,146.9220278179226,146.92010620525448,2.825353670359856,2.9267665223533093,8.833508275861117,8.189792012689903,2.825353670359856,2.9267665223533093,40.95477386934673,45.819397993311036,-0.06406676769256592,-0.07354927062988281,0.001,2.5
226,87.24187889929792,85.17169674264149,0.014046644718640514,0.014043864560466147,146.9221534409515,146.9201607082201,2.843806397375749,2.9291015875379376,8.884763033945157,8.214841606624947,2.843806397375749,2.9291015875379376,40.95477386934673,45.819397993311036,-0.08236944675445557,-0.07516741752624512,0.001,2.5
227,87.81640642891378,85.1779595824787,0.014046415224846084,0.014045643411501992,146.9224556518759,146.92073829676394,2.864813347757362,2.927038073141041,8.93664744711002,8.222284698167373,2.864813347757362,2.927038073141041,40.95477386934673,45.819397993311036,-0.09987568855285645,-0.0740511417388916,0.001,2.5
228,87.51343751073483,85.09215252216046,0.01404752442223243,0.014045254579654904,146.92311806734682,146.9213441574454,2.844652062884128,2.9283397349226834,8.936536891176873,8.201218550819219,2.844652062884128,2.9283397349226834,40.95477386934673,45.819397993311036,-0.09718585014343262,-0.07502448558807373,0.001,2.5
229,86.88332511352334,85.13793233405787,0.014048214256139457,0.014046408052254083,146.92347062971925,146.9213201720579,2.8305735975454,2.9283239801591856,8.852749620849762,8.210421463318891,2.8305735975454,2.9283239801591856,40.95477386934673,45.819397993311036,-0.07854843139648438,-0.07603132724761963,0.001,2.5
230,88.43063134683835,85.04475489587688,0.014048733851455863,0.014044889071364466,146.92346735815306,146.9213659484251,2.892962159822934,2.929978066064841,8.975045723332032,8.186823588151197,2.892962159822934,2.929978066064841,40.95477386934673,45.819397993311036,-0.10493123531341553,-0.07744002342224121,0.001,2.5
231,87.80277478395395,85.08402749766474,0.014046625660067827,0.014045896544354815,146.92313900025846,146.9208145396765,2.8806504160914588,2.926863547551592,8.886409909681259,8.204021339033758,2.8806504160914588,2.926863547551592,40.95477386934673,45.819397993311036,-0.1065971851348877,-0.07265591621398926,0.001,2.5
232,87.7026658689157,85.08142903815943,0.014046304048018739,0.014044484020799499,146.92308964561576,146.92121121715942,2.8734691382652553,2.928557685386377,8.887931967500466,8.198419280674146,2.8734691382652553,2.928557685386377,40.95477386934673,45.819397993311036,-0.10496938228607178,-0.07400143146514893,0.001,2.5
233,87.79177212355724,85.12219942533054,0.014045943660502458,0.01404361391321672,146.92345670000392,146.9214444367782,2.832828938661508,2.9287606792705114,9.027673464124925,8.205965158532694,2.832828938661508,2.9287606792705114,40.95477386934673,45.819397993311036,-0.07364380359649658,-0.07551848888397217,0.001,2.5
234,87.43249148779378,85.14017244166753,0.014047340608484282,0.014042006951934319,146.92374477674014,146.92195017122503,2.8622199866040865,2.9279368099161616,8.867643976131676,8.21203130383954,2.8622199866040865,2.9279368099161616,40.95477386934673,45.819397993311036,-0.09099900722503662,-0.07537245750427246,0.001,2.5
235,87.82885388193817,85.18728234536671,0.014047423981354763,0.014045388007966371,146.924485709799,146.92272408271714,2.8535281421750835,2.92983273917616,8.972991954541486,8.215764570395683,2.8535281421750835,2.92983273917616,40.95477386934673,45.819397993311036,-0.07958436012268066,-0.07398998737335205,0.001,2.5
236,87.89566332690879,85.2595976252221,0.014046228266129243,0.014046829900888097,146.92481373542518,146.92278516890613,2.85274684169584,2.927718011033176,8.988698096730602,8.236570701152585,2.85274684169584,2.927718011033176,40.95477386934673,45.819397993311036,-0.08276247978210449,-0.07435917854309082,0.001,2.5
237,87.82090539468992,85.10288812643708,0.01404592808853941,0.014044978241607498,146.92486638719313,146.9228287508655,2.8508753556901687,2.9266440589292393,8.979360857600943,8.208451781384522,2.8508753556901687,2.9266440589292393,40.95477386934673,45.819397993311036,-0.08532679080963135,-0.07619965076446533,0.001,2.5
238,87.88038426947155,85.09660824166492,0.014046465177744178,0.014042287881183984,146.9248937098824,146.9229181091921,2.878860351827676,2.9275910128717837,8.907301302131895,8.204355313227726,2.878860351827676,2.9275910128717837,40.95477386934673,45.819397993311036,-0.11594796180725098,-0.07595765590667725,0.001,2.5
239,87.84803102323957,85.06787055790623,0.014045672500552844,0.014042033396511772,146.92511236807408,146.92329968098414,2.859938283262141,2.927727626717609,8.957597547240393,8.198198093618437,2.859938283262141,2.927727626717609,40.95477386934673,45.819397993311036,-0.09906113147735596,-0.07201564311981201,0.001,2.5
240,87.5774582650394,85.06262982728887,0.014045611510624239,0.01404266958327397,146.92554495602198,146.92367456748732,2.8525708488483525,2.929001517917799,8.92558497040715,8.193328579931356,2.8525708488483525,2.929001517917799,40.95477386934673,45.819397993311036,-0.08989262580871582,-0.0737994909286499,0.001,2.5
241,87.37646070317408,85.06369189514365,0.01404798498386564,0.014045552029757196,146.92583346726306,146.92387951496852,2.8281646074362135,2.9278909952744194,8.958603654474869,8.19687126153289,2.8281646074362135,2.9278909952744194,40.95477386934673,45.819397993311036,-0.08426618576049805,-0.07530415058135986,0.001,2.5
242,88.05230163369745,85.11010290547758,0.014045770370543402,0.01404472708976189,146.92601069413638,146.9239644844795,2.8752885272155453,2.9298420135791483,8.952400137231978,8.200301143237978,2.8752885272155453,2.9298420135791483,40.95477386934673,45.819397993311036,-0.10251259803771973,-0.07574701309204102,0.001,2.5
243,87.61597092467137,85.12435545650214,0.014046338329113508,0.014044373252594153,146.9260079081933,146.9238991115404,2.8721767314514723,2.9296511591078844,8.87446957736758,8.203723687392015,2.8721767314514723,2.9296511591078844,40.95477386934673,45.819397993311036,-0.09710478782653809,-0.07443034648895264,0.001,2.5
244,87.70395091710178,85.11928744619108,0.014046792890970132,0.014044160026446434,146.92608829159633,146.92414544657322,2.861726922605505,2.929525968621806,8.923414890091223,8.203085518202256,2.861726922605505,2.929525968621806,40.95477386934673,45.819397993311036,-0.10171723365783691,-0.07566380500793457,0.001,2.5
245,88.3188685124843,85.0953096625797,0.014047322201993397,0.014045199466539067,146.92628425329775,146.92428497008257,2.897422358019268,2.926432836813273,8.939311659316122,8.207569267438805,2.897422358019268,2.926432836813273,40.95477386934673,45.819397993311036,-0.10649287700653076,-0.07229781150817871,0.001,2.5
246,87.3127696869561,85.10520082811847,0.014047103047907553,0.014043807242078127,146.92674825339262,146.92488001182326,2.7972713758797703,2.929729461669922,9.03854530181118,8.199658546958082,2.7972713758797703,2.929729461669922,40.95477386934673,45.819397993311036,-0.0673830509185791,-0.07372820377349854,0.001,2.5
247,87.57795556865545,85.07442877523876,0.014045743001827742,0.014046190225559732,146.92742753787655,146.92610505273112,2.867049351010091,2.928076042379424,8.8822484072329,8.198463060385407,2.867049351010091,2.928076042379424,40.95477386934673,45.819397993311036,-0.10248219966888428,-0.07173073291778564,0.001,2.5
248,87.28673078067338,85.12221136699154,0.014046875416758272,0.014044893749780879,146.92858035600366,146.92657154300142,2.8438707632036064,2.9280555455581,8.893538014972629,8.208081607435858,2.8438707632036064,2.9280555455581,40.95477386934673,45.819397993311036,-0.08595657348632812,-0.075935959815979,0.001,2.5
249,87.29188581048145,85.24145214374249,0.014045610760262164,0.014052167995817287,146.92875730172673,146.92675020862183,2.8380264984303385,2.9308860501318073,8.91210278793795,8.223436157838956,2.8380264984303385,2.9308860501318073,40.95477386934673,45.819397993311036,-0.08849072456359863,-0.0773935317993164,0.001,2.5
250,87.84219582715825,85.14642752452838,0.014047697562431072,0.014044824900435763,146.92878858607818,146.92653229882487,2.873870922293096,2.9263060332141992,8.914630837176912,8.21817340978412,2.873870922293096,2.9263060332141992,40.95477386934673,45.819397993311036,-0.09740281105041504,-0.07397150993347168,0.001,2.5
251,87.57016801434746,85.1270794820626,0.014046990214355628,0.014047185553979116,146.92862983844188,146.92648652245768,2.8508910350064736,2.9269984924673635,8.92916574749715,8.212225075150812,2.8508910350064736,2.9269984924673635,40.95477386934673,45.819397993311036,-0.10046792030334473,-0.07411694526672363,0.001,2.5
252,87.40035964735789,85.07505303322272,0.014048160752671547,0.014044273569930757,146.92865897582803,146.9269224441171,2.814551673342834,2.928263570951379,9.00422160150218,8.198025291978714,2.814551673342834,2.928263570951379,40.95477386934673,45.819397993311036,-0.07139301300048828,-0.07704520225524902,0.001,2.5
253,87.75292409005476,85.17902259443915,0.014047346889061644,0.014047768502729792,146.9291905542115,146.9273104460343,2.8386362900885707,2.929633724250921,9.002480594756415,8.21470913998658,2.8386362900885707,2.929633724250921,40.95477386934673,45.819397993311036,-0.07796633243560791,-0.07574641704559326,0.001,2.5
254,87.40147264439057,85.13207438797457,0.014047542510482434,0.014043683014859922,146.92953690572,146.92762868619684,2.858790404832543,2.928577829762845,8.87172818623196,8.208487317713606,2.858790404832543,2.928577829762845,40.95477386934673,45.819397993311036,-0.09961199760437012,-0.07622849941253662,0.001,2.5
255,88.25329922112189,85.14922672131388,0.01404723439247065,0.01404605034963044,146.92990817736143,146.9278533323154,2.8955412929381557,2.9284457115824005,8.931840441334787,8.21231300775024,2.8955412929381557,2.9284457115824005,40.95477386934673,45.819397993311036,-0.13414812088012695,-0.07285988330841064,0.001,2.5
256,87.77902810817189,85.14838177224864,0.014046230925936595,0.014042947799540483,146.929763487236,146.92736275459214,2.855668713299673,2.9285545827553023,8.956604125312026,8.211818604166293,2.855668713299673,2.9285545827553023,40.95477386934673,45.819397993311036,-0.09809446334838867,-0.0743333101272583,0.001,2.5
257,87.46109388341856,85.13842855089882,0.014046064763637244,0.01404096854906716,146.92940637534187,146.92731478381714,2.8501749062657957,2.928296396166186,8.90949882973778,8.210602540236254,2.8501749062657957,2.928296396166186,40.95477386934673,45.819397993311036,-0.09394752979278564,-0.07346320152282715,0.001,2.5
258,88.5265079415224,85.12840674154735,0.014048198205255085,0.014044880736183164,146.9297230016047,146.92782500914507,2.873021429307896,2.9304803542070164,9.054041370474913,8.202045726138214,2.873021429307896,2.9304803542070164,40.95477386934673,45.819397993311036,-0.09639191627502441,-0.07691025733947754,0.001,2.5
259,87.86954486789416,84.98148164781041,0.014048454543603725,0.014041954853936382,146.93011594737195,146.92847021606855,2.8638748519584363,2.926403541628732,8.95008904251022,8.184891029345152,2.8638748519584363,2.926403541628732,40.95477386934673,45.819397993311036,-0.09512948989868164,-0.07390022277832031,0.001,2.5
260,87.45609338399353,85.05586303915068,0.01404724678514491,0.014047151415867352,146.9310132510698,146.9295687978483,2.851013144456362,2.925499658520804,8.90598363093595,8.202478510878954,2.851013144456362,2.925499658520804,40.95477386934673,45.819397993311036,-0.07819020748138428,-0.07457876205444336,0.001,2.5
261,87.78919319651234,85.06379168966542,0.014047905422085694,0.014043957608624246,146.9318356154552,146.92985437705764,2.8568475374224995,2.9294227325796682,8.955100492416713,8.192295374280235,2.8568475374224995,2.9294227325796682,40.95477386934673,45.819397993311036,-0.08722174167633057,-0.07578456401824951,0.001,2.5
262,87.79425824547134,85.0266135225328,0.014046141617249704,0.014044978113901057,146.93203962827647,146.93054092049996,2.845769031163636,2.928538606318343,8.98934881731094,8.187511970366922,2.845769031163636,2.928538606318343,40.95477386934673,45.819397993311036,-0.08229684829711914,-0.07628023624420166,0.001,2.5
263,87.62534768058228,85.12765834642494,0.01404605771553776,0.014048506969891265,146.93298518757524,146.93146078562657,2.847553985202732,2.9303203952751034,8.950212157551368,8.202373721527813,2.847553985202732,2.9303203952751034,40.95477386934673,45.819397993311036,-0.10069501399993896,-0.07480049133300781,0.001,2.5
264,87.50585482547831,85.16078806082939,0.014046755817467643,0.014046334300227588,146.93346140492503,146.93109232924854,2.8287351774410587,2.9276327273518743,8.982769232898502,8.217063458866898,2.8287351774410587,2.9276327273518743,40.95477386934673,45.819397993311036,-0.08810138702392578,-0.07447421550750732,0.001,2.5
265,87.88672751677495,85.09851763160731,0.014046996033171713,0.014045927405706217,146.9332249064741,146.93122312615947,2.850461775733398,2.9265950890289103,8.993764024284017,8.207722513970722,2.850461775733398,2.9265950890289103,40.95477386934673,45.819397993311036,-0.08208596706390381,-0.07334399223327637,0.001,2.5
266,87.37795483766489,85.16954510028546,0.014046149877472538,0.014043807849462416,146.93341396721564,146.9315566761438,2.861766519258969,2.9309154545583054,8.858095362358156,8.208968066850234,2.861766519258969,2.9309154545583054,40.95477386934673,45.819397993311036,-0.09153664112091064,-0.07359826564788818,0.001,2.5
267,88.18265146226739,85.11785426825584,0.01404735289975826,0.014046229415862855,146.9338743379168,146.9322519972173,2.861862841563009,2.92949271760258,9.01874562843361,8.202897472126429,2.861862841563009,2.92949271760258,40.95477386934673,45.819397993311036,-0.1015239953994751,-0.07550239562988281,0.001,2.5
268,87.15573959733973,85.19008848260478,0.014046605805892941,0.01404514662722082,146.93443479809528,146.93260948155637,2.823945600183765,2.9289341467280052,8.927114716726331,8.219020176890702,2.823945600183765,2.9289341467280052,40.95477386934673,45.819397993311036,-0.07481253147125244,-0.07479524612426758,0.001,2.5
269,87.46177704010776,85.16797267952093,0.014047077318756424,0.014045728965472418,146.9347741975257,146.93274681065793,2.8414351960123083,2.9287084432748647,8.935853565158556,8.215273115547205,2.8414351960123083,2.9287084432748647,40.95477386934673,45.819397993311036,-0.08017122745513916,-0.07458174228668213,0.001,2.5
270,88.19383142621473,85.13162706049788,0.014047072886784173,0.014042408370652725,146.93482222309464,146.93317844556725,2.869421678571845,2.931459516187177,8.998304689749201,8.199751641838048,2.869421678571845,2.931459516187177,40.95477386934673,45.819397993311036,-0.09897351264953613,-0.07609331607818604,0.001,2.5
271,88.23682811232268,85.11432930936782,0.014047257716095128,0.014043041847546563,146.93520509857228,146.93308689283288,2.8555306202203186,2.9298214569538334,9.048577025907123,8.201205736817325,2.8555306202203186,2.9298214569538334,40.95477386934673,45.819397993311036,-0.09457194805145264,-0.07383131980895996,0.001,2.5
272,88.01017961869488,85.05107928119774,0.014046833112561323,0.01404692137607663,146.93513982060367,146.93317844556725,2.8758874874019145,2.927412010754231,8.942176941850876,8.19578356089002,2.8758874874019145,2.927412010754231,40.95477386934673,45.819397993311036,-0.09831953048706055,-0.07400977611541748,0.001,2.5
273,87.6931628382186,85.11346491682889,0.014046791393365992,0.014046067456063818,146.93532463853285,146.93338114760792,2.867297716076849,2.928009831387064,8.904543127446518,8.206467668348331,2.867297716076849,2.928009831387064,40.95477386934673,45.819397993311036,-0.09285354614257812,-0.07419133186340332,0.001,2.5
274,87.20600492391155,85.14883570846507,0.014047151220840725,0.014048064077727771,146.93565202518124,146.93418103476432,2.8178418788877964,2.9298033020568135,8.955478775241666,8.208161346091076,2.8178418788877964,2.9298033020568135,40.95477386934673,45.819397993311036,-0.08352231979370117,-0.07606804370880127,0.001,2.5
275,87.91865043704034,85.14146423339844,0.014046821517049267,0.014047344567185661,146.93663091356032,146.93511406633766,2.8479222684250005,2.929625146763779,9.007766507977816,8.207221468156796,2.8479222684250005,2.929625146763779,40.95477386934673,45.819397993311036,-0.09687745571136475,-0.07470941543579102,0.001,2.5
276,87.70742427244458,85.17918110212753,0.014046120287310738,0.014047427856702868,146.93715479865145,146.93510753414702,2.863151577449524,2.9294121791686503,8.919833641755122,8.215403241058656,2.863151577449524,2.9294121791686503,40.95477386934673,45.819397993311036,-0.09569108486175537,-0.07574164867401123,0.001,2.5
277,87.33935613328688,84.99652770689897,0.014045781895855263,0.014045242322951455,146.93717683060484,146.93486778233762,2.834247280804556,2.9247032918260247,8.932932805775398,8.1930005462672,2.834247280804556,2.9247032918260247,40.95477386934673,45.819397993311036,-0.08547794818878174,-0.0741351842880249,0.001,2.5
278,87.8478357644137,85.06024986445705,0.014047478010544127,0.014043530766979907,146.93669021069704,146.93453642676107,2.851216643299889,2.9308733039077706,8.983720335329398,8.187234942330964,2.851216643299889,2.9308733039077706,40.95477386934673,45.819397993311036,-0.09608173370361328,-0.07246243953704834,0.001,2.5
279,87.34720354703204,85.0026195870594,0.014046065935200483,0.014045099391411978,146.93651699660413,146.93427268956418,2.8418869049704854,2.9286491193101556,8.91158366882222,8.182380668295666,2.8418869049704854,2.9286491193101556,40.95477386934673,45.819397993311036,-0.07693123817443848,-0.07445240020751953,0.001,2.5
280,87.81161309886019,85.03610357074035,0.014047445069493061,0.01404361016300809,146.93635656206652,146.93440782425793,2.8413207858451446,2.928201362042124,9.006163079534943,8.190420482469642,2.8413207858451446,2.928201362042124,40.95477386934673,45.819397993311036,-0.08237326145172119,-0.07389116287231445,0.001,2.5
281,87.36721165335958,85.06356954415108,0.014046638682983828,0.014043736218608742,146.9366461979085,146.93465196488293,2.8662196851056225,2.92572578857575,8.842586688260537,8.203341198605438,2.8662196851056225,2.92572578857575,40.95477386934673,45.819397993311036,-0.08087217807769775,-0.07356977462768555,0.001,2.5
282,87.90337555851768,85.22890786263456,0.01404505520216634,0.014043854462313014,146.93670748865586,146.9349331552767,2.8659244498216125,2.93281227290431,8.950705422827946,8.215149142670391,2.8659244498216125,2.93281227290431,40.95477386934673,45.819397993311036,-0.08914041519165039,-0.07572126388549805,0.001,2.5
283,87.88948925535882,84.9261120442164,0.014046672229316565,0.014040880727528729,146.93724566128984,146.93558275101574,2.860840277056798,2.9259832016999106,8.963180253653471,8.175077841832088,2.860840277056798,2.9259832016999106,40.95477386934673,45.819397993311036,-0.09998536109924316,-0.07362377643585205,0.001,2.5
284,86.87330471530831,85.11603803857912,0.014046156217330066,0.014046404654016862,146.93794684993162,146.93629118750326,2.8270013032846117,2.92833012163041,8.861460184132433,8.206019862439721,2.8270013032846117,2.92833012163041,40.95477386934673,45.819397993311036,-0.07684576511383057,-0.0747302770614624,0.001,2.5
285,87.9315286249771,85.0766410700055,0.014045581441541114,0.014044625432320861,146.93836354011268,146.93642851660482,2.875071308720651,2.930747902911642,8.928894693128628,8.190888194336141,2.875071308720651,2.930747902911642,40.95477386934673,45.819397993311036,-0.11254525184631348,-0.07521915435791016,0.001,2.5
286,87.10494062209648,85.14191870545862,0.014046053578406322,0.014042323719971755,146.93880877982033,146.9368884746845,2.8525227410110396,2.9275611722748414,8.831223080505678,8.213504650919733,2.8525227410110396,2.9275611722748414,40.95477386934673,45.819397993311036,-0.10162591934204102,-0.07416820526123047,0.001,2.5
287,87.25455661435024,85.10949222220226,0.014047669276432875,0.014044716290780733,146.93886823031173,146.9369952351752,2.8380570295867407,2.9275873385145514,8.90454311706313,8.206940416508296,2.8380570295867407,2.9275873385145514,40.95477386934673,45.819397993311036,-0.07792878150939941,-0.07469367980957031,0.001,2.5
288,87.91020589857246,85.09433927504115,0.01404605281400421,0.014045052834627621,146.93919763612988,146.9377472536221,2.8474400822241703,2.927745703470747,9.007523868950567,8.203435299787234,2.8474400822241703,2.927745703470747,40.95477386934673,45.819397993311036,-0.09086024761199951,-0.07363581657409668,0.001,2.5
289,87.54106462181512,85.10410775787456,0.014045258540928463,0.014046190459169074,146.9401378024563,146.93830075471297,2.837440845355317,2.929360384127767,8.963693646729691,8.200543433926176,2.837440845355317,2.929360384127767,40.95477386934673,45.819397993311036,-0.07267177104949951,-0.07339894771575928,0.001,2.5
290,87.23182440522928,85.09068808667237,0.01404665716435492,0.014043933384892933,146.94035237119027,146.93835525767858,2.842937796958527,2.9291596261155246,8.88535414269222,8.198462821169441,2.842937796958527,2.9291596261155246,40.95477386934673,45.819397993311036,-0.08655726909637451,-0.07305967807769775,0.001,2.5
291,87.67251088511405,85.20783042269805,0.014048493423591208,0.014045299977736927,146.9402738024841,146.93810677927075,2.841151607296175,2.9308675053127633,8.9788492800203,8.216766582284883,2.841151607296175,2.9308675053127633,40.95477386934673,45.819397993311036,-0.08726060390472412,-0.07508683204650879,0.001,2.5
292,88.05342656683483,85.10913871841686,0.01404672293101673,0.014044682523329122,146.9400546331102,146.93799782437225,2.88337614468394,2.9273720911912693,8.928359686629456,8.207514619348839,2.88337614468394,2.9273720911912693,40.95477386934673,45.819397993311036,-0.11072587966918945,-0.07425999641418457,0.001,2.5
293,87.8956198125229,85.06118634074029,0.014045655407585591,0.014042493921508359,146.94007694621382,146.93829422252233,2.8609546932143783,2.9272588080785744,8.964062826517639,8.198264846036267,2.8609546932143783,2.9272588080785744,40.95477386934673,45.819397993311036,-0.0960233211517334,-0.07429325580596924,0.001,2.5
294,87.30304318017497,85.15526221029735,0.014046761775124114,0.01404622843158883,146.940493431922,146.93852310435827,2.8438269984183,2.92944010763264,8.896930281640696,8.210535854798895,2.8438269984183,2.92944010763264,40.95477386934673,45.819397993311036,-0.08601915836334229,-0.07550275325775146,0.001,2.5
295,88.40011379427247,85.0740969348512,0.014045320480899695,0.01404426423490147,146.94060985367102,146.93871054760987,2.885904872437418,2.9270721095860206,8.990110873377303,8.201406405522274,2.885904872437418,2.9270721095860206,40.95477386934673,45.819397993311036,-0.10243785381317139,-0.07522964477539062,0.001,2.5
296,86.89359481530373,85.11537645014631,0.014047272228815248,0.01404521365129828,146.94086513806826,146.93876066175991,2.8248207672956203,2.9293094542512925,8.87205918949453,8.202949866802,2.8248207672956203,2.9293094542512925,40.95477386934673,45.819397993311036,-0.08224081993103027,-0.07694697380065918,0.001,2.5
297,87.20628479617325,85.0527286593332,0.014047432865579324,0.014044669238744572,146.94047451818008,146.93801527756912,2.85078079217243,2.927215086576532,8.856716878050735,8.196704181939065,2.85078079217243,2.927215086576532,40.95477386934673,45.819397993311036,-0.09461772441864014,-0.07403647899627686,0.001,2.5
298,88.06391919517837,85.12198917044445,0.01404710692451827,0.0140431112918168,146.9394547607831,146.9369777309456,2.8961561441022146,2.9309780127228704,8.892118444394825,8.199268014135967,2.8961561441022146,2.9309780127228704,40.95477386934673,45.819397993311036,-0.10843193531036377,-0.0736234188079834,0.001,2.5
299,87.61207296860277,85.13168664122107,0.014045797477178337,0.014045767934625364,146.93868440918786,146.93626939652356,2.853029862520483,2.9283407515905373,8.931127942786544,8.209118264175977,2.853029862520483,2.9283407515905373,40.95477386934673,45.819397993311036,-0.09944415092468262,-0.07563018798828125,0.001,2.5
300,88.11117747960178,85.18083221537613,0.014047126558732546,0.014044688404054945,146.9381990927947,146.93604924128607,2.894204402089718,2.9295228173501515,8.90742483170987,8.215401930155164,2.894204402089718,2.9295228173501515,40.95477386934673,45.819397993311036,-0.10693562030792236,-0.07539176940917969,0.001,2.5
301,88.68790805120165,85.23625361720056,0.014045109998877823,0.014045522825474723,146.93821192346826,146.93650042173456,2.8820727442576857,2.9295013381485955,9.059166639094776,8.22655005758024,2.8820727442576857,2.9295013381485955,40.95477386934673,45.819397993311036,-0.11207330226898193,-0.07651472091674805,0.001,2.5
302,87.62953301051154,85.1425647544223,0.014046588126364066,0.01404406479793448,146.93858792354513,146.93659631225177,2.839141465910715,2.9282850828457834,8.976285129336256,8.211461390938647,2.839141465910715,2.9282850828457834,40.95477386934673,45.819397993311036,-0.08350062370300293,-0.0755460262298584,0.001,2.5
303,87.85974797132226,85.13087034703896,0.014045996156207581,0.014045723312126354,146.93873110568305,146.9369210335722,2.8314114211991406,2.9301252205634993,9.045518682630018,8.203601149810995,2.8314114211991406,2.9301252205634993,40.95477386934673,45.819397993311036,-0.07828938961029053,-0.07515537738800049,0.001,2.5
304,87.93566424243613,85.10953376285208,0.014047066167845599,0.014048855349944786,146.9390322431248,146.9370191184972,2.867565124278492,2.927373485820349,8.952240391192923,8.207588846468207,2.867565124278492,2.927373485820349,40.95477386934673,45.819397993311036,-0.09095275402069092,-0.07713484764099121,0.001,2.5
305,87.9521429422912,85.18315568496551,0.01404667033859134,0.01404577816359973,146.93907288211074,146.93708239909398,2.859417572692411,2.929653830352834,8.97997890964425,8.215473497192995,2.859417572692411,2.929653830352834,40.95477386934673,45.819397993311036,-0.09121108055114746,-0.07331705093383789,0.001,2.5
306,87.367318924947,85.00446702325623,0.014047402695095919,0.01404351549827335,146.93913327828923,146.9372000805909,2.8300008893612043,2.92496524845876,8.951264011600308,8.193801388692696,2.8300008893612043,2.92496524845876,40.95477386934673,45.819397993311036,-0.07777392864227295,-0.07327020168304443,0.001,2.5
307,86.9685826133843,85.0084236170536,0.014047884416627625,0.014041100687855064,146.93924612176278,146.93736578389553,2.8176141747677548,2.926005825151169,8.908676224138269,8.191471870128925,2.8176141747677548,2.926005825151169,40.95477386934673,45.819397993311036,-0.07707607746124268,-0.07333683967590332,0.001,2.5
308,87.61845323827798,85.16266195750157,0.014048679053184375,0.014044285265971785,146.93942718250267,146.9370257017206,2.840507457404081,2.9278562627109794,8.969970517821448,8.216767250494813,2.840507457404081,2.9278562627109794,40.95477386934673,45.819397993311036,-0.0728144645690918,-0.07429420948028564,0.001,2.5
309,87.35820877611937,85.15467094497936,0.014047414624448896,0.014043468779519848,146.93896729742463,146.93663989421117,2.853929698966456,2.9289836716093745,8.87765489750771,8.2117872190316,2.853929698966456,2.9289836716093745,40.95477386934673,45.819397993311036,-0.08643436431884766,-0.0757514238357544,0.001,2.5
310,87.62367116905736,85.1247866576332,0.01404548739668113,0.014045184764724512,146.93824977651113,146.93574176903155,2.8625335649429653,2.92624253014657,8.904937276089411,8.214032815850299,2.8625335649429653,2.92624253014657,40.95477386934673,45.819397993311036,-0.10564672946929932,-0.07362747192382812,0.001,2.5
311,87.47440040371127,85.09496912111008,0.014046926898460592,0.014044885841325972,146.9372798338208,146.93451892253148,2.8415668302245276,2.92762764959431,8.937982639076322,8.203914612033296,2.8415668302245276,2.92762764959431,40.95477386934673,45.819397993311036,-0.09410464763641357,-0.07324564456939697,0.001,2.5
312,87.45005959362241,85.22904284423012,0.01404709541792646,0.014044385191588897,146.93594411469783,146.93314353917356,2.8593655187680294,2.9297069665978985,8.879718711028746,8.22449243188303,2.8593655187680294,2.9297069665978985,40.95477386934673,45.819397993311036,-0.08951115608215332,-0.07465529441833496,0.001,2.5
313,87.5696831835774,85.11856201580137,0.014046898186581218,0.01404701762312531,146.9347101463944,146.9321626388907,2.84441932122312,2.9299872990037286,8.948482550168956,8.201554186766762,2.84441932122312,2.9299872990037286,40.95477386934673,45.819397993311036,-0.09109342098236084,-0.07553315162658691,0.001,2.5
314,87.91938393239799,85.13033159440975,0.01404591771763074,0.014050604298984925,146.9340144018432,146.93188798068758,2.861154237983614,2.9255618459006216,8.968218068581331,8.217185041178828,2.861154237983614,2.9255618459006216,40.95477386934673,45.819397993311036,-0.09843575954437256,-0.07312285900115967,0.001,2.5
315,87.87842267162637,85.09908144131154,0.014048134812919838,0.014042103768989792,146.93373534747303,146.93128201794067,2.881921716271533,2.927237860733849,8.897722862473683,8.205908606283641,2.881921716271533,2.927237860733849,40.95477386934673,45.819397993311036,-0.1042405366897583,-0.07434141635894775,0.001,2.5
316,87.77081914802692,85.15870245483806,0.014048047876999505,0.014042826219894814,146.93281036325834,146.9301028554655,2.8867842699814483,2.929196040367203,8.861615294387791,8.211957006550154,2.8867842699814483,2.929196040367203,40.95477386934673,45.819397993311036,-0.09859359264373779,-0.07193374633789062,0.001,2.5
317,87.27192667540993,85.1603783444816,0.014045152624435661,0.014045325082954157,146.931885455721,146.92960804202485,2.8414907798894884,2.927311920402042,8.897717541386335,8.217945113229911,2.8414907798894884,2.927311920402042,40.95477386934673,45.819397993311036,-0.08167922496795654,-0.07521796226501465,0.001,2.5
318,87.65566812128677,85.07556718807156,0.014046380475750022,0.014045240295222371,146.9316950403466,146.92964509179362,2.84850578651556,2.9248109701086444,8.953420726897528,8.2084864820525,2.84850578651556,2.9248109701086444,40.95477386934673,45.819397993311036,-0.09324252605438232,-0.07353007793426514,0.001,2.5
319,87.11906094447252,85.12608587462766,0.014045739986339406,0.014048145856571237,146.93167594769093,146.92982161403899,2.846249923035128,2.9249792872463978,8.852866783813017,8.218083684659723,2.846249923035128,2.9249792872463978,40.95477386934673,45.819397993311036,-0.08030593395233154,-0.0723717212677002,0.001,2.5
320,87.74314859923805,85.09166709874386,0.014046263743747319,0.014042952795665599,146.93237248457456,146.93117734979228,2.8854088379909446,2.9274250512139055,8.860207615186221,8.203862834534917,2.8854088379909446,2.9274250512139055,40.95477386934673,45.819397993311036,-0.10828614234924316,-0.07432770729064941,0.001,2.5
321,87.76920396558803,85.08027240663867,0.014044772816425691,0.014045265743066635,146.93360108546477,146.93192722486413,2.8879668768526523,2.9280162647017667,8.857744549187384,8.199810450691045,2.8879668768526523,2.9280162647017667,40.95477386934673,45.819397993311036,-0.11302483081817627,-0.07132899761199951,0.001,2.5
322,87.49548853581874,85.05134847889776,0.014047405428223475,0.014043835966682752,146.9342343124313,146.93236972974694,2.850810203919658,2.9261596697230003,8.914471091137859,8.19959496813873,2.850810203919658,2.9261596697230003,40.95477386934673,45.819397993311036,-0.09073805809020996,-0.07303881645202637,0.001,2.5
323,87.32493321659976,85.14818611272601,0.014046921552325812,0.014043302748688686,146.93446615912407,146.9325724317876,2.8566476504007974,2.9291502376862595,8.862847142882483,8.209991477404948,2.8566476504007974,2.9291502376862595,40.95477386934673,45.819397993311036,-0.09736382961273193,-0.07587325572967529,0.001,2.5
324,88.42893192157075,85.1243616314636,0.01404749057169885,0.014043538348381734,146.9346105936584,146.93266393348924,2.9008378095962293,2.9291590384416355,8.951076678494912,8.20519919857931,2.9008378095962293,2.9291590384416355,40.95477386934673,45.819397993311036,-0.11966979503631592,-0.07461559772491455,0.001,2.5
325,87.20992380011222,85.1187246061089,0.014047043488502902,0.014042204787898622,146.9348751048946,146.93291021748928,2.8371987203058087,2.928770802890178,8.89819197758558,8.205237359904924,2.8371987203058087,2.928770802890178,40.95477386934673,45.819397993311036,-0.08860385417938232,-0.07500028610229492,0.001,2.5
326,87.59318984653083,85.20580641322312,0.014046596325746733,0.014045028751061912,146.9352780442741,146.93365794918608,2.8514136321580588,2.929000686243625,8.932200816807836,8.221963332249569,2.8514136321580588,2.929000686243625,40.95477386934673,45.819397993311036,-0.09862816333770752,-0.07536959648132324,0.001,2.5
327,87.44928175320777,85.12998926679427,0.014046932275795457,0.01404283908398255,146.9358873990313,146.93387376664074,2.8532618102516163,2.927213671215402,8.897874332153219,8.212160753167193,2.8532618102516163,2.927213671215402,40.95477386934673,45.819397993311036,-0.09453678131103516,-0.07307016849517822,0.001,2.5
328,87.85260651299302,85.06018946721004,0.014046776671605294,0.014042467371028005,146.93612502208308,146.93424645873614,2.85692005061624,2.929846927075083,8.967564593208095,8.190301386408981,2.85692005061624,2.929846927075083,40.95477386934673,45.819397993311036,-0.07983803749084473,-0.07533776760101318,0.001,2.5
329,87.80002858530936,85.14225268922124,0.014047163582314897,0.014046259324088144,146.93636471542283,146.93444701740177,2.8627155506031796,2.927622138855848,8.939662457311174,8.213387870469619,2.8627155506031796,2.927622138855848,40.95477386934673,45.819397993311036,-0.0914543867111206,-0.073952317237854,0.001,2.5
330,87.30813659974677,85.09259783384394,0.014046097567407928,0.014039994320243497,146.9365008688053,146.93430315610956,2.8447712765666506,2.929883714503668,8.895117298043154,8.196673413981562,2.8447712765666506,2.929883714503668,40.95477386934673,45.819397993311036,-0.08792376518249512,-0.07315754890441895,0.001,2.5
331,87.5840109820342,85.0796589931118,0.014046784722787552,0.014044386474882879,146.93618273455493,146.934067742083,2.862243241800535,2.9256964280055118,8.897876185188741,8.206647286048302,2.862243241800535,2.9256964280055118,40.95477386934673,45.819397993311036,-0.0892026424407959,-0.07346558570861816,0.001,2.5
332,87.76538965170907,85.2059799755696,0.014046284727365327,0.014045942904907325,146.93612011473382,146.93393913957985,2.851561421725019,2.9277846055684678,8.966196834941206,8.22564658193684,2.851561421725019,2.9277846055684678,40.95477386934673,45.819397993311036,-0.0890430212020874,-0.0728304386138916,0.001,2.5
333,87.89823277152364,85.19910328842724,0.014045990387311632,0.014043665961377995,146.93610861313402,146.93436204789074,2.867910952224604,2.9287109311209076,8.943717209737704,8.221492901294924,2.867910952224604,2.9287109311209076,40.95477386934673,45.819397993311036,-0.09977567195892334,-0.0732649564743042,0.001,2.5
334,87.47811084536451,85.13925459233415,0.014046192585710604,0.014046721291233065,146.93652037040673,146.93455821774077,2.8628294959140184,2.929583659538856,8.874937469635777,8.206903660177785,2.8628294959140184,2.929583659538856,40.95477386934673,45.819397993311036,-0.10336422920227051,-0.07372045516967773,0.001,2.5
335,87.62320747567182,85.05384346952407,0.014047905774646667,0.014047193524729846,146.93641100297222,146.9343271925298,2.8744252818313676,2.9272905520372166,8.869168509989727,8.196701298589291,2.8744252818313676,2.9272905520372166,40.95477386934673,45.819397993311036,-0.10082292556762695,-0.07392621040344238,0.001,2.5
336,87.65258252321176,85.12191394818666,0.014046774128798265,0.014044514788707163,146.93644553333073,146.93444053624387,2.843613072256347,2.929849877405326,8.967480977376303,8.202636723534319,2.843613072256347,2.929849877405326,40.95477386934673,45.819397993311036,-0.08616423606872559,-0.07448363304138184,0.001,2.5
337,87.40275652963712,85.08657959392637,0.014045869937818653,0.014041992053887916,146.93663173145185,146.9348938600674,2.8433595458466803,2.9252749031602736,8.918276612682758,8.20929515002962,2.8433595458466803,2.9252749031602736,40.95477386934673,45.819397993311036,-0.08932507038116455,-0.07354843616485596,0.001,2.5
338,87.09190458109231,85.1642909990904,0.014048728761161791,0.014046456238074247,146.93719196159836,146.93536463708782,2.833342864485442,2.929846339401194,8.886154856913453,8.211122570229215,2.833342864485442,2.929846339401194,40.95477386934673,45.819397993311036,-0.07461869716644287,-0.07602143287658691,0.001,2.5
339,87.9017595198486,85.09748551997053,0.014046828766389309,0.014042825148406634,146.9373920638757,146.93494177980966,2.8414322159797503,2.927337370588628,9.02385800647576,8.205288818448683,2.8414322159797503,2.927337370588628,40.95477386934673,45.819397993311036,-0.09301221370697021,-0.07529091835021973,0.001,2.5
340,87.54033784850358,85.06686146203491,0.014046704990967135,0.014042527009935482,146.936511194686,146.93399139710493,2.84778575042584,2.929184398523541,8.932513503772729,8.193623030863478,2.84778575042584,2.929184398523541,40.95477386934673,45.819397993311036,-0.08032667636871338,-0.07439792156219482,0.001,2.5
341,87.51343384300245,85.15538315788957,0.014045741791264396,0.014043670359463196,146.93598347572825,146.9338192126424,2.846239284055317,2.9311635167303693,8.9317726649631,8.205390887116907,2.846239284055317,2.9311635167303693,40.95477386934673,45.819397993311036,-0.09196972846984863,-0.07657122611999512,0.001,2.5
342,87.49782943086608,85.17397826331914,0.014045139192798529,0.014046964871021217,146.93591119456332,146.93395868511902,2.842223561588843,2.9267977687427433,8.940699320142992,8.222206822207141,2.842223561588843,2.9267977687427433,40.95477386934673,45.819397993311036,-0.08924543857574463,-0.07478797435760498,0.001,2.5
343,87.17763750597061,85.0202460910963,0.014047421329347432,0.014042888708836259,146.93624146939123,146.9343773066798,2.832837836826267,2.9285094849640707,8.904817156256543,8.186325221556086,2.832837836826267,2.9285094849640707,40.95477386934673,45.819397993311036,-0.09157001972198486,-0.0739976167678833,0.001,2.5
344,88.14459491774464,85.07383011017356,0.014046115610417808,0.01404337435150924,146.93643904131662,146.93449065039388,2.871858850396059,2.929413639980814,8.981145654291764,8.194329729048304,2.871858850396059,2.929413639980814,40.95477386934673,45.819397993311036,-0.09327590465545654,-0.07543027400970459,0.001,2.5
345,88.21778708606509,85.19609626081078,0.014046807494170503,0.014046310852079288,146.9365114502771,146.9343445946939,2.884203509869088,2.92910400840351,8.95875043884993,8.219711241514787,2.884203509869088,2.92910400840351,40.95477386934673,45.819397993311036,-0.10754573345184326,-0.07387042045593262,0.001,2.5
346,88.19254935566505,85.1014591076701,0.014046205953387559,0.014044653443638297,146.9363838080785,146.93445360062512,2.889210576787466,2.9277382821941056,8.938681746248024,8.204881546888064,2.889210576787466,2.9277382821941056,40.95477386934673,45.819397993311036,-0.1203848123550415,-0.07517027854919434,0.001,2.5
347,88.5497227833299,85.19010335864829,0.014047707246937843,0.0140444398904375,146.93658163559496,146.9345320379455,2.9116497315354084,2.93014608816957,8.942798119294185,8.215386960020034,2.9116497315354084,2.93014608816957,40.95477386934673,45.819397993311036,-0.1217336654663086,-0.07437789440155029,0.001,2.5
348,87.807598593247,85.16732086385771,0.014045738881856352,0.01404302480029422,146.93670286245683,146.93483721372675,2.844981962711967,2.9284215029266765,8.994376997252804,8.216003631668347,2.844981962711967,2.9284215029266765,40.95477386934673,45.819397993311036,-0.07932102680206299,-0.07374489307403564,0.001,2.5
349,87.88772703135632,85.15658074318365,0.014045918333832444,0.014044701900445298,146.93703968041706,146.93510095092364,2.8707202818725177,2.926780591441636,8.933188165252533,8.218778246621225,2.8707202818725177,2.926780591441636,40.95477386934673,45.819397993311036,-0.09822559356689453,-0.07412242889404297,0.001,2.5
350,88.07247124804523,85.13272630570326,0.014046031002023911,0.014044550736512628,146.93716024274204,146.93508569213458,2.8623467821571693,2.9297825723986164,8.995257634813063,8.20500106715837,2.8623467821571693,2.9297825723986164,40.95477386934673,45.819397993311036,-0.09393680095672607,-0.07579970359802246,0.001,2.5
351,87.6572922749735,85.17351315093279,0.014046239206439486,0.014044286960418208,146.93710278586127,146.93479143735956,2.860214458238739,2.931102898607286,8.918618489749468,8.209198731642504,2.860214458238739,2.931102898607286,40.95477386934673,45.819397993311036,-0.09296929836273193,-0.07711398601531982,0.001,2.5
352,87.74143128259298,85.09271265750745,0.014046062954032242,0.014047561914202162,146.93687610210884,146.93494621965797,2.834010152561181,2.929013919670845,9.0140593702869,8.199304507328915,2.834010152561181,2.929013919670845,40.95477386934673,45.819397993311036,-0.08918726444244385,-0.07701766490936279,0.001,2.5
353,87.5574296603051,85.15359851747851,0.014046886374228565,0.01404330337164693,146.93693514365447,146.93499194499242,2.8490767650668145,2.9315326421157173,8.932058744095078,8.203926894975746,2.8490767650668145,2.9315326421157173,40.95477386934673,45.819397993311036,-0.0720146894454956,-0.07839512825012207,0.001,2.5
354,87.76152649436963,85.06550411875033,0.014047612390875616,0.014047250734100174,146.93723037694167,146.93538642806752,2.873736454613844,2.9269925543297095,8.898899212554472,8.199926583663277,2.873736454613844,2.9269925543297095,40.95477386934673,45.819397993311036,-0.10857415199279785,-0.07486379146575928,0.001,2.5
355,88.2654210255174,85.0307466640919,0.014047564047901974,0.014043685811942437,146.93742314375424,146.93544965763155,2.876721639729025,2.9265565760558268,8.990722331968783,8.194284104184563,2.876721639729025,2.9265565760558268,40.95477386934673,45.819397993311036,-0.08842074871063232,-0.07388293743133545,0.001,2.5
356,87.80452542967932,85.09669655382035,0.0140462713331683,0.014047885469369664,146.93777953999327,146.93592053671745,2.8790811238376737,2.9273521517431456,8.89146446982021,8.205085808616817,2.8790811238376737,2.9273521517431456,40.95477386934673,45.819397993311036,-0.09739220142364502,-0.07380390167236328,0.001,2.5
357,87.49379401790037,85.13319100982768,0.014045437657503627,0.014045292897816485,146.93819076052463,146.93612982198147,2.8499044976641783,2.9313492304505315,8.916848794499433,8.20039430669319,2.8499044976641783,2.9313492304505315,40.95477386934673,45.819397993311036,-0.09643948078155518,-0.07493412494659424,0.001,2.5
358,88.45713036823113,85.08532730153571,0.014046000954780846,0.01404624091878683,146.9381828116412,146.93589216251436,2.880962317912423,2.925629030501962,9.016342607175485,8.207981763476113,2.880962317912423,2.925629030501962,40.95477386934673,45.819397993311036,-0.1023709774017334,-0.07204759120941162,0.001,2.5
359,88.04199205970444,84.96660131754285,0.014046268195999627,0.014042601571807693,146.9379717700645,146.93579188318157,2.85514542964635,2.9252311704948197,9.010765599645362,8.185431116799448,2.85514542964635,2.9252311704948197,40.95477386934673,45.819397993311036,-0.10246455669403076,-0.07072055339813232,0.001,2.5
360,87.73106468622409,85.01579118811566,0.014046376475898964,0.014044342668459168,146.93770283710217,146.93535810489718,2.8630485778278243,2.9269947192341985,8.924870167545338,8.189978285378038,2.8630485778278243,2.9269947192341985,40.95477386934673,45.819397993311036,-0.09406161308288574,-0.07286405563354492,0.001,2.5
361,86.84560152753514,85.06018535907452,0.014044679916608873,0.014043173375835386,146.93753706071044,146.9358573071534,2.8241898606170963,2.925985640905374,8.864354283765731,8.201883966707465,2.8241898606170963,2.925985640905374,40.95477386934673,45.819397993311036,-0.08693122863769531,-0.07382071018218994,0.001,2.5
362,86.71965061360268,85.11180290809044,0.014046550187059184,0.014044645363869875,146.93807929724306,146.93605133362837,2.8253224183566608,2.930805017318215,8.835765892137434,8.19774933403551,2.8253224183566608,2.930805017318215,40.95477386934673,45.819397993311036,-0.07676708698272705,-0.07501614093780518,0.001,2.5
363,88.23370978580647,85.0888522859401,0.014046630942242429,0.014043587231915133,146.93820944423453,146.93612109538304,2.87623790360775,2.9281577800827283,8.98583129263004,8.201101453009258,2.87623790360775,2.9281577800827283,40.95477386934673,45.819397993311036,-0.10306620597839355,-0.07447326183319092,0.001,2.5
364,88.1034618997494,85.16396421094403,0.014047710731987477,0.014044621840966585,146.9383021982471,146.9364088690002,2.832668494938606,2.9294074793723115,9.090489502528206,8.212374077991498,2.832668494938606,2.9294074793723115,40.95477386934673,45.819397993311036,-0.08385074138641357,-0.07450282573699951,0.001,2.5
365,87.56693789228123,85.17695204310593,0.014045355752597202,0.014045143135539864,146.93853335484388,146.93636089822522,2.8582848807675156,2.928991400677225,8.906336284362691,8.216219686744205,2.8582848807675156,2.928991400677225,40.95477386934673,45.819397993311036,-0.09031999111175537,-0.07558882236480713,0.001,2.5
366,87.23117852650296,85.21578668192477,0.014045275005213978,0.014041843120145758,146.9383401024082,146.9360600602268,2.823247527756683,2.9314545556454354,8.944296931102247,8.216597434270343,2.823247527756683,2.9314545556454354,40.95477386934673,45.819397993311036,-0.08439826965332031,-0.07695281505584717,0.001,2.5
367,87.69049136163402,85.09830196725086,0.014045447563531011,0.014045878659223634,146.93772049844765,146.93500725481422,2.847782285568902,2.9265035235363506,8.96255453227952,8.207953716201526,2.847782285568902,2.9265035235363506,40.95477386934673,45.819397993311036,-0.09693670272827148,-0.07287144660949707,0.001,2.5
368,87.04916599088378,85.11701332526063,0.014046472506644439,0.014043386007057982,146.9368532267048,146.93464109490947,2.8401821398455493,2.926591090135351,8.857090109756443,8.21143394967784,2.8401821398455493,2.926591090135351,40.95477386934673,45.819397993311036,-0.09334778785705566,-0.07342779636383057,0.001,2.5
369,87.580773473385,85.13186885361688,0.014045818231475713,0.014047123245695563,146.9367920381939,146.93508354875954,2.8537612141077244,2.9276022464535307,8.922674297288035,8.211370378832354,2.8537612141077244,2.9276022464535307,40.95477386934673,45.819397993311036,-0.08531856536865234,-0.07383251190185547,0.001,2.5
370,88.05146631084295,85.13125745588322,0.014045309022668019,0.01404473321967101,146.93742838337195,146.93570252485497,2.839277377280358,2.928821668975728,9.060264440437457,8.207590493868825,2.839277377280358,2.928821668975728,40.95477386934673,45.819397993311036,-0.08571016788482666,-0.07333827018737793,0.001,2.5
371,88.12101656148582,85.14096855240123,0.014044776756996585,0.014044674745695448,146.9381345560403,146.93629766866115,2.877835031729847,2.930523579734624,8.958501333367686,8.204426658592096,2.877835031729847,2.930523579734624,40.95477386934673,45.819397993311036,-0.1086430549621582,-0.07371401786804199,0.001,2.5
372,88.26865490477289,85.17466855766781,0.01404576431772667,0.014043745429046378,146.93844760402763,146.93634997721898,2.8763633465247738,2.9271474857394115,8.992443907400672,8.221294922972204,2.8763633465247738,2.9271474857394115,40.95477386934673,45.819397993311036,-0.11636185646057129,-0.07442593574523926,0.001,2.5
373,88.16226635905765,85.12771264525959,0.014046561035329173,0.014045960244950044,146.93867694592757,146.93674017354397,2.8702352745848483,2.927987019752579,8.989550424380917,8.209384655075329,2.8702352745848483,2.927987019752579,40.95477386934673,45.819397993311036,-0.10985958576202393,-0.07343077659606934,0.001,2.5
374,87.87052647831851,85.09654243494755,0.01404660226468315,0.014044724516944343,146.93882851145375,146.93665520403297,2.837751454444387,2.9285502043057443,9.028653982696023,8.201461112618846,2.837751454444387,2.9285502043057443,40.95477386934673,45.819397993311036,-0.07650482654571533,-0.07130169868469238,0.001,2.5
375,87.77752072128219,85.08807036230796,0.014047579229863943,0.014045625398664371,146.93865225582667,146.93643933554557,2.866458529403661,2.927370419869056,8.923931521187276,8.203306092865093,2.866458529403661,2.927370419869056,40.95477386934673,45.819397993311036,-0.10392427444458008,-0.07158708572387695,0.001,2.5
376,87.50408649284836,85.06781919345408,0.014046681793703006,0.0140430395644046,146.93839799379384,146.9361145631924,2.857588250034019,2.9279174190699853,8.895855603305938,8.19761528378745,2.857588250034019,2.9279174190699853,40.95477386934673,45.819397993311036,-0.09530091285705566,-0.07501089572906494,0.001,2.5
377,87.2274342701463,85.09576609940035,0.01404537637741422,0.01404528851842003,146.93826710558815,146.9362213236831,2.8328097865010426,2.9287081362810423,8.91486046821428,8.200832076694654,2.8328097865010426,2.9287081362810423,40.95477386934673,45.819397993311036,-0.07681870460510254,-0.07465207576751709,0.001,2.5
378,87.53258491401097,85.16446576070626,0.014045391570296219,0.014040823462092159,146.9384809331079,146.93679033872675,2.8449507889835477,2.9334452319703375,8.93946773203174,8.200362065165338,2.8449507889835477,2.9334452319703375,40.95477386934673,45.819397993311036,-0.08074069023132324,-0.07584929466247559,0.001,2.5
379,87.50223506754966,85.129021175729,0.01404609391075782,0.014044272053027431,146.93898797474515,146.93691899226263,2.8641056794816726,2.927784952431618,8.875932648753002,8.210252562494182,2.8641056794816726,2.927784952431618,40.95477386934673,45.819397993311036,-0.09505307674407959,-0.07477474212646484,0.001,2.5
380,87.7647473640378,85.09853710059737,0.014046811344261145,0.01404441677557186,146.93921465849758,146.93730041095645,2.8629831944278736,2.9259398948388755,8.931802828707287,8.209690861080004,2.8629831944278736,2.9259398948388755,40.95477386934673,45.819397993311036,-0.09135818481445312,-0.07437539100646973,0.001,2.5
381,87.58671485479154,85.1999290491825,0.014048117248831283,0.01404605732364798,146.93936504830467,146.93733092853458,2.8569429495825838,2.9294876151260323,8.914316260435275,8.219326650817258,2.8569429495825838,2.9294876151260323,40.95477386934673,45.819397993311036,-0.09422564506530762,-0.07406258583068848,0.001,2.5
382,88.67542454705166,85.20449211605417,0.014046504792493692,0.014043803323670773,146.93916594283266,146.93701707718762,2.9012505389138483,2.928840866854358,8.999136189919222,8.222179884894636,2.9012505389138483,2.928840866854358,40.95477386934673,45.819397993311036,-0.11902964115142822,-0.07370412349700928,0.001,2.5
383,87.2890295159677,85.20213435246394,0.014047862532887128,0.014040426946055132,146.93928785979048,146.937498826247,2.8463078160182116,2.9299105138683,8.886685051910042,8.218499815184934,2.8463078160182116,2.9299105138683,40.95477386934673,45.819397993311036,-0.08103227615356445,-0.07484018802642822,0.001,2.5
384,87.4768289537286,85.08020333382596,0.0140460053149929,0.014041571672320565,146.93941013457587,146.93710204669864,2.83822423648994,2.9263024035106135,8.948496042184495,8.20493734959376,2.83822423648994,2.9263024035106135,40.95477386934673,45.819397993311036,-0.07998645305633545,-0.07160687446594238,0.001,2.5
385,87.1804188356128,85.0654667883015,0.01404712621241159,0.014040366216970726,146.9392109013083,146.93753807042356,2.8370997462440375,2.928767544768726,8.892587514778278,8.194595821725086,2.8370997462440375,2.928767544768726,40.95477386934673,45.819397993311036,-0.07360172271728516,-0.07443439960479736,0.001,2.5
386,87.78715954753422,85.091085988941,0.014047386015529809,0.014044031681474237,146.93982230079433,146.93836423944072,2.8810045351734512,2.9293643590997296,8.882220658025949,8.197927706217685,2.8810045351734512,2.9293643590997296,40.95477386934673,45.819397993311036,-0.10303723812103271,-0.0734398365020752,0.001,2.5
387,88.36909372403194,85.1146761788971,0.014046306617345843,0.014045028265154481,146.9408140965243,146.93937545317073,2.884371031468837,2.9286846173646857,8.988508152602305,8.204684935285893,2.884371031468837,2.9286846173646857,40.95477386934673,45.819397993311036,-0.1005251407623291,-0.07481527328491211,0.001,2.5
388,87.28916439139464,85.113683387986,0.014045084647247739,0.014044353511047403,146.94166828200247,146.93975687186455,2.8772189792875866,2.9292960158957286,8.793978275765525,8.202651800519249,2.8772189792875866,2.9292960158957286,40.95477386934673,45.819397993311036,-0.09264993667602539,-0.07303810119628906,0.001,2.5
389,88.14317602927561,85.06898998656001,0.01404675399694261,0.014044856045233168,146.9418840264555,146.93993553748498,2.889829931147334,2.926535963613453,8.926947601676186,8.201993325083551,2.889829931147334,2.926535963613453,40.95477386934673,45.819397993311036,-0.11176669597625732,-0.07308697700500488,0.001,2.5
390,87.99978279867763,85.06138641459488,0.01404769388706091,0.014041667766744476,146.94238053773915,146.94062871518344,2.8535908929866363,2.9272152532303215,9.006985840086562,8.198435525032988,2.8535908929866363,2.9272152532303215,40.95477386934673,45.819397993311036,-0.0957874059677124,-0.07489633560180664,0.001,2.5
391,87.85051927933941,85.0781981043991,0.014046163722510814,0.014044115450669291,146.9428286400672,146.94095772325394,2.836174070335912,2.925763428410559,9.029383774378791,8.206152793157061,2.836174070335912,2.925763428410559,40.95477386934673,45.819397993311036,-0.07977545261383057,-0.07270288467407227,0.001,2.5
392,87.51258957445921,85.13699391853052,0.014045364980022712,0.014047406922191082,146.94331730470387,146.94175112925245,2.8250051171735704,2.926638998714179,8.995304765813115,8.215283575663998,2.8250051171735704,2.926638998714179,40.95477386934673,45.819397993311036,-0.08045923709869385,-0.07442641258239746,0.001,2.5
393,87.34502569355158,85.16453590520648,0.014046943904067603,0.014044226645601034,146.94406475533592,146.9422503315087,2.848560775344695,2.927251314239757,8.89112486751435,8.218956570960207,2.848560775344695,2.927251314239757,40.95477386934673,45.819397993311036,-0.08638441562652588,-0.07531774044036865,0.001,2.5
394,87.9679895142215,85.1593836143264,0.014044290545772468,0.014047099925253702,146.94424926655577,146.9421216779728,2.868458949940488,2.9301859471311538,8.956022959059007,8.209120217773028,2.868458949940488,2.9301859471311538,40.95477386934673,45.819397993311036,-0.09430205821990967,-0.07482349872589111,0.001,2.5
395,87.55958835723213,85.16375242507577,0.014044076517860793,0.014045019450295331,146.94408880645906,146.94171402845095,2.8615912588397463,2.9282900346162726,8.894946315580077,8.215683020078218,2.8615912588397463,2.9282900346162726,40.95477386934673,45.819397993311036,-0.09361672401428223,-0.07319724559783936,0.001,2.5
396,87.6209394368694,85.1104240800226,0.01404755379555363,0.0140465948151356,146.94359242297097,146.94131520759302,2.8525103476378986,2.9308936436439437,8.93445860640687,8.197205624851495,2.8525103476378986,2.9308936436439437,40.95477386934673,45.819397993311036,-0.1001884937286377,-0.07425391674041748,0.001,2.5
397,87.51430944701535,85.08155411940355,0.014047173822183205,0.014044416323927134,146.94338462740134,146.9413064809946,2.8705841452632117,2.9274445170144174,8.858911134090455,8.201779646219617,2.8705841452632117,2.9274445170144174,40.95477386934673,45.819397993311036,-0.10226643085479736,-0.07479190826416016,0.001,2.5
398,87.51283388121843,85.06082245179243,0.014047431269694911,0.014042148522310033,146.9433543398552,146.94131301318524,2.8410377885828066,2.9267343238843324,8.947254990812523,8.199765023579166,2.8410377885828066,2.9267343238843324,40.95477386934673,45.819397993311036,-0.08413004875183105,-0.07387995719909668,0.001,2.5
399,88.06398976388289,85.12106159937422,0.014047838043939428,0.014046584399273762,146.94341987341494,146.94144161568838,2.8822471001240078,2.9289543756274474,8.933858297977416,8.20515162330806,2.8822471001240078,2.9289543756274474,40.95477386934673,45.819397993311036,-0.10674083232879639,-0.07434737682342529,0.001,2.5
400,87.54649957500311,85.06009947097421,0.014045184886884849,0.014043011671449229,146.9435193494736,146.94157026922423,2.837301254272461,2.926054672253969,8.965198536813759,8.201659326967986,2.837301254272461,2.926054672253969,40.95477386934673,45.819397993311036,-0.07865357398986816,-0.07294332981109619,0.001,2.5
401,86.6634136436373,84.82361745674874,0.014029219344108548,0.014069157630753358,133.9474651394178,133.0917671739457,2.856652670369875,2.9333819123016154,8.73312944223733,8.13514578860739,2.856652670369875,2.9333819123016154,40.95477386934673,45.819397993311036,-0.0896449089050293,-0.053098201751708984,0.001,2.5
402,86.81335206407199,86.56561067511007,0.01454703115282496,0.01522831697590076,136.32271060911654,141.1577287246551,2.851937901833948,2.9397221145821257,8.776682717915955,8.462678934818127,2.851937901833948,2.9397221145821257,40.95477386934673,45.819397993311036,-0.10010695457458496,-0.11553573608398438,0.001,2.5
403,86.37799064597891,84.89984595257303,0.015329732823262063,0.015526936423768567,139.06365769991723,137.19413073485512,2.821427012208718,2.9592002674090025,8.780438407182293,8.07182408654969,2.821427012208718,2.9592002674090025,40.95477386934673,45.819397993311036,-0.07209062576293945,-0.158805251121521,0.001,2.5
404,87.72796425108534,86.35079384488007,0.015617710009367023,0.01595285548563785,138.69385992462313,142.1506219053747,2.862886774679724,2.9502456826111145,8.926070265234815,8.387800937512248,2.862886774679724,2.9502456826111145,40.95477386934673,45.819397993311036,-0.10099267959594727,-0.14176583290100098,0.001,2.5
405,88.07790119164753,85.57539543738731,0.015897566814543414,0.015875067125794083,139.53649286369182,140.4913289762261,2.877273319154928,2.9315233501702247,8.952673229939574,8.289236433928627,2.877273319154928,2.9315233501702247,40.95477386934673,45.819397993311036,-0.09255826473236084,-0.09103822708129883,0.001,2.5
406,86.88832172796354,84.93773398510987,0.016013263083582547,0.01617757254669499,139.2949515746866,141.19499191233146,2.8330657354351665,2.92804923185138,8.847405494357673,8.171924304005294,2.8330657354351665,2.92804923185138,40.95477386934673,45.819397993311036,-0.08412349224090576,-0.09269750118255615,0.001,2.5
407,87.12153898970766,83.43288324668654,0.016193383755521158,0.016098050450451398,138.3109536482461,135.80670217048365,2.8380088350880683,2.931952953338623,8.8793807421098,7.860336748652633,2.8380088350880683,2.931952953338623,40.95477386934673,45.819397993311036,-0.07156336307525635,-0.08509516716003418,0.001,2.5
408,88.01760013139427,85.38623279073964,0.01603562410427897,0.015896256259303028,138.1404288082666,137.94918067957644,2.876968627798697,2.934143201164577,8.941778797999499,8.244048641676887,2.876968627798697,2.934143201164577,40.95477386934673,45.819397993311036,-0.10619401931762695,-0.03919875621795654,0.001,2.5
409,87.74893073460565,84.35112489426017,0.01576429259787053,0.015820488813379937,140.43679773787557,140.17938686613255,2.8701175165735497,2.928055789558385,8.908193573879837,8.0548578600421,2.8701175165735497,2.928055789558385,40.95477386934673,45.819397993311036,-0.0735710859298706,-0.0858229398727417,0.001,2.5
410,87.51023620656586,84.13693704254253,0.01611861078009334,0.016251110368996957,144.75834096017195,144.94718989241483,2.8582226087899265,2.935662861253107,8.895203941830838,7.9881595624330455,2.8582226087899265,2.935662861253107,40.95477386934673,45.819397993311036,-0.0914144515991211,-0.11161971092224121,0.001,2.5
411,87.93437176932841,85.12869313728052,0.01636648924406649,0.016395933583478465,145.62343856837083,146.61197874139384,2.8830182999622083,2.933452506527853,8.90542091197105,8.19277985199638,2.8830182999622083,2.933452506527853,40.95477386934673,45.819397993311036,-0.12114500999450684,-0.10063040256500244,0.001,2.5
412,87.48240991333621,86.12552665786998,0.01618200044461231,0.015871374260472214,145.61187424651743,147.20451696899823,2.8641509786123405,2.9482518534197855,8.871670376315988,8.34773485955586,2.8641509786123405,2.9482518534197855,40.95477386934673,45.819397993311036,-0.0960855484008789,-0.025662541389465332,0.001,2.5
413,87.46557535398345,84.97563441860237,0.015774619419258742,0.015597600424444196,147.77425160879267,147.67784394229136,2.860444555330516,2.938068999095904,8.879071526391622,8.148264620216395,2.860444555330516,2.938068999095904,40.95477386934673,45.819397993311036,-0.09820079803466797,-0.04512667655944824,0.001,2.5
414,88.01315995157265,85.23881020434325,0.015721452658000703,0.016014429363718,151.17661186997816,152.1940070825277,2.8543711667084812,2.929437884518933,9.006138510839824,8.225806988999995,2.8543711667084812,2.929437884518933,40.95477386934673,45.819397993311036,-0.08996617794036865,-0.06921589374542236,0.001,2.5
415,87.63620116522964,84.40650613331874,0.01587898306036914,0.01598570040461411,149.509464666472,146.39748145266122,2.8321056058458747,2.93004319500365,8.99784561457546,8.058695812289132,2.8321056058458747,2.93004319500365,40.95477386934673,45.819397993311036,-0.06675922870635986,-0.07351136207580566,0.001,2.5
416,87.49722198026264,83.4833669758162,0.016221180882685548,0.016379693012223594,145.099960224912,140.2273876993951,2.833823172491,2.929043005940109,8.965710770944055,7.878223136914614,2.833823172491,2.929043005940109,40.95477386934673,45.819397993311036,-0.08760881423950195,-0.09070956707000732,0.001,2.5
417,87.28913789937644,84.20429380282908,0.01663945623403618,0.016917549273042773,141.28629933010592,137.56927954632303,2.8376112619237084,2.9380064249836084,8.913408761847158,7.995942179574616,2.8376112619237084,2.9380064249836084,40.95477386934673,45.819397993311036,-0.08849453926086426,-0.11551332473754883,0.001,2.5
418,86.45138514021933,85.16188666812552,0.017001267825214307,0.01683019809923244,140.768448208245,139.28470328340563,2.816169585015506,2.9325890533102794,8.810214242344125,8.203387282763835,2.816169585015506,2.9325890533102794,40.95477386934673,45.819397993311036,-0.06416702270507812,-0.04562211036682129,0.001,2.5
419,87.31006725828851,84.65753104933927,0.01687219984816946,0.016878721519158438,141.16712729295892,142.93430330920776,2.8157472075329752,2.9332987225573994,8.983164300071934,8.099647343358068,2.8157472075329752,2.9332987225573994,40.95477386934673,45.819397993311036,-0.06893908977508545,-0.08446717262268066,0.001,2.5
420,87.65338860644367,85.5833613162854,0.01671151885173129,0.01667519013419199,141.63316076844183,143.58158374390874,2.8679663651752314,2.9338383523118137,8.895109980150284,8.283106158010936,2.8679663651752314,2.9338383523118137,40.95477386934673,45.819397993311036,-0.10017478466033936,-0.05449819564819336,0.001,2.5
421,87.50294683766325,85.46184703099688,0.016654585636340993,0.016654772303973553,142.5998357520431,141.8637159468737,2.854737216304095,2.9294612838273064,8.90452670571792,8.272281889134028,2.854737216304095,2.9294612838273064,40.95477386934673,45.819397993311036,-0.07250571250915527,-0.07488274574279785,0.001,2.5
422,87.24838297730514,84.8936486642895,0.016758166369007062,0.016767683846994386,142.7002821367989,143.7267910756395,2.836996032165323,2.931063073933324,8.906796562412076,8.153442553453223,2.836996032165323,2.931063073933324,40.95477386934673,45.819397993311036,-0.09573554992675781,-0.07600617408752441,0.001,2.5
423,87.84851260800258,84.68685361932353,0.016526747978537325,0.01627745127996872,142.60251115195115,140.3212639033595,2.857712416992315,2.936858509695251,8.964739695665624,8.095475112315404,2.857712416992315,2.936858509695251,40.95477386934673,45.819397993311036,-0.07954394817352295,-0.04614877700805664,0.001,2.5
424,87.71225716800147,85.38809512849636,0.016282368170556113,0.016333585910274832,140.56612095920684,144.4060221898516,2.863800621112587,2.9313993948359154,8.919679972394627,8.251272748545261,2.863800621112587,2.9313993948359154,40.95477386934673,45.819397993311036,-0.11118173599243164,-0.047870755195617676,0.001,2.5
425,87.48972142920822,85.45634679889999,0.01629453569251289,0.016407733023116818,142.71090805590453,142.95577727352895,2.8778858045038067,2.9295160443487775,8.832485855524265,8.270848475172368,2.8778858045038067,2.9295160443487775,40.95477386934673,45.819397993311036,-0.09012174606323242,-0.06310093402862549,0.001,2.5
426,87.50793492814005,86.16824741427317,0.01643715635366376,0.016475920936086505,142.4069054633928,144.46255651365556,2.8512689540134604,2.9302457232140378,8.916011585063071,8.41072529853387,2.8512689540134604,2.9302457232140378,40.95477386934673,45.819397993311036,-0.09188735485076904,-0.05855965614318848,0.001,2.5
427,88.83853591586677,85.37092462750184,0.01642244657691899,0.016343681889284017,143.1844371750926,143.38700514573318,2.916398731707728,2.9234330749830675,8.98658955636336,8.271939714616757,2.916398731707728,2.9234330749830675,40.95477386934673,45.819397993311036,-0.11619770526885986,-0.07716917991638184,0.001,2.5
428,87.6559582555314,85.73995155155858,0.016256641022474122,0.01612654884647964,143.59178212739315,145.96142644467562,2.8410928920285787,2.9359933636260274,8.975943030224773,8.307592623209873,2.8410928920285787,2.9359933636260274,40.95477386934673,45.819397993311036,-0.07290482521057129,-0.03671419620513916,0.001,2.5
429,87.08425398527876,85.12449656202642,0.016070156634303192,0.015974266030965842,146.26507967081503,146.41547957710597,2.8153681407621756,2.9377644923219712,8.938279241373392,8.17912744120212,2.8153681407621756,2.9377644923219712,40.95477386934673,45.819397993311036,-0.06994771957397461,-0.09421396255493164,0.001,2.5
430,87.51989324368424,84.06983240950467,0.01590245672294143,0.015973831629723212,144.7256449534865,143.31328605728405,2.857878401850536,2.9314552613325344,8.898217896121231,7.987743253293245,2.857878401850536,2.9314552613325344,40.95477386934673,45.819397993311036,-0.09929811954498291,-0.06890153884887695,0.001,2.5
431,87.96692945010697,84.63061911286319,0.01606693583691939,0.016018577692500723,146.04934101967356,146.16857854020236,2.876882249586147,2.9267934851821846,8.93031671578361,8.113306168329755,2.876882249586147,2.9267934851821846,40.95477386934673,45.819397993311036,-0.11277413368225098,-0.08074510097503662,0.001,2.5
432,88.69931821327913,85.6551887997018,0.015964752078755216,0.015913211126939508,146.41803497365572,146.40850722909371,2.880899916941197,2.93154060880476,9.06468724166129,8.303951689232154,2.880899916941197,2.93154060880476,40.95477386934673,45.819397993311036,-0.09926092624664307,-0.0685734748840332,0.001,2.5
433,88.45943879042838,85.91615826150645,0.015780858486466473,0.015651273301313554,143.5697940078812,145.34336766271687,2.9132172482297247,2.930271352812598,8.920366427007831,8.360218762554053,2.9132172482297247,2.930271352812598,40.95477386934673,45.819397993311036,-0.13319885730743408,-0.06234562397003174,0.001,2.5
434,87.57493218145578,84.23805129647654,0.015474365189534236,0.015379414868768442,142.86713103992454,140.0779374036502,2.8524012645485013,2.9323054811228877,8.926114143039314,8.019602593769596,2.8524012645485013,2.9323054811228877,40.95477386934673,45.819397993311036,-0.08195686340332031,-0.06065773963928223,0.001,2.5
435,87.87418875382774,84.24966461283707,0.0154567699196126,0.015331284865662206,140.97060886299988,138.52892397877363,2.8558722029578947,2.9293285636200155,8.975935602108239,8.031174980278397,2.8558722029578947,2.9293285636200155,40.95477386934673,45.819397993311036,-0.09249472618103027,-0.07164597511291504,0.001,2.5
436,87.91637949727887,84.88069446270282,0.015294901586732074,0.015327636924974098,138.5565698518226,138.17717822020668,2.8592592927079705,2.9290703012791766,8.974727652979457,8.158227509080765,2.8592592927079705,2.9290703012791766,40.95477386934673,45.819397993311036,-0.09254658222198486,-0.09150290489196777,0.001,2.5
437,87.56292724609375,85.65885279728816,0.015480180118089446,0.01562874559250763,138.73218583661307,139.77425290110918,2.8530158473418985,2.9255386220172896,8.922695305279552,8.324074703714121,2.8530158473418985,2.9255386220172896,40.95477386934673,45.819397993311036,-0.09782862663269043,-0.08126997947692871,0.001,2.5
438,87.65431683666543,84.73952604057797,0.015626185905918404,0.01557441687454348,137.87772759161203,135.93482205700317,2.8695386566309073,2.928452851381589,8.89154650338331,8.132244944173756,2.8695386566309073,2.928452851381589,40.95477386934673,45.819397993311036,-0.08637058734893799,-0.08989644050598145,0.001,2.5
439,88.41077161114819,85.62989541758661,0.015522523443066394,0.015539268819758525,134.8727583381998,136.44887907608697,2.8728191968384302,2.9345909137789623,9.033617856714194,8.291808284644699,2.8728191968384302,2.9345909137789623,40.95477386934673,45.819397993311036,-0.10787534713745117,-0.08567464351654053,0.001,2.5
440,87.7232176558656,84.84604024727608,0.015553745678259399,0.015525826277915251,137.21846056863092,136.72216072210102,2.8609981464980234,2.9249037444392174,8.931094398849973,8.16404729862277,2.8609981464980234,2.9249037444392174,40.95477386934673,45.819397993311036,-0.08499109745025635,-0.07013463973999023,0.001,2.5
441,87.9413449464731,84.8433232132009,0.015508249568966665,0.015435461434582404,136.92171750476012,136.76973772846335,2.8562049334572386,2.9302081950133463,8.989168538520085,8.147599617374382,2.8562049334572386,2.9302081950133463,40.95477386934673,45.819397993311036,-0.08079791069030762,-0.07731592655181885,0.001,2.5
442,87.35602420059281,84.88901353918988,0.01543576176273613,0.015433300006200239,137.67817296933887,138.94721969553459,2.8654608295191473,2.933262560279872,8.844199418622246,8.147139101124129,2.8654608295191473,2.933262560279872,40.95477386934673,45.819397993311036,-0.11300075054168701,-0.07893502712249756,0.001,2.5
443,87.58563347437872,86.38242296710062,0.01538168128979216,0.015367802677919035,138.8121273226075,141.9621448325473,2.890566595435342,2.9329779506925755,8.814587826305498,8.446084325528863,2.890566595435342,2.9329779506925755,40.95477386934673,45.819397993311036,-0.11137771606445312,-0.06267213821411133,0.001,2.5
444,87.78688763693549,85.46148982733787,0.015243001928056903,0.015219910032922607,140.15945564921776,141.468247429583,2.8419019401173298,2.9302913568490325,9.000591225360505,8.27008681791682,2.8419019401173298,2.9302913568490325,40.95477386934673,45.819397993311036,-0.08034253120422363,-0.055985212326049805,0.001,2.5
445,88.25976848762039,84.49989836829961,0.01520586889424366,0.015067452178601438,142.50006650480594,139.9335882894969,2.86581509716347,2.9269817034935075,9.02296712769935,8.088034507024249,2.86581509716347,2.9269817034935075,40.95477386934673,45.819397993311036,-0.08682417869567871,-0.06108999252319336,0.001,2.5
446,87.5892718776786,84.67635353113896,0.015014151427926031,0.01492622543599793,139.46998519514074,138.65498683763587,2.8309874007450277,2.9268260584228414,8.993995190465471,8.124075578606647,2.8309874007450277,2.9268260584228414,40.95477386934673,45.819397993311036,-0.10159540176391602,-0.073280930519104,0.001,2.5
447,88.27139335900695,85.64859822761255,0.014893069660518836,0.014852179282883737,138.28634860807128,138.78308278980063,2.860503190326531,2.9260599007175916,9.042133394397883,8.32081282816603,2.860503190326531,2.9260599007175916,40.95477386934673,45.819397993311036,-0.0887826681137085,-0.07502949237823486,0.001,2.5
448,87.54194694787414,85.83687660446932,0.014758907525271326,0.014769634770783892,137.7682810261022,139.56684650944229,2.8309954678393288,2.928670769152434,8.98489758796628,8.350495332060849,2.8309954678393288,2.928670769152434,40.95477386934673,45.819397993311036,-0.08829963207244873,-0.07240068912506104,0.001,2.5
449,86.99283592185782,85.44839985314819,0.01471781454531092,0.014632657827516663,138.97309642900373,138.30528039836565,2.8309528400350854,2.928011025074732,8.87497049360419,8.275059337998712,2.8309528400350854,2.928011025074732,40.95477386934673,45.819397993311036,-0.07177615165710449,-0.06834876537322998,0.001,2.5
450,87.92068837994906,84.872326394786,0.014636228411728314,0.01458418645575194,138.92938705265422,138.06639553312473,2.9045675120361687,2.930472676969292,8.839722238793046,8.15251687378389,2.9045675120361687,2.930472676969292,40.95477386934673,45.819397993311036,-0.12335002422332764,-0.06886398792266846,0.001,2.5
451,87.52487473991049,84.85328184402108,0.014560308900210926,0.014499780236055021,138.08764967926382,137.17813100145014,2.8649541173548356,2.928330556206081,8.87958347138448,8.155329377356182,2.8649541173548356,2.928330556206081,40.95477386934673,45.819397993311036,-0.09430694580078125,-0.06638550758361816,0.001,2.5
452,87.60430565711042,85.65851391438258,0.014475810984258776,0.014467471525272398,137.46636047874463,139.11937461010987,2.832561205779288,2.9291946242086864,8.992789175841876,8.313401654412516,2.832561205779288,2.9291946242086864,40.95477386934673,45.819397993311036,-0.08517265319824219,-0.07211697101593018,0.001,2.5
453,88.28566193700436,84.97653478922254,0.014449466575230385,0.01440454599288694,139.4469066217317,139.09419020840954,2.883124735686847,2.9316154196110857,8.976978979318385,8.16976060835414,2.883124735686847,2.9316154196110857,40.95477386934673,45.819397993311036,-0.10476469993591309,-0.058541297912597656,0.001,2.5
454,87.49661359675166,85.25545259303472,0.014434966266504683,0.014399940540459642,140.69223132365113,140.3686018723708,2.8489608684776218,2.9294952684421602,8.92141462610395,8.231651188139134,2.8489608684776218,2.9294952684421602,40.95477386934673,45.819397993311036,-0.0865018367767334,-0.05888628959655762,0.001,2.5
455,88.29725986908828,85.38273493023621,0.014333435070624503,0.014302211639200365,139.28143568693892,139.97117594332997,2.8645785785400286,2.9328485316656105,9.034993203640783,8.247146639935547,2.8645785785400286,2.9328485316656105,40.95477386934673,45.819397993311036,-0.09630429744720459,-0.07879209518432617,0.001,2.5
456,87.92075535759854,84.9476822307676,0.01430598139244957,0.014271486179909379,140.52362270131582,140.18017185172906,2.850217093574741,2.927719065178198,9.002533953393524,8.175489057266592,2.850217093574741,2.927719065178198,40.95477386934673,45.819397993311036,-0.08137726783752441,-0.08137118816375732,0.001,2.5
457,88.35722821361855,85.13076450513756,0.014246579921075846,0.014199294666930984,140.31045562897495,139.99411071981476,2.872488037425669,2.927453892685498,9.023070124525521,8.212953066746127,2.872488037425669,2.927453892685498,40.95477386934673,45.819397993311036,-0.10064840316772461,-0.07873034477233887,0.001,2.5
458,88.3249185584498,85.53825008430609,0.01420070811594451,0.014213647425523569,140.59901594356876,141.55052174852045,2.866869121740012,2.9298656441296225,9.033416093094665,8.286900344899665,2.866869121740012,2.9298656441296225,40.95477386934673,45.819397993311036,-0.0999828577041626,-0.07155454158782959,0.001,2.5
459,88.05772663161183,85.20068287929165,0.014174214456623523,0.014141779800995338,140.3409186128396,139.7050369926121,2.882952630619707,2.9299903705367276,8.931784177745008,8.21939670760496,2.882952630619707,2.9299903705367276,40.95477386934673,45.819397993311036,-0.10926640033721924,-0.084716796875,0.001,2.5
460,87.92672990195116,85.82216463120885,0.014182902736842033,0.014206559512527491,141.37278440849266,142.34350228708325,2.8662434295194235,2.929215936756453,8.9555044701351,8.345475332394093,2.8662434295194235,2.929215936756453,40.95477386934673,45.819397993311036,-0.09738039970397949,-0.07781600952148438,0.001,2.5
461,87.83030943495145,84.73185219653075,0.0141832891280702,0.014155275721015739,141.43753864537533,140.29611384669275,2.8608696388838877,2.927139112383227,8.952328531786026,8.134063200807093,2.8608696388838877,2.927139112383227,40.95477386934673,45.819397993311036,-0.08369159698486328,-0.07816147804260254,0.001,2.5
462,87.7927344496326,85.58170923341477,0.014180394958149349,0.014201132275388393,141.2131052448522,142.40075377397315,2.83096635960654,2.929287919232678,9.034569182787308,8.297157115362161,2.83096635960654,2.929287919232678,40.95477386934673,45.819397993311036,-0.07573914527893066,-0.07276451587677002,0.001,2.5
463,87.59973763061728,84.9104210844008,0.014180924142812265,0.014133786000809742,142.0525055954005,140.81602335135673,2.8416558957379467,2.9241465581300665,8.963733229006156,8.178654015263586,2.8416558957379467,2.9241465581300665,40.95477386934673,45.819397993311036,-0.08355343341827393,-0.07758200168609619,0.001,2.5
464,88.07379849432301,85.34262569771961,0.014132800120454737,0.01414059782494171,141.04434329341206,141.54139194041989,2.8595768730444724,2.9274788859695895,9.004993586484312,8.254952505679434,2.8595768730444724,2.9274788859695895,40.95477386934673,45.819397993311036,-0.08656346797943115,-0.08492767810821533,0.001,2.5
465,88.11852352583229,85.39348877871714,0.014155693693863387,0.014151630705116585,142.06830401396633,142.253609443588,2.867588279235303,2.9308873387084757,8.989695114506349,8.254754919670896,2.867588279235303,2.9308873387084757,40.95477386934673,45.819397993311036,-0.10458576679229736,-0.0845942497253418,0.001,2.5
466,88.04802339640095,85.08717984100647,0.014141287220957092,0.014113181644433917,142.07812681469684,141.81019189126516,2.8799027777596735,2.9342042570528775,8.938652182344216,8.183638883673627,2.8799027777596735,2.9342042570528775,40.95477386934673,45.819397993311036,-0.09620940685272217,-0.07132375240325928,0.001,2.5
467,87.66080189869432,85.17784460571697,0.01410694676802386,0.014099527720399326,141.8177667359012,141.740550369722,2.8408501819150533,2.9273164774661877,8.978425033927163,8.222451843146896,2.8408501819150533,2.9273164774661877,40.95477386934673,45.819397993311036,-0.08641707897186279,-0.07446885108947754,0.001,2.5
468,87.33097027853705,85.324682458986,0.014104272944032147,0.014103500287743117,141.76868460445948,141.8879806875784,2.8349800201716335,2.9317811699615275,8.930079546406041,8.238394563413385,2.8349800201716335,2.9317811699615275,40.95477386934673,45.819397993311036,-0.07408618927001953,-0.07998216152191162,0.001,2.5
469,87.91320670429786,85.1084240049024,0.014114624744209412,0.014112170028771246,142.19716093488276,142.1187447130082,2.848223891090508,2.9290789927925953,9.00670720025323,8.203201113735952,2.848223891090508,2.9290789927925953,40.95477386934673,45.819397993311036,-0.08444905281066895,-0.07542288303375244,0.001,2.5
470,87.38259980986066,85.38984687830693,0.014089437671180446,0.014078251631263906,141.8885543286501,142.43508018059873,2.822938850776634,2.9306780215489825,8.976508049509633,8.254633579764478,2.822938850776634,2.9306780215489825,40.95477386934673,45.819397993311036,-0.07684087753295898,-0.07949221134185791,0.001,2.5
471,87.53680596279739,85.3426565725269,0.014077405417197613,0.014056306740387428,143.05735622898018,142.98236849475464,2.8457328614278055,2.929972466019085,8.938735856482731,8.247205947952526,2.8457328614278055,2.929972466019085,40.95477386934673,45.819397993311036,-0.08775293827056885,-0.07082951068878174,0.001,2.5
472,88.40791923995793,85.45106146566845,0.014047235882274769,0.0140466656205696,142.77917495804218,142.92167464546534,2.879900433509993,2.929764541096512,9.01051720822077,8.269524315926542,2.879900433509993,2.929764541096512,40.95477386934673,45.819397993311036,-0.09978735446929932,-0.07243072986602783,0.001,2.5
473,88.26640069344934,85.26756342757108,0.014052684691857852,0.014055081590212707,143.06641785383624,143.0200919467071,2.8582812098402473,2.9274753423837514,9.047012469676671,8.23967127018549,2.8582812098402473,2.9274753423837514,40.95477386934673,45.819397993311036,-0.09657478332519531,-0.0799713134765625,0.001,2.5
474,88.25335818599017,85.33941931070692,0.014057286829380334,0.014057262342759598,142.80644080387287,142.9533826132682,2.883724733812725,2.9328674520537206,8.968124860894541,8.237879644668222,2.883724733812725,2.9328674520537206,40.95477386934673,45.819397993311036,-0.10796582698822021,-0.09048449993133545,0.001,2.5
475,88.60069249343233,85.39276454759681,0.014069602854387644,0.014075877369197715,143.2982942207375,143.5762276537841,2.892977317174276,2.927259221922195,9.009732894961358,8.265245038928795,2.892977317174276,2.927259221922195,40.95477386934673,45.819397993311036,-0.12206912040710449,-0.07825255393981934,0.001,2.5
476,88.5404815418237,85.34131665692281,0.014081823187170417,0.01406968902347977,143.66665225132826,143.849280264864,2.881020839090523,2.926723612590777,9.03348444454634,8.25650953528873,2.881020839090523,2.926723612590777,40.95477386934673,45.819397993311036,-0.08607709407806396,-0.07584190368652344,0.001,2.5
477,87.90345674703269,85.03242385507029,0.014058610906440708,0.014030950935090266,143.4575766558623,142.67155359580764,2.845502262738482,2.926728505354661,9.012681344446026,8.194958830358193,2.845502262738482,2.926728505354661,40.95477386934673,45.819397993311036,-0.08180248737335205,-0.0727623701095581,0.001,2.5
478,87.40020767288591,85.38905007863124,0.014030252778325447,0.014032692237317962,142.7242564036818,143.14663415608996,2.8182707763397112,2.9308878928921294,8.993878334211544,8.253710048254517,2.8182707763397112,2.9308878928921294,40.95477386934673,45.819397993311036,-0.07123494148254395,-0.0773535966873169,0.001,2.5
479,88.61367838746139,85.28671729046366,0.014036061338943053,0.014035703134676286,143.16844995137635,143.19296484089216,2.8699989422681544,2.9273077397043488,9.081297666782909,8.243974578819147,2.8699989422681544,2.9273077397043488,40.95477386934673,45.819397993311036,-0.09945297241210938,-0.08409452438354492,0.001,2.5
480,87.99681628049917,85.336568800502,0.014034590070795773,0.014035305248131123,142.94902820683004,142.72816543834264,2.8719856076104757,2.929600961232265,8.95200951095402,8.24715694695412,2.8719856076104757,2.929600961232265,40.95477386934673,45.819397993311036,-0.10222470760345459,-0.08438992500305176,0.001,2.5
481,87.7832862048892,85.46152871428525,0.014040642177726655,0.014052353581307724,142.92657810639298,143.3612137095984,2.836551352761299,2.9267397987403996,9.015609629389829,8.280604633599221,2.836551352761299,2.9267397987403996,40.95477386934673,45.819397993311036,-0.07931089401245117,-0.07664430141448975,0.001,2.5
482,88.165652532274,85.39271744437839,0.014046517261608162,0.014032386227769398,143.31612982821824,143.14140457612615,2.8757323008685853,2.9307602743639993,8.97446131426685,8.254827625376723,2.8757323008685853,2.9307602743639993,40.95477386934673,45.819397993311036,-0.10679316520690918,-0.07953786849975586,0.001,2.5
483,88.19523922202974,85.28170115493214,0.014024203836643316,0.01401220607792454,142.94973274371532,142.67517421556556,2.8681772657774602,2.9304228363228484,9.003121348881043,8.233734470546047,2.8681772657774602,2.9304228363228484,40.95477386934673,45.819397993311036,-0.09310615062713623,-0.07614195346832275,0.001,2.5
484,87.33557292484558,85.25287768513861,0.014015850547070878,0.014011346152594258,142.6444593266626,142.80205211830778,2.8303287220959685,2.9254293290269016,8.94479642321716,8.242924518011087,2.8303287220959685,2.9254293290269016,40.95477386934673,45.819397993311036,-0.08153939247131348,-0.07047736644744873,0.001,2.5
485,87.32340244312383,85.41188268757186,0.014021473518655427,0.014022292656493825,143.15095573693662,143.51726840730495,2.816596944927171,2.926789996616019,8.983455245818325,8.270498454371424,2.816596944927171,2.926789996616019,40.95477386934673,45.819397993311036,-0.06597721576690674,-0.07184195518493652,0.001,2.5
486,87.64602939727119,85.22948213405034,0.01402612711604017,0.014015309565566654,143.58686521903954,143.52797119753018,2.827776909673234,2.925630571052781,9.014352517311696,8.237495872089296,2.827776909673234,2.925630571052781,40.95477386934673,45.819397993311036,-0.06671476364135742,-0.07671129703521729,0.001,2.5
487,87.40934922108099,85.39545269714151,0.014016394962055898,0.014006339125708991,143.56036353949926,143.6080714197063,2.8845453997153534,2.9280518584426827,8.796718662907331,8.263412448474794,2.8845453997153534,2.9280518584426827,40.95477386934673,45.819397993311036,-0.09027433395385742,-0.07748138904571533,0.001,2.5
488,88.1462172056163,85.2486450297378,0.014008582248297869,0.01399889958393215,143.64197357535562,143.54175029231553,2.8521017704776783,2.9258934917258577,9.041408356709695,8.240540234938912,2.8521017704776783,2.9258934917258577,40.95477386934673,45.819397993311036,-0.08499693870544434,-0.07459986209869385,0.001,2.5
489,87.84204111786144,85.29580956398443,0.013999073050129953,0.013985322912949384,143.38931829046763,143.04487160775176,2.85221278327993,2.9287686842341087,8.980292248366466,8.24145036716525,2.85221278327993,2.9287686842341087,40.95477386934673,45.819397993311036,-0.08915698528289795,-0.0781545639038086,0.001,2.5
490,87.83948290647574,85.30968227833011,0.013979779584473702,0.013974897547883534,142.8468288249107,142.8617653224779,2.8741799043850285,2.928095935579128,8.913991464042983,8.246281461173476,2.8741799043850285,2.928095935579128,40.95477386934673,45.819397993311036,-0.10127091407775879,-0.08159291744232178,0.001,2.5
491,86.77489393480259,85.38980990508728,0.013979919501260497,0.013975004017676996,143.15252537304033,143.37918254125077,2.8034809849769426,2.9284417342182785,8.91310961322369,8.26116598090998,2.8034809849769426,2.9284417342182785,40.95477386934673,45.819397993311036,-0.053635358810424805,-0.08069348335266113,0.001,2.5
492,87.53680620560894,85.38811714912337,0.013980307020371783,0.013977892341771254,143.46454603747907,143.49697983145316,2.830781238961659,2.9289427329863993,8.983529009411683,8.259300032586955,2.830781238961659,2.9289427329863993,40.95477386934673,45.819397993311036,-0.08579742908477783,-0.07807409763336182,0.001,2.5
493,87.73395336413104,85.1989264855018,0.013979444419107145,0.013972601367403631,143.44578191862632,143.4133822335846,2.835313495080076,2.921021970219437,9.009365124918109,8.245242348482776,2.835313495080076,2.921021970219437,40.95477386934673,45.819397993311036,-0.0746469497680664,-0.07257509231567383,0.001,2.5
494,88.00514664641976,85.33536894425102,0.013973944789263571,0.013965376587366579,143.40968361092573,143.43991782912443,2.8392676484445034,2.930751624314681,9.051749889974419,8.24333707783932,2.8392676484445034,2.930751624314681,40.95477386934673,45.819397993311036,-0.08370482921600342,-0.07739460468292236,0.001,2.5
495,87.74191639451325,85.2473027666277,0.013972560644237141,0.01397230363697013,143.38371657686218,143.50178441076375,2.8550765773958497,2.9252528458534672,8.951682367117161,8.242206782401604,2.8550765773958497,2.9252528458534672,40.95477386934673,45.819397993311036,-0.09111011028289795,-0.06830811500549316,0.001,2.5
496,87.45486130706429,85.3072507213988,0.013975926303621412,0.013969457294031928,143.59834895301705,143.57031826669956,2.8349385616967027,2.927220278360373,8.9546418389683,8.248280528397066,2.8349385616967027,2.927220278360373,40.95477386934673,45.819397993311036,-0.06344234943389893,-0.06127631664276123,0.001,2.5
497,88.20083869921302,85.15886172801754,0.013973141975164213,0.013964948534068456,143.51900048950807,143.38789525877274,2.8862330162744825,2.926429406456325,8.949970403508326,8.221013538016125,2.8862330162744825,2.926429406456325,40.95477386934673,45.819397993311036,-0.09256196022033691,-0.06259334087371826,0.001,2.5
498,87.91522965678817,85.12792996818007,0.013955918399670116,0.013942798742881188,143.119340880632,142.86021831601758,2.846020765640029,2.928519921159266,9.0135684995795,8.208666353321394,2.846020765640029,2.928519921159266,40.95477386934673,45.819397993311036,-0.0780954360961914,-0.07285380363464355,0.001,2.5
499,87.2254317393854,85.38253952587728,0.013946843489542778,0.013944083176877188,143.01023297333836,143.1638378028487,2.824485462514599,2.9276690913682,8.940238125160512,8.262078805113317,2.824485462514599,2.9276690913682,40.95477386934673,45.819397993311036,-0.05861854553222656,-0.0747753381729126,0.001,2.5
500,87.85819202212232,85.39234283855528,0.0139487706283903,0.013945756255832803,143.35688789406015,143.53032967557874,2.8412646061211975,2.930531157299029,9.016383198238097,8.255379952714595,2.8412646061211975,2.930531157299029,40.95477386934673,45.819397993311036,-0.07831788063049316,-0.07697725296020508,0.001,2.5
501,87.27853525184108,85.28025777044903,0.01394934027800508,0.013950508676568999,143.71109233709237,143.94883549412756,2.807449178280343,2.925823731565954,9.001827372578122,8.247000679921944,2.807449178280343,2.925823731565954,40.95477386934673,45.819397993311036,-0.061745285987854004,-0.07178890705108643,0.001,2.5
502,87.79059029583955,85.26654680437069,0.013948876930204168,0.013935176895489064,144.00744544561184,143.9568395199983,2.841463635315248,2.927982790414306,9.002135949318532,8.237781958436488,2.841463635315248,2.927982790414306,40.95477386934673,45.819397993311036,-0.07886087894439697,-0.07503318786621094,0.001,2.5
503,87.69922746565673,85.20659884959957,0.013931524969475154,0.013927250390367763,143.82377041763996,143.66615269893788,2.8464784318677943,2.9270639132496505,8.968859035166064,8.228609707044518,2.8464784318677943,2.9270639132496505,40.95477386934673,45.819397993311036,-0.09319639205932617,-0.07778477668762207,0.001,2.5
504,87.98501454006687,85.28855717381506,0.013925411573094838,0.0139262522524067,143.68129174313952,143.779268092535,2.8341193322959657,2.928617862554697,9.063123479360712,8.240316965109528,2.8341193322959657,2.928617862554697,40.95477386934673,45.819397993311036,-0.07896006107330322,-0.08062994480133057,0.001,2.5
505,87.82611089096197,85.34650801336487,0.013927721187559704,0.013922520006779444,143.8275817922212,143.83739958798208,2.8632648538305134,2.928244227948396,8.943876656255929,8.25301641923528,2.8632648538305134,2.928244227948396,40.95477386934673,45.819397993311036,-0.0884096622467041,-0.07776594161987305,0.001,2.5
506,87.99567842723137,85.36465091769114,0.01392415705194675,0.013920054733628612,143.76584958790534,143.70903275403688,2.836575089187878,2.930787544984084,9.057872253047362,8.24904254288179,2.836575089187878,2.930787544984084,40.95477386934673,45.819397993311036,-0.0653759241104126,-0.0775749683380127,0.001,2.5
507,87.38069710020643,85.31661992407962,0.01392269575690704,0.013918978919004118,143.69584642982164,143.6277470413259,2.8308669618226374,2.929927867391835,8.95201479849504,8.24203023942418,2.8308669618226374,2.929927867391835,40.95477386934673,45.819397993311036,-0.07775294780731201,-0.07719790935516357,0.001,2.5
508,87.03489840969169,85.35008617388365,0.01392115286272175,0.013924008493863022,143.64739123780524,143.70737663957985,2.824353662567522,2.932399672409364,8.902405181322465,8.241292168862843,2.824353662567522,2.932399672409364,40.95477386934673,45.819397993311036,-0.07598280906677246,-0.07598376274108887,0.001,2.5
509,87.58494319947721,85.31775106474707,0.013924734158382144,0.013922242967904013,143.8017187581789,143.8855913347225,2.8483518419952647,2.9265906284485372,8.940387749791745,8.252216563974336,2.8483518419952647,2.9265906284485372,40.95477386934673,45.819397993311036,-0.09001696109771729,-0.06924831867218018,0.001,2.5
510,88.02467180057187,85.31328069884641,0.013921786665953883,0.013915659068619527,143.89383634889944,143.8323265254298,2.8488635713331263,2.93014014445021,9.026780515060553,8.24068592543586,2.8488635713331263,2.93014014445021,40.95477386934673,45.819397993311036,-0.0748891830444336,-0.06967043876647949,0.001,2.5
511,88.055407449029,85.31320570623596,0.01391709406222131,0.013913557656034577,143.7695492436139,143.72287395566602,2.8678358084392706,2.9293002755346906,8.976036511074557,8.243212564334423,2.8678358084392706,2.9293002755346906,40.95477386934673,45.819397993311036,-0.0904381275177002,-0.07378780841827393,0.001,2.5
512,87.54679641851429,85.46622500212297,0.01391583887183137,0.013919308438996806,143.82045813581252,143.9721074949539,2.8542005252997877,2.9313996874767803,8.915211134420169,8.26746767579911,2.8542005252997877,2.9313996874767803,40.95477386934673,45.819397993311036,-0.08908998966217041,-0.0701667070388794,0.001,2.5
513,88.79327505038212,85.44004686540585,0.013922069385535453,0.013920205922479613,144.04873562657852,144.10737395525777,2.89481201603185,2.930891561667656,9.042625015105434,8.263729307563807,2.89481201603185,2.930891561667656,40.95477386934673,45.819397993311036,-0.09498810768127441,-0.06910169124603271,0.001,2.5
514,87.07681716586677,85.20945443756206,0.013916828658687609,0.013909916035257854,144.02527816491312,143.9106263635948,2.8270176036074335,2.926753715527895,8.90272211908695,8.230065517999655,2.8270176036074335,2.926753715527895,40.95477386934673,45.819397993311036,-0.06998395919799805,-0.06995284557342529,0.001,2.5
515,87.29245034733809,85.30287267372361,0.01390923611457823,0.013905724903014192,143.84238772496107,143.77157225337714,2.8626788712825806,2.9278038776040476,8.838903334472247,8.245627513298622,2.8626788712825806,2.9278038776040476,40.95477386934673,45.819397993311036,-0.08249807357788086,-0.07184386253356934,0.001,2.5
516,87.9195726864302,85.2050120886353,0.013905795734107395,0.013901568024129573,143.73547598425068,143.7165721778487,2.851572827877511,2.9289576624548155,8.997667834986395,8.222605501130273,2.851572827877511,2.9289576624548155,40.95477386934673,45.819397993311036,-0.08985793590545654,-0.0740973949432373,0.001,2.5
517,87.98553436125943,85.19761162697272,0.013905605965822786,0.013904939611196319,143.76407841821413,143.78002051924383,2.8282849796652996,2.9285265665787916,9.080717974971087,8.22240488186329,2.8282849796652996,2.9285265665787916,40.95477386934673,45.819397993311036,-0.07340633869171143,-0.07380092144012451,0.001,2.5
518,87.61009788832672,85.2780255218812,0.0139071363175734,0.013905914285435127,143.76909421476688,143.73733520507812,2.8479676454310843,2.926679376774408,8.946581340515035,8.244038063546885,2.8479676454310843,2.926679376774408,40.95477386934673,45.819397993311036,-0.08297431468963623,-0.07291936874389648,0.001,2.5
519,87.56255318850928,85.25765404334435,0.013905019683442025,0.013905897182116541,143.71832781461015,143.7052567395877,2.833390972322755,2.926777959268627,8.980813203744553,8.239674431025783,2.833390972322755,2.926777959268627,40.95477386934673,45.819397993311036,-0.06683266162872314,-0.0730431079864502,0.001,2.5
520,88.03886467248351,85.29343228037142,0.013902507129576138,0.013901700128654772,143.7007895873819,143.72564467618298,2.8613821553624854,2.930462393872315,8.992105349024737,8.23577441658862,2.8613821553624854,2.930462393872315,40.95477386934673,45.819397993311036,-0.08722996711730957,-0.07604682445526123,0.001,2.5
521,87.59762902954715,85.41773532625027,0.013904958847953846,0.013904522014252319,143.75403156631955,143.77887049646282,2.844323569206736,2.9302759401774328,8.955023377384972,8.261182376772265,2.844323569206736,2.9302759401774328,40.95477386934673,45.819397993311036,-0.06650197505950928,-0.07434689998626709,0.001,2.5
522,87.55212659212812,85.28826952777978,0.013904303448022012,0.013902105450206577,143.8280962460005,143.87137886991468,2.8818535425355485,2.92729473034275,8.833318025023495,8.244215866395063,2.8818535425355485,2.92729473034275,40.95477386934673,45.819397993311036,-0.09659039974212646,-0.07117760181427002,0.001,2.5
523,88.54864997799872,85.23972067944581,0.013907314835106908,0.013901186549419344,143.9016322354775,143.9121283081463,2.8949068958435826,2.9267445049158307,8.99344787405963,8.236148052789694,2.8949068958435826,2.9267445049158307,40.95477386934673,45.819397993311036,-0.10378170013427734,-0.06840920448303223,0.001,2.5
524,88.73109413031956,85.38077443100536,0.01390470835338136,0.01390538377730942,143.90835576400886,143.91669037987955,2.87498854033312,2.927795979490248,9.089690829042214,8.261203234809697,2.87498854033312,2.927795979490248,40.95477386934673,45.819397993311036,-0.09264945983886719,-0.06881392002105713,0.001,2.5
525,87.9208893384566,85.39316002581032,0.01390209131510663,0.0138998566893082,143.88754333802802,143.81612118111806,2.8688309400325247,2.9298129217281788,8.946127488984535,8.257649908097692,2.8688309400325247,2.9298129217281788,40.95477386934673,45.819397993311036,-0.08449172973632812,-0.06960403919219971,0.001,2.5
526,87.70005113355678,85.28944810337845,0.013897015274794058,0.013901893473090137,143.79868668088162,143.79893299727934,2.8476148278669298,2.9301101475655034,8.965626419489109,8.236018646520915,2.8476148278669298,2.9301101475655034,40.95477386934673,45.819397993311036,-0.08100879192352295,-0.07143557071685791,0.001,2.5
527,88.37900478037159,85.17152108795268,0.013898764772830497,0.013896226368994019,143.8093305424829,143.79946705489652,2.8778612318150762,2.9253034240824722,9.010675847230845,8.226855292368095,2.8778612318150762,2.9253034240824722,40.95477386934673,45.819397993311036,-0.09922873973846436,-0.07163345813751221,0.001,2.5
528,86.9442376116013,85.30054624423533,0.013896931120361415,0.013890815285162185,143.78481317005765,143.75646615427075,2.8035231599056942,2.929146548976069,8.946741880483962,8.241140194959863,2.8035231599056942,2.929146548976069,40.95477386934673,45.819397993311036,-0.05833256244659424,-0.07503211498260498,0.001,2.5
529,87.41987662259459,85.22284346360426,0.013893393567221947,0.01389359111234197,143.76873797188253,143.7832184348218,2.8474300554649314,2.9269720822273686,8.910153168529721,8.232117389755505,2.8474300554649314,2.9269720822273686,40.95477386934673,45.819397993311036,-0.0775296688079834,-0.07257688045501709,0.001,2.5
530,87.98626139016207,85.2618365335624,0.013895082140849963,0.013888192877023914,143.78399520183928,143.78296102568459,2.85015199571798,2.9334939809945912,9.015260686027744,8.220351507831179,2.85015199571798,2.9334939809945912,40.95477386934673,45.819397993311036,-0.09140050411224365,-0.0766916275024414,0.001,2.5
531,88.2955891850406,85.1835652226987,0.013893586984356644,0.013891837151602757,143.77145372962633,143.76235926191146,2.9090414418647037,2.9287695326534005,8.900460736835422,8.21887441303419,2.9090414418647037,2.9287695326534005,40.95477386934673,45.819397993311036,-0.1181713342666626,-0.07773470878601074,0.001,2.5
532,88.27730078513498,85.27887440046737,0.013894500605562325,0.013887022600126107,143.76673521108964,143.76458270733173,2.8624439698767223,2.9286417745826236,9.036596111316777,8.23831899827938,2.8624439698767223,2.9286417745826236,40.95477386934673,45.819397993311036,-0.09558320045471191,-0.07714438438415527,0.001,2.5
533,87.12412768033282,85.29952107305112,0.013893370543118297,0.013891280949564284,143.79346510792897,143.81030737835428,2.8191660089508774,2.928538147023689,8.935790485273454,8.242750263533067,2.8191660089508774,2.928538147023689,40.95477386934673,45.819397993311036,-0.07183456420898438,-0.07412254810333252,0.001,2.5
534,87.95036896109781,85.35130651977947,0.013895127653975782,0.013893435301140797,143.83312760805165,143.84619742811324,2.8597211378503284,2.9317867165823843,8.979364580445154,8.243353475296377,2.8597211378503284,2.9317867165823843,40.95477386934673,45.819397993311036,-0.08370804786682129,-0.07422411441802979,0.001,2.5
535,88.23877713508541,85.16652842748125,0.013893491855293661,0.01388602981649115,143.8483639817741,143.81260721978535,2.8714063311342017,2.9293836534621325,9.001987845454384,8.21361528989862,2.8714063311342017,2.9293836534621325,40.95477386934673,45.819397993311036,-0.09352171421051025,-0.07162785530090332,0.001,2.5
536,88.12863138732399,85.25894287517637,0.013890839259840635,0.013888120461242853,143.81990365646593,143.78979078822312,2.8870869285896594,2.9305349329243535,8.932923420789454,8.228648617913493,2.8870869285896594,2.9305349329243535,40.95477386934673,45.819397993311036,-0.09619355201721191,-0.07137465476989746,0.001,2.5
537,88.4001690275106,85.3119023555896,0.013888017809520814,0.01388558639481315,143.77855985248507,143.75145223866338,2.885895070518481,2.932191170178927,8.990815165853581,8.234278369508061,2.885895070518481,2.932191170178927,40.95477386934673,45.819397993311036,-0.09032642841339111,-0.06743216514587402,0.001,2.5
538,87.3030552696343,85.21008229335415,0.013887832332808069,0.013883728646115714,143.74524235046488,143.73159315434586,2.826949548481697,2.928602440301391,8.948235722642448,8.224685751873514,2.826949548481697,2.928602440301391,40.95477386934673,45.819397993311036,-0.07170259952545166,-0.06725811958312988,0.001,2.5
539,88.34002415898257,85.14107510876097,0.013886711947070793,0.013881963964265127,143.7337104375638,143.72243808503933,2.8820136971210117,2.928195479721529,8.990439574722469,8.21210766317055,2.8820136971210117,2.928195479721529,40.95477386934673,45.819397993311036,-0.09336447715759277,-0.06506729125976562,0.001,2.5
540,88.93404632517242,85.21770903418296,0.01388863284434106,0.013882064413167163,143.71791820430278,143.70470563703557,2.894018194383912,2.9265100581191454,9.07323348781771,8.232494325542131,2.894018194383912,2.9265100581191454,40.95477386934673,45.819397993311036,-0.10521113872528076,-0.06536507606506348,0.001,2.5
541,87.81853472327866,85.27107800129664,0.013885844200911933,0.013886068274818336,143.69895313972205,143.6829267010641,2.8529185434082645,2.9306779378233943,8.973434151117527,8.230667565578601,2.8529185434082645,2.9306779378233943,40.95477386934673,45.819397993311036,-0.08952021598815918,-0.07197797298431396,0.001,2.5
542,87.5947598915803,85.22706953578171,0.013885932398875754,0.013880063670634426,143.68010201765665,143.67272500130645,2.8288521638867046,2.931168828122193,9.000882314876895,8.220396946106467,2.8288521638867046,2.931168828122193,40.95477386934673,45.819397993311036,-0.07369005680084229,-0.07213807106018066,0.001,2.5
543,88.33280788913643,85.28255454991573,0.01388522713808608,0.013883622110911636,143.6745967385757,143.6737929634426,2.8636344665258973,2.933898401100899,9.044146042572994,8.223304479018502,2.8636344665258973,2.933898401100899,40.95477386934673,45.819397993311036,-0.08434092998504639,-0.07417893409729004,0.001,2.5
544,87.52030377411963,85.15610608767506,0.013884338015188125,0.013884609621205059,143.6702694277867,143.66752155010516,2.8272536747419656,2.9254580532826706,8.990788605145275,8.223336321853076,2.8272536747419656,2.9254580532826706,40.95477386934673,45.819397993311036,-0.0654904842376709,-0.06947875022888184,0.001,2.5
545,87.55884573727197,85.31938617923188,0.013884631169638543,0.013883294288480163,143.67721355700212,143.68601760098767,2.82211188495259,2.929344040095607,9.013921074731465,8.244331906870457,2.82211188495259,2.929344040095607,40.95477386934673,45.819397993311036,-0.06578004360198975,-0.06910085678100586,0.001,2.5
546,88.05010988884037,85.2046592482755,0.013886126961053616,0.013877181339398475,143.68784008952642,143.67634577416257,2.86696413733452,2.92990422089363,8.977614744624102,8.219709031159264,2.86696413733452,2.92990422089363,40.95477386934673,45.819397993311036,-0.0832895040512085,-0.07131052017211914,0.001,2.5
547,88.45809228536072,85.1757407810377,0.013885651808700071,0.013881881783613593,143.68440129010122,143.68849825141422,2.880900652963712,2.925424125282262,9.01740232304712,8.227361658345098,2.880900652963712,2.925424125282262,40.95477386934673,45.819397993311036,-0.09830892086029053,-0.06986713409423828,0.001,2.5
548,88.01333542764687,85.3172575526413,0.013880620214470367,0.013880547273119158,143.69188497214262,143.68400788067973,2.8448605601312327,2.9292329617567288,9.036570678404228,8.244239960227125,2.8448605601312327,2.9292329617567288,40.95477386934673,45.819397993311036,-0.05980050563812256,-0.0710291862487793,0.001,2.5
549,88.33040397810177,85.27991949993631,0.013883684797702323,0.01388235865814929,143.69021713793578,143.68951609940035,2.8824860610354883,2.9285512815749764,8.987107562859054,8.238815642519539,2.8824860610354883,2.9285512815749764,40.95477386934673,45.819397993311036,-0.08762133121490479,-0.07220840454101562,0.001,2.5
550,87.50120398746662,85.37025775718051,0.013882732447829577,0.01388176703781986,143.68941345726026,143.68373965260176,2.84060286037886,2.932618368429484,8.94691799234106,8.244683495333362,2.84060286037886,2.932618368429484,40.95477386934673,45.819397993311036,-0.07781994342803955,-0.07486367225646973,0.001,2.5
551,87.22760873663566,85.16193639953,0.013883883520411686,0.013882076224455467,143.6840573667082,143.67999691149862,2.847725896579736,2.9245960202105468,8.870830275505233,8.227086086336984,2.847725896579736,2.9245960202105468,40.95477386934673,45.819397993311036,-0.08719027042388916,-0.0713963508605957,0.001,2.5
552,88.43124496996703,85.18600622068679,0.013883077818744346,0.013881851862929138,143.68507357138884,143.68095377536122,2.8755703443658214,2.925681449896516,9.028024461001806,8.228644611843453,2.8755703443658214,2.925681449896516,40.95477386934673,45.819397993311036,-0.09328842163085938,-0.06914377212524414,0.001,2.5
553,87.2860685313367,85.18522587906955,0.013884347571774543,0.013879661018458696,143.68353803113877,143.6805047893205,2.8247637888494648,2.927650856732525,8.951408673770464,8.222580726330097,2.8247637888494648,2.927650856732525,40.95477386934673,45.819397993311036,-0.07443487644195557,-0.0739520788192749,0.001,2.5
554,88.28403599417989,85.19654305244369,0.013883448333808624,0.013881666616950944,143.68337976912557,143.67977241847825,2.867352535576876,2.92852379406575,9.02323599676391,8.2222242929465,2.867352535576876,2.92852379406575,40.95477386934673,45.819397993311036,-0.09606015682220459,-0.07620847225189209,0.001,2.5
555,88.2540525247903,85.12492439499667,0.013883622965371389,0.013879083589118062,143.68253118109263,143.67778668355783,2.856383233014463,2.930362443062773,9.050147672394413,8.202385969385256,2.856383233014463,2.930362443062773,40.95477386934673,45.819397993311036,-0.08648049831390381,-0.0769275426864624,0.001,2.5
556,88.34291267075531,85.24742366318719,0.013883307981780627,0.013877462103564204,143.68324732181415,143.68085793587676,2.8688088082388616,2.9311600616544387,9.030642761856667,8.224492320248913,2.8688088082388616,2.9311600616544387,40.95477386934673,45.819397993311036,-0.09537649154663086,-0.07751083374023438,0.001,2.5
557,88.58623695054047,85.19511839697593,0.01388189948664688,0.01387785271395708,143.68126350032225,143.67463883109716,2.885825386398801,2.9262593382577036,9.028258505778098,8.228735260341479,2.885825386398801,2.9262593382577036,40.95477386934673,45.819397993311036,-0.08465588092803955,-0.07432663440704346,0.001,2.5
558,87.78911627636883,85.21655890933646,0.013882705707795656,0.013877723817666837,143.67884088001858,143.68461813017677,2.8687036836167277,2.9303633305540053,8.920199744066402,8.220709872485005,2.8687036836167277,2.9303633305540053,40.95477386934673,45.819397993311036,-0.10819351673126221,-0.0752333402633667,0.001,2.5
559,88.00243208995417,85.1894454700891,0.013883404538247553,0.013880441784484929,143.6976773822727,143.70649948885608,2.877962907554716,2.9279526093333064,8.935081210368043,8.222513771376084,2.877962907554716,2.9279526093333064,40.95477386934673,45.819397993311036,-0.09598755836486816,-0.07300734519958496,0.001,2.5
560,87.44982953606738,85.15249827713473,0.013882537027649345,0.013882108805171623,143.71482846565183,143.71879991001907,2.8197365993231385,2.9285996478536855,8.999236351281555,8.213180371351465,2.8197365993231385,2.9285996478536855,40.95477386934673,45.819397993311036,-0.06779968738555908,-0.07217085361480713,0.001,2.5
561,87.73582453384272,85.14002582460742,0.013882447706482419,0.01387988424308623,143.72501742620165,143.7224922818085,2.846848638013779,2.9304581087169836,8.97509751886978,8.205111286711933,2.846848638013779,2.9304581087169836,40.95477386934673,45.819397993311036,-0.08937370777130127,-0.07452535629272461,0.001,2.5
562,88.14352133286059,85.12250046745989,0.013883557828951322,0.013880556670444267,143.72373773264925,143.71443814178772,2.880394363323448,2.928763796254544,8.955999516562201,8.20668985692155,2.880394363323448,2.928763796254544,40.95477386934673,45.819397993311036,-0.08107006549835205,-0.07132911682128906,0.001,2.5
563,87.54541480800815,85.13222189810763,0.013882909803159873,0.013880746031061661,143.71790499024254,143.71474331756897,2.851851425378566,2.924510774006413,8.922008712487404,8.221393106773148,2.851851425378566,2.924510774006413,40.95477386934673,45.819397993311036,-0.09634888172149658,-0.06977128982543945,0.001,2.5
564,87.23529907686627,85.1131237629664,0.013883834684476681,0.013881377944330309,143.7177096164007,143.71606440209226,2.8516163159055727,2.9254171943983507,8.860690431578874,8.21485321816792,2.8516163159055727,2.9254171943983507,40.95477386934673,45.819397993311036,-0.08304035663604736,-0.06951546669006348,0.001,2.5
565,88.24474615867014,85.16940636778357,0.013882057526003775,0.013881086172492408,143.72142315070633,143.71795618573958,2.8844014392226587,2.9288938531907505,8.964224162013886,8.215679361668718,2.8844014392226587,2.9288938531907505,40.95477386934673,45.819397993311036,-0.09431922435760498,-0.06881189346313477,0.001,2.5
566,87.84999170095676,85.20048989898784,0.013882433692963679,0.01388053394804232,143.72212349589745,143.7200073956646,2.847583880975618,2.9312386751972315,8.995725941618083,8.214861742230163,2.847583880975618,2.9312386751972315,40.95477386934673,45.819397993311036,-0.08967041969299316,-0.06996619701385498,0.001,2.5
567,88.07787630985331,85.22804331699741,0.013881154520627442,0.01388339300555828,143.72348635879592,143.72049353353952,2.865476983276444,2.928649049140139,8.987623606095562,8.228140462601065,2.865476983276444,2.928649049140139,40.95477386934673,45.819397993311036,-0.07932460308074951,-0.07017695903778076,0.001,2.5
568,87.36102348596008,85.13287210623955,0.013880628532413362,0.01388053231277693,143.7259157011457,143.7224638565727,2.8626014000207336,2.9279866090985047,8.852879284614295,8.211093649018967,2.8626014000207336,2.9279866090985047,40.95477386934673,45.819397993311036,-0.08105182647705078,-0.0715111494064331,0.001,2.5
569,87.8079698393293,85.13928829945849,0.013885159243578388,0.013881853435898704,143.72580262764015,143.72128683747258,2.8542978496008384,2.9310480814713697,8.967178443768116,8.203192884706732,2.8542978496008384,2.9310480814713697,40.95477386934673,45.819397993311036,-0.08316099643707275,-0.07374060153961182,0.001,2.5
570,87.60099833375045,85.22572875262104,0.013883862967354868,0.013879698916123463,143.72463393730536,143.7218470238523,2.858097439035898,2.9311707219152545,8.914385525625155,8.220113666559941,2.858097439035898,2.9311707219152545,40.95477386934673,45.819397993311036,-0.08586668968200684,-0.07424139976501465,0.001,2.5
571,87.37388109881275,85.156221217535,0.013881363255444484,0.013879940468182531,143.7256876372013,143.7226622208305,2.8421639928865674,2.9275515159236947,8.916762963810957,8.21706936271693,2.8421639928865674,2.9275515159236947,40.95477386934673,45.819397993311036,-0.08230781555175781,-0.07300937175750732,0.001,2.5
572,87.64277252759567,85.03453441607115,0.013883298861995415,0.013879140748651729,143.7260063593112,143.72092501535064,2.8505616763129304,2.9253106667445254,8.945347429719602,8.199454195922035,2.8505616763129304,2.9253106667445254,40.95477386934673,45.819397993311036,-0.07811868190765381,-0.07144629955291748,0.001,2.5
573,87.80041716046868,85.17936650406955,0.013882540684299453,0.013878863687972759,143.72374644830597,143.71891095725988,2.8542313819354903,2.9336393270205496,8.965867874810044,8.203435460859318,2.8542313819354903,2.9336393270205496,40.95477386934673,45.819397993311036,-0.08960223197937012,-0.07291436195373535,0.001,2.5
574,87.79396339557078,85.17625524208299,0.013881974852015226,0.013876857005533167,143.72217152146638,143.7193076857755,2.847620892165294,2.9305097107903215,8.984409319495835,8.212202582470947,2.847620892165294,2.9305097107903215,40.95477386934673,45.819397993311036,-0.0818796157836914,-0.07245278358459473,0.001,2.5
575,87.97766932450746,85.08135180010844,0.013882149843938986,0.01387605676583223,143.72380533649695,143.7205457910646,2.886888691728039,2.9261642028655497,8.903346417936648,8.2062583830843,2.886888691728039,2.9261642028655497,40.95477386934673,45.819397993311036,-0.09972560405731201,-0.0669785737991333,0.001,2.5
576,87.36765254801841,85.13067897426643,0.013883652814493906,0.013881915557294785,143.7236606463715,143.72052619449272,2.845657031540096,2.928776922831966,8.905038301669174,8.208284786313673,2.845657031540096,2.928776922831966,40.95477386934673,45.819397993311036,-0.07267725467681885,-0.06786918640136719,0.001,2.5
577,87.5326531951751,85.02850137665918,0.013881287915036207,0.01387829842812142,143.72636099197157,143.72322031486792,2.8571952727172443,2.926754024913877,8.90342335565206,8.193917756096575,2.8571952727172443,2.926754024913877,40.95477386934673,45.819397993311036,-0.09388208389282227,-0.06798911094665527,0.001,2.5
578,88.05283165297516,85.08874930187213,0.013881452054009964,0.01387908095400469,143.72593665961645,143.72182747831312,2.8492363793167037,2.9271343814888127,9.031335795544699,8.204827015216534,2.8492363793167037,2.9271343814888127,40.95477386934673,45.819397993311036,-0.07993912696838379,-0.06888484954833984,0.001,2.5
579,88.03282688211156,85.1703792814427,0.013882899193570542,0.013881898092660418,143.7262199823581,143.723407860185,2.8741249111629212,2.9274038056466094,8.952669143676758,8.220344133600344,2.8741249111629212,2.9274038056466094,40.95477386934673,45.819397993311036,-0.08061099052429199,-0.06873059272766113,0.001,2.5
580,86.76928760777766,85.20276731152997,0.013884626197904797,0.013877033240420365,143.72894821294787,143.72995842260661,2.8060489036330027,2.929796773055724,8.9041879213036,8.219640951890211,2.8060489036330027,2.929796773055724,40.95477386934673,45.819397993311036,-0.053455471992492676,-0.06857037544250488,0.001,2.5
581,87.76173129952333,85.24115064231847,0.013881038451626573,0.013878931126317452,143.73656970971393,143.7336032829157,2.8636959865065275,2.9322560128559636,8.92973488659116,8.219939255794156,2.8636959865065275,2.9322560128559636,40.95477386934673,45.819397993311036,-0.08616554737091064,-0.07025086879730225,0.001,2.5
582,87.92646240029902,85.16237112192007,0.013883483053264607,0.013878322810707085,143.7374279590907,143.73367728038775,2.8911726007509473,2.9279745406530373,8.880250681584803,8.217027209674235,2.8911726007509473,2.9279745406530373,40.95477386934673,45.819397993311036,-0.09357333183288574,-0.07091343402862549,0.001,2.5
583,88.05333800451639,85.11533996173769,0.013882158124441877,0.013880693372401305,143.73759253420423,143.7337710275299,2.8642283324620235,2.9293613378020833,8.986458842279124,8.203460715686198,2.8642283324620235,2.9293613378020833,40.95477386934673,45.819397993311036,-0.08766639232635498,-0.07572174072265625,0.001,2.5
584,87.69686899872082,85.12674174739365,0.01388241368278836,0.013880434872763213,143.73797244482503,143.7342875809175,2.8598843487463204,2.9290836862098413,8.928196549215908,8.20657484507481,2.8598843487463204,2.9290836862098413,40.95477386934673,45.819397993311036,-0.08465719223022461,-0.07531857490539551,0.001,2.5
585,87.69486980342386,85.06627422830333,0.013882116166565886,0.013877962429362994,143.739107678284,143.73547123427375,2.8622043484219755,2.927110590663642,8.920836887966647,8.200399762411978,2.8622043484219755,2.927110590663642,40.95477386934673,45.819397993311036,-0.08405554294586182,-0.07289862632751465,0.001,2.5
586,87.56657056952241,85.23069885662169,0.013882218028607481,0.013881588703563381,143.73873995935898,143.7345818867253,2.8736731458948284,2.9324161527946244,8.86077017760157,8.217368057340284,2.8736731458948284,2.9324161527946244,40.95477386934673,45.819397993311036,-0.10019910335540771,-0.07659125328063965,0.001,2.5
587,87.37545260073152,85.10945425384419,0.013881525573893208,0.013880928953405607,143.73844084108694,143.73443149324245,2.852975304601979,2.9274483293195233,8.884640426891334,8.208022836857417,2.852975304601979,2.9274483293195233,40.95477386934673,45.819397993311036,-0.08707571029663086,-0.07450664043426514,0.001,2.5
588,87.53620473583739,85.12134804614013,0.013882018535255987,0.01388242284776674,143.7384529561054,143.73376663871434,2.8844624600019086,2.92880275735887,8.822329466866089,8.206338223804996,2.8844624600019086,2.92880275735887,40.95477386934673,45.819397993311036,-0.10316908359527588,-0.07505202293395996,0.001,2.5
589,87.41524178458619,85.14553595705574,0.013881810216960097,0.01387940718166306,143.73695976730167,143.73147133919707,2.825585272643634,2.9305244010427725,8.9747689932435,8.206011591946401,2.825585272643634,2.9305244010427725,40.95477386934673,45.819397993311036,-0.06967926025390625,-0.07623291015625,0.001,2.5
590,87.50298342553016,85.1096284796163,0.013881334743245662,0.013877871707953937,143.73421326194776,143.7289100060096,2.8731103885912614,2.9278355043468665,8.8497427312573,8.206898024249636,2.8731103885912614,2.9278355043468665,40.95477386934673,45.819397993311036,-0.08864843845367432,-0.07670903205871582,0.001,2.5
591,87.81613565569548,85.14044929427845,0.013882604170234958,0.013875505566148454,143.73301149812374,143.72945273919248,2.8685566296729212,2.9300737333138254,8.926034258038953,8.206347581933572,2.8685566296729212,2.9300737333138254,40.95477386934673,45.819397993311036,-0.08918964862823486,-0.07616591453552246,0.001,2.5
592,87.45053354899089,85.05463942715954,0.01388188814229552,0.013878757953270024,143.73366085288913,143.73045548148778,2.8528403700695963,2.92720887971961,8.900062201610163,8.197779298227367,2.8528403700695963,2.92720887971961,40.95477386934673,45.819397993311036,-0.08975410461425781,-0.07275426387786865,0.001,2.5
593,87.03174807038938,85.04694384316537,0.013882717279907647,0.013878717140160675,143.73440053355154,143.7302658438284,2.834804246174031,2.9274136733051925,8.870413479892852,8.195626153595073,2.834804246174031,2.9274136733051925,40.95477386934673,45.819397993311036,-0.07793426513671875,-0.07428264617919922,0.001,2.5
594,87.39258431030478,85.08584400802152,0.01388344229503193,0.013880741228053602,143.73395792643228,143.72989738745036,2.8662017601818297,2.9293885143305545,8.848387794878015,8.197481090009811,2.8662017601818297,2.9293885143305545,40.95477386934673,45.819397993311036,-0.09445595741271973,-0.07234346866607666,0.001,2.5
595,87.45626240639231,85.05302990559352,0.013881217658681985,0.013881354511755964,143.73403790088955,143.73043807932365,2.8536592196779234,2.929251910053368,8.898751608690425,8.191328262405651,2.8536592196779234,2.929251910053368,40.95477386934673,45.819397993311036,-0.08635926246643066,-0.07052814960479736,0.001,2.5
596,87.70406454012821,84.90989409481801,0.013883240920315235,0.013879516227388861,143.7347637796322,143.7314234194548,2.864993600989107,2.9269100423640633,8.91430880356474,8.169726751321136,2.864993600989107,2.9269100423640633,40.95477386934673,45.819397993311036,-0.09274733066558838,-0.06593263149261475,0.001,2.5
597,87.53972289630117,85.06178176522654,0.013882263799134011,0.01387950447528159,143.73521039953184,143.73131002470802,2.86492183060702,2.933044010978877,8.881655694651643,8.181701996653375,2.86492183060702,2.933044010978877,40.95477386934673,45.819397993311036,-0.08328878879547119,-0.06883692741394043,0.001,2.5
598,88.0443642774419,85.00641598908797,0.013880894617668947,0.01387889454620937,143.7348428850797,143.73056234404396,2.8756720556485993,2.929957730315601,8.950333572911656,8.179887682299151,2.8756720556485993,2.929957730315601,40.95477386934673,45.819397993311036,-0.10370945930480957,-0.07017397880554199,0.001,2.5
599,87.85861014361357,85.05080375543805,0.013879919591573515,0.013879138154030643,143.73470775406165,143.73088277861427,2.8676008451324413,2.9294052817749736,8.93739659902039,8.19042256205377,2.8676008451324413,2.9294052817749736,40.95477386934673,45.819397993311036,-0.08802986145019531,-0.07013380527496338,0.001,2.5
600,86.9823072168296,85.07230466504559,0.013880525735929183,0.01388240131521504,143.73490915985363,143.7315650353065,2.82348575304501,2.927526505097099,8.894480970437003,8.200358842128894,2.82348575304501,2.927526505097099,40.95477386934673,45.819397993311036,-0.06949281692504883,-0.07347500324249268,0.001,2.5
601,86.97853246845392,84.96199880236367,0.013884036962435873,0.013880500912566648,143.7357822846328,143.73208388516736,2.8271803656215444,2.92828482927686,8.88264127792026,8.176023452975679,2.8271803656215444,2.92828482927686,40.95477386934673,45.819397993311036,-0.05836212635040283,-0.07512950897216797,0.001,2.5
602,87.75262855005823,85.0280744112455,0.013881892680348064,0.013881380090421459,143.73602708979467,143.73211440274548,2.852714312935195,2.928653995328922,8.960859031932838,8.188130763063462,2.852714312935195,2.928653995328922,40.95477386934673,45.819397993311036,-0.08513534069061279,-0.07729876041412354,0.001,2.5
603,87.4481556187922,85.03504581515207,0.013882954531603523,0.013883876461647824,143.73615337736044,143.73253945443145,2.860634974698525,2.928348807586874,8.876202675964764,8.190439579877566,2.860634974698525,2.928348807586874,40.95477386934673,45.819397993311036,-0.077034592628479,-0.0767747163772583,0.001,2.5
604,86.97009591720811,85.01983019978705,0.013880989470611166,0.013877632376741007,143.73665666180838,143.73280977485172,2.807455463425398,2.9259964104081475,8.940129407885886,8.194455220149113,2.807455463425398,2.9259964104081475,40.95477386934673,45.819397993311036,-0.0710381269454956,-0.07140541076660156,0.001,2.5
605,87.53064637048361,85.04945470497361,0.013881994548629676,0.013881726498812138,143.73682969698754,143.7327901782798,2.856576389603479,2.9282088367436643,8.90487628406416,8.193741004203872,2.856576389603479,2.9282088367436643,40.95477386934673,45.819397993311036,-0.08550846576690674,-0.07385551929473877,0.001,2.5
606,87.62820414123024,85.06440556248694,0.013881889889500348,0.013877753548349027,143.73672319217343,143.73269862554542,2.8676010068736884,2.928776602282572,8.891313842792608,8.195029466048531,2.8676010068736884,2.928776602282572,40.95477386934673,45.819397993311036,-0.10464024543762207,-0.07942962646484375,0.001,2.5
607,87.34046539868942,85.0866775767859,0.013881477636520687,0.013881699138486067,143.73669055318913,143.73266591355952,2.8576187987623105,2.93192098053004,8.863713319577164,8.1900489848593,2.8576187987623105,2.93192098053004,40.95477386934673,45.819397993311036,-0.10316646099090576,-0.08234536647796631,0.001,2.5
608,87.92847962754855,85.08562734852667,0.013882253465665444,0.013879392314764568,143.73661356914783,143.7322953648392,2.862725774247443,2.9292153610433624,8.965994625634684,8.197957431193577,2.862725774247443,2.9292153610433624,40.95477386934673,45.819397993311036,-0.09316182136535645,-0.0807030200958252,0.001,2.5
609,88.01946957586598,85.05946028591399,0.013879960693007138,0.013877370815263145,143.736241275142,143.73227137945167,2.8628439088562625,2.926694838099655,8.983839275449565,8.20028513171601,2.8628439088562625,2.926694838099655,40.95477386934673,45.819397993311036,-0.09299635887145996,-0.07901430130004883,0.001,2.5
610,87.3035678959372,84.97056783720801,0.013881998013399253,0.013881050489444198,143.73624150517398,143.73223652409072,2.8694766769856463,2.9263264933557416,8.82076001766339,8.183611171301392,2.8694766769856463,2.9263264933557416,40.95477386934673,45.819397993311036,-0.07654821872711182,-0.08050239086151123,0.001,2.5
611,87.84416766142725,85.05028046572886,0.013881121183335282,0.01387915587407789,143.7361351025963,143.73203371998457,2.8786962060273393,2.931912104820328,8.901221693860027,8.182797333069868,2.8786962060273393,2.931912104820328,40.95477386934673,45.819397993311036,-0.11552131175994873,-0.08267605304718018,0.001,2.5
612,87.68347631866608,85.0171248522092,0.013881842825730243,0.013880068648070794,143.73615478311152,143.732249588472,2.8798302737512382,2.9276689645837384,8.86568085112963,8.188895957525757,2.8798302737512382,2.9276689645837384,40.95477386934673,45.819397993311036,-0.10115647315979004,-0.07602369785308838,0.001,2.5
613,87.2850224224966,84.88972228187383,0.013882234814253883,0.01388143496058358,143.7360844955572,143.7319683470455,2.84755213975507,2.92301625870542,8.882824437702121,8.177373390133964,2.84755213975507,2.92301625870542,40.95477386934673,45.819397993311036,-0.07982981204986572,-0.07511675357818604,0.001,2.5
614,86.96954695862941,84.99012564974883,0.01388225995372338,0.013882101195736673,143.73562910888262,143.7314015774424,2.800983888619709,2.929644801544904,8.959433860714912,8.177568110335232,2.800983888619709,2.929644801544904,40.95477386934673,45.819397993311036,-0.06793797016143799,-0.08312106132507324,0.001,2.5
615,87.38101221848173,85.02017814100387,0.013880517266665771,0.013878756825715603,143.73533878294467,143.73143209502052,2.8641217976958306,2.9291747971920663,8.852313711016222,8.184988873459424,2.8641217976958306,2.9291747971920663,40.95477386934673,45.819397993311036,-0.10935866832733154,-0.07956457138061523,0.001,2.5
616,87.59610525926753,85.11754095275266,0.0138808260882395,0.013879474937716456,143.73530369028575,143.73132094571423,2.8633183778031186,2.9312757417111093,8.897742451135837,8.198158792030053,2.8633183778031186,2.9312757417111093,40.95477386934673,45.819397993311036,-0.10048389434814453,-0.08024978637695312,0.001,2.5
617,87.33614631793407,84.99131928000561,0.013880550853558622,0.013879169666373412,143.73508886596068,143.73079117484716,2.862693498681738,2.930089008848005,8.847625441686992,8.176475280902059,2.862693498681738,2.930089008848005,40.95477386934673,45.819397993311036,-0.08857202529907227,-0.07835948467254639,0.001,2.5
618,87.3568796384674,85.00936124157347,0.013881502710470003,0.013880419451431885,143.73464027800952,143.73068002554086,2.861057179257698,2.927927570598181,8.85668131813931,8.186567438884722,2.861057179257698,2.927927570598181,40.95477386934673,45.819397993311036,-0.09504497051239014,-0.07938480377197266,0.001,2.5
619,88.39840573002546,85.00489199839308,0.013880839912997718,0.013881210334299999,143.7345160096135,143.73053391880813,2.8753851909733297,2.9303435338380743,9.02200247734236,8.178425359885429,2.8753851909733297,2.9303435338380743,40.95477386934673,45.819397993311036,-0.09138011932373047,-0.07963097095489502,0.001,2.5
620,88.62351202525485,84.94283126269694,0.013881952334912977,0.013877054981663075,143.73454179875614,143.7306538457456,2.901873194392602,2.928344979334037,8.987559158798039,8.172010142667636,2.901873194392602,2.928344979334037,40.95477386934673,45.819397993311036,-0.10809743404388428,-0.07437670230865479,0.001,2.5
621,87.94462526663264,84.97790129288383,0.01388163068698379,0.013877117003385838,143.7346438307259,143.73081521126738,2.846340216583942,2.9262923971067702,9.018381332831966,8.185181249344229,2.846340216583942,2.9262923971067702,40.95477386934673,45.819397993311036,-0.08106911182403564,-0.07177281379699707,0.001,2.5
622,87.68799764866405,85.05229947399535,0.013880760934659384,0.013879052559567933,143.73472462307467,143.73076070830177,2.854237496553354,2.931451910714242,8.943363945288475,8.184582124984384,2.854237496553354,2.931451910714242,40.95477386934673,45.819397993311036,-0.08481729030609131,-0.07436728477478027,0.001,2.5
623,87.43717597437464,84.97055492592496,0.013880105899768558,0.013877682939146872,143.7346896582113,143.7307650460846,2.870089790529542,2.928605766998087,8.845642508374187,8.176771776333302,2.870089790529542,2.928605766998087,40.95477386934673,45.819397993311036,-0.10112559795379639,-0.07386338710784912,0.001,2.5
624,86.84833348975509,84.93555350925611,0.013881960805736395,0.013877396150974924,143.73466478919664,143.7307192697174,2.819387776967469,2.927630812029376,8.87998010804705,8.172696821665683,2.819387776967469,2.927630812029376,40.95477386934673,45.819397993311036,-0.08109891414642334,-0.06841385364532471,0.001,2.5
625,87.40358607613261,84.93278891266787,0.01388154790379494,0.013877458776967182,143.73469244415438,143.73085011766108,2.8612123989379987,2.926350221187375,8.865556153021066,8.175984770159259,2.8612123989379987,2.926350221187375,40.95477386934673,45.819397993311036,-0.09328937530517578,-0.06805896759033203,0.001,2.5
626,87.58887656769362,84.8950693392036,0.013881755924130006,0.013878230880759033,143.73463741538913,143.73068436332372,2.858886423222783,2.926908247446934,8.90959272432567,8.166767565303024,2.858886423222783,2.926908247446934,40.95477386934673,45.819397993311036,-0.09240603446960449,-0.06908953189849854,0.001,2.5
627,87.62117592254076,84.94952765117122,0.013879916062843759,0.013880363799457167,143.73455902559672,143.73047941584252,2.870768266307249,2.9289441922037898,8.8804074260258,8.17155065664081,2.870768266307249,2.9289441922037898,40.95477386934673,45.819397993311036,-0.10016417503356934,-0.072090744972229,0.001,2.5
628,87.94573964385731,84.86513976030126,0.01388256894533758,0.013877063995868865,143.73389029702548,143.72994535822534,2.8727582159952902,2.9254111908749993,8.939349920506054,8.16527341121814,2.8727582159952902,2.9254111908749993,40.95477386934673,45.819397993311036,-0.09222221374511719,-0.07336795330047607,0.001,2.5
629,87.46001693751145,84.89532817725753,0.013879674152975006,0.013875855569008203,143.73410253988038,143.7306865577315,2.8513957511639876,2.9271955043575835,8.906293464865117,8.16595819562574,2.8513957511639876,2.9271955043575835,40.95477386934673,45.819397993311036,-0.09833693504333496,-0.07229065895080566,0.001,2.5
630,86.9807862708317,84.94783295596324,0.013881148133969786,0.013877501941743902,143.73472214384094,143.731163969008,2.82764824710699,2.93004528335903,8.881689442262378,8.167909249015477,2.82764824710699,2.93004528335903,40.95477386934673,45.819397993311036,-0.08305227756500244,-0.07094502449035645,0.001,2.5
631,87.94602745222286,84.92182121149274,0.013881852082795833,0.0138807960359199,143.73508802251,143.73124679514396,2.861331230032584,2.927331526542587,8.973688496217456,8.170846974171923,2.861331230032584,2.927331526542587,40.95477386934673,45.819397993311036,-0.09711527824401855,-0.06848430633544922,0.001,2.5
632,87.41049644176285,84.97484167602947,0.013880889566374984,0.01388304552567942,143.7351023867302,143.7311356458377,2.834430387072028,2.92837420913288,8.947285080275543,8.1783227697264,2.834430387072028,2.92837420913288,40.95477386934673,45.819397993311036,-0.07051599025726318,-0.06788265705108643,0.001,2.5
633,86.49270799850899,84.885999443539,0.01388224789645005,0.013879601373321636,143.7350899138842,143.73125113292681,2.823421345284237,2.927749159344064,8.796753987195704,8.162430495322747,2.823421345284237,2.927749159344064,40.95477386934673,45.819397993311036,-0.05971264839172363,-0.06629693508148193,0.001,2.5
634,87.24234678437762,84.87304641570535,0.013882708063402168,0.013880179310373239,143.73518685959093,143.73127292390652,2.8625224662985236,2.9289697101682326,8.829378556166862,8.156178040647985,2.8625224662985236,2.9289697101682326,40.95477386934673,45.819397993311036,-0.08397185802459717,-0.06851541996002197,0.001,2.5
635,87.97180709966663,84.94107642540565,0.013882565274647433,0.013877716485448307,143.73493229084877,143.73075198170332,2.8834054286356148,2.9289357957233952,8.912621488523243,8.169886978174931,2.8834054286356148,2.9289357957233952,40.95477386934673,45.819397993311036,-0.08633410930633545,-0.06926321983337402,0.001,2.5
636,87.2170204149818,84.9655065121858,0.013881999406483105,0.013881663458552648,143.734286539918,143.7302636494206,2.8388766875019424,2.9284828442793627,8.895250738965007,8.176130596211921,2.8388766875019424,2.9284828442793627,40.95477386934673,45.819397993311036,-0.07234323024749756,-0.07168269157409668,0.001,2.5
637,86.52747964779137,84.86190693832958,0.013882655046655605,0.013880050871957305,143.7342605718616,143.7306756367253,2.8351585114221876,2.9282994278298573,8.768496717839584,8.155960350929695,2.8351585114221876,2.9282994278298573,40.95477386934673,45.819397993311036,-0.07626020908355713,-0.07297062873840332,0.001,2.5
638,88.07210115212293,84.86838301846814,0.013882906219829965,0.013880556181422045,143.73466317897265,143.7308871163971,2.8888623243200917,2.9285539599964054,8.916309741673558,8.156492298662064,2.8888623243200917,2.9285539599964054,40.95477386934673,45.819397993311036,-0.10685551166534424,-0.0731278657913208,0.001,2.5
639,87.27016716067315,84.8578769339367,0.013881269875146336,0.013879472667033656,143.7351143739531,143.7313907074689,2.836280837130906,2.9281272274195946,8.91366776269884,8.155671189859959,2.836280837130906,2.9281272274195946,40.95477386934673,45.819397993311036,-0.07468700408935547,-0.06928896903991699,0.001,2.5
640,87.11786401132044,84.94372655555955,0.013880962833537529,0.013878925245591629,143.73559153698997,143.7320730662266,2.842816486230847,2.9324497427031346,8.863600216518893,8.159874337174024,2.842816486230847,2.9324497427031346,40.95477386934673,45.819397993311036,-0.0816110372543335,-0.07283937931060791,0.001,2.5
641,87.14051724278947,84.87437188904421,0.013881822121353006,0.013875042487023068,143.73602274474587,143.73184413335792,2.8524637781395583,2.9290812916580253,8.8391883121663,8.156109369718111,2.8524637781395583,2.9290812916580253,40.95477386934673,45.819397993311036,-0.08203780651092529,-0.07125234603881836,0.001,2.5
642,87.24699893868349,84.8340968511575,0.013882495809215398,0.013873966554036507,143.73575572871684,143.73179616258295,2.8545796887159747,2.9290157440912763,8.854136872730862,8.148251313429613,2.8545796887159747,2.9290157440912763,40.95477386934673,45.819397993311036,-0.09608328342437744,-0.07339537143707275,0.001,2.5
643,87.05001038722257,84.85651624800768,0.013881323860655577,0.013878619915067551,143.73570346033554,143.73190955732977,2.847688707674368,2.9279349328682174,8.835412747496536,8.155976081771595,2.847688707674368,2.9279349328682174,40.95477386934673,45.819397993311036,-0.08258450031280518,-0.07820475101470947,0.001,2.5
644,87.32345237284649,84.86507357083835,0.013881553689850935,0.013878907541118339,143.73603419522743,143.73223213527513,2.8554592915316124,2.928085843854923,8.866788784263521,8.157234300339102,2.8554592915316124,2.928085843854923,40.95477386934673,45.819397993311036,-0.08235502243041992,-0.07839107513427734,0.001,2.5
645,86.90929796228457,84.81543402528284,0.01388111596980087,0.013879783460901534,143.73620733264303,143.7321602301454,2.8610106037689413,2.928293678672816,8.767304870950516,8.146682508015713,2.8610106037689413,2.928293678672816,40.95477386934673,45.819397993311036,-0.09595048427581787,-0.08013105392456055,0.001,2.5
646,87.66111461441321,84.78936706338838,0.013879899300597421,0.01387867477900009,143.73614402272594,143.73227576826727,2.8691767699754416,2.926896887080725,8.89316946058417,8.145660197854442,2.8691767699754416,2.926896887080725,40.95477386934673,45.819397993311036,-0.09528911113739014,-0.07691657543182373,0.001,2.5
647,87.64153648900427,84.81068093800624,0.013882215176919597,0.013880770849718099,143.73676638707045,143.732883925422,2.8749510978334514,2.9272461886389998,8.871930520139149,8.14887415206552,2.8749510978334514,2.9272461886389998,40.95477386934673,45.819397993311036,-0.09796464443206787,-0.07625746726989746,0.001,2.5
648,87.07967947955107,84.79186674902671,0.013881883491922663,0.013880573281625841,143.73664769056055,143.73219074772354,2.841573224395164,2.9264508370173017,8.859692255655924,8.147498700132338,2.841573224395164,2.9264508370173017,40.95477386934673,45.819397993311036,-0.08337235450744629,-0.0762627124786377,0.001,2.5
649,87.31874457635672,84.8807224031276,0.013881802891179844,0.013879741841061258,143.73602205464988,143.73187903975165,2.8698938727578525,2.9285334528090563,8.822543636238954,8.15902158009966,2.8698938727578525,2.9285334528090563,40.95477386934673,45.819397993311036,-0.09011435508728027,-0.07604050636291504,0.001,2.5
650,87.62615839001322,84.76993507206639,0.013880348535039317,0.01387824869736481,143.7357474986832,143.7318158101876,2.864954414878858,2.9273839826169223,8.89884530998754,8.140313073544199,2.864954414878858,2.9273839826169223,40.95477386934673,45.819397993311036,-0.09110116958618164,-0.07762348651885986,0.001,2.5
651,87.03655817999912,84.80267538115332,0.01388252457569492,0.01387779176995208,143.73582839326843,143.73194880150632,2.8430206999307504,2.925624618562169,8.846725805720293,8.152138604766948,2.8430206999307504,2.925624618562169,40.95477386934673,45.819397993311036,-0.08532750606536865,-0.07424700260162354,0.001,2.5
652,87.55527130842609,84.91745250280884,0.013882115097962932,0.013878854966557344,143.73606018884297,143.7322823004579,2.847312636910571,2.9311815225161038,8.93759308787846,8.15842328502183,2.847312636910571,2.9311815225161038,40.95477386934673,45.819397993311036,-0.08125913143157959,-0.0740739107131958,0.001,2.5
653,87.38671409824185,84.85272038182288,0.013881897890762468,0.01387959397880728,143.73628150518215,143.73223432968294,2.861904761699376,2.930300524402223,8.860105147912874,8.148120380962972,2.861904761699376,2.930300524402223,40.95477386934673,45.819397993311036,-0.0895233154296875,-0.07426321506500244,0.001,2.5
654,87.41201392450125,84.85587675675102,0.013881210114501129,0.013880267449620376,143.73608556903986,143.73209046839074,2.8740192729624074,2.9257412945546433,8.828821453816527,8.162429527295473,2.8740192729624074,2.9257412945546433,40.95477386934673,45.819397993311036,-0.09781670570373535,-0.07709097862243652,0.001,2.5
655,86.8551154975316,84.76009787364947,0.01388033253251508,0.013875733388207828,143.73604043165045,143.73211225937044,2.8192320177503167,2.927585598617094,8.881803702669128,8.137741369547253,2.8192320177503167,2.927585598617094,40.95477386934673,45.819397993311036,-0.06390321254730225,-0.07538247108459473,0.001,2.5
656,86.78457173869838,84.81759694587427,0.013881577431556567,0.01387839117725956,143.73625730070438,143.73269862554542,2.834790120771782,2.927128118814832,8.821020589601654,8.150612076788045,2.834790120771782,2.927128118814832,40.95477386934673,45.819397993311036,-0.0863572359085083,-0.07003629207611084,0.001,2.5
657,87.10505609815843,84.80221680095762,0.013882776605311651,0.013876318162226158,143.7369020037116,143.73316950463132,2.8426192278039317,2.9280996003677213,8.861629436563208,8.14462258425046,2.8426192278039317,2.9280996003677213,40.95477386934673,45.819397993311036,-0.07373631000518799,-0.0712348222732544,0.001,2.5
658,87.32289887752565,84.78444107719089,0.013882096741392186,0.013880110657259971,143.73734386961664,143.73379725835792,2.8674105795184572,2.930598916018687,8.8308242641302,8.133568416072373,2.8674105795184572,2.930598916018687,40.95477386934673,45.819397993311036,-0.09586608409881592,-0.07358086109161377,0.001,2.5
659,87.45257512129332,84.82646470085832,0.013880786691890589,0.01388230238944591,143.73794627229572,143.7341438216908,2.884138499073048,2.929977247148852,8.806575609012265,8.143837324352965,2.884138499073048,2.929977247148852,40.95477386934673,45.819397993311036,-0.0908355712890625,-0.07212972640991211,0.001,2.5
660,87.28916805912702,84.72407937448558,0.013880662835348192,0.013880320014836996,143.7382114225097,143.7343595881127,2.844677524950037,2.9296336445122657,8.892277128133342,8.124392072492618,2.844677524950037,2.9296336445122657,40.95477386934673,45.819397993311036,-0.07399380207061768,-0.07313776016235352,0.001,2.5
661,86.60236704968527,84.79933143539174,0.013882048384378504,0.013881941045631334,143.73844477718998,143.7345383047659,2.814791016243211,2.9283034673901307,8.844576413906998,8.143432389134945,2.814791016243211,2.9283034673901307,40.95477386934673,45.819397993311036,-0.07749521732330322,-0.07121360301971436,0.001,2.5
662,86.97683079398458,84.7154897734473,0.013883782078011251,0.013881720129064095,143.73855192098185,143.7348718547502,2.83586461819596,2.9271434166758357,8.85624818626161,8.130144332962292,2.83586461819596,2.9271434166758357,40.95477386934673,45.819397993311036,-0.08805465698242188,-0.07557690143585205,0.001,2.5
663,87.20645043198986,84.69969057319156,0.01388241465935106,0.013880982870441615,143.7389789370436,143.73550833507525,2.8552645347026524,2.9277802645960778,8.84397230675472,8.125074528531487,2.8552645347026524,2.9277802645960778,40.95477386934673,45.819397993311036,-0.0896838903427124,-0.07400214672088623,0.001,2.5
664,87.62231580775787,84.79126068421431,0.013880383724056596,0.013879425546472089,143.73950502021827,143.7356587285581,2.864277495012012,2.925999979510355,8.900106513120821,8.148729078745761,2.864277495012012,2.925999979510355,40.95477386934673,45.819397993311036,-0.09160268306732178,-0.07367157936096191,0.001,2.5
665,87.22498872332038,84.81782480705542,0.01388039073939599,0.013877962818711896,143.73970514805472,143.73580917307365,2.824119619388676,2.9297077113569383,8.941114786681618,8.142919124169493,2.824119619388676,2.9297077113569383,40.95477386934673,45.819397993311036,-0.06725966930389404,-0.0737755298614502,0.001,2.5
666,87.5511947197331,84.75368461481305,0.013881726984490002,0.013878343330951637,143.7397242407104,143.7357459435096,2.857103923657032,2.9303239875015206,8.907403036976978,8.128242186479346,2.857103923657032,2.9303239875015206,40.95477386934673,45.819397993311036,-0.0828857421875,-0.08021700382232666,0.001,2.5
667,87.37321454276591,84.6463074444927,0.013883417740564051,0.01387646227427151,143.7398504515988,143.73615798184704,2.8578329948923695,2.9298050060718754,8.869618990912508,8.108324154563572,2.8578329948923695,2.9298050060718754,40.95477386934673,45.819397993311036,-0.08665752410888672,-0.07797515392303467,0.001,2.5
668,86.96233719357693,84.70887394015207,0.013880077596610316,0.01387854675796618,143.74031629194965,143.73667024848453,2.8409155681105314,2.925158180919379,8.83819689662812,8.134777788334468,2.8409155681105314,2.925158180919379,40.95477386934673,45.819397993311036,-0.06822991371154785,-0.07544612884521484,0.001,2.5
669,87.23336372822773,84.73604269888888,0.013880990419093788,0.01387876111166832,143.74096904607674,143.7372240047391,2.838529844379904,2.929325409956202,8.899558904382651,8.127709455713381,2.838529844379904,2.929325409956202,40.95477386934673,45.819397993311036,-0.0870741605758667,-0.07332026958465576,0.001,2.5
670,87.29109243012752,84.70999798726876,0.013881430923751551,0.013881231113072223,143.7412169183319,143.7369427633126,2.8450565058581994,2.9289540837839696,8.89152430689315,8.12361372912608,2.8450565058581994,2.9289540837839696,40.95477386934673,45.819397993311036,-0.08467483520507812,-0.07333362102508545,0.001,2.5
671,87.40220238255895,84.7263631150874,0.013883175496854375,0.013880306624349543,143.7407946562647,143.7365612425533,2.8727759464302256,2.9307877666575455,8.830587942995617,8.121385119830485,2.8727759464302256,2.9307877666575455,40.95477386934673,45.819397993311036,-0.09700548648834229,-0.07566750049591064,0.001,2.5
672,87.4096207099544,84.75573102766056,0.013880192639128347,0.013878140240334548,143.7405675124483,143.73646535203608,2.8788122064504194,2.9265679220690775,8.813963171225696,8.139919446862262,2.8788122064504194,2.9265679220690775,40.95477386934673,45.819397993311036,-0.10264313220977783,-0.0710916519165039,0.001,2.5
673,87.42807001724115,84.68002446917785,0.013880308768969386,0.013876399844511098,143.74042969772364,143.73642171904396,2.862382771781142,2.9239611290769036,8.86694140250559,8.132599585032382,2.862382771781142,2.9239611290769036,40.95477386934673,45.819397993311036,-0.09742367267608643,-0.06939482688903809,0.001,2.5
674,86.94964175328138,84.80087596676421,0.01388046904381246,0.0138810955760471,143.74041932072473,143.73642825123457,2.8457447747688995,2.9310270583749216,8.821170217427776,8.13557080999266,2.8457447747688995,2.9310270583749216,40.95477386934673,45.819397993311036,-0.07822775840759277,-0.07482647895812988,0.001,2.5
675,87.33568032422856,84.77023815550533,0.01388004881921076,0.01388060656317002,143.74064649010023,143.7367029094377,2.8591098769425947,2.928773199036767,8.858282410319726,8.13620504487717,2.8591098769425947,2.928773199036767,40.95477386934673,45.819397993311036,-0.08911240100860596,-0.07291662693023682,0.001,2.5
676,87.14730886079158,84.71148411167107,0.013880274726555276,0.013879330922229633,143.7406212121398,143.73642825123457,2.8558946342723854,2.9267166155237816,8.830253625035885,8.13062408058141,2.8558946342723854,2.9267166155237816,40.95477386934673,45.819397993311036,-0.07792580127716064,-0.07095634937286377,0.001,2.5
677,87.02698254864819,84.60937311178864,0.013881379237688667,0.013879093730878271,143.7403696338136,143.73626693674552,2.8293026424133196,2.9292191837144936,8.885963986267397,8.102694292929659,2.8293026424133196,2.9292191837144936,40.95477386934673,45.819397993311036,-0.07339680194854736,-0.06814610958099365,0.001,2.5
678,87.70845872633022,84.71096158745297,0.013880975942253767,0.013877746019898649,143.74032135265358,143.73627346893616,2.887593504971196,2.931815422498263,8.84738679147845,8.115223152581665,2.887593504971196,2.931815422498263,40.95477386934673,45.819397993311036,-0.08732998371124268,-0.06405997276306152,0.001,2.5
679,86.65683315666877,84.69817987652527,0.013880612041607773,0.013876795905788606,143.7402116018324,143.73620156380645,2.8055401814842544,2.9282106061444235,8.883222298805837,8.12348164204371,2.8055401814842544,2.9282106061444235,40.95477386934673,45.819397993311036,-0.05649733543395996,-0.06230175495147705,0.001,2.5
680,87.10766174725352,84.59485733389455,0.013880780696794017,0.013877465800821382,143.74015082226725,143.7361361398346,2.8307939146831007,2.924333391380948,8.89762645191084,8.114448341637551,2.8307939146831007,2.924333391380948,40.95477386934673,45.819397993311036,-0.06638586521148682,-0.06925606727600098,0.001,2.5
681,87.26143565729036,84.59866003846643,0.013880615174096434,0.013882491058579655,143.74000787016135,143.7358484172502,2.8619374529999906,2.9277732252675954,8.834950756986736,8.104889211048649,2.8619374529999906,2.9277732252675954,40.95477386934673,45.819397993311036,-0.09523820877075195,-0.07271969318389893,0.001,2.5
682,86.54338602804059,84.63071316620179,0.013881771366612696,0.013881144686960258,143.73962852184098,143.73533181282988,2.819755828160936,2.9271438727809436,8.817885727938295,8.113186831458357,2.819755828160936,2.9271438727809436,40.95477386934673,45.819397993311036,-0.06478714942932129,-0.07582545280456543,0.001,2.5
683,87.43367378835502,84.68783446857363,0.013879385843897984,0.01388010914347144,143.73866246413544,143.73429421517363,2.8588877007789546,2.928994508890005,8.87854772596503,8.119059988487525,2.8588877007789546,2.928994508890005,40.95477386934673,45.819397993311036,-0.08950114250183105,-0.08160519599914551,0.001,2.5
684,87.15029808823986,84.62861097457018,0.013882639582332854,0.013877351992579806,143.73827465574945,143.73423537442517,2.8663565709163596,2.931357559153069,8.799465985354066,8.100127357304295,2.8663565709163596,2.931357559153069,40.95477386934673,45.819397993311036,-0.09352648258209229,-0.08172488212585449,0.001,2.5
685,86.69884384896487,84.64850863963864,0.013881915977452468,0.013882240345919611,143.73822062378952,143.7341765336767,2.834629671457824,2.9289500601714273,8.804355448813894,8.111328609811023,2.834629671457824,2.9289500601714273,40.95477386934673,45.819397993311036,-0.08126771450042725,-0.08208858966827393,0.001,2.5
686,87.64957900822063,84.75322932622903,0.01388144452854916,0.013877797382805857,143.73858455996617,143.73474110887202,2.879006420947,2.934503060120803,8.861372500408434,8.11561487191497,2.879006420947,2.934503060120803,40.95477386934673,45.819397993311036,-0.09067440032958984,-0.07951414585113525,0.001,2.5
687,87.208489742311,84.69964887944353,0.013879074847678243,0.013880698704923873,143.73874614466374,143.73493288990645,2.853097833780388,2.9292208949060345,8.850881181969315,8.120744515422196,2.853097833780388,2.9292208949060345,40.95477386934673,45.819397993311036,-0.09400928020477295,-0.07535481452941895,0.001,2.5
688,87.310397315864,84.72812542867501,0.013880960777451844,0.013882025686967931,143.73938507131197,143.73605545707372,2.869280719677208,2.930807455726292,8.822713129883835,8.121679479860541,2.869280719677208,2.930807455726292,40.95477386934673,45.819397993311036,-0.08990740776062012,-0.07213783264160156,0.001,2.5
689,86.66760446877535,84.72610320534595,0.013881021598899984,0.013879004629160648,143.74027879673432,143.73653077600792,2.832566792441772,2.9317926156480976,8.8042962714855,8.118319839936834,2.832566792441772,2.9317926156480976,40.95477386934673,45.819397993311036,-0.07410693168640137,-0.06967306137084961,0.001,2.5
690,86.44526940733944,84.64793523577941,0.01388180288961984,0.013880621716629302,143.74045630475783,143.73618849942517,2.8291980844845925,2.929446317679109,8.76993528362894,8.109725205794625,2.8291980844845925,2.929446317679109,40.95477386934673,45.819397993311036,-0.05065655708312988,-0.07110440731048584,0.001,2.5
691,87.34755375796627,84.59465006442373,0.013880316411430513,0.01387730385348151,143.73996968485002,143.73589419361738,2.8767914672193418,2.9261422444346756,8.807612216252977,8.108981146860282,2.8767914672193418,2.9261422444346756,40.95477386934673,45.819397993311036,-0.08878171443939209,-0.06887805461883545,0.001,2.5
692,86.92114104457836,84.73258155644139,0.013880904116535206,0.013881371621304133,143.7398343493591,143.73590072580802,2.8578940911508686,2.934047283536216,8.77902167606194,8.11285163088387,2.8578940911508686,2.934047283536216,40.95477386934673,45.819397993311036,-0.09969985485076904,-0.07486081123352051,0.001,2.5
693,86.74740086847814,84.58293891830189,0.013882770111013697,0.013877454475440509,143.73984122475986,143.7358288206783,2.829245670356942,2.9269979334993903,8.83021862582745,8.104071688891255,2.829245670356942,2.9269979334993903,40.95477386934673,45.819397993311036,-0.06762886047363281,-0.06794524192810059,0.001,2.5
694,87.3353065477943,84.69429414168648,0.013879833020694192,0.01388163051340592,143.73945198506365,143.7350920099877,2.8744296400590956,2.9321372939591424,8.812248233175358,8.110923232840854,2.8744296400590956,2.9321372939591424,40.95477386934673,45.819397993311036,-0.09752154350280762,-0.07426011562347412,0.001,2.5
695,86.9845893898202,84.68898224591412,0.013880261957919977,0.013880843527141622,143.7388524705641,143.73464516732207,2.8419493458778216,2.9297962914342466,8.839545948022174,8.116884698835902,2.8419493458778216,2.9297962914342466,40.95477386934673,45.819397993311036,-0.07353401184082031,-0.07095766067504883,0.001,2.5
696,87.45514574162725,84.65273282360472,0.013882457902670606,0.013877920666242324,143.73841331392478,143.73421368551095,2.888631276748887,2.9287955521739844,8.793611582399812,8.11263759957508,2.888631276748887,2.9287955521739844,40.95477386934673,45.819397993311036,-0.10998833179473877,-0.07263362407684326,0.001,2.5
697,86.90678349531676,84.74121428014443,0.013881459106789461,0.013878090687121038,143.73833144809333,143.7345013570626,2.846480445845842,2.931571566540262,8.810391418099204,8.12200500813615,2.846480445845842,2.931571566540262,40.95477386934673,45.819397993311036,-0.08507227897644043,-0.07046282291412354,0.001,2.5
698,87.73837267493882,84.6043850952965,0.013882409636137174,0.01388002641461665,143.73861791460558,143.7346692037423,2.880450506705535,2.928778882010725,8.874798878553126,8.103017124443948,2.880450506705535,2.928778882010725,40.95477386934673,45.819397993311036,-0.10431420803070068,-0.06808412075042725,0.001,2.5
699,87.12479557823296,84.59324054016318,0.013881364417647696,0.01388094472047876,143.7388234354144,143.7348653735923,2.8483413515777842,2.929538017132609,8.848411000953048,8.09851075175614,2.8483413515777842,2.929538017132609,40.95477386934673,45.819397993311036,-0.08195436000823975,-0.06052696704864502,0.001,2.5
700,86.50210003876806,84.67824651405564,0.013880442356818685,0.013883508601690017,143.73875069418546,143.73438367556568,2.849693656966115,2.9319944884067395,8.719815021783264,8.108142179788953,2.849693656966115,2.9319944884067395,40.95477386934673,45.819397993311036,-0.06055903434753418,-0.06180453300476074,0.001,2.5
701,86.56486209632963,84.68873841148555,0.013880694604836017,0.013878876190744713,143.73794537772685,143.7335226001548,2.8378654344996415,2.9327680921076134,8.767852281605578,8.107920884288673,2.8378654344996415,2.9327680921076134,40.95477386934673,45.819397993311036,-0.06107795238494873,-0.061563849449157715,0.001,2.5
702,86.84470789156967,84.62799888789455,0.013882669943136786,0.013881091367964163,143.73715439992932,143.73297108934077,2.8353592115430977,2.929180825434401,8.83133996391616,8.106534189205107,2.8353592115430977,2.929180825434401,40.95477386934673,45.819397993311036,-0.06708669662475586,-0.06233668327331543,0.001,2.5
703,87.22834568247323,84.64997914802271,0.013882803853906979,0.013883178399558051,143.73692546697518,143.7329144430001,2.8753440763483096,2.934501529936009,8.788112996610964,8.094967917056387,2.8753440763483096,2.934501529936009,40.95477386934673,45.819397993311036,-0.08152258396148682,-0.07079899311065674,0.001,2.5
704,86.44446383528972,84.57762273577941,0.013881006022256922,0.01387974345452311,143.73680613148753,143.7327901782798,2.820366497215514,2.93047631305197,8.796269864093519,8.09257268586685,2.820366497215514,2.93047631305197,40.95477386934673,45.819397993311036,-0.06498908996582031,-0.0724562406539917,0.001,2.5
705,87.41652059634926,84.55279142960258,0.013881713017771392,0.01387960240743232,143.73680692381996,143.73265943240162,2.869631923822502,2.9286294334309555,8.84288451100514,8.093147845571256,2.869631923822502,2.9286294334309555,40.95477386934673,45.819397993311036,-0.10605061054229736,-0.0724567174911499,0.001,2.5
706,87.31662310627438,84.44654108768323,0.01388110624317398,0.013875056422598984,143.73629147323533,143.73234991883754,2.8511174268259274,2.9279756458307986,8.878448867318617,8.073860426810274,2.8511174268259274,2.9279756458307986,40.95477386934673,45.819397993311036,-0.08228492736816406,-0.07857096195220947,0.001,2.5
707,87.0489955371748,84.64261915532244,0.013879196899295652,0.013882118651026667,143.73633758187094,143.73298420475479,2.8664249595086178,2.930513733605477,8.779000814236587,8.105459682120129,2.8664249595086178,2.930513733605477,40.95477386934673,45.819397993311036,-0.10088014602661133,-0.0820016860961914,0.001,2.5
708,86.38741091627571,84.58939078340562,0.013883232619532289,0.013880106452291825,143.73709525614728,143.73321303555798,2.8460131090889424,2.9300751343219975,8.707918843631967,8.09612955935424,2.8460131090889424,2.9300751343219975,40.95477386934673,45.819397993311036,-0.08284080028533936,-0.08301472663879395,0.001,2.5
709,86.86056284688824,84.58892197114568,0.013881016722326502,0.013878810107334202,143.73724229771088,143.73338746546105,2.853499669725172,2.9309090284200816,8.780090228197363,8.093533828505704,2.853499669725172,2.9309090284200816,40.95477386934673,45.819397993311036,-0.09461402893066406,-0.08036673069000244,0.001,2.5
710,87.10049944546954,84.48414775121172,0.013881007264020355,0.013878915932365883,143.73764753741037,143.73396515607035,2.87952617664433,2.925935662311056,8.749997733226374,8.087500034766054,2.87952617664433,2.925935662311056,40.95477386934673,45.819397993311036,-0.106437087059021,-0.07469093799591064,0.001,2.5
711,87.30115926924663,84.40361992571266,0.013880476959274341,0.013880920079365422,143.73811148638703,143.73411340617815,2.843144075754699,2.9243501851391236,8.89927623819067,8.07615093084482,2.843144075754699,2.9243501851391236,40.95477386934673,45.819397993311036,-0.08177709579467773,-0.07315123081207275,0.001,2.5
712,86.19148282509553,84.38524211768721,0.013880829397008647,0.013879293448176473,143.73810726913376,143.73406543540315,2.83428553919896,2.927027560396737,8.703916354794398,8.064442487863394,2.83428553919896,2.927027560396737,40.95477386934673,45.819397993311036,-0.0804063081741333,-0.0710909366607666,0.001,2.5
713,87.28743320893203,84.44672978123694,0.013881611839011685,0.013878822578958245,143.73856199127147,143.73498305508923,2.8495414704333997,2.929665110980388,8.87733856916827,8.068827474396365,2.8495414704333997,2.929665110980388,40.95477386934673,45.819397993311036,-0.07409346103668213,-0.06945884227752686,0.001,2.5
714,87.13849719125821,84.5198582677937,0.013876841210103415,0.013880117083074257,143.73908232364622,143.7353252296065,2.8620706531070983,2.9282636690299246,8.809964395647672,8.087657947604074,2.8620706531070983,2.9282636690299246,40.95477386934673,45.819397993311036,-0.08756864070892334,-0.06960141658782959,0.001,2.5
715,86.69781926089595,84.51944750527474,0.013881920003823598,0.013876862696256726,143.73946711605717,143.73559993884237,2.8308591642970815,2.9279480626351857,8.815462066100869,8.088523006758164,2.8308591642970815,2.9279480626351857,40.95477386934673,45.819397993311036,-0.06660926342010498,-0.072654128074646,0.001,2.5
716,87.18852768072132,84.51268173779134,0.013880496437488189,0.013880613789485649,143.73946726941185,143.7356260676049,2.8496420635050863,2.927242523850406,8.857255822250393,8.089286236459994,2.8496420635050863,2.927242523850406,40.95477386934673,45.819397993311036,-0.09820902347564697,-0.07387685775756836,0.001,2.5
717,87.12620656893681,84.57357872289957,0.013881359887395172,0.01387900243634763,143.73951739082784,143.73561953541426,2.869879120758031,2.929411731037408,8.784079577255888,8.09495783968514,2.869879120758031,2.929411731037408,40.95477386934673,45.819397993311036,-0.08575093746185303,-0.07578384876251221,0.001,2.5
718,86.73234829032042,84.57178887714909,0.013881202805880925,0.01388153518833544,143.73968856019192,143.7358484172502,2.842337976148979,2.928527532213906,8.787931739385403,8.097251557187493,2.842337976148979,2.928527532213906,40.95477386934673,45.819397993311036,-0.08111846446990967,-0.07521486282348633,0.001,2.5
719,87.16884399618536,84.52764632311154,0.01387956416175094,0.013877955131407167,143.73969735252598,143.7356740383799,2.8212773300694862,2.9312268539415953,8.93841288676813,8.080325565210552,2.8212773300694862,2.9312268539415953,40.95477386934673,45.819397993311036,-0.0742807388305664,-0.0773550271987915,0.001,2.5
720,86.28326486303179,84.48108652682608,0.013880620986672502,0.01387983676120888,143.73989027269323,143.73639773365645,2.822997987769557,2.924906024964757,8.756134862276777,8.089976513266164,2.822997987769557,2.924906024964757,40.95477386934673,45.819397993311036,-0.06457734107971191,-0.06949377059936523,0.001,2.5
721,86.71704541179203,84.49286350518166,0.013880819629821645,0.01388068043355858,143.74054596611802,143.7367857866064,2.838866240614822,2.929341966890571,8.795285847917873,8.079023490382676,2.838866240614822,2.929341966890571,40.95477386934673,45.819397993311036,-0.07112562656402588,-0.06553471088409424,0.001,2.5
722,87.555482056073,84.50043132871289,0.013880215636711924,0.013882435266439333,143.7410514230904,143.73762073325472,2.8716652285513566,2.931122246394588,8.864576501063565,8.07519584674899,2.8716652285513566,2.931122246394588,40.95477386934673,45.819397993311036,-0.08498883247375488,-0.06248271465301514,0.001,2.5
723,86.91116465915188,84.42861846617632,0.013881392056244102,0.013877045079741789,143.74177645838242,143.7381135053858,2.8613421437728346,2.931285016114098,8.766681971462129,8.060345022973408,2.8613421437728346,2.931285016114098,40.95477386934673,45.819397993311036,-0.08864855766296387,-0.06199944019317627,0.001,2.5
724,87.28805196944194,84.43560119935103,0.013883455884229498,0.01388014301682595,143.74220219648862,143.73827701428263,2.877835673902502,2.929272830286951,8.792578130111822,8.067777579444707,2.877835673902502,2.929272830286951,40.95477386934673,45.819397993311036,-0.09946465492248535,-0.06519591808319092,0.001,2.5
725,86.6935715028389,84.39454515642147,0.013882831285022811,0.013879399883707231,143.74242703998507,143.73859964326073,2.8557737788163635,2.929880374251401,8.739868280675942,8.057744345138703,2.8557737788163635,2.929880374251401,40.95477386934673,45.819397993311036,-0.08233428001403809,-0.05999720096588135,0.001,2.5
726,86.80150687315157,84.37454152186977,0.013881842186128474,0.013877704403173166,143.74267826048373,143.73866945604814,2.838691191058263,2.929739224870867,8.812702744450402,8.054167986713525,2.838691191058263,2.929739224870867,40.95477386934673,45.819397993311036,-0.060282349586486816,-0.06024372577667236,0.001,2.5
727,86.32046787383369,84.43844892827165,0.013880044928560006,0.013880218949206298,143.74262100807587,143.7385124283092,2.82595039332532,2.9313089241550916,8.754718069654812,8.06223893245327,2.82595039332532,2.9313089241550916,40.95477386934673,45.819397993311036,-0.06264150142669678,-0.06663274765014648,0.001,2.5
728,87.5608424533352,84.37402598913697,0.013882790559550226,0.013877941351570812,143.74256173649826,143.7383925524045,2.8810445711241295,2.927788812579917,8.837509744730427,8.059914852065784,2.8810445711241295,2.927788812579917,40.95477386934673,45.819397993311036,-0.09077775478363037,-0.06763994693756104,0.001,2.5
729,86.25492112560687,84.38151460985675,0.013879717588175081,0.013878822635024487,143.74242203039938,143.7384056678185,2.8415546481134104,2.9276735655041444,8.69479579701895,8.061759298063043,2.8415546481134104,2.9276735655041444,40.95477386934673,45.819397993311036,-0.09045839309692383,-0.06930649280548096,0.001,2.5
730,86.97674339460568,84.41033381841653,0.013881577532956848,0.013878315347667322,143.7423215575354,143.73817015172645,2.8376220674371,2.930300679095214,8.850957797799678,8.059641423432723,2.8376220674371,2.930300679095214,40.95477386934673,45.819397993311036,-0.0746384859085083,-0.07425117492675781,0.001,2.5
731,86.70603924979716,84.38745936262967,0.013880896971715455,0.013878219826364996,143.7422397683813,143.73834243825448,2.8441220715617015,2.9271557378928397,8.777317192486583,8.064501193056138,2.8441220715617015,2.9271557378928397,40.95477386934673,45.819397993311036,-0.0763770341873169,-0.07492399215698242,0.001,2.5
732,85.84264689434313,84.40359670581626,0.013880135386970076,0.013875115488384878,143.74263912948533,143.7391206875294,2.81283829599569,2.928160305405939,8.698490174771154,8.064715407763835,2.81283829599569,2.928160305405939,40.95477386934673,45.819397993311036,-0.05154275894165039,-0.07112443447113037,0.001,2.5
733,87.0924619230593,84.45851640478026,0.01388226406277474,0.013880475009962867,143.74356730858884,143.7398988857716,2.8571790694391708,2.9306421375593614,8.815430195487325,8.068253249228997,2.8571790694391708,2.9306421375593614,40.95477386934673,45.819397993311036,-0.08270704746246338,-0.0668940544128418,0.001,2.5
734,86.39185459769551,84.46083272978613,0.013881465768007877,0.013878361577398602,143.74389970482295,143.73930379299816,2.8199325154973836,2.9302791687955825,8.787048304699972,8.069805673133569,2.8199325154973836,2.9302791687955825,40.95477386934673,45.819397993311036,-0.0647810697555542,-0.06700670719146729,0.001,2.5
735,86.83300073262635,84.34206221972819,0.013879960727327233,0.013878056309170349,143.74315026058025,143.73881107189982,2.866778555826925,2.9309037561001987,8.734740000074632,8.044178013817522,2.866778555826925,2.9309037561001987,40.95477386934673,45.819397993311036,-0.08942532539367676,-0.06888306140899658,0.001,2.5
736,86.72982085210394,84.31747706996956,0.013880636937716599,0.013879769955166805,143.7425661837835,143.73830319407793,2.852665467477923,2.9302542297337766,8.756443133905305,8.041208664310417,2.852665467477923,2.9302542297337766,40.95477386934673,45.819397993311036,-0.08810567855834961,-0.06711268424987793,0.001,2.5
737,86.41843630281126,84.33859173828941,0.01388037384298928,0.013877988708856513,143.74229625401586,143.73840781119355,2.842879069710097,2.931473831667948,8.723525774938178,8.041773658931056,2.842879069710097,2.931473831667948,40.95477386934673,45.819397993311036,-0.06241035461425781,-0.0657651424407959,0.001,2.5
738,86.28970202728732,84.41772022055942,0.013881536876124452,0.013880062309470663,143.74274834356515,143.73896809963878,2.8314676891818915,2.9325885134795837,8.732012703191096,8.054255174553912,2.8314676891818915,2.9325885134795837,40.95477386934673,45.819397993311036,-0.0565105676651001,-0.06619560718536377,0.001,2.5
739,86.93972152122102,84.28543279641448,0.01388018657383158,0.013881668532547544,143.74299665032518,143.73894191984348,2.88559852533005,2.927971462740946,8.699623957750585,8.041648104039323,2.88559852533005,2.927971462740946,40.95477386934673,45.819397993311036,-0.10113561153411865,-0.07356488704681396,0.001,2.5
740,86.5828599402653,84.29924358253096,0.013881537454886054,0.01387854545286866,143.74301139793204,143.73905745796534,2.8262944544979076,2.9288193182801723,8.806163576979134,8.04186749219097,2.8262944544979076,2.9288193182801723,40.95477386934673,45.819397993311036,-0.06977379322052002,-0.07539033889770508,0.001,2.5
741,86.877848614001,84.38393777190244,0.013879228696863555,0.013880326798852271,143.7431520241589,143.7392274480201,2.85349490854209,2.9308440286578943,8.783560168203996,8.052731652722311,2.85349490854209,2.9308440286578943,40.95477386934673,45.819397993311036,-0.09494459629058838,-0.07597672939300537,0.001,2.5
742,87.43780281156351,84.33594472113262,0.013881633630711928,0.013881101699726638,143.74330911045297,143.7392819509857,2.9014073612302593,2.9313137674810097,8.751813518741422,8.041724058297964,2.9014073612302593,2.9313137674810097,40.95477386934673,45.819397993311036,-0.10526931285858154,-0.07345008850097656,0.001,2.5
743,86.30398873947374,84.41492436641833,0.013880413467098819,0.013883335148311379,143.7433235769096,143.7392383690263,2.843821135797293,2.928437491324434,8.697809696996233,8.066147955763698,2.843821135797293,2.928437491324434,40.95477386934673,45.819397993311036,-0.09630298614501953,-0.07153654098510742,0.001,2.5
744,86.90380184614479,84.38177423891814,0.013881603268347992,0.013879207897320838,143.74330790917477,143.73933645395132,2.858746272635021,2.926807146008597,8.772996611730937,8.064409833289309,2.858746272635021,2.926807146008597,40.95477386934673,45.819397993311036,-0.08156073093414307,-0.06975793838500977,0.001,2.5
745,86.5930836356465,84.3325917936089,0.013882073141646944,0.013880758680228804,143.74351299547868,143.73943453887634,2.8259688110607155,2.9245806665324845,8.809184769290177,8.061251815744866,2.8259688110607155,2.9245806665324845,40.95477386934673,45.819397993311036,-0.06992876529693604,-0.0702352523803711,0.001,2.5
746,86.417474462359,84.32314826174324,0.013882698993537095,0.013879013848942658,143.743576356514,143.7394737830529,2.8393800338508695,2.9259498741315757,8.733829661230345,8.055256936063735,2.8393800338508695,2.9259498741315757,40.95477386934673,45.819397993311036,-0.08433175086975098,-0.06667876243591309,0.001,2.5
747,86.77697079145729,84.27908054721794,0.013880660918102892,0.013875685208617245,143.74357387728028,143.7394040212982,2.849493967228798,2.9291142859187813,8.775387294328393,8.036949827519548,2.849493967228798,2.9291142859187813,40.95477386934673,45.819397993311036,-0.08878159523010254,-0.0636134147644043,0.001,2.5
748,86.66808743373034,84.38356977481907,0.013881341909905474,0.013876395134946774,143.74355151305846,143.73938656810137,2.83553917803357,2.9357665294787556,8.795474929426184,8.037890958945487,2.83553917803357,2.9357665294787556,40.95477386934673,45.819397993311036,-0.059706807136535645,-0.06244993209838867,0.001,2.5
749,86.28595152172811,84.32156867087885,0.013881464849165337,0.013879737963146191,143.74336856094436,143.73917513946228,2.8383111921786464,2.9306791626091386,8.710731857785428,8.040752213136807,2.8383111921786464,2.9306791626091386,40.95477386934673,45.819397993311036,-0.06889092922210693,-0.06338977813720703,0.001,2.5
750,86.61775323813485,84.28404302182405,0.013881144430519549,0.013878751938608179,143.74315895067787,143.73902474597944,2.827896314649726,2.92925554055434,8.808336585410675,8.037519482067198,2.827896314649726,2.92925554055434,40.95477386934673,45.819397993311036,-0.06755828857421875,-0.06610560417175293,0.001,2.5
751,86.21374215233067,84.29793765473127,0.013878841831394076,0.01388250833632655,143.74291616468574,143.73877626757158,2.859080649300836,2.9282871680116176,8.633981794168802,8.043201149905405,2.859080649300836,2.9282871680116176,40.95477386934673,45.819397993311036,-0.09339046478271484,-0.06932318210601807,0.001,2.5
752,85.82350882014238,84.29200974276233,0.01388118866756184,0.01387809881672612,143.7428985800176,143.73881984953098,2.809957703953013,2.9291812807421223,8.703303512816055,8.039334230199705,2.809957703953013,2.9291812807421223,40.95477386934673,45.819397993311036,-0.047463417053222656,-0.06541228294372559,0.001,2.5
753,86.38172756687081,84.27178470267101,0.013881296445139787,0.013879409832350387,143.74307792829708,143.73923398021074,2.847083334547391,2.9291688000478073,8.703570613509646,8.03532691783331,2.847083334547391,2.9291688000478073,40.95477386934673,45.819397993311036,-0.0879065990447998,-0.061560988426208496,0.001,2.5
754,86.74214039455906,84.24694426163383,0.013879972759640497,0.01387615576947114,143.7434007654238,143.7399707909013,2.861965714587239,2.929703029103104,8.731006034454907,8.028756530787236,2.861965714587239,2.929703029103104,40.95477386934673,45.819397993311036,-0.08175647258758545,-0.06640172004699707,0.001,2.5
755,86.43177675282337,84.22898752474067,0.013881280428575511,0.0138818812136068,143.7444946186826,143.7408231907465,2.863047025511213,2.9257018845216884,8.665689663272008,8.037166646491723,2.863047025511213,2.9257018845216884,40.95477386934673,45.819397993311036,-0.0824434757232666,-0.06348085403442383,0.001,2.5
756,86.348889310955,84.33117910531851,0.013880063082330191,0.013877532108496862,143.74498893188272,143.741141430909,2.837146036588966,2.9313033591943443,8.726814567144192,8.040801874371276,2.837146036588966,2.9313033591943443,40.95477386934673,45.819397993311036,-0.07684552669525146,-0.07009434700012207,0.001,2.5
757,86.75722067879272,84.20986821101262,0.013881679391878433,0.013878678516749555,143.7447932257724,143.7403871670216,2.8523199043082235,2.927848140531559,8.762959265429371,8.026905678586418,2.8523199043082235,2.927848140531559,40.95477386934673,45.819397993311036,-0.06980693340301514,-0.07533395290374756,0.001,2.5
758,85.95530778638881,84.22157841302878,0.013881955684242237,0.013879660065332583,143.74472761553537,143.740786089945,2.8491730985529657,2.927359839346895,8.612016482169505,8.030712430692438,2.8491730985529657,2.927359839346895,40.95477386934673,45.819397993311036,-0.08871889114379883,-0.07035243511199951,0.001,2.5
759,86.866142221831,84.17233536634158,0.013882130715166105,0.013881086518234234,143.74485740469927,143.7406422286528,2.869797929846861,2.9266658116343827,8.732309154529668,8.022944657698922,2.869797929846861,2.9266658116343827,40.95477386934673,45.819397993311036,-0.09704077243804932,-0.07221865653991699,0.001,2.5
760,86.43516259377127,84.23104883914807,0.013881145882883562,0.013876530675086688,143.74471780083687,143.74077955775437,2.83673052651998,2.9285509363065994,8.74531618754069,8.029033538091143,2.83673052651998,2.9285509363065994,40.95477386934673,45.819397993311036,-0.06921994686126709,-0.06969070434570312,0.001,2.5
761,86.93515541166117,84.30588574871969,0.01388118746635852,0.013877087752381495,143.74505369866912,143.74100849062305,2.853416817072448,2.932857816434624,8.795255344716749,8.031080786599762,2.853416817072448,2.932857816434624,40.95477386934673,45.819397993311036,-0.08073365688323975,-0.06669831275939941,0.001,2.5
762,85.99378597956007,84.1462382951309,0.013880457730661185,0.013880945209500981,143.74515516833844,143.74108478456836,2.8258103801177774,2.9274470790174094,8.689800680981609,8.015381661545872,2.8258103801177774,2.9274470790174094,40.95477386934673,45.819397993311036,-0.06217694282531738,-0.06307697296142578,0.001,2.5
763,86.95443896831979,84.14270193042563,0.013881535334840192,0.013878871400195818,143.74514514916706,143.74098011641996,2.8759590069852283,2.9255086841391877,8.731485260591235,8.02049034016587,2.8759590069852283,2.9255086841391877,40.95477386934673,45.819397993311036,-0.08732736110687256,-0.06733477115631104,0.001,2.5
764,87.01887602941873,84.12597855277683,0.013880212146982276,0.013880268726684776,143.74501459322983,143.74092122463878,2.873714784481617,2.9273509134018303,8.751105886807593,8.011618521699937,2.873714784481617,2.9273509134018303,40.95477386934673,45.819397993311036,-0.10762226581573486,-0.07368695735931396,0.001,2.5
765,87.2513178277455,84.16507478541753,0.013881850032950166,0.013879747126861958,143.74496431845915,143.74080573754964,2.8811971658038935,2.927432167091497,8.77514634699478,8.019194422756948,2.8811971658038935,2.927432167091497,40.95477386934673,45.819397993311036,-0.10413062572479248,-0.07507538795471191,0.001,2.5
766,86.4147344745783,84.09233595934201,0.013881588816468041,0.013875534636494906,143.74483759638852,143.74059645228562,2.84931890010035,2.92784567501234,8.703465022433743,8.003406454488186,2.84931890010035,2.92784567501234,40.95477386934673,45.819397993311036,-0.07418465614318848,-0.07863485813140869,0.001,2.5
767,86.703481971319,84.18957723662207,0.013880297443338076,0.013880610279115945,143.74463125768818,143.74054633813557,2.8699918599983354,2.9295607992637915,8.699195722838741,8.017708791139533,2.8699918599983354,2.9295607992637915,40.95477386934673,45.819397993311036,-0.10210263729095459,-0.08374142646789551,0.001,2.5
768,87.27263280973962,84.17383215658641,0.013881091385692906,0.013878898047234701,143.7447034877349,143.7406422286528,2.8583941216045488,2.9293913402684955,8.847819149394331,8.015068854775317,2.8583941216045488,2.9293913402684955,40.95477386934673,45.819397993311036,-0.09003722667694092,-0.08598852157592773,0.001,2.5
769,86.1381853956673,84.08382556111518,0.013881591966116748,0.01387697136509279,143.74490126413318,143.74100849062305,2.8287280704108513,2.926184199725505,8.709927675512368,8.006689291733961,2.8287280704108513,2.926184199725505,40.95477386934673,45.819397993311036,-0.07821440696716309,-0.07765650749206543,0.001,2.5
770,86.09896431416523,84.15873218140874,0.013882347201644576,0.013879190058911525,143.74560940485304,143.7418303728901,2.8260686145954996,2.9296516168077655,8.710061284165885,8.011266914099753,2.8260686145954996,2.9296516168077655,40.95477386934673,45.819397993311036,-0.06974995136260986,-0.07565569877624512,0.001,2.5
771,86.08841012670366,84.16681908444816,0.01388138661494906,0.01387922660164211,143.74605385222827,143.74199821956978,2.8419058450702046,2.9307820629515375,8.660439055169647,8.009493588603858,2.8419058450702046,2.9307820629515375,40.95477386934673,45.819397993311036,-0.08216333389282227,-0.07111001014709473,0.001,2.5
772,85.88420784852812,84.10478884081378,0.013880789747939038,0.013879015599455324,143.7460266062163,143.74186308487603,2.8250297389837167,2.9312516574476875,8.670227400621577,7.995678560390919,2.8250297389837167,2.9312516574476875,40.95477386934673,45.819397993311036,-0.06844484806060791,-0.067221999168396,0.001,2.5
773,86.54678788177132,84.18473665371388,0.013880855993522172,0.01387908764769102,143.74591874676932,143.7417496901292,2.879816947470558,2.9295599691843908,8.638381387720155,8.016742695135417,2.879816947470558,2.9295599691843908,40.95477386934673,45.819397993311036,-0.1003420352935791,-0.06622874736785889,0.001,2.5
774,86.76813877687182,84.08851842975936,0.01388221914245056,0.013874993453979691,143.7458282419585,143.74136383158705,2.862790474340544,2.9295422528499744,8.733730212328222,7.997553720123393,2.862790474340544,2.9295422528499744,40.95477386934673,45.819397993311036,-0.09403502941131592,-0.06823718547821045,0.001,2.5
775,87.16949802826797,84.21020334301187,0.013880216071953127,0.013879239689994815,143.74533351981262,143.7411807261183,2.8730192959208782,2.929898044337397,8.78331645249921,8.020822686096498,2.8730192959208782,2.929898044337397,40.95477386934673,45.819397993311036,-0.09911012649536133,-0.0773005485534668,0.001,2.5
776,86.2959371978913,84.14669585467182,0.0138803541354548,0.013878459493975375,143.7453735198208,143.74133550841674,2.84407337466676,2.928780960797466,8.695442291560084,8.011472084849176,2.84407337466676,2.928780960797466,40.95477386934673,45.819397993311036,-0.08626377582550049,-0.07785952091217041,0.001,2.5
777,86.36781037552672,84.11363023738797,0.013882119829456011,0.013877867954630517,143.74558683615834,143.74161455543543,2.828838594794473,2.927068930405837,8.755520593780568,8.00999448769866,2.828838594794473,2.927068930405837,40.95477386934673,45.819397993311036,-0.07046616077423096,-0.07289612293243408,0.001,2.5
778,86.87318458748823,84.14065931951721,0.013879548121786597,0.013880156768629184,143.7457644208592,143.7415513258714,2.846631474630717,2.9287843185922373,8.803217287239317,8.010254520237645,2.846631474630717,2.9287843185922373,40.95477386934673,45.819397993311036,-0.08791446685791016,-0.07190334796905518,0.001,2.5
779,86.06795439089163,84.0075159487517,0.013881028378678726,0.013879975596797905,143.74544516200797,143.7412570200636,2.83483855967945,2.9290634604999455,8.677549799882387,7.982788516526238,2.83483855967945,2.9290634604999455,40.95477386934673,45.819397993311036,-0.07426023483276367,-0.07317447662353516,0.001,2.5
780,85.82465163187764,84.16619520920973,0.013879835354460643,0.013881587202234013,143.74542256775413,143.74137914140886,2.8397996241922554,2.931578096338738,8.614006529701015,8.00698026287117,2.8397996241922554,2.931578096338738,40.95477386934673,45.819397993311036,-0.07450211048126221,-0.07029664516448975,0.001,2.5
781,86.05538390908808,84.11812313424305,0.013881155381749822,0.013877470538418828,143.74554821634212,143.7419284578151,2.8116049059671373,2.9295804747769667,8.744737032470193,8.003359279504986,2.8116049059671373,2.9295804747769667,40.95477386934673,45.819397993311036,-0.05490994453430176,-0.06756591796875,0.001,2.5
782,86.08807012663415,84.13837302727843,0.01387842989509529,0.013880653001592311,143.74672480444212,143.7429443155244,2.8467953257025584,2.931671808395896,8.645702962699648,8.001133736958073,2.8467953257025584,2.931671808395896,40.95477386934673,45.819397993311036,-0.07822132110595703,-0.0639796257019043,0.001,2.5
783,86.68244146861423,84.13209834784568,0.01387900545868642,0.013878751767294662,143.7473924084125,143.7434935808979,2.8604122398287006,2.9322235823475,8.723726036161235,7.998225114816009,2.8604122398287006,2.9322235823475,40.95477386934673,45.819397993311036,-0.078879714012146,-0.06317687034606934,0.001,2.5
784,86.37479130986148,84.06187831916937,0.013880560665985748,0.01387573628184887,143.74773551391397,143.743558953837,2.862408535764046,2.9282597434959285,8.656206969639763,7.996072306680839,2.862408535764046,2.9282597434959285,40.95477386934673,45.819397993311036,-0.0726158618927002,-0.06507515907287598,0.001,2.5
785,86.45259771554714,84.00759617221794,0.013879854308513042,0.013879402886365967,143.74761121995886,143.74330394323852,2.872336496260498,2.9272006570694837,8.641984567370647,7.988393121738498,2.872336496260498,2.9272006570694837,40.95477386934673,45.819397993311036,-0.09127604961395264,-0.06961536407470703,0.001,2.5
786,86.76982425964458,83.99621479965771,0.01388204772137667,0.013879201035435782,143.74741847870538,143.74317967851823,2.867512489283704,2.925784983363837,8.719901730267447,7.990362357136398,2.867512489283704,2.925784983363837,40.95477386934673,45.819397993311036,-0.09254443645477295,-0.0717005729675293,0.001,2.5
787,86.60453712041654,84.00711580104253,0.01388181279720723,0.013878072742808821,143.7473048684585,143.74312303217758,2.8724051220732516,2.9325283865466165,8.672166377056383,7.972313614593301,2.8724051220732516,2.9325283865466165,40.95477386934673,45.819397993311036,-0.09505867958068848,-0.07439720630645752,0.001,2.5
788,86.14150776056388,83.91613932836016,0.013881385278025364,0.01387554499317571,143.74738177582248,143.74316008194634,2.86064596950908,2.929820517632475,8.614837755909317,7.9622424294717336,2.86064596950908,2.929820517632475,40.95477386934673,45.819397993311036,-0.0754387378692627,-0.07465600967407227,0.001,2.5
789,86.80648527672543,83.9492643477526,0.01388032819258308,0.013882154897852087,143.74727263841996,143.7430314794432,2.864681714343865,2.929604657916321,8.735726552992011,7.969514151480684,2.864681714343865,2.929604657916321,40.95477386934673,45.819397993311036,-0.0939556360244751,-0.07859790325164795,0.001,2.5
790,86.03999988038336,83.98578041612504,0.013881898814285022,0.013880268552256467,143.7471703508591,143.74304020604163,2.832849423489978,2.9276894925031374,8.677925791972047,7.982562714197165,2.832849423489978,2.9276894925031374,40.95477386934673,45.819397993311036,-0.07169723510742188,-0.07229113578796387,0.001,2.5
791,86.22149075455403,83.97082356226484,0.013878835259095907,0.013880890439012179,143.74717362242527,143.74312083776977,2.830073771564605,2.9273902476830624,8.722551529531303,7.98046916623578,2.830073771564605,2.9273902476830624,40.95477386934673,45.819397993311036,-0.07050085067749023,-0.06951034069061279,0.001,2.5
792,86.21401173705033,83.92013804968384,0.013880398594017703,0.013875720271822004,143.74745868318644,143.74336931617762,2.8368220469061054,2.9287377137404222,8.700810390900527,7.966290298512947,2.8368220469061054,2.9287377137404222,40.95477386934673,45.819397993311036,-0.07442307472229004,-0.061357855796813965,0.001,2.5
793,86.52602091266881,83.98381971276325,0.013881256081588205,0.013878145398428807,143.74753858096636,143.74354369504795,2.883375688214198,2.9318961961612255,8.62355100769094,7.969551856701191,2.883375688214198,2.9318961961612255,40.95477386934673,45.819397993311036,-0.09388875961303711,-0.05964779853820801,0.001,2.5
794,86.76164787458615,83.96227284817392,0.013880553099964832,0.013875865813556524,143.7477176225365,143.74357421262607,2.8451116632177205,2.9298289220867346,8.785468738881788,7.9714445589378125,2.8451116632177205,2.9298289220867346,40.95477386934673,45.819397993311036,-0.06821966171264648,-0.061235666275024414,0.001,2.5
795,86.1516144463365,83.98284682462048,0.013881064002937208,0.013879222060276513,143.74776669602898,143.74365484435424,2.832401300395154,2.931727936435304,8.701593093935967,7.969861469141217,2.832401300395154,2.931727936435304,40.95477386934673,45.819397993311036,-0.07000398635864258,-0.06166493892669678,0.001,2.5
796,85.80869314938134,84.0016266175337,0.013880238063333921,0.01387756656120254,143.7478153861348,143.74374854046366,2.815234695846711,2.9308686910265664,8.684508903541756,7.976194549165043,2.815234695846711,2.9308686910265664,40.95477386934673,45.819397993311036,-0.061647653579711914,-0.060251832008361816,0.001,2.5
797,86.85702090367201,83.92505367623524,0.013881109010621631,0.013874622871694357,143.74790361618477,143.74370062072143,2.863697432193724,2.9329765656321345,8.748785903905105,7.9545573614114105,2.863697432193724,2.9329765656321345,40.95477386934673,45.819397993311036,-0.0827409029006958,-0.06343281269073486,0.001,2.5
798,86.22805939487476,83.91990921888065,0.01387944641418543,0.013879391807053599,143.74781617846722,143.743593809198,2.8346210264880054,2.92702472887709,8.710223162793234,7.971383884200284,2.8346210264880054,2.92702472887709,40.95477386934673,45.819397993311036,-0.0603405237197876,-0.06567656993865967,0.001,2.5
799,86.25897766317755,83.92425225809664,0.013880608091676854,0.013874976852142493,143.7477199995338,143.7436025357964,2.867901121951028,2.9285054350377724,8.616566262652526,7.967810461752391,2.867901121951028,2.9285054350377724,40.95477386934673,45.819397993311036,-0.09243345260620117,-0.0719078779220581,0.001,2.5
800,86.33913785848186,83.96143716155088,0.01388143374111934,0.013878608567883139,143.74772664490257,143.7435807448167,2.839884023171174,2.9310029214839872,8.716649417302117,7.967754745164444,2.839884023171174,2.9310029214839872,40.95477386934673,45.819397993311036,-0.08287036418914795,-0.07333052158355713,0.001,2.5
