epoch,train_loss,val_loss,train_recon_loss,val_recon_loss,train_kl_loss,val_kl_loss,train_age_loss,val_age_loss,train_site_loss,val_site_loss,train_age_mae,val_age_mae,train_site_acc,val_site_acc,current_beta,current_grl_alpha,current_lr
1,11.270638797084823,9.799508911311428,0.0866925860544545,0.04140065744552458,50.69024438343189,74.47867705856544,2.9902240827987474,2.541762866038277,1.1066369721504778,1.0664098091348757,2.9902240827987474,2.541762866038277,46.89419318816304,49.428651059085844,0.0,0.0,0.001
2,10.864608276362928,10.289185698348676,0.03006731489041975,0.031610673650634066,88.75570493407385,103.2392240968702,2.8849230675242055,2.6913570698554166,1.089885870881882,1.0917519323669016,2.8849230675242055,2.6913570698554166,48.21852317141262,48.47408026755853,0.0,0.0125,0.001
3,10.835687245955219,9.887269225274705,0.023686909397085374,0.026008113774334974,107.85205858955831,106.76091568180284,2.880141877116337,2.573126721142925,1.0857873424213735,1.0709404608477717,2.880141877116337,2.573126721142925,48.424413735343386,47.35228539576365,0.0,0.025,0.001
4,10.80478205379995,9.684606522354926,0.018375594730502997,0.016343686846993374,113.4398293891877,134.34923198789258,2.856387890763019,2.529879793541354,1.1086213948805195,1.0393117066875615,2.856387890763019,2.529879793541354,46.55569514237856,47.1711259754738,0.0,0.0375,0.001
5,10.760693793453896,9.421604732738823,0.01640254129629139,0.014911432882382586,135.1180517642875,138.11023059789684,2.8376770542694296,2.4503874943540778,1.1156300513322364,1.0277654020283933,2.8376770542694296,2.4503874943540778,44.931253489670574,48.731884057971016,0.0,0.05,0.001
6,10.710028719728982,9.45425346463819,0.01298041838948734,0.012014130278881908,129.47142107189867,62.55762768323339,2.8213063524396373,2.4563015383089932,1.1165646265366436,1.0366673932027657,2.8213063524396373,2.4563015383089932,45.308137911781124,48.285953177257525,0.0,0.0625,0.001
7,10.723201286320178,9.656239403264312,0.016201729925753916,0.0122740697136425,125.0560204331799,142.338242835956,2.8192069210998176,2.521197281487145,1.1246893817256243,1.0401867176245154,2.8192069210998176,2.521197281487145,44.34149916247907,48.446209587513934,0.0,0.075,0.001
8,10.687381308814922,9.448070680284447,0.01429465811778669,0.012569576788407106,124.43843108432243,146.8065142679374,2.807770704304553,2.4504078569486656,1.1248872648198667,1.0421387835622764,2.807770704304553,2.4504078569486656,44.289154103852596,48.51588628762542,0.0,0.08750000000000001,0.001
9,10.664763006000529,9.417279240811283,0.013021842349842732,0.013515489247555915,138.41321559886836,137.92781151949097,2.8017893479164586,2.4443393022054547,1.1231865666552938,1.0353729310243025,2.8017893479164586,2.4443393022054547,44.673017867113344,50.0,0.0,0.1,0.001
10,10.666002158543572,9.595518454527243,0.013313258812975478,0.012512863266885015,149.73465064648875,143.0653628856442,2.8026806111444915,2.488527693876056,1.122323523946876,1.0587112979346693,2.8026806111444915,2.488527693876056,45.06560580681184,49.0175585284281,0.0,0.11249999999999999,0.001
11,10.636151482578365,9.354749204323044,0.013475291428870158,0.013754130610022923,131.3549670502169,129.76724445593928,2.7931200857604437,2.4243090535486025,1.1216579515264395,1.0340339713537838,2.7931200857604437,2.4243090535486025,45.17902010050251,49.82580824972129,0.0,0.125,0.001
12,10.62009574713353,9.420934704766758,0.013438200077852146,0.012339287083450634,150.861344448752,155.1918102251646,2.7902797707494313,2.453204280423746,1.1179091162950483,1.0244912634725156,2.7902797707494313,2.453204280423746,45.55939419318816,49.99303232998885,0.0,0.1375,0.001
13,10.61042214717897,9.311188463383296,0.012050948629913917,0.011063762244829698,167.32867787764235,181.544420869587,2.788049278014336,2.4098307496329214,1.1171116705116515,1.0353162285343327,2.788049278014336,2.4098307496329214,45.71293969849246,49.89548494983278,0.0,0.15,0.001
14,10.601396024992585,9.371213003943197,0.011920378539796517,0.011909825683736483,155.07647295280384,169.0606932368964,2.782995176075691,2.4345496003843072,1.1202450646560729,1.0278272109153943,2.782995176075691,2.4345496003843072,45.71817420435511,50.20903010033445,0.0,0.1625,0.001
15,10.590261310788255,9.499394833576453,0.0119768559666468,0.014760579991724379,162.93739653672006,173.00172594425538,2.780390783237519,2.4593976947376164,1.1185560506658805,1.0532205818488845,2.780390783237519,2.4593976947376164,45.78796761585706,47.85395763656633,0.0,0.17500000000000002,0.001
16,10.564472074418145,9.397518786299587,0.01255810250268676,0.012451596728369279,156.56879810565414,175.70247889149815,2.7736267660131406,2.4351539457655007,1.115516827467232,1.039802665428706,2.7736267660131406,2.4351539457655007,46.253838637632605,48.104793756967666,0.0,0.1875,0.001
17,10.574781576526158,9.600659830780199,0.012376353742127342,0.013025828446142184,182.47145338713423,174.8652235900811,2.7759993090967705,2.499528304656081,1.1172036328573989,1.0445245509030694,2.7759993090967705,2.499528304656081,46.00607202680067,48.23021181716834,0.0,0.2,0.001
18,10.564026892218491,9.515184712914985,0.012374461840657233,0.012428763684886221,168.44150780486635,163.4751753621011,2.7723910765964717,2.4732682497605034,1.1172395823455803,1.0414756012202107,2.7723910765964717,2.4732682497605034,45.68851200446678,49.45652173913043,0.0,0.21250000000000002,0.001
19,10.565049616602264,9.337270046689174,0.012644682681715268,0.012660494457344745,176.76671583728375,171.43198239125536,2.771877265522295,2.42356123174712,1.118386573261685,1.0269629145944397,2.771877265522295,2.42356123174712,45.660594639866,49.944258639910814,0.0,0.22499999999999998,0.001
20,10.560342452168,9.395551520978062,0.012840913339829492,0.011136639656638156,167.35254168656869,147.41256914595962,2.768663897453108,2.4448566731800603,1.1207549224546807,1.0249224242026458,2.768663897453108,2.4448566731800603,45.69723618090452,49.29626532887402,0.0,0.2375,0.001
21,10.544949237625403,9.347543968404814,0.011768134164201156,0.01233912948332104,170.4092972423696,170.21246727440536,2.765843217030775,2.429242298887459,1.1178257233733109,1.023738990725748,2.765843217030775,2.429242298887459,45.958961474036855,50.20903010033445,0.0,0.25,0.001
22,10.533484801308926,9.356199120996788,0.012051492455217307,0.011144593180496756,168.0961959557717,158.43049715142052,2.7614644560182913,2.421389339759597,1.1185199323810724,1.0404432663816539,2.7614644560182913,2.421389339759597,45.58382188721385,49.83974358974359,0.0,0.2625,0.001
23,10.53824396042901,9.30277796971758,0.012292534399971092,0.012384348721300545,177.76152974889638,190.23556593402705,2.7631201192961266,2.4083667957663137,1.1182955386983424,1.0326465998206251,2.7631201192961266,2.4083667957663137,45.98513400335008,49.519230769230774,0.0,0.275,0.001
24,10.54255243521839,9.349276764337036,0.012345462965730646,0.011527017050670873,193.27159415138027,183.60591959023023,2.76284836524695,2.427079375372284,1.1208309441688407,1.028255798279774,2.76284836524695,2.427079375372284,45.482621440536015,50.87095875139354,0.0,0.28750000000000003,0.001
25,10.520237858770681,9.399252503479072,0.012114044402100434,0.011519762101804333,192.57447986187447,184.91856435310083,2.7576679155721404,2.445994462722387,1.1175600275655222,1.0248747083255678,2.7576679155721404,2.445994462722387,46.26954215522055,50.42502787068004,0.0,0.3,0.001
26,10.522392800638357,9.274865490669923,0.01223118899214341,0.012444538687259258,196.69005735089564,200.22739617082985,2.7589933287824486,2.3980701024184126,1.116590800929642,1.0341053139273007,2.7589933287824486,2.3980701024184126,46.170086543830266,49.64464882943144,0.0,0.3125,0.001
27,10.513838822318482,9.404699377657446,0.011812619097418521,0.011105904852973511,196.286354162918,190.4910033873491,2.754926502205419,2.44187373594031,1.1186233583207505,1.0339861437096909,2.754926502205419,2.44187373594031,45.693746510329426,50.118450390189516,0.0,0.325,0.001
28,10.506515591321612,9.326921657043423,0.011909469985520121,0.01165119242317634,177.5056910256578,178.01429335169968,2.7505218169331083,2.418929600130887,1.1215203328880765,1.0292408234432522,2.7505218169331083,2.418929600130887,45.540201005025125,49.50529542920847,0.0,0.3375,0.001
29,10.520153018497743,9.23747192391318,0.013862295307131667,0.010622242384630701,177.7479418270552,168.00067608173077,2.754561934905103,2.3918211701322956,1.121302453517115,1.0256930885373416,2.754561934905103,2.3918211701322956,45.59254606365159,49.70735785953177,0.0,0.35000000000000003,0.001
30,10.503048174212193,9.353497320194307,0.012134901492839283,0.015863109314596176,190.80320450076172,212.63817998743642,2.7503209707791547,2.423040220171313,1.1199751685013124,1.0342567570366323,2.7503209707791547,2.423040220171313,45.70770519262982,48.195373467112596,0.0,0.3625,0.001
31,10.489486298702204,9.258872688148864,0.012717759557534269,0.011164245683670774,186.60999313005183,185.66899780817786,2.7452058809419904,2.3920237342915276,1.1205754609563243,1.0358186105687748,2.7452058809419904,2.3920237342915276,45.39014517029592,49.01059085841695,0.0,0.375,0.001
32,10.491530409876292,9.249936229276285,0.011936309948118454,0.011101668888501566,176.2001941197415,175.00212146499618,2.7457648155610697,2.393028202928694,1.1211498245588565,1.0298749662296163,2.7457648155610697,2.393028202928694,45.59254606365159,50.09754738015607,0.0,0.3875,0.001
33,10.487068445705155,9.296109174007556,0.011672588248307116,0.011010886262375508,189.31509448828342,172.89153498178607,2.7448310945235037,2.404999213340955,1.1204512890725746,1.0350503205854358,2.7448310945235037,2.404999213340955,45.61348408710218,50.07664437012264,0.0,0.4,0.001
34,10.48459404370826,9.265597026616568,0.011799266042384371,0.011171215809798626,184.99433189234475,170.61602288185554,2.7439035094030606,2.3947637090449083,1.1205421375336426,1.0350673675802904,2.7439035094030606,2.3947637090449083,45.65187046342825,49.87458193979933,0.0,0.41250000000000003,0.001
35,10.465078833115161,9.295305577408909,0.011887114482558952,0.012224911341449887,195.4618699048765,191.78788609329274,2.7371890832431354,2.403919363766078,1.1208122276447792,1.035661293245611,2.7371890832431354,2.403919363766078,45.57335287548855,47.73550724637681,0.0,0.42500000000000004,0.001
36,10.483041310696413,9.218845447170295,0.012219151724826717,0.011404437696147988,194.52259146787813,182.8520344507734,2.7420756892742624,2.3822997476212024,1.1222975481029065,1.0302709006146842,2.7420756892742624,2.3822997476212024,45.22962032384143,49.414715719063544,0.0,0.4375,0.001
37,10.463048262412425,9.435087094471738,0.011990582472673346,0.01140572603713044,192.4750705721124,203.2350394462662,2.7356083544854144,2.445371505010088,1.122116289146781,1.0437833939906347,2.7356083544854144,2.445371505010088,45.62395309882747,47.324414715719065,0.0,0.44999999999999996,0.001
38,10.466910733383239,9.289447941774775,0.011887047991535138,0.012116327573448719,172.65795054134878,189.59294657457366,2.736465937594739,2.4013698138255073,1.1228129170847498,1.036611073923483,2.736465937594739,2.4013698138255073,45.19821328866555,49.82580824972129,0.0,0.4625,0.001
39,10.448102360527852,9.344206401735644,0.012090086037348197,0.011487560825362187,200.9887388603172,205.7858073426994,2.731241080828847,2.4155304920979037,1.1211445123240111,1.0430637020596958,2.731241080828847,2.4155304920979037,45.44074539363484,49.435618729096994,0.0,0.475,0.001
40,10.450170372665294,9.376821146893795,0.011716741047766308,0.010907205378215183,204.48369829698623,208.0093595915149,2.7307053206021528,2.4314536705463627,1.1231688300968214,1.0357764628419908,2.7307053206021528,2.4314536705463627,45.302903405918485,50.229933110367895,0.0,0.48750000000000004,0.001
41,10.452607884345808,9.288003380349116,0.012001132067357409,0.012701025658360825,211.69718150144712,209.54627880151722,2.7317272073925705,2.3992029804582713,1.1227125683554986,1.0388467289931,2.7317272073925705,2.3992029804582713,45.34128978224455,48.52982162764771,0.0,0.5,0.001
42,10.436756152670055,9.468571825569688,0.011900625727750415,0.011953065156263851,190.71237059933458,182.54560891175882,2.7252542892692477,2.4585626872221096,1.1245463017576038,1.0404653606340373,2.7252542892692477,2.4585626872221096,45.19821328866555,46.90635451505017,0.0,0.5125,0.001
43,10.442983001121124,9.816039614321264,0.01246757502706606,0.015094619434339346,187.19445540078323,217.67947646261192,2.7274081913337302,2.5766095659937482,1.1241454377911864,1.0355581574083836,2.7274081913337302,2.5766095659937482,45.17902010050251,47.70763656633222,0.0,0.525,0.001
44,10.436791797512274,9.247991446534394,0.012528980773260546,0.012273833014428151,185.9243060548102,169.8967027270807,2.7256729513623075,2.387575594610727,1.1236219756900099,1.0364953885509018,2.7256729513623075,2.387575594610727,44.98010887772194,49.937290969899664,0.0,0.5375,0.001
45,10.438768533805707,9.323052654564048,0.012307671063055978,0.014114400353220395,197.74441797542946,214.46239101448188,2.7254659913892123,2.4102445408253366,1.12503144542709,1.039102285602021,2.7254659913892123,2.4102445408253366,45.105737018425465,49.324136008918614,0.0,0.55,0.001
46,10.430115558127994,9.383543206962322,0.012385528004769338,0.0115749434253394,202.4118638371436,199.40268250532372,2.723873347426712,2.4279528706102997,1.123054994077805,1.0440548238414054,2.723873347426712,2.4279528706102997,45.30464824120603,48.362597547380155,0.0,0.5625,0.001
47,10.438435912864426,9.38691799138302,0.012132258243372093,0.01157798427972141,212.4726457196464,215.42729852138422,2.7247725824348623,2.437540951115365,1.1259929585363664,1.0313585606572886,2.7247725824348623,2.437540951115365,44.99755723059743,49.66555183946488,0.0,0.5750000000000001,0.001
48,10.381484235085168,9.457931171425741,0.011850961913016173,0.011378540989705086,220.49443316606087,221.83771119388848,2.7071454736655283,2.455288930880186,1.1240984423742288,1.0403429647884772,2.7071454736655283,2.455288930880186,45.098757677275266,49.74916387959866,0.0,0.5874999999999999,0.0005
49,10.376523222356186,9.392318478396106,0.0119518141164993,0.011256579675170755,231.41174610336023,231.55650637487372,2.7049214131734947,2.435755788549,1.1249036006858268,1.03689724233504,2.7049214131734947,2.435755788549,45.084798994974875,49.52619843924192,0.0,0.6,0.0005
50,10.371399900222343,9.234159650877036,0.01201005805323305,0.012130579682754368,226.48293562164392,230.8953307288945,2.702448544590118,2.383373175576379,1.1260221168224136,1.0359547798051483,2.702448544590118,2.383373175576379,44.77596314907873,49.96516164994426,0.0,0.6125,0.0005
51,10.466569686455143,9.297716024860225,0.01168648426180226,0.011471742409029135,104.66070320644836,89.8066230442213,2.7078931370239427,2.38087719725393,1.125379959675668,1.0372929274039124,2.7078931370239427,2.38087719725393,44.91729480737018,49.67948717948718,0.0007686158073360571,0.625,0.0005
52,10.457664593047499,9.333135483655642,0.011840805867900069,0.011524785592437721,78.89954636071661,73.26734425896652,2.710074399717023,2.3959234861227183,1.125673204810176,1.0370863626234508,2.710074399717023,2.3959234861227183,44.983598548297046,49.52619843924192,0.0008143799688664224,0.6375,0.0005
53,10.44553816671281,9.467651939179454,0.011610278801494374,0.011350315675729162,66.47048912282632,62.87307703534895,2.7085057037093665,2.4404130638509556,1.1255149889897529,1.04039354135626,2.7085057037093665,2.4404130638509556,45.05164712451145,48.94091415830547,0.0008632524167987623,0.65,0.0005
54,10.45450464458455,9.297229158173968,0.011819189773702974,0.011342453755803797,64.70945633675784,63.81655511250065,2.71043996928059,2.380509137442811,1.126063924205829,1.042969498945319,2.71043996928059,2.380509137442811,45.01151591289782,49.14297658862876,0.0009154408582006737,0.6625000000000001,0.0005
55,10.448748630095567,9.419188604174117,0.01175586173351436,0.011418760577663199,60.923183373004484,57.738808052462744,2.7082711352375486,2.4264174055229195,1.1265064089209058,1.0362217985135125,2.7082711352375486,2.4264174055229195,44.85099106644333,49.7979375696767,0.0009711663986888792,0.675,0.0005
56,10.45427570417565,9.371594307813357,0.011641332996142836,0.01147088364136292,56.12024331532132,56.36388710217598,2.7109302875384613,2.409255427062312,1.1260011705321882,1.0371324621315385,2.7109302875384613,2.409255427062312,45.14412339475153,48.50891861761427,0.001030664338572162,0.6875,0.0005
57,10.455181235244725,9.494906298957408,0.011849132252598128,0.011606412922076823,53.47595246579646,54.31633432785936,2.710289746007062,2.4501821504388763,1.1269751149539107,1.0366606482428187,2.710289746007062,2.4501821504388763,44.59973478503629,50.02787068004459,0.0010941850065037412,0.7000000000000001,0.0005
58,10.449284528501202,9.34128298488349,0.011742730159052486,0.011568515905186351,51.115551482626074,50.77352086197971,2.708188587031106,2.400196360770941,1.1267900272563207,1.0350634055658594,2.708188587031106,2.400196360770941,44.870184254606365,49.81884057971014,0.0011619946309257845,0.7124999999999999,0.0005
59,10.44830498091007,9.30130649862215,0.011882268647922776,0.01141242648671104,47.56709643544464,43.841283791838684,2.708102904372479,2.3875306585560674,1.1266991592265587,1.0365927220719846,2.708102904372479,2.3875306585560674,44.96615019542155,49.54013377926421,0.0012343762493168845,0.725,0.0005
60,10.4440237766268,9.286293663973261,0.011893992960174312,0.011509169802617868,43.73344968777672,47.57918960248082,2.7068742495685365,2.3795509702518767,1.1270724517682755,1.036862594028779,2.7068742495685365,2.3795509702518767,44.76723897264098,49.54013377926421,0.0013116306549289963,0.7374999999999999,0.0005
61,10.450397703382704,9.270442740973023,0.012014421382175351,0.01174497237032406,43.941009704658,44.569185765159034,2.707651890302623,2.3751473820196214,1.1270852238688636,1.0355613678859894,2.707651890302623,2.3751473820196214,44.72187325516471,49.79096989966555,0.0013940773803165164,0.75,0.0005
62,10.45269006380883,9.332715569797035,0.01186393566080174,0.011793196214821892,41.96707762905102,39.67178030449943,2.7082126292351703,2.393973910290262,1.1269953405970239,1.0401024126687577,2.7082126292351703,2.393973910290262,44.57879676158571,48.99665551839465,0.001482055716509583,0.7625,0.0005
63,10.445286550047943,9.396482778632123,0.011862635617167806,0.011300353648986173,39.7879175221301,36.38961216172778,2.704887263539249,2.4154714759244036,1.1280296742084104,1.0407103310061936,2.704887263539249,2.4154714759244036,44.52819653824679,49.60284280936455,0.0015759257661579784,0.775,0.0005
64,10.444514734128678,9.409871928003454,0.011801937700050094,0.011502508415633952,35.73909644505486,37.077418502756586,2.7057885753582602,2.4161956355457455,1.127722944979026,1.0438191022894188,2.7057885753582602,2.4161956355457455,44.62416247906197,47.96544035674471,0.001676069528362651,0.7875,0.0005
65,10.440751911208059,9.34654406586884,0.011868983530556437,0.011435370427144145,34.84411269229993,33.431679667171956,2.7037290232864457,2.4002583105295665,1.127786287976536,1.037364327389261,2.7037290232864457,2.4002583105295665,44.58228643216081,48.86426978818283,0.001782892012209292,0.8,0.0005
66,10.454307910785005,9.403273114658386,0.011992030201395552,0.011201499801423969,31.779106080498792,33.38402587142145,2.708608652612206,2.416962019177185,1.128105293899059,1.038930960124153,2.708608652612206,2.416962019177185,44.72012841987716,49.331103678929765,0.001896822375212947,0.8125,0.0005
67,10.448988977855041,9.326324232180117,0.011898844433706077,0.012074152819621257,31.538313115395226,31.480429565361643,2.706229432610278,2.3912794845160033,1.1273737997399036,1.038437115773974,2.706229432610278,2.3912794845160033,44.76898380792853,48.961817168338904,0.0020183150819636413,0.8250000000000001,0.0005
68,10.450718375439752,9.383684282185907,0.011964250102198237,0.011497597513282247,30.328451922324568,30.165346947269164,2.7062320163435007,2.4117030537912547,1.1274585409712885,1.036143456813085,2.7062320163435007,2.4117030537912547,44.77945281965383,49.324136008918614,0.0021478510772199723,0.8375,0.0005
69,10.448118629434267,9.394654221359303,0.01214226727004177,0.012203596204253476,27.51541392860434,26.909680244250175,2.705422345118307,2.4158228055024757,1.1284053876105797,1.036734152797074,2.705422345118307,2.4158228055024757,44.53168620882189,49.76309921962096,0.0022859389665194347,0.8500000000000001,0.0005
70,10.437133320478805,9.340613845731635,0.01213495823279614,0.011761743963645188,26.22433421200444,24.019938703896344,2.7026722242151937,2.3975728865849932,1.126587429171764,1.038845080064159,2.7026722242151937,2.3975728865849932,44.47410664433277,49.01059085841695,0.002433116196050013,0.8624999999999999,0.0005
71,10.452782123465568,9.500803791160966,0.011885988174525304,0.012527866163389672,24.867352705571587,24.06461045680902,2.706397991350814,2.448750244468085,1.1286484560841359,1.0398495252448712,2.706397991350814,2.448750244468085,44.42001675041876,48.724916387959865,0.002589950222046692,0.875,0.0005
72,10.44522905163363,9.319966712790057,0.012201893214596044,0.011622725263312709,23.29184400110122,23.04049913965606,2.7039779752809063,2.3885170536296423,1.128438332505495,1.0396346166779764,2.7039779752809063,2.3885170536296423,44.533431044109435,49.10813823857303,0.0027570396583289,0.8875,0.0005
73,10.431709153235525,9.327394986232388,0.011773149223945149,0.011426356007472728,22.690428539469945,22.068258147308793,2.6991316714411937,2.391924791910178,1.1279721199501034,1.0377117953571589,2.6991316714411937,2.391924791910178,44.625907314349526,49.156911928651056,0.002935015388771569,0.8999999999999999,0.00025
74,10.416548577185651,9.278086271041479,0.011825050271544159,0.01143877729129798,22.327623267203055,20.93845728700908,2.692677167059655,2.377094189060173,1.1284642045155775,1.03497092274652,2.692677167059655,2.377094189060173,44.45142378559464,49.087235228539576,0.0031245416294963515,0.9125,0.00025
75,10.420309508732082,9.297408395254758,0.011811036243202766,0.011516766844850984,21.35958207778462,20.999878070027535,2.6933083323910543,2.3802754128125465,1.1287623543369245,1.03760659435521,2.6933083323910543,2.3802754128125465,44.32056113902848,49.31020066889632,0.0033263169233752085,0.925,0.00025
76,10.426904945117943,9.357578170738092,0.01185146206495883,0.011694798525318986,20.712434965694904,20.52199115561801,2.694762931463773,2.4009910243809425,1.1287101870605494,1.0351201868642002,2.694762931463773,2.4009910243809425,44.554369067560025,49.72826086956522,0.0035410750470544943,0.9375,0.00025
77,10.430730793078075,9.309619950876055,0.011822079836132472,0.011622818668633534,19.97567625594232,19.708899545829034,2.6957827085625987,2.382761473639753,1.128130267546338,1.0377091743475617,2.6957827085625987,2.382761473639753,44.57879676158571,49.860646599777034,0.003769585808135771,0.95,0.00025
78,10.431762886473349,9.305893467421516,0.011782492889015452,0.011460125858510285,18.97815259617178,19.689623144823837,2.695912947007759,2.3799035161102364,1.1280443799489042,1.0378575684500644,2.695912947007759,2.3799035161102364,44.676507537688444,49.338071348940915,0.004012655707396759,0.9625,0.00025
79,10.435855553444373,9.335750095022961,0.011843443311551209,0.01157968946698318,18.95466085973896,18.265163128192608,2.6954807073027642,2.3909977806053035,1.1283061020471477,1.0365820895868,2.6954807073027642,2.3909977806053035,44.63288665549972,49.0175585284281,0.004271128438016433,0.9750000000000001,0.00025
80,10.440068914263293,9.453097296664813,0.011792571785158282,0.01145259552160766,18.04853091833646,17.25446906562899,2.696138402591665,2.429683291393778,1.128907295061449,1.0370789988250904,2.696138402591665,2.429683291393778,44.53866554997209,49.05239687848383,0.004545885190702477,0.9875,0.00025
81,10.44356967163512,9.334007077126731,0.011816826902770883,0.011553764889388446,17.162536748889302,16.87511998860201,2.6971997735488356,2.3894024969077563,1.1285619017533388,1.0363032993265617,2.6971997735488356,2.3894024969077563,44.40256839754328,49.44258639910814,0.004837844730438922,1.0,0.00025
82,10.441646386364331,9.33068230638536,0.011900221726673566,0.011389253973553877,16.57519888651564,16.477688620321725,2.6957787140197156,2.3852275340187643,1.128540761373617,1.0393919508858536,2.6957787140197156,2.3852275340187643,44.425251256281406,48.93394648829432,0.005147963207317804,1.0125000000000002,0.00025
83,10.434427641011828,9.343234048905048,0.011816605501758826,0.011449813704684361,15.58301080398091,15.399445703861572,2.692967609877296,2.390052052112992,1.129178206059335,1.0386408435195318,2.692967609877296,2.390052052112992,44.418271915131214,49.12207357859531,0.005477233660646032,1.025,0.00025
84,10.43631132457058,9.376638299778287,0.011809784327261878,0.011729308032329997,14.996273735659805,15.449757486681476,2.6930507557941907,2.3985576050204442,1.1289853411370452,1.0396076689994456,2.6930507557941907,2.3985576050204442,44.388609715242886,48.85033444816054,0.005826685172296986,1.0374999999999999,0.000125
85,10.43912953334704,9.364509825456635,0.01189256861123674,0.011593259850240737,15.137914868455436,14.944079932826286,2.6922796793585713,2.3948438583542004,1.1282912275100274,1.0378854164444615,2.6922796793585713,2.3948438583542004,44.40256839754328,49.22658862876254,0.0061973816221918936,1.05,0.000125
86,10.439549058991927,9.358900011715416,0.011837659786402813,0.011432476596099013,14.66684014753281,14.114466910643987,2.6909778968772695,2.391706696189234,1.1290585226615935,1.0396635937717313,2.6909778968772695,2.391706696189234,44.60671412618649,48.86426978818283,0.006590419995953541,1.0625,0.000125
87,10.448855468775559,9.347011554467107,0.011765593884378622,0.01140672502335298,14.030258513641783,13.920775590001407,2.6932077152245806,2.3867482269886744,1.1295788598286913,1.0389091326640203,2.6932077152245806,2.3867482269886744,44.24204355108878,49.55406911928651,0.007006928192300347,1.075,0.000125
88,10.449218034344902,9.344796575165645,0.011720635928213596,0.01139753897557058,13.862071333352178,13.659123228279377,2.6916749481380084,2.3843772724985146,1.1296134669310816,1.0392666075673522,2.6916749481380084,2.3843772724985146,44.29438860971524,49.58890746934225,0.007448062275788417,1.0875,0.000125
89,10.45801994189545,9.429615708099162,0.01168312242650856,0.011497545530531585,13.533355880089807,13.73396648930068,2.693550340560879,2.4089700610874223,1.129284614494298,1.0412518103651645,2.693550340560879,2.4089700610874223,44.163525963149084,48.94788182831661,0.007915003119233223,1.1,0.000125
90,10.466939503889654,9.421018196986271,0.011721878214767863,0.011436460252099545,13.11096397263587,12.728858793592506,2.6953988663648376,2.405971428755268,1.1293857656065676,1.042315508808978,2.6953988663648376,2.405971428755268,44.40954773869347,49.20568561872909,0.008408952379742846,1.1125,0.000125
91,10.457908096824658,9.422602477546786,0.011735080785026003,0.01149357479468503,12.29836961425662,12.237456682135031,2.6923172323481457,2.407501715348583,1.129691501092405,1.0396547124138644,2.6923172323481457,2.407501715348583,44.21238135120045,49.254459308807135,0.008931127752985135,1.125,0.000125
92,10.466358986199069,9.371328267764088,0.011742519778430894,0.01146533022610805,11.828495803057715,11.708395623044426,2.6945028877471295,2.3899721640806932,1.1294705292687344,1.0394592929045892,2.6945028877471295,2.3899721640806932,44.33800949190396,49.11510590858417,0.009482757452325189,1.1375,0.000125
93,10.468162856109977,9.426972321177539,0.011731528575646018,0.011516888289522367,11.348644938700563,11.280443916618491,2.694071000544869,2.4075591056509027,1.129996680467905,1.0396198108709245,2.694071000544869,2.4075591056509027,44.27694025683975,48.899108138238574,0.01006507386305655,1.1500000000000001,0.000125
94,10.469580020404008,9.397262797042012,0.011710172115566676,0.011465855984177145,11.088146859876675,10.829380088559494,2.6936502708262533,2.397687281254542,1.1292526541576247,1.0385424098708027,2.6936502708262533,2.397687281254542,44.43746510329425,49.14994425863991,0.010679306327368195,1.1625,0.000125
95,10.480580058329469,9.408780263286237,0.011696608586830677,0.011419066763716597,10.815882993236992,10.679884437467475,2.6960432031579287,2.3989807695582295,1.1291229595091674,1.0397256485860351,2.6960432031579287,2.3989807695582295,44.5142378559464,49.05239687848383,0.011326673023201544,1.1749999999999998,6.25e-05
96,10.474997902235993,9.410546711057325,0.011722034047758659,0.011436574250343386,10.505645677938201,10.002469550805746,2.6924704782527495,2.3990607285579313,1.1298543758594677,1.0409072715303171,2.6924704782527495,2.3990607285579313,44.2071468453378,48.961817168338904,0.012008371910009544,1.1875,6.25e-05
97,10.488114725471808,9.403472253975927,0.011724835886224264,0.011428415392179753,10.04600491356011,9.883651000865992,2.6963221612820605,2.395400146975565,1.1297911307054282,1.0400341440868484,2.6963221612820605,2.395400146975565,44.20540201005025,49.177814938684506,0.012725570726865485,1.2,6.25e-05
98,10.492575968130549,9.397670960080797,0.011720016387580894,0.011435001491545102,9.814351697929208,9.781624521831738,2.6959890126516406,2.391747032519567,1.1302987124119839,1.0395722291541338,2.6959890126516406,2.391747032519567,44.153056951423785,48.61343366778149,0.01347939604357496,1.2125,6.25e-05
99,10.489459159186538,9.455656994146647,0.011732373248821095,0.0114678051769152,9.52540816919954,9.3232229226409,2.6939943017805175,2.410491972065291,1.1299037717694613,1.0398311508007538,2.6939943017805175,2.410491972065291,44.21936069235064,48.84336677814939,0.014270921383558732,1.225,6.25e-05
100,10.504423577581818,9.446766806020918,0.011741389884467334,0.011469692026068734,9.200735769479518,9.406210814298461,2.6980983836899783,2.404473937607662,1.1297226417404123,1.0399153237225884,2.6980983836899783,2.404473937607662,44.08500837520938,48.62040133779264,0.015101154458355748,1.2375,6.25e-05
101,10.520215102642492,9.425544066306871,0.011786957117476689,0.011445157419902624,9.245265324910482,9.062263851314617,2.700465179967321,2.395634394957203,1.1296881321486916,1.0412310235609312,2.700465179967321,2.395634394957203,44.16876046901172,48.710981047937565,0.01597102357760342,1.25,6.25e-05
102,10.516276206735922,9.442589068758314,0.011758383181484833,0.011518541134794221,8.792458166296026,8.559809119140557,2.6986079172073696,2.4020778869705457,1.1301326808950742,1.0401678149118072,2.6986079172073696,2.4020778869705457,44.221105527638194,48.99665551839465,0.01688136332512095,1.2625,6.25e-05
103,10.525610428559322,9.43759374342103,0.0117701234931406,0.011501099581029703,8.471992617276445,8.266553575777289,2.700353700445059,2.3993201000634645,1.1308495068536797,1.040357866082569,2.700353700445059,2.3993201000634645,43.98904243439419,48.47408026755853,0.017832899620936177,1.275,6.25e-05
104,10.541993840854971,9.447678664323345,0.011746350811021678,0.011455475009039227,8.219866645861977,8.07878243458045,2.705082480964682,2.401875130441808,1.1301254537902952,1.0392523649810017,2.705082480964682,2.401875130441808,44.20889168062535,48.989687848383504,0.018826234320274554,1.2875,6.25e-05
105,10.539392505392291,9.453583196386978,0.01174910294982989,0.011473343198871866,8.087470212773463,7.875668529948529,2.702183790276132,2.402293309187278,1.1302300477946423,1.0394023752531478,2.702183790276132,2.402293309187278,44.04313232830821,49.04542920847268,0.01986182953299768,1.3,6.25e-05
106,10.53872694561829,9.473183559600592,0.01173947180976487,0.011474752316922115,7.785799833731169,7.613406169108855,2.7013208410847724,2.406885912851612,1.1299951850602508,1.040813192010856,2.7013208410847724,2.406885912851612,44.16527079843663,48.376532887402455,0.02093999187987189,1.3125,3.125e-05
107,10.55389938908273,9.475050636491382,0.011731070283299082,0.011458181087737497,7.652220327184561,7.5723636774979575,2.704232651451192,2.4054705703271804,1.130327916225197,1.040063985016035,2.704232651451192,2.4054705703271804,43.9750837520938,48.989687848383504,0.022060856934294187,1.3250000000000002,3.125e-05
108,10.542958961925581,9.49899107849053,0.011726805130628185,0.011465509803166225,7.356997020813022,7.26907487590709,2.699607894115778,2.412482919767416,1.1307733927539845,1.0406285233986683,2.699607894115778,2.412482919767416,44.09722222222222,48.76672240802676,0.02322437412844814,1.3375000000000001,3.125e-05
109,10.55334259929902,9.479482949510997,0.011724611365723583,0.01143967107233229,7.160715525939703,7.093142359551777,2.7019138455989973,2.4045161054020077,1.1304690380591644,1.0406036922498425,2.7019138455989973,2.4045161054020077,44.18795365717476,48.48104793756968,0.024430292429882622,1.35,3.125e-05
110,10.57594760392113,9.478167780532752,0.011711111208002771,0.011418215191218101,7.008963640011735,6.9521597178617585,2.7077077666452514,2.402294989945232,1.1305679825682138,1.0406729909222794,2.7077077666452514,2.402294989945232,44.00649078726968,48.655239687848386,0.02567814711665667,1.3625,3.125e-05
111,10.574352909771841,9.502066799363696,0.011710224478151432,0.011429594623064051,6.792813030585838,6.7048487700480415,2.7061565224515998,2.4097432068226197,1.1304948126251375,1.0402981183733562,2.7061565224515998,2.4097432068226197,44.261236739251814,48.29988851727982,0.026967247994862515,1.375,3.125e-05
112,10.573986469867307,9.536243381308871,0.011718979517194495,0.011433122915277047,6.576739215105356,6.487231117427149,2.7052267076981127,2.4200607124911238,1.1302437522037279,1.0405305166839889,2.7052267076981127,2.4200607124911238,44.22982970407593,48.82943143812709,0.028296669409921784,1.3875000000000002,3.125e-05
113,10.59528631873799,9.489264638660478,0.011705056115223635,0.011430270555600475,6.390638842388347,6.225222034199182,2.710867864735495,2.403943749973208,1.1306989113756027,1.0406652368696505,2.710867864735495,2.403943749973208,44.00823562255723,48.57859531772576,0.029665242401045473,1.4000000000000001,3.125e-05
114,10.59492374997376,9.491767345330654,0.011707405202477622,0.011444785007158316,6.149293416042957,6.111706309493967,2.7102939567374227,2.4029828880144204,1.1306331939100887,1.0407368902910248,2.7102939567374227,2.4029828880144204,43.99253210496929,48.41833890746934,0.031071549335351518,1.4124999999999999,3.125e-05
115,10.600181534328918,9.532776438140019,0.011723818073370548,0.01142164364502814,5.971834855263357,5.830276690199224,2.7108801078157407,2.4162464923284523,1.1308248135578958,1.041525068756197,2.7108801078157407,2.4162464923284523,44.200167504187604,48.22324414715719,0.032513921333353527,1.4249999999999998,3.125e-05
116,10.606528457884414,9.514435276937325,0.011704149595157585,0.01144271255694039,5.738228315484384,5.646227930168909,2.712694870433882,2.4100265405914323,1.1308473863793378,1.0404975599004007,2.712694870433882,2.4100265405914323,43.87911781127862,49.12207357859531,0.03399043876029487,1.4375,3.125e-05
117,10.618272476260186,9.530421407990897,0.011697487774061165,0.011428736715080214,5.613959558179165,5.553214578192636,2.7151570092493564,2.4126699210010645,1.1309071984256465,1.0419248398995586,2.7151570092493564,2.4126699210010645,43.859924623115575,47.96544035674471,0.03549893500804304,1.45,1.5625e-05
118,10.637605708647813,9.54007465251978,0.011699577286997566,0.011439345762499067,5.528975454540242,5.480876210275436,2.7197941021836716,2.4141251756461832,1.1308735639006648,1.041632288209305,2.7197941021836716,2.4141251756461832,43.934952540480175,48.50891861761427,0.037037003730516646,1.4625,1.5625e-05
119,10.63561695957237,9.494459017729147,0.01170083784744235,0.011441477069811877,5.416094605048098,5.322147263066559,2.7174917023518708,2.398055873454082,1.131184452209707,1.0417021757517106,2.7174917023518708,2.398055873454082,43.859924623115575,48.5855629877369,0.0386020096230718,1.4749999999999999,1.5625e-05
120,10.636180872893213,9.584957263674358,0.011710144322009841,0.011435132273322298,5.265412459487957,5.225091766221334,2.7166206546498035,2.427101637208741,1.1314930197648134,1.041107508649794,2.7166206546498035,2.427101637208741,43.86166945840312,48.68311036789298,0.04019110275476605,1.4874999999999998,1.5625e-05
121,10.63261270762688,9.56905595488107,0.01170568552860363,0.011431307244294198,5.1532360044422925,5.054206674845854,2.7145527143973602,2.420971524622395,1.1309186258773973,1.0417190016046947,2.7145527143973602,2.420971524622395,43.8285175879397,48.54375696767001,0.04180123637441476,1.5,1.5625e-05
122,10.644183406478396,9.561965562826813,0.011707801750373868,0.011428597723751628,5.025087960667613,4.96343355061883,2.717388234945198,2.4170773604774687,1.1310377087025987,1.0418734771750842,2.717388234945198,2.4170773604774687,44.11467057509771,48.731884057971016,0.04342918801987562,1.5125,1.5625e-05
123,10.648947418634616,9.575066574972741,0.011688171207305774,0.011442248351298846,4.889361031690434,4.822719731591351,2.7180646570749882,2.4211740803426194,1.1313470325145156,1.0413672050903473,2.7180646570749882,2.4211740803426194,43.76046901172529,48.968784838350054,0.045071583668483454,1.525,1.5625e-05
124,10.651336681636467,9.572184016207522,0.011699100027078194,0.011446439601904572,4.768496125187706,4.696390586287414,2.718039198070848,2.418418481331339,1.1313561812783672,1.0430218247798506,2.718039198070848,2.418418481331339,44.18620882188721,48.31382385730212,0.046724924578711996,1.5375,1.5625e-05
125,10.66835255252789,9.581902910102835,0.011699483830779208,0.011439062605135417,4.648131940299609,4.562061870642995,2.7233628574394766,2.4216902947080308,1.130830874395131,1.0423273638870936,2.7233628574394766,2.4216902947080308,44.170505304299276,47.86789297658863,0.04838561639271581,1.55,1.5625e-05
126,10.676615374771195,9.587668537960669,0.011699074724328245,0.011434595535614153,4.513265531998916,4.450575652064023,2.7257951217813243,2.42282387418226,1.130821011773306,1.042505484360915,2.7257951217813243,2.42282387418226,43.9715940815187,48.61343366778149,0.05005,1.5625,1.5625e-05
127,10.67062209878535,9.584193415732155,0.011695534157260445,0.011439550019086338,4.383139095647184,4.288942434848884,2.723418280773493,2.42140917727514,1.1310002281970648,1.0433631928070732,2.723418280773493,2.42140917727514,43.96635957565606,48.104793756967666,0.05171438360728421,1.575,1.5625e-05
128,10.68532898145172,9.592764243101461,0.011698936625466474,0.011438884120330697,4.270802154146979,4.232462172789983,2.7274315917645002,2.4233870593999143,1.1316904545762165,1.042628116365792,2.7274315917645002,2.4233870593999143,43.78664154103852,48.195373467112596,0.053375075421288,1.5875,7.8125e-06
129,10.689609801815848,9.593838670447784,0.01170349321450304,0.011437842701307375,4.222713697828573,4.18712965860016,2.7271860391317566,2.422664333479593,1.1319894678828304,1.0419983886423185,2.7271860391317566,2.422664333479593,43.662758235622555,48.118729096989966,0.055028416331516554,1.6,7.8125e-06
130,10.681385716002191,9.565203464682419,0.011702019587109237,0.011436273847419017,4.157617970726998,4.11763178092846,2.723616749797035,2.4121947567598476,1.1316089240749876,1.0419166735980823,2.723616749797035,2.4121947567598476,43.96286990508096,48.66220735785953,0.05667081198012437,1.6125,7.8125e-06
131,10.699154567345769,9.586506115287177,0.011696118467275755,0.011441637676753262,4.086988615763381,4.037931129685214,2.7286054031067493,2.418254418250842,1.1316879296821964,1.0424474158148835,2.7286054031067493,2.418254418250842,43.82677275265215,48.13266443701226,0.05829876362558524,1.625,7.8125e-06
132,10.704325806422316,9.60605690869998,0.01169877622478305,0.011439414152931609,4.011588350079833,3.9749133682569933,2.729552102048992,2.4238624115585616,1.1318204436869277,1.0424487679166805,2.729552102048992,2.4238624115585616,43.78315187046343,48.195373467112596,0.05990889724523396,1.6375000000000002,7.8125e-06
133,10.70443894329316,9.601608571400211,0.01170207772638996,0.011457863204604806,3.9565373646487476,3.911980578200341,2.7283906390852,2.421564740347889,1.1321229140629387,1.0424387888233266,2.7283906390852,2.421564740347889,43.68195142378559,48.39046822742475,0.06149799037692819,1.6500000000000001,7.8125e-06
134,10.713328761404815,9.596312503750907,0.011708825128802969,0.01144565034288095,3.876844708577406,3.8379091629083604,2.7311530499269283,2.4187345728028977,1.1318376833070662,1.0433165605118708,2.7311530499269283,2.4187345728028977,43.898310999441655,47.45680044593088,0.06306299626948335,1.6625,7.8125e-06
135,10.690805751474658,9.608786890737987,0.011703020010074878,0.011448267353086036,3.8089650868703906,3.760136589956124,2.723067422608035,2.4227821983754168,1.1319186429881571,1.0430415907963995,2.723067422608035,2.4227821983754168,43.9000558347292,47.78428093645485,0.06460106499195699,1.675,7.8125e-06
136,10.719964775008773,9.62316176883353,0.011714558754093416,0.011452470748262727,3.7341354014419563,3.7022880928439306,2.73224202512297,2.4270700581762172,1.1323310400373372,1.0428712147401196,2.73224202512297,2.4270700581762172,43.67322724734785,48.209308807134896,0.06610956123970513,1.6875,7.8125e-06
137,10.722575566809914,9.599671056039357,0.011713314482693664,0.011451347514056708,3.671224889377187,3.6307981649502996,2.732897680874712,2.418927771723523,1.1320227598891053,1.0430224852817114,2.732897680874712,2.418927771723523,43.70288944723618,47.87486064659978,0.0675860786666465,1.7000000000000002,7.8125e-06
138,10.7364685712481,9.624795777077393,0.011707959927531143,0.011460831880968152,3.6083403194103743,3.5720878691976288,2.7373955465441373,2.4268545974191347,1.1317478887599517,1.0430977264774284,2.7373955465441373,2.4268545974191347,43.79362088218872,48.446209587513934,0.06902845066464848,1.7125000000000001,7.8125e-06
139,10.731161480706074,9.652022633929981,0.011713437388673434,0.011453546282556012,3.5632788107290008,3.5378100513215847,2.7348377823097487,2.4347707116882935,1.1319779935727101,1.0435360989044342,2.7348377823097487,2.4347707116882935,43.75697934115019,47.98634336677815,0.07043475759895454,1.7249999999999999,3.90625e-06
140,10.744367450924974,9.623537291119595,0.01170383953806044,0.011452631724826003,3.526430312113546,3.50167865684067,2.73841808256259,2.424310212948649,1.132099958586999,1.043860914050669,2.73841808256259,2.424310212948649,43.744765494137354,47.7633779264214,0.07180333059007823,1.7374999999999998,3.90625e-06
141,10.739502121921626,9.630357170849209,0.011710492327251892,0.01145391091662838,3.4916772636070657,3.4655155657127152,2.7357024664588643,2.426257618560706,1.132664112922268,1.043343893062311,2.7357024664588643,2.426257618560706,43.633096035734226,48.09782608695652,0.0731327520051375,1.75,3.90625e-06
142,10.736948163465438,9.638179465945615,0.01171711659228449,0.011451936740149955,3.456527359588129,3.4319833406769447,2.734618363335171,2.4281246446845524,1.132067397278424,1.043469511146928,2.734618363335171,2.4281246446845524,43.601689000558345,48.195373467112596,0.07442185288334334,1.7625,3.90625e-06
143,10.751878701662099,9.61925967906497,0.011712362062100723,0.011450375014980434,3.421689919158109,3.396496748312926,2.7390609450476053,2.42172925860321,1.1320325896301993,1.042804803470837,2.7390609450476053,2.42172925860321,43.7534896705751,48.70401337792642,0.07566970757011737,1.775,3.90625e-06
144,10.737284216782289,9.63383968910379,0.01171411785007455,0.011448530610048585,3.385310934483173,3.3574120631584754,2.7336080212755487,2.4256506465882097,1.1322490565940564,1.0436680461783605,2.7336080212755487,2.4256506465882097,43.57551647124511,48.08389074693423,0.07687562587155186,1.7874999999999999,3.90625e-06
145,10.747233987719836,9.673541226381708,0.011711840922380047,0.01145746847126662,3.349310238091124,3.3270593534743904,2.736278537263556,2.438370786515898,1.132654614184969,1.0436652893472542,2.736278537263556,2.438370786515898,43.34519821328867,47.93756967670011,0.07803914306570582,1.7999999999999998,3.90625e-06
146,10.755866271700025,9.630029691102912,0.011705915284998786,0.011463243178940204,3.312473252390697,3.2885396578904644,2.738998648442748,2.4232552995118275,1.1324745068531472,1.0442398708799612,2.738998648442748,2.4232552995118275,43.54934394193188,47.9933110367893,0.07916000812012812,1.8125,3.90625e-06
147,10.758462107694063,9.653630906788667,0.011714467227600394,0.011467203347338415,3.2737756620766,3.2495271019313647,2.739696304602439,2.4318831881286043,1.1324884985359869,1.042889016394897,2.739696304602439,2.4318831881286043,43.551088777219434,48.32079152731327,0.08023817046700232,1.825,3.90625e-06
148,10.75871817750148,9.618236166976367,0.011715043529593565,0.011454232853142713,3.239740306475121,3.220353928430955,2.7395906272645374,2.4189907430672193,1.1324626952825745,1.0440396732975674,2.7395906272645374,2.4189907430672193,43.75,48.16053511705686,0.08127376567972545,1.8375,3.90625e-06
149,10.744544693772717,9.648628163630082,0.011715780968592195,0.011460591400397263,3.204991741063274,3.1807056998993906,2.734834097671083,2.429255480750349,1.1323306172470484,1.0438668302601928,2.734834097671083,2.429255480750349,43.74302065884981,47.94453734671126,0.08226710037906383,1.85,3.90625e-06
150,10.7499382017978,9.6480570583705,0.011716845903456178,0.011471607800211794,3.174941117506597,3.1592738934052296,2.736556884365199,2.428728526784159,1.1321682221792317,1.0437446901763694,2.736556884365199,2.428728526784159,43.77791736460078,47.86092530657748,0.08321863667487907,1.8625,1.953125e-06
151,10.759558895990743,9.620664515755779,0.011717065466263154,0.01146729629997625,3.155654656427789,3.137897278287073,2.7392149827521584,2.4192577918104767,1.132357435210466,1.043717891542675,2.7392149827521584,2.4192577918104767,43.48478503629257,48.278985507246375,0.08412897642239658,1.875,1.953125e-06
152,10.769611699963201,9.668969864563532,0.011718095588590898,0.011459867131492432,3.13502432539901,3.119484505924493,2.7418103415096757,2.4344242094884083,1.1329945614722639,1.0445424221298234,2.7418103415096757,2.4344242094884083,43.5249162479062,47.95150501672241,0.08499884554164427,1.8875,1.953125e-06
153,10.766722632812295,9.660278791833749,0.011711549505774433,0.011468353689572417,3.1167314392038725,3.0991430011481347,2.7408324962618096,2.431264459754578,1.1325036970215228,1.044510252566109,2.7408324962618096,2.431264459754578,43.76395868230039,47.930602006688964,0.08582907861644129,1.9,1.953125e-06
154,10.77482231764205,9.661810453918866,0.011709889279504783,0.011464512639096548,3.096674432972834,3.082218128701915,2.74330113028628,2.432058020180284,1.1324866227368813,1.0435940996726087,2.74330113028628,2.432058020180284,43.63135120044668,48.355629877369005,0.08662060395642505,1.9125,1.953125e-06
155,10.775411152693229,9.64832906925027,0.011709294288659947,0.01145891767252681,3.0785816995076534,3.0615001272331246,2.7429709777959825,2.427273733560058,1.132899815446501,1.0437760761084498,2.7429709777959825,2.427273733560058,43.40626744835288,48.02814938684504,0.08737442927313452,1.925,1.953125e-06
156,10.769500053507999,9.650688355317216,0.01170883069645836,0.011466174126875773,3.0597680329877126,3.0466851422619263,2.7408740135759433,2.4275377737638544,1.1328146294599668,1.0441107357890578,2.7408740135759433,2.4275377737638544,43.51444723618091,47.55434782608695,0.08809162808999045,1.9375,1.953125e-06
157,10.775001705325161,9.643592672868982,0.011711783302580757,0.011471841678463561,3.042434706360451,3.0280624568263024,2.743056437611114,2.424482258931716,1.1320167660114153,1.044931442110302,2.743056437611114,2.424482258931716,43.61041317699609,47.7773132664437,0.08877332697679846,1.9500000000000002,1.953125e-06
158,10.771114805169374,9.650997823696073,0.011714845653966544,0.011457412778799617,3.026456001682164,3.0121914992231456,2.7410015780322716,2.4271795942366055,1.1328837100784583,1.0443247001838258,2.7410015780322716,2.4271795942366055,43.81106923506421,48.02118171683389,0.08942069367263182,1.9625000000000001,1.953125e-06
159,10.779167834505031,9.647024667648434,0.011711243094407367,0.011460349738282237,3.0107477967929466,2.997532827532544,2.7438007588495696,2.426137806446922,1.1324909267846197,1.0436341217661913,2.7438007588495696,2.426137806446922,43.71684812953657,48.111761426978816,0.09003492613694346,1.975,1.953125e-06
160,10.774986087643589,9.669908604361408,0.011715095509977264,0.011461713937928313,2.9915082740890186,2.977316470980777,2.742403048100517,2.433300560267607,1.1324898242817318,1.0443745240851523,2.742403048100517,2.433300560267607,43.69939977666108,47.90969899665552,0.09061724254767482,1.9875,1.953125e-06
161,10.780244310230998,9.667207937974196,0.011711026464408499,0.011465936819238872,2.9783861645102703,2.9673767632066603,2.743827164872008,2.4316167667956656,1.1327578522252477,1.0451796443566033,2.743827164872008,2.4316167667956656,43.61215801228364,48.32775919732442,0.09116887224701488,2.0,9.765625e-07
162,10.776966580061325,9.654555277149282,0.011712127684972793,0.011454824152648648,2.96756337941658,2.956290242398197,2.742364997107646,2.4282472778190605,1.1330302204918024,1.0436466064474388,2.742364997107646,2.4282472778190605,43.336474036850916,48.04905239687848,0.09169104762025716,2.0125,9.765625e-07
163,10.77490971595598,9.660904972582491,0.011714235607000086,0.011456480286101765,2.957135950900003,2.9474652884663017,2.7414134653635625,2.4303569639539773,1.1331757583942978,1.0433327422758674,2.7414134653635625,2.4303569639539773,43.350432719151314,47.88182831661093,0.0921849968807668,2.0250000000000004,9.765625e-07
164,10.777946588781411,9.693556929644666,0.011718975465343293,0.011461206194773366,2.9485353691360925,2.9377461835293466,2.7425790092653566,2.4401980828547822,1.1326515451614447,1.0446567971305039,2.7425790092653566,2.4401980828547822,43.60692350642099,47.582218506131554,0.09265193772421158,2.0374999999999996,9.765625e-07
165,10.781607006462774,9.685106978634396,0.011715441945334975,0.011459838294755323,2.938956536107194,2.9279547854012073,2.7436426649674033,2.4371357582085906,1.1326835238021689,1.0448337712282587,2.7436426649674033,2.4371357582085906,43.69939977666108,47.7633779264214,0.09309307180769967,2.05,9.765625e-07
166,10.779178001173777,9.666606523520173,0.011714570053724654,0.011456577764531243,2.928628433755761,2.9187813230448607,2.742786068413126,2.430861955768156,1.1326252116896067,1.0448149945026257,2.742786068413126,2.430861955768156,43.57028196538247,47.73550724637681,0.09350958000404647,2.0625,9.765625e-07
167,10.798222800062597,9.650120760684826,0.011716307102406677,0.011453041302220877,2.920711988580087,2.910948290341142,2.7490726710031446,2.426200550934144,1.1325129888897698,1.043360209518186,2.7490726710031446,2.426200550934144,43.47606085985483,48.25808249721293,0.09390261837780811,2.0749999999999997,9.765625e-07
168,10.778626650688304,9.676078850609004,0.011713952246256742,0.01147762709790415,2.910873954087113,2.9003292352725296,2.7423939324170767,2.4338417482482417,1.1326565849654573,1.0448261430962562,2.7423939324170767,2.4338417482482417,43.63135120044668,47.53344481605351,0.09427331482770301,2.0875,9.765625e-07
169,10.774905251631319,9.667202354673558,0.011715079169452091,0.011454321851033962,2.9010995391492136,2.8910231872014243,2.7410906991900044,2.4317388635548194,1.1327040025736619,1.0434874350011947,2.7410906991900044,2.4317388635548194,43.601689000558345,47.91666666666667,0.09462276633935397,2.1,9.765625e-07
170,10.779070754080495,9.68802517632577,0.011718625633336192,0.011463274194992904,2.891918587591447,2.8816437678725157,2.742488938293798,2.438019655752873,1.132645887013323,1.0444424895937228,2.742488938293798,2.438019655752873,43.640075376884425,48.09085841694537,0.0949520367926822,2.1125,9.765625e-07
171,10.787946021070965,9.68375686605107,0.01171268461795242,0.01145654877724589,2.88212731309206,2.872454850570015,2.745543564317747,2.4360070029230023,1.1325224997410224,1.0453215171660866,2.745543564317747,2.4360070029230023,43.715103294249026,47.91666666666667,0.0952621552695611,2.125,9.765625e-07
172,10.795809441741653,9.648646081437501,0.01171294174514324,0.011467201576060475,2.8756515360757136,2.867939462098257,2.7480077506576017,2.4245460255356006,1.132646471544859,1.044748669284642,2.7480077506576017,2.4245460255356006,43.587730318257954,47.70066889632107,0.09555411480929754,2.1375,4.8828125e-07
173,10.781885677978755,9.66879673865328,0.011715030629397903,0.011468472730663242,2.870371781401898,2.8627647144207056,2.7435092406855954,2.4314914810218937,1.132289227994709,1.0442591572020499,2.7435092406855954,2.4314914810218937,43.633096035734226,48.23021181716834,0.09582887156198357,2.15,4.8828125e-07
174,10.794927593851009,9.641056461610656,0.011716736417673507,0.011460183506027911,2.8656881861950283,2.857841678819263,2.747343058162798,2.4225627504197784,1.1329126618282546,1.0436527666572477,2.747343058162798,2.4225627504197784,43.57726130653266,48.05602006688963,0.09608734429260324,2.1625,4.8828125e-07
175,10.79661211815711,9.671690082869004,0.011712696162504335,0.011459384269289746,2.860809690921683,2.8530289906190256,2.7476503067612983,2.432336706115782,1.13318277317209,1.044193561194068,2.7476503067612983,2.432336706115782,43.247487437185924,47.86092530657748,0.09633041419186424,2.175,4.8828125e-07
176,10.783156219772092,9.665889637924757,0.011716979810066358,0.011464173583689674,2.8556988924858224,2.8475759050652067,2.743368204980506,2.429767397866733,1.132795703670687,1.0450822041850691,2.743368204980506,2.429767397866733,43.558068118369626,47.21989966555184,0.09655892495294552,2.1875,4.8828125e-07
177,10.79155437164903,9.663904403763073,0.011712912193461546,0.011460267065493692,2.85060007408436,2.8426324095880173,2.7458042020174727,2.4294724484351167,1.1332828865445306,1.0444673960291289,2.7458042020174727,2.4294724484351167,43.654034059184816,47.72853957636566,0.09677368307662479,2.2,4.8828125e-07
178,10.801507532363628,9.663951175268677,0.011714794095824013,0.01146954894294275,2.845385461063907,2.8372926584454286,2.749122352589448,2.4295615074759476,1.1332465504082403,1.044324741913722,2.749122352589448,2.4295615074759476,43.40626744835288,47.93756967670011,0.09697545837050366,2.2125,4.8828125e-07
179,10.799052240594282,9.685348061547764,0.011714413787572662,0.011457313517671298,2.840024695191418,2.8318445153592555,2.7484771298803077,2.4367738685746123,1.1329777587531733,1.0442065244401444,2.7484771298803077,2.4367738685746123,43.324260189838085,48.02118171683389,0.09716498461122844,2.225,4.8828125e-07
180,10.804640190618654,9.669605969053713,0.011719164211305077,0.011463782392907369,2.8349814375041915,2.8276749571563142,2.7505338937460144,2.431070989855423,1.132676939602207,1.0448374432597805,2.7505338937460144,2.431070989855423,43.56330262423228,47.77034559643255,0.0973429603416711,2.2375,4.8828125e-07
181,10.794971500143268,9.706066139034071,0.01171895473028597,0.011458936341547115,2.830783775437151,2.8231015588128847,2.747348312689964,2.4432622783027234,1.1325888723584276,1.0447697895958006,2.747348312689964,2.4432622783027234,43.64530988274707,48.202341137123746,0.09751004977795331,2.25,4.8828125e-07
182,10.784766048109777,9.67511681968153,0.011718549710526304,0.011471805075513678,2.825851684039961,2.818302052475537,2.743829171794676,2.432960426794114,1.1327839362960763,1.0447544472804968,2.743829171794676,2.432960426794114,43.5284059184813,47.97240802675585,0.09766688380395,2.2625,4.8828125e-07
183,10.803591302757754,9.69198620943986,0.011714908767061018,0.01146463133236902,2.822798868186776,2.8160161445770773,2.750021588662561,2.438806435469135,1.1328511080350507,1.0443281570538763,2.750021588662561,2.438806435469135,43.727317141261864,48.014214046822744,0.09781406103348056,2.275,2.44140625e-07
184,10.802082212992316,9.71222904028834,0.01171363748418659,0.011470158137962504,2.8201200598648044,2.813830007544595,2.7495530816445064,2.4452486107314844,1.1327362354077286,1.0446961697527397,2.7495530816445064,2.4452486107314844,43.500488553880515,47.672798216276476,0.09795214892278004,2.2875,2.44140625e-07
185,10.784235636393229,9.677455534770205,0.011721891320364093,0.011465222331816736,2.8178905358466273,2.8113381684557384,2.743295865242605,2.4340148819994636,1.1331213462425969,1.0441024229678024,2.743295865242605,2.4340148819994636,43.40103294249023,48.111761426978816,0.09808168491803636,2.3000000000000003,2.44140625e-07
186,10.797772899012138,9.680735067114517,0.011714902246762993,0.011464139380167293,2.8153185724613055,2.8088585357602223,2.7481253117838764,2.43522298455637,1.1326044117652259,1.043881566495268,2.7481253117838764,2.43522298455637,43.61215801228364,48.278985507246375,0.09820317762478706,2.3125,2.44140625e-07
187,10.794017998883339,9.695604599173386,0.011715815471727578,0.011467780684273577,2.812995752763775,2.8066282724191245,2.746693695277092,2.439500486837449,1.132827743080859,1.0448478737403717,2.746693695277092,2.439500486837449,43.50223338916806,47.95150501672241,0.09831710798779071,2.325,2.44140625e-07
188,10.802090743345499,9.680383802922142,0.011715724514116128,0.011462649821595536,2.8108181649915736,2.804668721546696,2.7491101901801454,2.435143599674986,1.1331963496525017,1.0437219089090226,2.7491101901801454,2.435143599674986,43.53713009491904,47.95847268673356,0.09842393047163736,2.3375000000000004,2.44140625e-07
189,10.788276680350503,9.677166108436541,0.011716980226587511,0.011464925234724114,2.8087306110503487,2.802126313531678,2.74483964085113,2.433302351596496,1.1326566211076372,1.044858635734422,2.74483964085113,2.433302351596496,43.404522613065325,47.505574136008924,0.09852407423384202,2.3499999999999996,2.44140625e-07
190,10.782930307052842,9.69024407504793,0.011718140505795071,0.01145873522363113,2.806230692541313,2.7999912998748067,2.7428548952376355,2.4379700020935755,1.1329513832152989,1.0443729814079692,2.7428548952376355,2.4379700020935755,43.51619207146845,48.23717948717949,0.09861794428349041,2.3625,2.44140625e-07
191,10.796534473306304,9.680716096225257,0.011713555674440431,0.011459208724847937,2.8042018356301943,2.7977810238250256,2.7473987872742995,2.4346700799106356,1.13291661390574,1.0445445293566853,2.7473987872742995,2.4346700799106356,43.33123953098828,47.65886287625418,0.09870592261968349,2.375,2.44140625e-07
192,10.790892475347556,9.665406879374016,0.011713086336222958,0.011458472403777616,2.8017466345158186,2.7954909894511584,2.7454381244665815,2.4297618459299657,1.1330425242083755,1.044250437580755,2.7454381244665815,2.4297618459299657,43.6034338358459,47.54738015607581,0.09878836934507101,2.3874999999999997,2.44140625e-07
193,10.799232036158202,9.658037860789559,0.011719494963939432,0.011457421960165868,2.799412432494342,2.793160764934493,2.7484804530971747,2.4271566858525526,1.1326527598182428,1.044481432291709,2.7484804530971747,2.4271566858525526,43.439419318816306,48.007246376811594,0.09886562375068311,2.4,2.44140625e-07
194,10.80484409002137,9.665387728806987,0.011716359650111944,0.011469308738550016,2.797883458140175,2.79216769493809,2.750387341932236,2.4297131804984016,1.1325743310215886,1.044263695261816,2.750387341932236,2.4297131804984016,43.65054438860972,47.83305462653289,0.09893800536907423,2.4125,1.220703125e-07
195,10.797370920229199,9.629494005753976,0.011714963225251566,0.01146636589522678,2.7968228977529246,2.791033643809715,2.747731818492555,2.4175680612640638,1.1327793759916296,1.0444974480664053,2.747731818492555,2.4175680612640638,43.551088777219434,47.94453734671126,0.09900581499349627,2.425,1.220703125e-07
196,10.804120314580512,9.68607391614712,0.011709956163649683,0.011462918193045268,2.7958092955754896,2.7900821006417673,2.749789869898461,2.4359783913645323,1.133030890286934,1.0451321357335799,2.749789869898461,2.4359783913645323,43.64705471803462,47.93756967670011,0.09906933566142784,2.4375,1.220703125e-07
197,10.800294901125262,9.671261423274691,0.011713700752241494,0.011461082146136524,2.79484931867526,2.7887922667606486,2.748468216539827,2.431590139799426,1.1330631974687262,1.044290114140165,2.748468216539827,2.431590139799426,43.45163316582914,48.16053511705686,0.09912883360131114,2.45,1.220703125e-07
198,10.790574235665872,9.673946402942057,0.011711480762104393,0.011460724443512883,2.793286639974478,2.787351933344285,2.744991290376281,2.4323858784193977,1.1334190035851424,1.044432892049834,2.744991290376281,2.4323858784193977,43.4463986599665,47.86789297658863,0.09918455914179934,2.4625,1.220703125e-07
199,10.801520401375843,9.67945031577528,0.011717278223291314,0.0114570267824508,2.791846572720492,2.7859050222862525,2.748968994597494,2.434539944298956,1.132921189119668,1.0439546550795387,2.748968994597494,2.434539944298956,43.517936906756,48.08389074693423,0.09923674758320122,2.475,1.220703125e-07
200,10.77596567517083,9.66952292974976,0.011717513338821284,0.011465723093686295,2.790521043029862,2.78472493271631,2.7402969607422967,2.4311992162579013,1.1331493298079567,1.043988210368183,2.7402969607422967,2.4311992162579013,43.39928810720268,47.93756967670011,0.09928562003113359,2.4875,1.220703125e-07
201,10.803285199926261,9.661018523617066,0.011714579096549653,0.011457270349779789,2.789276714101309,2.78332630235083,2.748547829841516,2.427835965634987,1.133499722651168,1.043860366511903,2.748547829841516,2.427835965634987,43.27714963707426,48.04905239687848,0.1,2.5,1.220703125e-07
202,10.80192910699722,9.644272333802189,0.011718086745446452,0.011461729902271576,2.7878726435266747,2.782062407720049,2.7482736873466966,2.421960480901576,1.133301342285791,1.0443614578433127,2.7482736873466966,2.421960480901576,43.59819932998325,47.82608695652174,0.1,2.5,1.220703125e-07
203,10.7960937154952,9.67604627311562,0.011710308929504894,0.011460004533239232,2.7865115348884077,2.78065781104259,2.7463635306728413,2.432361873761733,1.1333208323057506,1.0447174292743007,2.7463635306728413,2.432361873761733,43.40975711892797,48.292920847268675,0.1,2.5,1.220703125e-07
204,10.799096155938724,9.700005229898919,0.011720711529142593,0.011473418034845704,2.785359899668904,2.779648641280107,2.7478818994604097,2.440285619684685,1.1325968663030865,1.0448550664328677,2.7478818994604097,2.440285619684685,43.63484087102177,47.756410256410255,0.1,2.5,1.220703125e-07
205,10.800543957086731,9.667398898232076,0.011719050978912049,0.011465074296172712,2.7844667615736083,2.778980210473306,2.7483362688291413,2.4302547992006724,1.1326846931314813,1.0436356801917588,2.7483362688291413,2.4302547992006724,43.57202680067002,48.292920847268675,0.1,2.5,6.103515625e-08
206,10.783398679885567,9.691920180517428,0.011717494432089018,0.011465879343034764,2.7838948055194916,2.7784260720047795,2.74226680992037,2.438339243764463,1.133245639798363,1.0437969958768907,2.74226680992037,2.438339243764463,43.383584589614735,47.90969899665552,0.1,2.5,6.103515625e-08
207,10.795966246885538,9.69072679213457,0.011718806042634929,0.011464239571579922,2.783286185719859,2.7777388502522853,2.746536895724264,2.438115450849501,1.133154070490502,1.0435711540771833,2.746536895724264,2.438115450849501,43.242252931323286,48.39046822742475,0.1,2.5,6.103515625e-08
208,10.802887846809869,9.693637125999766,0.011716627026011096,0.011469038507569926,2.7826788152548803,2.7771547919797523,2.748636671712717,2.4385584669899916,1.1334966621473472,1.0443886249360432,2.748636671712717,2.4385584669899916,43.53538525963149,48.17447045707915,0.1,2.5,6.103515625e-08
209,10.791544618185908,9.69436228049373,0.011713525438956846,0.011468554060976775,2.7820898382973898,2.7765233003707768,2.7453201183189164,2.4390231380228746,1.1328308779989655,1.044085973281924,2.7453201183189164,2.4390231380228746,43.53887493020659,48.02118171683389,0.1,2.5,6.103515625e-08
210,10.786126260315486,9.673117240004183,0.011716151643296915,0.011464660007136987,2.781315449294533,2.775649527908036,2.7432427041561227,2.431505621343419,1.1332752155498844,1.0447854026902879,2.7432427041561227,2.431505621343419,43.5214265773311,48.23717948717949,0.1,2.5,6.103515625e-08
211,10.794059086751165,9.669493535423491,0.01171659524924325,0.01145676735875798,2.7804814129152624,2.7750408173670604,2.7460956677320216,2.4305198558065273,1.1330036774219447,1.0444865683249407,2.7460956677320216,2.4305198558065273,43.500488553880515,48.285953177257525,0.1,2.5,6.103515625e-08
212,10.800677253706105,9.681873947747443,0.011715610365480567,0.011465832943028232,2.7799323060404717,2.7743671307196984,2.7485888906859075,2.4345187090976848,1.1326008894668484,1.0447076298587166,2.7485888906859075,2.4345187090976848,43.4533780011167,48.15356744704571,0.1,2.5,6.103515625e-08
213,10.805638743538486,9.651829991186476,0.01171573074425335,0.011469297533607736,2.7792711678594935,2.773724869607949,2.750017466989727,2.424332991890285,1.1329717362546041,1.0449946387156994,2.750017466989727,2.424332991890285,43.744765494137354,47.91666666666667,0.1,2.5,6.103515625e-08
214,10.81563985420964,9.675271966119807,0.011720918773115513,0.011453641217239326,2.7787415564625975,2.773286016755545,2.7534871339664853,2.4329284884060507,1.1327916825702908,1.0438521327648143,2.7534871339664853,2.4329284884060507,43.58424064768286,48.04208472686734,0.1,2.5,6.103515625e-08
215,10.797735857471016,9.682327706412462,0.011713096749251745,0.011465544872600564,2.7782004149781465,2.772774288088183,2.7477246670001447,2.4349773844481843,1.1325143430567133,1.0443262711682315,2.7477246670001447,2.4349773844481843,43.737786152987155,47.582218506131554,0.1,2.5,6.103515625e-08
216,10.80193910966167,9.683858725804017,0.011715195216612899,0.011464322490436975,2.777801617106401,2.772454355339807,2.748811729389619,2.435533831616575,1.1330042753986378,1.0442737566853313,2.748811729389619,2.435533831616575,43.45512283640424,48.16053511705686,0.1,2.5,3.0517578125e-08
217,10.8147919818318,9.665519913702108,0.011717349348047936,0.011471163461746911,2.777484618772148,2.772178386498986,2.7529874932892424,2.4286594685902165,1.1331818385339862,1.0454262467796853,2.7529874932892424,2.4286594685902165,43.48478503629257,47.1850613154961,0.1,2.5,3.0517578125e-08
218,10.800221658298785,9.691867364290168,0.011723010932339229,0.011477847480803828,2.77728932360442,2.772015902243862,2.748360950942814,2.4379695681823934,1.132843433246474,1.0446396174372372,2.748360950942814,2.4379695681823934,43.6749720826354,48.09782608695652,0.1,2.5,3.0517578125e-08
219,10.800190814309516,9.693322300778052,0.011716070187151732,0.011455643888866092,2.7770983021329863,2.7717221546066777,2.747681147023195,2.437393801268128,1.133860742027436,1.046256506722109,2.747681147023195,2.437393801268128,43.16548017867113,47.63099219620959,0.1,2.5,3.0517578125e-08
220,10.80539030685297,9.683823515340237,0.011723149754002998,0.011467131799545841,2.7767608779425865,2.7713954873972777,2.7498919438011216,2.4356498077694524,1.1331576119582125,1.044133737068644,2.7498919438011216,2.4356498077694524,43.5284059184813,47.679765886287626,0.1,2.5,3.0517578125e-08
221,10.793586801244585,9.688759325871633,0.011720469110192432,0.011469577167104252,2.776470432995019,2.7711691835120638,2.7459712736703774,2.4369627435337606,1.1331527491377293,1.0446423367247268,2.7459712736703774,2.4369627435337606,43.41673646007817,48.06995540691193,0.1,2.5,3.0517578125e-08
222,10.791834766807535,9.690756523489553,0.011719060729979004,0.011454409455575272,2.7762275216034973,2.770889426287733,2.7454047803436823,2.437948137089826,1.13313932914031,1.044184390052638,2.7454047803436823,2.437948137089826,43.41499162479062,48.195373467112596,0.1,2.5,3.0517578125e-08
223,10.79355143648762,9.677042708614865,0.011714296887089493,0.011468022721201813,2.7759365134236536,2.7705580765587032,2.7460309784216697,2.4330318492391836,1.1330752598380722,1.0447116763296733,2.7460309784216697,2.4330318492391836,43.42022613065327,48.014214046822744,0.1,2.5,3.0517578125e-08
224,10.796958872221623,9.703503593819065,0.011714202631108924,0.011468320078898633,2.7756060236063433,2.7703153786717714,2.747114824756173,2.4416464855572584,1.133169800059746,1.0450321312333428,2.747114824756173,2.4416464855572584,43.57028196538247,47.87486064659978,0.1,2.5,3.0517578125e-08
225,10.776630085317334,9.68298545356844,0.011721419995741129,0.011467491138473137,2.7753776074254533,2.770052469959493,2.740560674587486,2.43507760902711,1.1328444259250583,1.0446399319397832,2.740560674587486,2.43507760902711,43.53887493020659,47.86789297658863,0.1,2.5,3.0517578125e-08
226,10.79834410519922,9.665492449582885,0.011720108171474628,0.011465035758937482,2.775092299060406,2.7697656247660998,2.747676493933852,2.4291713577980714,1.1330426369613273,1.0447684154994246,2.747676493933852,2.4291713577980714,43.39230876605249,47.81911928651059,0.1,2.5,3.0517578125e-08
227,10.800385201995697,9.662256851111234,0.011713764102456625,0.011463379304660869,2.774916338561168,2.769646247493782,2.7483779706481046,2.428266881966139,1.133022920237381,1.0445140610836288,2.7483779706481046,2.428266881966139,43.41150195421552,47.87486064659978,0.1,2.5,1.52587890625e-08
228,10.795534057766282,9.667418787179052,0.011716136633975423,0.011472202038004115,2.7747939579450906,2.7695557507649977,2.7467896171550654,2.4304673223856965,1.1329848282434367,1.0437945033794263,2.7467896171550654,2.4304673223856965,43.44465382467895,47.59615384615385,0.1,2.5,1.52587890625e-08
229,10.80143308133669,9.689557564032649,0.011718163520018691,0.011463202042930833,2.774710178774605,2.76946926435898,2.74853443287392,2.4377937396633187,1.1333202919701768,1.0438830966136128,2.74853443287392,2.4377937396633187,43.34868788386376,48.09085841694537,0.1,2.5,1.52587890625e-08
230,10.785213026901918,9.706532199247226,0.01171413288747612,0.011457226674177309,2.774627098086691,2.7693562265755474,2.743250859642348,2.4428744289521522,1.1331418007861829,1.044758023692081,2.743250859642348,2.4428744289521522,43.46733668341709,47.96544035674471,0.1,2.5,1.52587890625e-08
231,10.790591851217929,9.696079961698057,0.011714615766011025,0.011471232324589456,2.7745159387189138,2.769275950481793,2.7449774159059253,2.4398450649435834,1.133246677604752,1.0440729429889284,2.7449774159059253,2.4398450649435834,43.65926856504746,47.679765886287626,0.1,2.5,1.52587890625e-08
232,10.809449852411472,9.656001539666251,0.011722495757555042,0.011466208771660243,2.774432082205495,2.7691890893040956,2.751671019777248,2.4255650680067813,1.132635534575104,1.0454606187250568,2.751671019777248,2.4255650680067813,43.48129536571748,47.394091415830545,0.1,2.5,1.52587890625e-08
233,10.787432143436604,9.69486924610542,0.011718959835660086,0.011453622660351504,2.7743518425724747,2.769100186551029,2.7439427997465575,2.4388109490757137,1.1332247980076264,1.0450363352545926,2.7439427997465575,2.4388109490757137,43.35566722501396,47.71460423634337,0.1,2.5,1.52587890625e-08
234,10.811872221916365,9.701146909890234,0.011719734354401221,0.011457385330221127,2.774238535973162,2.768997748958626,2.752164745117818,2.440799587413486,1.133117193952078,1.0451954654360827,2.752164745117818,2.440799587413486,43.605178671133444,48.05602006688963,0.1,2.5,1.52587890625e-08
235,10.792826127500124,9.681465110651226,0.011712742315231922,0.011460388060596875,2.7741637954094234,2.7689100186295867,2.7459109520393,2.4350891590384203,1.1329820532828054,1.0439231282758341,2.7459109520393,2.4350891590384203,43.45512283640424,48.06298773690078,0.1,2.5,1.52587890625e-08
236,10.797077706644217,9.69437980864492,0.011716390762837954,0.011469200060369578,2.7740762223084503,2.7688082064540356,2.747371814159093,2.439021314266932,1.1329191255542834,1.0444828976888454,2.747371814159093,2.439021314266932,43.68893076493579,47.582218506131554,0.1,2.5,1.52587890625e-08
237,10.796882855699156,9.665921679574378,0.011716153586022286,0.011456367836947425,2.7739778323788538,2.7687444288196374,2.747339368465558,2.4295295884909573,1.1328753989079623,1.0445010838168387,2.747339368465558,2.4295295884909573,43.57028196538247,47.568283166109254,0.1,2.5,1.52587890625e-08
238,10.799407620326159,9.683589406369654,0.011716985962723367,0.011451972833312342,2.7739165256570533,2.7686795600946397,2.7481039193407377,2.435086297616778,1.1329936044699382,1.045005320705299,2.7481039193407377,2.435086297616778,43.69242043551089,47.44983277591973,0.1,2.5,1.52587890625e-08
239,10.784650365445016,9.669563633675294,0.01171516241128221,0.01146207897692354,2.7738330770244417,2.7685961388425286,2.743070243790721,2.4309392289041543,1.1331705706269963,1.0442121227582295,2.743070243790721,2.4309392289041543,43.65926856504746,48.34169453734671,0.1,2.5,1.52587890625e-08
240,10.796924907358447,9.675001353856047,0.011714564555749455,0.011465043473237069,2.7737481749836523,2.7685035819326886,2.747209188193998,2.4326014042963817,1.1331039779616228,1.0444408740221192,2.747209188193998,2.4326014042963817,43.530150753768844,47.7773132664437,0.1,2.5,1.52587890625e-08
241,10.79421561713461,9.661675849221355,0.011715939668870917,0.011462521024978613,2.773635510690115,2.768369748573771,2.7465466712853686,2.427882172325117,1.1327480552983245,1.0448649110336898,2.7465466712853686,2.427882172325117,43.71161362367392,47.81911928651059,0.1,2.5,1.52587890625e-08
242,10.797836189759902,9.670101017989177,0.011716706245630098,0.011465942940841883,2.773503940908154,2.768263006688759,2.747461434518206,2.431037807677236,1.133192363030281,1.0443476722923541,2.747461434518206,2.431037807677236,43.48827470686767,47.51950947603121,0.1,2.5,1.52587890625e-08
243,10.807017992489302,9.72694814005823,0.011718047713618548,0.01147758884930624,2.7734025532409907,2.7681522007902863,2.750620804173796,2.4498251816102097,1.1330486220530729,1.0445899128780982,2.750620804173796,2.4498251816102097,43.47780569514238,47.82608695652174,0.1,2.5,1.52587890625e-08
244,10.803214695651993,9.676060009427959,0.011715681646237621,0.011464632640581333,2.7733111655758718,2.768069587290752,2.749483656976424,2.433064578368911,1.1328584653315499,1.0442973574002583,2.749483656976424,2.433064578368911,43.346943048576215,47.90969899665552,0.1,2.5,1.52587890625e-08
245,10.799079997255975,9.677959367715927,0.011716703060621293,0.011463263064805614,2.773229135473902,2.767995952363796,2.747754243417268,2.433511445487755,1.1333888277935622,1.044581076173878,2.747754243417268,2.433511445487755,43.32600502512563,47.87486064659978,0.1,2.5,1.52587890625e-08
246,10.794023165551062,9.692058667424265,0.011717422114449098,0.011469377403084185,2.773156659287624,2.767918474831044,2.746104300188526,2.437893350254599,1.1333385893647594,1.045058715303606,2.746104300188526,2.437893350254599,43.53713009491904,47.47073578595318,0.1,2.5,1.52587890625e-08
247,10.804279713974127,9.718559936004604,0.011718153903632109,0.011466435195178358,2.773073342311056,2.7678260792590836,2.7496282724213295,2.4465075243542693,1.1331846934999585,1.0453941647955938,2.7496282724213295,2.4465075243542693,43.5964544946957,47.28260869565217,0.1,2.5,1.52587890625e-08
248,10.803844102596452,9.640047642166666,0.011720176364463144,0.011473193644247991,2.7729921022784705,2.76773677728115,2.7495474244282274,2.4209611009195897,1.1330912340159924,1.0444587276399202,2.7495474244282274,2.4209611009195897,43.43243997766611,47.791248606466,0.1,2.5,1.52587890625e-08
249,10.795287194031035,9.680710181211813,0.01171324512646193,0.01146206578474446,2.772901959421913,2.7676519842583733,2.7467975659053594,2.4348374250341815,1.132945531510162,1.043985339843044,2.7467975659053594,2.4348374250341815,43.5284059184813,47.582218506131554,0.1,2.5,1.52587890625e-08
250,10.812822355763464,9.680827085522639,0.011716287965313774,0.011457660926948223,2.772801404289531,2.767566963714634,2.753018017523386,2.434623528749515,1.1323859146491966,1.0443710807042244,2.753018017523386,2.434623528749515,43.55981295365717,47.840022296544035,0.1,2.5,1.52587890625e-08
251,10.804535298690924,9.679232222579394,0.011714607548428308,0.011461923540535579,2.7727300121024094,2.767486705694975,2.7499790077166875,2.433958318586998,1.132805318156146,1.0445733694993,2.7499790077166875,2.433958318586998,43.46384701284199,47.86092530657748,0.1,2.5,1.52587890625e-08
252,10.791461101661907,9.670951286154315,0.011717229411276375,0.011465630074599581,2.7726460468296494,2.767363594527229,2.7456287011828655,2.4311703022241327,1.1327965813332732,1.0446191798883138,2.7456287011828655,2.4311703022241327,43.64530988274707,48.111761426978816,0.1,2.5,1.52587890625e-08
253,10.794905313228776,9.688680588733924,0.011719625560220461,0.011463898605767766,2.7725415940660127,2.767318335398118,2.7463124433354515,2.4363233588611,1.1334970996474367,1.0457573758319867,2.7463124433354515,2.4363233588611,43.34170854271357,47.12235228539576,0.1,2.5,1.52587890625e-08
254,10.803180998094517,9.673909293103511,0.011716334521042475,0.011464203332022348,2.7724875687621013,2.767241602624406,2.7494491069161113,2.432433625926142,1.132934296483903,1.044209998254659,2.7494491069161113,2.432433625926142,43.662758235622555,47.69370122630992,0.1,2.5,1.52587890625e-08
255,10.800357000179494,9.685915119804799,0.011717600636662617,0.011459728336395693,2.772418793854535,2.7671879616336548,2.748451090205122,2.43657806525661,1.1330221121301869,1.0440011758735215,2.748451090205122,2.43657806525661,43.46035734226689,47.86092530657748,0.1,2.5,1.52587890625e-08
256,10.794007872150704,9.698672737963623,0.011720605517489527,0.011465970397726483,2.772335216893889,2.767071485253614,2.746436334335225,2.4403361847568115,1.132872384130988,1.044745480402922,2.746436334335225,2.4403361847568115,43.53713009491904,47.90273132664437,0.1,2.5,1.52587890625e-08
257,10.784141176842498,9.685912011592018,0.01171893563375318,0.011474112549188278,2.7722258219034694,2.76697441327532,2.743161493143777,2.435776943878718,1.1328575963217875,1.0452048146605093,2.743161493143777,2.435776943878718,43.41673646007817,47.484671125975474,0.1,2.5,1.52587890625e-08
258,10.783817923847755,9.696343363992613,0.011716958906528572,0.011446773650803694,2.77213271938177,2.766885148242963,2.7428206610719563,2.4395128418104837,1.133212863566954,1.0448347741411947,2.7428206610719563,2.4395128418104837,43.3713707426019,47.5613154960981,0.1,2.5,1.52587890625e-08
259,10.806246645153733,9.691783987957498,0.01171791543253286,0.01146783331697734,2.7720011707659475,2.7667172239509847,2.7508037677362336,2.438401792626184,1.1324586580746139,1.0442195248311446,2.7508037677362336,2.438401792626184,43.64530988274707,47.86789297658863,0.1,2.5,1.52587890625e-08
260,10.815717839316108,9.683420349257181,0.01172114107113005,0.011468613467313175,2.7718917803016208,2.766637153582961,2.7534078787585865,2.4356742614886433,1.133291928146486,1.0441326084344282,2.7534078787585865,2.4356742614886433,43.57551647124511,47.86092530657748,0.1,2.5,1.52587890625e-08
261,10.797648173747017,9.68474780330424,0.011722286368576192,0.011474626791874236,2.77178456968332,2.7665094824273186,2.7476915679518434,2.435389554885983,1.1328363473158451,1.0452268124955686,2.7476915679518434,2.435389554885983,43.22654941373534,46.91332218506132,0.1,2.5,1.52587890625e-08
262,10.794369898848798,9.687333145269184,0.011716363073801408,0.011462095894392916,2.771677713165198,2.766431136009021,2.7460869530071297,2.4365273630339965,1.1336124440533433,1.0448229389977428,2.7460869530071297,2.4365273630339965,43.26493579006142,47.94453734671126,0.1,2.5,1.52587890625e-08
263,10.803000387833945,9.680727214983342,0.011716918816497744,0.011467745860907744,2.7716022608068522,2.7663500133565435,2.7491628472729146,2.434244975597165,1.1333173430877848,1.0449447643132248,2.7491628472729146,2.434244975597165,43.30157733109994,48.00027870680045,0.1,2.5,1.52587890625e-08
264,10.793985576618988,9.66410838002744,0.01171870477599498,0.011469930141474823,2.7715185744212634,2.766272499675602,2.7466209244954394,2.4286028695611517,1.1326261283564607,1.0451013196670889,2.7466209244954394,2.4286028695611517,43.6034338358459,47.582218506131554,0.1,2.5,1.52587890625e-08
265,10.801014778801743,9.667175305195343,0.011719682113496803,0.01145902956101873,2.771430728157295,2.7661907484167263,2.7488183444069456,2.4299386398183596,1.132848491687338,1.0446406668643888,2.7488183444069456,2.4299386398183596,43.56330262423228,48.09085841694537,0.1,2.5,1.52587890625e-08
266,10.805237606608754,9.672085601483433,0.011718766436725439,0.011464882854874783,2.7713491425442336,2.766082603928769,2.7502809784919573,2.4316921050731954,1.132770480822079,1.044468065767384,2.7502809784919573,2.4316921050731954,43.727317141261864,47.3731884057971,0.1,2.5,1.52587890625e-08
267,10.799294658109238,9.691857627668774,0.011717837288276833,0.011463284633696544,2.771255493962785,2.7660160362388244,2.7483717600504556,2.437851882964339,1.1326679819326437,1.0451185419540874,2.7483717600504556,2.437851882964339,43.47431602456729,47.64492753623188,0.1,2.5,1.52587890625e-08
268,10.79958251493061,9.693588183476376,0.011717880541996408,0.011464203437925249,2.7711632259726726,2.7659117433937097,2.7483671460985004,2.438386702085684,1.1328234361044724,1.0451863447958012,2.7483671460985004,2.438386702085684,43.503978224455615,47.77034559643255,0.1,2.5,1.52587890625e-08
269,10.802983953325793,9.662803327758176,0.011720344138766952,0.011466145441725169,2.77106898646991,2.765823658759246,2.749347884451325,2.42846282057406,1.133056523079715,1.0446832189326036,2.749347884451325,2.42846282057406,43.483040201005025,48.00027870680045,0.1,2.5,1.52587890625e-08
270,10.78639501436405,9.658768430069804,0.011715488519783728,0.011459915378570157,2.7709798264410295,2.7656878303391745,2.7440867006013274,2.4271465004354282,1.1326607053070878,1.0446501020072163,2.7440867006013274,2.4271465004354282,43.465591848129534,47.84698996655518,0.1,2.5,1.52587890625e-08
271,10.787448000734841,9.683132054680831,0.011719501076556331,0.011454499589327054,2.7708563580984245,2.7656188494917275,2.7441085612288005,2.4351495877821976,1.1331585789445657,1.044833458254037,2.7441085612288005,2.4351495877821976,43.51095756560581,47.394091415830545,0.1,2.5,1.52587890625e-08
272,10.8054458217738,9.676270133011052,0.011717365506572605,0.011473449546150207,2.7707601971362705,2.765515805088158,2.7504414785247753,2.433323984029168,1.132664001899881,1.0441365720436326,2.7504414785247753,2.433323984029168,43.748255164712454,48.13266443701226,0.1,2.5,1.52587890625e-08
273,10.792707349520565,9.66141701807811,0.011717471392385324,0.011463571969033484,2.7706755098186346,2.7654076061121198,2.746062836655021,2.428169782079316,1.1328668967762985,1.044451682065243,2.746062836655021,2.428169782079316,43.43243997766611,47.421962095875145,0.1,2.5,1.52587890625e-08
274,10.80305577123185,9.660863816272986,0.011718476481843867,0.011463577707517174,2.770556133196781,2.765308978432663,2.7492059537780014,2.4279221906311137,1.133331898269142,1.0445513714648942,2.7492059537780014,2.4279221906311137,43.43767448352875,47.491638795986624,0.1,2.5,1.52587890625e-08
275,10.786999483603728,9.681998043421785,0.011719403364646209,0.011477138835691755,2.7704749666466384,2.7652116935521596,2.7441949323859713,2.435346346767983,1.1328238834554691,1.0439803557119507,2.7441949323859713,2.435346346767983,43.490019542155224,48.25808249721293,0.1,2.5,1.52587890625e-08
276,10.785485581270747,9.675156177086974,0.011708693960000356,0.011458493799278503,2.770369837764653,2.765114885508815,2.7438355293572116,2.4321603150404947,1.1326166399359903,1.0453526503930788,2.7438355293572116,2.4321603150404947,43.741275823562255,47.89576365663322,0.1,2.5,1.52587890625e-08
277,10.80070879471362,9.659655359942246,0.011721292757109382,0.011461267014186717,2.770274489502345,2.7650171559524113,2.7487367283093205,2.427675118813148,1.1328749202071189,1.0443334996766735,2.7487367283093205,2.427675118813148,43.65926856504746,48.39046822742475,0.1,2.5,1.52587890625e-08
278,10.792960525291184,9.674309792725936,0.011711857345585448,0.01145660436900131,2.770169155481872,2.7649133367549084,2.746097484026323,2.432345710337627,1.1329696297579008,1.0446623719921346,2.746097484026323,2.432345710337627,43.41673646007817,47.9933110367893,0.1,2.5,1.52587890625e-08
279,10.789348946277952,9.663431017693867,0.011715348875997686,0.011468007087026418,2.7700741219161142,2.764818282430387,2.744962077244642,2.428879636984605,1.1328699628046144,1.044421137907566,2.744962077244642,2.428879636984605,43.61215801228364,47.78428093645485,0.1,2.5,1.52587890625e-08
280,10.792180199785514,9.652804732455591,0.01171606105644649,0.011447601395149361,2.7699892048327235,2.764742708790927,2.746270259221395,2.4252695411344036,1.132327207036021,1.044537162102983,2.746270259221395,2.4252695411344036,43.73255164712451,48.29988851727982,0.1,2.5,1.52587890625e-08
281,10.795551362881643,9.675158274213606,0.011712262836466416,0.01147634525126139,2.769914712272231,2.764674421403985,2.746921120909324,2.43245021023745,1.1330421346981787,1.04493193555968,2.746921120909324,2.43245021023745,43.49874371859296,47.77034559643255,0.1,2.5,1.52587890625e-08
282,10.79284806893166,9.68651588571776,0.011713494174390415,0.01146979256114666,2.7698194422846996,2.7645737016480103,2.7460500007897766,2.435942268026048,1.1330013052169867,1.04538095768213,2.7460500007897766,2.435942268026048,43.61390284757119,47.17809364548495,0.1,2.5,1.52587890625e-08
283,10.803961296976112,9.657230576012312,0.011719815234904812,0.011460571312070424,2.7697242303376486,2.764480004475401,2.7498975975562714,2.4269999316171926,1.1327881417016221,1.0441610998533242,2.7498975975562714,2.4269999316171926,43.38009491903964,47.61705685618729,0.1,2.5,1.52587890625e-08
284,10.795357140264718,9.662714972012285,0.01171382767887238,0.011463934970955254,2.7696091457827006,2.7643318814178772,2.746953563008609,2.428213510492042,1.13291085511862,1.0450886388287497,2.746953563008609,2.428213510492042,43.53189558905639,48.202341137123746,0.1,2.5,1.52587890625e-08
285,10.817131366761686,9.667949799842791,0.011717200393636155,0.011456248275686467,2.769500675579478,2.7642630733375166,2.753954119285613,2.4301600918721995,1.1333008601238181,1.044793476029782,2.753954119285613,2.4301600918721995,43.50223338916806,47.89576365663322,0.1,2.5,1.52587890625e-08
286,10.807346395644844,9.686303988215384,0.011722350417153254,0.011468255517582763,2.769440898277585,2.764199386073594,2.750694485232525,2.4361086138913466,1.1332982421786608,1.0450449970653624,2.750694485232525,2.4361086138913466,43.29110831937465,48.04905239687848,0.1,2.5,1.52587890625e-08
287,10.813613416628089,9.688900327204063,0.01171913739067093,0.011461516694812605,2.7693770428332187,2.764146569314742,2.7527863995314044,2.43749227744414,1.1332986948544723,1.0442736151492185,2.7527863995314044,2.43749227744414,43.353922389726414,47.96544035674471,0.1,2.5,1.52587890625e-08
288,10.785732820937914,9.677312859989197,0.011717618220511226,0.011464708051753283,2.7693010796920206,2.7640348522692353,2.7438646740649815,2.433354077663443,1.132745550904841,1.0446911964528138,2.7438646740649815,2.433354077663443,43.32600502512563,47.44286510590858,0.1,2.5,1.52587890625e-08
289,10.80036426269429,9.687547700195143,0.011719154340637788,0.011467208317506939,2.7692168750688393,2.7639506057220427,2.748599818137556,2.436447177842309,1.132961952772838,1.0451719659892478,2.748599818137556,2.436447177842309,43.4498883305416,47.87486064659978,0.1,2.5,1.52587890625e-08
290,10.79954434878862,9.693794493956975,0.011719597182182013,0.011470129223355614,2.7690953569396255,2.7638418387409835,2.7481547851658346,2.4387816040545136,1.1332254256701615,1.044797667757989,2.7481547851658346,2.4387816040545136,43.64356504745952,47.80518394648829,0.1,2.5,1.52587890625e-08
291,10.808307249941418,9.664407507897486,0.011721123391081174,0.011475628765181553,2.7689999839169297,2.7637241171089437,2.751355780362417,2.4286259251959215,1.132809406082967,1.0453408738575385,2.751355780362417,2.4286259251959215,43.565047459519825,48.03511705685619,0.1,2.5,1.52587890625e-08
292,10.809207866738989,9.683437151255017,0.01171456453962941,0.011453578400206539,2.7688962113983733,2.7636531223288614,2.7516539588046434,2.4357425092720533,1.1328209136731793,1.0441953721918258,2.7516539588046434,2.4357425092720533,43.5964544946957,48.08389074693423,0.1,2.5,1.52587890625e-08
293,10.79240313753078,9.682670073897278,0.011720618001164038,0.011464506779136002,2.768762205114317,2.763469590258306,2.7457229368251372,2.434975498894784,1.1333187407185286,1.0449660525407014,2.7457229368251372,2.434975498894784,43.418481295365716,47.81911928651059,0.1,2.5,1.52587890625e-08
294,10.792845704713924,9.662819463140856,0.011717344521914594,0.011459936387836933,2.7686152696476376,2.7633534373514097,2.746287057414393,2.4284799077704866,1.1327028338433909,1.0447922303790897,2.746287057414393,2.4284799077704866,43.70986878838637,47.568283166109254,0.1,2.5,1.52587890625e-08
295,10.800621673290054,9.672782271203388,0.011716606855155335,0.01147371931717946,2.768522273222872,2.7632752905455455,2.7484366540999337,2.4316571456532814,1.1333714228379268,1.0450048029356311,2.7484366540999337,2.4316571456532814,43.34170854271357,47.672798216276476,0.1,2.5,1.52587890625e-08
296,10.795410581702695,9.67581164743855,0.011718007216426596,0.011463097841743642,2.76842979197393,2.763183760669585,2.7469381090650873,2.4332055622917355,1.13301762777091,1.0442067452497705,2.7469381090650873,2.4332055622917355,43.67322724734785,48.02118171683389,0.1,2.5,1.52587890625e-08
297,10.811430549302093,9.680643484611043,0.011716867729996517,0.011459917271324956,2.7683515528738,2.7631072982099143,2.7522195664815303,2.4346894168003215,1.133109922385096,1.0444022680870533,2.7522195664815303,2.4346894168003215,43.31902568397543,48.209308807134896,0.1,2.5,1.52587890625e-08
298,10.787604144536736,9.691919609588657,0.011716171672712286,0.011461387397752558,2.7682749840349277,2.763030298311708,2.744380015624029,2.438343461939324,1.1329602441729147,1.044562370614995,2.744380015624029,2.438343461939324,43.357412060301506,47.840022296544035,0.1,2.5,1.52587890625e-08
299,10.791338408878566,9.681675220944545,0.011714880706223445,0.011465196587029044,2.768141801499708,2.7628654519318205,2.7454200993031512,2.4345188085052083,1.1332745143383458,1.0451835286258455,2.7454200993031512,2.4345188085052083,43.496998883305416,47.498606465997774,0.1,2.5,1.52587890625e-08
300,10.802384997931757,9.704570471509511,0.01171240109912864,0.011471402313281993,2.7680363291671726,2.7628045587103767,2.749107758869744,2.4424811411595,1.133272848603181,1.044687615921399,2.749107758869744,2.4424811411595,43.64530988274707,47.54041248606466,0.1,2.5,1.52587890625e-08
301,10.789158432926964,9.694955173011873,0.011717795635121684,0.01146263397872913,2.7679592069469305,2.762718424749215,2.7448677183329093,2.4392618798093255,1.1330207688125533,1.0447175135314797,2.7448677183329093,2.4392618798093255,43.55981295365717,47.62402452619844,0.1,2.5,1.52587890625e-08
302,10.78912900427345,9.681719390312033,0.011716175734963516,0.01146804516327255,2.767854159135249,2.762604228097327,2.744688789249465,2.434733784982858,1.133280521661193,1.0448947734923135,2.744688789249465,2.434733784982858,43.32600502512563,47.77034559643255,0.1,2.5,1.52587890625e-08
303,10.801416769831757,9.681929825407472,0.011719677062202838,0.011468930693224919,2.7677706780212676,2.7625268361507316,2.748805076432987,2.4347291221320964,1.1332524101671595,1.045010393014055,2.748805076432987,2.4347291221320964,43.408012283640424,48.04905239687848,0.1,2.5,1.52587890625e-08
304,10.808151300495261,9.67747402722753,0.011716700295253648,0.011465316358019277,2.7676818925931026,2.762428219368891,2.751292632585927,2.4335646100400417,1.132894265724919,1.044536047423032,2.751292632585927,2.4335646100400417,43.404522613065325,47.43589743589743,0.1,2.5,1.52587890625e-08
305,10.787103758917915,9.690669220825502,0.011715028860353012,0.011461685457315665,2.767595877133555,2.7623599423479743,2.744369284924284,2.437327704700738,1.1327606237913097,1.0454942445824111,2.744369284924284,2.437327704700738,43.72557230597431,48.16053511705686,0.1,2.5,1.52587890625e-08
306,10.794549730088976,9.69648511912113,0.01171733929330014,0.011469136829069559,2.7674944286303838,2.7622412431200214,2.746787698224961,2.4397289879213075,1.132859925262626,1.0448024484890626,2.746787698224961,2.4397289879213075,43.776172529313236,47.840022296544035,0.1,2.5,1.52587890625e-08
307,10.803726121741656,9.668349019925596,0.011721121479555889,0.011476754141325669,2.767403781780113,2.7621641387641764,2.7495962275532224,2.430649743696785,1.133237945707333,1.0443532852291928,2.7495962275532224,2.430649743696785,43.38183975432719,47.90969899665552,0.1,2.5,1.52587890625e-08
308,10.786768421256163,9.661825521866746,0.01171432006251356,0.01147015999126328,2.7673253115830243,2.7620785063591557,2.744155697420547,2.427825274143198,1.1329272370442274,1.0453358592264097,2.744155697420547,2.427825274143198,43.554578447794526,47.09448160535117,0.1,2.5,1.52587890625e-08
309,10.793424566387133,9.677018187383611,0.011717142457155992,0.01147016083225691,2.7672319212550893,2.7619753729140877,2.7463931653966855,2.4328757350394294,1.132902357313368,1.0453616455778763,2.7463931653966855,2.4328757350394294,43.56679229480737,47.61008918617614,0.1,2.5,1.52587890625e-08
310,10.801840623486049,9.666574184711163,0.011714080579491516,0.01147377776831322,2.767134600548289,2.7618870296605853,2.748850444653126,2.4302060897799507,1.133430869335705,1.0441467415794747,2.748850444653126,2.4302060897799507,43.526661083193744,47.86789297658863,0.1,2.5,1.52587890625e-08
311,10.787249225933815,9.662914664184502,0.01171511222854348,0.011472858568506031,2.7670575621938784,2.7618128921143055,2.744272867971662,2.4289106142560772,1.1330048656543494,1.0442643535708638,2.744272867971662,2.4289106142560772,43.52317141261865,48.03511705685619,0.1,2.5,1.52587890625e-08
312,10.797032476070537,9.704280502952992,0.011718373382198851,0.011470352566345213,2.7669487066071903,2.761677492156608,2.747552706901086,2.4424247172896814,1.1329805459608784,1.0446840755251072,2.747552706901086,2.4424247172896814,43.38183975432719,48.007246376811594,0.1,2.5,1.52587890625e-08
313,10.79588724154457,9.672101989371853,0.011719223536709079,0.011468046316783564,2.7668247925775935,2.7615732224357035,2.7470043694620223,2.43144209515158,1.1332362100839748,1.0450752073174203,2.7470043694620223,2.43144209515158,43.45163316582914,47.3871237458194,0.1,2.5,1.52587890625e-08
314,10.801960507962105,9.667126521617673,0.011717607490281563,0.0114677322669206,2.766720650650016,2.761462587443748,2.749087583945491,2.4302230326494114,1.1331540354132852,1.0444217000650855,2.749087583945491,2.4302230326494114,43.31030150753769,48.08389074693423,0.1,2.5,1.52587890625e-08
315,10.802433848846963,9.671545301924315,0.011719593483411787,0.011471204307042435,2.7666384900900853,2.761401011127825,2.7491107365061356,2.431513280772844,1.1333590858412614,1.0446970735903967,2.7491107365061356,2.431513280772844,43.421970965940815,47.90273132664437,0.1,2.5,1.52587890625e-08
316,10.79351012604254,9.633391429748025,0.011715946120528753,0.011471033204292906,2.7665739156626112,2.7613164546630586,2.7461249950809363,2.4189699792542982,1.1333809002094066,1.0444393965312868,2.7461249950809363,2.4189699792542982,43.479550530429925,47.568283166109254,0.1,2.5,1.52587890625e-08
317,10.799684363726728,9.66478870651262,0.0117180279093638,0.011469806400164049,2.766488587636644,2.7612519769232673,2.7482667155667833,2.429641033361854,1.1332586589703542,1.0441352838656575,2.7482667155667833,2.429641033361854,43.38707426018984,48.285953177257525,0.1,2.5,1.52587890625e-08
318,10.795670047676943,9.708730825745276,0.011717220863492745,0.01146788335817481,2.766417163101273,2.761177700365932,2.7469398255191124,2.4436045320270585,1.1332458086615498,1.0451657721563061,2.7469398255191124,2.4436045320270585,43.37660524846454,47.97240802675585,0.1,2.5,1.52587890625e-08
319,10.806110213283452,9.685543800277454,0.011719545823720033,0.0114611755099268,2.7663334482279254,2.76107708187805,2.750614516898815,2.4362150509089,1.1329568705699884,1.0446648686094295,2.750614516898815,2.4362150509089,43.755234505862646,48.06995540691193,0.1,2.5,1.52587890625e-08
320,10.795469714302646,9.653042034693518,0.011721347279780109,0.011452369501974138,2.7661946753028515,2.7609048336245943,2.7471169353796077,2.4258149462267173,1.1328890492701784,1.0440271710738158,2.7471169353796077,2.4258149462267173,43.551088777219434,48.02814938684504,0.1,2.5,1.52587890625e-08
321,10.7990130281262,9.659571634885857,0.01171959700798153,0.011470678444108703,2.7660696647607836,2.760829883009827,2.7483642536591444,2.4276757149924935,1.132796853630986,1.0444954304126326,2.7483642536591444,2.4276757149924935,43.72208263539922,47.35228539576365,0.1,2.5,1.52587890625e-08
322,10.792723141323581,9.672907072299035,0.011716023955383926,0.011469915210203982,2.765970604969495,2.7607235408812727,2.7459445532176296,2.432194500065169,1.133288203438589,1.044390638602883,2.7459445532176296,2.432194500065169,43.22654941373534,47.66583054626533,0.1,2.5,1.52587890625e-08
323,10.807309980301934,9.665357784815589,0.011719035972710564,0.011464658742531752,2.76589408924565,2.7606483871987297,2.750939469840658,2.429542439172632,1.1330915504431072,1.0446004790473011,2.750939469840658,2.429542439172632,43.48129536571748,48.00027870680045,0.1,2.5,1.52587890625e-08
324,10.799345843955699,9.679460912510969,0.01172123088941835,0.011467196247690962,2.765823440802024,2.7605814981620047,2.7483036301110726,2.433860569361726,1.133065696271154,1.0451769057324898,2.7483036301110726,2.433860569361726,43.44116415410385,47.94453734671126,0.1,2.5,1.52587890625e-08
325,10.800048221096121,9.672484974132866,0.011716267291616622,0.011458718854365009,2.765745783970384,2.760498525838522,2.7485179344679906,2.431822581168933,1.1331017991805596,1.0447543197650973,2.7485179344679906,2.431822581168933,43.38009491903964,47.254738015607586,0.1,2.5,1.52587890625e-08
326,10.799603361047758,9.679547834024248,0.011715323365767165,0.011467725870177699,2.765632599309328,2.7603815157410825,2.7485710466992983,2.4345808007911165,1.1328058059757347,1.0441497677943379,2.7485710466992983,2.4345808007911165,43.21259073143495,47.77034559643255,0.1,2.5,1.52587890625e-08
327,10.807053118162086,9.659999536962944,0.011713987634954574,0.011477790561109084,2.7655318696561437,2.7602854524567775,2.7509327307551485,2.427256586028049,1.132993886152637,1.0453617288383221,2.7509327307551485,2.427256586028049,43.48652987158012,47.43589743589743,0.1,2.5,1.52587890625e-08
328,10.802046267830546,9.66446366942713,0.011714979279255947,0.011460376450731736,2.7654569637569084,2.760208758755007,2.7491958651177915,2.4290076579271482,1.1330989977955352,1.0449797611438576,2.7491958651177915,2.4290076579271482,43.26493579006142,47.756410256410255,0.1,2.5,1.52587890625e-08
329,10.793781938664678,9.700433965510747,0.011714464790353657,0.011465807971747025,2.7653694831745907,2.7601269048990615,2.7466469063963856,2.440989688886049,1.132794893034206,1.0449931941170623,2.7466469063963856,2.440989688886049,43.44465382467895,48.09085841694537,0.1,2.5,1.52587890625e-08
330,10.785022692997185,9.692616613679373,0.011718968603924325,0.011462931156806324,2.76528700778499,2.760048239791938,2.743534164545857,2.4387587039101217,1.1330862565123123,1.0444363477902534,2.743534164545857,2.4387587039101217,43.38881909547739,47.88879598662207,0.1,2.5,1.52587890625e-08
331,10.807257023422096,9.67839848795862,0.01171828873688485,0.011461223610609339,2.765211505506506,2.7599712898632887,2.7509216468870674,2.434302497335368,1.133126318354902,1.0440162985088302,2.7509216468870674,2.434302497335368,43.4429089893914,48.06298773690078,0.1,2.5,1.52587890625e-08
332,10.7969716618941,9.684773278741401,0.011717928319208487,0.011467359272748598,2.765125788236583,2.7598665464947723,2.747285357804887,2.4361599465809274,1.1334425423945347,1.0444197196891343,2.747285357804887,2.4361599465809274,43.43418481295366,47.80518394648829,0.1,2.5,1.52587890625e-08
333,10.779111512874772,9.678149549192941,0.011713524813395116,0.011467918135857038,2.7650333968438896,2.759752142256585,2.7414637522481793,2.4330740333799534,1.1332516862585982,1.0457421702684766,2.7414637522481793,2.4330740333799534,43.554578447794526,47.7773132664437,0.1,2.5,1.52587890625e-08
334,10.797650114109501,9.663812054705327,0.011714137508728895,0.01145719125796288,2.7648735443085415,2.7595876451320076,2.747804138262401,2.4293638022581203,1.1330181066048737,1.0441523506622783,2.747804138262401,2.4293638022581203,43.554578447794526,47.756410256410255,0.1,2.5,1.52587890625e-08
335,10.796828547913824,9.66530015024719,0.011718582786257743,0.011466096523929067,2.764754079427884,2.7594894304987845,2.747439240424211,2.428796616950827,1.1331584102810595,1.0457476600755418,2.747439240424211,2.428796616950827,43.62960636515913,47.72853957636566,0.1,2.5,1.52587890625e-08
336,10.79448651495358,9.689748471131425,0.011720383937596975,0.011463308999669991,2.7646418222164324,2.759402072549265,2.746772841193169,2.4381405929790825,1.1329917194189671,1.0439616051671763,2.746772841193169,2.4381405929790825,43.57377163595756,48.17447045707915,0.1,2.5,1.52587890625e-08
337,10.784441851557865,9.674778293473532,0.01171214545966193,0.011461515968027986,2.7645732005304096,2.7593256188608466,2.7431900566480203,2.4329723192829484,1.1333511109993752,1.0442336604347995,2.7431900566480203,2.4329723192829484,43.601689000558345,48.118729096989966,0.1,2.5,1.52587890625e-08
338,10.802411975573056,9.66917369198241,0.01171558042951781,0.011464404998141588,2.764500061271578,2.75926132584894,2.7489371036165324,2.4309316877537346,1.133717512898043,1.0444940432922762,2.7489371036165324,2.4309316877537346,43.40975711892797,48.23021181716834,0.1,2.5,1.52587890625e-08
339,10.784482997998653,9.678826941827202,0.011719081388076114,0.011468158845884212,2.764416510003163,2.7591569192433436,2.7434801605412042,2.4336988981750896,1.132940891200374,1.0451732033338301,2.7434801605412042,2.4336988981750896,43.5964544946957,47.70763656633222,0.1,2.5,1.52587890625e-08
340,10.7998884138217,9.703002815927018,0.011715469423770938,0.011467932164876689,2.764319989349774,2.7590725275717984,2.7483768235498935,2.4420600410554987,1.1333052372546386,1.0447237454396294,2.7483768235498935,2.4420600410554987,43.435929648241206,47.90273132664437,0.1,2.5,1.52587890625e-08
341,10.798952616505753,9.68889145335492,0.011715868734954822,0.011467088644113495,2.764237965371341,2.758985021839971,2.7478080996583123,2.4373081299240638,1.1336943150764733,1.0448007223465239,2.7478080996583123,2.4373081299240638,43.4429089893914,47.93756967670011,0.1,2.5,1.52587890625e-08
342,10.786480211399574,9.673302848203525,0.011712907326248091,0.011469019379637048,2.7641428551282514,2.7588930603120905,2.743792977564698,2.4326437229296833,1.1334870539185455,1.0440066888712454,2.743792977564698,2.4326437229296833,43.428950307091014,48.07692307692308,0.1,2.5,1.52587890625e-08
343,10.791093250148993,9.685135043983077,0.01171577788862368,0.011464378872311103,2.7640554078260258,2.758782446317981,2.7456460973525565,2.4360290490663967,1.1330168318442297,1.044852646298233,2.7456460973525565,2.4360290490663967,43.55981295365717,47.51950947603121,0.1,2.5,1.52587890625e-08
344,10.800705095564833,9.698658895333077,0.011719729099786694,0.011484599183235678,2.7639565012562812,2.7587080799217607,2.7488824897874737,2.4401474013642193,1.1329711314222122,1.0454306229035326,2.7488824897874737,2.4401474013642193,43.32774986041318,47.65189520624303,0.1,2.5,1.52587890625e-08
345,10.791760800338736,9.688517344037825,0.011720931531870784,0.011465610306057975,2.763866567798063,2.7585977891350004,2.7459051876611245,2.437310159538635,1.1329687855085269,1.0446306770063165,2.7459051876611245,2.437310159538635,43.48478503629257,47.7633779264214,0.1,2.5,1.52587890625e-08
346,10.804073287414345,9.656643908956777,0.011718411509744254,0.011464343011719792,2.763751498818198,2.7584798120734684,2.749830349938687,2.4270191123520117,1.1332443365499603,1.0441370625692599,2.749830349938687,2.4270191123520117,43.38881909547739,47.81911928651059,0.1,2.5,1.52587890625e-08
347,10.79461849368131,9.678484763588793,0.011719570045386993,0.011462759318966065,2.763640808433477,2.7584032645592322,2.746870551809527,2.4339490695674817,1.1329616032653118,1.0446672749226973,2.746870551809527,2.4339490695674817,43.73255164712451,47.7633779264214,0.1,2.5,1.52587890625e-08
348,10.793303554647798,9.677267002820171,0.01172038719124597,0.011456430170149308,2.7635734484623025,2.7583169062666535,2.7463441512759075,2.433972506485921,1.133096676109757,1.04403065439052,2.7463441512759075,2.433972506485921,43.43418481295366,48.285953177257525,0.1,2.5,1.52587890625e-08
349,10.804339209726441,9.674684607995925,0.011718635538843575,0.011460352332903323,2.7635000506837164,2.7582521866529417,2.7498128487370255,2.4322230807913585,1.1334159929348995,1.0453649159259222,2.7498128487370255,2.4322230807913585,43.33472920156337,47.66583054626533,0.1,2.5,1.52587890625e-08
350,10.796625573963908,9.649670731662507,0.011717313177267943,0.011461808917256967,2.7634037522082218,2.7581546644170416,2.7473424307665035,2.4244917264351478,1.1332703006793372,1.0444591315162088,2.7473424307665035,2.4244917264351478,43.71335845896148,47.82608695652174,0.1,2.5,1.52587890625e-08
351,10.81173809675582,9.684672492270751,0.011718608040127556,0.01146219164515153,2.763312664729533,2.7580540496502963,2.752300826349051,2.435984032342798,1.1333928705925784,1.0447263608010717,2.752300826349051,2.435984032342798,43.57726130653266,47.83305462653289,0.1,2.5,1.52587890625e-08
352,10.797901876674292,9.66960252540699,0.011717042398999384,0.011473240441909536,2.7632202851845524,2.7579813258703734,2.7477652673811837,2.431258182196048,1.133283495104293,1.0442782792625087,2.7477652673811837,2.431258182196048,43.54934394193188,47.86789297658863,0.1,2.5,1.52587890625e-08
353,10.807596584726884,9.692399112144308,0.011717374060076252,0.011467822315534754,2.7631608786228847,2.757922773244256,2.7515400221466284,2.438991606434851,1.1324715342753298,1.0440820987142183,2.7515400221466284,2.438991606434851,43.65926856504746,48.02118171683389,0.1,2.5,1.52587890625e-08
354,10.806301621203314,9.68087080410093,0.011719013688048958,0.011456335847003337,2.763094813247289,2.757849359990761,2.7509655742123433,2.4351945928107934,1.132688191268512,1.0440228458498102,2.7509655742123433,2.4351945928107934,43.4463986599665,47.7773132664437,0.1,2.5,1.52587890625e-08
355,10.800013242388225,9.686165377447836,0.011718004107858003,0.011463140194598116,2.7630120455253597,2.7577521524567534,2.7486970788070706,2.436183191063412,1.132951380752572,1.0451887113061902,2.7486970788070706,2.436183191063412,43.558068118369626,47.86092530657748,0.1,2.5,1.52587890625e-08
356,10.799619919091613,9.674920123024794,0.011715762705101706,0.011455875966768534,2.7629227805976293,2.757663157206847,2.7487385138528166,2.432885347800111,1.1326981500698028,1.044520921133035,2.7487385138528166,2.432885347800111,43.70986878838637,47.491638795986624,0.1,2.5,1.52587890625e-08
357,10.781089429679628,9.671611628537725,0.01171702140238134,0.011469580978570442,2.762815124292336,2.7575451681845164,2.742597283496995,2.432461123801394,1.1326495032281199,1.043502060000846,2.742597283496995,2.432461123801394,43.66450307091011,48.4113712374582,0.1,2.5,1.52587890625e-08
358,10.80085309027028,9.683034105843126,0.01171968349098061,0.011461607900052566,2.762712620810248,2.7574708506946712,2.7485988213322403,2.4352861120549334,1.133532856643566,1.0449835365033868,2.7485988213322403,2.4352861120549334,43.39230876605249,48.24414715719064,0.1,2.5,1.52587890625e-08
359,10.7969240580505,9.656317659843726,0.011718674948192521,0.011472991857690157,2.7626349767581635,2.7573920316919436,2.7475048253683987,2.4269706868009027,1.1332137015596706,1.0440966962704823,2.7475048253683987,2.4269706868009027,43.52317141261865,47.72853957636566,0.1,2.5,1.52587890625e-08
360,10.802449595389055,9.664807511013885,0.011719431968885283,0.011459709369393695,2.7625422353920226,2.7572984102710567,2.7495163339000386,2.4298738909671407,1.1329634708109546,1.0439981683972421,2.7495163339000386,2.4298738909671407,43.47606085985483,47.66583054626533,0.1,2.5,1.52587890625e-08
361,10.79695452717281,9.663903433609434,0.011715927639677663,0.011469182367317187,2.7624425197166813,2.7571794734219113,2.7474906866541127,2.4295515389479654,1.1332611307493472,1.0440308514114474,2.7474906866541127,2.4295515389479654,43.654034059184816,47.42892976588629,0.1,2.5,1.52587890625e-08
362,10.78797619519854,9.69715172258375,0.011718270481714385,0.011458278368896863,2.7623239238457864,2.757066779312083,2.744615001694441,2.4399638611869006,1.1330902557809681,1.045047568636993,2.744615001694441,2.4399638611869006,43.6749720826354,48.06995540691193,0.1,2.5,1.52587890625e-08
363,10.792936474168055,9.689738499546795,0.011717176137129099,0.0114709086936287,2.762215538440238,2.7569540878602097,2.7463386341022553,2.4377610460172927,1.1329909055875973,1.044644544555192,2.7463386341022553,2.4377610460172927,43.59121998883305,47.94453734671126,0.1,2.5,1.52587890625e-08
364,10.794365354119433,9.69314065877942,0.011715522475877599,0.01146233352804463,2.7620813748079063,2.756824550820035,2.7466070677300927,2.439240420542433,1.1333102158232815,1.0441372950738887,2.7466070677300927,2.439240420542433,43.329494695700724,47.86092530657748,0.1,2.5,1.52587890625e-08
365,10.802259989386494,9.704850623174389,0.011718167371669341,0.011466058538011883,2.7619741048179214,2.756708553403516,2.749324079334636,2.443002475676861,1.1331860835428413,1.0443531398390449,2.749324079334636,2.443002475676861,43.503978224455615,47.756410256410255,0.1,2.5,1.52587890625e-08
366,10.797753361201964,9.667451817056406,0.011720029251376454,0.011455303296828881,2.761862616909076,2.7565944606776753,2.7480691014422445,2.4301330455835313,1.1328198788619988,1.044968954695507,2.7480691014422445,2.4301330455835313,43.4533780011167,47.89576365663322,0.1,2.5,1.52587890625e-08
367,10.796334478057743,9.69830521612263,0.011717968369199203,0.011468481804050065,2.761763331079403,2.7565222397828713,2.7474052308325922,2.4409456823183144,1.133112258115073,1.0441737135782954,2.7474052308325922,2.4409456823183144,43.69242043551089,47.95847268673356,0.1,2.5,1.52587890625e-08
368,10.803366536471113,9.687661183186066,0.011724734986185328,0.011458755028511968,2.761669312423331,2.7564253325977983,2.749670093249902,2.4366597557812097,1.1332322898222573,1.0452903214771478,2.749670093249902,2.4366597557812097,43.5214265773311,47.42892976588629,0.1,2.5,1.52587890625e-08
369,10.80179382688436,9.676790437304987,0.011723660659055382,0.011462670279544266,2.7615991627817245,2.756356180578038,2.749142664893921,2.433866388555886,1.133241135803832,1.0440464943414813,2.749142664893921,2.433866388555886,43.390563930764934,48.34866220735786,0.1,2.5,1.52587890625e-08
370,10.811977205430908,9.692327362770753,0.011715773988092898,0.011461197169146675,2.76150929961106,2.7561997362602515,2.752792337232299,2.4383419288307793,1.132866733836968,1.0451101844127362,2.752792337232299,2.4383419288307793,43.59470965940815,47.17809364548495,0.1,2.5,1.52587890625e-08
371,10.800112472440462,9.697782791312058,0.011716492154798249,0.011475946556947038,2.761345971569144,2.7560926605360696,2.7488052585416503,2.4399502343823145,1.1329228030044496,1.0454234341315203,2.7488052585416503,2.4399502343823145,43.50921273031826,47.54738015607581,0.1,2.5,1.52587890625e-08
372,10.789738905356623,9.69752098963811,0.011715398351014459,0.011471779527996096,2.7612241636368897,2.7559128700690128,2.745043865067542,2.440418053364408,1.1333847505829309,1.0446018713506702,2.745043865067542,2.440418053364408,43.36264656616415,47.575250836120404,0.1,2.5,1.52587890625e-08
373,10.79192358844444,9.671854068071415,0.011716704749585962,0.011455985801574777,2.7610789741769572,2.755828610763635,2.7458077474122335,2.4320146961754383,1.1333378580014577,1.0443855489509692,2.7458077474122335,2.4320146961754383,43.33996370742602,47.979375696767,0.1,2.5,1.52587890625e-08
374,10.796144884302254,9.68110404392017,0.01171681359784687,0.011464845116064368,2.7609639033334075,2.7557104989437753,2.7472722217532124,2.4346821500837734,1.1332574827853426,1.045010836427427,2.7472722217532124,2.4346821500837734,43.55981295365717,47.82608695652174,0.1,2.5,1.52587890625e-08
375,10.815003850884706,9.694973374688905,0.011714912599471612,0.011466411605826189,2.7608810235241283,2.755634378562936,2.75373820696777,2.439625675462959,1.1329931048691972,1.0445332428816303,2.75373820696777,2.439625675462959,43.5999441652708,47.95847268673356,0.1,2.5,1.52587890625e-08
376,10.79566502903907,9.687055845590207,0.01171542820117698,0.011465237453089841,2.7607855135205734,2.7555285946049684,2.7472320964787675,2.4373969237009683,1.1330873619438482,1.0439235081640772,2.7472320964787675,2.4373969237009683,43.421970965940815,48.25111482720178,0.1,2.5,1.52587890625e-08
377,10.794475765217621,9.685503160142845,0.011718246238727366,0.011466368820015735,2.7606976018945044,2.755456438830066,2.747023313289112,2.4363347493951006,1.1328089149353693,1.0447434231456174,2.747023313289112,2.4363347493951006,43.61041317699609,47.408026755852845,0.1,2.5,1.52587890625e-08
378,10.814017640352915,9.657543290286027,0.011721485511762247,0.011462201619751278,2.7606343261893405,2.755398842270425,2.7530904258182765,2.4274636283766067,1.1334807243778477,1.0440751523477179,2.7530904258182765,2.4274636283766067,43.565047459519825,48.04905239687848,0.1,2.5,1.52587890625e-08
379,10.799599413762607,9.663511437848792,0.01171636314972162,0.011478323180024973,2.760576567125347,2.755337312202921,2.748711263980365,2.4288744654012233,1.1328457901425897,1.0449380050667685,2.748711263980365,2.4288744654012233,43.554578447794526,47.63795986622073,0.1,2.5,1.52587890625e-08
380,10.79663104734096,9.66926316141152,0.011717892408949214,0.011472822147252301,2.7604747308425437,2.7552055060664147,2.747790043344716,2.431717767364604,1.132747766826487,1.0435582441895568,2.747790043344716,2.431717767364604,43.55283361250698,47.74247491638796,0.1,2.5,1.52587890625e-08
381,10.806917415258939,9.70963462725398,0.011716624600204392,0.011465199758924767,2.7603629025449172,2.7551078280743413,2.751088473199134,2.4444091522042437,1.1329495333081048,1.0447155910989512,2.751088473199134,2.4444091522042437,43.5964544946957,47.71460423634337,0.1,2.5,1.52587890625e-08
382,10.794263074545805,9.671978284948512,0.011717488701153174,0.011469197497934668,2.760256783779875,2.7550207470837513,2.7469045898889046,2.4314431027823864,1.1329030768955173,1.045338861120983,2.7469045898889046,2.4314431027823864,43.479550530429925,47.81911928651059,0.1,2.5,1.52587890625e-08
383,10.812745094831797,9.655322588407076,0.01171675386476174,0.011466201905622132,2.760191346865536,2.7549632640187958,2.752910268965678,2.4260276312812117,1.1331392022100393,1.045138593302124,2.752910268965678,2.4260276312812117,43.439419318816306,47.47073578595318,0.1,2.5,1.52587890625e-08
384,10.78956846655713,9.669737255559983,0.011717580202166126,0.011463434764556794,2.760136138387794,2.7548986919215954,2.7453330389818356,2.431267188145564,1.1329190766991084,1.0444912333020664,2.7453330389818356,2.431267188145564,43.51095756560581,47.840022296544035,0.1,2.5,1.52587890625e-08
385,10.790777518455041,9.687039505544979,0.011714393043675315,0.011474657368741373,2.7600555506450113,2.7548266281119425,2.7455522237976857,2.4368289407413273,1.1332004484286327,1.0447976530063379,2.7455522237976857,2.4368289407413273,43.50746789503071,47.66583054626533,0.1,2.5,1.52587890625e-08
386,10.80180861069995,9.692805052069385,0.011714738371949964,0.01146560600141651,2.759981082445546,2.7547386811595564,2.74913860592078,2.4384550906078206,1.1333399484571567,1.0452501920686252,2.74913860592078,2.4384550906078206,43.517936906756,47.505574136008924,0.1,2.5,1.52587890625e-08
387,10.796131783128118,9.663006457729615,0.011712380163350763,0.011458413329685611,2.759904053276441,2.7546686738098214,2.747125742490035,2.429081873484413,1.1335258513838802,1.0444177844319722,2.747125742490035,2.429081873484413,43.20561139028476,47.74247491638796,0.1,2.5,1.52587890625e-08
388,10.798149899621706,9.666980765203435,0.011718357563755121,0.011458254517902233,2.75983302663785,2.754592337337226,2.7479115576134387,2.4307355120562124,1.1333567983341377,1.04392838026236,2.7479115576134387,2.4307355120562124,43.46733668341709,47.90273132664437,0.1,2.5,1.52587890625e-08
389,10.807460998969662,9.70609423362026,0.011716128902074047,0.011473028136701754,2.7597552088636848,2.754518370697464,2.751151857796759,2.443682398950243,1.1331568849213225,1.0440610952201894,2.751151857796759,2.443682398950243,43.36962590731435,48.32775919732442,0.1,2.5,1.52587890625e-08
390,10.806948442421833,9.67516773440766,0.011712742833673354,0.01145070005901814,2.7596728978777385,2.7544325360220543,2.7510453555119363,2.4333025255596623,1.1330661765028818,1.0441831072570222,2.7510453555119363,2.4333025255596623,43.63484087102177,48.47408026755853,0.1,2.5,1.52587890625e-08
391,10.796227050985722,9.665608659104228,0.011719015131052947,0.011477298871588082,2.7595965159398625,2.7543381134934783,2.7474481480405157,2.429635637048362,1.1331019604558854,1.0448953230245457,2.7474481480405157,2.429635637048362,43.6034338358459,47.85395763656633,0.1,2.5,1.52587890625e-08
392,10.794083525520806,9.664538684364413,0.011718083508437503,0.011456540972617358,2.7594954058286665,2.7542483867743077,2.746968186281035,2.429186617650316,1.1327556566710182,1.0450487069062964,2.746968186281035,2.429186617650316,43.558068118369626,48.04208472686734,0.1,2.5,1.52587890625e-08
393,10.798654252227493,9.689970451852549,0.011719087772653763,0.011465656835847476,2.7594230707499783,2.754182792693343,2.7479946847603616,2.437679610922185,1.1335044110174088,1.0450238489785721,2.7479946847603616,2.437679610922185,43.32077051926298,47.51254180602007,0.1,2.5,1.52587890625e-08
394,10.79496226957695,9.641622420005842,0.011719742087342598,0.011463116436008957,2.7593411126661276,2.7540821481575004,2.7471786975061874,2.421651140104568,1.1328861803265673,1.0448988181691505,2.7471786975061874,2.421651140104568,43.58947515354551,47.840022296544035,0.1,2.5,1.52587890625e-08
395,10.78683122478338,9.705533030306881,0.011717284406628408,0.011461457030986796,2.7592119281349206,2.753950061606723,2.744404139563999,2.4432270086994405,1.132990147999583,1.0444977431658784,2.744404139563999,2.4432270086994405,43.217825237297596,48.202341137123746,0.1,2.5,1.52587890625e-08
396,10.79096636780143,9.644192459591256,0.011719649145405662,0.011462640112791305,2.7591108599566403,2.753854759826575,2.746126628334731,2.422537949305846,1.1324778735338143,1.0448652553717828,2.746126628334731,2.422537949305846,43.472571189279726,47.62402452619844,0.1,2.5,1.52587890625e-08
397,10.793798347081237,9.688468792765436,0.011717089640609982,0.01146147945852184,2.7590079810751145,2.753756599681433,2.746954455980038,2.437445858516289,1.1326585375750151,1.0446470562563825,2.746954455980038,2.437445858516289,43.6034338358459,47.96544035674471,0.1,2.5,1.52587890625e-08
398,10.79041465309863,9.666191543357959,0.011715163735725872,0.011469987878283131,2.7588858949212907,2.7536161161186703,2.7455245909379355,2.4300562876921434,1.1331185654912295,1.044595521229964,2.7455245909379355,2.4300562876921434,43.62262702400893,48.014214046822744,0.1,2.5,1.52587890625e-08
399,10.789293151804351,9.656310150588768,0.01171918713920846,0.011460400815666918,2.758777768168617,2.7535313645599944,2.7453991438941805,2.426436779092387,1.132749382708074,1.045093112366654,2.7453991438941805,2.426436779092387,43.428950307091014,47.77034559643255,0.1,2.5,1.52587890625e-08
400,10.807169724682202,9.66650664979133,0.011717421961048673,0.011470787099447339,2.7586724469276995,2.7534180059613726,2.7510171334614375,2.430748407125739,1.1332668336259126,1.0437244095796991,2.7510171334614375,2.430748407125739,43.500488553880515,48.34169453734671,0.1,2.5,1.52587890625e-08
401,10.801996860472201,9.689812880827565,0.011716661249905709,0.011469136341085602,2.7585784043099615,2.7533149464074587,2.7495515512927557,2.437498007331006,1.1328838523175715,1.0452591362871322,2.7495515512927557,2.437498007331006,43.845965940815184,47.505574136008924,0.1,2.5,1.52587890625e-08
402,10.811553140381474,9.676700286376171,0.011720152279036562,0.01147244717622614,2.7584952460128727,2.7532658497226676,2.7525076299057134,2.4342087093935896,1.1332302791722189,1.0436375260087294,2.7525076299057134,2.4342087093935896,43.61041317699609,47.979375696767,0.1,2.5,1.52587890625e-08
403,10.79463451072399,9.686399809094176,0.01171665996290215,0.011467162144880165,2.758400690748597,2.753157432794305,2.746997191079298,2.436727318742469,1.1330431161946521,1.0447174824334042,2.746997191079298,2.436727318742469,43.558068118369626,48.3835005574136,0.1,2.5,1.52587890625e-08
404,10.811522405018426,9.661652458684234,0.011722273621260954,0.011464756378777316,2.7583102706023133,2.753068505588051,2.752654426660969,2.42860361737684,1.1330029215644952,1.0445349791908476,2.752654426660969,2.42860361737684,43.63484087102177,47.86789297658863,0.1,2.5,1.52587890625e-08
405,10.793898158070762,9.690804224747877,0.011712443336765403,0.011469755944699348,2.7582307884241866,2.75299023997159,2.7464200029953574,2.4384387879068634,1.1335513149806735,1.0443595449129741,2.7464200029953574,2.4384387879068634,43.40975711892797,48.272017837235225,0.1,2.5,1.52587890625e-08
406,10.798755335315255,9.710809337654242,0.011715625813163271,0.011461153046052525,2.758162275497505,2.752926348310915,2.74824947421608,2.4453227001687754,1.1332375115352527,1.044043714851307,2.74824947421608,2.4453227001687754,43.64182021217197,47.86789297658863,0.1,2.5,1.52587890625e-08
407,10.797613047541752,9.682190250260641,0.011718826272250852,0.011465253792246315,2.7580847987777224,2.752837883588861,2.747995818546536,2.434747625221244,1.1330491422209108,1.0455991924805785,2.747995818546536,2.434747625221244,43.62437185929649,47.84698996655518,0.1,2.5,1.52587890625e-08
408,10.796589890250543,9.658316177402186,0.011722905374127417,0.011459836790311163,2.7580008142025094,2.752764150849154,2.7475538115338995,2.4272182822360375,1.1332027445553003,1.0449625386575128,2.7475538115338995,2.4272182822360375,43.40626744835288,48.111761426978816,0.1,2.5,1.52587890625e-08
409,10.797825594443571,9.667021353773714,0.011719029835653597,0.011477695367898099,2.7579243601133943,2.75269347874483,2.7475720508880017,2.430843258116689,1.1337989865568747,1.0438722584691467,2.7475720508880017,2.430843258116689,43.16896984924623,48.09782608695652,0.1,2.5,1.52587890625e-08
410,10.792645607761402,9.685521108782543,0.011716542585577664,0.011470470921143706,2.7578482521372356,2.7525905887684563,2.7463742702916507,2.4365466589911726,1.133010705245533,1.0445758230577211,2.7463742702916507,2.4365466589911726,43.48478503629257,47.756410256410255,0.1,2.5,1.52587890625e-08
411,10.8117621808928,9.6613255503983,0.011720778042006465,0.011463453188546857,2.757761027678506,2.7525287272539427,2.7527156733454836,2.4283375290856846,1.1330591448853629,1.0447983279276054,2.7527156733454836,2.4283375290856846,43.18292853154662,47.44983277591973,0.1,2.5,1.52587890625e-08
412,10.793946438165833,9.655637935651185,0.01171411033709378,0.011472002126550595,2.7577013968090185,2.7524528184463346,2.746764256526877,2.426195793991769,1.1330847230987933,1.045166607152924,2.746764256526877,2.426195793991769,43.374860413177,48.362597547380155,0.1,2.5,1.52587890625e-08
413,10.796553317293117,9.66828990700253,0.011722389339260854,0.011465078069223143,2.757595624556294,2.7523413297191777,2.7476501836249576,2.4306981966248324,1.133060400410114,1.044748027122672,2.7476501836249576,2.4306981966248324,43.479550530429925,48.02814938684504,0.1,2.5,1.52587890625e-08
414,10.784401993189759,9.66959487634359,0.011716226547423984,0.01147649979058948,2.757501034015121,2.752243539561396,2.743774208657772,2.431317584038844,1.1328065098496805,1.0444706397976231,2.743774208657772,2.431317584038844,43.66799274148521,47.69370122630992,0.1,2.5,1.52587890625e-08
415,10.794885442617684,9.630548865234307,0.011715826148397094,0.011464471412758232,2.7574032689525323,2.752169490790819,2.7469484927200325,2.4188469774614076,1.1332919075128287,1.0436632838536266,2.7469484927200325,2.4188469774614076,43.34170854271357,48.32775919732442,0.1,2.5,1.52587890625e-08
416,10.801912878559396,9.67207326006597,0.01171528705718679,0.011468915894851836,2.7572761708168527,2.752027850220169,2.7492705292704382,2.4322492193883347,1.133329181215871,1.0443269453585613,2.7492705292704382,2.4322492193883347,43.41499162479062,47.65189520624303,0.1,2.5,1.52587890625e-08
417,10.78828624744511,9.623384345999796,0.011715446777188332,0.011461616159440616,2.7571984024303444,2.7519605274051595,2.7449282247350575,2.4163031885057786,1.1330331247788712,1.043908574708728,2.7449282247350575,2.4163031885057786,43.27365996649916,48.30685618729097,0.1,2.5,1.52587890625e-08
418,10.80378643112566,9.670020483010589,0.01171784559945981,0.011465908727975128,2.7571272858023845,2.7518807690810734,2.750092056594968,2.430489897860864,1.1330398274559605,1.0459484045986613,2.750092056594968,2.430489897860864,43.51619207146845,47.42892976588629,0.1,2.5,1.52587890625e-08
419,10.786741741804489,9.695117426290693,0.01172144428292827,0.011480930025628047,2.7570385158161823,2.751792086938286,2.7441933020608245,2.4401406611885914,1.1333682380662424,1.0440176454276147,2.7441933020608245,2.4401406611885914,43.45163316582914,48.08389074693423,0.1,2.5,1.52587890625e-08
420,10.814028769748163,9.681056631847369,0.011719722069887261,0.011473058205857922,2.7569571944470517,2.751718754486628,2.753302099184242,2.43479544024005,1.1333535282655776,1.0450126829753352,2.753302099184242,2.43479544024005,43.42546063651591,47.679765886287626,0.1,2.5,1.52587890625e-08
421,10.802153206617056,9.654627218427201,0.01172442808497691,0.011459015819598135,2.756875350181115,2.7516215254231837,2.74970041673853,2.4264975707799428,1.1328199997352928,1.044256679323339,2.74970041673853,2.4264975707799428,43.587730318257954,47.87486064659978,0.1,2.5,1.52587890625e-08
422,10.796298077624314,9.665618638131132,0.011717854167523497,0.011465805776857478,2.756758348426627,2.7515015926382347,2.747588279325825,2.429761956766696,1.133069782068049,1.0448584040271798,2.747588279325825,2.429761956766696,43.45861250697934,47.79821627647715,0.1,2.5,1.52587890625e-08
423,10.799195693765254,9.662331281298378,0.011712513814120237,0.011450038851138076,2.7566633923369235,2.7514123023553037,2.748857830171143,2.4283123239625657,1.1326216857969795,1.0454015301222785,2.748857830171143,2.4283123239625657,43.62088218872138,47.421962095875145,0.1,2.5,1.52587890625e-08
424,10.78596642268962,9.689934293561954,0.011720558998160926,0.011466619778744287,2.7565642549364613,2.7513328390642418,2.7443865702047088,2.4380185512396007,1.1327148550785433,1.0446393642670069,2.7443865702047088,2.4380185512396007,43.268425460636514,47.98634336677815,0.1,2.5,1.52587890625e-08
425,10.790457962479158,9.666629519085156,0.011714880890823955,0.011471962117057382,2.756488096907044,2.7512414234803537,2.7455423002067323,2.4302939724098214,1.1332336850568345,1.0445757693005777,2.7455423002067323,2.4302939724098214,43.53364042434394,48.23717948717949,0.1,2.5,1.52587890625e-08
426,10.808072519328991,9.66512750967955,0.011715744572131578,0.011468960875551836,2.7563902928401878,2.751156791529661,2.7512400046465184,2.4299162096004423,1.1334988806648403,1.0443971289307246,2.7512400046465184,2.4299162096004423,43.271915131211614,47.70066889632107,0.1,2.5,1.52587890625e-08
427,10.790840631886477,9.691382991829046,0.01171876188255285,0.011467723641025449,2.7563163977239067,2.751059346640256,2.7460106091416794,2.438715595997031,1.1327292115777514,1.0443312962982834,2.7460106091416794,2.438715595997031,43.75,47.89576365663322,0.1,2.5,1.52587890625e-08
428,10.80414303449996,9.678213883403153,0.011719051874874525,0.011472132840840647,2.756221822491576,2.750993422441259,2.7499417312181174,2.4341857210050857,1.1334883050503244,1.0445426029372242,2.7499417312181174,2.4341857210050857,43.27017029592407,47.9933110367893,0.1,2.5,1.52587890625e-08
429,10.790554053553118,9.683071207707808,0.011719545839320077,0.01146899764254739,2.7561417509895807,2.750903504349316,2.745137121210146,2.435381062586305,1.1339044770603404,1.045184331328308,2.745137121210146,2.435381062586305,43.29459798994975,48.02118171683389,0.1,2.5,1.52587890625e-08
430,10.791012594115461,9.676440807755045,0.011718691645958682,0.011461676907213768,2.7560649175074166,2.7508128717990226,2.7459171392077644,2.4332526156734864,1.13296797993062,1.0450700053669006,2.7459171392077644,2.4332526156734864,43.60692350642099,47.81215161649944,0.1,2.5,1.52587890625e-08
431,10.80428125284558,9.670634655117855,0.011721097642169992,0.011469204223807174,2.7559755462165123,2.750738228443873,2.750296603495152,2.4317031395741,1.133036400272086,1.0444910959522329,2.750296603495152,2.4317031395741,43.404522613065325,47.86092530657748,0.1,2.5,1.52587890625e-08
432,10.784866952283764,9.665957149986173,0.011717018039012041,0.011461548593389484,2.7558879299845396,2.7506124186542387,2.7434481659925964,2.430050674223714,1.1336083207165044,1.044641170015303,2.7434481659925964,2.430050674223714,43.25970128419877,47.43589743589743,0.1,2.5,1.52587890625e-08
433,10.787368091240333,9.68746994277971,0.011715954148830946,0.011471862408437391,2.755750157325911,2.7504980324901465,2.7449583764984116,2.4369323580560076,1.132600992768254,1.045075593584756,2.7449583764984116,2.4369323580560076,43.78140703517588,47.68673355629877,0.1,2.5,1.52587890625e-08
434,10.799757139566955,9.656686942314224,0.01171499058096719,0.011459927469151409,2.7556667003067163,2.7504172415504753,2.7488242620066647,2.4268826287459904,1.1330013365668334,1.044768706013925,2.7488242620066647,2.4268826287459904,43.30157733109994,47.91666666666667,0.1,2.5,1.52587890625e-08
435,10.801093518434458,9.674607364097433,0.0117146095353538,0.01146745737725111,2.755582563441802,2.750335265428592,2.7490788565741644,2.4328552233335565,1.1332920452258495,1.0447703602587766,2.7490788565741644,2.4328552233335565,43.56330262423228,47.840022296544035,0.1,2.5,1.52587890625e-08
436,10.796594104308912,9.685108247010604,0.011714675846977116,0.011462229440028187,2.755491592975917,2.7502539399741353,2.7479195502934544,2.4363193900024345,1.1327858139588671,1.044831246901781,2.7479195502934544,2.4363193900024345,43.46733668341709,47.72157190635451,0.1,2.5,1.52587890625e-08
437,10.800821107303145,9.712450040755597,0.011716522944083365,0.011461771295770355,2.75540921303362,2.750156057053718,2.7491081166972933,2.4451850522454897,1.1331196450308538,1.0452087478361267,2.7491081166972933,2.4451850522454897,43.5964544946957,47.55434782608695,0.1,2.5,1.52587890625e-08
438,10.798763630844107,9.684687356087675,0.011721044924944257,0.011461700472685871,2.7553220278453985,2.750079615857689,2.748484520590019,2.4358448626072775,1.133028390020182,1.0453415617363375,2.748484520590019,2.4358448626072775,43.472571189279726,47.408026755852845,0.1,2.5,1.52587890625e-08
439,10.789054043129262,9.650247268719285,0.011718530905714319,0.01145743129208036,2.755249583341768,2.750000592192413,2.745036016556885,2.4249829820698854,1.133351250908882,1.0444204300941033,2.745036016556885,2.4249829820698854,43.53713009491904,47.7773132664437,0.1,2.5,1.52587890625e-08
440,10.795825313949372,9.674560772269599,0.011712605153932742,0.011462709240391103,2.7551468985497385,2.749883245597848,2.747401532216288,2.433274396951648,1.133196704218602,1.0441432556048151,2.747401532216288,2.433274396951648,43.364391401451705,47.60312151616499,0.1,2.5,1.52587890625e-08
441,10.798382927890865,9.664975143462387,0.011712936097927628,0.011464900161693062,2.7550359942405866,2.7497977601777484,2.7485888958776017,2.4293481163356616,1.132699873446087,1.0452430529339258,2.7485888958776017,2.4293481163356616,43.63833054159688,48.09085841694537,0.1,2.5,1.52587890625e-08
442,10.802023350360471,9.671027971350629,0.011721439068873856,0.01146582090747496,2.754941915414108,2.7497023797221276,2.7492867179052713,2.431988714796511,1.1334737866767488,1.0443128676983293,2.7492867179052713,2.431988714796511,43.58249581239531,47.69370122630992,0.1,2.5,1.52587890625e-08
443,10.792722368692965,9.664142365173884,0.011712666746543015,0.011482979100376135,2.754871253392205,2.7496400791134192,2.746620692599758,2.4293772605483483,1.1328302478071433,1.044781815115292,2.746620692599758,2.4293772605483483,43.669737576772754,47.63099219620959,0.1,2.5,1.52587890625e-08
444,10.797209491016211,9.713517237932255,0.011718285338155455,0.011455015274161347,2.7547979927275983,2.7495642229333237,2.747833878151336,2.445889742079387,1.133254885340722,1.0447182829430537,2.747833878151336,2.445889742079387,43.43767448352875,48.167502787068,0.1,2.5,1.52587890625e-08
445,10.804398165010062,9.681223636486857,0.011718147117613348,0.011470307594989588,2.7547238402896457,2.7494789450995234,2.750328650493185,2.4348940123682437,1.1331108630801765,1.0450617170652816,2.750328650493185,2.4348940123682437,43.43767448352875,47.47073578595318,0.1,2.5,1.52587890625e-08
446,10.804634309360797,9.659507222531763,0.011722686912163485,0.011456298421748572,2.75464661197247,2.7493965585893614,2.7502077037165913,2.4276494870882237,1.1334119484053184,1.0450813788235387,2.7502077037165913,2.4276494870882237,43.517936906756,47.63099219620959,0.1,2.5,1.52587890625e-08
447,10.811052236125697,9.668665431946549,0.011715697624321793,0.01146379246302738,2.754531077736919,2.7492371142375696,2.7524929063936505,2.4310986937222006,1.1332023523826962,1.0444909197962537,2.7524929063936505,2.4310986937222006,43.20037688442211,47.94453734671126,0.1,2.5,1.52587890625e-08
448,10.804851376497831,9.682127281176207,0.01171343015233343,0.01146775217562781,2.7543910269894325,2.7491415596858846,2.7501258860747284,2.4349863364412103,1.1336605990152662,1.0453931715841942,2.7501258860747284,2.4349863364412103,43.25621161362368,47.19899665551839,0.1,2.5,1.52587890625e-08
449,10.80634748436498,9.659296161753677,0.011715571058571904,0.011468091070103804,2.7542822177286324,2.748970371159157,2.750990657817046,2.4278884601167743,1.1331158526978102,1.044632823969608,2.750990657817046,2.4278884601167743,43.587730318257954,47.9933110367893,0.1,2.5,1.52587890625e-08
450,10.793016843194073,9.691105147269258,0.011713487985853307,0.011460613143716502,2.7541349653023572,2.748893336707533,2.7468908856794996,2.437941253783312,1.132608587285249,1.0454657464521784,2.7468908856794996,2.437941253783312,43.77966219988833,48.32079152731327,0.1,2.5,1.52587890625e-08
451,10.786348224684621,9.673529648860562,0.0117181337884165,0.011468284061529499,2.7540432375146984,2.7487853463809757,2.744559945107039,2.4328525350776937,1.1327729822869144,1.0443126003744876,2.744559945107039,2.4328525350776937,43.64705471803462,47.791248606466,0.1,2.5,1.52587890625e-08
452,10.787425385181761,9.6528623308758,0.01171948419782967,0.011462833954555001,2.7539385229032978,2.7486957605334297,2.7448687771723166,2.4256526124118563,1.132852865357029,1.0447860469786219,2.7448687771723166,2.4256526124118563,43.608668341708544,47.91666666666667,0.1,2.5,1.52587890625e-08
453,10.794700058128234,9.680139307725922,0.011715833531897505,0.01146047257630356,2.753866095572194,2.748626843476907,2.746969269348349,2.4352001386342637,1.13334490179949,1.0441078504458186,2.746969269348349,2.4352001386342637,43.378350083752096,48.04905239687848,0.1,2.5,1.52587890625e-08
454,10.814964233198225,9.686592685206147,0.01171558110239967,0.011480979068015797,2.753785570529105,2.748543682438607,2.753780438605798,2.4368027154950127,1.1332643808831322,1.0449245882406415,2.753780438605798,2.4368027154950127,43.50572305974316,47.63795986622073,0.1,2.5,1.52587890625e-08
455,10.806704168676465,9.679671809559018,0.011719492125771586,0.011463152262337564,2.7537066482552466,2.748468173121662,2.751260914528323,2.434794302635235,1.1329156156361002,1.0444894638348583,2.751260914528323,2.434794302635235,43.56330262423228,47.484671125975474,0.1,2.5,1.52587890625e-08
456,10.801583497767872,9.674588691430746,0.01171740094311057,0.0114591514126895,2.753593587795494,2.7483453753268305,2.7494401698802053,2.4325448994918277,1.1330931100813388,1.0453301569822773,2.7494401698802053,2.4325448994918277,43.51619207146845,47.568283166109254,0.1,2.5,1.52587890625e-08
457,10.80921112978545,9.681217990458476,0.011717117274006374,0.011471240947369813,2.753514108279775,2.748261807621389,2.751830456444566,2.4360390777970635,1.133325605203425,1.0434016734860014,2.751830456444566,2.4360390777970635,43.61041317699609,48.439241917502784,0.1,2.5,1.52587890625e-08
458,10.803209902786264,9.683530266335444,0.01171842256341481,0.0114595365275524,2.75343181233643,2.7481966773536026,2.750146297686996,2.4354717101540455,1.1328547221199219,1.0454179706382114,2.750146297686996,2.4354717101540455,43.43069514237856,47.69370122630992,0.1,2.5,1.52587890625e-08
459,10.801433480165311,9.678465936229115,0.011717674036945529,0.011469090539118983,2.753353904706017,2.7481035431358993,2.749815945383026,2.434137618528428,1.1324662922614783,1.0448868081322482,2.749815945383026,2.434137618528428,43.683696259073145,47.72157190635451,0.1,2.5,1.52587890625e-08
460,10.804268994057132,9.669715254070235,0.011715146718158827,0.011466223478666117,2.753245109023494,2.7479879056065113,2.7503088037106393,2.4317339456732587,1.1331514625959327,1.0441241842448512,2.7503088037106393,2.4317339456732587,43.46035734226689,48.24414715719064,0.1,2.5,1.52587890625e-08
461,10.776169251889772,9.665603630784629,0.011713848100888836,0.011457111287774848,2.753160200592927,2.7479156310210127,2.741140059956221,2.4294154178870295,1.1328596158908906,1.0455543758345553,2.741140059956221,2.4294154178870295,43.472571189279726,47.3592530657748,0.1,2.5,1.52587890625e-08
462,10.792512928288053,9.686321083651471,0.011716272219150243,0.011469308769697928,2.753069603130313,2.747813108374044,2.7464583962406945,2.436796251746723,1.133057240066017,1.0448408552768371,2.7464583962406945,2.436796251746723,43.72906197654942,47.421962095875145,0.1,2.5,1.52587890625e-08
463,10.798275116367224,9.673837353420364,0.011721573425285282,0.01147424152853962,2.752973778030847,2.747726859855014,2.7481422839651954,2.432983094367428,1.1334146382354744,1.0443206065341648,2.7481422839651954,2.432983094367428,43.36613623673925,48.111761426978816,0.1,2.5,1.52587890625e-08
464,10.804644965380014,9.687298918780408,0.01172373075576916,0.011476791000726697,2.75287589063064,2.747623714714943,2.750427682994798,2.4369759692529107,1.1331753140385095,1.0450659255386063,2.750427682994798,2.4369759692529107,43.308556672250134,48.06298773690078,0.1,2.5,1.52587890625e-08
465,10.790099543875519,9.68518033979197,0.011717564145561738,0.011467977933618869,2.7528012935706587,2.7475462698750404,2.7459063082683826,2.4363707512650334,1.1326914675604491,1.044922756776629,2.7459063082683826,2.4363707512650334,43.62786152987158,47.60312151616499,0.1,2.5,1.52587890625e-08
466,10.794479574590072,9.684508756384536,0.011714502875778942,0.0114663237572929,2.752682792614586,2.7474009998666005,2.747055570883567,2.436227316175948,1.1331650516562193,1.0448101927737063,2.747055570883567,2.436227316175948,43.496998883305416,47.94453734671126,0.1,2.5,1.52587890625e-08
467,10.795599017843463,9.674208701653624,0.011717619450314626,0.011459892115232804,2.752567472969068,2.7473070055346027,2.7475284623540626,2.432853956286325,1.133019629901245,1.0447281242214317,2.7475284623540626,2.432853956286325,43.65577889447236,47.62402452619844,0.1,2.5,1.52587890625e-08
468,10.800632457104825,9.68074089441544,0.011722849523373019,0.011471872437026855,2.752483093825084,2.7472406231041337,2.749084539882036,2.435384497594674,1.1332038337461514,1.044195722310971,2.749084539882036,2.435384497594674,43.544109436069235,48.13266443701226,0.1,2.5,1.52587890625e-08
469,10.824638089276371,9.667585265543416,0.011712793607133717,0.011464598969688251,2.7524191248290437,2.7471817289307765,2.7569997502331756,2.4311411670484935,1.1333420695971006,1.0439894812694495,2.7569997502331756,2.4311411670484935,43.50223338916806,48.16053511705686,0.1,2.5,1.52587890625e-08
470,10.794877339314642,9.66604232841245,0.011719177104740719,0.01147046239076882,2.752342731309696,2.747100046778735,2.7471863398133944,2.4298622645396186,1.1331824456294244,1.0451375425459948,2.7471863398133944,2.4298622645396186,43.500488553880515,47.54041248606466,0.1,2.5,1.52587890625e-08
471,10.788753465858004,9.683982896964286,0.011717612808336265,0.011464019805408907,2.752264812230931,2.746997824746497,2.7451058709375156,2.4362762256077963,1.1332458641727432,1.0444952356509674,2.7451058709375156,2.4362762256077963,43.19514237855947,47.575250836120404,0.1,2.5,1.52587890625e-08
472,10.794893693950574,9.673952027175206,0.011717523273448749,0.011475804254595386,2.7521809169794844,2.7469415005499966,2.747645957585755,2.4330913098227884,1.132510111359895,1.0442540474161257,2.747645957585755,2.4330913098227884,43.640075376884425,48.02814938684504,0.1,2.5,1.52587890625e-08
473,10.798505147830658,9.671210799328858,0.011719265398384804,0.011468329946557216,2.7521003771600343,2.7468468499688665,2.7483267548495602,2.431525072790973,1.133297790101891,1.0452412943643339,2.7483267548495602,2.431525072790973,43.29110831937465,47.34531772575251,0.1,2.5,1.52587890625e-08
474,10.800005739191802,9.686151468900002,0.011716648267549819,0.011457039938290649,2.7520271718735003,2.7467689298865787,2.748862916167923,2.4370879295013155,1.1332488089949642,1.0443768695976954,2.748862916167923,2.4370879295013155,43.39928810720268,47.5613154960981,0.1,2.5,1.52587890625e-08
475,10.803073663141793,9.7132676038455,0.0117219468845977,0.011459010693690052,2.7519439596626625,2.7466680828145513,2.749734127208682,2.4454139922906455,1.1334774806338406,1.045449907630848,2.749734127208682,2.4454139922906455,43.357412060301506,47.81911928651059,0.1,2.5,1.52587890625e-08
476,10.804321597369272,9.680051391074224,0.011717395211654725,0.011464390439607427,2.751839119119394,2.7465857513240612,2.7505698265275895,2.434495601234096,1.132855413480553,1.0452208073774443,2.7505698265275895,2.434495601234096,43.45512283640424,47.672798216276476,0.1,2.5,1.52587890625e-08
477,10.796381959430603,9.666835876345768,0.011717717856426668,0.01147108526595161,2.7517480986002503,2.746486911273986,2.7478167697878804,2.431017364546607,1.1330195826435143,1.0438319760953039,2.7478167697878804,2.431017364546607,43.554578447794526,48.439241917502784,0.1,2.5,1.52587890625e-08
478,10.803265595555905,9.695821318738037,0.011714204795354908,0.011468915180526383,2.7516550473298924,2.746409501784887,2.7499950986411705,2.440040646455227,1.13320030272839,1.0447947441401955,2.7499950986411705,2.440040646455227,43.53189558905639,48.13266443701226,0.1,2.5,1.52587890625e-08
479,10.801305440735511,9.668349116143574,0.011713451714713037,0.011461571586778265,2.7515825510424388,2.746335113061843,2.749484003888103,2.430929068870502,1.1329908625231582,1.0447334302973454,2.749484003888103,2.430929068870502,43.676716917922946,47.80518394648829,0.1,2.5,1.52587890625e-08
480,10.799232369491603,9.658755412468544,0.011720128720891435,0.011467764313969193,2.75150238076513,2.746258119542729,2.7485057638052255,2.4284743175591648,1.133422344706699,1.0436194644723849,2.7485057638052255,2.4284743175591648,43.48827470686767,47.85395763656633,0.1,2.5,1.52587890625e-08
481,10.79511595544437,9.669070427765947,0.01172215402041032,0.011455318738925484,2.751429753886595,2.746177534062993,2.747343156272509,2.431103494919529,1.133110674515175,1.0448434048538888,2.747343156272509,2.431103494919529,43.68893076493579,47.71460423634337,0.1,2.5,1.52587890625e-08
482,10.798620426874464,9.689011016152508,0.011720020145111282,0.01146102316341173,2.7513412923402853,2.7460542379015664,2.748661917990509,2.437868106989823,1.132890267121865,1.044670094348648,2.748661917990509,2.437868106989823,43.565047459519825,47.81911928651059,0.1,2.5,1.52587890625e-08
483,10.794858649214975,9.685946773392965,0.011709016767012748,0.011466789575358032,2.751190128704478,2.7459189655257177,2.747339898817104,2.4370117277870476,1.1330054613679963,1.044426479732977,2.747339898817104,2.4370117277870476,43.44116415410385,47.81215161649944,0.1,2.5,1.52587890625e-08
484,10.78709016306849,9.69866601758976,0.011716641151330146,0.01145948128050054,2.7510957496915696,2.7458503150620985,2.74470504737313,2.4406094761064883,1.1330743970849673,1.045396557088148,2.74470504737313,2.4406094761064883,43.62088218872138,47.96544035674471,0.1,2.5,1.52587890625e-08
485,10.777967922651587,9.671988402720677,0.011721451719468829,0.01146092267194088,2.751013300792922,2.74573623110751,2.741463241332207,2.432252971889449,1.1333776926741395,1.0445974710394308,2.741463241332207,2.432252971889449,43.558068118369626,47.83305462653289,0.1,2.5,1.52587890625e-08
486,10.812918259936428,9.6739031388741,0.011714755787838111,0.011461885202646986,2.7509103910274706,2.7456593183902327,2.753247359689556,2.432886429587867,1.1331852022860052,1.0446080644526743,2.753247359689556,2.432886429587867,43.40277777777778,47.84698996655518,0.1,2.5,1.52587890625e-08
487,10.78687991701911,9.691699596817545,0.011718027438242498,0.011473575762681737,2.750837517743135,2.745576937195981,2.7446619507189505,2.438724865217007,1.1330461358305197,1.0447468692509492,2.7446619507189505,2.438724865217007,43.44814349525405,47.43589743589743,0.1,2.5,1.52587890625e-08
488,10.791752261998333,9.671984446088606,0.011717220043450478,0.011469070376037156,2.750744886467538,2.745501014035415,2.7463036629822186,2.43199510505234,1.1330247724076212,1.0449899704825785,2.7463036629822186,2.43199510505234,43.61215801228364,47.87486064659978,0.1,2.5,1.52587890625e-08
489,10.798967901918889,9.689129147907032,0.01171597385012541,0.011471043990814899,2.7506625262270554,2.7454044151731427,2.748266108271664,2.4381944083316935,1.1336936615885869,1.0442672130654886,2.748266108271664,2.4381944083316935,43.40103294249023,47.91666666666667,0.1,2.5,1.52587890625e-08
490,10.797771166849909,9.674181045098448,0.01172168804348214,0.011468807974603928,2.750564382170779,2.7453087803512113,2.74809975679995,2.433309612731338,1.1333468805672002,1.0441262233616118,2.74809975679995,2.433309612731338,43.57726130653266,48.1814381270903,0.1,2.5,1.52587890625e-08
491,10.790089448026809,9.68469922119957,0.011716527949097201,0.011462851738974602,2.750488442591886,2.7452327575173268,2.74575852149695,2.437773111539009,1.1330242513079407,1.0426968942119126,2.74575852149695,2.437773111539009,43.44116415410385,48.627369007803786,0.1,2.5,1.52587890625e-08
492,10.79823727397397,9.686754291007086,0.011714115497068045,0.011475711410975243,2.7504055416164688,2.7451451194193317,2.748373283746188,2.437511244745159,1.1331813618299482,1.0441151501874595,2.748373283746188,2.437511244745159,43.54236460078169,47.3871237458194,0.1,2.5,1.52587890625e-08
493,10.800682700459083,9.682338706094153,0.011721780672898212,0.011468758449423539,2.750316979830522,2.7450721590813982,2.7487920116007096,2.4354853720436394,1.1337766147471886,1.0449533164833436,2.7487920116007096,2.4354853720436394,43.16548017867113,47.582218506131554,0.1,2.5,1.52587890625e-08
494,10.792971842119908,9.710392590483428,0.011716835818548299,0.011464098280497152,2.750247797308389,2.745005844694582,2.746889398325628,2.4453600553365855,1.1327810167667254,1.044173880697227,2.746889398325628,2.4453600553365855,43.59121998883305,48.32079152731327,0.1,2.5,1.52587890625e-08
495,10.805898194603252,9.682174228106852,0.011709758788784046,0.011469781919981591,2.750180690665274,2.7449229324408866,2.7507330696387107,2.435832305230956,1.1334855773474237,1.044357605137288,2.7507330696387107,2.435832305230956,43.435929648241206,48.09782608695652,0.1,2.5,1.52587890625e-08
496,10.795110932014163,9.664294329508225,0.011713467666277134,0.011474261501619183,2.7500624070947626,2.7447916666666665,2.747467527969931,2.4298307017206215,1.1329942950984075,1.0444243963612627,2.747467527969931,2.4298307017206215,43.49350921273032,47.840022296544035,0.1,2.5,1.52587890625e-08
497,10.791868242852718,9.684386840765027,0.01172023544442647,0.011463035588488065,2.7499697760854067,2.7447265252354685,2.7462381725534923,2.4361718392026597,1.1332182451575112,1.044967814632084,2.7462381725534923,2.4361718392026597,43.540619765494135,47.45680044593088,0.1,2.5,1.52587890625e-08
498,10.801310200054909,9.656582740902767,0.011717904021101315,0.011461317474842737,2.7498793966739554,2.7446298928829607,2.7493841167537276,2.4269621429368935,1.1332259925632489,1.044885988751117,2.7493841167537276,2.4269621429368935,43.40975711892797,47.65189520624303,0.1,2.5,1.52587890625e-08
499,10.803331625388362,9.67568858517718,0.011718215359482,0.011464346847066048,2.7497825438852486,2.744524012707016,2.749977302045412,2.433600586925196,1.1333516050756212,1.0444850091019868,2.749977302045412,2.433600586925196,43.46035734226689,48.14659977703456,0.1,2.5,1.52587890625e-08
500,10.796441904064798,9.667965290937136,0.011714794611665438,0.011461518832597644,2.749700149299711,2.7444594972242613,2.7477211594115682,2.430743797965672,1.133296795692742,1.0449132052818138,2.7477211594115682,2.430743797965672,43.554578447794526,47.94453734671126,0.1,2.5,1.52587890625e-08
