epoch,train_loss,val_loss,train_recon_loss,val_recon_loss,train_kl_loss,val_kl_loss,train_age_loss,val_age_loss,train_site_loss,val_site_loss,train_age_mae,val_age_mae,train_site_acc,val_site_acc,current_beta,current_grl_alpha,current_lr
1,17.47346696901561,14.858160686599238,0.14897662980688942,0.08721699829783328,5.406924112216845,17.684058824111787,3.0073543132715956,2.537565139623789,1.1438593528311989,1.0415589742304356,3.0073543132715956,2.537565139623789,41.23743718592965,47.505574136008924,0.0,0.0,0.001
2,16.689024067936764,14.648827411392196,0.04379458825916701,0.023561481432106717,42.63109293628311,43.80670317412752,2.886591258759874,2.510931238814474,1.1061365900593454,1.0353048718228122,2.886591258759874,2.510931238814474,46.88895868230039,50.71070234113713,0.0,0.0125,0.001
3,16.58739123831642,14.419372337451879,0.030266874776097533,0.03144201859541096,73.55106071757578,85.9966329534184,2.8758240134805226,2.4743134652491796,1.089002135078179,1.008181553886354,2.8758240134805226,2.4743134652491796,48.169667783361255,50.87792642140469,0.0,0.025,0.001
4,16.545738881556833,14.477067280772538,0.023954309484625513,0.02864375425795448,76.72128377687592,84.88818747223819,2.8696047807125855,2.4779317272679595,1.0868803499664825,1.0293824689975684,2.8696047807125855,2.4779317272679595,48.33717197096594,47.15719063545151,0.0,0.0375,0.001
5,16.51071698568441,14.532768619499079,0.023165241357548518,0.015675213563784443,76.55792473388877,55.87643503212477,2.8574580535217744,2.4897449906986027,1.100130763418644,1.034184240577213,2.8574580535217744,2.4897449906986027,46.75984087102177,47.74247491638796,0.0,0.05,0.001
6,16.45186279207418,14.489566853479664,0.01799665462789357,0.01981815391966664,81.19746417243144,70.57348069751276,2.842114369207624,2.468924642273681,1.111647138111023,1.0625627266124738,2.842114369207624,2.468924642273681,45.156337241764376,48.16053511705686,0.0,0.0625,0.001
7,16.400303878443392,14.634746741823262,0.015889115958661257,0.014911290338115482,74.17717760385314,87.05149816642769,2.832859883289774,2.507164780511505,1.110057681782295,1.042005793173842,2.832859883289774,2.507164780511505,45.247068676716914,48.83639910813824,0.0,0.075,0.001
8,16.381875422066113,14.761760716985831,0.014985282968839974,0.014517413854075715,82.75769186525754,86.09407398985115,2.8257698226014973,2.5382762973258064,1.119020510558507,1.0279309059199415,2.8257698226014973,2.5382762973258064,44.58403126744835,47.930602006688964,0.0,0.08750000000000001,0.001
9,16.36946006382996,14.467499853110766,0.015288821891124923,0.015113129179795981,79.58694132555136,83.04175629716786,2.82307013288548,2.4795716959762997,1.1194103035029588,1.0272641035758265,2.82307013288548,2.4795716959762997,44.30311278615299,49.05239687848383,0.0,0.1,0.001
10,16.302785851048863,14.381431478587547,0.014908045721679744,0.014784374022015361,89.56904613978367,101.47742258877791,2.8101095623440213,2.449295733153089,1.1186649920486458,1.06008418540625,2.8101095623440213,2.449295733153089,44.52819653824679,49.83277591973244,0.0,0.11249999999999999,0.001
11,16.30520732119255,14.280606963031135,0.015308066055444883,0.013841621711675738,85.66815142096387,88.35917089455901,2.8089652778981185,2.4356598054020435,1.1225364315383333,1.0442331381466077,2.8089652778981185,2.4356598054020435,44.07977386934673,46.21655518394649,0.0,0.125,0.001
12,16.28262141827829,14.488033346773657,0.013704176939657819,0.01356419468757467,94.3726556033545,102.82519002210603,2.8038088790801967,2.4772610453060238,1.1249364427452577,1.0440819667467438,2.8038088790801967,2.4772610453060238,44.13037409268565,48.822463768115945,0.0,0.1375,0.001
13,16.282644242031623,14.366960792371394,0.014318734662745632,0.013102335868862228,95.05847294060362,87.80155816391824,2.8037002134562736,2.459372295317974,1.1249122180997293,1.028498497030541,2.8037002134562736,2.459372295317974,44.428740926856506,48.4113712374582,0.0,0.15,0.001
14,16.265906632645446,14.291414514433182,0.013472397399869695,0.011894692937815468,90.32320681369085,101.2702224204107,2.800981725147488,2.444288979073698,1.123762808785899,1.029037441098969,2.800981725147488,2.444288979073698,44.43397543271915,49.519230769230774,0.0,0.1625,0.001
15,16.252927528820113,14.178964757334562,0.013371441477939843,0.012198829231212703,96.4966042208179,93.59055313909865,2.7995809397172953,2.421833987751666,1.12082569157192,1.0287979955524373,2.7995809397172953,2.421833987751666,44.53168620882189,49.05239687848383,0.0,0.17500000000000002,0.001
16,16.211932472514412,14.364367195860863,0.01333991033745288,0.012438003025708124,98.33416990006455,98.14540955746585,2.7908626486641412,2.4524761215101516,1.1221396314039502,1.044774302272095,2.7908626486641412,2.4524761215101516,44.75676996091569,48.56465997770346,0.0,0.1875,0.001
17,16.213385132023372,14.565563993974939,0.013507208064102813,0.0117938457131635,94.73042770632813,98.3032782989468,2.7904168667572296,2.4906587378104263,1.1238967956343822,1.0502382151392124,2.7904168667572296,2.4906587378104263,44.56134840871022,47.94453734671126,0.0,0.2,0.001
18,16.204392709524388,14.219796434825613,0.012882047968265033,0.011778659093813553,90.55655050357582,95.86418665585045,2.7882532668739373,2.4290223637286372,1.1251221638961186,1.0314529895649573,2.7882532668739373,2.4290223637286372,44.44095477386934,49.31716833890747,0.0,0.21250000000000002,0.001
19,16.193683839922574,14.264195029685064,0.013261388026860124,0.013869273259305502,94.40828571500624,94.7051202780427,2.7883213604714605,2.43413384011225,1.119407833987012,1.0398282754248467,2.7883213604714605,2.43413384011225,45.05688163037409,48.55072463768116,0.0,0.22499999999999998,0.001
20,16.16973970243879,14.245187566431868,0.012754053038626593,0.011447824342560475,99.29365992373025,114.87227884077839,2.78311009462954,2.429376476850265,1.1207175831232972,1.0434286434913558,2.78311009462954,2.429376476850265,45.31162758235622,49.12207357859531,0.0,0.2375,0.001
21,16.170257770702335,14.44728613271894,0.013030806015542537,0.012261124330893608,106.65701532497012,112.63127530033107,2.782672051009621,2.473872375328804,1.121933359396917,1.032831560276291,2.782672051009621,2.473872375328804,44.88065326633166,49.04542920847268,0.0,0.25,0.001
22,16.137264342230836,14.340825568872152,0.01263650135973823,0.012159591002873619,107.69362738783435,108.9173091008113,2.776724143510155,2.4467276467660333,1.1205035635774059,1.0475138400576451,2.776724143510155,2.4467276467660333,45.325586264656614,47.74247491638796,0.0,0.2625,0.001
23,16.137976325869495,15.463275654260132,0.01242382821560921,0.01247571502400016,109.37198570332401,112.77157742469473,2.776699110624312,2.664364986462205,1.1210284669728068,1.0644874600662435,2.776699110624312,2.664364986462205,45.46342825237298,43.60367892976589,0.0,0.275,0.001
24,16.11437020762415,15.998078957582132,0.013396350217079364,0.011658817732139774,110.68611900717237,103.75581231430887,2.770941244564131,2.7814857303232388,1.1231338279597392,1.0394957559297449,2.770941244564131,2.7814857303232388,44.9748743718593,50.07664437012264,0.0,0.28750000000000003,0.001
25,16.09187517160813,14.259351359296138,0.012716266145645774,0.014897774463704265,104.67549221479713,111.38055465000795,2.7676507828955805,2.43175832470391,1.1204524879546087,1.042830944194177,2.7676507828955805,2.43175832470391,45.346524288107204,48.104793756967666,0.0,0.3,0.001
26,16.08871812783161,14.787772005351226,0.013427737917249792,0.011929756981489917,107.51257578531902,109.21772587498694,2.7662855822703216,2.5408602983523636,1.1219312182889178,1.035770423303347,2.7662855822703216,2.5408602983523636,45.29068955890564,49.087235228539576,0.0,0.3125,0.001
27,16.01143488785463,14.157593273133072,0.012406678014917955,0.011818742064952252,109.92530425309735,109.35827296500487,2.752801383426907,2.41105473719313,1.1175106437029219,1.04525041414078,2.752801383426907,2.41105473719313,45.601270240089335,48.202341137123746,0.0,0.325,0.0005
28,16.002058459952316,14.343341058711943,0.012431780404152815,0.012271802510065313,116.11900162603654,117.72544425360468,2.7505835314025964,2.451108531675477,1.1183545015032634,1.037763315565477,2.7505835314025964,2.451108531675477,45.59080122836404,48.975752508361204,0.0,0.3375,0.0005
29,16.002966478774827,14.559021896608963,0.012761911688271612,0.011651148051937156,119.73549295976001,118.91752583685528,2.7502977463335117,2.4954412380854287,1.1193579202387867,1.0350822569135838,2.7502977463335117,2.4954412380854287,45.59603573422669,48.989687848383504,0.0,0.35000000000000003,0.0005
30,16.003101128962104,14.119175124194976,0.012720453126500567,0.012423555514128378,115.66145812886045,116.10174487399948,2.750125434663561,2.4084440104937475,1.1198767442266613,1.0322658097332005,2.750125434663561,2.4084440104937475,45.6501256281407,49.84671125975474,0.0,0.3625,0.0005
31,15.972198741919232,14.533506593310847,0.012393430908096695,0.012322378521338686,113.41123380932576,116.69863946036484,2.7446303978637236,2.489881618099999,1.1183266549187623,1.0358880360921223,2.7446303978637236,2.489881618099999,45.72166387493021,49.352006688963215,0.0,0.375,0.0005
32,15.965752375851391,14.254247361335201,0.012475197289257592,0.012002925232775435,119.79976476416915,119.83995199044014,2.7440492481176313,2.437999279204021,1.1165155053870894,1.026124016231252,2.7440492481176313,2.437999279204021,45.65187046342825,50.34141583054627,0.0,0.3875,0.0005
33,15.95851929183781,13.991930888780916,0.012342677485470263,0.011916580640086894,122.23661611653918,131.9024202650872,2.74194106970467,2.386558088636983,1.1182356103713922,1.0236119489738906,2.74194106970467,2.386558088636983,45.68502233389168,50.285674470457074,0.0,0.4,0.0005
34,15.956059150759698,14.153846017758848,0.013001830590600777,0.012771105722896962,129.63225389711687,127.77379585189564,2.740558508452858,2.415373650947409,1.1201324075510355,1.0321033054769637,2.740558508452858,2.415373650947409,45.44597989949749,49.48439241917503,0.0,0.41250000000000003,0.0005
35,15.932090937658637,14.074130880128314,0.012308838854204304,0.011790320133933654,127.76105282015138,124.48538569489716,2.735689986557484,2.399624169537322,1.1206660807831603,1.032109890095765,2.735689986557484,2.399624169537322,45.238344500279176,48.24414715719064,0.0,0.42500000000000004,0.0005
36,15.932258929705766,14.177920553064931,0.012528107362206024,0.012664106561321612,130.63303811026978,135.81765338808398,2.7360072447426953,2.420523749014473,1.1198472845561007,1.0313188322677527,2.7360072447426953,2.420523749014473,45.227875488553885,49.191750278706806,0.0,0.4375,0.0005
37,15.927457619884839,14.070760209159044,0.012667233822737274,0.013151944633635589,135.44995633481534,132.2170612586116,2.734745600182274,2.3966653979608714,1.1205311676831569,1.0371406166715633,2.734745600182274,2.3966653979608714,45.55241485203797,49.93032329988852,0.0,0.44999999999999996,0.0005
38,15.91932588073543,14.040567651108622,0.013096750157483293,0.012540594444152304,134.97013767227523,136.4498429824676,2.733515690718863,2.3925086659864174,1.1193253331048605,1.0327418479100783,2.733515690718863,2.3925086659864174,45.18250977107761,49.80490523968785,0.0,0.4625,0.0005
39,15.911643033051611,14.458116208164721,0.01225939334075355,0.012413984043118746,136.65221646562892,138.1353382463572,2.7320787774857562,2.475665856098783,1.1194948935096054,1.0336864381330866,2.7320787774857562,2.475665856098783,45.308137911781124,49.240523968784835,0.0,0.475,0.0005
40,15.902903051498814,14.091351358122385,0.01223427102662361,0.013073729961661989,138.32986192048295,138.86568727355072,2.7301969323192874,2.4027315616076077,1.1198420551221242,1.032309946607188,2.7301969323192874,2.4027315616076077,45.39189000558348,49.31716833890747,0.0,0.48750000000000004,0.0005
41,15.890103068050893,14.035310398641903,0.012309750004883154,0.012032715803055859,136.72771669831906,140.53720781715418,2.7279092086086987,2.3958743681742862,1.1191236131488111,1.0219528611288422,2.7279092086086987,2.3958743681742862,45.32384142936907,49.96516164994426,0.0,0.5,0.0005
42,15.893984208354599,14.466811276864314,0.012378594404401592,0.013224748878998303,139.07200403602212,131.93632958113417,2.7276717976176625,2.479810792333971,1.1216233142722858,1.0272662366513026,2.7276717976176625,2.479810792333971,44.9678950307091,49.49832775919732,0.0,0.5125,0.0005
43,15.886828190916946,13.985511972752702,0.012592208481251794,0.012833816047089223,136.76981821917477,135.6320092446828,2.726994576233183,2.3856046314090658,1.1196315596051751,1.0223274991132212,2.726994576233183,2.3856046314090658,45.15808207705192,49.53316610925307,0.0,0.525,0.0005
44,15.879980510070562,14.254232906843376,0.012736123759821598,0.011823745561740803,136.2225965268781,134.20847217640616,2.725387128087677,2.434885766793254,1.1201543650235761,1.0339901846653907,2.725387128087677,2.434885766793254,45.325586264656614,48.46711259754738,0.0,0.5375,0.0005
45,15.890526990395296,14.73411548602807,0.012529620483189006,0.015670203642219868,139.3744829562308,143.3796947398446,2.727292781831964,2.5236472347906997,1.1207667209794574,1.0501045230506123,2.727292781831964,2.5236472347906997,45.149357900614184,46.3768115942029,0.0,0.55,0.0005
46,15.886039697677978,14.04433557580546,0.012971443795437323,0.011967784734473979,138.5339305202499,143.59840576784268,2.7257961235120933,2.3980460241353896,1.122043806171364,1.0210688325473696,2.7257961235120933,2.3980460241353896,44.89810161920715,50.17419175027871,0.0,0.5625,0.0005
47,15.85149603513018,13.986119217165603,0.012524414082676056,0.01177948154924373,141.895142564289,145.49070328081996,2.7197776535647598,2.38325033439043,1.1200416612598498,1.0290439926926773,2.7197776535647598,2.38325033439043,45.06211613623674,49.48439241917503,0.0,0.5750000000000001,0.0005
48,15.864492192739618,14.292788287601875,0.012417101320492896,0.012612704377633871,140.8249928843436,143.71987564614253,2.7219745099777484,2.440222415637013,1.1211012528636215,1.039531720986999,2.7219745099777484,2.440222415637013,45.24357900614182,48.66220735785953,0.0,0.5874999999999999,0.0005
49,15.853723610133049,14.272139783155426,0.01306673578526939,0.012774008745690985,144.82231593384947,147.98958386067164,2.7199639471332033,2.441649735970641,1.1204185518454335,1.0255585513518939,2.7199639471332033,2.441649735970641,45.22962032384143,49.75613154960981,0.0,0.6,0.0005
50,15.841958147663433,14.018695274191424,0.01211037379099313,0.011870835779012578,147.07360568065207,143.84555489190313,2.717902272590241,2.388274707124385,1.1201682323719921,1.0327254974988258,2.717902272590241,2.388274707124385,45.44249022892239,49.5958751393534,0.0,0.6125,0.0005
51,15.943321257846307,14.125106708926367,0.012477733733549523,0.012991361793467033,111.5085836567072,86.23764245619077,2.720160031438473,2.3934979372997347,1.1221680565295706,1.039171023512365,2.720160031438473,2.3934979372997347,45.17902010050251,48.78065774804905,0.0007686158073360571,0.625,0.0005
52,15.914827679070196,14.044147868884712,0.01229202761905011,0.011669539982492443,87.21341720231747,85.93043046864113,2.7174610016001197,2.378331942834716,1.1221029037606576,1.0354192870250647,2.7174610016001197,2.378331942834716,45.24532384142937,49.97909698996656,0.0008143799688664224,0.6375,0.0005
53,15.92307002367353,15.959371185090099,0.012325230276077936,0.012417081208772949,86.46369027585574,81.79522790983236,2.718520444708121,2.7517804549290585,1.121751308773963,1.0587209581398511,2.718520444708121,2.7517804549290585,45.09526800670017,45.742753623188406,0.0008632524167987623,0.65,0.0005
54,15.930635498063914,14.739931845478921,0.0122151406094981,0.012147745602414294,82.28764859129768,80.02451820331008,2.719748549192462,2.5164798478219024,1.1221740514722236,1.0360635845956196,2.719748549192462,2.5164798478219024,45.00104690117253,48.446209587513934,0.0009154408582006737,0.6625000000000001,0.0005
55,15.914071777957169,14.187861420239095,0.012281801396099998,0.012198407864333063,78.74997979126317,78.15507383144553,2.716560257006996,2.4087170229574775,1.1212546602432318,1.0280881788552538,2.716560257006996,2.4087170229574775,45.09701284198771,50.25780379041248,0.0009711663986888792,0.675,0.0005
56,15.91779806253166,14.116867784672358,0.0124652092373659,0.012036278844917963,77.6288024118531,73.98166151270021,2.716302139275837,2.392374070193058,1.1219064885181531,1.0333554043020292,2.716302139275837,2.392374070193058,45.20868230039085,49.12207357859531,0.001030664338572162,0.6875,0.0005
57,15.915449005075835,14.127408681505898,0.012646524811247785,0.012036062923437577,73.43182037370555,71.73552848450183,2.7156190942746177,2.3953071919040405,1.1221795140665247,1.0301723544015533,2.7156190942746177,2.3953071919040405,45.023729759910665,48.899108138238574,0.0010941850065037412,0.7000000000000001,0.0005
58,15.910045167442675,14.08417678437504,0.012350906857660136,0.011626825689721267,71.42845397472115,69.69031794281176,2.7143525030944415,2.3869799377527525,1.1214661224802933,1.0283352856917791,2.7143525030944415,2.3869799377527525,45.185999441652704,48.95484949832776,0.0011619946309257845,0.7124999999999999,0.0005
59,15.910494706938215,14.44910661512394,0.012299099079598967,0.012324214999126884,70.05348135704837,68.29308970609769,2.7136798249750016,2.457919066964982,1.121662065677973,1.0314438719148753,2.7136798249750016,2.457919066964982,45.16157174762702,49.70735785953177,0.0012343762493168845,0.725,0.0005
60,15.914963425636824,14.071747590068192,0.012356909337733825,0.011731161918686318,68.12590321211226,67.43091535621396,2.7139663873339153,2.384056733869257,1.1217092933234125,1.0256441593037269,2.7139663873339153,2.384056733869257,45.210427135678394,50.118450390189516,0.0013116306549289963,0.7374999999999999,0.0005
61,15.91535719568539,14.223509474874474,0.012127085159871247,0.011885998654309058,67.34169136273135,66.18502236050507,2.713106312477542,2.4076855805938195,1.1219094943095025,1.040464286687249,2.713106312477542,2.4076855805938195,45.241834170854275,48.69007803790413,0.0013940773803165164,0.75,0.0005
62,15.918332094057254,14.190144982226318,0.01214569092518637,0.011992639609702854,64.58401025785939,63.36949187483942,2.7133750963450676,2.4035989808929936,1.1217969244648665,1.0331201960676357,2.7133750963450676,2.4035989808929936,45.31511725293132,50.16722408026756,0.001482055716509583,0.7625,0.0005
63,15.924813715190878,14.074212824886326,0.012219926547768694,0.011698062334379956,63.06657326387867,60.890495138689296,2.7138259414851764,2.380257110000321,1.1220379166600425,1.0326351953323603,2.7138259414851764,2.380257110000321,45.06386097152429,48.885172798216274,0.0015759257661579784,0.775,0.0005
64,15.870599407513405,14.116268208991723,0.01201119180664728,0.011871180929027605,61.767866764036654,61.18309660181154,2.702478849175654,2.3874782523183917,1.12133336899202,1.0322293336840644,2.702478849175654,2.3874782523183917,45.17204075935231,49.67948717948718,0.001676069528362651,0.7875,0.00025
65,15.869473067559989,14.109121501246424,0.012025091239671878,0.011540884216427138,60.77207697576015,59.797862492011674,2.701479798918127,2.3871474020191394,1.1208494620107525,1.02761522437152,2.701479798918127,2.3871474020191394,44.98708821887214,49.77006688963211,0.001782892012209292,0.8,0.00025
66,15.882829093187631,14.10884349933569,0.011909143027856256,0.01161031862523577,60.19942193853995,59.332060287628686,2.7027000138907376,2.383149861492042,1.121616149534399,1.0344707656199053,2.7027000138907376,2.383149861492042,45.17204075935231,49.352006688963215,0.001896822375212947,0.8125,0.00025
67,15.87639285544987,14.051219437300428,0.01191210398936175,0.011572910664829456,58.68617872390449,58.081099732397924,2.7002790618515227,2.3732433231379275,1.1223191232537504,1.028101982746103,2.7002790618515227,2.3732433231379275,45.067350642099385,50.07664437012264,0.0020183150819636413,0.8250000000000001,0.00025
68,15.873054266907795,14.042310115086993,0.011973532545939296,0.011399034308965257,57.16771125047983,56.124549329878896,2.698684720071849,2.370473770659371,1.1224347117358515,1.0289975186787055,2.698684720071849,2.370473770659371,45.23659966499162,49.65161649944258,0.0021478510772199723,0.8375,0.00025
69,15.894740763354873,14.088289120524225,0.012104176642661285,0.011774737381666001,55.703083713516584,53.77135182596502,2.702236561852417,2.3784411583457103,1.122059952873281,1.030695312597281,2.702236561852417,2.3784411583457103,45.17204075935231,49.867614269788184,0.0022859389665194347,0.8500000000000001,0.00025
70,15.884576897591868,14.316054060307634,0.012050348287214286,0.011628564443011481,53.261952343232004,54.02169219732551,2.7000869537185253,2.423130625466439,1.1212496466639321,1.0286656618118286,2.7000869537185253,2.423130625466439,45.10922668900056,50.0139353400223,0.002433116196050013,0.8624999999999999,0.00025
71,15.891756790966244,14.140625602824233,0.012125571771087525,0.011739949876423864,52.1799830783352,51.77013838649992,2.7003647189510396,2.3862010108986027,1.1213320368564974,1.0318992853563367,2.7003647189510396,2.3862010108986027,45.42329704075935,49.49136008918617,0.002589950222046692,0.875,0.00025
72,15.89705562698049,14.151498151330513,0.01227748766905482,0.011916597267880687,51.28738670413019,51.00524940618305,2.6998754365027517,2.388586011087084,1.121999791585687,1.0280139793786185,2.6998754365027517,2.388586011087084,45.02547459519821,49.54013377926421,0.0027570396583289,0.8875,0.00025
73,15.89984246620847,14.176059889819976,0.012078812912143954,0.011652402247539996,49.427798583745826,48.62798946384868,2.699840379253837,2.3929967262274445,1.1217451986821918,1.0283499168047272,2.699840379253837,2.3929967262274445,44.99930206588498,49.97212931995541,0.002935015388771569,0.8999999999999999,0.00025
74,15.899162033694473,14.350619119412391,0.012007569968034808,0.011756883276919258,47.28491797306097,46.94427729662977,2.6991524044060293,2.4229606674400594,1.1218243894598325,1.0386897596627174,2.6991524044060293,2.4229606674400594,44.9748743718593,49.05936454849498,0.0031245416294963515,0.9125,0.00025
75,15.907910932714483,14.126171557533834,0.012105849626126201,0.011783808906881374,45.78181458584494,44.99477074749627,2.699644376285112,2.379068820904463,1.122649191146054,1.034688383905651,2.699644376285112,2.379068820904463,45.05513679508654,48.93394648829432,0.0033263169233752085,0.925,0.00025
76,15.920006734442271,14.14316703430652,0.012113077201506634,0.011850346877564621,44.40177584786045,43.2486129514084,2.7008796856431307,2.380443231450807,1.123132594399849,1.0379769616701133,2.7008796856431307,2.380443231450807,44.8893774427694,49.03149386845039,0.0035410750470544943,0.9375,0.00025
77,15.92197843026609,14.122440903747627,0.012164654654291075,0.012169614063582093,43.69221487636342,42.84405540117585,2.6997286446729496,2.377349252020369,1.1232345156800074,1.0310103685295038,2.6997286446729496,2.377349252020369,45.12318537130095,49.58890746934225,0.003769585808135771,0.95,0.00025
78,15.9279582802641,14.169384278049703,0.012143301309540343,0.011777834247261983,43.66986050970524,42.17525466867912,2.6991882211066436,2.3833568322087078,1.1223208848355803,1.035793811315411,2.6991882211066436,2.3833568322087078,44.93648799553322,49.60284280936455,0.004012655707396759,0.9625,0.00025
79,15.926106420460524,14.196146419614454,0.012229894410084574,0.01180768296654142,40.60360276239801,40.71461537849146,2.6988717576500294,2.3892790552232843,1.1230472707668542,1.0320230552982725,2.6988717576500294,2.3892790552232843,45.00802624232272,50.069676700111486,0.004271128438016433,0.9750000000000001,0.00025
80,15.91948855542258,14.159308348478149,0.01222895879437809,0.01178520702141251,40.06441600039177,39.63870061919043,2.6962395285441847,2.38024116864837,1.1219668668585074,1.0330621586196798,2.6962395285441847,2.38024116864837,45.1929787828029,49.53316610925307,0.004545885190702477,0.9875,0.000125
81,15.920500591305766,14.180295410496468,0.012147839131205027,0.011750873322562297,39.13300601867642,38.19209393317351,2.69447728444051,2.384084438267626,1.1233234729665673,1.0316774534142537,2.69447728444051,2.384084438267626,44.97312953657175,49.67948717948718,0.004837844730438922,1.0,0.000125
82,15.93649197796215,14.188587093034316,0.01219503358547279,0.011848892088368984,38.804832181605725,38.03106414301605,2.6956316395753723,2.382202542080661,1.123186458561555,1.0349715166001547,2.6956316395753723,2.382202542080661,45.0429229480737,49.81884057971014,0.005147963207317804,1.0125000000000002,0.000125
83,15.934893412672562,14.323576456195402,0.012170531809338307,0.01200690882544188,37.560003441449055,37.38216042917309,2.694355149564631,2.406931675796126,1.122611114460952,1.0360801331574303,2.694355149564631,2.406931675796126,44.99406756002233,49.421683389074694,0.005477233660646032,1.025,0.000125
84,15.951956365575743,14.237086722417553,0.012223326339527324,0.011903179177148485,36.86749841593152,36.28266976483025,2.6957315392230625,2.389037804460047,1.1231299978205107,1.0342933784759165,2.6957315392230625,2.389037804460047,45.17378559463987,49.65161649944258,0.005826685172296986,1.0374999999999999,0.000125
85,15.963416314138373,14.203378380740366,0.012102480228971596,0.011802473220737483,36.047360616712716,35.2069056754394,2.696606957932413,2.381611763168471,1.1224398977060281,1.0326632282539887,2.696606957932413,2.381611763168471,44.98708821887214,49.616778149386846,0.0061973816221918936,1.05,0.000125
86,15.975644192038002,14.240863166392314,0.012202471262754042,0.011831242585951337,35.09851294879072,35.35044022201827,2.697204251984256,2.385946692431651,1.123053247272336,1.0331620880991321,2.697204251984256,2.385946692431651,45.04815745393635,49.68645484949833,0.006590419995953541,1.0625,0.000125
87,15.97345619691543,14.280451691668967,0.012243932387612174,0.011652359135714729,34.52894884936973,33.20237296454218,2.694385317968031,2.393789376170606,1.1236719046139572,1.033602912356888,2.694385317968031,2.393789376170606,45.09701284198771,49.95819397993311,0.007006928192300347,1.075,0.000125
88,15.98670881623865,14.182814474754377,0.012123565947182481,0.011661861276663134,32.53215342510485,32.39837829776964,2.697142910384919,2.3727458274218285,1.1232845971598964,1.0330591820421293,2.697142910384919,2.3727458274218285,44.9748743718593,49.30323299888517,0.007448062275788417,1.0875,0.000125
89,15.997385201275781,14.279805547018912,0.01218620806803489,0.011846044270058007,31.58422916312247,30.279137674116903,2.697707089014655,2.3914719967539093,1.1233371339118527,1.0354700598163882,2.697707089014655,2.3914719967539093,45.26277219430486,49.36594202898551,0.007915003119233223,1.1,0.000125
90,16.00285338290506,14.199338372867375,0.012189543861656599,0.011679371832397537,30.53419493457447,30.907545719125466,2.6971563142747734,2.3728204246614557,1.1240608253537576,1.0318284137060278,2.6971563142747734,2.3728204246614557,45.01675041876047,49.93032329988852,0.008408952379742846,1.1125,0.000125
91,16.0010149352448,14.331227288729902,0.012081963845774623,0.011799017848901725,30.11915502968878,29.722415745457678,2.6947960283821484,2.3975376591103,1.1229774187823902,1.0331427126026473,2.6947960283821484,2.3975376591103,45.0429229480737,49.414715719063544,0.008931127752985135,1.125,6.25e-05
92,16.024051991073463,14.355763899974335,0.012090058804352911,0.011727486564720687,29.58642387922618,28.880705107281706,2.6971163773656492,2.4000238681185073,1.1229095916252838,1.0350241942815026,2.6971163773656492,2.4000238681185073,44.9713847012842,49.191750278706806,0.009482757452325189,1.1375,6.25e-05
93,16.036586249227433,14.299566858986948,0.012076676977639223,0.011783432340043844,28.76297747762692,28.663463720111146,2.6972849840295177,2.3868424464494753,1.1242915937715505,1.0325356008881577,2.6972849840295177,2.3868424464494753,44.95742601898381,49.407748049052394,0.01006507386305655,1.1500000000000001,6.25e-05
94,16.056305209595955,14.348867309000447,0.012026955979386899,0.011776023222509369,28.326565843131675,27.742955259920627,2.6988908138307095,2.3947021740601877,1.1236580660861009,1.0336524331848758,2.6988908138307095,2.3947021740601877,44.894611948632054,49.66555183946488,0.010679306327368195,1.1625,6.25e-05
95,16.067683168258966,14.39184446026516,0.012032115804411093,0.011753580471710484,27.493281001821035,27.785018372296488,2.6992907196632783,2.400174370045912,1.1238950087596824,1.0322536006819045,2.6992907196632783,2.400174370045912,45.00279173646008,49.784002229654405,0.011326673023201544,1.1749999999999998,6.25e-05
96,16.091349698124752,14.379070750845715,0.012128322636412217,0.011838794597647794,27.055376672664877,26.881089026579755,2.7011770059914646,2.3948238083351416,1.1242226709006953,1.0351574118586555,2.7011770059914646,2.3948238083351416,44.91380513679509,49.3938127090301,0.012008371910009544,1.1875,6.25e-05
97,16.09863777948717,14.440273371029857,0.012189584772249695,0.011787673947479215,26.39381487179175,25.922205760194572,2.6999355842786286,2.405556042457504,1.1254469698065157,1.0354153261402645,2.6999355842786286,2.405556042457504,44.938232830820766,49.345039018952065,0.012725570726865485,1.2,6.25e-05
98,16.10735945858681,14.395356541891958,0.01213616160192282,0.011732222821766981,25.411939564528645,24.94538208314009,2.700678809936455,2.396255554031236,1.1246458594190683,1.033048940940844,2.700678809936455,2.396255554031236,44.884142936906755,49.331103678929765,0.01347939604357496,1.2125,6.25e-05
99,16.118311370304347,14.423269574857477,0.01212142059701172,0.011786377325305174,24.63170700243636,23.86691085152004,2.701563137327074,2.400115508033812,1.1234285894017988,1.0351514054780022,2.701563137327074,2.400115508033812,45.03245393634841,49.22658862876254,0.014270921383558732,1.225,6.25e-05
100,16.14443726489026,14.449732581641497,0.012126516852380177,0.011770120916375216,23.672609515592146,23.751471437605197,2.70494670764086,2.4022366195219416,1.125046740225212,1.034052381813194,2.70494670764086,2.4022366195219416,44.84226689000558,49.428651059085844,0.015101154458355748,1.2375,6.25e-05
101,16.15540875808145,14.47888907408103,0.012113507799097008,0.011736062162222472,23.230774548784574,22.487133277034015,2.704510137796535,2.408086282885327,1.124862666705146,1.0337895384201636,2.704510137796535,2.408086282885327,44.93997766610832,49.10813823857303,0.01597102357760342,1.25,6.25e-05
102,16.165113215337314,14.431571865826015,0.012102087629966268,0.011747874211573946,22.37767887275223,22.30762119357004,2.705259013748382,2.394430379139274,1.1244751581062091,1.0355445318663266,2.705259013748382,2.394430379139274,44.75502512562814,48.724916387959865,0.01688136332512095,1.2625,3.125e-05
103,16.177965772278412,14.487219385213011,0.012086051853715809,0.011738699637644134,22.00245170444167,21.630751321679906,2.704734858156648,2.4037444841370004,1.124918955987156,1.035509575635959,2.704734858156648,2.4037444841370004,45.01849525404802,49.240523968784835,0.017832899620936177,1.275,3.125e-05
104,16.201015508088368,14.463317489411388,0.012130962023308729,0.01181292204433427,21.481804737493622,21.463724559499003,2.7068514031847384,2.3959194601180163,1.1251030074758013,1.0339131042311422,2.7068514031847384,2.3959194601180163,44.8928671133445,49.421683389074694,0.018826234320274554,1.2875,3.125e-05
105,16.221248769414018,14.476615125386079,0.012100290462358047,0.011790620492212682,20.91848916437691,20.920273828665948,2.70868188691898,2.3957143039873476,1.1251298097310154,1.035369014926047,2.70868188691898,2.3957143039873476,44.82830820770519,49.14994425863991,0.01986182953299768,1.3,3.125e-05
106,16.25394321486379,14.503733884796517,0.012122406265976575,0.011772512961822742,20.658153163328443,20.32649586272479,2.7119757974700245,2.399525576477731,1.1246801191438582,1.0343484353593893,2.7119757974700245,2.399525576477731,45.00279173646008,49.47045707915273,0.02093999187987189,1.3125,3.125e-05
107,16.248173588018453,14.549623536159894,0.01215145923041269,0.011799815532397333,19.97187465878587,19.66076620180604,2.7091305299819615,2.4059698911282,1.124886390285609,1.0371204089028647,2.7091305299819615,2.4059698911282,44.9678950307091,48.906075808249724,0.022060856934294187,1.3250000000000002,3.125e-05
108,16.26303428488028,14.530015337294426,0.012157659753033864,0.0118194657835773,19.28566614786784,18.92847215956536,2.709954703739407,2.401521258529612,1.1266027922606348,1.0354938157558973,2.709954703739407,2.401521258529612,44.63114182021217,48.85730211817169,0.02322437412844814,1.3375000000000001,3.125e-05
109,16.27113934085064,14.526289447627073,0.012117512279727285,0.011753903757967678,18.57732318300964,18.158799644563775,2.710838702588957,2.399940377493766,1.1254894344051878,1.0356044660310948,2.710838702588957,2.399940377493766,44.77945281965383,48.70401337792642,0.024430292429882622,1.35,3.125e-05
110,16.29842930329971,14.554354347645772,0.01210665411151018,0.01178879369623386,17.763560224284944,17.6954185013787,2.715572632603776,2.403149921094029,1.1261620739197211,1.0362151764839922,2.715572632603776,2.403149921094029,44.73234226689001,49.21265328874024,0.02567814711665667,1.3625,3.125e-05
111,16.301928263014087,14.54642371217011,0.012090146682515849,0.011722070541868242,17.27726844114541,16.92667121419407,2.71437785280676,2.4011833815271637,1.1260142385593543,1.0361595559146757,2.71437785280676,2.4011833815271637,44.75328029034059,49.0036231884058,0.026967247994862515,1.375,3.125e-05
112,16.341115763039646,14.592868111736932,0.01210527056760541,0.011751886832018029,16.753828172241757,16.44998432614466,2.7207122220465885,2.4088316335858844,1.1256859490886073,1.0357391536568055,2.7207122220465885,2.4088316335858844,44.66254885538805,49.0175585284281,0.028296669409921784,1.3875000000000002,3.125e-05
113,16.333991499069615,14.611400757346265,0.012096639821905952,0.011760302997892982,16.246652280998124,16.095564057595755,2.7175296125033928,2.4103887672541267,1.1261429531756624,1.0351088637093637,2.7175296125033928,2.4103887672541267,44.751535455053045,49.13600891861761,0.029665242401045473,1.4000000000000001,1.5625e-05
114,16.36999089194702,14.586425336839895,0.012116248152072639,0.011744964301976538,15.885219688990608,15.731100669273964,2.7225043639199553,2.4024394098067097,1.1258872032564888,1.0368468207260437,2.7225043639199553,2.4024394098067097,44.71663874930207,49.23355629877369,0.031071549335351518,1.4124999999999999,1.5625e-05
115,16.38217422191422,14.611636656183862,0.012101019881894508,0.011779905447410368,15.46316455796336,15.341069752024435,2.7225943747211074,2.405491837158118,1.127166578784327,1.0367995951087978,2.7225943747211074,2.405491837158118,44.503768844221106,48.822463768115945,0.032513921333353527,1.4249999999999998,1.5625e-05
116,16.38005500050113,14.675039853805151,0.012098483614923067,0.011774677290075532,15.0380083240656,14.726535913005986,2.720845008149352,2.4177918269349847,1.1262914928758962,1.0368723554356043,2.720845008149352,2.4177918269349847,44.84401172529313,49.02452619843925,0.03399043876029487,1.4375,1.5625e-05
117,16.422560911748345,14.692114111306012,0.01213576563122817,0.011792105943413084,14.58380179029813,14.55073570328014,2.7276237691200893,2.4176938447399414,1.1272984382362088,1.0376585797721327,2.7276237691200893,2.4176938447399414,44.63986599664992,48.75975473801561,0.03549893500804304,1.45,1.5625e-05
118,16.416380535617744,14.693306645422078,0.012152512116843366,0.011788747838200999,14.218969867989578,14.070696170513447,2.72476805634235,2.41729784357375,1.1268798602752217,1.0369461204030177,2.72476805634235,2.41729784357375,44.57181742043551,49.52619843924192,0.037037003730516646,1.4625,1.5625e-05
119,16.438465886246487,14.68145193038311,0.012174192865419195,0.011815576263835266,13.847778303805574,13.715412775675455,2.7277489573778486,2.413328075621572,1.1264974526491065,1.03677671190887,2.7277489573778486,2.413328075621572,44.83528754885539,49.28929765886287,0.0386020096230718,1.4749999999999999,1.5625e-05
120,16.46922256772176,14.70061924465524,0.012158319064416511,0.011792283582032857,13.504860188427216,13.426617629817763,2.732031488471827,2.4150123508478885,1.127065805068301,1.0370672940543397,2.732031488471827,2.4150123508478885,44.50202400893355,48.717948717948715,0.04019110275476605,1.4874999999999998,1.5625e-05
121,16.481748497865507,14.74752450813285,0.012172813677046467,0.011794385046530992,13.123015282874265,12.87143248724964,2.7332608082120076,2.4244313051336452,1.1273566988977488,1.037765939365927,2.7332608082120076,2.4244313051336452,44.529941373534335,48.738851727982166,0.04180123637441476,1.5,1.5625e-05
122,16.48131980555208,14.743810535673314,0.012180652248395981,0.011817155940584847,12.638362233829126,12.481304453633966,2.733028125656443,2.422354975937468,1.127562369333839,1.0390827707622363,2.733028125656443,2.422354975937468,44.45142378559464,48.975752508361204,0.04342918801987562,1.5125,1.5625e-05
123,16.494228108510967,14.698033256275599,0.01219485404353645,0.011793255682415854,12.275875589955392,12.042713577797846,2.73451882857041,2.413763244282309,1.128072965484568,1.0373197891640424,2.73451882857041,2.413763244282309,44.271705750977105,49.177814938684506,0.045071583668483454,1.525,1.5625e-05
124,16.517073092947854,14.73884719032109,0.012173567889731467,0.011819597215307596,11.889895621789094,11.777157391194118,2.7384129620876343,2.4200394326362056,1.1286401246793438,1.0382718365460868,2.7384129620876343,2.4200394326362056,44.339754327191514,49.177814938684506,0.046724924578711996,1.5375,7.8125e-06
125,16.522379153670713,14.750122237232086,0.012187917038719291,0.011841148305206727,11.657247721183772,11.53110103649705,2.7380354762543253,2.420475905289751,1.127985349452276,1.038981035335141,2.7380354762543253,2.420475905289751,44.5142378559464,48.92001114827202,0.04838561639271581,1.55,7.8125e-06
126,16.55360932299573,14.726872356971903,0.012200939782600307,0.011804718181590571,11.399980414053504,11.296851877916351,2.7427532754085506,2.414688839295769,1.1285364997912757,1.0381079717490453,2.7427532754085506,2.414688839295769,44.36592685650474,48.641304347826086,0.05005,1.5625,7.8125e-06
127,16.553791413554794,14.750729663980712,0.01219926588757287,0.011838647060370366,11.156124882296035,11.078890427299168,2.7417621857490304,2.417339339569925,1.1279245631312738,1.0396281695419065,2.7417621857490304,2.417339339569925,44.515982691233944,48.53678929765886,0.05171438360728421,1.575,7.8125e-06
128,16.581788707351897,14.750774157087141,0.012213987100189255,0.011858991426161368,10.894344385744539,10.776758450196604,2.746202347599415,2.4174407098604287,1.1285382700924897,1.0382506711825878,2.746202347599415,2.4174407098604287,44.19493299832496,48.85730211817169,0.053375075421288,1.5875,7.8125e-06
129,16.565019509567353,14.82866840298758,0.012212615667637969,0.011846840565394996,10.594070326476574,10.441264744719268,2.7425691835178734,2.4333629932424827,1.1284930120294552,1.0377201449910933,2.7425691835178734,2.4333629932424827,44.42350642099386,48.801560758082495,0.055028416331516554,1.6,7.8125e-06
130,16.58915342983755,14.782409446826879,0.012225599565851595,0.011854884269727247,10.344274337700398,10.150463104248047,2.746480975052553,2.4233888303954467,1.1291522684874713,1.0391876979283532,2.746480975052553,2.4233888303954467,44.40605806811837,48.460144927536234,0.05667081198012437,1.6125,7.8125e-06
131,16.584168190799033,14.751362977086368,0.012233116700392505,0.011869999871837388,10.006635493902039,9.821516549441062,2.7463388442993164,2.4176984117714193,1.1284331742909153,1.0392093221213639,2.7463388442993164,2.4176984117714193,44.42176158570631,48.82943143812709,0.05829876362558524,1.625,7.8125e-06
132,16.63249729013789,14.841972516930621,0.012239060774424734,0.011866006000359919,9.676395301243767,9.565724116636892,2.7561935835347904,2.435232276501863,1.1297940882406443,1.0404365798302717,2.7561935835347904,2.435232276501863,44.214126186487995,48.453177257525084,0.05990889724523396,1.6375000000000002,7.8125e-06
133,16.621464015251426,14.832792771168243,0.012225808509189213,0.011869152661084863,9.413890498367387,9.28066326915354,2.7543763728330815,2.433754371294343,1.1292105204961873,1.0407047932230375,2.7543763728330815,2.433754371294343,44.09373255164712,48.48801560758083,0.06149799037692819,1.6500000000000001,7.8125e-06
134,16.633493926124423,14.782626649607783,0.012226628953417308,0.011853229356234023,9.132850268910811,9.036914641508956,2.757300002557615,2.4240505670092443,1.129411183676195,1.040312835072461,2.757300002557615,2.4240505670092443,44.0466219988833,48.46711259754738,0.06306299626948335,1.6625,7.8125e-06
135,16.62356209821504,14.787745887220504,0.01222202957294245,0.011868828594053336,8.943968073740011,8.88429994274807,2.7553028450672485,2.4248886181492204,1.1285180264781267,1.0387493391898164,2.7553028450672485,2.4248886181492204,44.38512004466778,48.55769230769231,0.06460106499195699,1.675,3.90625e-06
136,16.6412525922476,14.838803756994547,0.012227709689044972,0.011893532971914861,8.808779417769593,8.750386919597851,2.757615633878809,2.4339611342918115,1.1293010776898902,1.0393101644755207,2.757615633878809,2.4339611342918115,44.39558905639308,48.59253065774805,0.06610956123970513,1.6875,3.90625e-06
137,16.622389779018995,14.835172993416505,0.012242299880539154,0.011879689790050985,8.64436887137255,8.557165615800498,2.753210564287996,2.4331824754259923,1.1299278334756593,1.0395178701832408,2.753210564287996,2.4331824754259923,44.10420156337242,48.446209587513934,0.0675860786666465,1.7000000000000002,3.90625e-06
138,16.650330069077075,14.83929884686252,0.012239726859866108,0.011882627356917896,8.466972563001844,8.416884822058705,2.758336044303004,2.432963542714964,1.1309740673157838,1.0407970006782208,2.758336044303004,2.432963542714964,43.98729759910665,48.1814381270903,0.06902845066464848,1.7125000000000001,3.90625e-06
139,16.652698206941487,14.83276135520127,0.012248164145270751,0.01186654611554001,8.327022210637129,8.25900633013501,2.758875850190802,2.4314744318342263,1.129779481075783,1.0409007428614723,2.758875850190802,2.4314744318342263,44.11816024567281,47.69370122630992,0.07043475759895454,1.7249999999999999,3.90625e-06
140,16.693853525260785,14.85980417257966,0.012248856802785583,0.011881698223003244,8.172270067173432,8.121511679429274,2.766896900952295,2.4360396392900943,1.1301619858797671,1.0422863283816521,2.766896900952295,2.4360396392900943,44.0501116694584,48.03511705685619,0.07180333059007823,1.7374999999999998,3.90625e-06
141,16.679693683174854,14.843590120806741,0.012262612935894032,0.011867130821032933,8.047042505891545,7.994611598709089,2.7637455233111186,2.43237755742493,1.130100540513103,1.042583644988146,2.7637455233111186,2.43237755742493,44.16003629257398,48.118729096989966,0.0731327520051375,1.75,3.90625e-06
142,16.695969736556112,14.836233422907698,0.012245914722012282,0.01189363397940279,7.899951380501241,7.847584718047177,2.7670433077979926,2.4316229608944027,1.1302891272130058,1.0410966106348878,2.7670433077979926,2.4316229608944027,44.1286292573981,48.272017837235225,0.07442185288334334,1.7625,3.90625e-06
143,16.69864420994642,14.893427322540793,0.01224286992327502,0.011869622036241569,7.741479270089478,7.680492286299383,2.7682562630513337,2.443976062861839,1.129662285431479,1.0402483838457726,2.7682562630513337,2.443976062861839,44.40605806811837,48.75975473801561,0.07566970757011737,1.775,3.90625e-06
144,16.700583653367477,14.903271645340766,0.012240352884396736,0.011904853894484282,7.5814821370016725,7.53767725722314,2.7689958148532443,2.445298416957409,1.130266525105083,1.0427055047241474,2.7689958148532443,2.445298416957409,44.139098269123394,47.59615384615385,0.07687562587155186,1.7874999999999999,3.90625e-06
145,16.679842953705908,14.865230209452651,0.012246844994703996,0.011886008006988826,7.41676271514211,7.338681601095891,2.7657653189850278,2.439800276671232,1.129985856051421,1.0408192207847817,2.7657653189850278,2.439800276671232,44.125139586823,48.188405797101446,0.07803914306570582,1.7999999999999998,3.90625e-06
146,16.685536173187376,14.829909152410501,0.012259103019790966,0.011906769078893539,7.293691624748448,7.280964298524719,2.7672018794491597,2.431981567555048,1.129949488165923,1.0408666574436685,2.7672018794491597,2.431981567555048,44.2071468453378,48.56465997770346,0.07916000812012812,1.8125,1.953125e-06
147,16.684353793286398,14.896063023187644,0.012268457264810517,0.011900166219874901,7.2175588211089385,7.192855624450888,2.7666125083222592,2.444554589929655,1.1299495098645431,1.0421242165724969,2.7666125083222592,2.444554589929655,44.13037409268565,47.77034559643255,0.08023817046700232,1.825,1.953125e-06
148,16.69370303215227,14.894491574171528,0.012275611602668487,0.011942454058274111,7.130955596798162,7.109863786261483,2.7683056384607907,2.4437965150660896,1.130169805037383,1.0428605776699624,2.7683056384607907,2.4437965150660896,44.15480178671133,48.04905239687848,0.08127376567972545,1.8375,1.953125e-06
149,16.705945725816377,14.873301702731164,0.012286924983264015,0.01191059505481817,7.049268228657614,7.0274804353448195,2.77079703593507,2.4397968225255857,1.1298753882439558,1.0421382624037157,2.77079703593507,2.4397968225255857,44.214126186487995,48.05602006688963,0.08226710037906383,1.85,1.953125e-06
150,16.698639996953013,14.896492746495616,0.012272024177231148,0.011920924374258506,6.96513052428654,6.936880735782211,2.7690843662558025,2.4445149513125553,1.1306586995063581,1.042359683824622,2.7690843662558025,2.4445149513125553,43.898310999441655,47.7633779264214,0.08321863667487907,1.8625,1.953125e-06
151,16.6967582436396,14.848953436316721,0.012284905085520062,0.011914570329953795,6.876542137961757,6.857185848048964,2.768862206998449,2.435634819294431,1.1308229145958462,1.0409883759093523,2.768862206998449,2.435634819294431,43.945421552205474,47.95150501672241,0.08412897642239658,1.875,1.953125e-06
152,16.718048239473124,14.900277639578285,0.012271229089833151,0.011925401707016836,6.800395987407912,6.778074150765886,2.7735340181241015,2.445999365586501,1.1300405349097793,1.0411134572199223,2.7735340181241015,2.445999365586501,44.146077610273586,48.32775919732442,0.08499884554164427,1.8875,1.953125e-06
153,16.71915467100926,14.889226691247096,0.012281128583400027,0.011922862039154256,6.7207900664448275,6.6952033388441885,2.773679524144269,2.4438525657590016,1.1308183401806404,1.0416989204211113,2.773679524144269,2.4438525657590016,43.776172529313236,48.43227424749164,0.08582907861644129,1.9,1.953125e-06
154,16.716815057112345,14.883930357270682,0.012287611702882431,0.011947260383587153,6.635097117613042,6.618262910789737,2.7736604027346083,2.4428591326859217,1.1307446516671704,1.0422047661033893,2.7736604027346083,2.4428591326859217,43.98380792853155,48.34866220735786,0.08662060395642505,1.9125,1.953125e-06
155,16.71660350754832,14.888455593997952,0.012291068771759403,0.011939491193072919,6.5595235600942745,6.53721076801602,2.7739062355857267,2.4443785245867744,1.1308233270027463,1.0417192451398376,2.7739062355857267,2.4443785245867744,44.02219430485762,47.791248606466,0.08737442927313452,1.925,1.953125e-06
156,16.721253446731268,14.871172237289922,0.012306454432852637,0.01192412325964956,6.483351770823791,6.462334520176236,2.775232907315994,2.4409021124526142,1.130826726098223,1.0427299849564415,2.775232907315994,2.4409021124526142,43.78315187046343,47.679765886287626,0.08809162808999045,1.9375,1.953125e-06
157,16.73828839803128,14.894676063903333,0.012280831877339792,0.011933089800826881,6.424088223295994,6.420458380062311,2.7788645177497204,2.4459018792329954,1.1306986559176166,1.0416340766808925,2.7788645177497204,2.4459018792329954,44.00474595198213,48.32775919732442,0.08877332697679846,1.9500000000000002,9.765625e-07
158,16.73197826308821,14.876330657414636,0.012299597467176746,0.011934987702297926,6.382770827999999,6.381554384029563,2.7774173139128053,2.4417279542754993,1.1309201696743052,1.0425563998844312,2.7774173139128053,2.4417279542754993,43.76744835287549,47.93756967670011,0.08942069367263182,1.9625000000000001,9.765625e-07
159,16.7262191655315,14.946171974258679,0.012301132176539407,0.011925367807705731,6.3425757335192126,6.3428601942200595,2.7758168561840644,2.4552834572201987,1.131890203951458,1.0433752171304844,2.7758168561840644,2.4552834572201987,43.76570351758794,47.64492753623188,0.09003492613694346,1.975,9.765625e-07
160,16.727209345712666,14.891389772379013,0.012309026170682136,0.011958763679258999,6.303174466144299,6.301637647409769,2.776264965700611,2.4454398856912567,1.1311996038368732,1.0405972526889449,2.776264965700611,2.4454398856912567,43.98031825795645,48.29988851727982,0.09061724254767482,1.9875,9.765625e-07
161,16.714961578565095,14.914181694405002,0.01231321825639104,0.01192098166876646,6.262950043382756,6.258190078480188,2.774130836936231,2.44982048659819,1.1305040385988023,1.0413030399260845,2.774130836936231,2.44982048659819,43.9070351758794,47.89576365663322,0.09116887224701488,2.0,9.765625e-07
162,16.74199180560429,14.892481133026157,0.012321269398088199,0.011960856174196687,6.220878540637572,6.220964542333631,2.779486344421063,2.4446591379384666,1.130919970992156,1.0434089140881397,2.779486344421063,2.4446591379384666,43.873883305415966,48.007246376811594,0.09169104762025716,2.0125,9.765625e-07
163,16.7420770345887,14.83320815321328,0.012309912596332634,0.011950232801853016,6.182799606333892,6.182036894752562,2.779477959834684,2.4332180355437756,1.1312079858939652,1.0426383444430969,2.779477959834684,2.4332180355437756,43.68195142378559,48.014214046822744,0.0921849968807668,2.0250000000000004,9.765625e-07
164,16.725339560452817,14.905560474331962,0.01231343995120391,0.011948820260647215,6.142210224498789,6.139961081603698,2.77611660797592,2.4483407030137485,1.1316776759527303,1.0415144451087135,2.77611660797592,2.4483407030137485,43.727317141261864,48.655239687848386,0.09265193772421158,2.0374999999999996,9.765625e-07
165,16.747792014458007,14.884482111553417,0.012311397133876597,0.0119524208762358,6.104273890597004,6.101670039803155,2.7809554926181623,2.444205917110677,1.1312187611890332,1.0417384548463684,2.7809554926181623,2.444205917110677,43.833752093802346,48.111761426978816,0.09309307180769967,2.05,9.765625e-07
166,16.734785052267018,14.929552839485432,0.012311538610667706,0.011953825641884453,6.059462784522742,6.054480983793669,2.7786792545329253,2.4532844172406487,1.1312297464149215,1.0425124702644986,2.7786792545329253,2.4532844172406487,43.859924623115575,47.679765886287626,0.09350958000404647,2.0625,9.765625e-07
167,16.741897811974845,14.945819565550805,0.012309399518194243,0.011958450779792257,6.020680289106087,6.019736918318631,2.7802394569286215,2.4562364811349737,1.131516739151985,1.0437048338727408,2.7802394569286215,2.4562364811349737,43.701144611948635,47.65189520624303,0.09390261837780811,2.0749999999999997,9.765625e-07
168,16.737942246735795,14.92447768884359,0.01230756392975981,0.011946762634758966,5.993173843119679,5.999309127280279,2.779537927898064,2.45231700209338,1.131474361813714,1.0426855416202225,2.779537927898064,2.45231700209338,43.77093802345058,48.09085841694537,0.09427331482770301,2.0875,4.8828125e-07
169,16.73075771278539,14.901190466439578,0.012325652511525195,0.011944851696848405,5.970563573320773,5.978505968117262,2.7782966452960127,2.4472533569420993,1.1309988273048721,1.0436379649700263,2.7782966452960127,2.4472533569420993,44.07453936348409,47.44286510590858,0.09462276633935397,2.1,4.8828125e-07
170,16.723949326941714,14.921171460529102,0.01230914601437344,0.01196590992191198,5.947813448594443,5.955205426168282,2.776976145558488,2.451160896847745,1.1310012305934358,1.0439710545965128,2.776976145558488,2.451160896847745,44.00823562255723,47.46376811594203,0.0949520367926822,2.1125,4.8828125e-07
171,16.739011437582743,14.892507295810525,0.012320677287011323,0.011958576235276467,5.926120344318537,5.936222049836464,2.779801818393982,2.4455965546062557,1.1315733805373684,1.0435342890363075,2.779801818393982,2.4455965546062557,43.837241764377445,47.61705685618729,0.0952621552695611,2.125,4.8828125e-07
172,16.74594232504891,14.911408631697945,0.012334174587324236,0.011965643070480364,5.909275917019144,5.91762223504193,2.7814102242074155,2.4496416228272047,1.1309507361741655,1.042890853639962,2.7814102242074155,2.4496416228272047,44.095477386934675,47.7633779264214,0.09555411480929754,2.1375,4.8828125e-07
173,16.727167734415552,14.900922800784924,0.012328396265310225,0.011950186976006331,5.887465522250671,5.8941919285318125,2.777662484356972,2.4475720634428555,1.1311688797890573,1.0431392909159496,2.777662484356972,2.4475720634428555,43.95240089335567,47.226867335562986,0.09582887156198357,2.15,4.8828125e-07
174,16.75710633318894,14.89195180656918,0.012330348342386688,0.011975637409699003,5.865090443394425,5.8738143138396435,2.783646144526155,2.4457765359144945,1.1314921464951992,1.0433470947022156,2.783646144526155,2.4457765359144945,43.70986878838637,47.95150501672241,0.09608734429260324,2.1625,4.8828125e-07
175,16.737004310441776,14.962970224378367,0.012339774267524398,0.011973470307205499,5.845547686469814,5.854459521762504,2.7798144448608877,2.460152191993518,1.1312441568278788,1.0431366699063525,2.7798144448608877,2.460152191993518,43.89307649357901,48.3835005574136,0.09633041419186424,2.175,4.8828125e-07
176,16.737502064537164,14.864240912157822,0.012326418977524067,0.011967694292357866,5.826565724388305,5.836968472968774,2.7799435859948547,2.44021076023778,1.1314254294288417,1.0438039451671417,2.7799435859948547,2.44021076023778,43.78140703517588,47.35228539576365,0.09655892495294552,2.1875,4.8828125e-07
177,16.751399158965537,14.921697609134874,0.012322694615948173,0.011972148630689152,5.808581909741988,5.81636787019047,2.7827826442164727,2.452029187012144,1.1315226811792916,1.0433540352876636,2.7827826442164727,2.452029187012144,44.0536013400335,47.498606465997774,0.09677368307662479,2.2,4.8828125e-07
178,16.75769584395911,14.916699386094857,0.012337748620124551,0.01198804633818575,5.787580035639368,5.7956126328960575,2.7841110081728577,2.4516573603469527,1.13177492410893,1.0421962128700886,2.7841110081728577,2.4516573603469527,43.816303740926855,47.88879598662207,0.09697545837050366,2.2125,4.8828125e-07
179,16.731595603265554,14.903337765696854,0.012327987844741158,0.011979022626053862,5.7712622540813125,5.783650898481558,2.7790296253447155,2.4482315647163517,1.1316774512455492,1.044116272841276,2.7790296253447155,2.4482315647163517,43.955890563930765,47.54738015607581,0.09716498461122844,2.225,2.44140625e-07
180,16.7355503122744,14.867988826704929,0.012355351517947276,0.011970721576632797,5.759118770235148,5.7729392827819686,2.779735336484755,2.4416202555266246,1.131954335487468,1.0429808898115636,2.779735336484755,2.4416202555266246,43.676716917922946,47.73550724637681,0.0973429603416711,2.2375,2.44140625e-07
181,16.735201522000736,14.9003535241985,0.012342972251925138,0.011992824399883266,5.748885021071271,5.761693255957153,2.7800583502621974,2.4481695692408976,1.1309963366227866,1.0428449645090263,2.7800583502621974,2.4481695692408976,43.99427694025684,47.88182831661093,0.09751004977795331,2.25,2.44140625e-07
182,16.735904710642924,14.924527217180302,0.01234231812859683,0.011982382082047072,5.737640322818894,5.751669000223727,2.779902040725444,2.4533065808656622,1.1318373590258497,1.0421321458508206,2.779902040725444,2.4533065808656622,43.99427694025684,48.00027870680045,0.09766688380395,2.2625,2.44140625e-07
183,16.741622945038984,14.93119200788347,0.012327249564900203,0.011985068567670308,5.728194007788338,5.740966373728536,2.7813539958945337,2.454694354547439,1.1311138978821815,1.04209397422563,2.7813539958945337,2.454694354547439,44.03789782244556,48.4113712374582,0.09781406103348056,2.275,2.44140625e-07
184,16.72730474189831,14.90121131437678,0.01233498040235189,0.011974792386568178,5.716832637786865,5.7292658828173995,2.7784937281371627,2.4487296578078763,1.1312625352927654,1.0421971911969392,2.7784937281371627,2.4487296578078763,43.8285175879397,47.979375696767,0.09795214892278004,2.2875,2.44140625e-07
185,16.74997614695998,14.905991175767436,0.01234608267692382,0.011986516557276714,5.705718115812437,5.720009307265946,2.783031984922408,2.4494097529180605,1.1314218546144794,1.042963868731772,2.783031984922408,2.4494097529180605,43.75,47.7773132664437,0.09808168491803636,2.3000000000000003,2.44140625e-07
186,16.731594496769056,14.916439390235654,0.012337925559453695,0.012004105968103893,5.695897941280516,5.709238674329675,2.7793932596043724,2.451506439791608,1.131467506980044,1.0431188908441942,2.7793932596043724,2.451506439791608,43.73604131769961,47.923634336677814,0.09820317762478706,2.3125,2.44140625e-07
187,16.73265807100144,14.895589867828948,0.012350460404705927,0.011981065905213755,5.685862178046366,5.698936226375924,2.7796508963716424,2.447007005695781,1.1315178262794703,1.0441354716501905,2.7796508963716424,2.447007005695781,43.784896705750974,46.9969342251951,0.09831710798779071,2.325,2.44140625e-07
188,16.7319213967294,14.902178530443207,0.012341809534430837,0.011995859079710815,5.675128359557663,5.688623878070742,2.779498715563103,2.4493326710219367,1.1317588013021191,1.0418112913900395,2.779498715563103,2.4493326710219367,43.98380792853155,48.23717948717949,0.09842393047163736,2.3375000000000004,2.44140625e-07
189,16.72500119243901,14.883582498982067,0.012336233843976994,0.011967993231330363,5.664012296848095,5.677183310722428,2.7781893177980286,2.4451307886287386,1.1318384230569511,1.0433106387870899,2.7781893177980286,2.4451307886287386,43.60692350642099,47.86789297658863,0.09852407423384202,2.3499999999999996,2.44140625e-07
190,16.72903576035662,14.91065791352271,0.012341811140195275,0.011990026888565276,5.655720535834231,5.671303019209982,2.778948480360073,2.45053511824762,1.1320979955940524,1.0433500787220404,2.778948480360073,2.45053511824762,43.98729759910665,48.125696767001116,0.09861794428349041,2.3625,1.220703125e-07
191,16.756573548734952,14.9413062077568,0.012346463112575524,0.0120231174057144,5.650346166258215,5.6665827326950025,2.784621618500906,2.4565396502929655,1.1316981485341262,1.0436297506260102,2.784621618500906,2.4565396502929655,43.823283082077054,47.74247491638796,0.09870592261968349,2.375,1.220703125e-07
192,16.738875726159893,14.883605937893973,0.012351957152403645,0.011998266039816964,5.644888976377724,5.660452497709821,2.781273290073985,2.4450667037347222,1.1312539926925096,1.0435436352705345,2.781273290073985,2.4450667037347222,43.96635957565606,47.38015607580825,0.09878836934507101,2.3874999999999997,1.220703125e-07
193,16.75691808341669,14.879428559455318,0.012342825050958205,0.011952312496037055,5.639538118254865,5.6550381021489,2.78458249495723,2.4446993745954804,1.1320531707046952,1.0424453030727645,2.78458249495723,2.4446993745954804,43.805834729201564,47.96544035674471,0.09886562375068311,2.4,1.220703125e-07
194,16.7431294086058,14.890573093325,0.01235614072308901,0.011978968234531324,5.634110005590118,5.650091848511627,2.7820750902911793,2.4466587119012106,1.1314851014990837,1.043145869355005,2.7820750902911793,2.4466587119012106,43.76046901172529,47.47073578595318,0.09893800536907423,2.4125,1.220703125e-07
195,16.732069647025956,14.86460497972027,0.012334729598898551,0.011984254158784116,5.628429816462753,5.644156194982454,2.779996506133471,2.441514627059035,1.1312525422129798,1.0431216917309076,2.779996506133471,2.441514627059035,43.93320770519263,48.09782608695652,0.09900581499349627,2.425,1.220703125e-07
196,16.742263136863176,14.942090573518172,0.01235901249342794,0.011981905983094388,5.62283952618231,5.63890354237296,2.781569145166428,2.456981670896345,1.1325037050087448,1.043278964533322,2.781569145166428,2.456981670896345,43.4463986599665,47.82608695652174,0.09906933566142784,2.4375,1.220703125e-07
197,16.738981431186833,14.898450715353125,0.012347761389244575,0.011992499702625649,5.618238110704704,5.633674762985247,2.7814714923243096,2.4484992897763034,1.131173411073264,1.0427511023438496,2.7814714923243096,2.4484992897763034,43.91401451702959,48.22324414715719,0.09912883360131114,2.45,1.220703125e-07
198,16.74053217165301,14.946827379224558,0.012350156837746725,0.012004858984455151,5.612686067237194,5.6287354870118955,2.7815246342414586,2.458088093112278,1.1319335278421059,1.0430491523466248,2.7815246342414586,2.458088093112278,43.920993858179784,48.08389074693423,0.09918455914179934,2.4625,1.220703125e-07
199,16.740868918260738,14.927600388542864,0.012349084735702929,0.011977279119592248,5.607721249129371,5.623491581732878,2.7817839859984295,2.454723719370405,1.1315539374423387,1.0419737590993925,2.7817839859984295,2.454723719370405,43.69067560022334,48.111761426978816,0.09923674758320122,2.475,1.220703125e-07
200,16.73547943206821,14.913607850388408,0.012348551850709783,0.012003784896463256,5.602266644446428,5.617954831989845,2.7809856415859886,2.451881723393299,1.1309890646564436,1.042206630060904,2.7809856415859886,2.451881723393299,44.12688442211055,48.460144927536234,0.09928562003113359,2.4875,1.220703125e-07
201,16.745267546423182,14.907410922523592,0.012342440018493793,0.012002475679111786,5.598065249551148,5.615155065870338,2.7820930801777117,2.4495752211265605,1.1313266039294014,1.0430084691531416,2.7820930801777117,2.4495752211265605,43.69067560022334,48.15356744704571,0.1,2.5,6.103515625e-08
202,16.75575489255052,14.930307610510717,0.012346641089827538,0.011984303491885713,5.595349377856316,5.6124105809657205,2.7840594097863756,2.4542595541463914,1.1317881401659455,1.0428922290653158,2.7840594097863756,2.4542595541463914,43.969849246231156,48.23717948717949,0.1,2.5,6.103515625e-08
203,16.73929901378638,14.91250502651219,0.012344367449062121,0.01197347315827773,5.5927383440423455,5.610207133468577,2.7808934583935505,2.4504580383449626,1.1316067819020257,1.0436103810434756,2.7808934583935505,2.4504580383449626,44.125139586823,47.69370122630992,0.1,2.5,6.103515625e-08
204,16.73548179628595,14.951847352843354,0.012361720529874233,0.01198612279886818,5.590447914660277,5.6076843470102435,2.779965891643718,2.45838225060615,1.132122905809476,1.0435907755674194,2.779965891643718,2.45838225060615,43.751744835287546,47.791248606466,0.1,2.5,6.103515625e-08
205,16.77130240850912,14.964012894476271,0.012350254979698036,0.011967453078772778,5.587763658254124,5.605295730939544,2.7872316585713297,2.4610786127007525,1.132008752697743,1.0430613857846596,2.7872316585713297,2.4610786127007525,43.654034059184816,48.04905239687848,0.1,2.5,6.103515625e-08
206,16.77079695632909,14.939310872302274,0.012351037207980484,0.01196990807207432,5.5853940243830165,5.602667029220258,2.7868522450219713,2.456127842134457,1.1328226141527602,1.0432174957981344,2.7868522450219713,2.456127842134457,43.71684812953657,47.84698996655518,0.1,2.5,6.103515625e-08
207,16.757712605943365,14.88030388363229,0.012352125409268788,0.011980310511238532,5.582590385897076,5.599841552168762,2.7848447320981773,2.4444610929010704,1.1314389071339406,1.0430170269049663,2.7848447320981773,2.4444610929010704,43.78664154103852,48.13266443701226,0.1,2.5,6.103515625e-08
208,16.759972443466143,14.894022307932842,0.012341594181035498,0.011973028683800296,5.58014656111623,5.597670860248,2.7851678559661646,2.446750009338991,1.1318884588765539,1.044266118519548,2.7851678559661646,2.446750009338991,43.79187604690117,48.02814938684504,0.1,2.5,6.103515625e-08
209,16.751700286822636,14.923753234455019,0.012347423650390904,0.011955022719484176,5.57766457951182,5.59427667169135,2.7836460665176195,2.453313165152219,1.1316780421668626,1.042902311420228,2.7836460665176195,2.453313165152219,43.81106923506421,47.94453734671126,0.1,2.5,6.103515625e-08
210,16.76448392521929,14.90477675179574,0.012350618090461845,0.011998320620303503,5.5744815863157235,5.591542576733508,2.786078333388754,2.4492601814078645,1.132146735020951,1.0436615799714624,2.786078333388754,2.4492601814078645,43.6784617532105,48.09085841694537,0.1,2.5,6.103515625e-08
211,16.743795432171165,14.955483100618938,0.012350353937531602,0.012006053893121921,5.571605742010972,5.589103443566772,2.7823287058914925,2.4597129909489865,1.1313205052194217,1.0430008518523064,2.7823287058914925,2.4597129909489865,43.83898659966499,47.65886287625418,0.1,2.5,6.103515625e-08
212,16.750795802079654,14.903117688071635,0.012349058819871285,0.01197935308152218,5.570061381737791,5.588009129399839,2.7836885512174674,2.449032473989421,1.1314989361664491,1.0435875225625308,2.7836885512174674,2.449032473989421,44.07453936348409,47.394091415830545,0.1,2.5,3.0517578125e-08
213,16.742351331769388,14.898705396365163,0.012345553876541966,0.011993076000258809,5.568829751560503,5.5867190897929895,2.782192831529312,2.44800184057442,1.13107930489055,1.0440155645809577,2.782192831529312,2.44800184057442,44.060580681183694,47.69370122630992,0.1,2.5,3.0517578125e-08
214,16.746710874726823,14.940113614102536,0.012356101029299278,0.01202674842893313,5.567540489049812,5.5855258071967455,2.7828565686192346,2.4562188768333684,1.131658926082017,1.0442199255843359,2.7828565686192346,2.4562188768333684,43.999511446119485,47.74944258639911,0.1,2.5,3.0517578125e-08
215,16.75061432280932,14.925903014116065,0.012344037081228828,0.011971305719386774,5.566110854838429,5.58401338977027,2.783473304235223,2.4540715242840907,1.132146310633218,1.0425863230773305,2.783473304235223,2.4540715242840907,43.95763539921831,47.9933110367893,0.1,2.5,3.0517578125e-08
216,16.733350372527447,14.955049657236906,0.012354265852705984,0.011989633194529094,5.564700319406242,5.582579736061054,2.78026221292369,2.4595332924471784,1.1316074984889666,1.0435677931593148,2.78026221292369,2.4595332924471784,43.86341429369068,47.74247491638796,0.1,2.5,3.0517578125e-08
217,16.74842951991317,14.924022186559977,0.012351886271527697,0.011999641584570923,5.563449958660694,5.5814760127328045,2.7831645445874256,2.453534780138711,1.131954949704846,1.0431004956015775,2.7831645445874256,2.453534780138711,43.830262423227246,47.97240802675585,0.1,2.5,3.0517578125e-08
218,16.748110522510352,14.904125064777556,0.012356198142167745,0.01199045471448364,5.562101423241185,5.579969539025688,2.7832487759678006,2.4497542655056006,1.131650141069571,1.0426832024867718,2.7832487759678006,2.4497542655056006,43.92273869346734,47.78428093645485,0.1,2.5,3.0517578125e-08
219,16.7749937031936,14.89237923871979,0.012358266260685001,0.011973037477894173,5.560796052367244,5.578914196329106,2.788473975651761,2.447322432014057,1.1320930012506456,1.0429513281670169,2.788473975651761,2.447322432014057,43.633096035734226,47.72157190635451,0.1,2.5,3.0517578125e-08
220,16.743968948713565,14.896178205143515,0.012348331273900006,0.01200874839414123,5.559671087813471,5.577692977029211,2.7824882277558465,2.4481371805952277,1.1316061668859254,1.0428571212650541,2.7824882277558465,2.4481371805952277,43.880862646566165,47.840022296544035,0.1,2.5,3.0517578125e-08
221,16.765013119150712,14.902494484764278,0.012353948822389563,0.0119908544823627,5.5585490061143865,5.576457924135818,2.786558136468756,2.449614891373327,1.1320068135999022,1.0423916842759386,2.786558136468756,2.449614891373327,43.64530988274707,48.32775919732442,0.1,2.5,3.0517578125e-08
222,16.73174240627747,14.925284105001086,0.012357837572019904,0.011996673343240085,5.557131767006709,5.57506489408189,2.7801695112274185,2.453771096806861,1.1314119265639935,1.043462763994168,2.7801695112274185,2.453771096806861,44.034408151870466,47.310479375696765,0.1,2.5,3.0517578125e-08
223,16.73905729701704,14.909690020209306,0.012356686831198711,0.011999099516416738,5.5561436563147835,5.574354156336789,2.7814824696960962,2.4506202671705943,1.1318369338393943,1.0435770809849767,2.7814824696960962,2.4506202671705943,43.90529034059185,48.02118171683389,0.1,2.5,1.52587890625e-08
224,16.725811194734558,14.88934944731203,0.012357917489480832,0.011978208111264767,5.555425836945432,5.573766874230427,2.7790403264917387,2.446332040040389,1.131354516541605,1.0441671994617552,2.7790403264917387,2.446332040040389,43.96810441094361,47.38015607580825,0.1,2.5,1.52587890625e-08
225,16.735706353839852,14.927834496981855,0.01235920808572865,0.011983466057424562,5.554784502416,5.573105288455585,2.78084862851218,2.454179844329987,1.1318127759537306,1.0438206474252103,2.78084862851218,2.454179844329987,43.79362088218872,47.38015607580825,0.1,2.5,1.52587890625e-08
226,16.716033604343398,14.943368913869529,0.01234607627414612,0.012002976156497081,5.554111051799065,5.572283589587429,2.7770218215529177,2.457442700131947,1.1315836386598068,1.0434620113277115,2.7770218215529177,2.457442700131947,43.666247906197654,47.61008918617614,0.1,2.5,1.52587890625e-08
227,16.74835397836418,14.904819964830958,0.012353034152340982,0.011991958233549642,5.553404088129484,5.571727496458668,2.7834638451012337,2.4499295850262595,1.131670677415623,1.0430036792521227,2.7834638451012337,2.4499295850262595,44.05185650474595,47.63795986622073,0.1,2.5,1.52587890625e-08
228,16.752486725215604,14.897936729550228,0.012364064870035095,0.012008375710410085,5.552964917379408,5.571367451977172,2.784343539636805,2.448490658598467,1.1315542343673195,1.0431691444704232,2.784343539636805,2.448490658598467,43.87911781127862,47.69370122630992,0.1,2.5,1.52587890625e-08
229,16.761412957605206,14.912527258712446,0.012340578970268976,0.012018596540633983,5.552350752450846,5.570711812048054,2.7860731832279564,2.451341082286941,1.1317356747665064,1.0433660008038166,2.7860731832279564,2.451341082286941,43.78664154103852,48.13963210702341,0.1,2.5,1.52587890625e-08
230,16.765964274829756,14.88792047638824,0.012361917516298795,0.011964629193479268,5.551766323683849,5.5701635077911344,2.786950991847274,2.4457880120346513,1.1318353879791208,1.0449996663708085,2.786950991847274,2.4457880120346513,43.92797319932998,47.36622073578595,0.1,2.5,1.52587890625e-08
231,16.734213266740092,14.922383630554812,0.012352970623765358,0.011992109888581062,5.551181979048924,5.569493386790638,2.7807738677141454,2.4537991119201896,1.131436404071661,1.0422232948418046,2.7807738677141454,2.4537991119201896,43.912269681742046,48.25111482720178,0.1,2.5,1.52587890625e-08
232,16.738764122303206,14.882465634723438,0.012354026506444318,0.011998751415656162,5.550582986381186,5.568905090940172,2.781438762019427,2.4459141290839033,1.1320789810800473,1.042002846232492,2.781438762019427,2.4459141290839033,43.87039363484087,48.655239687848386,0.1,2.5,1.52587890625e-08
233,16.758176125207473,14.936175189023565,0.012356383846121118,0.011989831357546474,5.550103386442865,5.56851046539868,2.785262166688324,2.4555927027295135,1.1322493185083804,1.0446854150016172,2.785262166688324,2.4555927027295135,43.76744835287549,47.19202898550724,0.1,2.5,1.52587890625e-08
234,16.762006385841563,14.879179181595443,0.01234793685332964,0.01197168966724123,5.549602192517169,5.567944537835775,2.7860972886641955,2.444759958962533,1.1321058737239913,1.0433065930470709,2.7860972886641955,2.444759958962533,43.601689000558345,47.979375696767,0.1,2.5,1.52587890625e-08
235,16.75744044987068,14.8862461581278,0.012358411728487142,0.01202299577623207,5.549175003132695,5.5676020193791045,2.785094448336671,2.446248258635352,1.132346137218273,1.0431108662117285,2.785094448336671,2.446248258635352,43.565047459519825,47.5613154960981,0.1,2.5,1.52587890625e-08
236,16.750422345134282,14.922877257484258,0.012360975975175931,0.011984042304182797,5.548817066691029,5.56713163892561,2.783923325360254,2.4541066252401174,1.131781520955327,1.041823471934766,2.783923325360254,2.4541066252401174,43.744765494137354,48.08389074693423,0.1,2.5,1.52587890625e-08
237,16.759348552497254,14.96895009937095,0.012356351429231503,0.012010769405658695,5.548301657639955,5.566729727397395,2.78549135563295,2.462253605641649,1.1323526163197042,1.0444991981969896,2.78549135563295,2.462253605641649,43.6784617532105,47.69370122630992,0.1,2.5,1.52587890625e-08
238,16.760128578215856,14.871498344999758,0.012361326107743863,0.01200727565855685,5.547863443759085,5.566056374854999,2.7859537758552984,2.4431955056844346,1.1316060179242338,1.0434540096201095,2.7859537758552984,2.4431955056844346,43.79536571747627,47.90969899665552,0.1,2.5,1.52587890625e-08
239,16.74308283511385,14.912440273408242,0.01234318403707061,0.011990014222785913,5.547077033055155,5.565242996981311,2.7823830297843894,2.451279379186556,1.132058407127491,1.0437645638401027,2.7823830297843894,2.451279379186556,43.837241764377445,47.505574136008924,0.1,2.5,1.52587890625e-08
240,16.755898862761004,14.931007025898367,0.01236295874689725,0.011989863397327221,5.546419111195388,5.564842312365205,2.7849205524012204,2.4550954710812607,1.1321455903189066,1.0435277586397917,2.7849205524012204,2.4550954710812607,43.68893076493579,47.65189520624303,0.1,2.5,1.52587890625e-08
241,16.778096963146556,14.862785645551904,0.012359793793507823,0.012011591286929022,5.5459143262146435,5.564214926499587,2.7898122088859894,2.4422732473350024,1.1310423335038637,1.041493164921551,2.7898122088859894,2.4422732473350024,44.07628419877164,48.22324414715719,0.1,2.5,1.52587890625e-08
242,16.768290689575945,14.904288961735856,0.01234861841921381,0.01200223967138109,5.5454150926194865,5.563787501259658,2.78763758064581,2.4501596176238896,1.1316063336191864,1.04255493893937,2.78763758064581,2.4501596176238896,43.84422110552764,48.00027870680045,0.1,2.5,1.52587890625e-08
243,16.74210607825811,14.941699580869813,0.012355610576943437,0.01200687334796989,5.54495396073606,5.56333170872734,2.782337221601434,2.4573013862239876,1.131784490804177,1.0434263689462158,2.782337221601434,2.4573013862239876,43.91401451702959,47.7773132664437,0.1,2.5,1.52587890625e-08
244,16.755952319640944,14.938486701004216,0.012358292027796234,0.011994920522514461,5.544491940407298,5.562699764468598,2.7851002868628916,2.4566629845960484,1.1318216930881417,1.0434534471967947,2.7851002868628916,2.4566629845960484,43.85469011725293,48.04905239687848,0.1,2.5,1.52587890625e-08
245,16.765636938234604,14.922622182031672,0.012360633100788065,0.011995376517566351,5.543853733407792,5.5622497577731025,2.7870944167967284,2.453204549143014,1.131709380598457,1.0441895394420944,2.7870944167967284,2.453204549143014,43.540619765494135,47.414994425863995,0.1,2.5,1.52587890625e-08
246,16.75100339317641,14.870406769589836,0.012349321065436257,0.011975458218874939,5.543259717311891,5.56153917259463,2.7838456517554473,2.4432886974468677,1.1325498969777212,1.0429169433970116,2.7838456517554473,2.4432886974468677,43.42546063651591,47.65886287625418,0.1,2.5,1.52587890625e-08
247,16.747612946263775,14.905121466254975,0.012346558008677863,0.01197141722060632,5.542672560376072,5.561051431441121,2.783609557724212,2.45000902705368,1.131475648887992,1.0434998870560424,2.783609557724212,2.45000902705368,43.69591010608598,47.7633779264214,0.1,2.5,1.52587890625e-08
248,16.76391921370872,14.882177701628992,0.012363687674512349,0.011990336354493829,5.542111993967522,5.560516199539338,2.786564827098452,2.445481028179394,1.1322600697086618,1.0433652974424288,2.786564827098452,2.445481028179394,43.63833054159688,47.74944258639911,0.1,2.5,1.52587890625e-08
249,16.746529064785495,14.90154213517273,0.012350629483693342,0.011990894455516684,5.541605206057721,5.559933360470843,2.783360199845749,2.4492485248125515,1.1316084641441162,1.0436576581586032,2.783360199845749,2.4492485248125515,43.7534896705751,47.7633779264214,0.1,2.5,1.52587890625e-08
250,16.746559729860987,14.948821637675648,0.012343507886685885,0.011990851588721659,5.541090986570255,5.559361082521437,2.783239814837108,2.459008871778065,1.1319540431551398,1.0429251081701638,2.783239814837108,2.459008871778065,43.784896705750974,47.45680044593088,0.1,2.5,1.52587890625e-08
251,16.7338571228973,14.94599599955207,0.012358855733274582,0.01198973108930233,5.540403673863158,5.558712515942628,2.7807912822544476,2.458421648944102,1.131750716502809,1.0430133979987672,2.7807912822544476,2.458421648944102,43.98729759910665,47.1850613154961,0.1,2.5,1.52587890625e-08
252,16.737720431993953,14.880141040287421,0.012353166557187012,0.011977924344440302,5.539870464222715,5.5582931427121025,2.7816746174989633,2.444651029447515,1.1315035669581308,1.0445393311937516,2.7816746174989633,2.444651029447515,43.98555276381909,47.01086956521739,0.1,2.5,1.52587890625e-08
253,16.77198181493132,14.930917238046227,0.012350916003445418,0.011998965556514236,5.539429677391372,5.557855645948429,2.7883571497492787,2.455549068142605,1.1319510689798777,1.0426936454597524,2.7883571497492787,2.455549068142605,43.66450307091011,47.70066889632107,0.1,2.5,1.52587890625e-08
254,16.767196198404335,14.874801079697965,0.012347539069909978,0.011985420526618941,5.538944429954559,5.557219242172496,2.787372145554262,2.444285380268841,1.132046743387087,1.042833387386573,2.787372145554262,2.444285380268841,43.959380234505865,47.94453734671126,0.1,2.5,1.52587890625e-08
255,16.733677482817974,14.877863862708526,0.012350508996240258,0.01198162373421151,5.538374743735837,5.55670794781501,2.7805995161076753,2.444996223401864,1.1322459556216438,1.0426151671404291,2.7805995161076753,2.444996223401864,43.945421552205474,48.17447045707915,0.1,2.5,1.52587890625e-08
256,16.741790618129713,14.875425721490663,0.012353861824069058,0.012001815518839835,5.537691181828229,5.555909328503221,2.7824214752129106,2.4442532081136203,1.1317801252548285,1.0432834380712264,2.7824214752129106,2.4442532081136203,43.884352317141264,48.06995540691193,0.1,2.5,1.52587890625e-08
257,16.73031186285397,14.86805200417305,0.012358666006590087,0.011965451717434851,5.536962777792176,5.555137556665053,2.780308295467724,2.4434200999728812,1.1313577125619605,1.0417361279395112,2.780308295467724,2.4434200999728812,43.866903964265774,48.188405797101446,0.1,2.5,1.52587890625e-08
258,16.76382820197552,14.881324911595986,0.01234707341538269,0.011977433621542842,5.536314839693769,5.554718728315338,2.7869743382311745,2.445388581043103,1.1314889719072232,1.0434663299732783,2.7869743382311745,2.445388581043103,43.91052484645449,47.63795986622073,0.1,2.5,1.52587890625e-08
259,16.73631426344232,14.878664435617369,0.012358642800485934,0.011985063916248755,5.535724285259918,5.554013410140838,2.7812806996867883,2.4448011431805665,1.1319898273743842,1.0436361218774597,2.7812806996867883,2.4448011431805665,43.83549692908989,47.840022296544035,0.1,2.5,1.52587890625e-08
260,16.76414855188128,14.89879712558776,0.012365348247622959,0.01198409370135271,5.5352155069343745,5.553618516677465,2.786712910595185,2.4495495083340035,1.1323485406399572,1.0418518419515594,2.786712910595185,2.4495495083340035,43.727317141261864,48.453177257525084,0.1,2.5,1.52587890625e-08
261,16.735539748906955,14.947299135435651,0.01236392356432446,0.011991092434761383,5.534741723024932,5.553089219457994,2.781400709429112,2.4585077908791293,1.1313490672593407,1.0437300934839409,2.781400709429112,2.4585077908791293,43.88260748185371,47.791248606466,0.1,2.5,1.52587890625e-08
262,16.74306877920043,14.933294735358842,0.01234708094708351,0.0119830199372991,5.534218521373755,5.552514354786612,2.7829613778792166,2.456252016218477,1.13124648690024,1.0424000950428423,2.7829613778792166,2.456252016218477,43.94367671691792,47.74944258639911,0.1,2.5,1.52587890625e-08
263,16.732682682827555,14.904890522909005,0.012355840698899603,0.01200625953475302,5.533632728389227,5.551944331846375,2.780617522634254,2.450153324516322,1.1319379853776286,1.0434616018697171,2.780617522634254,2.450153324516322,43.66799274148521,47.87486064659978,0.1,2.5,1.52587890625e-08
264,16.747586395140136,14.919311259768346,0.012351736522553721,0.011974341421904107,5.533101952455351,5.551447824756703,2.7836059095605266,2.45288207964222,1.1319474297352572,1.043890874720736,2.7836059095605266,2.45288207964222,43.75,47.61008918617614,0.1,2.5,1.52587890625e-08
265,16.754844705995936,14.921580235960757,0.012345201400327556,0.01198291761329275,5.532624494689992,5.550959458983729,2.785168438101534,2.453527028744037,1.1316974222959586,1.0434331481273358,2.785168438101534,2.453527028744037,43.72208263539922,47.70066889632107,0.1,2.5,1.52587890625e-08
266,16.75139206950722,14.873626749385293,0.012361432751198677,0.011984299033581215,5.532130783992663,5.550447313017404,2.784390789912707,2.444264341224662,1.1319318024690161,1.0426380054873634,2.784390789912707,2.444264341224662,43.94716638749302,47.82608695652174,0.1,2.5,1.52587890625e-08
267,16.75845461088742,14.882209817169768,0.012349949364973172,0.011981188594763362,5.531596089793876,5.549965220550231,2.7857309499311422,2.445545401993138,1.1321451370440536,1.0437525273565464,2.7857309499311422,2.445545401993138,43.737786152987155,47.51254180602007,0.1,2.5,1.52587890625e-08
268,16.72819893270947,14.912023601723355,0.01234989629726647,0.011983816266898793,5.530972628537534,5.549165250465623,2.779813397469832,2.4511411798704694,1.131842432043394,1.0447086890538533,2.779813397469832,2.4511411798704694,44.1321189279732,47.582218506131554,0.1,2.5,1.52587890625e-08
269,16.74386626924635,14.881371376905154,0.012354803464512197,0.011968586846164437,5.530174070333782,5.548418158804426,2.7829487408958022,2.4458726414602867,1.131875161682674,1.042598896932974,2.7829487408958022,2.4458726414602867,43.61390284757119,48.31382385730212,0.1,2.5,1.52587890625e-08
270,16.764762768726786,14.888414738037381,0.012366314572534336,0.011993697314931199,5.529574390764945,5.547933087301095,2.7872980748522154,2.446977558742,1.1314743270027379,1.043369959960946,2.7872980748522154,2.446977558742,43.77966219988833,47.51254180602007,0.1,2.5,1.52587890625e-08
271,16.744381338574247,14.929302826905863,0.012362955865049282,0.012001807585466599,5.529026685381388,5.547377667698174,2.7831843780579346,2.4545999282977253,1.1315968883297152,1.0447817740498844,2.7831843780579346,2.4545999282977253,43.89307649357901,47.7773132664437,0.1,2.5,1.52587890625e-08
272,16.723884680496123,14.905575616170996,0.012345086107688833,0.012021725045240909,5.528431053736701,5.546671287936378,2.7791482130952683,2.4506035635170993,1.1314777058639185,1.0429344462311787,2.7791482130952683,2.4506035635170993,43.61041317699609,47.68673355629877,0.1,2.5,1.52587890625e-08
273,16.74910101472566,14.92336579177159,0.012352305115005579,0.012005335883909177,5.527856013150537,5.546297114296768,2.7840967839952957,2.4536331949159584,1.1317395866416406,1.0442823867335367,2.7840967839952957,2.4536331949159584,43.912269681742046,47.63795986622073,0.1,2.5,1.52587890625e-08
274,16.742546659817847,14.948121674749231,0.01234133002654525,0.011995174233680185,5.527266156267414,5.54552456208296,2.7828804824952638,2.458990977360652,1.1315381386505032,1.043309559258596,2.7828804824952638,2.458990977360652,43.7465103294249,47.95847268673356,0.1,2.5,1.52587890625e-08
275,16.723169585568222,14.931186333680765,0.012352124530466357,0.011978102375523767,5.526630087979741,5.545044395570106,2.778825355334897,2.4556333099054783,1.1320138450177404,1.0432686161835456,2.778825355334897,2.4556333099054783,43.694165270798436,47.94453734671126,0.1,2.5,1.52587890625e-08
276,16.735001999063243,14.924788925825819,0.01236900564809374,0.012009497368531748,5.526017827737404,5.5442894895206996,2.7812041337765643,2.4542941669689506,1.1320052516320642,1.0434397865697294,2.7812041337765643,2.4542941669689506,43.58424064768286,47.51950947603121,0.1,2.5,1.52587890625e-08
277,16.747484600124647,14.905540480129961,0.01235769491482553,0.01201446872275144,5.525256057613592,5.543419169210138,2.7837323323765792,2.450725219454388,1.1319698093990451,1.0427790143949665,2.7837323323765792,2.450725219454388,43.65228922389726,47.72853957636566,0.1,2.5,1.52587890625e-08
278,16.755194005321883,14.8922700881958,0.0123672599481478,0.012002707480836074,5.524614041774117,5.543025927931701,2.785126224434755,2.4480890724039663,1.132367101812549,1.0427596683353353,2.785126224434755,2.4480890724039663,43.51968174204355,48.16053511705686,0.1,2.5,1.52587890625e-08
279,16.733303332049243,14.910845348268847,0.012372317056248036,0.011992080435115291,5.524197710485581,5.542535563908027,2.7811812531808315,2.45169799702622,1.1313024981603617,1.043054889941561,2.7811812531808315,2.45169799702622,43.77093802345058,47.53344481605351,0.1,2.5,1.52587890625e-08
280,16.749903797637412,14.888625040766653,0.012364226386121602,0.012002299390234875,5.523682541849891,5.542042909790175,2.784501421990706,2.447372325553809,1.1313321230332989,1.0427784101753064,2.784501421990706,2.447372325553809,44.02917364600782,47.505574136008924,0.1,2.5,1.52587890625e-08
281,16.738715010472077,14.89139440466329,0.012358781904510483,0.011970821016342477,5.52321112428811,5.541585791469816,2.7820915281273413,2.447698377579484,1.1317887515877958,1.0433865322450067,2.7820915281273413,2.447698377579484,43.87562814070351,48.04208472686734,0.1,2.5,1.52587890625e-08
282,16.744432528148078,14.933071785015672,0.012354223157987955,0.012013458519127457,5.522791373403561,5.541175378206183,2.78319473642001,2.45620469398456,1.131912735904947,1.0429586432583489,2.78319473642001,2.45620469398456,44.020449469570075,47.90273132664437,0.1,2.5,1.52587890625e-08
283,16.736131417824527,14.924244832833077,0.012354955109411415,0.011992014890563662,5.522252084954633,5.540556845989249,2.7813577002350143,2.45460543531505,1.1323813809688235,1.0425849263883356,2.7813577002350143,2.45460543531505,43.798855388051365,47.90969899665552,0.1,2.5,1.52587890625e-08
284,16.75419530011235,14.905757151319829,0.012357098903737875,0.011974140353824781,5.5217155795201185,5.540075130951711,2.78536985680619,2.4507319520548436,1.1314086855489538,1.043057866186867,2.78536985680619,2.4507319520548436,43.85817978782803,47.505574136008924,0.1,2.5,1.52587890625e-08
285,16.74317728720984,14.910430184176136,0.012362939646724446,0.011982678274811975,5.521144026687597,5.539550449537194,2.7830259025196735,2.451891876782063,1.131785214579618,1.0425165239119343,2.7830259025196735,2.451891876782063,43.92797319932998,47.72853957636566,0.1,2.5,1.52587890625e-08
286,16.747852792958184,14.87891127459846,0.012354398559672849,0.011999919635753501,5.520669545759907,5.539045653880108,2.7836749208898666,2.4453656612298427,1.1325284194706673,1.043089244610224,2.7836749208898666,2.4453656612298427,43.44116415410385,47.81911928651059,0.1,2.5,1.52587890625e-08
287,16.734929121519052,14.887664286720845,0.012355880766050367,0.011985297170504014,5.520115650012998,5.538352409201189,2.7813942920955315,2.447176580976616,1.1317951199996412,1.0429804338393536,2.7813942920955315,2.447176580976616,43.79711055276382,47.491638795986624,0.1,2.5,1.52587890625e-08
288,16.75677812864899,14.948627604821587,0.012352678986679137,0.01204084247296703,5.519245566235515,5.537549704612299,2.7861622121332745,2.459000196478173,1.1308449008223866,1.043915400204717,2.7861622121332745,2.459000196478173,44.203657174762704,47.88879598662207,0.1,2.5,1.52587890625e-08
289,16.74646514411215,14.90887800958776,0.012345124623675308,0.012014325098690048,5.518598878669845,5.536859939728293,2.7836169218098497,2.4515419528635847,1.1320877524476554,1.0427339256407824,2.7836169218098497,2.4515419528635847,43.748255164712454,48.61343366778149,0.1,2.5,1.52587890625e-08
290,16.72875671983098,14.885486244490846,0.012353834283232923,0.011980580768175216,5.5179732041542655,5.536318746564646,2.7800806942497265,2.4463510846879037,1.1321010405893501,1.044059157371521,2.7800806942497265,2.4463510846879037,43.81804857621441,47.44983277591973,0.1,2.5,1.52587890625e-08
291,16.745342717897554,14.887231121892514,0.012365597787472803,0.011989934594186652,5.517400960959515,5.535690144950331,2.783288398446616,2.4464766452942404,1.1323974935919263,1.0446444673415942,2.783288398446616,2.4464766452942404,43.619137353433835,47.247770345596436,0.1,2.5,1.52587890625e-08
292,16.73713110279997,14.911907143949,0.01235311132367432,0.011992510710297818,5.51686068608866,5.535216724859299,2.7821112969013515,2.451420029403108,1.1312677046894561,1.044646440208822,2.7821112969013515,2.451420029403108,43.873883305415966,47.74944258639911,0.1,2.5,1.52587890625e-08
293,16.748878221282872,14.881077421947467,0.01234994347491689,0.011987062952914166,5.516350516921511,5.534654282407218,2.784114057561128,2.445351942991599,1.1321614686501618,1.0444325708359514,2.784114057561128,2.445351942991599,43.85817978782803,47.63795986622073,0.1,2.5,1.52587890625e-08
294,16.749663239547754,14.889396559035898,0.012359165222530156,0.012008649778812958,5.515781045292823,5.534102386721267,2.7842136807178135,2.4473845840430712,1.1323287748611552,1.043527372970496,2.7842136807178135,2.4473845840430712,43.683696259073145,47.17809364548495,0.1,2.5,1.52587890625e-08
295,16.737301126263915,14.918308845996325,0.012370056862199792,0.012006307846203098,5.5152528471017535,5.533643352015228,2.781768763284987,2.4533561376424937,1.1322809738662907,1.0430787449563492,2.781768763284987,2.4533561376424937,43.69765494137353,47.66583054626533,0.1,2.5,1.52587890625e-08
296,16.760245236386673,14.912653506267297,0.01235435881336297,0.011967036377850385,5.514726593000539,5.533107708661984,2.786396886835146,2.4524839163623926,1.132216903166289,1.0424780486153653,2.786396886835146,2.4524839163623926,43.920993858179784,47.82608695652174,0.1,2.5,1.52587890625e-08
297,16.758206836608853,14.918659171930523,0.012351774812339572,0.011953917577023822,5.514189226543484,5.532571207852401,2.786090789594709,2.4532683053808735,1.1319910735141492,1.0435533037153772,2.786090789594709,2.4532683053808735,43.71161362367392,47.54738015607581,0.1,2.5,1.52587890625e-08
298,16.732825061450917,14.905455892301324,0.012362442141069107,0.01200721332950802,5.513530425024325,5.531776381974236,2.780961075020795,2.451595018008348,1.1321520971093746,1.0411479380085582,2.780961075020795,2.451595018008348,43.68544109436069,48.801560758082495,0.1,2.5,1.52587890625e-08
299,16.747881216819163,14.899025723554086,0.012358522607353664,0.01197533285787273,5.512855261946976,5.5312024140969305,2.783935547540602,2.449508711512937,1.132279705362304,1.0431933080073583,2.783935547540602,2.449508711512937,43.6784617532105,48.02118171683389,0.1,2.5,1.52587890625e-08
300,16.760449673595673,14.910236951898172,0.01235927342494928,0.011992425784476957,5.512350882184632,5.530765092226707,2.7865076320654585,2.451475534683619,1.1321585678242225,1.0438951863227215,2.7865076320654585,2.451475534683619,43.73953098827471,47.06661092530658,0.1,2.5,1.52587890625e-08
301,16.751524161121022,14.92840161105595,0.012350723384512928,0.011974808391403727,5.5118838394906255,5.530309604827643,2.7848139055476784,2.4549858566111946,1.1319577759833792,1.0442332647981718,2.7848139055476784,2.4549858566111946,43.920993858179784,47.477703455964324,0.1,2.5,1.52587890625e-08
302,16.753770400131966,14.887102561916661,0.012368270522581506,0.01197570084034566,5.511490764064139,5.529922639512963,2.785036272339685,2.447120280568815,1.1325358289503504,1.0432666609252708,2.785036272339685,2.447120280568815,43.78315187046343,47.65189520624303,0.1,2.5,1.52587890625e-08
303,16.739202599496164,14.903996201794815,0.0123691835338255,0.012014810421577798,5.511087015312787,5.529513250093662,2.782492266228451,2.4505355475073807,1.1316316710178709,1.043176152966626,2.782492266228451,2.4505355475073807,43.76744835287549,48.05602006688963,0.1,2.5,1.52587890625e-08
304,16.764066193504483,14.925114837910154,0.012344908045156583,0.011993016231568362,5.51069446757544,5.529123169123927,2.787356323133561,2.4545032861107834,1.131935114104411,1.0438465309913874,2.787356323133561,2.4545032861107834,43.79187604690117,47.70763656633222,0.1,2.5,1.52587890625e-08
305,16.727428539580703,14.931245612460236,0.012357893993215878,0.01199713298467423,5.510217322642946,5.52864254916392,2.7801624915241727,2.4559586888040057,1.131618234114165,1.0432953166057966,2.7801624915241727,2.4559586888040057,43.812814070351756,47.54738015607581,0.1,2.5,1.52587890625e-08
306,16.718025527008415,14.95122990454054,0.012364189589259878,0.011992614812849956,5.5096221547896205,5.5279620270532375,2.7783316600795303,2.4596999717529533,1.1315203765329205,1.04397060234544,2.7783316600795303,2.4596999717529533,44.01347012841988,48.188405797101446,0.1,2.5,1.52587890625e-08
307,16.761506107251513,14.905857026643444,0.012367731956572654,0.011989362301136737,5.509051019955054,5.527403134566087,2.7869410674575983,2.45072614136614,1.1317639616466248,1.0437483365586238,2.7869410674575983,2.45072614136614,43.73429648241206,48.24414715719064,0.1,2.5,1.52587890625e-08
308,16.75295155757902,14.862048480821693,0.012364159921617863,0.011992547378658317,5.508366063478471,5.526586473054578,2.785212523973168,2.442466645735163,1.1318440887263739,1.042532030422419,2.785212523973168,2.442466645735163,43.805834729201564,47.9933110367893,0.1,2.5,1.52587890625e-08
309,16.73643718306277,14.880826773585019,0.012348655323715832,0.012009821251790592,5.507569268853354,5.525879397440116,2.7818160528313975,2.446023601884959,1.1321256916859774,1.0430555445959204,2.7818160528313975,2.446023601884959,43.68893076493579,47.70066889632107,0.1,2.5,1.52587890625e-08
310,16.727412582175948,14.89836780841534,0.01235740384662088,0.012014975932238825,5.5069980456268635,5.5253436403263905,2.7800157609297402,2.4493643066689055,1.1321382753546847,1.0434984637210467,2.7800157609297402,2.4493643066689055,43.884352317141264,47.78428093645485,0.1,2.5,1.52587890625e-08
311,16.73853686134087,14.922650711459326,0.012361620884598766,0.011975271606541663,5.506513818690792,5.524949902010336,2.782258678587504,2.4544929745736863,1.1321151938137564,1.0428577829629948,2.782258678587504,2.4544929745736863,43.75697934115019,47.70763656633222,0.1,2.5,1.52587890625e-08
312,16.7139890192608,14.91989166787104,0.012360646644745506,0.011984664933297081,5.505922854778688,5.52426203703269,2.7773305670899564,2.4542981006097104,1.1321915956531272,1.0419951451396199,2.7773305670899564,2.4542981006097104,43.73080681183696,47.73550724637681,0.1,2.5,1.52587890625e-08
313,16.724089625159966,14.94181614283601,0.01235494609310649,0.011971445178972306,5.5052703509178995,5.523657550514077,2.7797044709299876,2.4582491037970535,1.1313426495929593,1.0431166837446666,2.7797044709299876,2.4582491037970535,44.22634003350084,48.31382385730212,0.1,2.5,1.52587890625e-08
314,16.733540305473632,14.882240142311938,0.012359451360081175,0.011999398467848399,5.5047215827013245,5.523077451265776,2.780971410086806,2.4463476564573203,1.1329258347542708,1.0430973307743518,2.780971410086806,2.4463476564573203,43.5249162479062,47.90969899665552,0.1,2.5,1.52587890625e-08
315,16.749571621318157,14.889322967699407,0.01236594896004361,0.012000064534802766,5.504165575931619,5.522603366154359,2.784761821804334,2.4479915510983505,1.1314899894793162,1.042552421922269,2.784761821804334,2.4479915510983505,43.92273869346734,48.188405797101446,0.1,2.5,1.52587890625e-08
316,16.741822929105435,14.911389443387954,0.01236456837806703,0.012002144870633797,5.503715019130228,5.522151394698399,2.783028491577711,2.4520201334852305,1.1319721956482018,1.0435357776905514,2.783028491577711,2.4520201334852305,43.819793411501955,47.589186176142704,0.1,2.5,1.52587890625e-08
317,16.73661601323778,14.890109107911654,0.012360556760417024,0.01200339099062127,5.503172372320655,5.521492028847719,2.782291535489856,2.448051862626304,1.1312402717764987,1.0428485772681475,2.782291535489856,2.448051862626304,43.8965661641541,47.65189520624303,0.1,2.5,1.52587890625e-08
318,16.738480611063128,14.933506807223079,0.01235582895934715,0.011999696608396079,5.502503267285013,5.520840494396163,2.7822747070785345,2.4565875742879335,1.1322504652072303,1.0432426053013157,2.7822747070785345,2.4565875742879335,43.79711055276382,47.672798216276476,0.1,2.5,1.52587890625e-08
319,16.775011001919182,14.872502786259986,0.012361256830552348,0.01199699484160712,5.501938643900127,5.5203796809865215,2.7896770970372766,2.4443852517384217,1.1320352015183799,1.0432707554387675,2.7896770970372766,2.4443852517384217,43.65228922389726,47.43589743589743,0.1,2.5,1.52587890625e-08
320,16.760719078869077,14.931284361193942,0.012347413235282113,0.012006211865988197,5.50142488314545,5.5198370706011755,2.7870461132724746,2.456036923189493,1.1314993215499145,1.043554911512462,2.7870461132724746,2.456036923189493,43.91924902289224,47.484671125975474,0.1,2.5,1.52587890625e-08
321,16.739412125630594,14.890397618313962,0.012366114427621042,0.011972865773989936,5.500902330855428,5.519263783160394,2.7828172796069413,2.4479648665573817,1.1314346929424506,1.0433370154704005,2.7828172796069413,2.4479648665573817,43.884352317141264,47.77034559643255,0.1,2.5,1.52587890625e-08
322,16.7562841940432,14.959598778349367,0.012356245045777408,0.012001435467589194,5.50040923890157,5.518852994593489,2.7862997465064443,2.4618560672470826,1.131194139046086,1.0432158649432886,2.7862997465064443,2.4618560672470826,43.76570351758794,47.70066889632107,0.1,2.5,1.52587890625e-08
323,16.742391613992748,14.931344443739059,0.012371885385374695,0.011953027062367236,5.499909181025093,5.518286030959658,2.7832731774637383,2.4565379214260226,1.1318314412930104,1.0424366033196848,2.7832731774637383,2.4565379214260226,43.69067560022334,47.88182831661093,0.1,2.5,1.52587890625e-08
324,16.75179656373263,14.941545060114185,0.012357682735871863,0.01198025114850921,5.499439418948209,5.517902847383599,2.7852200218447756,2.4586292538488723,1.1316973869525009,1.0423141051428506,2.7852200218447756,2.4586292538488723,43.77966219988833,48.61343366778149,0.1,2.5,1.52587890625e-08
325,16.76495329059748,14.901678484020424,0.012355614418194055,0.011980042656844143,5.498984015234218,5.517373162102673,2.7875969593648735,2.450288029950332,1.1323572128328911,1.043260464899516,2.7875969593648735,2.450288029950332,43.68195142378559,47.64492753623188,0.1,2.5,1.52587890625e-08
326,16.75039624821734,14.94962104002103,0.012356953246135208,0.01198982977938559,5.498508342612994,5.516940822303628,2.785062088106412,2.4598269619404802,1.1314389976557908,1.0434011300006174,2.785062088106412,2.4598269619404802,43.83549692908989,47.672798216276476,0.1,2.5,1.52587890625e-08
327,16.762398516379676,14.902773432907054,0.012359703715738806,0.011995937946224491,5.498072124472682,5.516398298036028,2.7869484927786057,2.4507534627531684,1.1327445719376548,1.0426851756197952,2.7869484927786057,2.4507534627531684,43.70288944723618,48.34866220735786,0.1,2.5,1.52587890625e-08
328,16.73195472900459,14.90783167895399,0.012356270448367634,0.012017040265310834,5.497479845331342,5.515868051926561,2.781323610904295,2.4513114064832195,1.1316161981712567,1.043835386716934,2.781323610904295,2.4513114064832195,43.70986878838637,47.317447045707915,0.1,2.5,1.52587890625e-08
329,16.751680030162476,14.8984659911531,0.012360398145418536,0.011998947041156964,5.496860398719059,5.515190323326766,2.7849716421347765,2.4496078965655936,1.1323877099104795,1.043454264318664,2.7849716421347765,2.4496078965655936,43.58075097710776,47.85395763656633,0.1,2.5,1.52587890625e-08
330,16.72285049391618,14.926430015393855,0.012365129965579523,0.011983637680344226,5.496018460847226,5.5143559433544755,2.7794847783930536,2.4554611974735323,1.13172979064656,1.0428524089763263,2.7794847783930536,2.4554611974735323,43.973338916806256,48.125696767001116,0.1,2.5,1.52587890625e-08
331,16.739700389800294,14.943080422604496,0.012369098384630108,0.011994492991462997,5.495378512633306,5.513756292187915,2.78260964458046,2.458210512680088,1.1323726047423217,1.0443288288520465,2.78260964458046,2.458210512680088,43.59470965940815,47.47073578595318,0.1,2.5,1.52587890625e-08
332,16.724983235033847,14.879333727867442,0.012364711972823994,0.011987554100461496,5.4947726922218925,5.513132465855866,2.7799819136118504,2.445925772788134,1.1316158301599994,1.0432019749346917,2.7799819136118504,2.445925772788134,43.833752093802346,47.70066889632107,0.1,2.5,1.52587890625e-08
333,16.745501515587105,14.879122990296702,0.012355683837345963,0.01201389714714177,5.494150466855047,5.512493777833256,2.7839441764028563,2.445975913650615,1.1320049397310419,1.0429900626806643,2.7839441764028563,2.445975913650615,43.816303740926855,48.02814938684504,0.1,2.5,1.52587890625e-08
334,16.750199685876826,14.899447508081545,0.012356023561565121,0.011996847859800793,5.493649069255188,5.512004290934789,2.784937821973442,2.4499786964627015,1.1318948289524038,1.0431783857154209,2.784937821973442,2.4499786964627015,43.77791736460078,47.61008918617614,0.1,2.5,1.52587890625e-08
335,16.746901449845662,14.884535313184179,0.012364164331230054,0.011982781550906174,5.493086082185865,5.511477181212427,2.7842788367481752,2.446768120911342,1.1319172210629462,1.0437820761764594,2.7842788367481752,2.446768120911342,43.776172529313236,47.91666666666667,0.1,2.5,1.52587890625e-08
336,16.749208993448484,14.872122818809688,0.012354494653338497,0.011990901626804334,5.492584214671107,5.511038805728772,2.7848274080797255,2.444993617808407,1.131729508165139,1.0420299835561244,2.7848274080797255,2.444993617808407,43.755234505862646,47.930602006688964,0.1,2.5,1.52587890625e-08
337,16.740074528321948,14.950645371291417,0.012361185024593843,0.012009808062726305,5.4922371680080255,5.510714186473834,2.7829984456450494,2.460180232889012,1.1317486929400948,1.0433314773550002,2.7829984456450494,2.460180232889012,43.92797319932998,48.09085841694537,0.1,2.5,1.52587890625e-08
338,16.751140557208718,14.886126015364393,0.012356719928250208,0.011996188373362008,5.4917612581663064,5.510225833990635,2.7850063086754115,2.447731957919356,1.132288065055174,1.0422237416440694,2.7850063086754115,2.447731957919356,43.91750418760469,47.60312151616499,0.1,2.5,1.52587890625e-08
339,16.741665866240517,14.876473888239866,0.012361786969937904,0.012019257115173166,5.491290885865655,5.509641637770229,2.7833219674098166,2.445586104722592,1.1317825495764107,1.0427799640159012,2.7833219674098166,2.445586104722592,43.62262702400893,47.923634336677814,0.1,2.5,1.52587890625e-08
340,16.717584301678578,14.973302257499567,0.012367868850591095,0.01199781869454029,5.490692012207526,5.50889459607859,2.7783254344392794,2.4640110288575343,1.1322599994211073,1.0451799686935832,2.7783254344392794,2.4640110288575343,43.79013121161363,47.143255295429206,0.1,2.5,1.52587890625e-08
341,16.73608515583424,14.840041963285959,0.012353923339199114,0.011982924054680993,5.489905586327873,5.508146913819754,2.7824218156016918,2.4379882831105686,1.1313157859692555,1.043651491038111,2.7824218156016918,2.4379882831105686,43.751744835287546,47.63099219620959,0.1,2.5,1.52587890625e-08
342,16.740563093917054,14.934389036767591,0.012354049679788379,0.012013484639766623,5.489203765896829,5.507595255754996,2.7830926353607945,2.45718400361413,1.131912719264901,1.0428480127849176,2.7830926353607945,2.45718400361413,43.93320770519263,47.83305462653289,0.1,2.5,1.52587890625e-08
343,16.7264515574853,14.93254434783323,0.012364398222156639,0.011990484595714073,5.488639533885826,5.5070138429452475,2.780061228857035,2.456897727090247,1.1324585229574402,1.0426819325822385,2.780061228857035,2.456897727090247,43.65577889447236,48.111761426978816,0.1,2.5,1.52587890625e-08
344,16.739899979830454,14.918362279400778,0.012363883373413353,0.011992246379770562,5.488091117905745,5.506470942842787,2.783108848756016,2.453871160313703,1.1315913576443457,1.0431835612192866,2.783108848756016,2.453871160313703,44.04313232830821,47.401059085841695,0.1,2.5,1.52587890625e-08
345,16.741301495558986,14.866778837265644,0.012369736296913599,0.011991043526309655,5.487476355266731,5.505898840318422,2.783208755459085,2.4431669066183543,1.1320701585942177,1.0441816518936669,2.783208755459085,2.4431669066183543,43.79362088218872,47.52647714604236,0.1,2.5,1.52587890625e-08
346,16.746672554165208,14.91222520337057,0.012368187526712066,0.011978370506096311,5.486895826926516,5.5053251143150375,2.7843050418919786,2.452688679115695,1.132044762556011,1.0431354496391323,2.7843050418919786,2.452688679115695,43.87911781127862,47.74944258639911,0.1,2.5,1.52587890625e-08
347,16.74462779229876,14.921809573901802,0.012364408077743885,0.012008032838345704,5.486377840931358,5.504813740750486,2.7838351259279492,2.4542163882898778,1.132224966932581,1.0441190222965568,2.7838351259279492,2.4542163882898778,43.79536571747627,47.477703455964324,0.1,2.5,1.52587890625e-08
348,16.76390499751838,14.89994038972036,0.012375456304926402,0.011991157033454746,5.485779881277676,5.504190544353812,2.7877318447758404,2.450062422183578,1.1321461389745033,1.0436089696692783,2.7877318447758404,2.450062422183578,43.62960636515913,47.5613154960981,0.1,2.5,1.52587890625e-08
349,16.748549454974967,14.911060178027371,0.012361104304250694,0.012019630134263498,5.485302685493201,5.503747247931949,2.784854149299251,2.4524226050446,1.1316936501306505,1.0432763747546985,2.784854149299251,2.4524226050446,43.73429648241206,47.7773132664437,0.1,2.5,1.52587890625e-08
350,16.734736614557434,14.894071353584893,0.01236052848585886,0.012019458289155394,5.484812644658176,5.503206428476799,2.7816999124988104,2.449093524428913,1.1326976349605389,1.0431318457841607,2.7816999124988104,2.449093524428913,43.490019542155224,48.125696767001116,0.1,2.5,1.52587890625e-08
351,16.74160797485488,14.919552250184875,0.012365674635365248,0.011988994200301742,5.484349906810631,5.502849287545534,2.783566369483219,2.4539725720683068,1.1314877551870597,1.0437077180199001,2.783566369483219,2.4539725720683068,43.65752372975991,47.78428093645485,0.1,2.5,1.52587890625e-08
352,16.73658740407325,14.953260065586937,0.01236549701847423,0.011979617496148799,5.483904940532214,5.502267583955491,2.782670552207397,2.4607912260818905,1.1312393488529873,1.0435487652569178,2.782670552207397,2.4607912260818905,44.095477386934675,47.484671125975474,0.1,2.5,1.52587890625e-08
353,16.7417154679546,14.907810487608979,0.012352512866499903,0.011985502949185926,5.483349453730666,5.501815145231011,2.7834019160417123,2.451566013869899,1.1320092275380955,1.043906729755593,2.7834019160417123,2.451566013869899,43.723827470686764,47.589186176142704,0.1,2.5,1.52587890625e-08
354,16.76286290997836,14.917073804797935,0.012368386422061907,0.012004667058288055,5.482985714838399,5.501410695887197,2.7877606861022914,2.453416257133186,1.1316962509698405,1.0439234228437162,2.7877606861022914,2.453416257133186,43.84073143495254,47.679765886287626,0.1,2.5,1.52587890625e-08
355,16.731236963149623,14.926782852564102,0.012368349528999917,0.012032337094280234,5.482481466598979,5.500909684095095,2.781323187581525,2.455523678690295,1.1320022733300708,1.0435205455474896,2.781323187581525,2.455523678690295,43.748255164712454,47.64492753623188,0.1,2.5,1.52587890625e-08
356,16.74048056993852,14.905899725098541,0.012348129278821595,0.011954436824141006,5.481909418292448,5.500235966881249,2.783270540349248,2.4513278204196007,1.1317943757902238,1.0436413062854755,2.783270540349248,2.4513278204196007,43.80408989391402,47.55434782608695,0.1,2.5,1.52587890625e-08
357,16.737054281698,14.944685949795488,0.012358551237592812,0.012008936891961457,5.48123933828323,5.4996660481328545,2.7826642831699067,2.4592352157984023,1.1316251965090924,1.04326717032238,2.7826642831699067,2.4592352157984023,43.891331658291456,47.568283166109254,0.1,2.5,1.52587890625e-08
358,16.74211216239141,14.872406228064428,0.012359986951681803,0.011985144819835888,5.480754736746443,5.499192640268417,2.7837143637893056,2.444701675985968,1.1315524345133838,1.0434966730566462,2.7837143637893056,2.444701675985968,43.78315187046343,47.61008918617614,0.1,2.5,1.52587890625e-08
359,16.757735445671145,14.894218326811009,0.012367981169861599,0.011994608542949392,5.480151740882997,5.498474777077087,2.7867033393738456,2.4494554749300645,1.1319178035976765,1.0425494465407985,2.7867033393738456,2.4494554749300645,43.68893076493579,47.72853957636566,0.1,2.5,1.52587890625e-08
360,16.73236948201804,14.91492184667683,0.012358998073788078,0.011969320037907847,5.4794159332245576,5.497825696449747,2.7817537839155766,2.452743596057828,1.1316499853853006,1.0447259798496462,2.7817537839155766,2.452743596057828,43.95414572864322,47.421962095875145,0.1,2.5,1.52587890625e-08
361,16.7215873509529,14.912220109665274,0.01235019930366412,0.011958788384744687,5.478975495434819,5.4974497148690284,2.7797290340340517,2.4530742404984522,1.1313471929911194,1.0425725346690702,2.7797290340340517,2.4530742404984522,43.81106923506421,47.77034559643255,0.1,2.5,1.52587890625e-08
362,16.739761341889434,14.912986955249323,0.012370629351542423,0.012007556526548953,5.47829800301727,5.496576572873255,2.7830224493773272,2.4528791165537926,1.132224328753537,1.0434630408201995,2.7830224493773272,2.4528791165537926,43.694165270798436,48.00027870680045,0.1,2.5,1.52587890625e-08
363,16.726133642617317,14.930618823039758,0.012361554435695069,0.011989539809973544,5.477622500216741,5.495992111388922,2.780514806159577,2.4564281923980884,1.1317179049279422,1.0434445443094906,2.780514806159577,2.4564281923980884,44.020449469570075,47.95847268673356,0.1,2.5,1.52587890625e-08
364,16.75992721821728,14.890092613705026,0.012371881009562597,0.01199028160165551,5.476943196563465,5.49517886481822,2.787224716077897,2.448062853935437,1.1318687338991447,1.0441351386084072,2.787224716077897,2.448062853935437,43.94367671691792,47.582218506131554,0.1,2.5,1.52587890625e-08
365,16.755736532589367,14.916210323406037,0.012363811949655905,0.011989830822840648,5.47630694669961,5.494698393703703,2.7863417116374958,2.453918444804656,1.1320167329975641,1.0425791732443614,2.7863417116374958,2.453918444804656,43.755234505862646,47.84698996655518,0.1,2.5,1.52587890625e-08
366,16.743637141403973,14.930632639090751,0.012361645721427426,0.0119868270874256,5.475802964434685,5.494233156925061,2.7841130587590066,2.4563071679909494,1.1315649274605601,1.0438433837066659,2.7841130587590066,2.4563071679909494,43.73429648241206,47.54738015607581,0.1,2.5,1.52587890625e-08
367,16.763772344669107,14.882742728676684,0.012356408381868945,0.011991258488434348,5.475345236172828,5.4937763017422645,2.788077544527038,2.4470509238865064,1.1317468422341785,1.0430596058849773,2.788077544527038,2.4470509238865064,43.812814070351756,48.118729096989966,0.1,2.5,1.52587890625e-08
368,16.743579405502924,14.8949535597394,0.012372879879803947,0.01198330055403138,5.47476456912119,5.493133198324521,2.783998935732477,2.449222138759949,1.1318676805176726,1.043773060126714,2.783998935732477,2.449222138759949,43.77093802345058,47.73550724637681,0.1,2.5,1.52587890625e-08
369,16.73525019506713,14.91979969624293,0.012375468139639119,0.011981226508002084,5.4741873860958234,5.4925675317728135,2.782252813836571,2.454106960275367,1.1320959647762783,1.044013421471701,2.782252813836571,2.454106960275367,43.72208263539922,47.64492753623188,0.1,2.5,1.52587890625e-08
370,16.721462405240448,14.87138877026612,0.012357851224657644,0.011990300459639816,5.473635979966036,5.492088323187004,2.7796602995950774,2.4446007138244816,1.1317197306737894,1.0435930463914223,2.7796602995950774,2.4446007138244816,43.61215801228364,47.38015607580825,0.1,2.5,1.52587890625e-08
371,16.733451377872914,14.879388152157583,0.012361831384300687,0.011990312837820122,5.473136300683887,5.491560854640693,2.781963398708171,2.4465768975158997,1.1319794684798274,1.042678604157872,2.781963398708171,2.4465768975158997,43.58424064768286,48.1814381270903,0.1,2.5,1.52587890625e-08
372,16.75581163377618,14.8864398092995,0.012370871866172849,0.011983842928473367,5.472544125376435,5.490898815418698,2.7865104254632604,2.4475637698253263,1.1318170979727187,1.0437736018179784,2.7865104254632604,2.4475637698253263,43.78838637632608,47.63795986622073,0.1,2.5,1.52587890625e-08
373,16.71349437858458,14.88428130941912,0.012362843442298493,0.012014420145505847,5.471870748774424,5.490305094681721,2.778085303133523,2.4467743030492812,1.1317589635758478,1.0446824506506607,2.778085303133523,2.4467743030492812,43.84945561139028,47.78428093645485,0.1,2.5,1.52587890625e-08
374,16.728210114820385,14.903302221393904,0.01235906199288478,0.011972483950423092,5.471356555911032,5.489774371203504,2.7807836486000643,2.4507685741586163,1.132398581251893,1.04425471363259,2.7807836486000643,2.4507685741586163,43.46035734226689,47.317447045707915,0.1,2.5,1.52587890625e-08
375,16.746279877833587,14.918882804836583,0.012360319695921666,0.011981542958330815,5.4708264181562,5.489315900515553,2.784483783142584,2.454085627792937,1.1322089886279296,1.0437707936218883,2.784483783142584,2.454085627792937,43.76046901172529,47.3871237458194,0.1,2.5,1.52587890625e-08
376,16.724184911654422,14.935801991916687,0.012357268776247482,0.01199804431963359,5.470333562624115,5.488697102503101,2.780032003744563,2.4576228806539255,1.1323171480616532,1.0434099054389707,2.780032003744563,2.4576228806539255,43.92622836404244,47.7633779264214,0.1,2.5,1.52587890625e-08
377,16.73463322901979,14.878541039516827,0.012365466402349593,0.012007591424669775,5.469670980220265,5.487966190878232,2.7823545603962465,2.4457508659150156,1.131763900278135,1.0444912276539118,2.7823545603962465,2.4457508659150156,43.71335845896148,47.53344481605351,0.1,2.5,1.52587890625e-08
378,16.728444973228367,14.886203436282699,0.012372958665221747,0.011996774919696543,5.468848203960442,5.487203493830618,2.780920142770679,2.4477713323357113,1.1322932513581514,1.043314830050155,2.780920142770679,2.4477713323357113,43.88958682300391,47.74944258639911,0.1,2.5,1.52587890625e-08
379,16.751130125896683,14.924224402726427,0.012362108285586173,0.012002573376614912,5.468236129287899,5.486621769508523,2.785408988337088,2.4561888371555836,1.1324497406074017,1.0413077289577046,2.785408988337088,2.4561888371555836,43.823283082077054,48.05602006688963,0.1,2.5,1.52587890625e-08
380,16.727748748378872,14.909212551520952,0.012371681177690167,0.012021169539877403,5.4676023762296655,5.486002765770341,2.780781956240826,2.4521291390177664,1.1323535170121142,1.0439726969470149,2.780781956240826,2.4521291390177664,43.76919318816304,47.791248606466,0.1,2.5,1.52587890625e-08
381,16.723217610604667,14.914033592079528,0.01235683115135768,0.011988927246826216,5.467078296782783,5.48553232577865,2.7803589021074644,2.4531453620629966,1.1311792300307904,1.0438823438807077,2.7803589021074644,2.4531453620629966,43.92273869346734,47.54738015607581,0.1,2.5,1.52587890625e-08
382,16.732697452266144,14.915514278305547,0.012371720454958749,0.012004743223239479,5.466621691790591,5.485134502717085,2.782001454892736,2.4529142020936794,1.1318281370457959,1.04521253362813,2.782001454892736,2.4529142020936794,44.06756002233389,47.421962095875145,0.1,2.5,1.52587890625e-08
383,16.73161746162998,14.911452911104778,0.012352617740389822,0.012003452880484537,5.466270577767786,5.484726115878476,2.781631363496509,2.4524677073543555,1.132240475854815,1.0443190829278102,2.781631363496509,2.4524677073543555,43.77966219988833,47.01783723522854,0.1,2.5,1.52587890625e-08
384,16.748026532077844,14.913168166127624,0.012364195139755223,0.01199648437404812,5.465564087740474,5.4839493816379985,2.7850593502198033,2.4533649628510577,1.1319045806849621,1.0429759530585214,2.7850593502198033,2.4533649628510577,44.01521496370743,47.9933110367893,0.1,2.5,1.52587890625e-08
385,16.729804452739568,14.91345002738927,0.01236968253708498,0.011990898110205048,5.4650449835342245,5.483514413652877,2.781206152280704,2.4527968390197925,1.1324497525216746,1.0445617194159773,2.781206152280704,2.4527968390197925,43.390563930764934,47.10841694537346,0.1,2.5,1.52587890625e-08
386,16.731181766120233,14.907361201750927,0.012360091166729903,0.011995740648080806,5.46451628055072,5.483015253923941,2.78154804612058,2.452101826534888,1.132314914235318,1.0432774088321588,2.78154804612058,2.452101826534888,43.741275823562255,47.91666666666667,0.1,2.5,1.52587890625e-08
387,16.75393015309328,14.945202216123922,0.012357657719642706,0.012000751377414567,5.46411433771028,5.482578670433665,2.7861043110298485,2.459224229140691,1.1323197338582416,1.0444112539025587,2.7861043110298485,2.459224229140691,43.57377163595756,47.61705685618729,0.1,2.5,1.52587890625e-08
388,16.731914747100777,14.908263622186123,0.012358307763039733,0.012011195606694306,5.4635563056472956,5.481832562747475,2.7819850817530734,2.452416512081057,1.1316377104227267,1.0429933138914331,2.7819850817530734,2.452416512081057,43.70986878838637,48.014214046822744,0.1,2.5,1.52587890625e-08
389,16.723662049992665,14.901494517374198,0.012374792272970704,0.011987341926074944,5.46284662019867,5.481227759400605,2.780032227919263,2.450874406491368,1.132420735143537,1.0435061279347908,2.780032227919263,2.450874406491368,43.77442769402569,47.72853957636566,0.1,2.5,1.52587890625e-08
390,16.744376561150478,14.93830090568483,0.012364150669752287,0.011969951270075479,5.462319975788536,5.480775105913347,2.7844314135898096,2.4581607621383244,1.1318116794412594,1.0437247916607553,2.7844314135898096,2.4581607621383244,43.77442769402569,48.02118171683389,0.1,2.5,1.52587890625e-08
391,16.727140430895595,14.916859890439174,0.01238364800821214,0.012015405619764075,5.461766531585915,5.480188118308417,2.7807978216594056,2.45412675393465,1.1322955189305002,1.0430960071791242,2.7807978216594056,2.45412675393465,43.8250279173646,47.36622073578595,0.1,2.5,1.52587890625e-08
392,16.738621585532847,14.944459093321393,0.012370264682334306,0.011999532730923914,5.4610813642466685,5.479475669903367,2.783199416932149,2.4592799883888183,1.132073054361583,1.0440560127447547,2.783199416932149,2.4592799883888183,43.81455890563931,47.74944258639911,0.1,2.5,1.52587890625e-08
393,16.75033280198498,14.901568384074846,0.012363716090510905,0.012021910686797588,5.460529361737633,5.4790596744022775,2.7856823422268473,2.4506756820806292,1.1317522132416666,1.0441310278149354,2.7856823422268473,2.4506756820806292,43.93320770519263,47.54041248606466,0.1,2.5,1.52587890625e-08
394,16.764434853856756,14.90867867039199,0.012367653177394872,0.01200724918179322,5.460113508883699,5.478541708045713,2.7883872828757807,2.452291844813454,1.132059714768866,1.0436790327031742,2.7883872828757807,2.452291844813454,43.873883305415966,47.414994425863995,0.1,2.5,1.52587890625e-08
395,16.75212429755896,14.914701507508822,0.0123839997065044,0.011976545330847186,5.459469197782839,5.477843464816295,2.7858637988667194,2.4536082587779036,1.1322371813919476,1.0434496493110954,2.7858637988667194,2.4536082587779036,43.8285175879397,47.81911928651059,0.1,2.5,1.52587890625e-08
396,16.730207555058414,14.91287013918261,0.012360655981371317,0.011997486270523923,5.458757296412568,5.477190058632705,2.7814825974916495,2.452920214388283,1.1322790892812409,1.0442762584856389,2.7814825974916495,2.452920214388283,43.76570351758794,47.3592530657748,0.1,2.5,1.52587890625e-08
397,16.74275106454548,14.89451329498121,0.012373939365572866,0.01199953511477746,5.458145159173451,5.476640757111004,2.784093480347123,2.449715492983194,1.1320475864383777,1.0431360813021793,2.784093480347123,2.449715492983194,43.601689000558345,47.979375696767,0.1,2.5,1.52587890625e-08
398,16.74184001324098,14.874135322528273,0.012370544653188277,0.011991674420003309,5.457670676115836,5.476142931143975,2.7842113946417335,2.4455341956554313,1.1313227080952715,1.0434291972098675,2.7842113946417335,2.4455341956554313,43.898310999441655,47.63099219620959,0.1,2.5,1.52587890625e-08
399,16.749828109656015,14.945655457019274,0.012354434021690883,0.012009109238550947,5.457179562596886,5.475647800875082,2.7854329030118397,2.458970394953172,1.1322955815636333,1.045614843982518,2.7854329030118397,2.458970394953172,43.68893076493579,47.401059085841695,0.1,2.5,1.52587890625e-08
400,16.73527221956578,14.9286503382484,0.012373924155530817,0.012005546347237085,5.456669348967535,5.475176246136992,2.7826958615842443,2.456472883123485,1.131876015317034,1.0433813928893312,2.7826958615842443,2.456472883123485,43.93320770519263,47.65886287625418,0.1,2.5,1.52587890625e-08
401,16.752771824847912,14.899541216949157,0.012358489654342567,0.012010080137662797,5.4561493861349115,5.474612080798367,2.786062369061741,2.450981107576768,1.132243270583821,1.0425822068350503,2.786062369061741,2.450981107576768,43.87737297599107,47.90273132664437,0.1,2.5,1.52587890625e-08
402,16.729859222186338,14.885192186404497,0.01238194783959207,0.011994029200088685,5.455703056171445,5.474175579704702,2.7815441377065757,2.447569775342144,1.1320931636574947,1.043965782741772,2.7815441377065757,2.447569775342144,43.894821328866556,47.90969899665552,0.1,2.5,1.52587890625e-08
403,16.73819743315645,14.903229491234889,0.012370454913420193,0.011996154928810421,5.45517561916264,5.47361744207682,2.782986527112261,2.4513915642979685,1.1326883701157264,1.0434569184198028,2.782986527112261,2.4513915642979685,43.42720547180346,47.55434782608695,0.1,2.5,1.52587890625e-08
404,16.732791473052142,14.884276739862585,0.012380998416807417,0.01200387531989062,5.454568494970342,5.473042271209002,2.7822044384273186,2.4482736720422174,1.1319657296591268,1.041800117014244,2.7822044384273186,2.4482736720422174,43.92971803461753,48.31382385730212,0.1,2.5,1.52587890625e-08
405,16.746137041808637,14.886171305857374,0.012370504693157808,0.011993141859404352,5.454128616818631,5.472603356692039,2.784809068352866,2.4481129373860866,1.1321541362471716,1.0431765825586308,2.784809068352866,2.4481129373860866,43.662758235622555,47.679765886287626,0.1,2.5,1.52587890625e-08
406,16.75528683920668,14.927522302072582,0.012365921372407345,0.011992732877972865,5.453747004387034,5.472223199995332,2.7866235381061975,2.456593086222475,1.1322142665177202,1.042670891502895,2.7866235381061975,2.456593086222475,43.654034059184816,47.66583054626533,0.1,2.5,1.52587890625e-08
407,16.73865969203691,14.88046427740567,0.012366264103274816,0.012016379983562026,5.453346910588506,5.471825959557541,2.78344352174777,2.446587786095065,1.1318705331540386,1.044163160366624,2.78344352174777,2.446587786095065,43.76570351758794,47.575250836120404,0.1,2.5,1.52587890625e-08
408,16.74096458281704,14.874705473050359,0.01237904628045079,0.012004167112493793,5.452802831936255,5.471256470866294,2.7836059496297576,2.4457074032978072,1.1326377601479765,1.0435193674753076,2.7836059496297576,2.4457074032978072,43.55632328308208,47.589186176142704,0.1,2.5,1.52587890625e-08
409,16.758048683221883,14.882709187408754,0.012363849808360564,0.012028075246931518,5.452325645203966,5.470660143738473,2.7873028910140096,2.447653242842675,1.1319688870080153,1.0426744363512614,2.7873028910140096,2.447653242842675,43.66101340033501,48.03511705685619,0.1,2.5,1.52587890625e-08
410,16.747805259402142,14.842924726182137,0.012361151770501913,0.011996945830367282,5.451716521809981,5.47014442282244,2.7852113040581155,2.439892321127314,1.1321079479390053,1.0422258654167023,2.7852113040581155,2.439892321127314,43.51619207146845,47.90969899665552,0.1,2.5,1.52587890625e-08
411,16.753066649189346,14.910784224868486,0.012360995230829163,0.011998738041780931,5.451105756243137,5.469433241730417,2.78644987113778,2.452869665396785,1.1316728418196864,1.0437468867769741,2.78644987113778,2.452869665396785,43.74302065884981,47.34531772575251,0.1,2.5,1.52587890625e-08
412,16.73849405302541,14.929891635210087,0.012369260641718663,0.011988936339940049,5.45046370020131,5.468974565848326,2.7837263849578977,2.457071795112712,1.1312232266452178,1.0428230744540492,2.7837263849578977,2.457071795112712,43.83549692908989,47.484671125975474,0.1,2.5,1.52587890625e-08
413,16.751279892700467,14.960917131557911,0.012364367603951995,0.012015988393048179,5.450032554745741,5.468484071584848,2.7857628067001694,2.463231586825223,1.1325491291394385,1.0429473783127308,2.7857628067001694,2.463231586825223,43.44465382467895,47.47073578595318,0.1,2.5,1.52587890625e-08
414,16.735543431548816,14.92560983740765,0.012358922156698208,0.01198828667443798,5.449395706638952,5.467847480688871,2.782796345364109,2.4560764452552584,1.1321316287212702,1.043227327973016,2.782796345364109,2.4560764452552584,43.76395868230039,47.81911928651059,0.1,2.5,1.52587890625e-08
415,16.74953119798721,14.892288508888338,0.012370939825160718,0.011982360558839745,5.448898330072928,5.467326490642501,2.7854721297238005,2.4495156776147544,1.1324548981563796,1.0429975370499602,2.7854721297238005,2.4495156776147544,43.72906197654942,47.85395763656633,0.1,2.5,1.52587890625e-08
416,16.733670372592876,14.926551046977474,0.012366702082285597,0.011991474365269393,5.4482794420337095,5.466644465723963,2.7826013853934675,2.4559623998410194,1.1317344196411168,1.044041554797586,2.7826013853934675,2.4559623998410194,43.92797319932998,48.23021181716834,0.1,2.5,1.52587890625e-08
417,16.742118020752567,14.891895290999907,0.012370988427095077,0.011990485635016077,5.447594235823315,5.4659806552406405,2.784136124791412,2.4494031894964516,1.1321535140425716,1.043145396305433,2.784136124791412,2.4494031894964516,43.73080681183696,47.840022296544035,0.1,2.5,1.52587890625e-08
418,16.770382425892894,14.878637876266088,0.012372026000523421,0.012010206503704306,5.447047861377198,5.465451931607896,2.7899521516728574,2.4466238055075027,1.1317724608496404,1.0434817216600993,2.7899521516728574,2.4466238055075027,43.72906197654942,47.55434782608695,0.1,2.5,1.52587890625e-08
419,16.73318218718954,14.91926071609276,0.012375954234902916,0.012030002650666729,5.4465438383774405,5.465036941877044,2.782328055332254,2.4549255092008457,1.1322557414330163,1.0430497695902652,2.782328055332254,2.4549255092008457,43.61215801228364,48.202341137123746,0.1,2.5,1.52587890625e-08
420,16.724392977192174,14.894930021951563,0.012368358209383914,0.012010267175684207,5.445993717391687,5.464336587699626,2.7805775877219348,2.449709919915683,1.1322686434590836,1.043968294243616,2.7805775877219348,2.449709919915683,43.62786152987158,47.484671125975474,0.1,2.5,1.52587890625e-08
421,16.723519733669637,14.887857741203861,0.012367363535554166,0.011979705791135496,5.44538013686154,5.46379711104343,2.780799856670471,2.44848793858004,1.1313075255841798,1.0435293471002525,2.780799856670471,2.44848793858004,43.88609715242881,47.9933110367893,0.1,2.5,1.52587890625e-08
422,16.753169213640565,14.869307053394806,0.01236971968338767,0.011982941328274831,5.444898155932317,5.4634510734541095,2.7866502857155004,2.444954060126042,1.1315291063004136,1.0431043253827388,2.7866502857155004,2.444954060126042,43.77966219988833,47.88182831661093,0.1,2.5,1.52587890625e-08
423,16.72632475873733,14.884699607772571,0.012383631243365794,0.012013625217562203,5.44452439680371,5.463028699923784,2.7812186698551487,2.4482650041845995,1.1316976545244406,1.0425290479309184,2.7812186698551487,2.4482650041845995,44.11467057509771,47.81215161649944,0.1,2.5,1.52587890625e-08
424,16.74759322315005,14.866168714287289,0.012355490119650436,0.011968991258197205,5.444135953433549,5.462610732751546,2.785542599653013,2.44483340650365,1.131555607304235,1.0418857764639584,2.785542599653013,2.44483340650365,43.6749720826354,47.98634336677815,0.1,2.5,1.52587890625e-08
425,16.73810219991014,14.857042807001733,0.0123669745770789,0.012025858794724197,5.443647087518893,5.4621493415024505,2.783602258734434,2.44229808964724,1.131679600939812,1.0436557805790683,2.783602258734434,2.44229808964724,43.633096035734226,47.70066889632107,0.1,2.5,1.52587890625e-08
426,16.747674903677936,14.87269095353857,0.012373470441796538,0.01201634076522578,5.443269689145666,5.4617480902103015,2.7854036691134234,2.4455260996568695,1.1319780520791118,1.043434637778313,2.7854036691134234,2.4455260996568695,43.86341429369068,47.3592530657748,0.1,2.5,1.52587890625e-08
427,16.729350444127036,14.936720144256967,0.012369406807882736,0.012006741619296164,5.442776608107677,5.461167597053043,2.7820523840831286,2.458588673252459,1.131220704746406,1.0428266711989906,2.7820523840831286,2.458588673252459,44.16178112786153,47.679765886287626,0.1,2.5,1.52587890625e-08
428,16.726731897798217,14.87849731296467,0.012377669186123852,0.011984353637947818,5.442213197183103,5.460654240653932,2.781221263439279,2.4467963382950595,1.1320133104729027,1.043232941707241,2.781221263439279,2.4467963382950595,43.65926856504746,48.25808249721293,0.1,2.5,1.52587890625e-08
429,16.73176880990374,14.922945209703052,0.012365685711915868,0.011992568332897115,5.441703002456844,5.460111151836655,2.782491883906754,2.4559531437779216,1.1313867025838624,1.0425878834963642,2.782491883906754,2.4559531437779216,43.959380234505865,47.79821627647715,0.1,2.5,1.52587890625e-08
430,16.737037979777735,14.924065347499273,0.012378456368979997,0.011999714578664888,5.441080768037814,5.459423695652514,2.7834922596437845,2.455558307460585,1.131545077216885,1.044165798453583,2.7834922596437845,2.455558307460585,43.77966219988833,47.394091415830545,0.1,2.5,1.52587890625e-08
431,16.749616499389102,14.874762689256615,0.012358024281136056,0.011998557536514973,5.440440671794046,5.4588884956461925,2.786075497791795,2.4463143752703034,1.1314184479311415,1.0426516969467086,2.786075497791795,2.4463143752703034,43.92971803461753,47.66583054626533,0.1,2.5,1.52587890625e-08
432,16.73379665802871,14.887949607576946,0.012355256837645535,0.011994852801762032,5.439697285060574,5.458100496460097,2.7829427576677417,2.448512405456109,1.131378943596653,1.0437912968223044,2.7829427576677417,2.448512405456109,44.18446398659967,47.65886287625418,0.1,2.5,1.52587890625e-08
433,16.77783460313551,14.90579086163371,0.012362356292991782,0.011993816037275055,5.439136170994829,5.457668775433016,2.791449412761754,2.452325767763748,1.1321557608481427,1.0432006974549863,2.791449412761754,2.452325767763748,43.72033780011167,47.679765886287626,0.1,2.5,1.52587890625e-08
434,16.759428807039757,14.905607271353935,0.012363511533905414,0.012026489934486356,5.438755014633613,5.457279333435705,2.787658827854627,2.451303494016462,1.132447824605945,1.0456676711738442,2.787658827854627,2.451303494016462,43.7534896705751,46.93422519509476,0.1,2.5,1.52587890625e-08
435,16.722577914520723,14.912942011353696,0.012367012486743701,0.01199062634986247,5.438265922680572,5.456626638520921,2.780693697836198,2.453595627909121,1.1314579090015107,1.043655267925964,2.780693697836198,2.453595627909121,43.97682858738135,47.582218506131554,0.1,2.5,1.52587890625e-08
436,16.739773406854628,14.895922168574339,0.012358892542096338,0.012012162009085899,5.437745114001131,5.456289690075112,2.7838353365243713,2.450583453959845,1.1322316572294762,1.0426818832107212,2.7838353365243713,2.450583453959845,43.63135120044668,47.42892976588629,0.1,2.5,1.52587890625e-08
437,16.752272657546698,14.919503046118695,0.012355250042266749,0.012021711600763742,5.437326318654582,5.455829818113193,2.786407891629729,2.454367126110804,1.1320726730382888,1.0450312913859567,2.786407891629729,2.454367126110804,43.723827470686764,47.979375696767,0.1,2.5,1.52587890625e-08
438,16.736922530872338,14.946959373278496,0.012365639235747386,0.011986964635567587,5.436737602613014,5.455205106150479,2.7834323532151353,2.460401793254525,1.131860683977371,1.0437214644324686,2.7834323532151353,2.460401793254525,43.85817978782803,47.54041248606466,0.1,2.5,1.52587890625e-08
439,16.75296795907332,14.872590200026565,0.01236265662762205,0.012002820998363804,5.436246606239988,5.454652930847645,2.786555666420328,2.445704923824323,1.1321011463534825,1.0432987147350374,2.786555666420328,2.445704923824323,43.65926856504746,47.70763656633222,0.1,2.5,1.52587890625e-08
440,16.725709354990624,14.865154911708938,0.012361625120010475,0.011981087221806597,5.4357029455856924,5.4540821849436,2.7811454974493457,2.444918419073524,1.1320249578395014,1.0415867493968611,2.7811454974493457,2.444918419073524,43.751744835287546,48.09085841694537,0.1,2.5,1.52587890625e-08
441,16.767540898155328,14.86846304311933,0.012362568681858924,0.011992154271241149,5.4351509074003985,5.453679819436642,2.7893649369627984,2.444834709433276,1.1324192699542064,1.0434647476261143,2.7893649369627984,2.444834709433276,43.83200725851479,48.007246376811594,0.1,2.5,1.52587890625e-08
442,16.730675633961365,14.9226175316733,0.012359186697029522,0.011986125219060957,5.434585442694787,5.452879836593849,2.7820206222289237,2.45598116367557,1.132377403265667,1.0427187810108947,2.7820206222289237,2.45598116367557,43.63833054159688,47.72853957636566,0.1,2.5,1.52587890625e-08
443,16.761852693584363,14.92745948821273,0.012368135888489314,0.011990190826256738,5.433846412724719,5.452345909748056,2.7884814580814057,2.456273263114751,1.1318463003216077,1.0444342246156606,2.7884814580814057,2.456273263114751,43.73080681183696,47.30351170568562,0.1,2.5,1.52587890625e-08
444,16.7301132387452,14.889656555958283,0.012358831049326344,0.012018184555505497,5.433361852721486,5.451897560021816,2.7821968220785833,2.449484607314851,1.1317170818447069,1.0425128122104317,2.7821968220785833,2.449484607314851,43.845965940815184,47.679765886287626,0.1,2.5,1.52587890625e-08
445,16.770507778421187,14.883111979251721,0.012365125379686846,0.011995439897338084,5.432857864865506,5.451339973653838,2.790010950806286,2.447422173775425,1.1324010429802984,1.0444358211828846,2.790010950806286,2.447422173775425,43.64879955332216,47.840022296544035,0.1,2.5,1.52587890625e-08
446,16.768365257216324,14.90920193671117,0.012381056601328266,0.012001258134218961,5.4323605090662594,5.450909791051211,2.789692916529329,2.4523474386038724,1.13214177162803,1.0451862373479632,2.789692916529329,2.4523474386038724,43.880862646566165,46.794871794871796,0.1,2.5,1.52587890625e-08
447,16.727630329824304,14.900450880843794,0.012362280059741037,0.012004351996117943,5.431981920330702,5.4504327502936425,2.78188534730776,2.450844099290395,1.1313215561381669,1.0445913721619375,2.78188534730776,2.450844099290395,43.95240089335567,47.338350055741365,0.1,2.5,1.52587890625e-08
448,16.751135224939258,14.869179810701539,0.012365674423724663,0.011992307434869783,5.431526511025655,5.450008051584131,2.7865217896828365,2.44516598301189,1.1315039856882485,1.0431783867786029,2.7865217896828365,2.44516598301189,43.79711055276382,47.71460423634337,0.1,2.5,1.52587890625e-08
449,16.73470484884274,14.886512895624508,0.012364365331545713,0.01201985441584352,5.430955750791804,5.449322426199514,2.783106827056987,2.4481414669466393,1.1318553813937522,1.044426735228918,2.783106827056987,2.4481414669466393,43.58075097710776,47.491638795986624,0.1,2.5,1.52587890625e-08
450,16.72777343634984,14.85827689133626,0.012354068238119683,0.011980958264258794,5.430283574669272,5.448743783510649,2.7819428250884157,2.44289796381624,1.1313384627577048,1.0434658788518363,2.7819428250884157,2.44289796381624,44.08675321049693,47.63099219620959,0.1,2.5,1.52587890625e-08
451,16.740478731812477,14.878259318595214,0.012359935564619746,0.011996706302922506,5.429739211405675,5.448241720763072,2.784135667123587,2.4473813901112362,1.1322332750413087,1.042265736471982,2.784135667123587,2.4473813901112362,43.72906197654942,48.13266443701226,0.1,2.5,1.52587890625e-08
452,16.737135007486604,14.884640373646748,0.012364991394036446,0.011975881145226717,5.429252474618185,5.447691822796229,2.7835649392379853,2.448507962551138,1.1320100066916094,1.0426777185936569,2.7835649392379853,2.448507962551138,43.58598548297041,48.40440356744705,0.1,2.5,1.52587890625e-08
453,16.738510583380226,14.904222634059265,0.012364552263742482,0.012008624282170298,5.428757907158166,5.447269527941377,2.783953912693452,2.4524372735018183,1.1317502928472378,1.042650295074701,2.783953912693452,2.4524372735018183,43.837241764377445,48.188405797101446,0.1,2.5,1.52587890625e-08
454,16.725721669157146,14.911195112842913,0.012362362451368807,0.01202029843452317,5.428247461366893,5.4467347436392455,2.7812181839658057,2.453871365773638,1.1322218143760259,1.0425722212297064,2.7812181839658057,2.453871365773638,43.83200725851479,47.94453734671126,0.1,2.5,1.52587890625e-08
455,16.734507160836394,14.875904727540288,0.012371125872835042,0.012002919849377944,5.427754832938155,5.446169633131761,2.7829352697801615,2.4465591116759557,1.1323420960832613,1.0432446230879862,2.7829352697801615,2.4465591116759557,43.65228922389726,47.70763656633222,0.1,2.5,1.52587890625e-08
456,16.740950190907814,14.924248180793413,0.01237151401802806,0.0120199018624199,5.427229735386698,5.445667965356323,2.7842844256737056,2.4560033541459303,1.1322167716433655,1.0438223536995341,2.7842844256737056,2.4560033541459303,43.85643495254048,47.62402452619844,0.1,2.5,1.52587890625e-08
457,16.778349115487785,14.902728862188333,0.012359848803939899,0.011986744699121319,5.426749490879555,5.445258034245758,2.7919542648351636,2.4518609801795304,1.1317714894703153,1.043455690776757,2.7919542648351636,2.4518609801795304,43.63135120044668,47.421962095875145,0.1,2.5,1.52587890625e-08
458,16.742627912230628,14.891732614574623,0.012363577473727702,0.0119941000595124,5.426375168651791,5.444931307232366,2.7849634669467367,2.4497369258034323,1.1314047204922326,1.0432803927855347,2.7849634669467367,2.4497369258034323,43.92448352875489,47.9933110367893,0.1,2.5,1.52587890625e-08
459,16.73362673147639,14.89340187102523,0.012365788060678808,0.01199313818291245,5.425990670969338,5.444426071949494,2.7827521078683755,2.449898263549592,1.1324506744467833,1.0437374000033672,2.7827521078683755,2.449898263549592,43.68893076493579,47.310479375696765,0.1,2.5,1.52587890625e-08
460,16.73504072218085,14.889342884289116,0.01236545777032573,0.012015034335612454,5.425403465311465,5.44382335190789,2.7832639751189383,2.4487343374037556,1.131907526904947,1.044636878148635,2.7832639751189383,2.4487343374037556,43.798855388051365,47.7773132664437,0.1,2.5,1.52587890625e-08
461,16.742114623520774,14.941512516111036,0.012379570437219807,0.01200759623702221,5.424810723976208,5.443199040764816,2.7845719287942603,2.459725566532301,1.1321971687373338,1.0432786015230942,2.7845719287942603,2.459725566532301,43.741275823562255,47.95150501672241,0.1,2.5,1.52587890625e-08
462,16.737373907961437,14.880586466794561,0.012362680239327323,0.012006953505045395,5.424193767247288,5.442505548896067,2.7833415942775144,2.447467649262087,1.1329419328006933,1.0434953472021564,2.7833415942775144,2.447467649262087,43.34170854271357,47.70763656633222,0.1,2.5,1.52587890625e-08
463,16.73351174316747,14.925959011915669,0.01235923070475118,0.011982781840581758,5.423438967572185,5.442004011892023,2.7830906559940427,2.456637716479392,1.1316776511923419,1.0432935914599908,2.7830906559940427,2.456637716479392,43.76744835287549,47.87486064659978,0.1,2.5,1.52587890625e-08
464,16.75762459793815,14.860954589801223,0.012358785900721531,0.01199036460045887,5.423010871904246,5.441459472894403,2.7877304611227354,2.4440170499924965,1.1321561952199035,1.042366542345704,2.7877304611227354,2.4440170499924965,43.65926856504746,47.73550724637681,0.1,2.5,1.52587890625e-08
465,16.747071557441682,14.909039965175598,0.01236747207129421,0.012010504503048117,5.4225234069483434,5.440937333548216,2.785842270640805,2.4535306098070433,1.1316201811326676,1.0426413171001634,2.785842270640805,2.4535306098070433,43.79013121161363,47.79821627647715,0.1,2.5,1.52587890625e-08
466,16.732423117811756,14.930425939485513,0.012376443968616771,0.012011764005216932,5.422000201836037,5.440537378275009,2.782945726118828,2.457421452571184,1.131559008329957,1.043626635635444,2.782945726118828,2.457421452571184,43.83200725851479,47.491638795986624,0.1,2.5,1.52587890625e-08
467,16.74678459785159,14.90202199708392,0.012375580840590678,0.012018130016549508,5.421552381190689,5.440053844664541,2.785684921700218,2.4515233685739064,1.1319145769596366,1.044190876858689,2.785684921700218,2.4515233685739064,43.69765494137353,47.63099219620959,0.1,2.5,1.52587890625e-08
468,16.767556708595194,14.876229947493094,0.012370433938122209,0.01198904421969567,5.4211377495830115,5.439633073349595,2.789969027075669,2.4465823572216223,1.131613671546672,1.0436829192981274,2.789969027075669,2.4465823572216223,43.81804857621441,47.81911928651059,0.1,2.5,1.52587890625e-08
469,16.742508825944295,14.903490863914872,0.012367752084788299,0.011993600773015615,5.420521374856341,5.43893591616066,2.7845478320108454,2.451834000339742,1.132674906587947,1.0442168202288573,2.7845478320108454,2.451834000339742,43.72033780011167,47.477703455964324,0.1,2.5,1.52587890625e-08
470,16.749720597386958,14.870250870950246,0.012360800688411356,0.012012696861307091,5.419851316945104,5.438339686313999,2.7863298636585023,2.445703965498585,1.1318627019490295,1.042942158155218,2.7863298636585023,2.445703965498585,44.02917364600782,48.09085841694537,0.1,2.5,1.52587890625e-08
471,16.759882563788555,14.918494302160632,0.012363958472020962,0.011998518011890925,5.419356827227381,5.437824852091811,2.7883731625321055,2.4554813059676053,1.1318585528533995,1.0426533438157344,2.7883731625321055,2.4554813059676053,43.98904243439419,47.505574136008924,0.1,2.5,1.52587890625e-08
472,16.744276764537954,14.905945913980371,0.01237357794585373,0.011991075635654073,5.418840200657421,5.437351857273608,2.7853113603884783,2.4525415242183435,1.1317311610541885,1.043755926881214,2.7853113603884783,2.4525415242183435,43.63658570630932,47.64492753623188,0.1,2.5,1.52587890625e-08
473,16.756746598823586,14.90750602097017,0.012361341036465133,0.012016966762467638,5.418339686178083,5.436821812105551,2.7876561478753783,2.453105488482659,1.132135265902525,1.04313967392729,2.7876561478753783,2.453105488482659,43.683696259073145,47.840022296544035,0.1,2.5,1.52587890625e-08
474,16.73734261935014,14.936136481753959,0.0123697366593546,0.01200383039214207,5.417881469896956,5.436310774506534,2.7836400599934947,2.4587766728140705,1.1324921726581438,1.0433091134530645,2.7836400599934947,2.4587766728140705,43.78315187046343,48.14659977703456,0.1,2.5,1.52587890625e-08
475,16.729963303677266,14.909379322260385,0.012367707903906162,0.011991481411965396,5.417344478306858,5.435802793024376,2.782473536858274,2.453452577426149,1.1317467036558755,1.043272319180245,2.782473536858274,2.453452577426149,43.76395868230039,48.31382385730212,0.1,2.5,1.52587890625e-08
476,16.74704628267613,14.855600984333085,0.01237822509626065,0.012004096753513202,5.416769424142417,5.435269965508843,2.7857727463986874,2.4425387876886986,1.1320636651157867,1.0436879262211862,2.7857727463986874,2.4425387876886986,43.78664154103852,47.62402452619844,0.1,2.5,1.52587890625e-08
477,16.730096796782306,14.926275468058677,0.012371583122059096,0.011991159440150096,5.416152728329418,5.43463583215822,2.782421786315211,2.4568064156982015,1.1320005118813614,1.0433942894207329,2.782421786315211,2.4568064156982015,43.78664154103852,47.791248606466,0.1,2.5,1.52587890625e-08
478,16.72763445442579,14.93093201840336,0.012368557836375776,0.0119994141705492,5.415617632639601,5.434068653230018,2.7820151223609195,2.457295550683403,1.1318142762868382,1.0445240391802495,2.7820151223609195,2.457295550683403,43.70463428252373,47.477703455964324,0.1,2.5,1.52587890625e-08
479,16.740464049168367,14.930380786143019,0.012371789021828299,0.012013934375126425,5.4150270603676205,5.4334677958833995,2.7845805045414878,2.457751377503343,1.1318435131139026,1.0431315921487883,2.7845805045414878,2.457751377503343,44.04487716359576,47.60312151616499,0.1,2.5,1.52587890625e-08
480,16.74812704860532,14.905656763542456,0.01237430660566809,0.012010360579966768,5.414475863769293,5.433039879984946,2.7860673433705325,2.452066388018554,1.1319842112257386,1.0450052217629175,2.7860673433705325,2.452066388018554,43.80234505862647,47.3871237458194,0.1,2.5,1.52587890625e-08
481,16.74371378678706,14.882360058617564,0.012364757758430567,0.012007210096354734,5.414072164804958,5.432584790215976,2.7852082927422708,2.448230945412796,1.1319501525127043,1.0429697981646229,2.7852082927422708,2.448230945412796,43.9035455053043,47.97240802675585,0.1,2.5,1.52587890625e-08
482,16.733082861290637,14.926164266656473,0.012362487979715826,0.011998320837300624,5.4133599332961735,5.431783835093181,2.782929375875868,2.4570499250588473,1.1323687484449412,1.0428688982657366,2.782929375875868,2.4570499250588473,43.68544109436069,47.80518394648829,0.1,2.5,1.52587890625e-08
483,16.72258128512844,14.916895326297551,0.0123755548763989,0.01200109396084163,5.412790880197922,5.431312498307414,2.7808472390017784,2.455255582579801,1.1323451911318176,1.0427425318338401,2.7808472390017784,2.455255582579801,43.78140703517588,47.96544035674471,0.1,2.5,1.52587890625e-08
484,16.74890068774114,14.863369700369097,0.012376027264944805,0.012009651698130562,5.412263629823873,5.430700522202712,2.786346917975089,2.4442408871624117,1.1317818129548542,1.043542808912271,2.786346917975089,2.4442408871624117,43.934952540480175,48.04208472686734,0.1,2.5,1.52587890625e-08
485,16.75169967979376,14.885774725124056,0.012374917413916654,0.011986662491474927,5.411644296097662,5.4301543586628895,2.786655065136073,2.4489244027281285,1.1324424953316923,1.0430753061603941,2.786655065136073,2.4489244027281285,43.88260748185371,47.88879598662207,0.1,2.5,1.52587890625e-08
486,16.74704494082282,14.862158275634018,0.01237034629447992,0.011974058255196082,5.411133090721569,5.429599430250085,2.7859355757717044,2.4443127909631635,1.1319417076893588,1.0428301287335298,2.7859355757717044,2.4443127909631635,43.490019542155224,48.02118171683389,0.1,2.5,1.52587890625e-08
487,16.719593942132093,14.926375019111761,0.012366580919350645,0.012009829934790248,5.410622952172106,5.42901258404837,2.7807343999211978,2.4562298371773235,1.1312465625791694,1.0451573749449738,2.7807343999211978,2.4562298371773235,44.04138749302066,47.60312151616499,0.1,2.5,1.52587890625e-08
488,16.74444804039832,14.906722178294375,0.012367059697154213,0.011991992433957233,5.410009894805005,5.42848730990985,2.785370322061876,2.4529509034045165,1.1321141598012978,1.0435634519211292,2.785370322061876,2.4529509034045165,43.54585427135678,47.20596432552954,0.1,2.5,1.52587890625e-08
489,16.732287012352614,14.889624987956273,0.012382686400753802,0.011981542709147518,5.409520135120198,5.427987837605386,2.782832930568608,2.4494559411354024,1.1323938076220565,1.0437824591878,2.782832930568608,2.4494559411354024,43.48478503629257,47.90273132664437,0.1,2.5,1.52587890625e-08
490,16.727256214731835,14.903607640643848,0.012360635769435442,0.011988586883207029,5.409036885021386,5.427584406258403,2.782010074170324,2.4523651162650406,1.131970743637788,1.043517512355494,2.782010074170324,2.4523651162650406,44.02219430485762,47.589186176142704,0.1,2.5,1.52587890625e-08
491,16.704972765021054,14.917010346649748,0.01236771331868113,0.011983579194947762,5.408637383874737,5.427146279027762,2.7776602416781326,2.4550846490838723,1.1317200467015431,1.0434444051655374,2.7776602416781326,2.4550846490838723,44.19318816303741,47.66583054626533,0.1,2.5,1.52587890625e-08
492,16.749266334248283,14.921098884531487,0.012366824302383471,0.011998040993036568,5.408122965771682,5.426580441303742,2.786287387345238,2.4555725430698034,1.1323251334200486,1.0442900041008207,2.786287387345238,2.4555725430698034,43.86341429369068,47.61705685618729,0.1,2.5,1.52587890625e-08
493,16.72615068202442,14.867331236899895,0.012378430554548634,0.011997779845825937,5.407541806973405,5.425879374262747,2.7818322913863684,2.444916927960671,1.1319283353490313,1.0440804616131778,2.7818322913863684,2.444916927960671,43.751744835287546,47.46376811594203,0.1,2.5,1.52587890625e-08
494,16.726231994075125,14.934124666977354,0.01236525610804824,0.012017528529599758,5.406805959911336,5.425221795089534,2.781906866082128,2.4584704416917185,1.1318258941672754,1.0436163274872396,2.781906866082128,2.4584704416917185,43.9750837520938,47.45680044593088,0.1,2.5,1.52587890625e-08
495,16.748663197809726,14.914510668453698,0.01238286878917801,0.012018300136063278,5.406305682652493,5.424902245086704,2.7864994196037154,2.4544947841095683,1.1315763098510665,1.0437640913885706,2.7864994196037154,2.4544947841095683,43.84422110552764,47.42892976588629,0.1,2.5,1.52587890625e-08
496,16.735277828725604,14.90858327319125,0.012380138844031153,0.012003398214860371,5.405798070195132,5.424247420086643,2.783803646555165,2.453400852821078,1.13164981525747,1.0435754217564595,2.783803646555165,2.453400852821078,43.81106923506421,47.80518394648829,0.1,2.5,1.52587890625e-08
497,16.73984662944681,14.945599715446548,0.012372432077966011,0.012028914032173795,5.40520946144858,5.423726502868244,2.784668251630782,2.4608502231181135,1.1318060017910037,1.0434735165524776,2.784668251630782,2.4608502231181135,44.009980457844776,47.97240802675585,0.1,2.5,1.52587890625e-08
498,16.76554809902581,14.876039878181789,0.012375659052446893,0.012009264449635676,5.404785147197815,5.423308545796236,2.7898222530839965,2.4467135165447376,1.1317913344557362,1.0440661319787952,2.7898222530839965,2.4467135165447376,43.92971803461753,47.310479375696765,0.1,2.5,1.52587890625e-08
499,16.736187713895678,14.89359566678969,0.012371084411560424,0.011991006327396385,5.404293460995042,5.422720213265988,2.783938088409066,2.4503592054713663,1.1318484150717738,1.0437683508946345,2.783938088409066,2.4503592054713663,43.920993858179784,47.61008918617614,0.1,2.5,1.52587890625e-08
500,16.765467991448194,14.900806588605628,0.012369410402652672,0.011973077155142989,5.403739844268424,5.422164858517173,2.789575932080489,2.4517907244438844,1.1324224604500666,1.0438316673073615,2.789575932080489,2.4517907244438844,43.85817978782803,47.93756967670011,0.1,2.5,1.52587890625e-08
