epoch,train_loss,val_loss,train_recon_loss,val_recon_loss,train_kl_loss,val_kl_loss,train_age_loss,val_age_loss,train_site_loss,val_site_loss,train_age_mae,val_age_mae,train_site_acc,val_site_acc,current_beta,current_grl_alpha,current_lr
1,11.380654553871858,9.757735567082264,0.09769947537533535,0.03355703998560557,12.744234264329583,1.0158856274558017,2.9952015123308735,2.5331111395505226,1.1486752672211409,1.0624225685827708,2.9952015123308735,2.5331111395505226,42.922948073701846,44.850891861761426,0.0,0.0,0.001
2,10.95127318545735,9.641997783346186,0.031004677233892004,0.02092025161553652,10.863788896436334,18.92085590064858,2.8879441176626948,2.518934091198006,1.1282180684828211,1.0321376239309874,2.8879441176626948,2.518934091198006,44.78992183137912,51.888238573021184,0.0,0.0125,0.001
3,10.833400569236325,9.50779089348239,0.020048072429541302,0.015322571672258303,31.478017433204844,47.822519223692694,2.8661896113508045,2.480433170346246,1.1073918398500886,1.0255843702633112,2.8661896113508045,2.480433170346246,48.01612227805695,52.82190635451505,0.0,0.025,0.001
4,10.783443090437778,9.52110009634641,0.016453997526860716,0.016053903517764947,39.57139595070077,47.1635396440691,2.8547498954866666,2.480771487107378,1.1013696974446028,1.0313658718281367,2.8547498954866666,2.480771487107378,48.82398101619207,50.7803790412486,0.0,0.0375,0.001
5,10.794150955779536,9.512738784420051,0.014939227578761123,0.015115995540459087,50.55165615539721,55.85156966584715,2.851707781179866,2.462987324997467,1.1120442073482297,1.0543304162147717,2.851707781179866,2.462987324997467,48.089405360134,49.52619843924192,0.0,0.05,0.001
6,10.755572478242723,9.766395763409975,0.014248778947874996,0.017799872951737815,69.3885987248253,68.90257110085376,2.8330396630123698,2.53387646903694,1.1211023413223105,1.0734832486845844,2.8330396630123698,2.53387646903694,46.62374371859296,45.91694537346711,0.0,0.0625,0.001
7,10.713072468487661,9.458339837349644,0.013572535605498993,0.013632858901958467,69.834644345316,78.0142994160902,2.813150490814584,2.455759393996087,1.1300242265331752,1.038714391066212,2.813150490814584,2.455759393996087,44.97836404243439,50.27173913043478,0.0,0.075,0.001
8,10.666103360374702,9.469275602130189,0.013038880569784419,0.01310482032601218,91.63731757014374,97.5126567827818,2.8014052715599704,2.4570275337799736,1.1244243290223335,1.0425441002633127,2.8014052715599704,2.4570275337799736,45.38491066443328,51.58862876254181,0.0,0.08750000000000001,0.001
9,10.647716618063463,9.46846099628121,0.013005026117474722,0.013678155133423863,98.53038412548855,105.4077895726913,2.7952129160605748,2.4540003390615204,1.1245364105148996,1.046390916059913,2.7952129160605748,2.4540003390615204,45.55241485203797,52.494425863991076,0.0,0.1,0.001
10,10.61998711558842,9.383695199470989,0.013971117629847967,0.013813187037007997,94.33447993207683,76.10941284928168,2.7887542707037487,2.424160204537072,1.1198765920700806,1.048700686016742,2.7887542707037487,2.424160204537072,46.0287548855388,50.51560758082497,0.0,0.11249999999999999,0.001
11,10.607685877183906,9.315837641623506,0.012923744531054026,0.011415374819334667,99.58288765486095,107.23851089732703,2.7851499053501403,2.41699837016953,1.11965619539296,1.0267136009906315,2.7851499053501403,2.41699837016953,46.210217755443885,51.191471571906355,0.0,0.125,0.001
12,10.595568007293991,9.432811385147282,0.013103559866988546,0.011378722686897817,102.55719634822331,100.7287050840448,2.782544980562978,2.442412040172479,1.1174147412605222,1.0470982863087053,2.782544980562978,2.442412040172479,46.43530150753769,49.254459308807135,0.0,0.1375,0.001
13,10.59432680096991,9.412715302661908,0.012766574509441853,0.012552251016623533,107.27472809877294,119.48441555401686,2.7815491283891722,2.442621018176892,1.1184564092717046,1.0361500056159403,2.7815491283891722,2.442621018176892,46.0392238972641,50.94760312151616,0.0,0.15,0.001
14,10.594587211033806,9.473974531443755,0.011999156533016099,0.011904750855114216,110.13782745736195,109.31351908978279,2.7813124912268354,2.453110221237642,1.1193252939674723,1.0513695569474295,2.7813124912268354,2.453110221237642,45.91010608598548,49.03149386845039,0.0,0.1625,0.001
15,10.567518455765223,9.423466040272112,0.0124131695412636,0.011938281735216362,111.49468389241673,104.44092955318183,2.770333671090591,2.445692756768719,1.1220521301879756,1.0372247499234168,2.770333671090591,2.445692756768719,45.383165829145725,52.98216276477146,0.0,0.17500000000000002,0.001
16,10.564803403026893,9.310305660783646,0.01214083243943522,0.01196655428188634,109.13548160384714,106.54495947762344,2.7703031262227906,2.4111175438765033,1.1208765801606,1.0324932407907552,2.7703031262227906,2.4111175438765033,46.01130653266331,51.82552954292085,0.0,0.1875,0.001
17,10.557720663559497,9.304343823206464,0.012240288079217584,0.011848299279227571,106.96043085878884,108.03317674107376,2.768062402521812,2.4079098454287218,1.1206465746556362,1.0343830023322218,2.768062402521812,2.4079098454287218,45.519262981574535,49.951226309921964,0.0,0.2,0.001
18,10.550702108343774,9.259285992204545,0.011801840577821602,0.011593898774904418,118.07511962345365,133.1159989815226,2.7670730552747886,2.3974430372350857,1.1188405386766596,1.0276814801504248,2.7670730552747886,2.3974430372350857,45.2749860413177,48.822463768115945,0.0,0.21250000000000002,0.001
19,10.546074471614801,9.38588187792894,0.012021257014792269,0.011651350456261913,121.56001516030129,113.08299781008309,2.764002114817259,2.4311385906925436,1.1210234267694335,1.0404073892362673,2.764002114817259,2.4311385906925436,44.9713847012842,48.06995540691193,0.0,0.22499999999999998,0.001
20,10.544106098475368,9.622707282951977,0.012525030282299522,0.013770933864158532,115.7725274806446,113.27723261770463,2.7628704086486886,2.5137212879814563,1.1214849180112931,1.0338862541660152,2.7628704086486886,2.5137212879814563,44.88065326633166,50.25780379041248,0.0,0.2375,0.001
21,10.54305622765367,9.276596551489005,0.013410275094814303,0.012275598504047929,125.72058004084278,135.25489521345565,2.761188369167377,2.3969822699409664,1.1230404312420263,1.0366870516385787,2.761188369167377,2.3969822699409664,45.01500558347292,50.57831661092531,0.0,0.25,0.001
22,10.532220124799004,9.288644587581638,0.013125099480414211,0.012657545785208875,124.92534199964395,137.4554903844793,2.7570710212807628,2.3998950419484437,1.1239409766870794,1.0381509796565724,2.7570710212807628,2.3998950419484437,44.97312953657175,50.111482720178365,0.0,0.2625,0.001
23,10.51619399159664,9.261375823813006,0.012473039858933437,0.012076579132963516,132.48049258813055,136.09234527281694,2.752201415785593,2.3849409176753116,1.1235583402936116,1.0472382538959202,2.752201415785593,2.3849409176753116,44.55611390284757,48.40440356744705,0.0,0.275,0.001
24,10.52378432967688,9.376064213621975,0.012347284760606947,0.011980698133508364,130.02248030278616,123.74047713774104,2.75472049577352,2.4330856233270404,1.123637791388132,1.032413285312844,2.75472049577352,2.4330856233270404,44.884142936906755,50.08361204013379,0.0,0.28750000000000003,0.001
25,10.514148560933466,9.340869214622472,0.0125735211563112,0.011860102289454926,123.51359839255686,106.01229995336288,2.751398190115498,2.420544700080336,1.1236902322934235,1.033687507960044,2.751398190115498,2.420544700080336,44.94695700725851,49.82580824972129,0.0,0.3,0.001
26,10.504204745801184,9.290266665327907,0.011953917916475196,0.01184518918511328,124.18674544393517,137.25766926811158,2.7486109939918113,2.403323938748244,1.1232089057173695,1.0342248722063658,2.7486109939918113,2.403323938748244,44.8963567839196,49.02452619843925,0.0,0.3125,0.001
27,10.508270460690019,9.284327751550919,0.012504761706307606,0.011152502486779205,135.26513634388306,128.41136174536868,2.7490647508737296,2.3977585814336737,1.1242857116484095,1.0399497768020418,2.7490647508737296,2.3977585814336737,44.78294249022892,49.63071348940914,0.0,0.325,0.001
28,10.489479399872252,9.376052665604131,0.013223110973764272,0.013028103475113179,133.87790118909163,136.68229023774995,2.7425369950128893,2.4322553932866127,1.1243226562113418,1.0331292044093112,2.7425369950128893,2.4322553932866127,44.55611390284757,50.03483835005574,0.0,0.3375,0.001
29,10.477520014040302,9.260750214524625,0.01317959308462027,0.011683839813514365,138.44223056965737,129.31388125212297,2.739312472788067,2.3998799600462983,1.1232014935752788,1.0247132711054356,2.739312472788067,2.3998799600462983,44.318816303740924,51.2263099219621,0.0,0.35000000000000003,0.001
30,10.473451611717476,9.228519896865556,0.01235413814555294,0.010998807229732923,135.97022816856636,134.87859365746064,2.7370483136456616,2.38277884364261,1.1249762657699074,1.0345923291268024,2.7370483136456616,2.38277884364261,44.679997208263536,50.56438127090301,0.0,0.3625,0.001
31,10.47734843679542,9.270783727915923,0.012895489935224979,0.011445940154476907,144.3034512228569,146.0802110822969,2.738311207940098,2.392284699506983,1.124759665486002,1.0412418754603152,2.738311207940098,2.392284699506983,44.371161362367395,50.68283166109253,0.0,0.375,0.001
32,10.473932629387715,9.291198319017289,0.013005524653252911,0.012200615546326574,138.2028093961016,127.87865135847791,2.7366221527491517,2.4043884944490497,1.1255302995626384,1.0329161510951277,2.7366221527491517,2.4043884944490497,44.48806532663316,50.71070234113713,0.0,0.3875,0.001
33,10.461191317943273,9.304774240772328,0.012937675326925326,0.013640372323468245,138.83032540087592,147.60254459104675,2.7334766387939453,2.4061678508452347,1.1239118803020032,1.036315139187884,2.7334766387939453,2.4061678508452347,45.07781965382468,50.285674470457074,0.0,0.4,0.001
34,10.464018321716207,9.300480211060183,0.012899321626657584,0.012018217703113654,139.69341203528765,146.59598703713985,2.7341321607597178,2.4012133326950416,1.1243612637804714,1.042411019172158,2.7341321607597178,2.4012133326950416,44.92601898380793,49.777034559643255,0.0,0.41250000000000003,0.001
35,10.46369235839077,9.475839152383964,0.012974370833089038,0.012686357398412566,137.09900900001037,131.09231223762367,2.7327669699853656,2.461024701927551,1.1262085508994055,1.0400393495591589,2.7327669699853656,2.461024701927551,44.652079843662754,50.125418060200666,0.0,0.42500000000000004,0.001
36,10.446289201477665,9.603620529706395,0.012673458970546522,0.013888456344754002,137.7162222380348,151.3969864010678,2.72753829199931,2.500445338263028,1.125500416303067,1.044198028751573,2.72753829199931,2.500445338263028,45.03419877163596,49.12207357859531,0.0,0.4375,0.001
37,10.44484289500515,9.523946500542172,0.012323133158120511,0.011356339010190937,148.21428750707477,139.10771039709732,2.7266040299605683,2.481189389691305,1.1263538300159055,1.0345110240721516,2.7266040299605683,2.481189389691305,44.536920714684534,49.951226309921964,0.0,0.44999999999999996,0.001
38,10.431762726728907,9.24963545400562,0.012562589121889895,0.011326993317234278,144.24839214450617,163.7728365044397,2.7218957144344804,2.3857135569371506,1.1267564908410503,1.040583887028455,2.7218957144344804,2.3857135569371506,44.327540480178676,50.34141583054627,0.0,0.4625,0.001
39,10.440987184951586,9.259979268247335,0.011382472102849062,0.010687700183096538,155.08959546027938,146.14403640253755,2.7259292750302673,2.39093000381155,1.125908446471695,1.0382507667360763,2.7259292750302673,2.39093000381155,44.285664433277496,49.65161649944258,0.0,0.475,0.001
40,10.427056437694182,9.232226925682994,0.011417823497857015,0.010493183663216655,159.137550724611,167.7326957507011,2.720430889720693,2.385719970848781,1.127172972755283,1.0322868765530113,2.720430889720693,2.385719970848781,44.31707146845338,49.83277591973244,0.0,0.48750000000000004,0.001
41,10.422008621965555,9.188984753429025,0.011481113686620989,0.01123813338320258,160.70589410812744,155.3355171943588,2.7197717752355492,2.373299394297095,1.1256060811276545,1.0289241805124443,2.7197717752355492,2.373299394297095,44.503768844221106,50.87792642140469,0.0,0.5,0.001
42,10.413613087767532,9.205123704678504,0.012351918504856806,0.01300148085723221,156.53732531540624,161.93411169828246,2.717316112592858,2.3793894386078867,1.1246564101400753,1.0269769572361125,2.717316112592858,2.3793894386078867,44.71663874930207,50.404124860646604,0.0,0.5125,0.001
43,10.412931620642036,9.249652508509199,0.012911636361541327,0.012724280344901674,168.03933459377237,172.94229352221706,2.716162432378261,2.3909582528913833,1.1257663318260231,1.03202672520343,2.716162432378261,2.3909582528913833,44.52296203238414,51.017279821627646,0.0,0.525,0.001
44,10.411214202825482,9.279459048540165,0.012040099185240927,0.012159919531324436,161.48713449790185,171.1102767144823,2.715994410512169,2.40250550278586,1.1255954269721213,1.0298913180362952,2.715994410512169,2.40250550278586,44.629396984924625,51.46321070234114,0.0,0.5375,0.001
45,10.39093770719919,9.291341922487835,0.012381802442510125,0.01215275627464355,156.86972231627976,153.16853090964565,2.7088190536136936,2.402514972415656,1.126049348191134,1.0358221227242927,2.7088190536136936,2.402514972415656,44.62416247906197,50.20903010033445,0.0,0.55,0.001
46,10.39930607791988,9.238819237669707,0.012900979209239926,0.011983984955685128,152.4466083043118,161.4969719724113,2.712116701119709,2.3859762959389914,1.1250275051307572,1.0344531784621103,2.712116701119709,2.3859762959389914,44.52296203238414,49.63768115942029,0.0,0.5625,0.001
47,10.394525547123434,9.253455648985728,0.013124468606350177,0.013585381333403696,169.77131801926842,182.28629240888682,2.7091890789822184,2.387700953744061,1.126916908738601,1.0383836867551475,2.7091890789822184,2.387700953744061,44.515982691233944,49.01059085841695,0.0,0.5750000000000001,0.001
48,10.376479127033006,9.224759148647687,0.013223105659349579,0.01222052625323352,170.57931193953982,168.56335544479865,2.703640831974483,2.3844556221063584,1.126166760488837,1.0295858769911188,2.703640831974483,2.3844556221063584,44.36243718592965,50.69676700111483,0.0,0.5874999999999999,0.001
49,10.396262614038788,9.29770237253927,0.012956013329460227,0.013645596218730427,170.66921924652831,181.97878225405213,2.710083184330108,2.408518002317635,1.1265285339254296,1.0292513741963152,2.710083184330108,2.408518002317635,44.64859017308766,50.48773690078038,0.0,0.6,0.001
50,10.365923064171701,9.298528611726452,0.013166514701625444,0.012655650785684985,174.45375251876516,169.2896837555578,2.6996537530175937,2.4065523386798975,1.126897652544568,1.0331079759193769,2.6996537530175937,2.4065523386798975,44.411292573981015,50.55741360089186,0.0,0.6125,0.001
51,10.454658263891785,9.353156559177599,0.012692418890120696,0.01262679037616205,108.00876059391058,88.66578350258511,2.7019685165366933,2.398423311037895,1.1265215208116421,1.0385549603364406,2.7019685165366933,2.398423311037895,44.414782244556115,49.47742474916388,0.0007686158073360571,0.625,0.001
52,10.442993323274461,9.319312935555924,0.012512925977957508,0.012064916365172552,80.18429683853567,78.28775866454262,2.703934812465904,2.3897481742112534,1.1266877392295485,1.0371237453010966,2.703934812465904,2.3897481742112534,44.306602456728086,49.407748049052394,0.0008143799688664224,0.6375,0.001
53,10.391907118473021,9.329589020847077,0.012098275642948134,0.011843704056812902,75.90689805125072,75.12096878783227,2.687734408594256,2.3938913632396073,1.1255393966757872,1.0356114342592764,2.687734408594256,2.3938913632396073,44.69570072585148,49.345039018952065,0.0008632524167987623,0.65,0.0005
54,10.378253504925103,9.314103932417888,0.011857301491821765,0.01166526734758347,70.46217881654775,74.02236062414538,2.6837285082810154,2.3878652818226893,1.1253533551042003,1.0355398160558082,2.6837285082810154,2.3878652818226893,44.63637632607482,50.222965440356745,0.0009154408582006737,0.6625000000000001,0.0005
55,10.374836819987934,9.325041791135519,0.012452920062112814,0.012003023309244826,71.48446727264933,70.67686845147888,2.679730017314338,2.3888334741560513,1.1268852630319175,1.0389496526590558,2.679730017314338,2.3888334741560513,44.43048576214406,50.404124860646604,0.0009711663986888792,0.675,0.0005
56,10.369711506373386,9.341098190550023,0.011993239029497324,0.011767563403873738,70.08210968239091,72.03156728755138,2.6775566743513113,2.394794960949599,1.126408569710272,1.0353527009952295,2.6775566743513113,2.394794960949599,44.8108598548297,50.02090301003344,0.001030664338572162,0.6875,0.0005
57,10.36813725844766,9.371758230288027,0.012042096057841227,0.011704220593291249,69.16857784916608,68.18225770437864,2.675878341074166,2.4075141567051612,1.1263884578185133,1.0314537694090053,2.675878341074166,2.4075141567051612,44.5107481853713,50.53651059085842,0.0010941850065037412,0.7000000000000001,0.0005
58,10.370278331302918,9.360459848656967,0.012048624822009815,0.011536529279389775,66.77532645672277,65.6985797945871,2.676738453337362,2.4010452622155283,1.1252108826975393,1.0347230515485357,2.676738453337362,2.4010452622155283,44.945212171970965,50.654960981047935,0.0011619946309257845,0.7124999999999999,0.0005
59,10.35985678817093,9.391027935904138,0.011950229393918377,0.011788384037854413,64.28538272501969,56.556706891012034,2.6723038346191013,2.4105342534872203,1.1258213504075605,1.038912263801664,2.6723038346191013,2.4105342534872203,44.79864600781686,49.3798773690078,0.0012343762493168845,0.725,0.0005
60,10.367279997356507,9.439668510271156,0.012394257199220955,0.012251117733933255,60.006481296319926,59.419883090118105,2.674134714652679,2.4278810353847917,1.126887604685751,1.0329186722320591,2.674134714652679,2.4278810353847917,44.625907314349526,50.60618729096989,0.0013116306549289963,0.7374999999999999,0.0005
61,10.361814540434922,9.328250947737507,0.012682412182137429,0.012201129290645936,59.19514123052941,56.730573197006514,2.6713514567619594,2.389740020535064,1.1262775734108563,1.0338715074984657,2.6713514567619594,2.389740020535064,44.62067280848688,50.43896321070234,0.0013940773803165164,0.75,0.0005
62,10.370121208267594,9.35922916969461,0.012688909879340132,0.013038715751532261,56.626640581805106,52.87054797186368,2.6721887740258197,2.3976373712354677,1.128471062011655,1.03746064304641,2.6721887740258197,2.3976373712354677,44.11990508096036,49.97909698996656,0.001482055716509583,0.7625,0.0005
63,10.366629724593086,9.333658398061559,0.012270387910027733,0.011567945801834664,55.26919479412716,55.072407143038916,2.6717898635342427,2.387902559644004,1.125944793723536,1.0357963784349669,2.6717898635342427,2.387902559644004,44.69395589056393,49.867614269788184,0.0015759257661579784,0.775,0.0005
64,10.339427812215272,9.37879477270205,0.011728119930342912,0.011637469094325534,53.38912544910765,52.448966818376796,2.6613765540301366,2.4022940595280233,1.1270430743661026,1.0361834989742291,2.6613765540301366,2.4022940595280233,44.49853433835846,49.73522853957636,0.001676069528362651,0.7875,0.00025
65,10.339997414568161,9.362349548999017,0.011974237334567664,0.011443862028071116,53.520395343893405,53.01434940265838,2.6589678185802144,2.394555891636622,1.1278493230666347,1.0363595683704916,2.6589678185802144,2.394555891636622,44.32230597431602,49.70735785953177,0.001782892012209292,0.8,0.00025
66,10.342207602453525,9.386533885496515,0.0117489484215227,0.01141769636148294,53.94236210323059,52.6599278402169,2.658107545507613,2.4022832594587653,1.1269084779594545,1.0341899244814545,2.658107545507613,2.4022832594587653,44.30834729201563,50.055741360089186,0.001896822375212947,0.8125,0.00025
67,10.342997275671435,9.48772235219694,0.012022848070470698,0.011775114621298436,53.418480047229146,53.983900867576985,2.6570186025267004,2.4324490588112684,1.1260516550339912,1.0348217377030065,2.6570186025267004,2.4324490588112684,44.72536292573981,49.92335562987737,0.0020183150819636413,0.8250000000000001,0.00025
68,10.349501890419981,9.44437713739997,0.012089110820412237,0.011810424055492997,53.0207997870006,50.61734432360799,2.656951080681158,2.4183190557337393,1.1263393831945279,1.0344455194313789,2.656951080681158,2.4183190557337393,44.353713009491905,49.87458193979933,0.0021478510772199723,0.8375,0.00025
69,10.350356604652255,9.39142267467452,0.012191043166721387,0.011792063225089773,51.008377281798126,50.76688127294432,2.655642240157945,2.3975446947176455,1.1273183999681926,1.0354732781349616,2.655642240157945,2.3975446947176455,44.56134840871022,50.16025641025641,0.0022859389665194347,0.8500000000000001,0.00025
70,10.358476768186943,9.482036016457855,0.01220696556289841,0.011725461873596528,50.4664186768396,50.26127391462209,2.657045350002883,2.427035641909443,1.1261715647363584,1.0334560419936376,2.657045350002883,2.427035641909443,44.66254885538805,49.9860646599777,0.002433116196050013,0.8624999999999999,0.00025
71,10.347360330344179,9.36264380430564,0.012069502134564567,0.011884880704865474,49.171888107563916,46.55946084727412,2.652806168092422,2.388755462241412,1.1247597685877269,1.031952910000664,2.652806168092422,2.388755462241412,44.727107761027355,49.85367892976589,0.002589950222046692,0.875,0.00025
72,10.359157592607303,9.41252641295111,0.012272348050246486,0.012028273802412592,46.85220837872632,45.888895406903764,2.655344516854257,2.4029399363890938,1.1258391595831934,1.0325804132150036,2.655344516854257,2.4029399363890938,44.64684533780011,50.38322185061316,0.0027570396583289,0.8875,0.00025
73,10.357072790796567,9.46884959570673,0.012394742430242361,0.012011734183167535,43.61063303007619,43.12804671407676,2.654847148807937,2.421674829927442,1.1260693690951213,1.0326159433643423,2.654847148807937,2.421674829927442,44.608458961474035,49.784002229654405,0.002935015388771569,0.8999999999999999,0.00025
74,10.380113639490755,9.544922391706486,0.012325630751545039,0.01223701407661539,43.30092080274419,41.8606219764803,2.659143143429695,2.4437644614556695,1.1275315248120903,1.0352983622247958,2.659143143429695,2.4437644614556695,44.221105527638194,50.16025641025641,0.0031245416294963515,0.9125,0.00025
75,10.370823970392122,9.469677055958522,0.012562525862155016,0.012437038054043965,41.926976958444705,40.45502502118199,2.6547346751427665,2.4178200568110912,1.1272975087897994,1.0346068159127846,2.6547346751427665,2.4178200568110912,44.554369067560025,49.63768115942029,0.0033263169233752085,0.925,0.000125
76,10.358728993478133,9.436877260240026,0.01262835189460926,0.012221128561449888,40.11027053159951,39.835616976122395,2.6500735357445357,2.4053216294168496,1.1269232792803723,1.0338151635666488,2.6500735357445357,2.4053216294168496,44.3641820212172,49.99303232998885,0.0035410750470544943,0.9375,0.000125
77,10.370231086351831,9.431779931620213,0.012522995509394449,0.01217024127143947,39.855329491185586,38.92200125712349,2.651388501801483,2.4013073962667715,1.1266522598559467,1.0344838249510613,2.651388501801483,2.4013073962667715,44.7463009491904,50.062709030100336,0.003769585808135771,0.95,0.000125
78,10.37317191549415,9.427651942241418,0.012455773585081301,0.012094496737920587,38.65597580612072,36.83280247376781,2.6509237385275375,2.3990743505781977,1.1264158935269986,1.0352685119263172,2.6509237385275375,2.3990743505781977,44.64161083193747,49.951226309921964,0.004012655707396759,0.9625,0.000125
79,10.381843711729491,9.456932159304753,0.012349100216665725,0.012172696185832969,37.614870477162015,36.53239661209294,2.651248259227546,2.4063451118692507,1.1275459488698851,1.0348447866928883,2.651248259227546,2.4063451118692507,44.353713009491905,49.90245261984392,0.004271128438016433,0.9750000000000001,0.000125
80,10.397301985390822,9.43754949697284,0.012417981449965988,0.012179226744317822,36.8262535981264,35.88274531539866,2.654745704830858,2.3974470353312585,1.1266194826926952,1.0349551550919396,2.654745704830858,2.3974470353312585,44.43048576214406,49.937290969899664,0.004545885190702477,0.9875,0.000125
81,10.391052577829708,9.431905361056462,0.012413204437000069,0.012296780896110412,35.43316316418246,32.653864238573156,2.651439104580733,2.3969532826805326,1.1264509923760282,1.0353872234473127,2.651439104580733,2.3969532826805326,44.550879396984925,49.71432552954292,0.004837844730438922,1.0,0.000125
82,10.402825094081383,9.440701056749393,0.01251103231160252,0.01219660879726394,33.14384496018981,32.1893368830516,2.6548843837729517,2.3965432101667528,1.1275188170086399,1.0365826441026984,2.6548843837729517,2.3965432101667528,44.51249302065885,50.2159977703456,0.005147963207317804,1.0125000000000002,0.000125
83,10.409427860074706,9.434274247125904,0.01245954730675365,0.012109249292425354,31.661048593100457,30.25502458995534,2.655913514041954,2.39430610923597,1.1279063872423072,1.0367664141266906,2.655913514041954,2.39430610923597,44.353713009491905,49.616778149386846,0.005477233660646032,1.025,0.000125
84,10.426442996141699,9.481796526722817,0.012261399543219642,0.011986542331135792,30.43519525618476,30.474401140159852,2.660385605211966,2.407153284270628,1.1278442302141558,1.0353927012271307,2.660385605211966,2.407153284270628,44.289154103852596,49.99303232998885,0.005826685172296986,1.0374999999999999,0.000125
85,10.432083588881842,9.488183629685555,0.012267291630628153,0.01191621987147043,29.660890367296005,27.963069643596874,2.660035604607919,2.410233375486589,1.1279448266138516,1.0361347336699998,2.660035604607919,2.410233375486589,44.32230597431602,49.72129319955407,0.0061973816221918936,1.05,0.000125
86,10.430349883522021,9.487014434542278,0.012134759794527562,0.011853160504812381,28.092900163830492,27.386659788048785,2.658926227517397,2.4066081691612236,1.128146214501143,1.0374235991915997,2.658926227517397,2.4066081691612236,44.153056951423785,49.65858416945373,0.006590419995953541,1.0625,6.25e-05
87,10.439036046107477,9.501603644827139,0.012108406100873504,0.011863031867920622,27.50922227025631,26.911144388426372,2.6593722029813236,2.4095780125164,1.128027927602622,1.0362210760148474,2.6593722029813236,2.4095780125164,44.19493299832496,49.70735785953177,0.007006928192300347,1.075,6.25e-05
88,10.461673025177019,9.532317389612613,0.012165331517282243,0.01195904366368866,26.847002912273226,26.27531008257914,2.664500793753091,2.4179544770465116,1.128023573435065,1.0353973646094834,2.664500793753091,2.4179544770465116,44.40605806811837,49.693422519509475,0.007448062275788417,1.0875,6.25e-05
89,10.461751821252768,9.5244522780479,0.01226524576297241,0.011989597005846443,26.327671006296946,25.287926862072386,2.6620866786428565,2.4134075149910372,1.1274214724732936,1.0360430596664199,2.6620866786428565,2.4134075149910372,44.31532663316583,49.7979375696767,0.007915003119233223,1.1,6.25e-05
90,10.4612241518158,9.54330710716205,0.012300658708990518,0.011987645811335898,24.743475438495512,23.675307449289786,2.661699974224063,2.4202020556365897,1.1278784156577804,1.0358144046869564,2.661699974224063,2.4202020556365897,44.33800949190396,50.09057971014492,0.008408952379742846,1.1125,6.25e-05
91,10.485915583914581,9.547537193383395,0.012279492569437311,0.012135171409335024,23.9796786454721,22.81376378326246,2.6680799680738594,2.4196483719441937,1.1276153145656447,1.036352119185321,2.6680799680738594,2.4196483719441937,44.313581797878285,49.96516164994426,0.008931127752985135,1.125,6.25e-05
92,10.47326949932667,9.556949510755082,0.012363750954527285,0.01205934869351827,22.96805024266842,22.403017764904828,2.6615879129657927,2.419593696211493,1.1291707796068047,1.036833311270179,2.6615879129657927,2.419593696211493,44.285664433277496,49.79096989966555,0.009482757452325189,1.1375,6.25e-05
93,10.482235626825602,9.535980427677151,0.012358620163263355,0.01218060880729154,21.820791214687873,20.821343858903866,2.6639153282446677,2.4130286085964445,1.129251558576996,1.0375728116785006,2.6639153282446677,2.4130286085964445,44.5177275265215,49.77006688963211,0.01006507386305655,1.1500000000000001,6.25e-05
94,10.509869513732637,9.531958421602962,0.012470043602330368,0.012230844554619048,20.774225953835337,19.780322387465667,2.6726481423306105,2.4111917441505253,1.128800358537986,1.0374561645248397,2.6726481423306105,2.4111917441505253,44.228084868788386,49.5819397993311,0.010679306327368195,1.1625,6.25e-05
95,10.51894432762227,9.520872881048366,0.012506128896167163,0.012254863212231874,19.63029810331974,18.90318922215082,2.6758190394113477,2.4065622831533853,1.128317540148528,1.037410466367983,2.6758190394113477,2.4065622831533853,44.357202680067005,49.54013377926421,0.011326673023201544,1.1749999999999998,6.25e-05
96,10.518079062802109,9.553714222732594,0.01251617352057525,0.0122167945506182,18.628975336276106,17.865541602722644,2.6742578694968167,2.4171772104176124,1.1295428043766969,1.0377149038357347,2.6742578694968167,2.4171772104176124,44.14782244556114,48.975752508361204,0.012008371910009544,1.1875,6.25e-05
97,10.52809363620232,9.553702449585948,0.012526115412459335,0.012238318389208951,17.806385287354605,17.38257083658922,2.6765390704424936,2.4146943249165544,1.1296769538982696,1.0380890008597867,2.6765390704424936,2.4146943249165544,43.86341429369068,49.67251950947603,0.012725570726865485,1.2,3.125e-05
98,10.546086536047513,9.543223266218817,0.01252760379645393,0.012288795000226668,17.453586184332853,16.996223189227425,2.679972231687613,2.4083031220579625,1.1291892173768154,1.0384631458599298,2.679972231687613,2.4083031220579625,44.33451982132887,49.01059085841695,0.01347939604357496,1.2125,3.125e-05
99,10.556412976391151,9.618441246823723,0.012588252061754382,0.01226415820087544,17.038034676573652,16.49570048639474,2.6804079507596663,2.430919674062144,1.1297262128274046,1.0390046028256283,2.6804079507596663,2.430919674062144,44.125139586823,49.23355629877369,0.014270921383558732,1.225,3.125e-05
100,10.579781159550567,9.569672658956437,0.012597226648004377,0.01233816341213558,16.521536658290774,15.940740896839495,2.6857889565191475,2.412956393283346,1.1301614217822076,1.038870869937416,2.6857889565191475,2.412956393283346,44.009980457844776,48.989687848383504,0.015101154458355748,1.2375,3.125e-05
101,10.577976022333756,9.575391813531235,0.012581338363401653,0.012356425449667434,15.999774999953994,15.226089281913561,2.6839897277167495,2.4137621197014747,1.1289463604980843,1.0392863915915473,2.6839897277167495,2.4137621197014747,44.25600223338917,49.02452619843925,0.01597102357760342,1.25,3.125e-05
102,10.593976929758862,9.599288312620676,0.012612319715728746,0.01234792400600021,15.163182511534655,14.630395363007102,2.6883786797590057,2.420823637458393,1.130126673505667,1.0387442269452838,2.6883786797590057,2.420823637458393,44.25949190396427,49.21962095875139,0.01688136332512095,1.2625,3.125e-05
103,10.596526054880727,9.617089216791534,0.012635404685026504,0.01241688634743426,14.64886286164182,14.168213700769737,2.6876903529409453,2.4249627401464626,1.129793943072883,1.0385618790602074,2.6876903529409453,2.4249627401464626,43.8215382467895,49.36594202898551,0.017832899620936177,1.275,3.125e-05
104,10.615045750893273,9.612552658238405,0.01265871022333402,0.012447111715574062,14.104326831236158,13.692314997431692,2.69186226833073,2.4203008256495466,1.1306344230104464,1.0407141842438092,2.69186226833073,2.4203008256495466,43.805834729201564,49.191750278706806,0.018826234320274554,1.2875,3.125e-05
105,10.646773757380789,9.598964170734487,0.012712396164427318,0.012446997426616375,13.6694525128167,13.1469463531256,2.7008078592173685,2.415356948357096,1.1300687095694273,1.039661946171768,2.7008078592173685,2.415356948357096,43.80408989391402,49.12904124860646,0.01986182953299768,1.3,3.125e-05
106,10.629476938615094,9.623398818034126,0.01272007533453617,0.012446085247548594,13.023743911138265,12.42163654101998,2.694533864191163,2.423938712680353,1.13021909724661,1.0395138346763493,2.694533864191163,2.423938712680353,43.71335845896148,48.961817168338904,0.02093999187987189,1.3125,3.125e-05
107,10.644844989680765,9.597747074454658,0.012787319272590176,0.01254062566993428,12.330221852931412,11.86350401960222,2.699413026930033,2.4145297047286527,1.130901658355291,1.039949104738076,2.699413026930033,2.4145297047286527,43.69765494137353,49.04542920847268,0.022060856934294187,1.3250000000000002,3.125e-05
108,10.6565264579905,9.634960199013735,0.012815538741282117,0.012558760059168905,11.884887234183545,11.498606837048312,2.701732750647165,2.4247439407318865,1.1312468039263965,1.0405608515941445,2.701732750647165,2.4247439407318865,43.737786152987155,48.906075808249724,0.02322437412844814,1.3375000000000001,1.5625e-05
109,10.652963153747525,9.64057926297055,0.01280357895573962,0.012491409025189271,11.541601367398789,11.173768530455455,2.699082682480165,2.4249868499262544,1.130473422910966,1.0400744533060386,2.699082682480165,2.4249868499262544,43.9750837520938,49.03149386845039,0.024430292429882622,1.35,1.5625e-05
110,10.671859996802045,9.68857102569529,0.01280578760152536,0.01255961611489023,11.204438600907574,10.85104828561296,2.7032384353267087,2.4387332553183088,1.1308148309946193,1.0405883961829587,2.7032384353267087,2.4387332553183088,43.80408989391402,49.11510590858417,0.02567814711665667,1.3625,1.5625e-05
111,10.682384236440653,9.659825032105546,0.012866527244078422,0.012552119863147918,10.824739267678316,10.551062150145055,2.70482651099754,2.427623419458651,1.131562359435541,1.0399347743727558,2.70482651099754,2.427623419458651,43.73255164712451,49.21265328874024,0.026967247994862515,1.375,1.5625e-05
112,10.690759890975398,9.637602793333123,0.012872453349460975,0.012621722536093017,10.481172968461353,10.11442461194535,2.7062791120666554,2.418661622698092,1.131233901035047,1.0413958361847877,2.7062791120666554,2.418661622698092,43.68195142378559,48.641304347826086,0.028296669409921784,1.3875000000000002,1.5625e-05
113,10.708546151268223,9.666501458273284,0.012894565217708622,0.012618535146358087,10.064149479570501,9.744837835348038,2.7117909376079448,2.4270449545205373,1.1308616666671352,1.041832565397456,2.7117909376079448,2.4270449545205373,43.88260748185371,48.5994983277592,0.029665242401045473,1.4000000000000001,1.5625e-05
114,10.709124494304476,9.66917867564836,0.01294540710401961,0.012695002971775622,9.69487025603311,9.350049128899208,2.7109426537550476,2.427810990159195,1.1310582479772988,1.0412650883795824,2.7109426537550476,2.427810990159195,43.65752372975991,48.446209587513934,0.031071549335351518,1.4124999999999999,1.5625e-05
115,10.7338757144879,9.69507817095073,0.0129501816823388,0.01268048474197603,9.361250737870225,9.103748341733663,2.718001840901335,2.4348483048420952,1.1312745333649739,1.0409271130327928,2.718001840901335,2.4348483048420952,43.78140703517588,48.99665551839465,0.032513921333353527,1.4249999999999998,1.5625e-05
116,10.737009026630174,9.685590649926942,0.012970476870964287,0.012676329432946184,9.024787122214192,8.703795683423811,2.7187065412584195,2.431067282672444,1.1305812396263024,1.0419333072144583,2.7187065412584195,2.431067282672444,43.71859296482412,48.641304347826086,0.03399043876029487,1.4375,1.5625e-05
117,10.744091428504317,9.68518640737204,0.012953798917378545,0.012691194639066723,8.664414490487308,8.423300830283956,2.7201935767062477,2.429942448003635,1.1314896901581688,1.0418248536727632,2.7201935767062477,2.429942448003635,43.66101340033501,48.52982162764771,0.03549893500804304,1.45,1.5625e-05
118,10.760645681622972,9.6950739687236,0.012966246180868661,0.012737053423629888,8.459342173795205,8.177619341889619,2.723553029469842,2.431022974958388,1.131855829876272,1.0431967725190299,2.723553029469842,2.431022974958388,43.67322724734785,48.75278706800446,0.037037003730516646,1.4625,1.5625e-05
119,10.766886988543453,9.708703579578378,0.012967937749184956,0.01272671946938022,8.194123793154173,7.993754983346997,2.7249330249596815,2.4341184154667848,1.1314051707053172,1.042523288341403,2.7249330249596815,2.4341184154667848,43.65054438860972,48.641304347826086,0.0386020096230718,1.4749999999999999,7.8125e-06
120,10.77468517757141,9.699842208471054,0.01298174080462312,0.012757131926416355,8.026019231092324,7.822237338509448,2.725138054288079,2.4292500514782125,1.131857352440481,1.0424752890598548,2.725138054288079,2.4292500514782125,43.59470965940815,48.627369007803786,0.04019110275476605,1.4874999999999998,7.8125e-06
121,10.789157203427244,9.733397979800118,0.013010576768819344,0.012746104919699455,7.825354069987201,7.614508878693001,2.72839034249302,2.438447976989491,1.1319330548654383,1.0435059941731966,2.72839034249302,2.438447976989491,43.69765494137353,48.29988851727982,0.04180123637441476,1.5,7.8125e-06
122,10.796886870076975,9.745923653627054,0.013017237923793923,0.012711951167529309,7.645953164561243,7.461478443847452,2.7291951485681243,2.4410920598966754,1.1321133166168869,1.0429447543129342,2.7291951485681243,2.4410920598966754,43.5964544946957,48.376532887402455,0.04342918801987562,1.5125,7.8125e-06
123,10.807232652277603,9.70647785948006,0.013013412222777878,0.012766712898577469,7.455838928669941,7.2526909722931014,2.731713139764561,2.426962843706775,1.1315166969528283,1.0429661656037355,2.731713139764561,2.426962843706775,43.934952540480175,48.209308807134896,0.045071583668483454,1.525,7.8125e-06
124,10.813872477916417,9.75558449884455,0.013043582959424045,0.012795746863228886,7.254299878408495,7.063647765645481,2.732177853384609,2.4419916236945487,1.1326693727742487,1.0433827388113823,2.732177853384609,2.4419916236945487,43.55632328308208,48.03511705685619,0.046724924578711996,1.5375,7.8125e-06
125,10.828599185400472,9.77432285583139,0.013056330102023167,0.01278028536770688,7.05171858272627,6.870285762990997,2.7366776934953325,2.447164168060158,1.1321540042583267,1.043813558392966,2.7366776934953325,2.447164168060158,43.52317141261865,48.33472686733556,0.04838561639271581,1.55,7.8125e-06
126,10.822813800830938,9.753713548781482,0.013071406651381871,0.01280461814682287,6.854809592783218,6.678740323852403,2.7336458494249234,2.4394848439738634,1.1328608030583325,1.0440917480882328,2.7336458494249234,2.4394848439738634,43.62088218872138,48.4113712374582,0.05005,1.5625,7.8125e-06
127,10.822979599586883,9.770509327002857,0.01308433099435086,0.012833861229212387,6.661517112365586,6.473368666509588,2.733279561676971,2.4448315174949076,1.1327801624002036,1.044207339302752,2.733279561676971,2.4448315174949076,43.47431602456729,48.06995540691193,0.05171438360728421,1.575,7.8125e-06
128,10.834179649800312,9.733132379376636,0.013117974924078572,0.012830429801814997,6.45609145055331,6.2889556842238346,2.7373949407133424,2.4323491056095663,1.1321412423414468,1.043790589341086,2.7373949407133424,2.4323491056095663,43.80234505862647,48.648272017837236,0.053375075421288,1.5875,7.8125e-06
129,10.839027010216386,9.768950903030277,0.013120597576288822,0.012844715941252981,6.267565769832404,6.099441807937197,2.7382279105322245,2.4436185734726514,1.133164228972345,1.0448039252489572,2.7382279105322245,2.4436185734726514,43.217825237297596,48.07692307692308,0.055028416331516554,1.6,7.8125e-06
130,10.856431658610095,9.785445940534407,0.013151822889890337,0.012869756392627921,6.128336182258304,6.013787464154604,2.74353077636625,2.448344560769888,1.1326948755749906,1.04336816663859,2.74353077636625,2.448344560769888,43.42546063651591,48.00027870680045,0.05667081198012437,1.6125,3.90625e-06
131,10.85487555179564,9.75963033667642,0.013154095172411999,0.012878321472518021,6.0437216074489335,5.9284486217775205,2.741253276832406,2.437931501347086,1.1328100535804368,1.043668128508522,2.741253276832406,2.437931501347086,43.221314907872696,48.31382385730212,0.05829876362558524,1.625,3.90625e-06
132,10.865588990620966,9.784417877494956,0.013156700803935195,0.012887671887833073,5.949844264504898,5.837243392714688,2.7433895960924413,2.4446087306159794,1.1329074632116432,1.0440005953096625,2.7433895960924413,2.4446087306159794,43.6784617532105,48.03511705685619,0.05990889724523396,1.6375000000000002,3.90625e-06
133,10.879245169132133,9.795671934002351,0.013146319938797581,0.012940864035093466,5.8612523379770485,5.750815035374534,2.746671323201165,2.446803030760392,1.1328148146303987,1.0443291851509375,2.746671323201165,2.446803030760392,43.268425460636514,47.80518394648829,0.06149799037692819,1.6500000000000001,3.90625e-06
134,10.881156127456844,9.789220403800973,0.01316505618339341,0.012850570482063785,5.761129021711152,5.637503592598532,2.746131830678713,2.4433118817266677,1.1331407654425207,1.0454581719444216,2.746131830678713,2.4433118817266677,43.41150195421552,48.06995540691193,0.06306299626948335,1.6625,3.90625e-06
135,10.883137183239977,9.788353563816917,0.013175958364532189,0.012886235702247124,5.656188370860668,5.545559997941339,2.7465960514871584,2.442348168180672,1.1323886344979956,1.045086859061965,2.7465960514871584,2.442348168180672,43.329494695700724,47.7633779264214,0.06460106499195699,1.675,3.90625e-06
136,10.901762945834383,9.81537762772678,0.013165762641226394,0.012945495418157666,5.557548974759748,5.448339845025819,2.7513142814188947,2.4504451652035666,1.1336235970108952,1.045454660187597,2.7513142814188947,2.4504451652035666,42.984017308766056,48.30685618729097,0.06610956123970513,1.6875,3.90625e-06
137,10.882347807679212,9.816095230970095,0.01316885903190628,0.012947945702933148,5.459213474088378,5.3417951600873215,2.744431589383243,2.450196558815181,1.1334586586784479,1.0457633260633368,2.744431589383243,2.450196558815181,42.91247906197655,47.310479375696765,0.0675860786666465,1.7000000000000002,3.90625e-06
138,10.897591349667241,9.80111309251392,0.013175225363225827,0.01296057017704881,5.344995475228042,5.229997067680062,2.7494900037562093,2.44589490236646,1.1334946816490723,1.0447246113349762,2.7494900037562093,2.44589490236646,43.210845896147404,48.355629877369005,0.06902845066464848,1.7125000000000001,3.90625e-06
139,10.909868131197744,9.827414213880116,0.013187075259984539,0.012909745036467595,5.230133873733444,5.12194425047042,2.753960950889779,2.454245150554406,1.1332075073358268,1.0455030691929352,2.753960950889779,2.454245150554406,43.19165270798437,47.61705685618729,0.07043475759895454,1.7249999999999999,3.90625e-06
140,10.915757629739579,9.81522921814169,0.013189178686079401,0.012899508946881513,5.133789679646026,5.035084881777216,2.755502200805562,2.4499263149440087,1.1337193329197146,1.0455074550847678,2.755502200805562,2.4499263149440087,42.92992741485204,48.09085841694537,0.07180333059007823,1.7374999999999998,3.90625e-06
141,10.919075958426607,9.789381106960334,0.01316128988058157,0.012949292537618175,5.0677975932024895,4.986802939985907,2.7557234187687927,2.4405856214903934,1.1340612166424426,1.0449881722430057,2.7557234187687927,2.4405856214903934,42.92120323841429,47.9933110367893,0.0731327520051375,1.75,1.953125e-06
142,10.932010274702847,9.8142626580586,0.013194859901464963,0.01294487164799153,5.01785863783691,4.941203760595758,2.7596428693838453,2.4470105280179775,1.1332242347753494,1.0462763433073676,2.7596428693838453,2.4470105280179775,43.053810720268004,47.51950947603121,0.07442185288334334,1.7625,1.953125e-06
143,10.911229635203505,9.814414624519305,0.01319609489551907,0.01299135086262638,4.966361626774688,4.885761624063005,2.751587264568429,2.4470956904965235,1.133734313553768,1.0452160384078222,2.751587264568429,2.4470956904965235,43.132328308207704,47.47073578595318,0.07566970757011737,1.775,1.953125e-06
144,10.932636129995887,9.833431871705496,0.013183731994462173,0.012985587423229165,4.913074714654255,4.8352822390952905,2.7581884341822995,2.452260706602796,1.1335956959801636,1.0459743822564516,2.7581884341822995,2.452260706602796,43.07998324958124,47.96544035674471,0.07687562587155186,1.7874999999999999,1.953125e-06
145,10.932535044245718,9.820688362504328,0.013207852214861855,0.012901113654093334,4.861189369380574,4.784291120675894,2.757704076122665,2.447690761208933,1.133425975830977,1.045676478839904,2.757704076122665,2.447690761208933,42.996231155778894,47.90969899665552,0.07803914306570582,1.7999999999999998,1.953125e-06
146,10.927565001695932,9.829359838130616,0.013196587572961063,0.012915820554064934,4.807703643321725,4.731562796776643,2.755208785010742,2.44965385619879,1.1340821162739791,1.0464659461475403,2.755208785010742,2.44965385619879,42.93341708542713,47.51254180602007,0.07916000812012812,1.8125,1.953125e-06
147,10.94181080439582,9.823576493406774,0.013219673218260692,0.012912307641652715,4.75496403615878,4.679140989862822,2.7599307850444204,2.4479315348692166,1.1336345577426359,1.0457119438028921,2.7599307850444204,2.4479315348692166,42.86711334450028,48.202341137123746,0.08023817046700232,1.825,1.953125e-06
148,10.94699962494561,9.838331822700457,0.013188592483778861,0.012949790379890098,4.700558626205811,4.628088692757597,2.761353532406686,2.4521213987865043,1.1338591544339272,1.0464378229883335,2.761353532406686,2.4521213987865043,42.95086543830263,47.5613154960981,0.08127376567972545,1.8375,1.953125e-06
149,10.940414901022002,9.836619180447547,0.013199966084700867,0.012947813790486741,4.652921554298124,4.582675996034042,2.75875082021316,2.4514621043019202,1.1340900422606903,1.0461408209508345,2.75875082021316,2.4514621043019202,42.72752652149637,48.06995540691193,0.08226710037906383,1.85,1.953125e-06
150,10.955940672034727,9.822214819781623,0.013215340150802047,0.013004932527657736,4.605365154398413,4.532031068302184,2.76419626075685,2.446331128893356,1.133442174582958,1.0465335541611398,2.76419626075685,2.446331128893356,43.46035734226689,47.44983277591973,0.08321863667487907,1.8625,1.953125e-06
151,10.951903661624604,9.836629884033034,0.013215072151941171,0.012981935862115395,4.552380131051103,4.481807669402498,2.76235618809626,2.4512799223396957,1.1343164784757869,1.0463791225799084,2.76235618809626,2.4512799223396957,42.90026521496371,47.672798216276476,0.08412897642239658,1.875,1.953125e-06
152,10.96063909205826,9.834751977569683,0.013231697227620732,0.012965425312178524,4.5147827735232084,4.457419672937298,2.764723618159675,2.450247370678446,1.1347425939116913,1.0460844378141787,2.764723618159675,2.450247370678446,42.86536850921273,47.62402452619844,0.08499884554164427,1.8875,9.765625e-07
153,10.959985996078073,9.847846984863281,0.013217935868497836,0.012983515690451482,4.489879096439602,4.430988597231964,2.7641257628723603,2.4546131699646065,1.1345142831621324,1.0453581201990312,2.7641257628723603,2.4546131699646065,42.89852037967616,48.52285395763656,0.08582907861644129,1.9,9.765625e-07
154,10.953040960046714,9.822472475045501,0.013198100503103518,0.012974368563023631,4.463028008680913,4.406519668689673,2.7621204992834247,2.4449540332806947,1.1334455831299808,1.0464702898443343,2.7621204992834247,2.4449540332806947,43.045086543830266,47.7633779264214,0.08662060395642505,1.9125,9.765625e-07
155,10.961207333920989,9.837049762275042,0.0132337277661541,0.012947212676273674,4.43975042591276,4.3823620534129235,2.764074178197276,2.449544284388905,1.133915248228677,1.0462816844018408,2.764074178197276,2.449544284388905,43.10441094360692,47.61008918617614,0.08737442927313452,1.925,9.765625e-07
156,10.964728717495117,9.84769030000055,0.0132244280167652,0.01298577304713536,4.413530213682429,4.357989427636698,2.764979561768984,2.452577900859956,1.1338852767768617,1.0465342282850207,2.764979561768984,2.452577900859956,43.03636236739251,47.331382385730215,0.08809162808999045,1.9375,9.765625e-07
157,10.978134162728178,9.859285620941366,0.013216347207946028,0.012969051910317197,4.389192298695337,4.333307315939114,2.7691861192052554,2.456254951664171,1.133858121220191,1.0464347788987218,2.7691861192052554,2.456254951664171,43.43069514237856,47.484671125975474,0.08877332697679846,1.9500000000000002,9.765625e-07
158,10.948509349428962,9.843795185237957,0.013243909036019939,0.012985819702554772,4.361670868946546,4.303309246050474,2.7591998097884596,2.451038251619541,1.1338211808505503,1.0464448837133555,2.7591998097884596,2.451038251619541,42.99972082635399,47.498606465997774,0.08942069367263182,1.9625000000000001,9.765625e-07
159,10.981343463703881,9.833087626109554,0.01323083499295711,0.013001242200890712,4.333489208498326,4.277549185747553,2.7696048056593425,2.4473212557359947,1.1345664204864245,1.0464968655420386,2.7696048056593425,2.4473212557359947,43.024148520379676,47.85395763656633,0.09003492613694346,1.975,9.765625e-07
160,10.974044024511665,9.862948262970583,0.013251159101462543,0.012991852197617525,4.307369186650568,4.253139266202282,2.767388598070938,2.457098436461909,1.1341525871350338,1.0466267069180806,2.767388598070938,2.457098436461909,42.91596873255165,47.86789297658863,0.09061724254767482,1.9875,9.765625e-07
161,10.978085533325263,9.830475300052095,0.013211115168242199,0.013025782191492575,4.281464506433637,4.226508228808076,2.769260872548549,2.446100729365014,1.1333777510474208,1.0469106638444838,2.769260872548549,2.446100729365014,43.14803182579565,47.17809364548495,0.09116887224701488,2.0,9.765625e-07
162,10.97041059139386,9.856248647207135,0.013234274433785347,0.013006778984198735,4.255684006487039,4.201432499199806,2.765971177520198,2.455168674090501,1.1345273354810952,1.0462510347897924,2.765971177520198,2.455168674090501,42.931672250139584,48.04905239687848,0.09169104762025716,2.0125,9.765625e-07
163,10.978901935515625,9.875839197250247,0.013224664522259013,0.01301596934700524,4.235642711920555,4.188211902992649,2.769429103546739,2.4610052478220417,1.133463616679994,1.046858575564696,2.769429103546739,2.4610052478220417,43.14454215522055,47.28957636566332,0.0921849968807668,2.0250000000000004,4.8828125e-07
164,10.983129634995622,9.883161688329384,0.013235474296542335,0.012963422308307361,4.221558036383539,4.174449686488446,2.770342376896418,2.4629645336963395,1.1338657412297362,1.0472668861199914,2.770342376896418,2.4629645336963395,42.99099664991625,47.62402452619844,0.09265193772421158,2.0374999999999996,4.8828125e-07
165,10.955146962607259,9.860365870272702,0.013245226448221889,0.013008724367547127,4.208944529411448,4.161669759846053,2.7606102302046476,2.455637815936885,1.1341237277042127,1.0465105319501564,2.7606102302046476,2.455637815936885,42.910734226689,47.16415830546266,0.09309307180769967,2.05,4.8828125e-07
166,10.970108835741105,9.85648991830373,0.01323134782565482,0.012941165565572255,4.194979872136459,4.147959299310792,2.7654018111897205,2.4541277925306337,1.134200656766801,1.046645714221325,2.7654018111897205,2.4541277925306337,43.06602456728085,47.756410256410255,0.09350958000404647,2.0625,4.8828125e-07
167,10.975458090828491,9.875394560687385,0.013218069762107982,0.013037270080368788,4.1824264531692,4.136708056248949,2.766772695255972,2.4601978014411205,1.134590563728848,1.046658089062575,2.766772695255972,2.4601978014411205,43.12360413176996,47.91666666666667,0.09390261837780811,2.0749999999999997,4.8828125e-07
168,10.9775735065965,9.86259614663778,0.013246804830945284,0.013033587565498142,4.169361962744938,4.122718494738491,2.767760740585796,2.455690882277728,1.1339924761464915,1.0469137822239427,2.767760740585796,2.455690882277728,43.08347292015633,47.484671125975474,0.09427331482770301,2.0875,4.8828125e-07
169,10.986591661262619,9.846979423510192,0.013230352230382525,0.012988930807937947,4.155984276303494,4.10972682953944,2.7706929528466953,2.4503389058703164,1.1340158509515903,1.0470500471467026,2.7706929528466953,2.4503389058703164,43.05032104969291,47.54738015607581,0.09462276633935397,2.1,4.8828125e-07
170,10.986916227356673,9.876999616888721,0.013232461947454779,0.012990422920638503,4.142685298877079,4.097001460616538,2.770944143925746,2.4599706467444546,1.1337474495388822,1.0475392784163307,2.770944143925746,2.4599706467444546,43.06602456728085,47.09448160535117,0.0949520367926822,2.1125,4.8828125e-07
171,10.966466730630046,9.874120816472116,0.013242970152624422,0.013005315265934935,4.129293856043046,4.083818385965183,2.7637767363100463,2.459742019009032,1.1342640682547402,1.0464280705521072,2.7637767363100463,2.459742019009032,42.86362367392518,47.77034559643255,0.0952621552695611,2.125,4.8828125e-07
172,10.985258599222206,9.844370719714043,0.013237024363627453,0.01295931532941634,4.117378445992185,4.0715151569383465,2.769974880149283,2.448951929043501,1.1343322517085115,1.0477528210600615,2.769974880149283,2.448951929043501,43.214335566722504,47.36622073578595,0.09555411480929754,2.1375,4.8828125e-07
173,10.977829823475322,9.860451021587835,0.013247884193769151,0.01303530736113073,4.103905071032773,4.058484834173451,2.7679020915199164,2.45457894241265,1.1338015489908386,1.0473794196228785,2.7679020915199164,2.45457894241265,43.09394193188163,47.28260869565217,0.09582887156198357,2.15,4.8828125e-07
174,10.99072510513229,9.871862197799427,0.013260140111810299,0.01304878182023963,4.09448853489542,4.052947132085079,2.772152589992862,2.458553708250839,1.133789334531472,1.046857698705284,2.772152589992862,2.458553708250839,42.99099664991625,47.86789297658863,0.09608734429260324,2.1625,2.44140625e-07
175,10.999686593120156,9.864978641437713,0.01324511571183576,0.012968000868665534,4.088399982532265,4.0466493297712995,2.774276464095933,2.456258261084158,1.1348874098358708,1.046710230169222,2.774276464095933,2.456258261084158,43.17071468453378,47.78428093645485,0.09633041419186424,2.175,2.44140625e-07
176,10.977086231736482,9.850964856652778,0.013243252389644657,0.012975783913771112,4.081991485481752,4.039977045760904,2.766860837313398,2.451311491139092,1.1345538780850315,1.0469793711218947,2.766860837313398,2.451311491139092,43.017169179229484,47.27564102564102,0.09655892495294552,2.1875,2.44140625e-07
177,10.99200706812072,9.874202264724103,0.013248688483632589,0.013033478702506759,4.075052969286656,4.033672057931107,2.7717010407791265,2.4585648814970034,1.1346486734984509,1.047560444577216,2.7717010407791265,2.4585648814970034,42.6891401451703,47.568283166109254,0.09677368307662479,2.2,2.44140625e-07
178,10.984578214631542,9.878178856444599,0.013253748884901929,0.013012616611693216,4.068900631766689,4.027137061558173,2.7691808468399604,2.4599799982281434,1.1345991993136808,1.047346371006939,2.7691808468399604,2.4599799982281434,42.94214126186488,47.86092530657748,0.09697545837050366,2.2125,2.44140625e-07
179,10.989856652878037,9.843835830156886,0.013228411040056157,0.012987820972525488,4.061919476452119,4.0204547554620005,2.7708929005712855,2.448351694588677,1.1346366197153686,1.0475727871243106,2.7708929005712855,2.448351694588677,42.9142238972641,47.21293199554069,0.09716498461122844,2.225,2.44140625e-07
180,10.980853726117056,9.879645029703775,0.013230930357580741,0.013000614348271553,4.055401443969198,4.013894117529708,2.7680448701699842,2.460728937699776,1.1343617097816276,1.0468666538878562,2.7680448701699842,2.460728937699776,43.15501116694584,47.51254180602007,0.0973429603416711,2.2375,2.44140625e-07
181,10.980588480588912,9.872579473051074,0.013256699080297663,0.012995147685143461,4.0483848512139415,4.006897801672468,2.7681074627014195,2.4585935137875237,1.1341256003749896,1.0465455291794827,2.7681074627014195,2.4585935137875237,43.099176437744276,47.66583054626533,0.09751004977795331,2.25,2.44140625e-07
182,10.9804610306161,9.870333425974765,0.013231918594312695,0.012984556266404646,4.041661845579419,4.000743146724127,2.7680836204441484,2.4570225632709004,1.1341208750678466,1.0477705767322145,2.7680836204441484,2.4570225632709004,42.86536850921273,47.27564102564102,0.09766688380395,2.2625,2.44140625e-07
183,11.004721500965418,9.871333978114984,0.013240139824320058,0.013001702816216244,4.035760248526057,3.995538182614772,2.7756481061495597,2.4580131759877455,1.1348914588915444,1.046736468373068,2.7756481061495597,2.4580131759877455,42.74671970965941,47.52647714604236,0.09781406103348056,2.275,2.44140625e-07
184,10.990054668892967,9.85125408789253,0.013237730183938673,0.012986631622722782,4.029922234552789,3.988882185490501,2.770783949537293,2.4513945802797044,1.1348627750464886,1.0466820729881892,2.770783949537293,2.4513945802797044,42.92992741485204,47.82608695652174,0.09795214892278004,2.2875,2.44140625e-07
185,10.981473593655943,9.861776208930722,0.013255865616793575,0.013011777596994654,4.024854974198248,3.985641012755259,2.7681846614658734,2.454385174822515,1.1344495951829843,1.0473452702148038,2.7681846614658734,2.454385174822515,43.03287269681742,47.052675585284284,0.09808168491803636,2.3000000000000003,1.220703125e-07
186,10.989485697530622,9.859898271635092,0.013248888947306766,0.013057294703496739,4.021709610669058,3.982718295476907,2.7707569832112253,2.45402882609479,1.1345106121017439,1.04681947571511,2.7707569832112253,2.45402882609479,42.69611948632049,47.54041248606466,0.09820317762478706,2.3125,1.220703125e-07
187,10.979599008075622,9.852725998613746,0.013244370990216999,0.013011404714955136,4.01851063211293,3.9792075813680454,2.7673480303043894,2.451729725834518,1.1346111038688307,1.0466505961540418,2.7673480303043894,2.451729725834518,42.71356783919598,47.86092530657748,0.09831710798779071,2.325,1.220703125e-07
188,10.980749915659194,9.861726424367133,0.013268127160730274,0.013054609993304496,4.015215112003516,3.976144866666932,2.767929391312506,2.4540017267799166,1.134250183400996,1.04765942583116,2.767929391312506,2.4540017267799166,42.98750697934115,47.51950947603121,0.09842393047163736,2.3375000000000004,1.220703125e-07
189,10.989837696537633,9.856858150350343,0.01324986749017192,0.013036599259204756,4.011915670966783,3.972766162028148,2.770516717720138,2.452835013369387,1.1348836943132794,1.0469517157627986,2.770516717720138,2.452835013369387,42.772892238972645,47.35228539576365,0.09852407423384202,2.3499999999999996,1.220703125e-07
190,10.985748394849512,9.85916613150334,0.013259771300270728,0.013051387269377974,4.008594448509195,3.969781730485999,2.769625752282369,2.4538475445148804,1.134146037013886,1.0465402014412344,2.769625752282369,2.4538475445148804,43.09045226130653,47.30351170568562,0.09861794428349041,2.3625,1.220703125e-07
191,10.995475868617005,9.888367714026035,0.013256549246563451,0.013039800015547071,4.005208095580356,3.9662838301132357,2.772919522391425,2.463410290055716,1.1340614927340857,1.0468006676920547,2.772919522391425,2.463410290055716,42.902010050251256,47.401059085841695,0.09870592261968349,2.375,1.220703125e-07
192,10.978419484937744,9.914595982435689,0.013275965655119576,0.012991537505069305,4.001942891238589,3.963257312243067,2.7670800239929334,2.471278417070574,1.1342790228637618,1.0481227144615572,2.7670800239929334,2.471278417070574,43.19688721384701,47.21293199554069,0.09878836934507101,2.3874999999999997,1.220703125e-07
193,10.989855932963087,9.846537051525138,0.013246920039863776,0.01300511022753507,3.998926257634549,3.960095251417213,2.77048932434393,2.4492983831343973,1.1348923534604174,1.0470597655611027,2.77048932434393,2.4492983831343973,42.54955332216639,46.98996655518395,0.09886562375068311,2.4,1.220703125e-07
194,10.98797714876636,9.880523609875835,0.013249735811247897,0.01299671919075741,3.995499382732568,3.9567041226985595,2.77021261329161,2.4604249304885184,1.1343914159245494,1.0473918278879146,2.77021261329161,2.4604249304885184,42.795575097710774,47.45680044593088,0.09893800536907423,2.4125,1.220703125e-07
195,10.994231240566984,9.864502416672382,0.013247090820295893,0.013056415813240983,3.9921380385947853,3.9535524353401583,2.772408260971657,2.4554408306262165,1.1342572401117041,1.046849434723955,2.772408260971657,2.4554408306262165,43.11836962590731,47.34531772575251,0.09900581499349627,2.425,1.220703125e-07
196,10.975988372087079,9.906478692589529,0.013255610231087568,0.012995443839492606,3.9898971358469115,3.952207396793259,2.7661420033006014,2.468960908610154,1.1345151592938345,1.0475289523933777,2.7661420033006014,2.468960908610154,43.00146566164154,47.484671125975474,0.09906933566142784,2.4375,6.103515625e-08
197,10.992014527653662,9.87880799496586,0.013274721494480127,0.013030041658102535,3.98847514221217,3.9507690092658785,2.7714501444285706,2.459810059737734,1.1345082241885827,1.0473563173409954,2.7714501444285706,2.459810059737734,42.92992741485204,47.46376811594203,0.09912883360131114,2.45,6.103515625e-08
198,10.992754413321457,9.865100542704264,0.01324967211419181,0.013016505751430723,3.98706199376028,3.949314243418716,2.7719113438040233,2.455691312334875,1.1341578571041624,1.0466495631397634,2.7719113438040233,2.455691312334875,42.93865159128978,48.03511705685619,0.09918455914179934,2.4625,6.103515625e-08
199,10.992742624181666,9.860455212119962,0.013251833891727982,0.01302344756722118,3.9854473252991336,3.9476701947491835,2.7713393640544814,2.4538831730750092,1.1349849310219455,1.0470141247496292,2.7713393640544814,2.4538831730750092,42.92120323841429,47.568283166109254,0.09923674758320122,2.475,6.103515625e-08
200,10.999700395572392,9.85553179350718,0.013257220025017799,0.013041295478724716,3.9837945020112295,3.9461546231273026,2.774086947949621,2.4523556320164914,1.134324420370382,1.0468135824304494,2.774086947949621,2.4523556320164914,43.10092127303183,47.791248606466,0.09928562003113359,2.4875,6.103515625e-08
201,10.990978383671832,9.894129418742033,0.013245996520950733,0.013025831088523402,3.982267347013132,3.944511601757445,2.7700047394471885,2.464206127020029,1.1347457406109502,1.0470170192628134,2.7700047394471885,2.464206127020029,42.84443048576214,47.12931995540691,0.1,2.5,6.103515625e-08
202,10.990762988526617,9.878589840637003,0.013251812493668828,0.012963030966976813,3.9803508436926114,3.94264241365286,2.7702137645165523,2.4589384795564206,1.1344174010869446,1.047273542171338,2.7702137645165523,2.4589384795564206,43.05555555555556,47.421962095875145,0.1,2.5,6.103515625e-08
203,10.996740813497588,9.882984492558167,0.013267194523592025,0.01301452515432933,3.9786391911860752,3.9411062949743028,2.772233424940168,2.4604769483989433,1.134454719784671,1.04721423355632,2.772233424940168,2.4604769483989433,42.992741485203794,47.08054626532888,0.1,2.5,6.103515625e-08
204,10.982644094427759,9.887656481369682,0.013267718046479289,0.013048972499451975,3.9770266278904285,3.939367656325018,2.767639196098749,2.4624518146748793,1.1343780576284208,1.0466576289040854,2.767639196098749,2.4624518146748793,42.959589614740366,47.47073578595318,0.1,2.5,6.103515625e-08
205,10.993888241029332,9.869664701463918,0.013251786395836683,0.012986096128854598,3.9754971800271126,3.937950153414621,2.771011571522068,2.4566388280362457,1.1350260117012718,1.046483565333695,2.771011571522068,2.4566388280362457,42.76940256839754,47.46376811594203,0.1,2.5,6.103515625e-08
206,10.999525249636685,9.897452733987151,0.013235891708456259,0.012995308592143066,3.9741116658992968,3.9366457502180117,2.773503955817635,2.465387728036181,1.134183156496982,1.047314802739134,2.773503955817635,2.465387728036181,42.92120323841429,47.59615384615385,0.1,2.5,6.103515625e-08
207,10.987782068321787,9.874586417922208,0.013242278493512349,0.013017099333040358,3.9731415573409787,3.9360575346377913,2.7697969790213204,2.457777380013014,1.1339173531944962,1.0473157181388957,2.7697969790213204,2.457777380013014,43.17420435510888,47.01783723522854,0.1,2.5,3.0517578125e-08
208,11.008835506066472,9.886742613653142,0.013248871316138024,0.013075535984059906,3.9723668540409327,3.935225442101724,2.776521652121573,2.462549717662858,1.1343924936670489,1.0462476818457893,2.776521652121573,2.462549717662858,42.949120603015075,47.589186176142704,0.1,2.5,3.0517578125e-08
209,10.986704668740465,9.872847944066145,0.01325061524911908,0.01303246456905452,3.971675771365014,3.934626366648254,2.7690158537284812,2.4576255679795045,1.1346194598343304,1.046738020353094,2.7690158537284812,2.4576255679795045,42.910734226689,47.46376811594203,0.1,2.5,3.0517578125e-08
210,11.002754943055324,9.86920710524322,0.013259659262321003,0.012980366247179716,3.9710130577044804,3.9339258131241985,2.7742252855710916,2.4564639369779604,1.1348590572608508,1.0467211920415014,2.7742252855710916,2.4564639369779604,42.95435510887772,47.477703455964324,0.1,2.5,3.0517578125e-08
211,10.973408967406307,9.883916144652776,0.013239387304239736,0.013013135468423233,3.9703008231339276,3.9331337765041936,2.764690327551164,2.461026523158436,1.1345342436960328,1.047255057422081,2.764690327551164,2.461026523158436,43.045086543830266,47.338350055741365,0.1,2.5,3.0517578125e-08
212,11.00571919978497,9.882388357866303,0.013266144479489206,0.01298626973589627,3.969537685597695,3.9324641025717573,2.775541223007364,2.460161230635882,1.134437820686434,1.0478359764502068,2.775541223007364,2.460161230635882,42.88979620323841,47.63099219620959,0.1,2.5,3.0517578125e-08
213,10.977657586485897,9.88327423253054,0.013253525103323291,0.01302862585051901,3.968865680268595,3.931830789466101,2.766681383868824,2.460360063491192,1.1337366819647954,1.0479911464778342,2.766681383868824,2.460360063491192,43.13407314349526,47.13628762541806,0.1,2.5,3.0517578125e-08
214,10.98608026925177,9.88441071037199,0.013249758989271972,0.013009277474521394,3.968150819898783,3.931145382831195,2.7692128299402166,2.461541532805665,1.1341884774512117,1.0468311626775608,2.7692128299402166,2.461541532805665,43.11313512004467,47.310479375696765,0.1,2.5,3.0517578125e-08
215,10.99655596148961,9.892797549831428,0.01323368976652905,0.013008226669593864,3.9675853551931715,3.930554478729316,2.772649246111454,2.464362842715039,1.1343079938494514,1.0468226692482514,2.772649246111454,2.464362842715039,43.03287269681742,47.338350055741365,0.1,2.5,3.0517578125e-08
216,10.993969493974593,9.890460604940902,0.013260504762298364,0.01306047109178908,3.9668883236342474,3.92984460588283,2.771381466033271,2.463482456462439,1.134937878163549,1.0469841523181103,2.771381466033271,2.463482456462439,42.70309882747069,47.65886287625418,0.1,2.5,3.0517578125e-08
217,10.985368642908178,9.873727974950137,0.01324691025291672,0.013010185553485668,3.9662037434889443,3.929179767302446,2.7689790295729217,2.4583966297449478,1.1342821350848455,1.0463049485531937,2.7689790295729217,2.4583966297449478,43.10790061418202,47.89576365663322,0.1,2.5,3.0517578125e-08
218,10.990607269644936,9.86504292142564,0.0132486779614035,0.013011173189409003,3.965708671902093,3.9289177519289016,2.770962507214911,2.4548577674921006,1.133950080237929,1.0472833433810418,2.770962507214911,2.4548577674921006,43.160245672808486,47.052675585284284,0.1,2.5,1.52587890625e-08
219,11.005273470194362,9.829668105645323,0.013256759461824585,0.012993718662539054,3.965472577072135,3.928685841618839,2.775578255363179,2.443121527881261,1.1343673329190926,1.047220623280558,2.775578255363179,2.443121527881261,42.77812674483529,47.08751393534002,0.1,2.5,1.52587890625e-08
220,10.992800154012386,9.87590983028263,0.013253550510073526,0.012999267554078812,3.965211971055057,3.9283899867547927,2.7712609889053352,2.458631101127718,1.1346212323320304,1.0470891131073603,2.7712609889053352,2.458631101127718,42.97180346175321,47.672798216276476,0.1,2.5,1.52587890625e-08
221,10.987939104030147,9.871042030445043,0.013258994024481972,0.013015929678062532,3.9649033706192194,3.928088862228819,2.7698590397368856,2.4568159125720377,1.134306323987555,1.0473847640397955,2.7698590397368856,2.4568159125720377,42.99972082635399,47.12931995540691,0.1,2.5,1.52587890625e-08
222,11.00164674794055,9.876655303249125,0.013251939147818961,0.013032557872625498,3.964623999955067,3.9278547168442506,2.7745520470862544,2.4588317807302826,1.1341381105612538,1.0471710055036556,2.7745520470862544,2.4588317807302826,42.96133445002791,47.21293199554069,0.1,2.5,1.52587890625e-08
223,11.002391427539035,9.863076345046096,0.013235506365030987,0.01299897718908828,3.964384685609009,3.9276303181813046,2.774646096626252,2.454697538910635,1.134389568080721,1.0466108546740767,2.774646096626252,2.454697538910635,42.92818257956449,47.45680044593088,0.1,2.5,1.52587890625e-08
224,11.002586531945276,9.898956364745413,0.013235201901069304,0.013051421120928948,3.9641257849969658,3.9273330628406775,2.774945555153937,2.4659461160434395,1.134051042652077,1.0476666532099712,2.774945555153937,2.4659461160434395,43.03810720268007,46.9969342251951,0.1,2.5,1.52587890625e-08
225,10.999708381729508,9.885863535911875,0.013237539905532654,0.013004969859468763,3.963861964921722,3.9271040512965274,2.7736705865758813,2.462361850334516,1.1345364509648548,1.0465313093850976,2.7736705865758813,2.462361850334516,42.772892238972645,47.15719063545151,0.1,2.5,1.52587890625e-08
226,10.995016956382594,9.884190969775485,0.01326300770497768,0.013043528323039962,3.963625415086347,3.9268798402852174,2.7723061797473765,2.46084225350532,1.1342364389226798,1.0479663514771989,2.7723061797473765,2.46084225350532,43.03810720268007,47.07357859531773,0.1,2.5,1.52587890625e-08
227,10.999812373231071,9.897472810054172,0.013240656740069056,0.013026096733492552,3.9633354159588925,3.9265821439898265,2.7737871872387005,2.4661014395015295,1.134438290601333,1.0467421089526403,2.7737871872387005,2.4661014395015295,42.902010050251256,47.88879598662207,0.1,2.5,1.52587890625e-08
228,10.998783546609628,9.86624363619614,0.013259461220813524,0.013040570773749115,3.9630886519308,3.9263730889047137,2.7731842446234025,2.4554038143476915,1.1348312558041544,1.0471771645173846,2.7731842446234025,2.4554038143476915,42.64202959240648,47.28260869565217,0.1,2.5,1.52587890625e-08
229,10.984587068200977,9.866291600592028,0.013250608761061143,0.013016384848733012,3.962862283939892,3.9261217930643855,2.7689741590980175,2.455118201913908,1.1340638676680113,1.0476541923838714,2.7689741590980175,2.455118201913908,42.870603015075375,47.19899665551839,0.1,2.5,1.52587890625e-08
230,10.997623598555624,9.855574090611045,0.013246836879673882,0.012986209898680415,3.9625525048563164,3.9258165146860655,2.773152445229254,2.451949304561551,1.134332065273436,1.0470791790663465,2.773152445229254,2.451949304561551,42.99972082635399,47.421962095875145,0.1,2.5,1.52587890625e-08
231,10.986069659558439,9.837449145024703,0.013252870159952718,0.013050420486981852,3.962283334407242,3.9255249662409923,2.768905094653651,2.4458341218423154,1.134936586363498,1.0471719270831632,2.768905094653651,2.4458341218423154,42.89677554438861,47.94453734671126,0.1,2.5,1.52587890625e-08
232,10.99694679543534,9.877438159291959,0.013231701156751595,0.013042593969773489,3.9620163383462588,3.925274263656259,2.772712589574885,2.4591800648233164,1.1346878521539592,1.0471639849802057,2.772712589574885,2.4591800648233164,42.975293132328304,46.82274247491639,0.1,2.5,1.52587890625e-08
233,11.00222543762224,9.879892300336788,0.013261632979777291,0.013002994723634642,3.9617164119004804,3.9249939376295213,2.774840463545654,2.4599487898474686,1.1341353786650614,1.0472717758272272,2.774840463545654,2.4599487898474686,42.71880234505863,47.317447045707915,0.1,2.5,1.52587890625e-08
234,10.99668568569079,9.870434853544204,0.01323842232197207,0.012986837183369309,3.961453085568682,3.92471766578181,2.7725892023025844,2.4565843499225117,1.1347671654023384,1.047611612540025,2.7725892023025844,2.4565843499225117,43.10964544946957,47.484671125975474,0.1,2.5,1.52587890625e-08
235,10.987359011259777,9.877738451877963,0.013258022763716949,0.01299550465371464,3.9611613176708977,3.924464591503675,2.770070077319973,2.4598406924053178,1.1338873147831356,1.0463871888093725,2.770070077319973,2.4598406924053178,42.84268565047459,48.30685618729097,0.1,2.5,1.52587890625e-08
236,10.985881606804332,9.896461279495902,0.013252342639814403,0.013001493249948207,3.96091324932944,3.9242298127283886,2.7689785416867734,2.4652856738538116,1.1348011841792625,1.0475898882750019,2.7689785416867734,2.4652856738538116,42.87234785036292,47.331382385730215,0.1,2.5,1.52587890625e-08
237,11.008133043729014,9.899940402478544,0.013264338397496344,0.013038165543390356,3.960666353112822,3.924000391859142,2.776960451998303,2.4671198855275693,1.1339603516724042,1.0465712785853722,2.776960451998303,2.4671198855275693,42.79383026242323,47.86092530657748,0.1,2.5,1.52587890625e-08
238,10.994149434373472,9.88149281356114,0.013276937666766674,0.013021135036163905,3.9604578343002173,3.9237860617961906,2.7720160199436377,2.4608717039144423,1.1343893281312578,1.0467389827322136,2.7720160199436377,2.4608717039144423,42.813023450586265,47.226867335562986,0.1,2.5,1.52587890625e-08
239,10.989257149028086,9.88688785655044,0.013245221161887274,0.013027060321151147,3.960223989870081,3.9235218865682713,2.7703710341174,2.4623227116787847,1.1344382195150566,1.0472702078330212,2.7703710341174,2.4623227116787847,43.03287269681742,47.498606465997774,0.1,2.5,1.52587890625e-08
240,10.9956705518304,9.870285843261243,0.013261864701777879,0.01308499228358767,3.9598828698589044,3.9232094061946126,2.7720198333096997,2.4563589674174584,1.135180453892063,1.047901510594282,2.7720198333096997,2.4563589674174584,42.91596873255165,47.53344481605351,0.1,2.5,1.52587890625e-08
241,10.990958102517524,9.868547992961462,0.013243952785820884,0.013020590111746172,3.959606668790714,3.9229138931436016,2.7710664002074004,2.4562553197909622,1.1342771419395221,1.047235021091491,2.7710664002074004,2.4562553197909622,43.149776661083195,47.29654403567447,0.1,2.5,1.52587890625e-08
242,10.992944438386935,9.854863457057787,0.013259561373090391,0.013047273625872007,3.959350149302693,3.9227096144039364,2.771528029694762,2.45199945087284,1.1345828915361185,1.0467734321569786,2.771528029694762,2.45199945087284,42.765912897822446,47.53344481605351,0.1,2.5,1.52587890625e-08
243,10.98454214593407,9.895342495130455,0.013265387047475307,0.01303202895200505,3.9591340635290098,3.922486126356433,2.7689244331826317,2.466078572714475,1.1342950319192184,1.0459130727327788,2.7689244331826317,2.466078572714475,42.88107202680067,47.26867335562987,0.1,2.5,1.52587890625e-08
244,11.000878124780192,9.856305151081404,0.013226397300689231,0.013012005629821565,3.958843813336541,3.922157478970429,2.774200859714127,2.4525056313245726,1.1345823912032151,1.046780251207426,2.774200859714127,2.4525056313245726,42.888051367950865,47.38015607580825,0.1,2.5,1.52587890625e-08
245,10.985168158309143,9.848541706302095,0.013243622597908088,0.012991423558738651,3.95852629836214,3.9219000565434246,2.7688805115815316,2.4494682105222805,1.1347151739114094,1.0474778286855224,2.7688805115815316,2.4494682105222805,43.00844500279173,47.3871237458194,0.1,2.5,1.52587890625e-08
246,10.985486155179277,9.862436207374735,0.013268603236086371,0.013089037592727337,3.958269200199879,3.9216046402419824,2.769066336300039,2.4542910138367278,1.1345958217837038,1.047156809763765,2.769066336300039,2.4542910138367278,43.0607900614182,47.72157190635451,0.1,2.5,1.52587890625e-08
247,10.9908530609625,9.878398220143058,0.013255895965637473,0.013000157014897701,3.957989857491004,3.92134110558126,2.7713589274237638,2.459652212152513,1.1338607057521357,1.0471536721805799,2.7713589274237638,2.459652212152513,42.952610273590174,47.26170568561873,0.1,2.5,1.52587890625e-08
248,10.989670641125413,9.868965583235656,0.013268243368571528,0.013027061648052207,3.957675432240344,3.92101098329593,2.7703492312641664,2.4565643591758533,1.1347935537197682,1.0470721824644933,2.7703492312641664,2.4565643591758533,42.7606783919598,47.317447045707915,0.1,2.5,1.52587890625e-08
249,10.990359101330082,9.848241636984325,0.013265506721646142,0.013030148323089581,3.957373746875143,3.9207656338329167,2.771042149137479,2.44975052935091,1.134114872537333,1.0469416600538868,2.771042149137479,2.44975052935091,42.88979620323841,48.188405797101446,0.1,2.5,1.52587890625e-08
250,10.985280744061665,9.83132991875826,0.013264743986657583,0.012967040598259589,3.9571431452571715,3.9205495059290856,2.7694720487099396,2.4441957384713384,1.133942776123017,1.0468603080198784,2.7694720487099396,2.4441957384713384,43.09743160245672,47.52647714604236,0.1,2.5,1.52587890625e-08
251,10.981462091523666,9.889233343577304,0.013275295323866463,0.013048329963707007,3.95689865678865,3.9202993110137907,2.7680454794619083,2.4631206601226876,1.1341802432908485,1.047396567487132,2.7680454794619083,2.4631206601226876,42.95435510887772,47.143255295429206,0.1,2.5,1.52587890625e-08
252,10.986916498922223,9.871592558878852,0.013263691791308818,0.013006874786870536,3.956682866675304,3.9200496171230457,2.7695231227352926,2.457889308100161,1.1347075689444657,1.0464564128597178,2.7695231227352926,2.457889308100161,43.19165270798437,47.88879598662207,0.1,2.5,1.52587890625e-08
253,10.991173014169561,9.87546526123183,0.01325246511055297,0.012976680441013015,3.9564078201600656,3.919807170412878,2.7709410588612178,2.4580514167862195,1.1347282857351766,1.0481768067066486,2.7709410588612178,2.4580514167862195,42.95086543830263,47.26170568561873,0.1,2.5,1.52587890625e-08
254,10.9931527621782,9.886914037408904,0.013271049447648856,0.01298918806996566,3.956163635339103,3.9195845847411563,2.7714805646957066,2.4619608411820835,1.1349118321651457,1.0480419320273426,2.7714805646957066,2.4619608411820835,42.975293132328304,46.969063545150505,0.1,2.5,1.52587890625e-08
255,10.99981275661773,9.846183473316987,0.013235001501355306,0.01298048238424686,3.9559527926442346,3.919349174169925,2.773896778581663,2.4487237233913595,1.1346460558195344,1.0475484413845484,2.773896778581663,2.4487237233913595,42.888051367950865,47.421962095875145,0.1,2.5,1.52587890625e-08
256,10.99169997860106,9.847577002003307,0.013265981449158514,0.013028619433010834,3.9556902276278207,3.919073482288033,2.7710740411834034,2.4492556060038284,1.134821444699912,1.047437099243619,2.7710740411834034,2.4492556060038284,42.80429927414852,47.408026755852845,0.1,2.5,1.52587890625e-08
257,11.00433689971532,9.876800238886805,0.013251827343869881,0.012980825955062739,3.9554376628796923,3.9188682434949587,2.7756046005496096,2.4588725831330556,1.1343637594359337,1.047657439275463,2.7756046005496096,2.4588725831330556,42.95086543830263,47.12931995540691,0.1,2.5,1.52587890625e-08
258,10.989154875311753,9.878131839875527,0.013263646244902906,0.013012539783291262,3.9552046820013835,3.9186018137894614,2.770574640122823,2.4599312077397886,1.1343234248962701,1.046732738663919,2.770574640122823,2.4599312077397886,42.956099944165274,47.568283166109254,0.1,2.5,1.52587890625e-08
259,10.996988510033859,9.886078014820315,0.013246023763826045,0.013051428408502137,3.954916378428056,3.9183394483632203,2.7731899425745143,2.4623953997092105,1.1343405005121152,1.0470032074645477,2.7731899425745143,2.4623953997092105,42.94388609715243,47.95847268673356,0.1,2.5,1.52587890625e-08
260,10.999922670910706,9.918824807191507,0.013263123504617806,0.013000854280639186,3.95469252161977,3.91814035343353,2.774291315004188,2.472991252822621,1.134158175994004,1.0475180743131352,2.774291315004188,2.472991252822621,43.03810720268007,47.240802675585286,0.1,2.5,1.52587890625e-08
261,10.990204540063122,9.843108675817449,0.01326186073728692,0.013009560678606914,3.9544527611873592,3.9178764107766892,2.770531763117251,2.4484040878023725,1.1349510801098055,1.0465495931264948,2.770531763117251,2.4484040878023725,42.996231155778894,47.29654403567447,0.1,2.5,1.52587890625e-08
262,10.983217819252205,9.84806357844086,0.013271693826150222,0.013005380502122235,3.9541965454800176,3.9176243683167526,2.7689642074186667,2.4495674196294317,1.133816924925825,1.0472967552235029,2.7689642074186667,2.4495674196294317,42.93690675600224,48.07692307692308,0.1,2.5,1.52587890625e-08
263,10.987780062996562,9.87228763169934,0.013260442819727125,0.013004065940827297,3.9539498143326566,3.9174039512706575,2.7697004210942286,2.457638331746045,1.1350116931413685,1.0473141093450777,2.7697004210942286,2.457638331746045,42.758933556672254,47.20596432552954,0.1,2.5,1.52587890625e-08
264,10.996056013038077,9.8615675753973,0.013262082440419811,0.013048702085737466,3.9537109130591004,3.9171692046566284,2.7726412921694656,2.453740457627287,1.1347494789636847,1.0477902880613355,2.7726412921694656,2.453740457627287,42.813023450586265,47.29654403567447,0.1,2.5,1.52587890625e-08
265,10.979657988918353,9.869758147725559,0.013257312954474701,0.013019856276279242,3.9534889723853914,3.9169643820993345,2.7676854277375953,2.4571274181406366,1.1339977507082728,1.0468298053927512,2.7676854277375953,2.4571274181406366,43.099176437744276,47.94453734671126,0.1,2.5,1.52587890625e-08
266,10.999594827393192,9.880932162570847,0.013264034150895262,0.013041689241286306,3.9532779435882484,3.916733578296011,2.7743977127895216,2.4608761389784455,1.1339049427819479,1.046794407210887,2.7743977127895216,2.4608761389784455,43.214335566722504,47.21293199554069,0.1,2.5,1.52587890625e-08
267,10.984262898273139,9.858713328639002,0.013268295015114303,0.013030325130060099,3.9530219275614593,3.9164643819249725,2.7688656521535733,2.4535468953641892,1.1345477315182795,1.046697924767051,2.7688656521535733,2.4535468953641892,43.024148520379676,47.51950947603121,0.1,2.5,1.52587890625e-08
268,10.979630065057478,9.877328490998302,0.01325590282965645,0.013012413842937885,3.9527157954434853,3.9161744984230205,2.76728728468494,2.4600579240250346,1.1346203590624164,1.046262415157114,2.76728728468494,2.4600579240250346,42.97180346175321,47.47073578595318,0.1,2.5,1.52587890625e-08
269,10.982066683234082,9.89471162734356,0.013257640992701552,0.01306633831914452,3.9524849373025646,3.915929744607762,2.768508525349986,2.46542114251965,1.1340174842719457,1.0468944314464412,2.768508525349986,2.46542114251965,43.146286990508095,47.13628762541806,0.1,2.5,1.52587890625e-08
270,10.988735883213302,9.896919903813663,0.013252411057443542,0.013048253924385494,3.9522134263311797,3.9156521602617858,2.7704665971028613,2.4658768275376812,1.1344311628043484,1.0473379895439914,2.7704665971028613,2.4658768275376812,42.9072445561139,47.45680044593088,0.1,2.5,1.52587890625e-08
271,10.990201331329772,9.853321491675233,0.013247358890916968,0.013055238432542669,3.9519300263797286,3.915353262304861,2.7708765623091587,2.4516906926996067,1.1345656339447303,1.046829406832373,2.7708765623091587,2.4516906926996067,42.94737576772752,47.491638795986624,0.1,2.5,1.52587890625e-08
272,10.986092637731401,9.869743216928166,0.013246162761770302,0.013026706426878903,3.9515754546884847,3.9149960504061934,2.7697448927486894,2.4571681268504895,1.1342271325443125,1.0468562714498046,2.7697448927486894,2.4571681268504895,43.10964544946957,47.34531772575251,0.1,2.5,1.52587890625e-08
273,10.994830342925907,9.890674166323217,0.013243672775446804,0.01299938642385612,3.951245652171635,3.91473525051555,2.7725013009267836,2.4640460888810516,1.1344790993157476,1.0470314742862314,2.7725013009267836,2.4640460888810516,43.017169179229484,47.317447045707915,0.1,2.5,1.52587890625e-08
274,10.98804825474469,9.85066580533184,0.013241727275348522,0.013015670610494173,3.9509815056852493,3.914485714241547,2.7701170395233987,2.450562572532407,1.1346786448837058,1.0472569276257901,2.7701170395233987,2.450562572532407,42.765912897822446,47.498606465997774,0.1,2.5,1.52587890625e-08
275,10.991105149938432,9.881842852967772,0.013258135983629942,0.013024421974626207,3.9507144513175447,3.9141821951637565,2.7713060283181656,2.4603613694774666,1.1344287493320766,1.0481580252631453,2.7713060283181656,2.4603613694774666,43.13407314349526,46.871516164994425,0.1,2.5,1.52587890625e-08
276,10.995214617232381,9.878148586056303,0.013239973438420089,0.013001835543699687,3.9504319954557436,3.91393881923246,2.77287381205194,2.4601230234605413,1.1341550215072036,1.0466919059604574,2.77287381205194,2.4601230234605413,43.125348967057505,47.63099219620959,0.1,2.5,1.52587890625e-08
277,11.001269406010358,9.896423357917845,0.013249408623743396,0.013058322737223927,3.950191174586481,3.9137131040843167,2.774864608918003,2.465503784060611,1.1342035298371436,1.0477411491150574,2.774864608918003,2.465503784060611,42.91247906197655,47.589186176142704,0.1,2.5,1.52587890625e-08
278,10.994978265746354,9.892008744753324,0.013216789364648358,0.013040662982990113,3.9499480941320915,3.9134765298603105,2.772617772995327,2.464396169087294,1.1344566856397056,1.0472159423557013,2.772617772995327,2.464396169087294,43.23352875488553,47.031772575250834,0.1,2.5,1.52587890625e-08
279,10.979375598019292,9.868459570766692,0.013248172960967442,0.013030426744932315,3.949674506749207,3.913171386240318,2.767331753943234,2.4568746871374123,1.1345823413496374,1.0467439653349826,2.767331753943234,2.4568746871374123,42.84617532104969,47.53344481605351,0.1,2.5,1.52587890625e-08
280,10.99993351702581,9.854503886223902,0.013277597197069927,0.012982713392911812,3.9494279035305193,3.912954425599131,2.774319590968436,2.452271912276014,1.1343771930116304,1.046705018982308,2.774319590968436,2.452271912276014,42.895030709101064,47.53344481605351,0.1,2.5,1.52587890625e-08
281,10.97434992180531,9.862719940368414,0.013254994073064217,0.013046050694466899,3.9491682703570903,3.912641198605864,2.7661710529604284,2.4547016413315483,1.133832471121762,1.0471523958969542,2.7661710529604284,2.4547016413315483,42.89677554438861,47.61705685618729,0.1,2.5,1.52587890625e-08
282,10.997916242385429,9.887055646881478,0.013279510926120378,0.01303054747423998,3.9488502643016514,3.9123623549207265,2.7739359425939307,2.4629320929547482,1.1339719350746662,1.0469962840229106,2.7739359425939307,2.4629320929547482,43.06951423785594,47.408026755852845,0.1,2.5,1.52587890625e-08
283,10.99778666994147,9.869027704963981,0.01324509252809167,0.013020083038271337,3.948589743215368,3.912132500538991,2.773223543752844,2.457320532272492,1.1350059878686365,1.046416417943727,2.773223543752844,2.457320532272492,42.92643774427694,47.575250836120404,0.1,2.5,1.52587890625e-08
284,10.980540042879328,9.850082929051972,0.013274479715651736,0.013014117585974792,3.9483705339053703,3.9119444996484014,2.768230234558259,2.450353241152854,1.1338689105594577,1.0474073069550123,2.768230234558259,2.450353241152854,43.210845896147404,47.28957636566332,0.1,2.5,1.52587890625e-08
285,10.987652240819202,9.859915670609661,0.013247270110031534,0.013036812025401637,3.9481784744944273,3.911726451903548,2.770241389921562,2.4536851912969464,1.134431491079176,1.0473253077753677,2.770241389921562,2.4536851912969464,42.975293132328304,47.477703455964324,0.1,2.5,1.52587890625e-08
286,10.972183294099246,9.839429564566384,0.013256986942173449,0.012990326182491073,3.947938117150286,3.911494816957642,2.7653594283269545,2.447695628190652,1.134027101752613,1.0461014455377458,2.7653594283269545,2.447695628190652,43.285873813512005,48.04208472686734,0.1,2.5,1.52587890625e-08
287,10.989427275260955,9.867395573768063,0.013226851840705794,0.013013741514389065,3.947705554802414,3.9112575466151753,2.770906121686875,2.455951870883189,1.13435574931715,1.04770022364896,2.770906121686875,2.455951870883189,43.102666108319376,47.394091415830545,0.1,2.5,1.52587890625e-08
288,10.993108387834729,9.870045475869407,0.013257035652788107,0.012991491896219743,3.947452536646312,3.911013462870416,2.771897866564846,2.4568355046254204,1.134706252716827,1.0477230673782536,2.771897866564846,2.4568355046254204,43.10441094360692,46.92725752508361,0.1,2.5,1.52587890625e-08
289,10.990038501158033,9.868304757635995,0.013265097583995094,0.012997499316174915,3.9472159426149744,3.9107795311854434,2.7709960643303986,2.456878202814721,1.134531815846761,1.0467973461783717,2.7709960643303986,2.456878202814721,42.823492462311556,46.9969342251951,0.1,2.5,1.52587890625e-08
290,11.006927777241888,9.870271167095954,0.013262908382623107,0.013016461167347471,3.9469860655711657,3.9105670034818956,2.776462356582292,2.4569828649827072,1.1347895951193847,1.0476246881511564,2.776462356582292,2.4569828649827072,42.996231155778894,47.12235228539576,0.1,2.5,1.52587890625e-08
291,10.993388486401054,9.855297522401331,0.01323496855250422,0.012997919009373407,3.946734217010617,3.910292389400827,2.772479336598544,2.451932629082381,1.134021046040512,1.0477362384764246,2.772479336598544,2.451932629082381,43.03461753210497,47.045707915273134,0.1,2.5,1.52587890625e-08
292,10.996870557400582,9.871615852134815,0.013283680278406438,0.01305275915113746,3.9464732670105085,3.9100585031668875,2.772918229526411,2.4582167902386174,1.1350924225907828,1.0464534016623013,2.772918229526411,2.4582167902386174,42.72229201563372,47.672798216276476,0.1,2.5,1.52587890625e-08
293,10.991912980242057,9.87075365134572,0.013269755924312947,0.012978770049577506,3.9462582611092505,3.9098470293425662,2.7716244992299295,2.4572954515416754,1.1345719480434655,1.0474518899667755,2.7716244992299295,2.4572954515416754,42.737995533221664,47.1850613154961,0.1,2.5,1.52587890625e-08
294,10.995324827585055,9.881251047553294,0.013242408333191288,0.013007149258119738,3.94601937993687,3.9096008447500377,2.7729490246605035,2.461353626804075,1.1343166849454775,1.046611399687785,2.7729490246605035,2.461353626804075,43.13756281407035,47.3592530657748,0.1,2.5,1.52587890625e-08
295,10.994575516462726,9.864862936396264,0.013253497677407472,0.01301136610711797,3.945756433264361,3.909339975486764,2.7726192213449314,2.455214909220752,1.1344443592926698,1.0476364046833586,2.7726192213449314,2.455214909220752,42.91247906197655,47.01783723522854,0.1,2.5,1.52587890625e-08
296,11.001857504639661,9.872162430847236,0.013260578954543467,0.013001220515714241,3.945510093224641,3.909084939903506,2.775145057990257,2.4579374820758133,1.1343054030608493,1.0472201358780282,2.775145057990257,2.4579374820758133,42.877582356225574,47.331382385730215,0.1,2.5,1.52587890625e-08
297,11.005240840262237,9.880181144578268,0.013249874342230862,0.013013608214822302,3.945240406002298,3.9088419081774046,2.776225446523201,2.460584780842963,1.1343952865323697,1.0472645073830085,2.776225446523201,2.460584780842963,43.067769402568395,47.038740245261984,0.1,2.5,1.52587890625e-08
298,10.989413674086714,9.879983787153876,0.013266992212352741,0.01304324201143107,3.9449925298866515,3.9085877510483313,2.7707010574809403,2.4605767203281026,1.1347721443703427,1.0471758097576325,2.7707010574809403,2.4605767203281026,42.826982132886656,47.498606465997774,0.1,2.5,1.52587890625e-08
299,11.004239982762595,9.865311183525435,0.013256164748140516,0.013020668844323825,3.9447549627454235,3.908343213059033,2.776057587063958,2.4553943428573266,1.1341677793639122,1.047636570273966,2.776057587063958,2.4553943428573266,42.94039642657733,47.12931995540691,0.1,2.5,1.52587890625e-08
300,10.997190557998495,9.857281121388992,0.01326388987285641,0.01308825299135485,3.9444887921638423,3.9080925894155683,2.7738223847964836,2.4531496953273164,1.1340053181352727,1.0469672535042567,2.7738223847964836,2.4531496953273164,43.12709380234506,47.575250836120404,0.1,2.5,1.52587890625e-08
301,10.985970034404948,9.878302632632728,0.013258918151592223,0.013059565216020464,3.944203952382491,3.9077972238810696,2.770219371546453,2.4600295892925965,1.1338163079794794,1.047187263418068,2.770219371546453,2.4600295892925965,43.33123953098828,47.01783723522854,0.1,2.5,1.52587890625e-08
302,10.992122678900484,9.85611730169426,0.013275643303108441,0.013058941922417387,3.943897903864108,3.907515493922409,2.772073949401702,2.452322505921159,1.1341177069362085,1.0476696154345637,2.772073949401702,2.452322505921159,43.04857621440536,47.06661092530658,0.1,2.5,1.52587890625e-08
303,11.00149827133937,9.856321155692688,0.013238962580065598,0.01297277712897546,3.9436418186147275,3.9072581063146177,2.775170852590845,2.4530248812076905,1.1341913067915133,1.0467739687981281,2.775170852590845,2.4530248812076905,42.877582356225574,47.30351170568562,0.1,2.5,1.52587890625e-08
304,11.000553969761834,9.862599305883299,0.013253168381297142,0.013006767893465465,3.9433975581813963,3.907043000926142,2.7746081559901663,2.4549786421234656,1.1345682895629516,1.046976128084338,2.7746081559901663,2.4549786421234656,43.125348967057505,47.70763656633222,0.1,2.5,1.52587890625e-08
305,11.004213324610179,9.865321529881744,0.013234484971447373,0.013000652404790671,3.943141607649828,3.906734276243144,2.776066248407582,2.4555205941333154,1.134232973267019,1.0475428327004381,2.776066248407582,2.4555205941333154,43.02589335566723,46.89938684503902,0.1,2.5,1.52587890625e-08
306,10.999068193100205,9.892804622118556,0.01322676656827006,0.013032588719441207,3.942860806740442,3.9064930351814433,2.7743592319509824,2.4650237836699556,1.1342387981484017,1.0470256990147806,2.7743592319509824,2.4650237836699556,42.8287269681742,47.46376811594203,0.1,2.5,1.52587890625e-08
307,10.969648442143239,9.85465371675183,0.013273698571052284,0.01298716458011265,3.942601200989809,3.9062134674693163,2.7644788301703254,2.451892384185706,1.13433907705602,1.0476839982280497,2.7644788301703254,2.451892384185706,42.99972082635399,47.38015607580825,0.1,2.5,1.52587890625e-08
308,10.99520451659134,9.892662580462469,0.01323682087406491,0.013029531309943866,3.942296971161894,3.905903456867605,2.772721485609718,2.4649354329741784,1.1347867750309486,1.0471182056228188,2.772721485609718,2.4649354329741784,42.75020938023451,47.62402452619844,0.1,2.5,1.52587890625e-08
309,10.99866425531793,9.864344073245624,0.013249780593251697,0.013028773573645647,3.941978394552558,3.905618498024999,2.774294374110245,2.4550889364984654,1.1341667549361203,1.0477433334890682,2.774294374110245,2.4550889364984654,42.9142238972641,46.878483835005575,0.1,2.5,1.52587890625e-08
310,10.990379077904986,9.887340665793872,0.013263430596146751,0.012990628335928107,3.9417412825498683,3.9053890431339258,2.771318718416607,2.462775673754638,1.134492670870706,1.0477420621226596,2.771318718416607,2.462775673754638,42.992741485203794,47.47073578595318,0.1,2.5,1.52587890625e-08
311,10.983808482312277,9.872752092355071,0.01324610583513293,0.013032560175494473,3.9414695551247654,3.905121272224248,2.7694434913292336,2.4583461364376107,1.1340424785528818,1.0470845424876432,2.7694434913292336,2.4583461364376107,42.949120603015075,47.491638795986624,0.1,2.5,1.52587890625e-08
312,10.994085380047277,9.887167451107914,0.013272852004551973,0.013015990969885883,3.9412188274377153,3.9048903007039524,2.7730950937798275,2.4631737358992716,1.1337026751021444,1.0470705995857383,2.7730950937798275,2.4631737358992716,43.268425460636514,47.394091415830545,0.1,2.5,1.52587890625e-08
313,11.003353632208624,9.835055514987364,0.013243639661235259,0.013027531929613156,3.9409904485305285,3.9046545645332125,2.7759431812897666,2.445920961357678,1.13409068603079,1.0468997961967152,2.7759431812897666,2.445920961357678,42.902010050251256,47.84698996655518,0.1,2.5,1.52587890625e-08
314,11.004621798602114,9.87545615241945,0.013256124992990614,0.013004081667408164,3.9407237243013364,3.904395889411935,2.775970140294214,2.459117096270473,1.134691435421465,1.04733060089375,2.775970140294214,2.459117096270473,43.160245672808486,47.51254180602007,0.1,2.5,1.52587890625e-08
315,10.992776706723246,9.862801079234417,0.013266701111388,0.01304978965454576,3.940504036956097,3.90419732607328,2.772010208041491,2.455434388141568,1.1347144649123293,1.0465141552746495,2.772010208041491,2.455434388141568,43.03636236739251,47.44286510590858,0.1,2.5,1.52587890625e-08
316,11.016163492122887,9.870532562634352,0.013247230835362962,0.013014199847610897,3.9402856645738527,3.9039971033732095,2.780162138222716,2.457710590649608,1.1342006241523108,1.0469933892439307,2.780162138222716,2.457710590649608,42.93690675600224,47.85395763656633,0.1,2.5,1.52587890625e-08
317,11.005280541548311,9.86695371157881,0.01326778741259105,0.013002840198842246,3.940027417982177,3.9036734776619153,2.7764120758212125,2.456998746397769,1.1343868795817689,1.0462936694539644,2.7764120758212125,2.456998746397769,42.97703796761586,47.17809364548495,0.1,2.5,1.52587890625e-08
318,11.001668391714944,9.864796015464076,0.013262729055447361,0.01301976804670316,3.9397628779919835,3.9034567559708986,2.7749425089605557,2.4561783039450247,1.134800935576975,1.0464478543105067,2.7749425089605557,2.4561783039450247,42.54257398101619,47.96544035674471,0.1,2.5,1.52587890625e-08
319,11.01070199526601,9.89787618292614,0.01326251279984953,0.013008976537929463,3.9395356512415813,3.9032508125539076,2.7781048716945,2.4667124812020904,1.134585640138917,1.0472023526295904,2.7781048716945,2.4667124812020904,42.93690675600224,47.80518394648829,0.1,2.5,1.52587890625e-08
320,10.976916564502641,9.888315513381192,0.013285667320899561,0.013025098163613774,3.9392894212924054,3.902973243624072,2.7671919530626785,2.4640797603887856,1.134063033003304,1.046376876807133,2.7671919530626785,2.4640797603887856,43.296342825237296,47.19202898550724,0.1,2.5,1.52587890625e-08
321,10.977624979450475,9.8461397366646,0.013241200030290967,0.013029385286454972,3.9390000542204584,3.9026917039750013,2.767200194677782,2.449501110026935,1.134441594981668,1.0471688950872475,2.767200194677782,2.449501110026935,43.00321049692909,47.484671125975474,0.1,2.5,1.52587890625e-08
322,10.999598318341722,9.868738881986143,0.013229167788788168,0.013028360726758257,3.93874095299602,3.9024479899518068,2.7747092036679097,2.4570616527544615,1.1341837318432124,1.0471403513730835,2.7747092036679097,2.4570616527544615,43.160245672808486,47.491638795986624,0.1,2.5,1.52587890625e-08
323,10.995336584775957,9.843767145405645,0.013256777638474835,0.013005427709897958,3.9384600872570146,3.902180022619241,2.7727880081206577,2.449122163364321,1.134934880758783,1.0465886260620594,2.7727880081206577,2.449122163364321,43.125348967057505,47.74247491638796,0.1,2.5,1.52587890625e-08
324,10.98290424570566,9.900817493664116,0.013252152336968316,0.01297979725477023,3.938176524765594,3.9018603426424026,2.769046703575045,2.467395947928413,1.1343471750342466,1.0477319115911972,2.769046703575045,2.467395947928413,42.97354829704076,47.254738015607586,0.1,2.5,1.52587890625e-08
325,10.973309566427515,9.874212823716826,0.01324924256388433,0.013058457450905904,3.937859126803996,3.9015932325003804,2.7664448369620964,2.459103662433433,1.1334699539416733,1.0468419805551186,2.7664448369620964,2.459103662433433,43.05904522613066,47.47073578595318,0.1,2.5,1.52587890625e-08
326,11.007420196405407,9.85541217329776,0.013266710545254079,0.013013397314385361,3.9376046121087174,3.9013023533284197,2.777276894288779,2.4527515523808456,1.1342811581810248,1.0470069387020209,2.777276894288779,2.4527515523808456,42.888051367950865,47.72853957636566,0.1,2.5,1.52587890625e-08
327,10.994486523366787,9.87897074262434,0.013271096033017639,0.013003081814235403,3.9373504736115983,3.9011096616785395,2.7726663439584005,2.46077868704546,1.1347406921541139,1.0467603136863197,2.7726663439584005,2.46077868704546,42.73625069793411,47.414994425863995,0.1,2.5,1.52587890625e-08
328,10.994834076153506,9.841586666893932,0.013260794438459166,0.013037586103971122,3.9371344967303763,3.9008909789481954,2.7728428782064247,2.4481261025038585,1.1346655853762433,1.047040864708963,2.7728428782064247,2.4481261025038585,42.830471803461755,47.26170568561873,0.1,2.5,1.52587890625e-08
329,10.983633945535376,9.861349994655171,0.013267226194279577,0.013013500563484702,3.9369025564539837,3.9006491541995385,2.769551629663379,2.455070504775414,1.134010795572495,1.0465300669239517,2.769551629663379,2.455070504775414,42.91247906197655,47.43589743589743,0.1,2.5,1.52587890625e-08
330,10.997000100025579,9.863016274195983,0.01326202577846317,0.012993070626072793,3.936674900390395,3.900458803942371,2.774338983144925,2.4553722618947194,1.1335268139772612,1.0469302685896025,2.774338983144925,2.4553722618947194,43.46733668341709,48.13963210702341,0.1,2.5,1.52587890625e-08
331,10.977567900631563,9.879131526585539,0.013268561943292219,0.013011043267314185,3.9364635021842305,3.9002101413382335,2.7674524403363883,2.460595084937786,1.1341478211596183,1.047157072436185,2.7674524403363883,2.460595084937786,43.067769402568395,48.06298773690078,0.1,2.5,1.52587890625e-08
332,10.985856570057999,9.885770741380842,0.013267370643398902,0.013021155185748303,3.936208999203544,3.8999608836179327,2.7699230908681933,2.462285006591176,1.134599501763157,1.0479492071347358,2.7699230908681933,2.462285006591176,42.956099944165274,47.19899665551839,0.1,2.5,1.52587890625e-08
333,10.992954853724529,9.85579593843441,0.013250404350056054,0.013019544569777539,3.935968534564386,3.899718137356217,2.7725554866407385,2.452375700907032,1.134220556131892,1.0478387690308102,2.7725554866407385,2.452375700907032,42.891541038525965,47.42892976588629,0.1,2.5,1.52587890625e-08
334,11.006592366630175,9.875649159834403,0.013268426042996526,0.012974354239137077,3.935719586430416,3.899488628508654,2.7768993229921937,2.459118356407021,1.134527018521499,1.0476854271447513,2.7768993229921937,2.459118356407021,43.160245672808486,47.12931995540691,0.1,2.5,1.52587890625e-08
335,10.985157817518957,9.860712791366321,0.013259372274567634,0.013048353934101968,3.9354753957521575,3.8992177746367696,2.769759973822061,2.4544345184313414,1.1345355117340983,1.0472195569753913,2.769759973822061,2.4544345184313414,42.6891401451703,47.89576365663322,0.1,2.5,1.52587890625e-08
336,10.987507841961135,9.85997626401376,0.013262616732016846,0.01301789811398074,3.935180774419285,3.8989534675742736,2.770864877136375,2.454701727449296,1.134066250322918,1.0464789236801257,2.770864877136375,2.454701727449296,42.91771356783919,47.65886287625418,0.1,2.5,1.52587890625e-08
337,10.983233178680267,9.866713975185535,0.013242934705166428,0.0130187788710347,3.9349185324860043,3.8986901439551924,2.7692514321845314,2.4569523560429363,1.1343720395228238,1.0464845343577025,2.7692514321845314,2.4569523560429363,43.03636236739251,47.77034559643255,0.1,2.5,1.52587890625e-08
338,11.005860065095987,9.88068018948354,0.013253435891876667,0.013012610193146777,3.934647837542476,3.8984399426608047,2.776861071120688,2.461205691929778,1.134279316327613,1.0471032596086314,2.776861071120688,2.461205691929778,42.888051367950865,47.331382385730215,0.1,2.5,1.52587890625e-08
339,10.979688787646696,9.838630812356836,0.013251775797687384,0.013016087769290875,3.934381540895906,3.898187806375051,2.7679460079293223,2.4469332843852816,1.1345804173609586,1.0474980581165556,2.7679460079293223,2.4469332843852816,42.77114740368509,47.310479375696765,0.1,2.5,1.52587890625e-08
340,10.988213710050088,9.919924004553685,0.013254673867099016,0.012987507384689888,3.9341366888756597,3.897941399577469,2.770712859932768,2.474397767746329,1.1347033725245448,1.0469745409528548,2.770712859932768,2.474397767746329,42.922948073701846,47.19202898550724,0.1,2.5,1.52587890625e-08
341,10.989755803017161,9.849273506215583,0.013269830761879832,0.013038754335489362,3.9338903368551064,3.897720642313112,2.771981459499936,2.450318359876822,1.1335762851002629,1.0477538124108925,2.771981459499936,2.450318359876822,43.23701842546064,47.19899665551839,0.1,2.5,1.52587890625e-08
342,10.997341386037855,9.863597302665413,0.013244966907184394,0.013002772159342849,3.933661826957477,3.8974879970784437,2.7742143522621467,2.455381435428309,1.1340435841840981,1.047350703739668,2.7742143522621467,2.455381435428309,42.91247906197655,47.505574136008924,0.1,2.5,1.52587890625e-08
343,10.98875836458105,9.879358447913742,0.013260260221222337,0.013008289031867133,3.9334064858509534,3.897206819974459,2.7709231168980173,2.4605863066421305,1.1346940614869647,1.0474353045258369,2.7709231168980173,2.4605863066421305,42.95086543830263,47.317447045707915,0.1,2.5,1.52587890625e-08
344,11.00261385143968,9.893158637826126,0.013283658393105935,0.013009289487232864,3.933114772000039,3.8969192520830545,2.7758285070117927,2.4654238884531403,1.1342665963436491,1.047092903484336,2.7758285070117927,2.4654238884531403,42.77987158012284,47.338350055741365,0.1,2.5,1.52587890625e-08
345,10.993871646776737,9.878674169049216,0.013251537943309842,0.012999839875161847,3.9328498395710003,3.896690648269228,2.7727822188489735,2.4602861234309814,1.1344942173965813,1.0475734407819368,2.7727822188489735,2.4602861234309814,42.922948073701846,47.29654403567447,0.1,2.5,1.52587890625e-08
346,11.004431307615347,9.847154828351211,0.013256940457164941,0.012964320387753555,3.9325645988311,3.8963886923348756,2.776194768668153,2.450695838019202,1.1346668082199438,1.0462320818417314,2.776194768668153,2.450695838019202,42.93341708542713,47.45680044593088,0.1,2.5,1.52587890625e-08
347,10.988978670270399,9.849831072914693,0.013293240476235339,0.013027592901651277,3.9323237747669486,3.896163004829466,2.7706539730730166,2.451130323718357,1.1352455763095322,1.0468980877295784,2.7706539730730166,2.451130323718357,42.79383026242323,47.51254180602007,0.1,2.5,1.52587890625e-08
348,10.991546395502564,9.882765811422598,0.013257792849241355,0.013041086722302397,3.9320677539478264,3.895928084385169,2.7720655931699616,2.461783363534721,1.1344425292869709,1.0473909302300035,2.7720655931699616,2.461783363534721,43.010189838079285,47.672798216276476,0.1,2.5,1.52587890625e-08
349,10.984544770535246,9.866920562625065,0.013244396942968743,0.013039085487632648,3.931804445720398,3.895633382807873,2.7698184872791796,2.456449509464379,1.1343322212239473,1.0474848199050164,2.7698184872791796,2.456449509464379,43.30506700167504,47.414994425863995,0.1,2.5,1.52587890625e-08
350,11.002588648559128,9.874320628783908,0.01325253567058803,0.013023794418950477,3.9315385558896727,3.895384010263909,2.775744106169189,2.4592991616813635,1.1344749628665525,1.0469304844820113,2.775744106169189,2.4592991616813635,42.9822724734785,47.28957636566332,0.1,2.5,1.52587890625e-08
351,10.978677686268494,9.864902556939269,0.013275713202221677,0.012988838417000794,3.931289648889896,3.8951345957242527,2.767456875507689,2.456320058010361,1.1349511719628596,1.046720064271121,2.767456875507689,2.456320058010361,42.78859575656058,47.38015607580825,0.1,2.5,1.52587890625e-08
352,10.988811279927333,9.861516588906381,0.013227413652338907,0.013031740984365494,3.931045135128505,3.8949314766504295,2.7713627324032424,2.4548981431601704,1.1341955669095303,1.0471486173478788,2.7713627324032424,2.4548981431601704,43.02240368509212,47.08751393534002,0.1,2.5,1.52587890625e-08
353,10.999459171880895,9.85521351241215,0.013244320885478484,0.01295127045599912,3.9308449311472065,3.8947093284781293,2.7751929284739534,2.4530879948848865,1.1337757759557496,1.0467636495529609,2.7751929284739534,2.4530879948848865,43.045086543830266,48.25111482720178,0.1,2.5,1.52587890625e-08
354,10.997250917435757,9.842154645866641,0.013237562135594108,0.013025880617856846,3.9306146836294134,3.894455772578517,2.7740460029199494,2.448418590403188,1.134406939157223,1.0472137038258538,2.7740460029199494,2.448418590403188,43.081728084868786,47.08054626532888,0.1,2.5,1.52587890625e-08
355,10.995545627949692,9.882149525177784,0.013251908057453013,0.01300024360817013,3.930313183967126,3.8941948219818148,2.773340619389136,2.461753531044542,1.1346202753297048,1.0472346163513668,2.773340619389136,2.461753531044542,42.908989391401455,47.81911928651059,0.1,2.5,1.52587890625e-08
356,11.000333667267373,9.884442891830053,0.013235893770261959,0.013046612313127304,3.9300765048718733,3.8939391803847774,2.775203845409093,2.4622552628767,1.134239273920597,1.0476182704519401,2.775203845409093,2.4622552628767,42.89677554438861,47.13628762541806,0.1,2.5,1.52587890625e-08
357,10.983407287342065,9.851766151993836,0.013262318196591554,0.013054059431114656,3.929825414564941,3.8937321761778763,2.769776652739209,2.4518441255541816,1.1339162335190807,1.046903246820571,2.769776652739209,2.4518441255541816,43.04334170854271,47.44983277591973,0.1,2.5,1.52587890625e-08
358,10.99016062525116,9.87922922663864,0.013261562266341806,0.01302666937124603,3.929582192736721,3.8934508842502282,2.7717335343959943,2.460874278808517,1.134370112938298,1.0471173326174419,2.7717335343959943,2.460874278808517,42.92643774427694,47.63795986622073,0.1,2.5,1.52587890625e-08
359,10.993322973608105,9.878868765389774,0.013259106748313593,0.01303186954841134,3.929294067544687,3.8931408364371447,2.772825112893953,2.4606203280696635,1.1343295498975225,1.0473309159943358,2.772825112893953,2.4606203280696635,42.833961474036855,47.55434782608695,0.1,2.5,1.52587890625e-08
360,10.996196747891135,9.856086155775532,0.013265864504475224,0.013006018621093254,3.9290171027649454,3.892907982552995,2.773900119104178,2.4532398740317642,1.1341643988387269,1.047034872681268,2.773900119104178,2.4532398740317642,43.05206588498046,47.338350055741365,0.1,2.5,1.52587890625e-08
361,10.997742551721586,9.897885996628233,0.013260823606899801,0.013034589566838582,3.9287682628578344,3.892678664812409,2.7741520018766606,2.4669419172216815,1.1345744517047867,1.047378899926193,2.7741520018766606,2.4669419172216815,42.891541038525965,47.498606465997774,0.1,2.5,1.52587890625e-08
362,10.9873274691873,9.864867416645506,0.013272354406336378,0.012987877605659441,3.928491422545637,3.8923815423695407,2.770874814172486,2.45620921463472,1.1342907737314467,1.047006824675744,2.770874814172486,2.45620921463472,42.84966499162479,47.47073578595318,0.1,2.5,1.52587890625e-08
363,10.996742520100707,9.878313126239755,0.013268543784322018,0.013027175995152664,3.9282290956815618,3.8921690901519197,2.773860473196178,2.461002034620032,1.1345348382781566,1.0465314715203633,2.773860473196178,2.461002034620032,42.7536990508096,47.96544035674471,0.1,2.5,1.52587890625e-08
364,10.98968637169306,9.866645423332052,0.013264544426225903,0.013023652296218453,3.927999616268292,3.891924452489302,2.7710474159117187,2.4563110722613044,1.1352397959569125,1.0477480526884795,2.7710474159117187,2.4563110722613044,42.678671133445,47.35228539576365,0.1,2.5,1.52587890625e-08
365,10.989163892353,9.868435489692816,0.013264862831946127,0.01299548525375666,3.9277595817410433,3.891685813299921,2.7716425000323324,2.4571993337692892,1.1340977892670665,1.0473367211677824,2.7716425000323324,2.4571993337692892,43.29808766052485,47.150222965440356,0.1,2.5,1.52587890625e-08
366,10.990344987908667,9.865691809617024,0.013232727697829438,0.013046049676968435,3.9275170339012466,3.891398344284449,2.771864501542049,2.4565073234447534,1.1343835180927961,1.046991930159438,2.771864501542049,2.4565073234447534,43.02240368509212,47.45680044593088,0.1,2.5,1.52587890625e-08
367,10.989187059556885,9.860732208260458,0.013265782587608766,0.013038008082388104,3.927202578032902,3.891113591699164,2.7720324635039755,2.4547708725583726,1.1335518420042106,1.0471351336741792,2.7720324635039755,2.4547708725583726,43.34170854271357,47.21293199554069,0.1,2.5,1.52587890625e-08
368,11.00288283552024,9.866478099737943,0.01325693052305748,0.013051138844012948,3.926934136550963,3.890802176102348,2.776199266805388,2.457170733905822,1.1341673312141933,1.0464172841713182,2.776199266805388,2.457170733905822,43.09743160245672,48.014214046822744,0.1,2.5,1.52587890625e-08
369,10.974237648619413,9.88551869812352,0.013225344648259203,0.012992064109323348,3.9266149760756925,3.8905467482049065,2.7665727245015583,2.4627696388674156,1.1343162941706373,1.0475815087390716,2.7665727245015583,2.4627696388674156,42.87932719151312,47.36622073578595,0.1,2.5,1.52587890625e-08
370,10.99715624542492,9.868874885831257,0.013288959046999447,0.013017533005421841,3.926351061751229,3.8903038863221404,2.7741402498774526,2.457232360988689,1.1344057094578235,1.0475649070181576,2.7741402498774526,2.457232360988689,42.6141122278057,47.19202898550724,0.1,2.5,1.52587890625e-08
371,10.985993895432191,9.858728363096647,0.0132630405940286,0.01296631401714141,3.926111679913144,3.8900090430758336,2.770693253964968,2.454397891543249,1.1340199764849153,1.0467837179783595,2.770693253964968,2.454397891543249,43.25795644891122,47.038740245261984,0.1,2.5,1.52587890625e-08
372,10.98763122750287,9.85705829969085,0.013287252674762228,0.013029297085950273,3.92584231404337,3.889754493898373,2.770827338923162,2.4535118988658007,1.1346388852243514,1.0472589317904402,2.770827338923162,2.4535118988658007,42.97180346175321,46.92028985507246,0.1,2.5,1.52587890625e-08
373,10.988688350722219,9.883256258374473,0.013262985583596527,0.013060133690336343,3.92559133302826,3.889541400581964,2.7707497547752427,2.462170435300506,1.1353084907260174,1.0473653700040735,2.7707497547752427,2.462170435300506,42.73625069793411,46.941192865105904,0.1,2.5,1.52587890625e-08
374,11.002974042141657,9.866228188692261,0.013265021214503972,0.012990842607607411,3.9253708793090616,3.889342653047015,2.775839207892575,2.456836428264843,1.134827161953477,1.0468969124482495,2.775839207892575,2.456836428264843,42.8322166387493,47.65886287625418,0.1,2.5,1.52587890625e-08
375,10.983153378876942,9.87685868253676,0.013259254859803045,0.013043867902770024,3.925158475112276,3.8891274942336405,2.769653066318838,2.460823782311634,1.1342095164597734,1.0462153587187146,2.769653066318838,2.460823782311634,42.95435510887772,47.86092530657748,0.1,2.5,1.52587890625e-08
376,10.995144106035855,9.903134070644144,0.013259532565530753,0.012997844736138514,3.9249319043790476,3.8888876478010195,2.7733905693461014,2.4689131335935732,1.1346098297072282,1.0472540128456975,2.7733905693461014,2.4689131335935732,43.00321049692909,47.29654403567447,0.1,2.5,1.52587890625e-08
377,10.987388918614135,9.837683478326701,0.013243276131870292,0.013021093395558354,3.9246804980443617,3.888664801915487,2.7707494858720993,2.447387070294341,1.134714557697226,1.0468173340012796,2.7707494858720993,2.447387070294341,42.93341708542713,47.96544035674471,0.1,2.5,1.52587890625e-08
378,10.990543454935404,9.892231999698158,0.013257452766221206,0.012957045707722903,3.924451172251997,3.8883978600220273,2.772211117960101,2.4653218305496334,1.1341037748247336,1.0472348386228683,2.772211117960101,2.4653218305496334,42.91945840312674,47.07357859531773,0.1,2.5,1.52587890625e-08
379,10.970865330570973,9.893067557676181,0.013248636699809434,0.013026831972692058,3.924207127207421,3.8882181126138438,2.7655741699842817,2.4654536034617003,1.1342367527539474,1.0474290558725696,2.7655741699842817,2.4654536034617003,43.03461753210497,47.408026755852845,0.1,2.5,1.52587890625e-08
380,10.991443601019352,9.887744921638548,0.013266420871693285,0.013017228908355088,3.923957558732536,3.887923460474514,2.77220409293204,2.463899624919147,1.1345845711823617,1.0471182682841118,2.77220409293204,2.463899624919147,43.19165270798437,47.21293199554069,0.1,2.5,1.52587890625e-08
381,10.992447103886947,9.867120800209683,0.01324932863140226,0.01306118393667798,3.923696315068895,3.8877002871289035,2.7730936598072233,2.4567218727890068,1.1337735714824555,1.0475619834668128,2.7730936598072233,2.4567218727890068,43.242252931323286,47.324414715719065,0.1,2.5,1.52587890625e-08
382,10.994001198986401,9.881011654036234,0.01326770290143742,0.013017353749187163,3.923456434428792,3.8874375620813275,2.7730221890790845,2.4623148837350017,1.1346606455456272,1.046152944881116,2.7730221890790845,2.4623148837350017,42.94737576772752,47.68673355629877,0.1,2.5,1.52587890625e-08
383,10.992326809932639,9.869909378995864,0.013269615435524568,0.012967442921305713,3.923210584671387,3.887214796200245,2.7728242160620336,2.457946402306275,1.134131744212774,1.0471906048664148,2.7728242160620336,2.457946402306275,42.85489949748744,47.08751393534002,0.1,2.5,1.52587890625e-08
384,10.979307897259975,9.875601413390841,0.01327278791177479,0.0130127779402279,3.922952325699517,3.886951519892766,2.768479670977739,2.460000536779363,1.134150432714998,1.046945935906375,2.768479670977739,2.460000536779363,43.00146566164154,47.61705685618729,0.1,2.5,1.52587890625e-08
385,11.00517075931074,9.896340095345657,0.013250472088563316,0.01302730909537279,3.922673672154787,3.886694081518031,2.777027007123733,2.4666293560461856,1.1342859447900973,1.047377655272234,2.777027007123733,2.4666293560461856,43.14454215522055,46.82274247491639,0.1,2.5,1.52587890625e-08
386,10.985431326094584,9.871470431686113,0.013253822978866759,0.013040442141177862,3.922382859661884,3.886355723558594,2.7703094985616867,2.4589034559468894,1.1345053625000314,1.046541997554443,2.7703094985616867,2.4589034559468894,43.05904522613066,47.65189520624303,0.1,2.5,1.52587890625e-08
387,10.979686324387407,9.84196939755443,0.01325016581083662,0.012977429595023161,3.9221080507665023,3.8861505905521354,2.7684168802300757,2.448442304413454,1.1344873607657862,1.0475249892493155,2.7684168802300757,2.448442304413454,42.98052763819096,47.65886287625418,0.1,2.5,1.52587890625e-08
388,10.991472239470362,9.89966777388999,0.013233833821487287,0.013036821212997471,3.921869617677281,3.8858800662666924,2.7724906017765663,2.4677126063418098,1.1342898399586254,1.0474525647551454,2.7724906017765663,2.4677126063418098,43.05032104969291,47.62402452619844,0.1,2.5,1.52587890625e-08
389,10.998294843634302,9.880920923141598,0.01324338869138146,0.013043921557125306,3.9216309560203872,3.8856874519633076,2.7745287330506034,2.4620452348470954,1.134651062875936,1.0465862614786878,2.7745287330506034,2.4620452348470954,42.91771356783919,47.840022296544035,0.1,2.5,1.52587890625e-08
390,11.007340202778828,9.905571060435827,0.013270703966493783,0.013045922818789912,3.9214093862200237,3.885443354131386,2.7776925799435306,2.4699736800347947,1.134425418727029,1.0470298528671265,2.7776925799435306,2.4699736800347947,43.006700167504185,47.672798216276476,0.1,2.5,1.52587890625e-08
391,11.006170373466146,9.849236153971525,0.01326750168740117,0.01303651464590128,3.921135437814701,3.885153806063377,2.7770030189665387,2.4507050260386474,1.1348901366734891,1.04778457591632,2.7770030189665387,2.4507050260386474,42.93865159128978,47.331382385730215,0.1,2.5,1.52587890625e-08
392,10.985608731349176,9.87522182921768,0.013255816338857349,0.013033302413629847,3.9208697870681566,3.8849152072749145,2.770579706151548,2.459562642651391,1.134263415964937,1.0475045421982023,2.770579706151548,2.459562642651391,42.975293132328304,47.54738015607581,0.1,2.5,1.52587890625e-08
393,10.982591139145367,9.865108650530727,0.013225195123925847,0.012993378767176815,3.9205370274154516,3.884566764236161,2.7694728439710183,2.45687564134332,1.1344468420540934,1.0465158341055862,2.7694728439710183,2.45687564134332,42.95086543830263,47.88182831661093,0.1,2.5,1.52587890625e-08
394,10.993453244667757,9.86897148761728,0.013257375464887509,0.01303129774230712,3.9202639610656873,3.884344502569175,2.773175863365033,2.4574595231276293,1.1343209395389993,1.0475635834229298,2.773175863365033,2.4574595231276293,42.93865159128978,46.69035674470457,0.1,2.5,1.52587890625e-08
395,10.979562938313189,9.863332587872593,0.013255019886455577,0.013059383945554129,3.9200351057207032,3.884106611594176,2.7683217090178576,2.455692429207639,1.1346696264446947,1.0473926173670502,2.7683217090178576,2.455692429207639,43.06602456728085,47.28260869565217,0.1,2.5,1.52587890625e-08
396,11.001395002947646,9.855180563868222,0.013274004287697429,0.013012184371077429,3.919801670103217,3.8838920407204856,2.775526423483571,2.4529088803358303,1.1347807647128934,1.04752624307322,2.775526423483571,2.4529088803358303,42.46754606365159,47.3871237458194,0.1,2.5,1.52587890625e-08
397,10.991253966262791,9.848396904093764,0.01325783891720871,0.013017492370893858,3.9195801752496204,3.883666428701003,2.7724982857504483,2.4508580768121657,1.1342716242333886,1.0472192592844118,2.7724982857504483,2.4508580768121657,43.053810720268004,47.233835005574136,0.1,2.5,1.52587890625e-08
398,10.998489673812585,9.898071983320392,0.013248144637529142,0.013058973940394595,3.919352360240312,3.8834337154226826,2.7748599568936227,2.467238626219623,1.1343632097153742,1.0474768752770014,2.7748599568936227,2.467238626219623,43.13407314349526,47.575250836120404,0.1,2.5,1.52587890625e-08
399,10.991067605202321,9.8913639620395,0.01327341242466124,0.0129773874622806,3.9191153774975,3.8832228853551043,2.772463618677332,2.46524989246126,1.134245878820776,1.0471573476674432,2.772463618677332,2.46524989246126,42.99448632049134,46.93422519509476,0.1,2.5,1.52587890625e-08
400,10.989661199696434,9.832371908951231,0.013261172646944713,0.013016870932668081,3.9189075149683097,3.882988854794199,2.7720902864657453,2.445104741864114,1.134119205804992,1.0478709492927942,2.7720902864657453,2.445104741864114,42.86711334450028,47.052675585284284,0.1,2.5,1.52587890625e-08
401,10.993399011962312,9.86180719537214,0.013239779616204272,0.013011862339042833,3.9186826581598195,3.88280043527567,2.773286955240783,2.4553397252009463,1.1342150348315088,1.0472480737113101,2.773286955240783,2.4553397252009463,43.07823841429369,47.394091415830545,0.1,2.5,1.52587890625e-08
402,10.982253767936873,9.84775149835525,0.013266642260225307,0.013045235149720174,3.918414400250868,3.8824596697404368,2.769790555830444,2.450948965722236,1.1338870080072476,1.0468066698199796,2.769790555830444,2.450948965722236,43.00321049692909,47.840022296544035,0.1,2.5,1.52587890625e-08
403,11.003379713151123,9.879267588905666,0.013295540885634758,0.012994812079886994,3.918104042359932,3.882188305806954,2.7766401552075717,2.4615307417734544,1.1341766567618936,1.046730878759786,2.7766401552075717,2.4615307417734544,42.935161920714684,46.92725752508361,0.1,2.5,1.52587890625e-08
404,10.995142119347483,9.85538156109643,0.01325156372342111,0.013033359663492462,3.917845990257114,3.8819035085680227,2.7732882413166586,2.453274837571509,1.1351206086322225,1.0471666628035947,2.7732882413166586,2.453274837571509,42.84443048576214,47.46376811594203,0.1,2.5,1.52587890625e-08
405,10.98566514829362,9.83708820906504,0.013271349742239012,0.013008120794725525,3.917534445864338,3.8816180590668914,2.7703474292137447,2.4472286039371554,1.1347990090590092,1.0471162412610473,2.7703474292137447,2.4472286039371554,42.64377442769403,47.09448160535117,0.1,2.5,1.52587890625e-08
406,10.989027708086603,9.86970389354455,0.01327085345546704,0.012979270960957044,3.9172134386102027,3.881320191067597,2.77184268564302,2.4582007090782243,1.1342537260002294,1.04699523572539,2.77184268564302,2.4582007090782243,43.0607900614182,47.88879598662207,0.1,2.5,1.52587890625e-08
407,10.992774837180797,9.874803801444063,0.013257719529558665,0.013035774553857054,3.916925218503346,3.880994130137772,2.773238336620618,2.4590303867291183,1.1340547939840473,1.0482887046924536,2.773238336620618,2.4590303867291183,43.092197096594084,47.07357859531773,0.1,2.5,1.52587890625e-08
408,10.984727009656641,9.852495967477992,0.01323690201768923,0.013004616555968589,3.9166285782669723,3.880776713657273,2.7698931105638733,2.451994086056117,1.1350739530050042,1.047715705241115,2.7698931105638733,2.451994086056117,42.58793969849246,47.06661092530658,0.1,2.5,1.52587890625e-08
409,10.978151715447423,9.875713962907907,0.01326397689145697,0.01304565119030683,3.916395473986082,3.880494681489109,2.768471432158163,2.4599150079016967,1.133916965082063,1.0474369118577793,2.768471432158163,2.4599150079016967,42.92818257956449,47.338350055741365,0.1,2.5,1.52587890625e-08
410,10.996858592541907,9.864336983415992,0.013270050919568453,0.013001626356397917,3.9161369072399212,3.880294383834703,2.7743151683104497,2.4561037012565894,1.1345146760003384,1.0474973965515129,2.7743151683104497,2.4561037012565894,42.9037548855388,46.83667781493868,0.1,2.5,1.52587890625e-08
411,11.004219869339952,9.878283791983273,0.013259056358094292,0.012998911698526364,3.9159399279664178,3.8800906938321083,2.7771968146664414,2.460450494834279,1.133888184125699,1.0479621214744372,2.7771968146664414,2.460450494834279,43.16548017867113,46.941192865105904,0.1,2.5,1.52587890625e-08
412,10.985889232471493,9.867361493998414,0.0132509282639844,0.013016031577419013,3.9157273781359496,3.8798910298342157,2.7708126709222927,2.457433942967035,1.1343137571626638,1.0470272660122535,2.7708126709222927,2.457433942967035,42.86362367392518,47.42892976588629,0.1,2.5,1.52587890625e-08
413,10.998778690378604,9.901102741160653,0.013288572425410643,0.013024590947896807,3.9154935290466,3.8796319448562504,2.7750290751390656,2.468121489819343,1.1344267683678801,1.0478752495320214,2.7750290751390656,2.468121489819343,43.04334170854271,46.962095875139354,0.1,2.5,1.52587890625e-08
414,10.99586063120899,9.871945896807855,0.013253234413679687,0.013036573232009326,3.915229327980864,3.87936048178104,2.7742169873798312,2.45873862631212,1.1342167370416545,1.047378701576288,2.7742169873798312,2.45873862631212,43.06253489670575,47.43589743589743,0.1,2.5,1.52587890625e-08
415,10.977901161615573,9.875003922610246,0.01322988475065019,0.013054398064986452,3.9149117270107046,3.879049643226292,2.768270453815684,2.4596469476735976,1.134184365363044,1.0475518214396942,2.768270453815684,2.4596469476735976,43.07300390843105,47.85395763656633,0.1,2.5,1.52587890625e-08
416,11.001507043971621,9.863114870511568,0.013289107130928821,0.01301772612040092,3.914611050964134,3.878724247051056,2.775802921010821,2.4555919485347326,1.1346740239429314,1.0477244334343152,2.775802921010821,2.4555919485347326,42.64202959240648,47.47073578595318,0.1,2.5,1.52587890625e-08
417,10.99278758531972,9.836751547678391,0.013261005574122846,0.012995694963305092,3.9143440793972983,3.878517053066156,2.773426860088346,2.4467357933986413,1.1339057884956458,1.0478483744156666,2.773426860088346,2.4467357933986413,43.193397543271914,46.98996655518395,0.1,2.5,1.52587890625e-08
418,10.98361378046203,9.874219677520038,0.013254353143732385,0.012967588989439949,3.914137567773603,3.878318152432989,2.7696966028027132,2.4597628044842876,1.1349279170326518,1.047065954676174,2.7696966028027132,2.4597628044842876,42.905499720826356,47.20596432552954,0.1,2.5,1.52587890625e-08
419,10.994729866867022,9.8731639823786,0.013255759179779333,0.013060691104028603,3.913931009025297,3.8781112832502114,2.773515451293894,2.4593192528987275,1.1347673141643497,1.0471672132661112,2.773515451293894,2.4593192528987275,43.09743160245672,47.35228539576365,0.1,2.5,1.52587890625e-08
420,10.979217528231912,9.855705387217544,0.013249090127022922,0.012995742849067037,3.913680493665234,3.877844287134466,2.768816125785619,2.453512247323724,1.1340760201598465,1.0471942366299156,2.768816125785619,2.453512247323724,43.11487995533222,47.568283166109254,0.1,2.5,1.52587890625e-08
421,10.991068020005388,9.859779740124111,0.013241709055538153,0.013013163331268956,3.913429646569214,3.877614619872775,2.7726897136383655,2.4548853150711145,1.1342071081791958,1.0471745698215438,2.7726897136383655,2.4548853150711145,43.16548017867113,47.19899665551839,0.1,2.5,1.52587890625e-08
422,10.995639176424623,9.850424406653397,0.013247594807769153,0.013008164888748291,3.9131823951874547,3.8773307183647368,2.773787786147236,2.45172462933837,1.1348549922307332,1.047254620055557,2.773787786147236,2.45172462933837,43.04683137911781,48.111761426978816,0.1,2.5,1.52587890625e-08
423,10.992799696078318,9.88826519297384,0.013264935885908083,0.013068631517730961,3.9129019706093486,3.8770628429974203,2.772755415728477,2.464608135563607,1.1349891557965046,1.0468329418463054,2.772755415728477,2.464608135563607,42.970058626465665,48.03511705685619,0.1,2.5,1.52587890625e-08
424,10.989104928549677,9.85171085748917,0.013284789623473191,0.013055657471635004,3.912619463229965,3.876803414611646,2.7717687179761383,2.4523685755936997,1.134626020405427,1.04693458005869,2.7717687179761383,2.4523685755936997,42.78336125069793,47.582218506131554,0.1,2.5,1.52587890625e-08
425,10.989471365259321,9.87423717590213,0.013258896389532062,0.013025957178386756,3.912385811957482,3.876572563230925,2.7722681557779403,2.4592470466226772,1.1340847330876132,1.0479063860814575,2.7722681557779403,2.4592470466226772,42.93690675600224,46.9969342251951,0.1,2.5,1.52587890625e-08
426,10.978424886962276,9.878792932333887,0.013244235591722693,0.013046409907764282,3.9121060034604396,3.8762947444533027,2.7683457473614306,2.46109230582132,1.1344664039590517,1.0474200732466104,2.7683457473614306,2.46109230582132,43.160245672808486,47.63795986622073,0.1,2.5,1.52587890625e-08
427,10.985581815475728,9.873953531152562,0.013254109530338922,0.013012171791473959,3.9118269082223285,3.876022991660978,2.7707649181170013,2.4593747992446455,1.134425133982562,1.0476073478509484,2.7707649181170013,2.4593747992446455,42.82174762702401,47.54041248606466,0.1,2.5,1.52587890625e-08
428,10.989155316738893,9.864681407626524,0.013242560549052084,0.013000590387220965,3.9115826033267944,3.8757833350063566,2.772397436155812,2.4565736508555505,1.1337810941810118,1.047190763945032,2.772397436155812,2.4565736508555505,42.96831379117811,47.310479375696765,0.1,2.5,1.52587890625e-08
429,10.980655024798471,9.871740465578826,0.013268410792914367,0.012987837303375853,3.9112942893700784,3.875477582980425,2.768957685585597,2.458497327572792,1.1346920779934813,1.0478564490176896,2.768957685585597,2.458497327572792,42.88107202680067,47.06661092530658,0.1,2.5,1.52587890625e-08
430,10.99114152854012,9.862991348955543,0.013271277793800112,0.012992084982577574,3.9109851864048517,3.8751918666205944,2.7726282735299557,2.456697076193598,1.1344434569362554,1.0461944223380542,2.7726282735299557,2.456697076193598,43.06951423785594,47.74944258639911,0.1,2.5,1.52587890625e-08
431,11.000227133166783,9.841668046570675,0.013295974684353982,0.013018551246245437,3.91074246311241,3.874979341840797,2.7755382493645833,2.449215815218795,1.1346210898932367,1.0467520615328914,2.7755382493645833,2.449215815218795,42.92469290898939,47.498606465997774,0.1,2.5,1.52587890625e-08
432,10.9989200104288,9.876863736904319,0.013266035091466807,0.013025426151129182,3.9105126618140904,3.8747566267266587,2.7747792533361197,2.4602383426997974,1.1351324732512618,1.0478237893934899,2.7747792533361197,2.4602383426997974,42.66296761585706,47.01086956521739,0.1,2.5,1.52587890625e-08
433,11.005306874354547,9.881586437374187,0.013280996786027998,0.013002442427544357,3.910269692648329,3.8745180848184373,2.777337302847457,2.4620948433211547,1.134493496083867,1.0474238428250868,2.777337302847457,2.4620948433211547,42.9142238972641,47.51950947603121,0.1,2.5,1.52587890625e-08
434,11.00073473337707,9.86611965959819,0.013262696633357732,0.01295913159203536,3.9100251655749005,3.8742518717362864,2.7755678976667055,2.4566838055550053,1.1348828981203583,1.047841951334091,2.7755678976667055,2.4566838055550053,42.91945840312674,47.72157190635451,0.1,2.5,1.52587890625e-08
435,10.984353578802862,9.892293935901213,0.013239819166473607,0.012997366963504682,3.9097377041210213,3.8739366137994704,2.770528269639433,2.465422458207461,1.1342775641973295,1.0478177842089165,2.770528269639433,2.465422458207461,42.77638190954774,47.324414715719065,0.1,2.5,1.52587890625e-08
436,10.98762885050558,9.891916603547674,0.013250575087328053,0.013036643353227522,3.909425927699444,3.8737055258607387,2.7716222709280895,2.4652634731503236,1.1342844349388834,1.0478595050016508,2.7716222709280895,2.4652634731503236,43.01891401451703,47.60312151616499,0.1,2.5,1.52587890625e-08
437,10.989060084557547,9.892975135258874,0.013258019366547557,0.013006456915824909,3.90921186721904,3.8734688227259064,2.7720450514990946,2.465850866492111,1.1343728517567493,1.0475345932387454,2.7720450514990946,2.465850866492111,43.031127861529875,47.80518394648829,0.1,2.5,1.52587890625e-08
438,10.995602024127358,9.920935504279674,0.01325251901234198,0.013022232057325285,3.908928514125958,3.873201008225763,2.773782561572153,2.475239040593771,1.1350544773620443,1.047438062087881,2.773782561572153,2.475239040593771,42.751954215522055,47.240802675585286,0.1,2.5,1.52587890625e-08
439,10.991615461544376,9.856047803608735,0.013258938423328264,0.013035637692007399,3.9086981165815105,3.872970429817038,2.7727631560122745,2.454139157946958,1.1345986221037652,1.0466488272848735,2.7727631560122745,2.454139157946958,42.62458123953099,47.54041248606466,0.1,2.5,1.52587890625e-08
440,10.995302755163078,9.904226760268877,0.013252613236082459,0.013048700141069482,3.9084612764106126,3.8727310355025923,2.7745685348425546,2.46959016182218,1.1337492175104897,1.047567256185389,2.7745685348425546,2.46959016182218,43.14454215522055,47.30351170568562,0.1,2.5,1.52587890625e-08
441,10.985919854415988,9.868174507200651,0.013268346340816192,0.013011787607933633,3.908220450882137,3.8725128482150923,2.7707385806515523,2.4577566192567417,1.1348068564381433,1.0473208086546448,2.7707385806515523,2.4577566192567417,42.8287269681742,47.324414715719065,0.1,2.5,1.52587890625e-08
442,10.991817421117087,9.858660879741146,0.01327477713359394,0.012983357853597754,3.907977206689695,3.872262579674439,2.7727825475231622,2.4547910052398376,1.134698629179592,1.0470391474705742,2.7727825475231622,2.4547910052398376,42.91247906197655,47.17809364548495,0.1,2.5,1.52587890625e-08
443,10.985671965121425,9.864701641044489,0.013244622630352651,0.012999853230348333,3.9077376531263357,3.872054021361148,2.770655134681348,2.456580130551571,1.134844073631589,1.0473779985471448,2.770655134681348,2.456580130551571,42.95435510887772,47.69370122630992,0.1,2.5,1.52587890625e-08
444,10.99664200676812,9.865631221528835,0.013247077115138006,0.013065920934006322,3.9074916440238505,3.8717505971723574,2.774860084556056,2.457334508598183,1.1340327714156466,1.0466933469708548,2.774860084556056,2.457334508598183,43.05206588498046,47.421962095875145,0.1,2.5,1.52587890625e-08
445,10.987445648125203,9.864459175462839,0.013241563683936277,0.012980239352661963,3.9071965670199584,3.8715248097278336,2.7712782391751034,2.456701562024545,1.1348248474561988,1.047110909203622,2.7712782391751034,2.456701562024545,42.64202959240648,47.84698996655518,0.1,2.5,1.52587890625e-08
446,10.99282379831967,9.883786886166304,0.013259505434975751,0.013004275952510478,3.906967649507762,3.871298096783318,2.7731794025031364,2.4633370952861364,1.134664658858482,1.0468207691425464,2.7731794025031364,2.4633370952861364,42.66471245114461,47.414994425863995,0.1,2.5,1.52587890625e-08
447,10.986149677146686,9.88905724341521,0.013271637206313698,0.013013045921290465,3.9067394342055075,3.8710480111099805,2.771453747464451,2.4646720027710947,1.1339214362624237,1.0474616865915067,2.771453747464451,2.4646720027710947,43.24923227247348,47.233835005574136,0.1,2.5,1.52587890625e-08
448,10.991887628266692,9.861595723142592,0.013264077808135951,0.013047080696742139,3.906476200525485,3.870805384190452,2.7732930809076373,2.4558720378705625,1.1340483333863471,1.0469259599778167,2.7732930809076373,2.4558720378705625,42.95784477945282,47.60312151616499,0.1,2.5,1.52587890625e-08
449,10.990381986318788,9.86695145550646,0.013240018554784811,0.0130292368541942,3.906220981090978,3.8705329655803564,2.772319574585046,2.4573416242099793,1.1347805666297857,1.047421986642091,2.772319574585046,2.4573416242099793,42.84443048576214,47.11538461538461,0.1,2.5,1.52587890625e-08
450,10.988459288375061,9.88265260379583,0.013269696028987367,0.013027277119964395,3.9059742573983574,3.870329526754526,2.7722652320552976,2.462665584175084,1.1338982214014468,1.0472978066441208,2.7722652320552976,2.462665584175084,43.074748743718594,47.61705685618729,0.1,2.5,1.52587890625e-08
451,10.973711209214645,9.864402090559569,0.013247438853618022,0.0130049335451562,3.9057438212490028,3.870082857616769,2.7671874233759164,2.4571208079390168,1.1341635661042648,1.0465132532311123,2.7671874233759164,2.4571208079390168,42.87583752093803,47.408026755852845,0.1,2.5,1.52587890625e-08
452,11.001300850106244,9.90262062972206,0.013253871042079628,0.013046404240920791,3.9054928914852343,3.8698346622811512,2.77606876158701,2.4691067781203833,1.134645684946189,1.0476352188366578,2.77606876158701,2.4691067781203833,42.91945840312674,47.15719063545151,0.1,2.5,1.52587890625e-08
453,11.004109965696607,9.86996606095313,0.013268010581607995,0.013037933206960244,3.905260493940378,3.869605989094695,2.7769650670152215,2.458229680258029,1.1347103391127638,1.0476392643773302,2.7769650670152215,2.458229680258029,42.959589614740366,47.36622073578595,0.1,2.5,1.52587890625e-08
454,10.994681781660173,9.865955343214564,0.013279388132460919,0.01299227022336445,3.905010354379114,3.869312695170459,2.7737425356055025,2.4569619836881675,1.1348368625678142,1.0475729374981246,2.7737425356055025,2.4569619836881675,42.9142238972641,47.317447045707915,0.1,2.5,1.52587890625e-08
455,10.991030554609017,9.867985283119092,0.013242339563001174,0.013008170406081805,3.904709176069395,3.8690542693653764,2.7728880648503815,2.4582470352434393,1.1343265385816776,1.0466652709903526,2.7728880648503815,2.4582470352434393,42.7606783919598,47.34531772575251,0.1,2.5,1.52587890625e-08
456,10.991208999267442,9.883334357071348,0.013258834884282034,0.013026708467067152,3.9044249951007446,3.868762603970276,2.7732175702425703,2.4629818194420174,1.133927465417011,1.0472429526955256,2.7732175702425703,2.4629818194420174,43.03287269681742,47.401059085841695,0.1,2.5,1.52587890625e-08
457,10.999529033982508,9.8688515803487,0.013249513578753543,0.01303853000614921,3.904112347539479,3.868453862010569,2.775776279498451,2.458205290861353,1.1342697232079733,1.0471759124876,2.775776279498451,2.458205290861353,43.02240368509212,47.72157190635451,0.1,2.5,1.52587890625e-08
458,10.988998510530047,9.868618208163292,0.013228035684298497,0.013035435097680376,3.903832543834769,3.8682016901082155,2.7718598175687807,2.458020562843867,1.1349038849457358,1.0473504772154383,2.7718598175687807,2.458020562843867,43.07649357900614,47.34531772575251,0.1,2.5,1.52587890625e-08
459,10.988278618476565,9.879505901698153,0.013276519138409664,0.013038240951447516,3.9035648290569194,3.8678935307722826,2.7719269007827103,2.4614526141048674,1.134432458731131,1.0476602121207494,2.7719269007827103,2.4614526141048674,42.78161641541038,47.16415830546266,0.1,2.5,1.52587890625e-08
460,10.984757424465842,9.86503223112993,0.0132596276821137,0.013044999329915215,3.9032798630774588,3.8676381621472413,2.771298743572267,2.4567535234534223,1.1336368036829247,1.0474814132703187,2.771298743572267,2.4567535234534223,43.06253489670575,48.014214046822744,0.1,2.5,1.52587890625e-08
461,10.981020012093548,9.842247476014272,0.01324758584658438,0.013013506319618876,3.902987921856955,3.8673424112092425,2.7697023665152867,2.4498109567657096,1.1341832331077537,1.0465333923581186,2.7697023665152867,2.4498109567657096,42.910734226689,47.81911928651059,0.1,2.5,1.52587890625e-08
462,10.988594136112965,9.870174658869953,0.01324145033246292,0.012996452604083048,3.9027399516252084,3.867143424724124,2.771982966289382,2.4579949862715127,1.1345648897353129,1.0482394262699777,2.771982966289382,2.4579949862715127,42.996231155778894,47.01783723522854,0.1,2.5,1.52587890625e-08
463,10.986328210197035,9.877575014214319,0.013257776426555956,0.012997268874576126,3.9025246794832147,3.866938487343166,2.7714563651433677,2.461290127723379,1.1342244322642077,1.0470067644066103,2.7714563651433677,2.461290127723379,43.149776661083195,47.90273132664437,0.1,2.5,1.52587890625e-08
464,10.991409509425587,9.86211049516863,0.013243979473854662,0.013032191433012486,3.902291808029848,3.866701821951297,2.773433455536979,2.455891104446207,1.1338179937492596,1.047367394236285,2.773433455536979,2.455891104446207,43.12185929648241,47.71460423634337,0.1,2.5,1.52587890625e-08
465,10.987078822171602,9.889092328423507,0.013245989586211562,0.013036402387787466,3.902040034282946,3.8664620366516456,2.7716547063713564,2.4653534600833056,1.1343323450258895,1.04667467589894,2.7716547063713564,2.4653534600833056,42.88630653266331,47.81911928651059,0.1,2.5,1.52587890625e-08
466,10.981479863625276,9.855159795138084,0.013267862057757405,0.013036315927412797,3.901843829237503,3.8662935680104473,2.7699912323890485,2.4538005978500297,1.1340269562520506,1.047046173974423,2.7699912323890485,2.4538005978500297,42.992741485203794,47.42892976588629,0.1,2.5,1.52587890625e-08
467,10.988563717043911,9.868777407983208,0.013274228996958631,0.013057120922026759,3.9016482679621594,3.866051620730057,2.77188678802158,2.458808492391537,1.1347321479564136,1.046344848580185,2.77188678802158,2.458808492391537,42.74148520379676,47.77034559643255,0.1,2.5,1.52587890625e-08
468,10.983497036029213,9.852692148491425,0.013260978824208895,0.013001374336563823,3.9013646433035265,3.8657894870775067,2.770748468566247,2.4530945751845104,1.1339270865564437,1.0469140471556249,2.770748468566247,2.4530945751845104,42.966568955890565,47.74944258639911,0.1,2.5,1.52587890625e-08
469,10.980726400744908,9.879120488629294,0.013272192033807504,0.0129943869721431,3.90112938074211,3.8655491507837474,2.7695965492678782,2.4616470727633475,1.1342757859088934,1.0473149539767832,2.7695965492678782,2.4616470727633475,42.95435510887772,47.408026755852845,0.1,2.5,1.52587890625e-08
470,10.977741468824666,9.88468298279455,0.013255804169263705,0.013032682610669463,3.9008108561828374,3.8652192384768753,2.7687689246311327,2.462779137734718,1.1340489107959435,1.0483954758149725,2.7687689246311327,2.462779137734718,42.996231155778894,47.12931995540691,0.1,2.5,1.52587890625e-08
471,10.97757341607465,9.87441312562396,0.013245792988748074,0.013032874222242646,3.900564162309179,3.8649961897893625,2.7683706113175264,2.4599128707728393,1.1345797051669897,1.0475710011777803,2.7683706113175264,2.4599128707728393,43.06253489670575,46.91332218506132,0.1,2.5,1.52587890625e-08
472,10.997736284947143,9.862735107192227,0.013227479084119791,0.013025157316613823,3.9003139868054157,3.864723143901846,2.775310887497008,2.4558853736290565,1.1342723526680423,1.0477907387176353,2.775310887497008,2.4558853736290565,42.874092685650474,46.9829988851728,0.1,2.5,1.52587890625e-08
473,11.003868780343776,9.872263387427017,0.013246693870438536,0.01304766236946668,3.900072342320436,3.864506887352985,2.7776436559452415,2.459924320977933,1.1338419299895106,1.0464960231031462,2.7776436559452415,2.459924320977933,43.09045226130653,47.60312151616499,0.1,2.5,1.52587890625e-08
474,10.998308868663795,9.869252862473129,0.013289301289585567,0.013002966875324613,3.899827554863568,3.864279405727833,2.775940452189102,2.4583757391475647,1.1336077232057324,1.0473473733218353,2.775940452189102,2.4583757391475647,43.16548017867113,47.247770345596436,0.1,2.5,1.52587890625e-08
475,11.001155404389603,9.864132938576383,0.013259367299193879,0.012993971253418205,3.8995979208975515,3.864042401712475,2.7765881646484853,2.4562182872989107,1.1340858814504677,1.0480399131774902,2.7765881646484853,2.4562182872989107,43.05904522613066,47.13628762541806,0.1,2.5,1.52587890625e-08
476,10.990331160962283,9.875144872378346,0.01324279861455021,0.013043973910536123,3.89934884203938,3.8637686397718345,2.7728494820416407,2.4600694381539507,1.1343024998387432,1.0477578377511056,2.7728494820416407,2.4600694381539507,42.711823003908435,47.54041248606466,0.1,2.5,1.52587890625e-08
477,10.992100179960847,9.843989349926595,0.01324001226744743,0.012991278645153695,3.8990823426504897,3.86353275741356,2.7731174839601245,2.450274400221996,1.1347997492748156,1.0469107928882075,2.7731174839601245,2.450274400221996,42.877582356225574,47.90969899665552,0.1,2.5,1.52587890625e-08
478,10.98680513095483,9.858235502189883,0.013260443755729713,0.013037935304252998,3.8988535136633384,3.863328731179636,2.7715940924079505,2.4548717852818926,1.1344385266237456,1.0471246813983557,2.7715940924079505,2.4548717852818926,42.63853992183138,47.64492753623188,0.1,2.5,1.52587890625e-08
479,10.999000074875415,9.860315029437725,0.013269474721055568,0.013045374866795115,3.8986713794407932,3.8631336340803233,2.7755863199281934,2.45557186196879,1.134552240305144,1.0471203514564795,2.7755863199281934,2.45557186196879,42.992741485203794,47.484671125975474,0.1,2.5,1.52587890625e-08
480,10.96580652016491,9.856562442205423,0.013229675061110509,0.013033151473962144,3.898444208734066,3.862927620493316,2.7646856479708672,2.454579125279966,1.134337725618044,1.046749596478814,2.7646856479708672,2.454579125279966,43.04683137911781,47.28260869565217,0.1,2.5,1.52587890625e-08
481,10.97998423765386,9.861696645168955,0.013255160411124053,0.013007111142419587,3.898188270449572,3.8626803166358634,2.769288418480699,2.4557302759642585,1.1345224829774405,1.0476152978613225,2.769288418480699,2.4557302759642585,42.795575097710774,47.12235228539576,0.1,2.5,1.52587890625e-08
482,11.000524904793165,9.89507180684918,0.013270704580095478,0.012989921429907797,3.8979717299367116,3.862460800636572,2.776333418590007,2.467219127593365,1.1342283868044198,1.0470891967664993,2.776333418590007,2.467219127593365,43.15675600223339,47.42892976588629,0.1,2.5,1.52587890625e-08
483,10.990693405977778,9.8479070849509,0.013236032657445908,0.013049686499928418,3.89772409809694,3.862189438829454,2.7727356811664015,2.4510679843035033,1.134738941421594,1.0477172514400885,2.7727356811664015,2.4510679843035033,42.78161641541038,46.941192865105904,0.1,2.5,1.52587890625e-08
484,10.989934669933394,9.82157579526189,0.013280630929136596,0.012965883668242157,3.8974537214442115,3.861933948735861,2.773025224223475,2.4426759897400037,1.133916500225738,1.0471942630765696,2.773025224223475,2.4426759897400037,43.00495533221664,47.421962095875145,0.1,2.5,1.52587890625e-08
485,11.002721042089926,9.876616186654422,0.013238496761737856,0.013027047452910355,3.897230925339018,3.8617214351194757,2.7767185402076247,2.4611630336098047,1.1348019011655646,1.046963973587572,2.7767185402076247,2.4611630336098047,42.93865159128978,47.582218506131554,0.1,2.5,1.52587890625e-08
486,10.980328874039557,9.859398580315121,0.013268888506274992,0.013043827492507007,3.896983740384322,3.8614870093206366,2.769391638150367,2.455292110326165,1.1345933748316592,1.0471648573875427,2.769391638150367,2.455292110326165,42.92818257956449,47.01783723522854,0.1,2.5,1.52587890625e-08
487,10.974312929252484,9.882276678563759,0.013275707605966205,0.013104422940948404,3.8967518076957903,3.861249960385836,2.767691828031769,2.462997762388742,1.1341432713716806,1.047026982541334,2.767691828031769,2.462997762388742,42.94388609715243,48.00027870680045,0.1,2.5,1.52587890625e-08
488,11.006877695762,9.8797562417378,0.013263383007695194,0.013013510853716628,3.896512727242219,3.8610037266211368,2.7783502231823674,2.461707799463899,1.1344561633419419,1.0477594739218619,2.7783502231823674,2.461707799463899,42.78161641541038,46.89938684503902,0.1,2.5,1.52587890625e-08
489,10.988124075313975,9.873689311270995,0.013248032238698419,0.013054903540573391,3.896280515533396,3.86079578707981,2.77233592642545,2.4601530562276426,1.134120102969712,1.0470478280199278,2.77233592642545,2.4601530562276426,43.00146566164154,47.150222965440356,0.1,2.5,1.52587890625e-08
490,10.974240245531552,9.859627770473859,0.013275126039478481,0.013024632670525192,3.8960623166069914,3.8605658396696434,2.767698502021419,2.4554973254634387,1.1341316784513122,1.0470272922595607,2.767698502021419,2.4554973254634387,42.9822724734785,47.21293199554069,0.1,2.5,1.52587890625e-08
491,10.97548250723391,9.83510237473708,0.013251213554453078,0.012957391888733825,3.8957990843912933,3.8603158401140534,2.767908823150686,2.44673351061384,1.1344624562079784,1.0479564304601654,2.767908823150686,2.44673351061384,42.772892238972645,46.857580824972125,0.1,2.5,1.52587890625e-08
492,10.997695620402087,9.890383205286236,0.01326156304218395,0.013026295532965608,3.89555804280846,3.8600506631028293,2.7752634461933776,2.465327540900529,1.1345439529631938,1.0476845891579338,2.7752634461933776,2.465327540900529,42.79208542713568,47.589186176142704,0.1,2.5,1.52587890625e-08
493,10.980721827794026,9.867998024293012,0.013256105282336124,0.013013438536570622,3.895300566451234,3.8598208358322363,2.7697605067028936,2.4577009066557274,1.1343270588826362,1.0479498490309105,2.7697605067028936,2.4577009066557274,42.9857621440536,47.63795986622073,0.1,2.5,1.52587890625e-08
494,10.979725748783114,9.888919156796424,0.01326524588580507,0.012972708816412699,3.895027515543432,3.859506054200988,2.7693018440691737,2.4648296405107546,1.1345260916043765,1.047753453653393,2.7693018440691737,2.4648296405107546,43.04334170854271,46.83667781493868,0.1,2.5,1.52587890625e-08
495,10.977244649766744,9.851081045442069,0.013269706109735236,0.013002042081352394,3.8947551523354518,3.8592984753441786,2.7684121049362345,2.4524062894525605,1.134631560742023,1.0474651406042552,2.7684121049362345,2.4524062894525605,42.73974036850921,47.12931995540691,0.1,2.5,1.52587890625e-08
496,10.984491212483826,9.861247537393899,0.013260437863593424,0.013025065029503045,3.894502374328494,3.859051610315125,2.7707339278284495,2.455465467212724,1.134789355768963,1.0479604613156357,2.7707339278284495,2.455465467212724,42.81825795644891,47.19899665551839,0.1,2.5,1.52587890625e-08
497,11.001320333603307,9.850290541930608,0.013275683051498325,0.012992354091194562,3.894277705885324,3.8588584694708206,2.777065483169939,2.4526643027429995,1.1337102270871817,1.0467097115357185,2.777065483169939,2.4526643027429995,43.29110831937465,47.52647714604236,0.1,2.5,1.52587890625e-08
498,10.98323630860636,9.860015802691745,0.013260963982327865,0.013005239198580302,3.8940158537284812,3.858552477165741,2.770710350613831,2.4560485287520666,1.134221355852503,1.0465048090404225,2.770710350613831,2.4560485287520666,43.14105248464545,47.87486064659978,0.1,2.5,1.52587890625e-08
499,10.991685550483094,9.875773760520229,0.013258071134770668,0.013020335866912884,3.893748841693054,3.858311788692921,2.7735513204439335,2.4604026982882616,1.1341993294236115,1.0478570560282023,2.7735513204439335,2.4604026982882616,43.36962590731435,47.74944258639911,0.1,2.5,1.52587890625e-08
500,10.996142251607361,9.86891081181657,0.013254857349086248,0.013041215777446992,3.893477428964501,3.8579800812031246,2.7752829109204673,2.457978641441966,1.1338454644684017,1.0480678149290308,2.7752829109204673,2.457978641441966,42.93341708542713,46.9829988851728,0.1,2.5,1.52587890625e-08
