epoch,train_loss,val_loss,train_recon_loss,val_recon_loss,train_kl_loss,val_kl_loss,train_age_loss,val_age_loss,train_site_loss,val_site_loss,train_age_mae,val_age_mae,train_site_acc,val_site_acc,current_beta,current_grl_alpha,current_lr
1,12.555076953753755,10.570623276624392,0.1580102897843524,0.047478069051884224,28.63726603320895,46.68147653773211,3.006660382086042,2.5015952082116204,1.1256951769925176,1.0061198506201123,3.006660382086042,2.5015952082116204,44.29962311557789,52.271460423634345,0.0,0.0,0.001
2,11.926241608986569,10.84843343715604,0.0368288830609078,0.024204934734348604,74.69846716305186,97.48270509819788,2.8726903083669213,2.5972468318747834,1.0904472675621677,1.0108293302880482,2.8726903083669213,2.5972468318747834,48.75418760469012,51.546822742474916,0.0,0.0125,0.001
3,11.887541864119315,10.601409550627471,0.030310009232821542,0.0166290626916183,106.52504507434361,77.45766322243307,2.8444378435911246,2.467569620048455,1.1079727788666385,1.0606905736917902,2.8444378435911246,2.467569620048455,46.883724176437745,45.58946488294314,0.0,0.025,0.001
4,11.820647943093084,10.505439445725253,0.019077529372581885,0.01629629900311447,128.8271942053475,131.8378760976802,2.8245951121642827,2.4693306842642353,1.1092616860125066,1.027050352016819,2.8245951121642827,2.4693306842642353,46.074120603015075,49.11510590858417,0.0,0.0375,0.001
5,11.781686115105147,10.539017850605806,0.016488904202079255,0.018195437969288963,147.02144341652516,119.86584548354813,2.806715061250577,2.4584345148425704,1.1150173350860793,1.048506288491231,2.806715061250577,2.4584345148425704,45.60301507537689,48.67614269788183,0.0,0.05,0.001
6,11.79524396186032,10.420745865557105,0.01467370870614155,0.012171928419907024,150.36246636591432,175.35647479241243,2.808737249763101,2.4261397535319844,1.1181195150334897,1.0433849279697125,2.808737249763101,2.4261397535319844,44.72012841987716,48.50891861761427,0.0,0.0625,0.001
7,11.75945368137924,10.442204661459694,0.01338716504844722,0.015353295563771041,166.65656432594287,179.2718466734275,2.797280146248976,2.446410842630244,1.118075364931278,1.0292062742787194,2.797280146248976,2.446410842630244,45.17727526521496,50.80128205128205,0.0,0.075,0.001
8,11.760785395176567,11.05532736974948,0.013136925169546001,0.012138091805396205,154.08385709062892,153.86328531560824,2.8009429193621305,2.641185102388346,1.1149399132118885,1.039877966162619,2.8009429193621305,2.641185102388346,45.52100781686209,48.34866220735786,0.0,0.08750000000000001,0.001
9,11.725921072818792,10.910856046006831,0.013747337233693256,0.014769253931491071,166.55899978203192,185.35979469324832,2.7877486569464773,2.5838485864492564,1.1163092417666394,1.0481803532162373,2.7877486569464773,2.5838485864492564,45.07956448911223,46.66945373467112,0.0,0.1,0.001
10,11.735393897439433,10.37380512156747,0.013118729458644462,0.01306977024075545,160.9343280547295,172.4195143955873,2.790090188442296,2.4240777006117398,1.1173348573251252,1.02950075026207,2.790090188442296,2.4240777006117398,45.01675041876047,48.04905239687848,0.0,0.11249999999999999,0.001
11,11.702217333680222,10.563899999743986,0.012346561464087415,0.012903596322314862,177.09384341002976,164.93284244601145,2.7805277373390047,2.4800944465192796,1.1160958534775334,1.0369043636614397,2.7805277373390047,2.4800944465192796,45.47040759352317,46.44648829431438,0.0,0.125,0.001
12,11.706853450709119,10.432788170566793,0.012218202272921983,0.011505750589355112,177.0970068441164,176.42997922014897,2.779570254848231,2.4387154343933566,1.1186414951721695,1.0350453867561442,2.779570254848231,2.4387154343933566,45.14412339475153,47.93756967670011,0.0,0.1375,0.001
13,11.701185106099617,10.333643347656182,0.013220873354018434,0.013877820304554441,167.9478717252304,182.09141797392132,2.7752465798427512,2.4160134603613064,1.1207414989295716,1.0239083768266233,2.7752465798427512,2.4160134603613064,45.42678671133445,49.414715719063544,0.0,0.15,0.001
14,11.68175721128582,10.427894828311576,0.01354621296009077,0.012412627907667138,172.41755014288566,176.0632214158142,2.7716058490663715,2.4532537264967442,1.1177978124251118,1.0185736645025554,2.7716058490663715,2.4532537264967442,45.44597989949749,50.654960981047935,0.0,0.1625,0.001
15,11.69795522152013,10.46307712627228,0.012464351043633446,0.014759416772943476,185.0643533848305,212.2144675706674,2.7738718974530396,2.444950820078685,1.1212917290740276,1.0378217383504844,2.7738718974530396,2.444950820078685,45.25230318257956,48.75975473801561,0.0,0.17500000000000002,0.001
16,11.670520570543077,10.4324593623745,0.012149386066841487,0.01180162045838874,184.93314546023848,208.7754342409812,2.767043491770341,2.4315701062596893,1.1190802343460118,1.0419824702816796,2.767043491770341,2.4315701062596893,45.421552205471805,49.23355629877369,0.0,0.1875,0.001
17,11.65299254991967,10.487145293117766,0.011419205935718726,0.01193030925785319,184.04475371309127,198.25773338224312,2.762654523886761,2.4586874093764868,1.1178699299185586,1.0330509361348954,2.762654523886761,2.4586874093764868,45.77051926298157,49.40078037904125,0.0,0.2,0.001
18,11.67986890898278,10.416762751746205,0.013762795405866945,0.011596642070166443,184.13766304838265,199.69244115993197,2.769362724539556,2.4236866937433197,1.119339324388339,1.0447020258924766,2.769362724539556,2.4236866937433197,45.414572864321606,49.53316610925307,0.0,0.21250000000000002,0.001
19,11.66167898566812,10.3708090457895,0.011766936035648962,0.01155521040792715,200.01382690804556,188.49030840649388,2.7628738279784613,2.4173956722718817,1.1204301993451526,1.0356889496014403,2.7628738279784613,2.4173956722718817,45.39537967615857,50.37625418060201,0.0,0.22499999999999998,0.001
20,11.652770343271465,10.521066516803923,0.012317484077783785,0.011412941526783548,199.02416554274737,187.2934060325325,2.759572058932732,2.4751763250782606,1.1205788888723607,1.028041519847602,2.759572058932732,2.4751763250782606,45.374441652707986,47.98634336677815,0.0,0.2375,0.001
21,11.658650753419536,10.614722193417077,0.0119500216954642,0.01083214598559383,179.9378793738795,200.94184373666346,2.762459392590206,2.5092925673211566,1.1197741802413659,1.0253374686873744,2.762459392590206,2.5092925673211566,45.48436627582356,50.26477146042363,0.0,0.25,0.001
22,11.663721710792938,10.299179203135512,0.0124004094563487,0.012099545501969929,188.5676036602555,191.34082601115588,2.7623906593493146,2.3985436061021344,1.1213831040927114,1.0304829463645102,2.7623906593493146,2.3985436061021344,45.08305415968732,49.45652173913043,0.0,0.2625,0.001
23,11.644017946380666,10.45921226595025,0.01240060807349777,0.011761680151955738,191.6121499696835,202.4117158105142,2.7567086920000734,2.459715607307162,1.1204970781527572,1.022767926272474,2.7567086920000734,2.459715607307162,45.47738693467337,49.49832775919732,0.0,0.275,0.001
24,11.645001385346395,10.481137662694074,0.012004578916126126,0.012274176093107016,199.13008526621553,168.34907358226968,2.7579890854993656,2.445670107668193,1.1196765104264004,1.043951070561191,2.7579890854993656,2.445670107668193,45.30115857063093,49.407748049052394,0.0,0.28750000000000003,0.001
25,11.644038709963187,10.317022672332117,0.011911118817518272,0.0111852836002956,188.20333763476125,195.50927363537093,2.7557574298247354,2.4056238765301914,1.1216184368085622,1.029655252146216,2.7557574298247354,2.4056238765301914,45.30639307649358,49.97909698996656,0.0,0.3,0.001
26,11.630622774312643,10.504412079070057,0.011988602442399608,0.013346197596494701,195.06276869441064,212.96269237981858,2.750923776280474,2.455170978537637,1.121954280593953,1.0418509801760432,2.750923776280474,2.455170978537637,45.31337241764378,48.906075808249724,0.0,0.3125,0.001
27,11.642715766668186,10.371982323551922,0.012766917014108698,0.013228661969403758,201.6999187970015,223.52365857382682,2.754582795532371,2.4048544678135193,1.1220668267431637,1.04806341767444,2.754582795532371,2.4048544678135193,44.98883305415969,44.843924191750276,0.0,0.325,0.001
28,11.63801984132035,10.507869006000634,0.012598131126544784,0.012489874144328743,220.86832029682375,205.45452105161738,2.7519634197305396,2.4469331920213393,1.12317715657616,1.0515264996982605,2.7519634197305396,2.4469331920213393,44.89810161920715,49.90942028985507,0.0,0.3375,0.001
29,11.662248004421317,10.338389310018142,0.019322875650034876,0.018126399599954303,183.95633800172195,172.65902760993677,2.7527056579014766,2.40625633151502,1.1282693842547622,1.0338312814732724,2.7527056579014766,2.40625633151502,44.30834729201563,48.975752508361204,0.0,0.35000000000000003,0.001
30,11.642402801747965,10.55244575083721,0.017741041486778117,0.015367072584354624,185.2750750211016,204.09685670306186,2.7490478970364176,2.451364717090143,1.1258393546710928,1.060994835335807,2.7490478970364176,2.451364717090143,44.374651032942495,47.94453734671126,0.0,0.3625,0.001
31,11.638314775352969,10.344815722011536,0.015356466090925442,0.01365224770171653,192.37842870357647,179.81473744540176,2.748149464211605,2.402679537450988,1.1261699583063174,1.0410416134889575,2.748149464211605,2.402679537450988,44.53517587939699,48.111761426978816,0.0,0.375,0.001
32,11.633712782399206,10.264501280343387,0.0139531465080873,0.013610491790749557,184.1155219661131,183.8041962588511,2.74920233237151,2.3875447823982707,1.1240508769358555,1.0294187975301923,2.74920233237151,2.3875447823982707,44.61718313791178,48.369565217391305,0.0,0.3875,0.001
33,11.640960274828938,10.29689686859199,0.013774704987870656,0.011485771476441668,194.61612763183865,178.13968055410396,2.7503221129519124,2.397245247029142,1.1254064215421011,1.0312251071201652,2.7503221129519124,2.397245247029142,44.66254885538805,49.094202898550726,0.0,0.4,0.001
34,11.610925974758027,10.759212601277873,0.012212501670842826,0.013011419803003802,187.49801157786817,194.35487517119782,2.7417882869258263,2.542235918799903,1.1244495426190757,1.0398311399695865,2.7417882869258263,2.542235918799903,44.70791457286432,48.61343366778149,0.0,0.41250000000000003,0.001
35,11.60044235174114,10.293441222264217,0.01349821178911286,0.011016624522838771,182.86345280275074,172.5932304526917,2.7357859606186414,2.3932405202550897,1.1265287537071573,1.0342343692131,2.7357859606186414,2.3932405202550897,44.65033500837521,47.582218506131554,0.0,0.42500000000000004,0.001
36,11.602662215879814,10.352473648096806,0.012140246392615111,0.011658794082568308,191.6635796883997,198.57000279931586,2.739673656168628,2.39796764342947,1.1238336704217942,1.048970635253583,2.739673656168628,2.39796764342947,45.0359436069235,46.00752508361204,0.0,0.4375,0.001
37,11.605026827119437,10.337071695189545,0.014381779963592621,0.011446988934790145,185.88911658648604,203.41310218292202,2.739027809790564,2.4023428343344424,1.1245205309855613,1.0395320687139844,2.739027809790564,2.4023428343344424,44.81958403126745,49.324136008918614,0.0,0.44999999999999996,0.001
38,11.596515558605951,10.317754056541418,0.012465161845994888,0.013106510161506293,205.80132238749084,183.9611979711016,2.7367501821949256,2.4006939896505943,1.124599954058244,1.0341885243371178,2.7367501821949256,2.4006939896505943,44.87541876046901,49.414715719063544,0.0,0.4625,0.001
39,11.581764850052025,10.318659416675036,0.012187491941184122,0.011232704825911136,194.3367893766385,177.57433243393234,2.7320554907397807,2.39939193661795,1.1244702954854064,1.036416965051904,2.7320554907397807,2.39939193661795,45.058626465661646,49.609810479375696,0.0,0.475,0.001
40,11.587746914640476,10.22622110692155,0.012867083842177121,0.01160748168585226,188.8190637159321,196.1501514175398,2.733192039694219,2.3754078250797828,1.125101252217189,1.0294633629994514,2.733192039694219,2.3754078250797828,44.95219151312116,49.47742474916388,0.0,0.48750000000000004,0.001
41,11.587093304283188,10.361845375835031,0.012686216195973519,0.016812360416703268,188.5042295301513,190.03796667398817,2.7319769320176475,2.4219737633680687,1.1261587557614283,1.02637058509765,2.7319769320176475,2.4219737633680687,44.762004466778336,50.285674470457074,0.0,0.5,0.001
42,11.57671393155386,10.313214129295902,0.012689651964551607,0.011164963882885782,183.6820279648023,189.5131200239677,2.730363194600355,2.3947051687782825,1.1243115656872424,1.0393112180225028,2.730363194600355,2.3947051687782825,45.030709101060864,48.47408026755853,0.0,0.5125,0.001
43,11.580351984480917,10.567438481776344,0.012562764342094286,0.013533580409717999,188.90170208852695,197.61799824011896,2.7302662080256783,2.475583488460103,1.1256635257613385,1.0423848022984024,2.7302662080256783,2.475583488460103,44.554369067560025,46.962095875139354,0.0,0.525,0.001
44,11.566393500263633,10.417941701584969,0.012397668121610354,0.010903415410315313,201.78401166190653,198.53256079292083,2.7247435643245628,2.4388331965592127,1.1265883759238213,1.0301795756670677,2.7247435643245628,2.4388331965592127,44.931253489670574,48.46711259754738,0.0,0.5375,0.001
45,11.569339312900052,10.588236546170885,0.01231552406340538,0.011765542923947308,200.59182337127805,205.00123978936952,2.726249334999864,2.4874442746673804,1.1260919254096375,1.038046055081962,2.726249334999864,2.4874442746673804,44.83354271356784,48.794593088071345,0.0,0.55,0.001
46,11.564212625483306,10.259650420717305,0.013002470614610106,0.011747840923800185,214.68572166523808,213.5471964552251,2.722805351867548,2.384314337435906,1.1275980435956596,1.0316531713989665,2.722805351867548,2.384314337435906,44.425251256281406,48.49498327759198,0.0,0.5625,0.001
47,11.555109762067172,10.255956054398315,0.012612186685840987,0.012496943876288474,209.80709467408113,211.51574866933834,2.7203992632499028,2.3796426210647974,1.127099911438427,1.0348437482298019,2.7203992632499028,2.3796426210647974,44.57356225572306,49.609810479375696,0.0,0.5750000000000001,0.001
48,11.549916526713496,10.785241854230696,0.012690486889259733,0.011934223107229441,212.50975789762887,194.79097803088203,2.7195137452307128,2.5520707779504783,1.1262282581718057,1.0390317769619402,2.7195137452307128,2.5520707779504783,45.02896426577331,48.641304347826086,0.0,0.5874999999999999,0.001
49,11.54815521911161,10.225181970840845,0.01304263533376436,0.012000854017053095,211.32582737226716,233.08649050777439,2.717291939797713,2.3690135989300782,1.127745587688661,1.0353801217897813,2.717291939797713,2.3690135989300782,44.49155499720827,48.92697881828317,0.0,0.6,0.001
50,11.543500339033082,10.46774254780815,0.012652731286845414,0.01190700469000749,215.26151552099145,200.04921039423948,2.716361354942897,2.456187974383334,1.1272545220930439,1.029090536743768,2.716361354942897,2.456187974383334,44.955681183696264,49.58890746934225,0.0,0.6125,0.001
51,11.625311776421578,10.47774147854468,0.012313284914335315,0.011484941201847267,86.68063747250521,77.91232423984353,2.721404102113512,2.433904683842441,1.1273873654375657,1.0348859366233,2.721404102113512,2.433904683842441,44.5107481853713,47.88879598662207,0.0007686158073360571,0.625,0.001
52,11.611408379542501,10.398256502289703,0.012601529769100237,0.010768352772047953,63.9728785631445,55.73009747831585,2.721060573688637,2.4127657390890045,1.1278422980385743,1.0346017766955704,2.721060573688637,2.4127657390890045,44.53168620882189,49.324136008918614,0.0008143799688664224,0.6375,0.001
53,11.613256480026884,10.377403185917782,0.012627834294538369,0.011649893107746157,57.37576763806963,65.07642508669441,2.721956657471436,2.4006621456199397,1.12840963801081,1.0358631494584822,2.721956657471436,2.4006621456199397,44.43048576214406,48.376532887402455,0.0008632524167987623,0.65,0.001
54,11.608344877318654,10.375697622862681,0.013077552793812711,0.011554235057778648,53.77364180249119,52.891185909343534,2.7199391547958656,2.398743893922106,1.1287410852298065,1.039830980492276,2.7199391547958656,2.398743893922106,44.32230597431602,47.70066889632107,0.0009154408582006737,0.6625000000000001,0.001
55,11.59502825106009,10.379781297749632,0.01260322943331891,0.013077551669284386,45.66854430070342,56.85435735049721,2.7177308577522097,2.3952292336800958,1.1282935640387266,1.0419336618521275,2.7177308577522097,2.3952292336800958,44.554369067560025,48.87123745819398,0.0009711663986888792,0.675,0.001
56,11.608690718177442,10.425901974324,0.012623670567107859,0.01273158921495728,45.24429630767294,45.6362097452051,2.7211861117867238,2.4159791266240402,1.1286256606854386,1.039399144575083,2.7211861117867238,2.4159791266240402,44.55262423227248,48.59253065774805,0.001030664338572162,0.6875,0.001
57,11.600035721732544,10.662964724112248,0.012544794998218532,0.012624502542284354,42.0037922265475,41.39022255156484,2.7181530500643083,2.4961506855261897,1.1290239372578232,1.0388665239149113,2.7181530500643083,2.4961506855261897,44.374651032942495,48.55072463768116,0.0010941850065037412,0.7000000000000001,0.001
58,11.594665458121158,10.513507549579327,0.01284727089976479,0.012092293165374959,40.312158709195394,36.95974852648069,2.7167303717915137,2.4426503816708807,1.1282615114496382,1.0435057029277586,2.7167303717915137,2.4426503816708807,44.238553880513685,48.982720178372354,0.0011619946309257845,0.7124999999999999,0.001
59,11.596384378067945,10.392126966878322,0.01285894571359949,0.011485784614631032,38.009700663325376,28.128814323025537,2.716894447703657,2.413980451980429,1.128641284057909,1.0346594169121257,2.716894447703657,2.413980451980429,44.07628419877164,48.06298773690078,0.0012343762493168845,0.725,0.001
60,11.587243888978517,10.334446341430596,0.012431665633075534,0.01174391058264269,35.96488897258646,32.70356963549968,2.7138303963582917,2.387834112779751,1.1287161321496244,1.0387683494168114,2.7138303963582917,2.387834112779751,44.50027917364601,48.94091415830547,0.0013116306549289963,0.7374999999999999,0.001
61,11.540811881081876,10.522411255001888,0.012131758446590419,0.011496098610336831,33.43912548489041,35.673585005029786,2.7000548067470955,2.4485704571905744,1.1272996657391223,1.038490676693826,2.7000548067470955,2.4485704571905744,44.533431044109435,49.21962095875139,0.0013940773803165164,0.75,0.0005
62,11.533590525505199,10.323197800711778,0.01189978122461581,0.011502529102000704,34.842757820883385,32.37317966644049,2.6957942122923204,2.384171639530688,1.1275564030120653,1.0370671689311,2.6957942122923204,2.384171639530688,44.43048576214406,49.14297658862876,0.001482055716509583,0.7625,0.0005
63,11.536952960697517,10.328379470501988,0.012480998735735532,0.011494425498156775,32.08188734049241,31.363236056256586,2.696577115274554,2.386512026074472,1.1280606519170875,1.035974294644933,2.696577115274554,2.386512026074472,44.428740926856506,49.254459308807135,0.0015759257661579784,0.775,0.0005
64,11.53679773169879,10.324408945829973,0.012052677027852026,0.011549251452046825,31.40175538885733,29.034284228066536,2.6954281099810404,2.3794884290982248,1.128609724713064,1.041910308659276,2.6954281099810404,2.3794884290982248,44.4392099385818,48.59253065774805,0.001676069528362651,0.7875,0.0005
65,11.53155216300108,10.354049569919889,0.011953619813171097,0.01177024710072057,29.976279531891024,31.34423326728336,2.693420581215923,2.3914730333564274,1.1286307718419684,1.037325618458432,2.693420581215923,2.3914730333564274,44.3641820212172,49.03846153846153,0.001782892012209292,0.8,0.0005
66,11.536318181015005,10.325403720107232,0.012075495962334338,0.011406104512296724,29.184235143102395,28.506422825348682,2.6934959262792524,2.3779584617917755,1.1294658680590486,1.0420168645538748,2.6934959262792524,2.3779584617917755,44.25076772752652,48.75278706800446,0.001896822375212947,0.8125,0.0005
67,11.542270446342838,10.343896755805382,0.011947116456792748,0.011630706924118658,28.10970171785168,25.803163407239627,2.695822323986034,2.3871966936649422,1.1287073735615716,1.0395323307219158,2.695822323986034,2.3871966936649422,44.57879676158571,48.50891861761427,0.0020183150819636413,0.8250000000000001,0.0005
68,11.537860420946966,10.345010558631243,0.011838496776036649,0.011594141025714983,27.243920834752714,27.669587074713565,2.6936073308547472,2.384668229282766,1.128894677447048,1.0399938472271497,2.6936073308547472,2.384668229282766,44.33103015075377,49.21962095875139,0.0021478510772199723,0.8375,0.0005
69,11.53331440830284,10.364185313583086,0.01192171768285854,0.01182885331370626,26.716828897370764,25.898327009866602,2.6915650298514224,2.393832163932996,1.1285415182294691,1.0372193175946325,2.6915650298514224,2.393832163932996,44.46538246789503,49.28232998885173,0.0022859389665194347,0.8500000000000001,0.0005
70,11.546431096820841,10.412842323150125,0.012419438541834079,0.011382934376763527,25.370194700827884,26.616843930587855,2.6942192146326827,2.4096573346700425,1.1298751194073726,1.0359085155038397,2.6942192146326827,2.4096573346700425,44.224595198213294,49.30323299888517,0.002433116196050013,0.8624999999999999,0.0005
71,11.532900345385373,10.34893810682605,0.012007388420452923,0.011763388922265673,24.3314097216514,24.306515403415847,2.690261115580548,2.385980801970398,1.1290308262368676,1.038759875922166,2.690261115580548,2.385980801970398,44.536920714684534,49.23355629877369,0.002589950222046692,0.875,0.0005
72,11.509439256456163,10.333471869678135,0.011838872459915216,0.011613344672938586,24.30259430468382,25.4361215546777,2.681269934029635,2.3793682988272065,1.1289291192139412,1.0378751076982173,2.681269934029635,2.3793682988272065,44.428740926856506,49.519230769230774,0.0027570396583289,0.8875,0.00025
73,11.509701039257294,10.46337364509353,0.011712903792838323,0.011462029263817413,24.019461145619317,24.27767340023249,2.680579053962916,2.4209317048656502,1.128584493877234,1.0392870335541706,2.680579053962916,2.4209317048656502,44.18969849246231,48.94091415830547,0.002935015388771569,0.8999999999999999,0.00025
74,11.517135602545299,10.361004865554929,0.011748279200992659,0.011369682794463808,23.539512333957795,23.285555100627036,2.6809798136295253,2.3902268481493794,1.129632579155437,1.0353993093023863,2.6809798136295253,2.3902268481493794,44.26298157453936,48.94788182831661,0.0031245416294963515,0.9125,0.00025
75,11.520369035581314,10.423183027584285,0.01171814037891472,0.011534785752162886,22.482012049570088,21.886997252669488,2.6815747684902616,2.4052009133325107,1.1297147508974783,1.0410808107526008,2.6815747684902616,2.4052009133325107,44.23331937465103,48.794593088071345,0.0033263169233752085,0.925,0.00025
76,11.529469510818046,10.33728574404084,0.011745743137341782,0.010898831567271231,22.266782994911964,21.502374574625108,2.6829966069066544,2.3767397297398833,1.1299618642334164,1.0400087394841937,2.6829966069066544,2.3767397297398833,44.292643774427695,48.62040133779264,0.0035410750470544943,0.9375,0.00025
77,11.524871038099297,10.358296771777779,0.01149792066972343,0.011346609950472613,21.754834767761743,21.266960769194025,2.681230717701063,2.3857293692453783,1.1292247638430828,1.0365314595276696,2.681230717701063,2.3857293692453783,44.149567280848686,49.49136008918617,0.003769585808135771,0.95,0.00025
78,11.527985992942822,10.422679875606677,0.011733691835706292,0.01129700714325659,20.393285163483228,20.450624718979714,2.681210457579774,2.404435990513235,1.1302632368988728,1.0386711917194635,2.681210457579774,2.404435990513235,44.05185650474595,49.12207357859531,0.004012655707396759,0.9625,0.00025
79,11.537468418204405,10.368612280391662,0.011824619212712509,0.011500973654173755,20.199067834101196,20.57084076540127,2.6832306707191576,2.383287100621822,1.1298929939451063,1.039796435314676,2.6832306707191576,2.383287100621822,44.170505304299276,49.05239687848383,0.004271128438016433,0.9750000000000001,0.00025
80,11.52467184423535,10.390690541453452,0.011636777196988454,0.011253789554214065,19.434208976962857,18.241225711478037,2.6784714518280284,2.3933879877279702,1.1297583347056446,1.0387834322492415,2.6784714518280284,2.3933879877279702,44.11118090452261,49.03149386845039,0.004545885190702477,0.9875,0.00025
81,11.525808731581764,10.406844722786078,0.01160539640035711,0.011426930845307067,18.265797649662566,17.40595637888148,2.6783240164943676,2.3937576043034343,1.1302880557271637,1.0433125759712696,2.6783240164943676,2.3937576043034343,44.05883584589615,48.655239687848386,0.004837844730438922,1.0,0.00025
82,11.535254407634554,10.413609924656624,0.01178199309327378,0.011403957034026168,17.540212783515287,17.177451870513202,2.6803265786716755,2.3979708701870512,1.1307321013451155,1.0399548323656802,2.6803265786716755,2.3979708701870512,44.0501116694584,49.22658862876254,0.005147963207317804,1.0125000000000002,0.00025
83,11.526101829085784,10.40478295227357,0.011597609907671568,0.01126274216812158,17.2741185619071,17.107106858405515,2.6764884373117996,2.3940976513933845,1.130141502382501,1.0391758708916645,2.6764884373117996,2.3940976513933845,44.091987716359576,48.731884057971016,0.005477233660646032,1.025,0.000125
84,11.533721103806657,10.448084335263358,0.011666867721332876,0.011475021073567694,16.920388595010234,16.72078986789869,2.6771059486201727,2.404984840182556,1.1307155430350204,1.0414093427169018,2.6771059486201727,2.404984840182556,44.17225013958682,48.66220735785953,0.005826685172296986,1.0374999999999999,0.000125
85,11.535346327781145,10.468838717759386,0.01172679008438659,0.011265966396492261,16.41938725561486,16.172279379173798,2.676603157649421,2.4109737915604676,1.1306842781191495,1.04147518917071,2.676603157649421,2.4109737915604676,44.02917364600782,48.892140468227424,0.0061973816221918936,1.05,0.000125
86,11.536793580473235,10.418419941080321,0.011597165898204117,0.011280077212638613,16.426616275729845,16.510410114275572,2.675943893004502,2.392414105111274,1.1297021481925584,1.0403623399527178,2.675943893004502,2.392414105111274,44.278685092127304,49.184782608695656,0.006590419995953541,1.0625,0.000125
87,11.545818257504905,10.401728947425767,0.011626486538060213,0.01118425031087736,15.986781163431292,15.419882649960725,2.6771334052285556,2.38676217341237,1.1302577731730483,1.0407374076619993,2.6771334052285556,2.38676217341237,44.04138749302066,49.12904124860646,0.007006928192300347,1.075,0.000125
88,11.547626551804365,10.436349666769821,0.011565799039691304,0.011425997483582468,15.444453508344061,15.053003450434078,2.6764517373575436,2.3970940685856967,1.1305580881306208,1.040508588553804,2.6764517373575436,2.3970940685856967,44.07279452819654,48.5994983277592,0.007448062275788417,1.0875,0.000125
89,11.55758738823938,10.413863317091995,0.011622175093821345,0.011287119204267743,14.78311775224559,14.850994059074683,2.678731562104856,2.3869159939297067,1.1309207058165873,1.0414275311706058,2.678731562104856,2.3869159939297067,44.04487716359576,48.724916387959865,0.007915003119233223,1.1,0.000125
90,11.556276135042618,10.429443242424972,0.011574233026726827,0.011246609166181473,14.417431084288358,14.299143463738654,2.677474902635976,2.394051607370111,1.1303472319905947,1.0386003471138485,2.677474902635976,2.394051607370111,44.06930485762144,49.13600891861761,0.008408952379742846,1.1125,0.000125
91,11.564338214433374,10.45264113201877,0.011506783926265656,0.01115712717719534,13.86871311479544,13.850240679754727,2.67877608927051,2.3997553402231953,1.1308799733135835,1.0395065818476172,2.67877608927051,2.3997553402231953,43.9715940815187,49.13600891861761,0.008931127752985135,1.125,0.000125
92,11.566533632347666,10.423652121055884,0.01162755350716982,0.01137280119261149,13.318667330867015,13.1670447820538,2.6784606392592574,2.387943069273014,1.1310754911916872,1.0411967405241602,2.6784606392592574,2.387943069273014,43.9070351758794,48.648272017837236,0.009482757452325189,1.1375,0.000125
93,11.577298503558373,10.430763990982719,0.011751972310482158,0.011448649493323321,12.897208539684813,12.251771208168805,2.6805784810128523,2.3897434774715633,1.131333248033529,1.0422566275267031,2.6805784810128523,2.3897434774715633,44.03789782244556,48.278985507246375,0.01006507386305655,1.1500000000000001,0.000125
94,11.574577578614372,10.431559247981212,0.01178274722587856,0.011525688941072395,12.301636206511343,12.082537443741508,2.679514793495038,2.3888943212619727,1.130959171612525,1.0414391607876738,2.679514793495038,2.3888943212619727,43.9000558347292,48.55769230769231,0.010679306327368195,1.1625,6.25e-05
95,11.590046521606956,10.442030921561795,0.011893907911339197,0.01164757500432739,11.980869204820966,12.273667524756663,2.682668863495657,2.3891519910117056,1.1314808847783067,1.0413025237511897,2.682668863495657,2.3891519910117056,43.99078726968174,48.885172798216274,0.011326673023201544,1.1749999999999998,6.25e-05
96,11.580208130351396,10.465700166547046,0.011893328914698577,0.011493785069048936,11.890623527156249,11.487945174958263,2.677215847870546,2.3977512284664804,1.1312934222799116,1.0410004060802651,2.677215847870546,2.3977512284664804,43.87213847012842,49.02452619843925,0.012008371910009544,1.1875,6.25e-05
97,11.589033978268928,10.475827724239897,0.01186579546934313,0.011510556884558504,11.439997159190048,11.10956216895062,2.679166398455749,2.399200785784684,1.131362825116254,1.0417797600678111,2.679166398455749,2.399200785784684,43.973338916806256,48.60646599777034,0.012725570726865485,1.2,6.25e-05
98,11.607218370166057,10.448075928151143,0.011889319214293871,0.011529089635863085,11.113506728214368,11.164701008876431,2.683363208951796,2.3875939164273317,1.1318120303465493,1.0410905568097348,2.683363208951796,2.3875939164273317,43.723827470686764,48.627369007803786,0.01347939604357496,1.2125,6.25e-05
99,11.614740715687132,10.474220120122734,0.011889425629988055,0.011535500487730057,11.010308545238807,10.860358594386208,2.6837523598567126,2.39475023361087,1.131488983422135,1.0411488663658517,2.6837523598567126,2.39475023361087,44.01521496370743,48.78065774804905,0.014270921383558732,1.225,6.25e-05
100,11.608650872588889,10.503961612016727,0.011883216193502239,0.011534617968742531,10.701373896873044,10.493423933966902,2.6799502009323093,2.4026162725361426,1.1317713093584574,1.0420384537947749,2.6799502009323093,2.4026162725361426,43.90878001116695,48.59253065774805,0.015101154458355748,1.2375,6.25e-05
101,11.609972422912358,10.556241737161592,0.01188954794472619,0.01161642303252167,10.296023554671484,9.971475035583428,2.6800752392965346,2.4203341051088927,1.1311397201718065,1.0414561086408005,2.6800752392965346,2.4203341051088927,44.00125628140704,48.627369007803786,0.01597102357760342,1.25,6.25e-05
102,11.63949421968359,10.505472516003527,0.011958053944469131,0.011524247563129484,9.940724674780764,9.831544831444987,2.68768480195472,2.400648924818007,1.1322229351164041,1.0420105370257877,2.68768480195472,2.400648924818007,43.85120044667784,48.32775919732442,0.01688136332512095,1.2625,6.25e-05
103,11.634304815001624,10.51245983893523,0.011985811929565313,0.011671480117417631,9.657811772417316,9.423633207578456,2.684598588064887,2.403598520933851,1.13209881228751,1.04064734883133,2.684598588064887,2.403598520933851,43.85469011725293,48.75975473801561,0.017832899620936177,1.275,6.25e-05
104,11.64288297543507,10.525336264500783,0.012047954767397466,0.011724949050217103,9.360550416108286,9.101555393691047,2.686890908821144,2.405434904024088,1.1313128115277526,1.04198619633614,2.686890908821144,2.405434904024088,43.84422110552764,48.355629877369005,0.018826234320274554,1.2875,6.25e-05
105,11.646273379216709,10.508447600846306,0.012046578218032034,0.011698687788609876,9.044117453110278,8.850574808110096,2.6864400181538697,2.398300330774441,1.1317579929286843,1.042019750295807,2.6864400181538697,2.398300330774441,44.0466219988833,48.272017837235225,0.01986182953299768,1.3,3.125e-05
106,11.651644439420375,10.553652001065155,0.01206503882754588,0.0117232688010121,8.78569732945036,8.685922809269117,2.686334185597618,2.4108414519723573,1.1322014656631325,1.0425070874401292,2.686334185597618,2.4108414519723573,43.79013121161363,47.95847268673356,0.02093999187987189,1.3125,3.125e-05
107,11.663715463720308,10.522952645917401,0.01206089407704783,0.011768054483933924,8.606459059574163,8.524178730338447,2.6886263391546934,2.3979802059888042,1.131969886342618,1.0430644159864555,2.6886263391546934,2.3979802059888042,43.73255164712451,48.641304347826086,0.022060856934294187,1.3250000000000002,3.125e-05
108,11.66840986510617,10.530897118176107,0.012090632257778207,0.011689143099613414,8.44725549986481,8.333094355520464,2.6879409267408496,2.3994945669121037,1.1321047410693401,1.0423977983037764,2.6879409267408496,2.3994945669121037,43.8215382467895,48.70401337792642,0.02322437412844814,1.3375000000000001,3.125e-05
109,11.689060808625852,10.543172546586597,0.012023036401991335,0.01173628676254946,8.228021943322911,8.10667154488622,2.6929761061516637,2.401950851331985,1.1323654915885777,1.0425117851765526,2.6929761061516637,2.401950851331985,43.57377163595756,48.14659977703456,0.024430292429882622,1.35,3.125e-05
110,11.693834838356006,10.56475813651962,0.012015233952021679,0.01171223371764157,7.987910405941212,7.831639240949582,2.6936992394198658,2.4081900065293413,1.1318690525893058,1.0424579525472328,2.6936992394198658,2.4081900065293413,44.00125628140704,48.801560758082495,0.02567814711665667,1.3625,3.125e-05
111,11.693020085260763,10.542238740485116,0.012047877429143667,0.01175549673591403,7.694941139966666,7.608787174076008,2.6918894786664325,2.399254211215271,1.1325974544288724,1.0425108449913587,2.6918894786664325,2.399254211215271,43.85120044667784,48.13266443701226,0.026967247994862515,1.375,3.125e-05
112,11.696750196779593,10.561967067229443,0.012095083011442194,0.011740077175864474,7.459486120842742,7.397044676203393,2.691921048028585,2.404426720097179,1.1326044457109197,1.042545041843933,2.691921048028585,2.404426720097179,43.69939977666108,48.32079152731327,0.028296669409921784,1.3875000000000002,3.125e-05
113,11.714358050220177,10.576653247692912,0.012121192431820964,0.011739541697570246,7.2812564741759775,7.169524976375244,2.6960665689774026,2.4085123617380626,1.1326789682900553,1.042230315564601,2.6960665689774026,2.4085123617380626,43.5964544946957,48.801560758082495,0.029665242401045473,1.4000000000000001,3.125e-05
114,11.717133436304174,10.583756577609773,0.012116640740157938,0.011862897828071811,7.089418429891734,6.917096102383889,2.695821936206402,2.409570396278747,1.1324239273034016,1.0427525253466008,2.695821936206402,2.409570396278747,43.6784617532105,48.54375696767001,0.031071549335351518,1.4124999999999999,3.125e-05
115,11.741891961068431,10.59688647534935,0.012164419044239736,0.011811907436395501,6.8915677477966,6.812463433979081,2.702988169966697,2.411114887914796,1.1322303757462535,1.043410015943457,2.702988169966697,2.411114887914796,43.77093802345058,48.76672240802676,0.032513921333353527,1.4249999999999998,3.125e-05
116,11.728326005685403,10.587129295204528,0.01222157831933497,0.011853280992204595,6.710273023825794,6.5295636443921685,2.6963286461076676,2.4071915664003045,1.1330111051391185,1.0439195215635608,2.6963286461076676,2.4071915664003045,43.56330262423228,47.83305462653289,0.03399043876029487,1.4375,1.5625e-05
117,11.747825000620235,10.571785960309082,0.012182969468921872,0.011915534706692831,6.496030262500331,6.387816369599988,2.7024640238265096,2.4017342269221276,1.1325492707129499,1.0426357022363073,2.7024640238265096,2.4017342269221276,43.54934394193188,48.710981047937565,0.03549893500804304,1.45,1.5625e-05
118,11.750074049003427,10.650517502490228,0.012192810085325984,0.011856658813006835,6.382700227612826,6.339390357069613,2.7010474266252458,2.424480844766666,1.1327809574616015,1.0434754308782426,2.7010474266252458,2.424480844766666,43.79362088218872,48.22324414715719,0.037037003730516646,1.4625,1.5625e-05
119,11.769308078495369,10.601272729195347,0.012177875017438403,0.01185217701779095,6.262873576647206,6.140181420240115,2.705496802401902,2.4077393931555773,1.132960096009945,1.0430596843611037,2.705496802401902,2.4077393931555773,43.47082635399218,48.278985507246375,0.0386020096230718,1.4749999999999999,1.5625e-05
120,11.762801059060493,10.609422194652069,0.01218270683179582,0.01184135190457305,6.065795573623802,5.925407559576641,2.7023876365638193,2.409963211221174,1.133221477120366,1.043180862331603,2.7023876365638193,2.409963211221174,43.63135120044668,48.50195094760312,0.04019110275476605,1.4874999999999998,1.5625e-05
121,11.76874702779492,10.606585440959952,0.012179326778771756,0.011897330296951593,5.861950326405179,5.7166879046853705,2.7040494135276756,2.4085516687752544,1.1331275726815697,1.0433561467008048,2.7040494135276756,2.4085516687752544,43.59121998883305,48.1814381270903,0.04180123637441476,1.5,1.5625e-05
122,11.776508844610968,10.617790023352923,0.012217665465557994,0.011866485966845034,5.679120410693417,5.603073667655953,2.706306804031849,2.410197694431845,1.1329103832069154,1.0439978283118776,2.706306804031849,2.410197694431845,43.626116694584034,48.14659977703456,0.04342918801987562,1.5125,1.5625e-05
123,11.792143779650273,10.636353177503333,0.012207911488153395,0.011894442250073753,5.601102157520356,5.5113502574737785,2.7097887100952422,2.414977502929194,1.1327064015358137,1.0437069732608604,2.7097887100952422,2.414977502929194,43.816303740926855,48.09782608695652,0.045071583668483454,1.525,1.5625e-05
124,11.808309575820488,10.650993615621442,0.012224664704667198,0.011933183361887267,5.4601988161428885,5.367090101890606,2.714347575377779,2.41911657917061,1.1326382799164534,1.0436446198252929,2.714347575377779,2.41911657917061,43.833752093802346,48.23717948717949,0.046724924578711996,1.5375,1.5625e-05
125,11.811054818660836,10.649827891236033,0.012228710293491115,0.011930874315243102,5.334244060090373,5.236265243096495,2.7138417328888313,2.4185295580754445,1.1330667346100245,1.0429827850665003,2.7138417328888313,2.4185295580754445,43.39928810720268,48.84336677814939,0.04838561639271581,1.55,1.5625e-05
126,11.804155508943406,10.631632816565608,0.012279954312513788,0.012009687055163958,5.187460764635215,5.0992619015832945,2.7111819878029197,2.4114159457260946,1.132899057592246,1.0433857446264396,2.7111819878029197,2.4114159457260946,43.5929648241206,48.42530657748049,0.05005,1.5625,1.5625e-05
127,11.820663933511689,10.684315777143906,0.012312141810775236,0.011971275026234096,5.080800036755705,5.040780785623336,2.71538009103086,2.427309907532589,1.1331537014142818,1.0432446327230736,2.71538009103086,2.427309907532589,43.47431602456729,48.54375696767001,0.05171438360728421,1.575,7.8125e-06
128,11.824003282969787,10.660337692120402,0.012312387579054656,0.01200983864686129,5.02956636200931,4.953501125110299,2.714356154186775,2.4181600079488597,1.1333896341036314,1.0431514514595637,2.714356154186775,2.4181600079488597,43.308556672250134,48.57162764771461,0.053375075421288,1.5875,7.8125e-06
129,11.83138155657642,10.655893491130476,0.012300845641187289,0.011937943176099555,4.936639401847461,4.874490066515562,2.7159856027361404,2.4143616668090906,1.1331561658050946,1.044211695757731,2.7159856027361404,2.4143616668090906,43.69939977666108,48.167502787068,0.055028416331516554,1.6,7.8125e-06
130,11.850654639856966,10.673352037385156,0.012311368187996576,0.011980430603052263,4.848928300313348,4.784712301315937,2.720917375975651,2.419591432431071,1.1335994734702863,1.0438146165913695,2.720917375975651,2.419591432431071,43.50921273031826,47.86789297658863,0.05667081198012437,1.6125,7.8125e-06
131,11.84444747831088,10.645018629671606,0.012325823944039114,0.012029004054831356,4.752822766019139,4.6882272691631,2.7183592232960287,2.4087861113192113,1.1333200943529906,1.0444378164433847,2.7183592232960287,2.4087861113192113,43.48652987158012,47.95847268673356,0.05829876362558524,1.625,7.8125e-06
132,11.836335737035636,10.669193873304454,0.012344057611405583,0.012012439509988695,4.633192517117107,4.577335503853551,2.7155059910832273,2.416630169088094,1.133301424421058,1.044355937536212,2.7155059910832273,2.416630169088094,43.59470965940815,48.278985507246375,0.05990889724523396,1.6375000000000002,7.8125e-06
133,11.847715251077027,10.662114652635793,0.01234851814005659,0.012021480332707016,4.5528092498821895,4.489385760614572,2.718142292341129,2.4122758833992575,1.1336504192341645,1.0457257666316717,2.718142292341129,2.4122758833992575,43.490019542155224,48.195373467112596,0.06149799037692819,1.6500000000000001,7.8125e-06
134,11.863318224448454,10.673236008073175,0.012330473334092224,0.012010101520704518,4.470415404493885,4.427612657132356,2.7232189772183637,2.416055953090672,1.133137695553714,1.0446131801525487,2.7232189772183637,2.416055953090672,43.44814349525405,48.00027870680045,0.06306299626948335,1.6625,7.8125e-06
135,11.86071997684583,10.673418483074958,0.01234400818994896,0.012032775894646328,4.405570127656512,4.330449402265857,2.721217109130655,2.4165069070813914,1.1333733843665492,1.0440377677430543,2.721217109130655,2.4165069070813914,43.329494695700724,48.202341137123746,0.06460106499195699,1.675,7.8125e-06
136,11.8634820689974,10.692328015032952,0.012349266009764057,0.01206780889527322,4.306255286795543,4.23920839500002,2.721929271949329,2.4220579439979733,1.1335534371190201,1.0446113645033692,2.721929271949329,2.4220579439979733,43.31553601340033,47.87486064659978,0.06610956123970513,1.6875,7.8125e-06
137,11.875941093909148,10.690707628809356,0.012367723329228805,0.012027896122556333,4.228261629740397,4.167088855469107,2.725674536027168,2.421154033114413,1.1335927210727395,1.0445268062444835,2.725674536027168,2.421154033114413,43.44465382467895,47.94453734671126,0.0675860786666465,1.7000000000000002,7.8125e-06
138,11.873473792552682,10.695311951398052,0.012365713260552027,0.012064100139324813,4.164557865383504,4.112508293511211,2.7243505758256767,2.422163518376175,1.1335277969380586,1.044292420182074,2.7243505758256767,2.422163518376175,43.38009491903964,47.70763656633222,0.06902845066464848,1.7125000000000001,3.90625e-06
139,11.87739112189467,10.679646112448395,0.012385595586756165,0.012065353949731808,4.099613164936877,4.058834992390678,2.72497472864233,2.4168519157762645,1.1337753659450163,1.0437139725206688,2.72497472864233,2.4168519157762645,43.26319095477387,47.95847268673356,0.07043475759895454,1.7249999999999999,3.90625e-06
140,11.887943716171666,10.723808862692536,0.012379161966730601,0.012084561220495863,4.055399786221256,4.014482284735145,2.727651547613522,2.429880869162654,1.1338062374901998,1.0446095073900892,2.727651547613522,2.429880869162654,43.247487437185924,47.72853957636566,0.07180333059007823,1.7374999999999998,3.90625e-06
141,11.890534648543825,10.715510573541307,0.012378318221238091,0.012085925827141323,4.001973263715513,3.9592355395373424,2.728338352865776,2.4258762738909345,1.1334886462378275,1.0454153648454076,2.728338352865776,2.4258762738909345,43.4463986599665,47.36622073578595,0.0731327520051375,1.75,3.90625e-06
142,11.905908957331757,10.722985711517675,0.012392414093125739,0.01208854139104502,3.955912609462429,3.921899937998624,2.73259459148899,2.4281915022245086,1.1337754741053152,1.0448158522247604,2.73259459148899,2.4281915022245086,43.530150753768844,48.02814938684504,0.07442185288334334,1.7625,3.90625e-06
143,11.898337198595039,10.684120876733276,0.01238314982343492,0.012083134900491972,3.9171518549980364,3.8775495587118227,2.7293716730983615,2.4145971952606335,1.1338097664445954,1.044944373195121,2.7293716730983615,2.4145971952606335,43.50572305974316,48.06298773690078,0.07566970757011737,1.775,3.90625e-06
144,11.91160697553625,10.710615693393226,0.012419514793804876,0.012079614856246123,3.861327367811347,3.82101467912944,2.733810097994184,2.4232877441074536,1.133638392940438,1.0449766247567525,2.733810097994184,2.4232877441074536,43.51095756560581,48.22324414715719,0.07687562587155186,1.7874999999999999,3.90625e-06
145,11.900184679270989,10.726367060556061,0.012419596866151761,0.01211528164109292,3.8058308966661683,3.7688349401671752,2.7296316393389506,2.428479767164658,1.133955469283227,1.0448986246700138,2.7296316393389506,2.428479767164658,43.296342825237296,47.73550724637681,0.07803914306570582,1.7999999999999998,3.90625e-06
146,11.913197056798547,10.734539959077187,0.012420122560565029,0.012082438635636732,3.7642268668600196,3.7222996353438598,2.73367157094243,2.4305680180871767,1.1339286631675223,1.0453653937598135,2.73367157094243,2.4305680180871767,43.15675600223339,47.83305462653289,0.07916000812012812,1.8125,3.90625e-06
147,11.915008932035905,10.698866283880296,0.012432812486365978,0.012114820020728088,3.720379666068047,3.682171763916611,2.733944410055726,2.4173894460118865,1.1340754665787962,1.046377422618228,2.733944410055726,2.4173894460118865,43.332984366275824,47.491638795986624,0.08023817046700232,1.825,3.90625e-06
148,11.915129457087174,10.730276891353272,0.01245727910208326,0.012135610429813032,3.6669575181638376,3.6357212741771003,2.7338440741725902,2.4300251633028522,1.134370845832484,1.0441923549475611,2.7338440741725902,2.4300251633028522,43.275404801786706,48.641304347826086,0.08127376567972545,1.8375,3.90625e-06
149,11.922075006430672,10.703189453286603,0.012455606316738891,0.012156837080982218,3.641285771700605,3.61484111139474,2.7359993726697334,2.4185896311848194,1.1340210918339186,1.0459604153000523,2.7359993726697334,2.4185896311848194,43.247487437185924,47.35228539576365,0.08226710037906383,1.85,1.953125e-06
150,11.910781675580491,10.729312529930702,0.012441498648098633,0.012150027527533048,3.617048270472064,3.5859828186673064,2.7317855363448595,2.427874198592493,1.1339925819106238,1.0450397737847523,2.7317855363448595,2.427874198592493,43.092197096594084,47.81911928651059,0.08321863667487907,1.8625,1.953125e-06
151,11.905999919011698,10.745850042621694,0.012439368991051254,0.012113187885703052,3.585804420100584,3.5592670238669233,2.729707903864662,2.432413293499346,1.1342555993366081,1.0456865175379026,2.729707903864662,2.432413293499346,43.282384142936905,47.7633779264214,0.08412897642239658,1.875,1.953125e-06
152,11.922729794636975,10.71207807268719,0.012448639915200467,0.012095949885621252,3.5648076548914482,3.536894867385643,2.735130288493094,2.4212559655624357,1.1339619232249087,1.0451940928015822,2.735130288493094,2.4212559655624357,43.34868788386376,48.209308807134896,0.08499884554164427,1.8875,1.953125e-06
153,11.938201511325548,10.743092328010993,0.01243892901003494,0.012119726232204217,3.5415795098330842,3.517778418933269,2.7403538027400747,2.431663683026929,1.1335768970545945,1.0446846255889306,2.7403538027400747,2.431663683026929,43.268425460636514,47.61008918617614,0.08582907861644129,1.9,1.953125e-06
154,11.933558479492255,10.757245636305283,0.012462180110951964,0.012121319917208176,3.5232153764189054,3.498491392752266,2.737649234695051,2.4357068118708853,1.1343218438922194,1.0449874701441464,2.737649234695051,2.4357068118708853,43.13058347292016,48.06298773690078,0.08662060395642505,1.9125,1.953125e-06
155,11.927350995794878,10.746693309201312,0.012446877905929441,0.012134238815925591,3.4998208563265223,3.4718113814707983,2.7354960928809904,2.4310473545206297,1.1342070007510587,1.0460231617807412,2.7354960928809904,2.4310473545206297,43.15501116694584,47.7773132664437,0.08737442927313452,1.925,1.953125e-06
156,11.937172561168405,10.756529006405152,0.012458982312191738,0.01212535529224038,3.4749221468956892,3.4459692408541507,2.7381896786287734,2.4349262246585877,1.134677674769024,1.0453546210010447,2.7381896786287734,2.4349262246585877,43.17420435510888,47.74247491638796,0.08809162808999045,1.9375,1.953125e-06
157,11.939327088765497,10.762332223065057,0.01246475839195955,0.012145586973191172,3.4473671407289572,3.420006681046757,2.7394319750755476,2.4368330786459422,1.1341773822678993,1.0453606740288113,2.7394319750755476,2.4368330786459422,43.30157733109994,47.90273132664437,0.08877332697679846,1.9500000000000002,1.953125e-06
158,11.948302653433556,10.743419198553964,0.012456852288543346,0.012121007075884205,3.421631957884277,3.3994465525466597,2.7425238230187157,2.429811307286206,1.1341032195131184,1.0459611267682036,2.7425238230187157,2.429811307286206,43.23178391959799,47.29654403567447,0.08942069367263182,1.9625000000000001,1.953125e-06
159,11.936733653730418,10.766060790888043,0.012452929739339567,0.012118216027757993,3.40431115255883,3.3781842295009823,2.7382540034555576,2.4379359718947904,1.1343372694145428,1.0453267112091897,2.7382540034555576,2.4379359718947904,43.07649357900614,48.007246376811594,0.09003492613694346,1.975,1.953125e-06
160,11.939193087673134,10.716759723165762,0.01246680543013853,0.012117354466124056,3.383566763998742,3.363227963314673,2.739124468489774,2.4220253052387215,1.1342477997476865,1.0446000279258592,2.739124468489774,2.4220253052387215,43.31204634282524,48.34169453734671,0.09061724254767482,1.9875,9.765625e-07
161,11.95351185843906,10.776632188820386,0.012446816934720889,0.012139559891635558,3.3730742803570415,3.352946428683822,2.742851071488185,2.4396599851457306,1.1349974835404866,1.0466094570547975,2.742851071488185,2.4396599851457306,43.05032104969291,47.65886287625418,0.09116887224701488,2.0,9.765625e-07
162,11.942016792190866,10.772211213042771,0.012454246926380894,0.012151866662238154,3.361468825374882,3.3403578219206436,2.7396151163536766,2.439002997367544,1.1341668621645766,1.0455898152811738,2.7396151163536766,2.439002997367544,43.11662479061977,47.74944258639911,0.09169104762025716,2.0125,9.765625e-07
163,11.942776042079872,10.73086079626179,0.012464418837260861,0.012182980727034734,3.3474387740503135,3.326452353061774,2.7391200421044175,2.4254486972804585,1.1347892849489272,1.045227549812334,2.7391200421044175,2.4254486972804585,43.10092127303183,47.90273132664437,0.0921849968807668,2.0250000000000004,9.765625e-07
164,11.956551945322655,10.758673702992724,0.012467479697282523,0.012090678562471433,3.335153412512732,3.316414898454545,2.743947182069072,2.4354161857362575,1.1344114822891422,1.0443540434109062,2.743947182069072,2.4354161857362575,43.23701842546064,48.40440356744705,0.09265193772421158,2.0374999999999996,9.765625e-07
165,11.953763895231809,10.731718763991475,0.01246768292840435,0.012121302876185415,3.324663317183554,3.307055692874734,2.742806636974307,2.4256914900563897,1.1344577291037103,1.044886328437788,2.742806636974307,2.4256914900563897,43.088707426018985,47.73550724637681,0.09309307180769967,2.05,9.765625e-07
166,11.936572251673985,10.743087834471975,0.012467200949471933,0.012133414021287208,3.3134879311125482,3.2940277819383637,2.736903665586266,2.4291738820581,1.1345170563256388,1.045136533519762,2.736903665586266,2.4291738820581,43.10790061418202,47.44286510590858,0.09350958000404647,2.0625,9.765625e-07
167,11.9308883586055,10.744461177583522,0.012459731540662959,0.012148649704828443,3.301453105968047,3.281217585705063,2.7349292009919135,2.4292339345683223,1.1345420045469274,1.045498612134353,2.7349292009919135,2.4292339345683223,43.153266331658294,47.64492753623188,0.09390261837780811,2.0749999999999997,9.765625e-07
168,11.967187345260884,10.76574053067959,0.012469482353858813,0.012149870041612465,3.287770937701832,3.268542624370443,2.7473401594667846,2.4348892219356335,1.134249445514796,1.0469288976827726,2.7473401594667846,2.4348892219356335,43.020658849804576,47.19202898550724,0.09427331482770301,2.0875,9.765625e-07
169,11.954464991754291,10.756566147075981,0.012483270856536745,0.012189300538745678,3.2756759360274543,3.25608036217748,2.742764959915732,2.4326386571329173,1.1345777809120703,1.046120517296403,2.742764959915732,2.4326386571329173,42.945630932439975,47.62402452619844,0.09462276633935397,2.1,9.765625e-07
170,11.949187353294965,10.772879767444488,0.012462659925638398,0.012116581872271721,3.263988913403484,3.2442143712952785,2.7407450781129445,2.4385691967563354,1.1348556879843366,1.045670271384942,2.7407450781129445,2.4385691967563354,43.22654941373534,47.90273132664437,0.0949520367926822,2.1125,9.765625e-07
171,11.955833461682667,10.760348455031448,0.012466807770145,0.01215181973167885,3.2542747487441446,3.2391592161844143,2.743037291041704,2.4339988034970252,1.1347485201642342,1.0458769993638515,2.743037291041704,2.4339988034970252,42.92992741485204,48.09782608695652,0.0952621552695611,2.125,4.8828125e-07
172,11.937566857308665,10.734830803164138,0.012491058191624618,0.012181944119325583,3.248422366157715,3.23229338838371,2.737248648883643,2.425500617245235,1.1343099133785979,1.0457627013109732,2.737248648883643,2.425500617245235,43.0642797319933,47.68673355629877,0.09555411480929754,2.1375,4.8828125e-07
173,11.953470148100392,10.743537618430828,0.012474901429239696,0.012153795770802426,3.2418972693762256,3.2264480208074766,2.742384374507774,2.427697141167844,1.1343915744043476,1.046368519730924,2.742384374507774,2.427697141167844,43.332984366275824,47.582218506131554,0.09582887156198357,2.15,4.8828125e-07
174,11.954251114181272,10.743891556526108,0.012485414966504078,0.012175047634130005,3.235514080637597,3.2193585845539006,2.742674090088845,2.4291194200249953,1.1342838221192693,1.0450062334471057,2.742674090088845,2.4291194200249953,42.813023450586265,48.04208472686734,0.09608734429260324,2.1625,4.8828125e-07
175,11.939250563190743,10.76691528094918,0.012496424562259802,0.012171963773825628,3.229716028067601,3.2130774080155287,2.737153444657573,2.4361085313618385,1.134724634176922,1.0456335310686127,2.737153444657573,2.4361085313618385,43.12185929648241,47.421962095875145,0.09633041419186424,2.175,4.8828125e-07
176,11.953454551185596,10.765587917272596,0.012491683579673486,0.012160983430834252,3.221733675263968,3.205671209422508,2.7421850523157936,2.435465550874521,1.1344401727236562,1.0458313659282035,2.7421850523157936,2.435465550874521,43.214335566722504,47.7633779264214,0.09655892495294552,2.1875,4.8828125e-07
177,11.9566057153017,10.738603107639513,0.012491192770076657,0.012157495135655305,3.215129548514242,3.19990806568958,2.74287512128011,2.42692832909566,1.134783074617519,1.0453312525249512,2.74287512128011,2.42692832909566,43.20037688442211,47.59615384615385,0.09677368307662479,2.2,4.8828125e-07
178,11.948327287091416,10.748523752559121,0.012473360404979577,0.012142429696219488,3.2090227189908007,3.193083778804494,2.7406208599033066,2.4304291183999016,1.1342649588965623,1.0451477150720365,2.7406208599033066,2.4304291183999016,43.167225013958685,47.42892976588629,0.09697545837050366,2.2125,4.8828125e-07
179,11.954706272953786,10.75720058662304,0.012503563209074392,0.012150968705307082,3.203365876779817,3.188048468252754,2.7427060674649253,2.432847302095547,1.1342764913137235,1.0455803446546446,2.7427060674649253,2.432847302095547,43.18292853154662,47.83305462653289,0.09716498461122844,2.225,4.8828125e-07
180,11.958320265173047,10.776186331724508,0.012483010804337839,0.012162638113832926,3.19804373724643,3.182022680539883,2.743274637602482,2.438834020525317,1.1349020946764667,1.045924678494699,2.743274637602482,2.438834020525317,43.20910106085986,47.505574136008924,0.0973429603416711,2.2375,4.8828125e-07
181,11.961480221090737,10.762587949185068,0.01248652069340083,0.01213659696725333,3.191965552696897,3.176849918886438,2.745138429783364,2.4349768034191834,1.134109887911713,1.045248706205234,2.745138429783364,2.4349768034191834,43.343453378001115,47.63795986622073,0.09751004977795331,2.25,4.8828125e-07
182,11.9594493314316,10.772872068943121,0.012496292521414779,0.01214286073037281,3.187699571925791,3.1732253967187343,2.743621314723421,2.4372599504996035,1.1349187914983045,1.0463434387343118,2.743621314723421,2.4372599504996035,43.23352875488553,47.62402452619844,0.09766688380395,2.2625,2.44140625e-07
183,11.953237616103964,10.742754255250146,0.012505848397511734,0.01215296087801091,3.1843850856250655,3.17029809313873,2.7419510710379185,2.4275659900843896,1.1344669803702452,1.0459345232948678,2.7419510710379185,2.4275659900843896,43.32774986041318,47.38015607580825,0.09781406103348056,2.275,2.44140625e-07
184,11.960758575575769,10.770734567971799,0.012495592714400181,0.01216994120698908,3.1811188213789285,3.166936908943066,2.744777036871343,2.436760276190546,1.1341114775685874,1.046025152323371,2.744777036871343,2.436760276190546,43.160245672808486,47.491638795986624,0.09795214892278004,2.2875,2.44140625e-07
185,11.960906414264144,10.7522747343865,0.012505369788708632,0.012148086361611967,3.176821686448098,3.1628764768109274,2.744455534276318,2.430507698585357,1.134482117686972,1.0461277494595336,2.744455534276318,2.430507698585357,43.22305974316025,47.3731884057971,0.09808168491803636,2.3000000000000003,2.44140625e-07
186,11.94480709787323,10.753900022942618,0.012527524849315684,0.012191899643054309,3.1730921112712305,3.1586063577977312,2.7389074423538116,2.431808040027767,1.1346498373698284,1.045366274207465,2.7389074423538116,2.431808040027767,42.84443048576214,47.65886287625418,0.09820317762478706,2.3125,2.44140625e-07
187,11.954642895944021,10.764567617588618,0.012493253077132319,0.012135455791849888,3.1696478296830493,3.155279820845146,2.7421390826578316,2.4353438027061878,1.1347006045527328,1.0453942688545388,2.7421390826578316,2.4353438027061878,43.20561139028476,47.73550724637681,0.09831710798779071,2.325,2.44140625e-07
188,11.95726517869533,10.780796046772663,0.012506752151690136,0.012194922944549533,3.1661930373099714,3.1526288241978606,2.7432877068277315,2.4396424657657927,1.13442205124764,1.0464598605598228,2.7432877068277315,2.4396424657657927,43.071259073143494,47.12235228539576,0.09842393047163736,2.3375000000000004,2.44140625e-07
189,11.967705729818425,10.73335013820176,0.012506007463351466,0.01218104295831261,3.163473344927457,3.149956953299617,2.7468411991677426,2.4248113172375905,1.1343326117325467,1.0454628598464106,2.7468411991677426,2.4248113172375905,43.322515354550525,47.53344481605351,0.09852407423384202,2.3499999999999996,2.44140625e-07
190,11.966662009157726,10.775016076057119,0.01249376559886917,0.012157459976930284,3.161034648741909,3.1470404670655796,2.7463416182615448,2.4379388632184287,1.1344695463318988,1.0462291018088392,2.7463416182615448,2.4379388632184287,43.20037688442211,47.66583054626533,0.09861794428349041,2.3625,2.44140625e-07
191,11.977137978818416,10.757398292771152,0.012477308120172927,0.01217650331934725,3.1580945015752335,3.1440673286433736,2.749860506494374,2.4331402486250417,1.1344521500290872,1.045154319824848,2.749860506494374,2.4331402486250417,43.010189838079285,47.88182831661093,0.09870592261968349,2.375,2.44140625e-07
192,11.965172624401644,10.771484306956348,0.012493703411897256,0.01218215508828793,3.1547638359581005,3.140755123916677,2.745861364169736,2.4371428282364556,1.1344802926067266,1.0458678600514346,2.745861364169736,2.4371428282364556,43.12360413176996,47.81215161649944,0.09878836934507101,2.3874999999999997,2.44140625e-07
193,11.953698369659305,10.7544744251298,0.012496500709710309,0.012205828173312389,3.1520905814178826,3.138979522679562,2.7418801912310933,2.4315801942627564,1.1346426277703776,1.0457303255563861,2.7418801912310933,2.4315801942627564,42.95435510887772,47.679765886287626,0.09886562375068311,2.4,1.220703125e-07
194,11.957469541356925,10.74187325740206,0.012491870959071491,0.012144344962651581,3.1503221228560676,3.1372247544951,2.743371202851194,2.4283837501287726,1.1343924838161414,1.0447289411439544,2.743371202851194,2.4283837501287726,43.160245672808486,47.3731884057971,0.09893800536907423,2.4125,1.220703125e-07
195,11.959093583755024,10.769015286678455,0.012515341552595297,0.012172588272852908,3.14891874197806,3.1355979514361225,2.7439378281001736,2.436270463426775,1.1343344925902263,1.0458629788496556,2.7439378281001736,2.436270463426775,43.23527359017309,47.575250836120404,0.09900581499349627,2.425,1.220703125e-07
196,11.95135029569676,10.769336330983684,0.012504188616363314,0.012179753148186964,3.146716091501054,3.133568194398912,2.74164329115603,2.4367871369539427,1.1340577185054121,1.0454515242656337,2.74164329115603,2.4367871369539427,43.346943048576215,47.89576365663322,0.09906933566142784,2.4375,1.220703125e-07
197,11.9601606787549,10.760922701994046,0.01249812666580522,0.012159690466463367,3.145034144804639,3.131787923666147,2.744124641503654,2.4333790175226353,1.1345083551790247,1.0460585097937014,2.744124641503654,2.4333790175226353,43.32600502512563,47.51254180602007,0.09912883360131114,2.45,1.220703125e-07
198,11.967557009873213,10.75958266412401,0.012497003608300559,0.01213592218199834,3.143182255581462,3.1300758536709856,2.746957746715535,2.4334625831017127,1.1341438666859665,1.045534613472695,2.746957746715535,2.4334625831017127,43.09394193188163,47.65189520624303,0.09918455914179934,2.4625,1.220703125e-07
199,11.951000606594373,10.785652034125865,0.012502976723893071,0.012149867835302018,3.141473024800661,3.128255610747747,2.740702262475862,2.4415729297044684,1.1348804222146338,1.0461151682945133,2.740702262475862,2.4415729297044684,43.193397543271914,47.65189520624303,0.09923674758320122,2.475,1.220703125e-07
200,11.965596006277352,10.766778384562718,0.012493628770370913,0.012188032724237362,3.14009491682452,3.127311524738835,2.7459183655125945,2.4350144201297823,1.134527019919263,1.046350003617796,2.7459183655125945,2.4350144201297823,43.11487995533222,47.66583054626533,0.09928562003113359,2.4875,1.220703125e-07
201,11.973406085084099,10.739148598185086,0.012529189266796921,0.01215338750577292,3.1387464491632784,3.1257320486980937,2.7474779266674783,2.42564038262851,1.1348561459849626,1.0458335869819957,2.7474779266674783,2.42564038262851,42.9857621440536,47.568283166109254,0.1,2.5,1.220703125e-07
202,11.956293700328425,10.774641500534687,0.012514930805019798,0.012165627793233463,3.13724042289687,3.1243601560326857,2.7419937560839203,2.437225472302474,1.1346911628575114,1.0461211417829712,2.7419937560839203,2.437225472302474,43.39405360134003,47.70066889632107,0.1,2.5,1.220703125e-07
203,11.973470924287984,10.76734689991078,0.012516233155380108,0.012171068055391178,3.1358319484342214,3.1228187663632228,2.7477644848996605,2.434949673139132,1.1346926755042532,1.046014988767928,2.7477644848996605,2.434949673139132,42.88630653266331,47.20596432552954,0.1,2.5,1.220703125e-07
204,11.958681820092556,10.78324335421474,0.012503882710437645,0.012160449504744316,3.1345693371536876,3.122007396043078,2.7429019885646237,2.4414074706659137,1.1346716679120983,1.04488658625944,2.7429019885646237,2.4414074706659137,42.97354829704076,48.04208472686734,0.1,2.5,6.103515625e-08
205,11.955634173569502,10.763489030010858,0.012510983623867924,0.01217445592970121,3.1337767677690516,3.1211226071535276,2.7419604174189565,2.433967770541392,1.1346214176355827,1.045766340716095,2.7419604174189565,2.433967770541392,43.228294249022895,47.91666666666667,0.1,2.5,6.103515625e-08
206,11.978185730363855,10.756579479379132,0.012519340841531222,0.012193352519768138,3.1329657307288823,3.120229690237056,2.7496177935853208,2.4321244876653187,1.134505473389298,1.0453298951736927,2.7496177935853208,2.4321244876653187,43.31204634282524,48.13266443701226,0.1,2.5,6.103515625e-08
207,11.988487174429752,10.7523980736068,0.012522617833910376,0.012140599097080587,3.132159513844118,3.1195906630593666,2.752770029852871,2.430602913849064,1.1348128346076296,1.0454965623193229,2.752770029852871,2.430602913849064,42.84617532104969,48.05602006688963,0.1,2.5,6.103515625e-08
208,11.972805788901717,10.742923714245443,0.012502527083850053,0.012162039895337429,3.131299119232621,3.1187794524823276,2.7476758403128447,2.4268181310715353,1.1347152690924724,1.0461431120417455,2.7476758403128447,2.4268181310715353,43.25272194304858,47.53344481605351,0.1,2.5,6.103515625e-08
209,11.97181592714447,10.751812491528565,0.01251512271571033,0.0121833117680838,3.1306430749025242,3.118011448295619,2.7471087230509847,2.429474110321589,1.1349701172542732,1.0464685767922248,2.7471087230509847,2.429474110321589,43.285873813512005,47.86092530657748,0.1,2.5,6.103515625e-08
210,11.971092265654649,10.770595742973065,0.0125045925222799,0.012161481222231253,3.1297346636411665,3.117059023218144,2.747086064899387,2.4367364462934344,1.1347853342026455,1.0455063180115443,2.747086064899387,2.4367364462934344,43.12360413176996,48.13266443701226,0.1,2.5,6.103515625e-08
211,11.952239114302353,10.764330626863035,0.012514804976111947,0.012185496218926133,3.128694981852435,3.1159030859552765,2.7412848266258645,2.433350820073582,1.134333437211949,1.0468341186559587,2.7412848266258645,2.433350820073582,43.37311557788945,47.3592530657748,0.1,2.5,6.103515625e-08
212,11.958926712581395,10.74848508941157,0.01251390186101531,0.012166610582541662,3.12761651025279,3.115030963816903,2.7431419365636334,2.429804351417516,1.1347417689647707,1.0451341159101846,2.7431419365636334,2.429804351417516,43.25621161362368,48.00027870680045,0.1,2.5,6.103515625e-08
213,11.960285907747492,10.748585301763903,0.012509609022947878,0.012190136971282321,3.126763577836642,3.1141066237569786,2.7439009183482175,2.4291068072303084,1.1344657245792535,1.0458880361904668,2.7439009183482175,2.4291068072303084,43.21259073143495,47.74944258639911,0.1,2.5,6.103515625e-08
214,11.970444219728744,10.79413038060285,0.012522600277621842,0.012167389119415645,3.1258896994630696,3.113318755342277,2.7471405470724015,2.444346442004643,1.1346369944492043,1.045863927606755,2.7471405470724015,2.444346442004643,43.12360413176996,47.3592530657748,0.1,2.5,6.103515625e-08
215,11.953054323734218,10.759054266888162,0.012498313529361798,0.012196146449076226,3.1253381252022576,3.1130267119859507,2.741502036334815,2.431748623566218,1.1345053607694668,1.0467698500972396,2.741502036334815,2.431748623566218,43.27017029592407,47.08751393534002,0.1,2.5,3.0517578125e-08
216,11.969159229583143,10.785696004146716,0.012528359559263217,0.01215348907496153,3.1250509659316137,3.1127033956606387,2.746657527671188,2.441389651069939,1.134717729755915,1.046034421344,2.746657527671188,2.441389651069939,43.19863204913456,47.568283166109254,0.1,2.5,3.0517578125e-08
217,11.952146504592257,10.761094140102765,0.012509275454505737,0.012194717841777315,3.1246148392449937,3.112219094432716,2.7410202148837928,2.433009999651574,1.1347050274103996,1.0462158301735136,2.7410202148837928,2.433009999651574,43.23527359017309,47.54738015607581,0.1,2.5,3.0517578125e-08
218,11.958559891952609,10.768355950065281,0.01250595031467348,0.012169546134138651,3.124128208288196,3.1118038266797527,2.74324608541347,2.4360118136889692,1.1346342877127618,1.045656872101319,2.74324608541347,2.4360118136889692,43.03287269681742,47.65189520624303,0.1,2.5,3.0517578125e-08
219,11.95213773728482,10.788765633518215,0.012479003468899671,0.012236302275181547,3.123783665086756,3.111453147237516,2.740933091330302,2.442896595633814,1.134827028034387,1.0455647677083477,2.740933091330302,2.442896595633814,43.010189838079285,47.66583054626533,0.1,2.5,3.0517578125e-08
220,11.963449449395414,10.792056301631524,0.01251272577792406,0.012162283324577338,3.123518009414758,3.111210396723072,2.7445505457440946,2.4435752438860994,1.1349777714091929,1.0460157688113227,2.7445505457440946,2.4435752438860994,42.966568955890565,47.71460423634337,0.1,2.5,3.0517578125e-08
221,11.96117081048434,10.769872342197925,0.012503053943066542,0.012178064763147296,3.123189825641583,3.1108021390610845,2.743991491316684,2.4366702477934634,1.1347914412992084,1.0455344397753243,2.743991491316684,2.4366702477934634,43.17594919039643,47.52647714604236,0.1,2.5,3.0517578125e-08
222,11.956017720506285,10.769633186302057,0.012518125459851332,0.012199095963243988,3.1226971606047442,3.110338005865431,2.7424215580883273,2.436543022111108,1.1346550663378836,1.0455904195008336,2.7424215580883273,2.436543022111108,43.120114461194866,47.484671125975474,0.1,2.5,3.0517578125e-08
223,11.966702446865677,10.785523570367989,0.012504708237679792,0.012161947000842364,3.122331951131773,3.1100615928803,2.746319824593617,2.4408121632625956,1.1343350196803235,1.046639673021459,2.746319824593617,2.4408121632625956,43.11662479061977,47.247770345596436,0.1,2.5,3.0517578125e-08
224,11.979426434557908,10.77548052129671,0.012489428736440034,0.012208230657463555,3.1220323079661374,3.1097378417135215,2.7498901237794504,2.438160430627523,1.1350211389633214,1.0459390674679307,2.7498901237794504,2.438160430627523,43.18816303740927,47.65189520624303,0.1,2.5,3.0517578125e-08
225,11.964304191849207,10.75630277189257,0.012514684371138538,0.012166877258506707,3.1217134398231954,3.10931755574119,2.7453399633708977,2.432177616733904,1.1345327520823092,1.0455571097407985,2.7453399633708977,2.432177616733904,43.28761864879955,47.29654403567447,0.1,2.5,3.0517578125e-08
226,11.966202833344989,10.752579596529038,0.01250879834486678,0.012169771995956084,3.121399035738674,3.109211254545146,2.745781632923401,2.429636758572548,1.13473639343119,1.0468594657138837,2.745781632923401,2.429636758572548,43.19165270798437,47.491638795986624,0.1,2.5,1.52587890625e-08
227,11.955810243893042,10.731127787859013,0.01248037389628818,0.012173173006378954,3.121263514411709,3.1090500410583903,2.7425073569610356,2.4237259183839015,1.1345604784591181,1.045623940169612,2.7425073569610356,2.4237259183839015,42.966568955890565,47.81911928651059,0.1,2.5,1.52587890625e-08
228,11.969341246127284,10.770713343668143,0.012522449736165675,0.012186122570215925,3.1211407739712764,3.108962666629549,2.746760366217242,2.4365234438790924,1.134807878669449,1.0460201890572258,2.746760366217242,2.4365234438790924,43.15850083752093,47.46376811594203,0.1,2.5,1.52587890625e-08
229,11.965654600006053,10.755877181173302,0.012500721836979499,0.012180925875387197,3.121028072404036,3.108825086617018,2.746105609027984,2.4312156889350915,1.1342447520899812,1.0463888937547188,2.746105609027984,2.4312156889350915,43.242252931323286,47.13628762541806,0.1,2.5,1.52587890625e-08
230,11.957206355999595,10.747259853409817,0.012515172324887473,0.012165365193491862,3.1209014757327833,3.108715781931627,2.743073278801991,2.428838881096048,1.1344604114791257,1.0459020585652312,2.743073278801991,2.428838881096048,43.46210217755444,47.589186176142704,0.1,2.5,1.52587890625e-08
231,11.959158787176237,10.736220606460487,0.012517167162202145,0.012149906620682282,3.1207729826287673,3.1085858499193137,2.7438025071193626,2.424999990457941,1.1343856050873655,1.0460706886772062,2.7438025071193626,2.424999990457941,43.106155778894475,47.7633779264214,0.1,2.5,1.52587890625e-08
232,11.961498700327743,10.742275337976224,0.012486767550043259,0.012179734214409405,3.1206403548061217,3.1084527195895397,2.7441698441220557,2.427209238144865,1.134812795337121,1.0458742057200658,2.7441698441220557,2.427209238144865,43.261446119486315,47.9933110367893,0.1,2.5,1.52587890625e-08
233,11.966337493649412,10.759450645616887,0.0125086635703742,0.012188816481501429,3.1205019646021057,3.1082994746523958,2.7458638544524603,2.432766153129314,1.1347290272156265,1.0460444570517993,2.7458638544524603,2.432766153129314,42.99448632049134,47.95847268673356,0.1,2.5,1.52587890625e-08
234,11.955674921181666,10.739679745872948,0.012501300475339127,0.012184181174838556,3.120359018486615,3.1081771074463025,2.7423388115325364,2.425085563191868,1.1347070910423445,1.047140381341528,2.7423388115325364,2.425085563191868,42.996231155778894,46.801839464882946,0.1,2.5,1.52587890625e-08
235,11.957957963714515,10.762757250297827,0.012500104810553745,0.012180911551500643,3.120236717077156,3.1080660522316346,2.7433357916352206,2.4337867715021173,1.1344756009124763,1.0461364704098057,2.7433357916352206,2.4337867715021173,43.067769402568395,47.35228539576365,0.1,2.5,1.52587890625e-08
236,11.969505264265187,10.77796965219504,0.012500954458062572,0.012127751613257987,3.1201172777556097,3.1079276312420867,2.746851831358415,2.4394777536126417,1.1348123633615268,1.0455386122998054,2.746851831358415,2.4394777536126417,43.0642797319933,47.28260869565217,0.1,2.5,1.52587890625e-08
237,11.970744050993458,10.79599842339455,0.012509604546775504,0.012200964077966602,3.1199577487027557,3.1077725321154133,2.7467075240871615,2.4450195566600517,1.1353720133694638,1.0459871722038507,2.7467075240871615,2.4450195566600517,42.80778894472362,47.65886287625418,0.1,2.5,1.52587890625e-08
238,11.967585707962147,10.752034648737913,0.012498642073030048,0.012171386972634556,3.119834549529535,3.107650822753226,2.746613474547164,2.42959564160078,1.1344210573709723,1.0467704157765494,2.746613474547164,2.42959564160078,43.271915131211614,47.28260869565217,0.1,2.5,1.52587890625e-08
239,11.972181353204281,10.761270891463877,0.01250701232920939,0.012174260349884015,3.1197130641479323,3.1075536223956974,2.7478511159077894,2.4329843234059005,1.1347165411241489,1.0464627718845738,2.7478511159077894,2.4329843234059005,43.31553601340033,47.247770345596436,0.1,2.5,1.52587890625e-08
240,11.971886459107774,10.791414360803373,0.012519626276040297,0.012178703114689392,3.1196053009469837,3.1074390483141743,2.7475188846098253,2.443702827329221,1.134949885421063,1.0457944262652359,2.7475188846098253,2.443702827329221,43.053810720268004,47.65189520624303,0.1,2.5,1.52587890625e-08
241,11.980280618971117,10.769409987705872,0.012510692455822998,0.012153619302305888,3.119515905694413,3.10736114285064,2.7505176175179793,2.4367590425006522,1.1347551712571808,1.0454143608692896,2.7505176175179793,2.4367590425006522,43.18292853154662,47.82608695652174,0.1,2.5,1.52587890625e-08
242,11.971331173051741,10.742480378485842,0.012499989164834047,0.01218473421432568,3.119420246196685,3.1072597594032585,2.7473182578382382,2.4269296801342746,1.1349781350940382,1.0462602154998608,2.7473182578382382,2.4269296801342746,42.98052763819096,47.12931995540691,0.1,2.5,1.52587890625e-08
243,11.96564886890797,10.777635628563106,0.012511150436689074,0.012186157263798791,3.119291320983955,3.1071156806903275,2.7456716591256214,2.439179635499765,1.1347312129189489,1.0457329783949965,2.7456716591256214,2.439179635499765,43.06602456728085,47.85395763656633,0.1,2.5,1.52587890625e-08
244,11.969659320739712,10.74651348524402,0.012516019348989047,0.012161980021782344,3.1191884213356516,3.1070292668464856,2.746806289682436,2.4281541349630027,1.1349351924601245,1.0463954021566555,2.746806289682436,2.4281541349630027,43.23178391959799,47.7633779264214,0.1,2.5,1.52587890625e-08
245,11.953501957478569,10.779641652186978,0.012521095732502568,0.0121651032655069,3.1190610384555053,3.1068849265907654,2.7415562565269447,2.439617916891806,1.13480198276835,1.0459780966823582,2.7415562565269447,2.439617916891806,43.132328308207704,47.83305462653289,0.1,2.5,1.52587890625e-08
246,11.97653101437056,10.78761846165992,0.012512045676363938,0.012177752768008273,3.1189446565094507,3.106738153242879,2.7493321533511965,2.4423680235045144,1.1347093296610131,1.045887604737893,2.7493321533511965,2.4423680235045144,43.12185929648241,47.89576365663322,0.1,2.5,1.52587890625e-08
247,11.955557930209928,10.760477877247958,0.012519690298617285,0.012165750347808785,3.118796324610111,3.106633461970284,2.7422494142831604,2.4332963516613844,1.1348034537484166,1.0459198917832262,2.7422494142831604,2.4332963516613844,43.149776661083195,47.72853957636566,0.1,2.5,1.52587890625e-08
248,11.955973775875362,10.746284441804407,0.01249950646309963,0.012169562998656578,3.1186914060583066,3.1065368227070924,2.7424850491822466,2.428932057309443,1.134716648152925,1.0455550032448742,2.7424850491822466,2.428932057309443,43.14454215522055,47.91666666666667,0.1,2.5,1.52587890625e-08
249,11.970572980138458,10.759168139003723,0.01249629280741557,0.012152954518645504,3.1185890872141693,3.106419309458738,2.7475162827722324,2.4323142425405275,1.1345563200450623,1.0464768510731302,2.7475162827722324,2.4323142425405275,43.02938302624232,47.59615384615385,0.1,2.5,1.52587890625e-08
250,11.969602069929284,10.75393359610601,0.012513735345114982,0.012177992732562083,3.1184782677026917,3.1063221348833747,2.747098705210811,2.431671945679281,1.1346481395526546,1.0453691680561605,2.747098705210811,2.431671945679281,43.14105248464545,48.439241917502784,0.1,2.5,1.52587890625e-08
251,11.96139145642935,10.75934247853631,0.012501840328871538,0.012186183044925714,3.118368269410764,3.106213397405618,2.7442755315771055,2.4325737396344427,1.1347420778705846,1.0462712583733242,2.7442755315771055,2.4325737396344427,43.153266331658294,48.118729096989966,0.1,2.5,1.52587890625e-08
252,11.961475533656339,10.774458786316938,0.012519265351882532,0.012201669679927652,3.11827770802377,3.1061281753888763,2.744847174798357,2.4379197477364087,1.1341956632886767,1.045961671250321,2.744847174798357,2.4379197477364087,43.31204634282524,47.61008918617614,0.1,2.5,1.52587890625e-08
253,11.974105822181382,10.756368129947115,0.012507935465921376,0.012177437878189942,3.1181725605049326,3.105999436001049,2.74828554983581,2.4320949915393673,1.1349746506018454,1.0457685838973643,2.74828554983581,2.4320949915393673,43.067769402568395,47.54041248606466,0.1,2.5,1.52587890625e-08
254,11.96320571984611,10.792505617258673,0.012501618263297645,0.012173583074872577,3.1180555258697136,3.1058863317687377,2.744983825119163,2.443803404618798,1.1346490163499585,1.0461110704585728,2.744983825119163,2.443803404618798,43.06951423785594,47.35228539576365,0.1,2.5,1.52587890625e-08
255,11.957444518455109,10.769965357339236,0.012498306614382683,0.012158770750639099,3.11792693225982,3.1057584615322527,2.7431514710437512,2.4363565673530436,1.1345663744267773,1.0460536835451455,2.7431514710437512,2.4363565673530436,43.29459798994975,47.582218506131554,0.1,2.5,1.52587890625e-08
256,11.966877733908973,10.759745898719881,0.012525185361288235,0.012158189878415902,3.117802281275866,3.105620657719896,2.7462601340862043,2.4332382255041747,1.1345973099362976,1.0457703188111551,2.7462601340862043,2.4332382255041747,43.10964544946957,47.82608695652174,0.1,2.5,1.52587890625e-08
257,11.97298251843732,10.7526487543963,0.012512850745709531,0.012124219613405174,3.1176772974909914,3.1055172800087476,2.7481861375417873,2.431154756641707,1.1347145077105276,1.0455028399443016,2.7481861375417873,2.431154756641707,43.299832495812396,47.74944258639911,0.1,2.5,1.52587890625e-08
258,11.956050797190365,10.77959348153377,0.012516284613682364,0.01221410932129409,3.1175674399072935,3.105385129667046,2.742387222751168,2.4388999286436848,1.1348720356314492,1.0467136857102946,2.742387222751168,2.4388999286436848,43.071259073143494,47.06661092530658,0.1,2.5,1.52587890625e-08
259,11.96445655130528,10.74822235160581,0.012514313469193189,0.012160295239517853,3.117425354814343,3.105255268887931,2.7453029949128593,2.428527792427718,1.1347635746135318,1.0466510589040376,2.7453029949128593,2.428527792427718,43.120114461194866,47.74944258639911,0.1,2.5,1.52587890625e-08
260,11.964271242960681,10.75075182494777,0.012501434113108566,0.012160063000684531,3.1173143370866376,3.105147616919068,2.745471219255031,2.4290398783242555,1.1345415764318239,1.0469857882230709,2.745471219255031,2.4290398783242555,43.09568676716918,47.28957636566332,0.1,2.5,1.52587890625e-08
261,11.969332089575891,10.787060763126233,0.012513568514613783,0.012188554054111608,3.117174662404191,3.1049923832998627,2.74689097633447,2.4426424684067367,1.1348093720137373,1.0454818436267517,2.74689097633447,2.4426424684067367,43.03810720268007,47.63795986622073,0.1,2.5,1.52587890625e-08
262,11.967872448702353,10.740040912011528,0.012500561164335323,0.0121341101615508,3.1170470119521045,3.1048799698701006,2.7460437183071287,2.427355350725095,1.1351786837239695,1.0451176023669333,2.7460437183071287,2.427355350725095,42.92469290898939,47.54041248606466,0.1,2.5,1.52587890625e-08
263,11.958164014874857,10.787522778463204,0.012508919917042864,0.012201701874409698,3.1169005388124638,3.104730796920283,2.743578149911613,2.442050576874511,1.1344102018043225,1.0462320791173274,2.743578149911613,2.442050576874511,43.324260189838085,47.477703455964324,0.1,2.5,1.52587890625e-08
264,11.95731158552058,10.755254726346122,0.012522394285292383,0.012172873755927335,3.1167841106736414,3.104611537661175,2.7428585517879043,2.431476518063242,1.1348450368240117,1.0460637093520617,2.7428585517879043,2.431476518063242,42.86711334450028,47.498606465997774,0.1,2.5,1.52587890625e-08
265,11.970761535022593,10.763412859926255,0.012507470382355666,0.01220704942895982,3.116628743495973,3.104467447253241,2.747518837085854,2.4342085049968367,1.1346782344736113,1.0460444951270071,2.747518837085854,2.4342085049968367,42.99797599106645,47.3871237458194,0.1,2.5,1.52587890625e-08
266,11.968984304627249,10.796969484990523,0.012495764776635842,0.012187854366100818,3.1165199941393387,3.1043817255409265,2.746891102133218,2.4453800816998434,1.1347210730739574,1.0460677365528435,2.746891102133218,2.4453800816998434,43.10964544946957,47.47073578595318,0.1,2.5,1.52587890625e-08
267,11.960435642069907,10.776724611237695,0.01250859973135772,0.01217845454292918,3.116408715096351,3.104233846483688,2.744182011856173,2.4385793804457885,1.1345800415621596,1.0461282236387366,2.744182011856173,2.4385793804457885,43.25621161362368,47.226867335562986,0.1,2.5,1.52587890625e-08
268,11.957833595211982,10.771937545193744,0.01251040472342757,0.012136660369866867,3.1162698898549723,3.1041260252030796,2.7432827149470516,2.437007635067671,1.1346159968410772,1.0461217978327568,2.7432827149470516,2.437007635067671,43.05555555555556,47.491638795986624,0.1,2.5,1.52587890625e-08
269,11.95301427686767,10.768243347920702,0.012522884973728877,0.012177846382020109,3.116150762567568,3.1039933778237607,2.741462546177645,2.436258524290827,1.1348295621802726,1.045630175067961,2.741462546177645,2.436258524290827,42.91945840312674,47.52647714604236,0.1,2.5,1.52587890625e-08
270,11.956181347270308,10.766298211139182,0.012504161797809174,0.01218739979866157,3.1160229893785027,3.103865348641556,2.742790127519387,2.434754793194757,1.1345681778749628,1.0464866097555512,2.742790127519387,2.434754793194757,43.13058347292016,47.52647714604236,0.1,2.5,1.52587890625e-08
271,11.96882253462612,10.786447858863584,0.012502483232648827,0.012176251232026014,3.115905389514201,3.1037464327902566,2.7468022408264434,2.442339370349046,1.1347742637797216,1.0456263003673574,2.7468022408264434,2.442339370349046,42.82174762702401,47.7633779264214,0.1,2.5,1.52587890625e-08
272,11.95825210860959,10.76597703287301,0.012521707577633998,0.012152792613874443,3.115787159058716,3.103647802452844,2.7430824486654206,2.4347072223091337,1.1349681152903388,1.04644595074946,2.7430824486654206,2.4347072223091337,42.91771356783919,47.86789297658863,0.1,2.5,1.52587890625e-08
273,11.960662410486883,10.766323410680595,0.012508335035545975,0.012196681389549836,3.1156774833174405,3.1035216960354126,2.7441653286791725,2.4350263625881743,1.1346967666925232,1.0462318261464436,2.7441653286791725,2.4350263625881743,43.17594919039643,47.26170568561873,0.1,2.5,1.52587890625e-08
274,11.968851782768416,10.776876211432178,0.01251340034042887,0.012189973696003125,3.115563961994974,3.103426474525511,2.7470638263431892,2.4387380680777424,1.134530153639286,1.0460431107975037,2.7470638263431892,2.4387380680777424,43.03810720268007,47.484671125975474,0.1,2.5,1.52587890625e-08
275,11.96941780205348,10.747446076128394,0.012514971419212075,0.012156130344198898,3.1154539386764175,3.10327903615724,2.747199333559395,2.429063120281683,1.1345864961694434,1.0459242415268684,2.747199333559395,2.429063120281683,43.18467336683417,47.82608695652174,0.1,2.5,1.52587890625e-08
276,11.958980367544441,10.784402280613996,0.012497633773082632,0.012158370346304365,3.115316164952826,3.103172252542332,2.743693478476196,2.4407656929033124,1.1346235574123782,1.0465431946974535,2.743693478476196,2.4407656929033124,43.0642797319933,47.30351170568562,0.1,2.5,1.52587890625e-08
277,11.966324808875786,10.768994623734933,0.012521301191310555,0.012172140174835023,3.115193784602989,3.1030510064617314,2.7460992325623566,2.4363025808281193,1.1346621352956656,1.045869890994983,2.7460992325623566,2.4363025808281193,43.0607900614182,47.74247491638796,0.1,2.5,1.52587890625e-08
278,11.969312575194904,10.750063235943134,0.012520591454868507,0.012211076679578261,3.1150864540432366,3.102950853913391,2.7470355505120616,2.429964463181852,1.1347255719433544,1.0458878666793756,2.7470355505120616,2.429964463181852,43.11487995533222,47.498606465997774,0.1,2.5,1.52587890625e-08
279,11.975780026464074,10.747422821146987,0.01250379835268444,0.012177819415195995,3.114991591936513,3.1028371277195688,2.7493481932905786,2.4291708158410112,1.1345774974322465,1.0458162867504617,2.7493481932905786,2.4291708158410112,43.23527359017309,47.28957636566332,0.1,2.5,1.52587890625e-08
280,11.961476394146398,10.769778898062647,0.01252883705474324,0.012172612191334682,3.114876004319694,3.1027188779518355,2.7446321161814335,2.4367466701180107,1.1345211990314912,1.0456981334665016,2.7446321161814335,2.4367466701180107,43.24923227247348,47.43589743589743,0.1,2.5,1.52587890625e-08
281,11.956349724834023,10.750640115344538,0.012509600250523627,0.012197491901832214,3.114732253225338,3.1025803381516917,2.74268970430929,2.430227579214634,1.1347659281816382,1.0458339602253508,2.74268970430929,2.430227579214634,43.18292853154662,47.68673355629877,0.1,2.5,1.52587890625e-08
282,11.973774978130773,10.771348192008709,0.012510224936570554,0.012191989151771318,3.114598232963643,3.102482271034981,2.7484358718846513,2.43675825521433,1.1348324237357033,1.0462110928335584,2.7484358718846513,2.43675825521433,42.99797599106645,47.324414715719065,0.1,2.5,1.52587890625e-08
283,11.97214641283505,10.749325270636824,0.012512935389463527,0.012157600646093072,3.1145053936209113,3.1023627972788903,2.7479748771152037,2.429373349633105,1.1347527625772422,1.0462704237089508,2.7479748771152037,2.429373349633105,43.24399776661083,47.254738015607586,0.1,2.5,1.52587890625e-08
284,11.959062065111732,10.747392333869552,0.01250348262861163,0.01217496676376731,3.1143517337119624,3.1022167487553793,2.7435509317218094,2.429358452990435,1.1348235356215324,1.0456400976797675,2.7435509317218094,2.429358452990435,43.02938302624232,47.80518394648829,0.1,2.5,1.52587890625e-08
285,11.967102605626945,10.753891524928337,0.012511464096876179,0.012187318126759269,3.1142246655283663,3.102074916546161,2.746289623442607,2.4303211997052365,1.1347666054980705,1.0468443808215384,2.746289623442607,2.4303211997052365,43.071259073143494,47.5613154960981,0.1,2.5,1.52587890625e-08
286,11.972438921947042,10.76149389975047,0.012497919397912232,0.012159201099538351,3.1141074888537146,3.1019801490150036,2.7483186988042494,2.4342267848177497,1.1345247209970675,1.0454854264174285,2.7483186988042494,2.4342267848177497,43.21259073143495,48.07692307692308,0.1,2.5,1.52587890625e-08
287,11.953315586833432,10.785463498986285,0.012505509824055756,0.012173529474507007,3.113988688110573,3.101803460115839,2.7417143108723616,2.4417769903589117,1.1347560841966646,1.0459262201751487,2.7417143108723616,2.4417769903589117,43.106155778894475,47.68673355629877,0.1,2.5,1.52587890625e-08
288,11.963781510166188,10.772955201275506,0.012515257506322954,0.012154263133804003,3.1138197789972284,3.101681421698801,2.7452228527239484,2.436475100990389,1.1347385833943642,1.0470691652866777,2.7452228527239484,2.436475100990389,43.186418202121715,47.81215161649944,0.1,2.5,1.52587890625e-08
289,11.965918501550961,10.777029179941984,0.012519249006157345,0.012170214636859753,3.1137118902637733,3.1015699539694896,2.745723997261989,2.43869607025963,1.1349520304561127,1.0462045880198612,2.745723997261989,2.43869607025963,42.81127861529871,47.46376811594203,0.1,2.5,1.52587890625e-08
290,11.95294529495793,10.745868392612623,0.012492734646099131,0.012223108165971146,3.1135692274284255,3.101439451559996,2.7412560139202924,2.4281397009374306,1.1351091944925082,1.0463607335834864,2.7412560139202924,2.4281397009374306,42.69960915689559,47.72853957636566,0.1,2.5,1.52587890625e-08
291,11.945040769380007,10.771877024617615,0.012512911707558059,0.012185435900994168,3.113450963027247,3.1013080534196087,2.7388843439731567,2.4368110093783377,1.1348432450238584,1.0463758983473848,2.7388843439731567,2.4368110093783377,43.05206588498046,47.66583054626533,0.1,2.5,1.52587890625e-08
292,11.964501034807453,10.76470000555151,0.012509479422989602,0.012199609677453703,3.1133170125206244,3.1011431700941445,2.745592420690889,2.4350781941759414,1.1346275206719745,1.0457171502719356,2.745592420690889,2.4350781941759414,43.21259073143495,47.408026755852845,0.1,2.5,1.52587890625e-08
293,11.945785258350128,10.752385172423976,0.012514767211007546,0.012176803897738191,3.113159072658724,3.1010171349099114,2.7393579648101483,2.4311969459654894,1.1346268727751434,1.0455052653283978,2.7393579648101483,2.4311969459654894,43.19165270798437,48.23021181716834,0.1,2.5,1.52587890625e-08
294,11.967605045559285,10.770207116967992,0.012503661463866016,0.012174839710395206,3.1130299240700166,3.1008935346784137,2.746216638470282,2.4371889171791716,1.1350495015223687,1.0454587057282694,2.746216638470282,2.4371889171791716,42.87932719151312,47.61008918617614,0.1,2.5,1.52587890625e-08
295,11.95064806765115,10.772154063816984,0.012522658469942712,0.012164907234044975,3.1129156483544245,3.100777250734327,2.7407499792055336,2.4371809566034255,1.1348613073944314,1.046122861878662,2.7407499792055336,2.4371809566034255,43.142797319932995,47.414994425863995,0.1,2.5,1.52587890625e-08
296,11.968077808169264,10.76473942249515,0.012520098366625378,0.012134086635532719,3.1127332360434306,3.100578123909175,2.7465724055824303,2.4349977718946527,1.1348557180029797,1.0458513968099852,2.7465724055824303,2.4349977718946527,43.067769402568395,47.07357859531773,0.1,2.5,1.52587890625e-08
297,11.951558527901211,10.779724772824359,0.012515661132998769,0.012198535949739325,3.112559475358274,3.1004153890088784,2.7414514460688792,2.4406037499407596,1.1344775280960442,1.0452244852564672,2.7414514460688792,2.4406037499407596,43.20910106085986,48.1814381270903,0.1,2.5,1.52587890625e-08
298,11.961845943210246,10.748400231003096,0.012501587431892412,0.01217193849625662,3.1124148560528777,3.100296992256224,2.744625192724214,2.429262741752293,1.134742424183222,1.0461368104287214,2.744625192724214,2.429262741752293,43.299832495812396,47.54738015607581,0.1,2.5,1.52587890625e-08
299,11.972177766409086,10.762172478895922,0.012505673399347956,0.012212072165813733,3.1123114730445183,3.1001928721781957,2.7479965861185778,2.4342038739086393,1.1348170562538602,1.0457765112486703,2.7479965861185778,2.4342038739086393,42.949120603015075,47.82608695652174,0.1,2.5,1.52587890625e-08
300,11.961113430813397,10.782040221768213,0.012512775763582245,0.012204673535781295,3.1121912577643465,3.1000608100806057,2.744471709865355,2.440157071403835,1.1346554672964322,1.0464527710624363,2.744471709865355,2.440157071403835,43.30157733109994,47.1850613154961,0.1,2.5,1.52587890625e-08
301,11.960736004218651,10.771755770297354,0.012501851717423022,0.012136119825883853,3.112056690111698,3.09992433205629,2.7442376061167417,2.4376887598696895,1.1347718899773194,1.0455203141390015,2.7442376061167417,2.4376887598696895,42.975293132328304,47.9933110367893,0.1,2.5,1.52587890625e-08
302,11.957116116897012,10.778606402568329,0.012491693189300051,0.012172863177058091,3.1119420577666403,3.099823763006374,2.74302693693948,2.4393214610640954,1.1347831299955922,1.0461622438037408,2.74302693693948,2.4393214610640954,43.25272194304858,47.150222965440356,0.1,2.5,1.52587890625e-08
303,11.967236141330499,10.728944824159212,0.012518290165626656,0.012159925567789819,3.11183336791481,3.099688456608699,2.7465762725960006,2.4234258535846553,1.1346019095112532,1.0455128466139403,2.7465762725960006,2.4234258535846553,43.14105248464545,47.9933110367893,0.1,2.5,1.52587890625e-08
304,11.973611038267645,10.755312905795332,0.012504607880002357,0.012184243014865164,3.111724267519765,3.0996406742827416,2.748717799125471,2.4306788900358356,1.1345935484871792,1.0470426365018821,2.748717799125471,2.4306788900358356,42.9857621440536,47.247770345596436,0.1,2.5,1.52587890625e-08
305,11.955308713971537,10.7916926476469,0.012512023405742373,0.01216845626972923,3.1116298843801253,3.0995226331644896,2.742443329658274,2.443173199061433,1.134767895966918,1.046684111839154,2.742443329658274,2.443173199061433,43.031127861529875,47.143255295429206,0.1,2.5,1.52587890625e-08
306,11.95913506512666,10.741452451002106,0.012533598446865976,0.01214386658263346,3.1115341774915466,3.0994257623934027,2.74421601013256,2.4265958377748826,1.134266687464541,1.0465261657102451,2.74421601013256,2.4265958377748826,43.50223338916806,47.589186176142704,0.1,2.5,1.52587890625e-08
307,11.964412130103439,10.760177882352933,0.012513902120496027,0.012176944408046628,3.111418496956711,3.0992996360413074,2.7455530613910413,2.433087672411133,1.1346990596908622,1.0462693389309954,2.7455530613910413,2.433087672411133,43.05206588498046,47.36622073578595,0.1,2.5,1.52587890625e-08
308,11.973732773116819,10.769885412958288,0.012518531003772447,0.01222415758689311,3.1113308489089704,3.099241002613353,2.748828895527314,2.436332093300495,1.1345314944276326,1.046246942934251,2.748828895527314,2.436332093300495,43.23701842546064,47.21989966555184,0.1,2.5,1.52587890625e-08
309,11.953419461721552,10.769482267607282,0.012524217450892473,0.012174174972418426,3.111229736268487,3.099139920046497,2.7420496796842797,2.4368018482042397,1.1345410720387497,1.0456628501747498,2.7420496796842797,2.4368018482042397,43.28063930764936,47.80518394648829,0.1,2.5,1.52587890625e-08
310,11.955930259892023,10.77645722732629,0.012490153924724797,0.012169894004404679,3.1111262655338052,3.099030978437783,2.7426588057406716,2.4388037102676954,1.1347836768540638,1.0459910398608732,2.7426588057406716,2.4388037102676954,43.1358179787828,47.233835005574136,0.1,2.5,1.52587890625e-08
311,11.95872487867431,10.790904040852253,0.012494392084121071,0.01221710314648174,3.1109868507023166,3.098867993158109,2.7437286217208685,2.4430295804405424,1.1346486466746966,1.0465704748861766,2.7437286217208685,2.4430295804405424,42.99797599106645,47.233835005574136,0.1,2.5,1.52587890625e-08
312,11.981380553168334,10.762594342098852,0.012500568924316776,0.012150776073120642,3.11085835719894,3.098753710920064,2.7511334485810672,2.433297010568472,1.1347979243276907,1.0468923983765286,2.7511334485810672,2.433297010568472,43.03636236739251,47.07357859531773,0.1,2.5,1.52587890625e-08
313,11.960410808731497,10.758956736412602,0.012498903225031995,0.01218547712837075,3.11074794197402,3.0986045908635544,2.7440453643308946,2.4328866249475722,1.134900320914123,1.046083644680355,2.7440453643308946,2.4328866249475722,42.94737576772752,47.756410256410255,0.1,2.5,1.52587890625e-08
314,11.949160767560029,10.76847787153229,0.012496648438998703,0.01217804330638885,3.1106014199792043,3.098497633152582,2.7405386130813776,2.4354837897629245,1.1346627101094147,1.046666238951178,2.7405386130813776,2.4354837897629245,43.167225013958685,47.484671125975474,0.1,2.5,1.52587890625e-08
315,11.96051720651683,10.809888350126336,0.012502784485081632,0.012169007985430086,3.11046258914677,3.0983359452208283,2.7442621119790473,2.4490824645445364,1.1347272765496668,1.0468794568592357,2.7442621119790473,2.4490824645445364,43.00844500279173,47.310479375696765,0.1,2.5,1.52587890625e-08
316,11.963771968098209,10.760122243908869,0.012517069201731335,0.01220759066027343,3.110339136246128,3.098230269175841,2.745177306788118,2.4331887754442434,1.1348963579207676,1.0461750990039396,2.745177306788118,2.4331887754442434,42.92643774427694,47.254738015607586,0.1,2.5,1.52587890625e-08
317,11.950936077294704,10.774113076719287,0.01251167384829603,0.01220306922414796,3.1102081356868605,3.0981007658916973,2.741432940474041,2.4384779005146346,1.1343682438617708,1.0455553891135165,2.741432940474041,2.4384779005146346,43.332984366275824,47.21293199554069,0.1,2.5,1.52587890625e-08
318,11.95115044262075,10.74772881557843,0.012509249346793563,0.012168968472226939,3.1100775861394,3.097970194375369,2.7414101691701305,2.429240989312945,1.1344676448405622,1.0460132569772345,2.7414101691701305,2.429240989312945,43.031127861529875,47.68673355629877,0.1,2.5,1.52587890625e-08
319,11.95955264614921,10.761125196714199,0.012502899810480446,0.012220325900517911,3.1099477019275388,3.0978446660631875,2.744036625111855,2.4339394088307085,1.1346483713152153,1.045767386621456,2.744036625111855,2.4339394088307085,42.96831379117811,47.53344481605351,0.1,2.5,1.52587890625e-08
320,11.967127030552065,10.792246709034726,0.012505910559003576,0.012165331633693,3.109822303073357,3.097720524140425,2.746077873133069,2.444104124205301,1.1351350862709655,1.0459989820967284,2.746077873133069,2.444104124205301,43.15152149637074,47.038740245261984,0.1,2.5,1.52587890625e-08
321,11.96727858329871,10.7750007258344,0.012512031948325989,0.012182388244946399,3.1096931733877415,3.0975962147664866,2.746329130506063,2.438953438863042,1.134936618145986,1.0453994570501406,2.746329130506063,2.438953438863042,42.9892518146287,47.86092530657748,0.1,2.5,1.52587890625e-08
322,11.955015934358956,10.769497160130122,0.012514216080723962,0.012157960541529733,3.109577076452395,3.0974688825001286,2.7424314521265587,2.4366435446468087,1.1347498785244694,1.0458872624597155,2.7424314521265587,2.4366435446468087,42.931672250139584,47.43589743589743,0.1,2.5,1.52587890625e-08
323,11.952275270859268,10.774007168369018,0.012498602977241969,0.012190854198682467,3.1094470081350645,3.097334783079898,2.7413714644231324,2.438139046049171,1.1349058591207934,1.0458885407368077,2.7413714644231324,2.438139046049171,43.12709380234506,47.70066889632107,0.1,2.5,1.52587890625e-08
324,11.951112247724762,10.774146651477452,0.012526257160691194,0.01214764503722672,3.1093295885157413,3.0972339461081004,2.7410466549850456,2.437746605745526,1.1348376735370962,1.0463452498649675,2.7410466549850456,2.437746605745526,43.167225013958685,48.02814938684504,0.1,2.5,1.52587890625e-08
325,11.962543759646861,10.774651698577099,0.012509449807347731,0.012176486684285611,3.109218433407816,3.097112236214322,2.7444742784228557,2.438171639490287,1.1352298954623428,1.0460830330848694,2.7444742784228557,2.438171639490287,42.88107202680067,47.88879598662207,0.1,2.5,1.52587890625e-08
326,11.966060059087892,10.750469573498304,0.01250171916333658,0.012175245623757342,3.109093328084046,3.0970035343531648,2.7462359578299296,2.4298868746794717,1.1346470333223966,1.0463111496290634,2.7462359578299296,2.4298868746794717,43.085217755443885,47.60312151616499,0.1,2.5,1.52587890625e-08
327,11.980744630780585,10.7758110789551,0.012516014984616982,0.012199663078472632,3.10896793135979,3.0968951152984383,2.7508153191230473,2.439001979636508,1.1349619521833811,1.045638638993968,2.7508153191230473,2.439001979636508,42.90026521496371,47.65886287625418,0.1,2.5,1.52587890625e-08
328,11.966990091226942,10.785720318057466,0.012508957895867855,0.012179174710692237,3.108881261613634,3.096779234300356,2.7460228946873224,2.4418667101673988,1.135174763129451,1.0460877043746386,2.7460228946873224,2.4418667101673988,43.010189838079285,47.42892976588629,0.1,2.5,1.52587890625e-08
329,11.958413699696944,10.740613302126643,0.012506528546391987,0.012172453381627832,3.1087585670997284,3.0966530215647174,2.743299465083597,2.4271699397460273,1.1350443057678452,1.045755250929723,2.743299465083597,2.4271699397460273,43.18292853154662,47.756410256410255,0.1,2.5,1.52587890625e-08
330,11.965965621901384,10.78492833778611,0.012518342586451573,0.012210535741055024,3.1086298707209106,3.096544461638367,2.746462378536503,2.441901140787131,1.1343990522413399,1.0457866548030006,2.746462378536503,2.441901140787131,42.97354829704076,47.86092530657748,0.1,2.5,1.52587890625e-08
331,11.965401553095951,10.80071388572089,0.012509702828607201,0.012189419496775404,3.108515765133149,3.0964359981957887,2.7461165110536423,2.446210291739159,1.134563577767526,1.0467499888594467,2.7461165110536423,2.446210291739159,43.23701842546064,47.55434782608695,0.1,2.5,1.52587890625e-08
332,11.979322177880572,10.74037705084419,0.012497281053507548,0.01216426046529874,3.108409836064631,3.096324328993475,2.7506906027769924,2.427270269314182,1.1346373524764342,1.0455898397343613,2.7506906027769924,2.427270269314182,43.25097710776103,47.36622073578595,0.1,2.5,1.52587890625e-08
333,11.989905008585476,10.766918457205612,0.012491527580802231,0.012175179922427887,3.1082983336456658,3.096221187308746,2.7541555249444736,2.4355418408329004,1.1347056890851888,1.046165208354044,2.7541555249444736,2.4355418408329004,43.30157733109994,47.70763656633222,0.1,2.5,1.52587890625e-08
334,11.953241895657555,10.753493048009798,0.012495212637029468,0.012185384480982454,3.108185542887779,3.0960967492897775,2.7415894998777253,2.4313743281922613,1.1350532177771222,1.0458583112145745,2.7415894998777253,2.4313743281922613,43.153266331658294,47.46376811594203,0.1,2.5,1.52587890625e-08
335,11.963028197978076,10.791215001938733,0.012510877391734248,0.012144572673616733,3.108073899893705,3.095992911752384,2.7451773413994136,2.443874306370449,1.1347259609210698,1.0459494095050637,2.7451773413994136,2.443874306370449,43.214335566722504,47.89576365663322,0.1,2.5,1.52587890625e-08
336,11.961712129551362,10.768530470338819,0.012509952531737499,0.012147452288754742,3.1079562719410054,3.0958641776804674,2.7447993020516144,2.4372374421378042,1.1346695457737517,1.0450281111425912,2.7447993020516144,2.4372374421378042,43.13058347292016,48.188405797101446,0.1,2.5,1.52587890625e-08
337,11.965847038810043,10.778477177572091,0.012504451725650673,0.012177825203516346,3.107820905566149,3.0957420098210124,2.7462575210665006,2.4393068732758163,1.1345959775345342,1.0462681708261454,2.7462575210665006,2.4393068732758163,43.24399776661083,47.07357859531773,0.1,2.5,1.52587890625e-08
338,11.9714879185577,10.764421885095977,0.012495092296216788,0.012160955987447082,3.1077160553050933,3.095637008099253,2.7481470088064173,2.4350622553490475,1.1345934044509411,1.0458368396546396,2.7481470088064173,2.4350622553490475,43.20037688442211,47.394091415830545,0.1,2.5,1.52587890625e-08
339,11.959558960846987,10.76156493094454,0.012501905414851466,0.012203319970032444,3.1076030677953024,3.095522682802334,2.744287233389935,2.4336135007333066,1.134478356770335,1.0463229383247485,2.744287233389935,2.4336135007333066,43.30681183696259,46.969063545150505,0.1,2.5,1.52587890625e-08
340,11.966623278585377,10.7426116894453,0.012518356317609532,0.012158224803531582,3.107492980046488,3.095416289641041,2.745794472649136,2.427111011417946,1.1353240611831414,1.0465262739554695,2.745794472649136,2.427111011417946,42.970058626465665,47.791248606466,0.1,2.5,1.52587890625e-08
341,11.969447971388723,10.760685181272203,0.012518674480489085,0.012177227036934034,3.107399739345847,3.0953283171722856,2.7472573809621057,2.433232340924317,1.134805712934182,1.0464260295083292,2.7472573809621057,2.433232340924317,43.09394193188163,47.88879598662207,0.1,2.5,1.52587890625e-08
342,11.964760967235469,10.766459964722428,0.012513336004291015,0.012122250574255734,3.10728350489716,3.095211312922347,2.7457066668537595,2.435259741152675,1.1347997518706627,1.0463457992643017,2.7457066668537595,2.435259741152675,43.03810720268007,47.44983277591973,0.1,2.5,1.52587890625e-08
343,11.975434415637283,10.762390791638905,0.012532069817360122,0.012224088862139644,3.1071557181298166,3.0950421481626886,2.7495160864292743,2.4340267358150505,1.1345461694173211,1.046194073747233,2.7495160864292743,2.4340267358150505,43.3713707426019,47.59615384615385,0.1,2.5,1.52587890625e-08
344,11.958697631597385,10.789626720092501,0.012499865402411908,0.01216454560159308,3.106995655131167,3.0949097578076348,2.7436485255916048,2.4433922875286345,1.1348508833374542,1.0459314459143674,2.7436485255916048,2.4433922875286345,43.092197096594084,48.06298773690078,0.1,2.5,1.52587890625e-08
345,11.962480903936457,10.753660711290578,0.012500689190249248,0.012192724526983374,3.1068674475703406,3.0947856950919364,2.7450511551382553,2.4315580944286674,1.134713319877484,1.045771706263756,2.7450511551382553,2.4315580944286674,43.102666108319376,47.394091415830545,0.1,2.5,1.52587890625e-08
346,11.946513216965428,10.740842099439606,0.012517636186858751,0.012183907112665267,3.106753303643913,3.09468626630479,2.7399039103424396,2.427288884701936,1.1345361789999429,1.0457743022221253,2.7399039103424396,2.427288884701936,43.071259073143494,48.09085841694537,0.1,2.5,1.52587890625e-08
347,11.950740538916063,10.761041660904219,0.012528710188952522,0.012159313597491088,3.1066601167239005,3.0945831711342766,2.7408748145611974,2.4337336428322254,1.1349737820580044,1.0460743450932413,2.7408748145611974,2.4337336428322254,42.99797599106645,47.81911928651059,0.1,2.5,1.52587890625e-08
348,11.967410455530146,10.746886288973533,0.012505598968422193,0.012172026161017226,3.1065527530171764,3.0944880811931563,2.747143638393587,2.4294298585574894,1.134272889675607,1.0456586347907415,2.747143638393587,2.4294298585574894,43.20037688442211,47.70066889632107,0.1,2.5,1.52587890625e-08
349,11.954774059975101,10.803184271124561,0.012502311358653687,0.012171669462394622,3.1064396034998976,3.094369295050069,2.742638647855826,2.4480114682196508,1.1345706124468131,1.0458470682635355,2.742638647855826,2.4480114682196508,43.09394193188163,47.83305462653289,0.1,2.5,1.52587890625e-08
350,11.955325994060267,10.766039335873879,0.01251472887234156,0.01218751121474349,3.1063396175902094,3.0942548961277923,2.7425309351074967,2.4354631734665153,1.1348615043460157,1.0460122777200995,2.7425309351074967,2.4354631734665153,43.071259073143494,47.55434782608695,0.1,2.5,1.52587890625e-08
351,11.962521728758437,10.744344537473443,0.012519054778340408,0.012192229684255394,3.106220735776764,3.0941435339193015,2.7451980533312312,2.427529517091902,1.1345954690812887,1.0467164459302938,2.7451980533312312,2.427529517091902,43.207356225572305,46.780936454849495,0.1,2.5,1.52587890625e-08
352,11.965554987099635,10.745801918216905,0.012522051569504953,0.012179682165209864,3.1060995356721097,3.094029502592225,2.7463779639825017,2.429489528853758,1.1344296987465412,1.0452502188475237,2.7463779639825017,2.429489528853758,43.16548017867113,47.74247491638796,0.1,2.5,1.52587890625e-08
353,11.973273522224192,10.770535593447478,0.012509183876012572,0.01218361301511659,3.1059995355185417,3.093925514880364,2.7486335889112343,2.437784730524257,1.1347545350749422,1.0452017566830818,2.7486335889112343,2.437784730524257,43.23003908431044,47.90273132664437,0.1,2.5,1.52587890625e-08
354,11.975123193528917,10.792181278683803,0.012512023822783526,0.01222184344445051,3.1058954380531674,3.0938197189615986,2.7494255227792337,2.443259551772306,1.1345816796082882,1.0469329303323625,2.7494255227792337,2.443259551772306,43.21608040201005,47.3731884057971,0.1,2.5,1.52587890625e-08
355,11.96564727412596,10.801373689070992,0.012515895074365494,0.012169919192683006,3.105777698013118,3.0937046388054106,2.746019117929362,2.4471034046798246,1.1348320823485194,1.0461743460052388,2.746019117929362,2.4471034046798246,42.85140982691234,47.80518394648829,0.1,2.5,1.52587890625e-08
356,11.973869127777286,10.754378999223146,0.012515853875691601,0.012166001939878216,3.105669731537368,3.0936099906164403,2.7489045397121106,2.4322807061898137,1.1346908784458452,1.045336626245824,2.7489045397121106,2.4322807061898137,43.17769402568398,48.23717948717949,0.1,2.5,1.52587890625e-08
357,11.971120920612584,10.755704016456901,0.01251978049858664,0.012200017779475802,3.105560161360544,3.0934964666930065,2.7480868805992342,2.432366089411537,1.1345948178564484,1.0456853619918909,2.7480868805992342,2.432366089411537,43.23178391959799,47.477703455964324,0.1,2.5,1.52587890625e-08
358,11.967123540668497,10.742242459070722,0.01251464606055263,0.012179069473317834,3.105439987214566,3.0933706018837,2.7464440913921893,2.4278028255853896,1.1349108750962598,1.045772631963094,2.7464440913921893,2.4278028255853896,43.041596873255166,47.756410256410255,0.1,2.5,1.52587890625e-08
359,11.963628940379932,10.778779986178463,0.012515346638209357,0.01216182496747544,3.1053447483772008,3.0932827064956445,2.745480308846879,2.439113978292365,1.1347127387405174,1.0466493132919772,2.745480308846879,2.439113978292365,43.210845896147404,46.9829988851728,0.1,2.5,1.52587890625e-08
360,11.972518095552156,10.760387215991749,0.012510601868452572,0.012159905707881004,3.105261094472982,3.0931840798793693,2.7483718503060652,2.433344920742073,1.1347886013758375,1.0462913869349586,2.7483718503060652,2.433344920742073,43.160245672808486,47.90969899665552,0.1,2.5,1.52587890625e-08
361,11.97358415221316,10.767627721380363,0.012502496603965792,0.012172508647368439,3.1051355734143025,3.0930667221213928,2.7488939680912052,2.4369650291094147,1.1346287339310084,1.0450844841125684,2.7488939680912052,2.4369650291094147,43.207356225572305,48.55072463768116,0.1,2.5,1.52587890625e-08
362,11.956898430484024,10.77617601194775,0.012532080207508846,0.01217444447453737,3.105005121177831,3.0929452891865434,2.7426861859379636,2.4382889511327415,1.1352690912238184,1.0466134061781458,2.7426861859379636,2.4382889511327415,42.65773310999442,47.38015607580825,0.1,2.5,1.52587890625e-08
363,11.972246664719233,10.791292219257674,0.012510440408006218,0.012210076734000026,3.1048767569343316,3.092772357041222,2.7482571780248968,2.443071473535221,1.134825662152851,1.0468634755050592,2.7482571780248968,2.443071473535221,43.11313512004467,47.34531772575251,0.1,2.5,1.52587890625e-08
364,11.957515650525032,10.767344173911955,0.012519073867073178,0.012187785364130933,3.1047168884245395,3.0926618900320335,2.7436020632551608,2.435863258049241,1.134572907974439,1.0461001389534312,2.7436020632551608,2.435863258049241,43.1358179787828,47.324414715719065,0.1,2.5,1.52587890625e-08
365,11.952016251104494,10.74102817650224,0.01252554326163764,0.012179333700018715,3.1045969533627424,3.0925131091306044,2.74140093407772,2.4276672345207153,1.1349427409840323,1.0455319227582236,2.74140093407772,2.4276672345207153,43.027638190954775,47.97240802675585,0.1,2.5,1.52587890625e-08
366,11.96002895455331,10.770055618838988,0.012513389838479837,0.012166786928523078,3.1044463468356747,3.092334470355524,2.7446902371997077,2.4366085704752436,1.134333406527704,1.0462765340156512,2.7446902371997077,2.4366085704752436,43.17594919039643,47.44983277591973,0.1,2.5,1.52587890625e-08
367,11.960335678790681,10.755799476916973,0.012512612437890735,0.01218898232336859,3.1042855155993814,3.0922288357746375,2.744117999329772,2.4314824264317982,1.1350134910650589,1.0466467608576235,2.744117999329772,2.4314824264317982,43.14105248464545,47.78428093645485,0.1,2.5,1.52587890625e-08
368,11.970279611601368,10.771513947409264,0.012516323455709742,0.012172010458316425,3.10419293690633,3.0921540148680826,2.7481693752912886,2.437468926111857,1.1342786081938154,1.0459066063265339,2.7481693752912886,2.437468926111857,43.09568676716918,47.505574136008924,0.1,2.5,1.52587890625e-08
369,11.967195777104994,10.763301868502511,0.012514928213852633,0.012182626273138335,3.104111786996233,3.092054501823757,2.7472893266555385,2.4346464993297188,1.1341338992984118,1.045991423868947,2.7472893266555385,2.4346464993297188,43.21957007258515,47.575250836120404,0.1,2.5,1.52587890625e-08
370,11.95900071792134,10.76254635431296,0.012510093576927414,0.012182525701721177,3.1040115553463457,3.0919573647255616,2.7438600522589245,2.434962334308603,1.1348364351183127,1.045427015260975,2.7438600522589245,2.434962334308603,43.13058347292016,47.84698996655518,0.1,2.5,1.52587890625e-08
371,11.964991280381604,10.734144978432884,0.01249697762226872,0.01215654690599395,3.103905136527994,3.0918415057885076,2.7452156318758267,2.4242418383807776,1.135485612301105,1.0466929060160914,2.7452156318758267,2.4242418383807776,42.676926298157454,47.254738015607586,0.1,2.5,1.52587890625e-08
372,11.965700873710935,10.764641565091102,0.012502121335568373,0.012163983466915594,3.103771664189733,3.0917255609995014,2.7462763075453154,2.4355281184748265,1.1346642140367722,1.04557356633736,2.7462763075453154,2.4355281184748265,43.193397543271914,47.679765886287626,0.1,2.5,1.52587890625e-08
373,11.975575488083592,10.748768836758208,0.012518290920668744,0.012230521549731328,3.103636830163228,3.091570942696919,2.7495071006713134,2.430134559820594,1.1347240746720153,1.0456591834591384,2.7495071006713134,2.430134559820594,42.87583752093803,47.21293199554069,0.1,2.5,1.52587890625e-08
374,11.966839156158805,10.779527959217594,0.012517287825415715,0.012208973468720513,3.1035167376200357,3.091478297277172,2.7463808309958675,2.4400491633409906,1.1349425564792022,1.0460078999350302,2.7463808309958675,2.4400491633409906,42.888051367950865,48.376532887402455,0.1,2.5,1.52587890625e-08
375,11.967311494913533,10.748311682821251,0.012510450420633899,0.012118417574476903,3.1034200709336033,3.0913730669712676,2.74684729355131,2.4299901839482745,1.1346390457675153,1.0456951464564772,2.74684729355131,2.4299901839482745,43.09045226130653,47.69370122630992,0.1,2.5,1.52587890625e-08
376,11.950817783340803,10.716384442753617,0.012524157711567325,0.012154057556545255,3.103308009542213,3.0912290602889216,2.7410719812681794,2.419701319740236,1.1349156356803003,1.045334490512393,2.7410719812681794,2.419701319740236,43.027638190954775,47.66583054626533,0.1,2.5,1.52587890625e-08
377,11.957071764917762,10.770811584880919,0.012499993858887023,0.012171684638695706,3.1031520860545267,3.091075442706462,2.743515573753983,2.4374625701436496,1.1345699430510428,1.0457148971233348,2.743515573753983,2.4374625701436496,42.94737576772752,47.87486064659978,0.1,2.5,1.52587890625e-08
378,11.95611676791738,10.739988978225385,0.012507407700862384,0.012198117605245432,3.102987912032672,3.0909160291869506,2.7431176114787874,2.426831809706247,1.1346525729268306,1.0460679338395662,2.7431176114787874,2.426831809706247,43.11662479061977,48.00027870680045,0.1,2.5,1.52587890625e-08
379,11.960855836511524,10.741281483883045,0.012495616319865437,0.012179859354261437,3.102886509322907,3.090845879902409,2.7451299050212374,2.4274718445147427,1.1342272898925876,1.0458671602118375,2.7451299050212374,2.4274718445147427,43.17071468453378,48.09085841694537,0.1,2.5,1.52587890625e-08
380,11.964339616776577,10.752665738729862,0.012510194548206547,0.012178012211428106,3.1028040875808145,3.0907644980993028,2.745925343549165,2.4307783093872413,1.1345910004967754,1.0463587755343586,2.745925343549165,2.4307783093872413,43.006700167504185,47.791248606466,0.1,2.5,1.52587890625e-08
381,11.971815690722698,10.750585834583976,0.012510517807100186,0.012179355299019295,3.102677376426045,3.0906083182480555,2.748450109507371,2.4310165497504483,1.1345623571868717,1.045431969224277,2.748450109507371,2.4310165497504483,43.278894472361806,48.188405797101446,0.1,2.5,1.52587890625e-08
382,11.9633156825949,10.782278251754267,0.012480797690699747,0.012169437754978172,3.102552032816816,3.0905014929032513,2.745511402969318,2.4403363433038376,1.1346818195382422,1.0466832066060707,2.745511402969318,2.4403363433038376,43.203866554997205,47.12235228539576,0.1,2.5,1.52587890625e-08
383,11.960199460977952,10.759887330109459,0.012517161713627082,0.012186143197401644,3.1024081135914354,3.0903468153282683,2.7439971446724725,2.433306017448272,1.135150029631316,1.0462494739720654,2.7439971446724725,2.433306017448272,42.99448632049134,47.70066889632107,0.1,2.5,1.52587890625e-08
384,11.973234162791224,10.74119608112535,0.012510072964590432,0.01219791662957158,3.1022842935448183,3.090225028885381,2.748789108911085,2.427444605524325,1.1347094361573076,1.0458806192330028,2.748789108911085,2.427444605524325,43.181183696259076,47.89576365663322,0.1,2.5,1.52587890625e-08
385,11.959323762715828,10.756096203058725,0.012495401564471752,0.012148536631677595,3.1021525716062768,3.0900948172561833,2.7436119912390864,2.433100436044776,1.1352590343793765,1.0452122762716203,2.7436119912390864,2.433100436044776,42.830471803461755,47.93756967670011,0.1,2.5,1.52587890625e-08
386,11.975383823507661,10.77660642207134,0.01250989720150454,0.012194068905136392,3.102032410372974,3.089980887197199,2.749206791105116,2.438477334635978,1.1350167654267507,1.0466607533968413,2.749206791105116,2.438477334635978,43.18816303740927,47.26170568561873,0.1,2.5,1.52587890625e-08
387,11.959272134377263,10.75319100170497,0.012503734982709257,0.01218109854695324,3.1019079954114326,3.0898492408037983,2.744415630114804,2.4309978600728472,1.1344435726844153,1.0463437871922352,2.744415630114804,2.4309978600728472,43.14105248464545,47.86092530657748,0.1,2.5,1.52587890625e-08
388,11.964647559331556,10.76069154016416,0.012518633229295046,0.012169993898873877,3.101783940407366,3.0897195304649463,2.7463150177502484,2.433762988119221,1.1343351579258256,1.0460868810065747,2.7463150177502484,2.433762988119221,42.93341708542713,47.46376811594203,0.1,2.5,1.52587890625e-08
389,11.960154507294638,10.774357015339692,0.012504394492212452,0.012205496332800242,3.101636352517763,3.089581510560834,2.7444067171736846,2.4381702816738864,1.1347554384297596,1.0462275145444584,2.7444067171736846,2.4381702816738864,43.017169179229484,47.421962095875145,0.1,2.5,1.52587890625e-08
390,11.9602157059227,10.801841539682751,0.012508738674701824,0.012206114584594599,3.101527848501967,3.0894692180680323,2.7444446064253083,2.447382318269183,1.1347401216667767,1.0461805144547087,2.7444446064253083,2.447382318269183,43.21259073143495,47.63795986622073,0.1,2.5,1.52587890625e-08
391,11.966341953714222,10.802455205715354,0.012514913560732126,0.012202837357013056,3.1013857952247847,3.089311198380214,2.74652010272296,2.44734170325225,1.1347093767856233,1.04643204432799,2.74652010272296,2.44734170325225,43.23178391959799,47.3731884057971,0.1,2.5,1.52587890625e-08
392,11.95336896703604,10.756157223862017,0.012509810841225799,0.012173521648074937,3.1012349122067127,3.0891726577826835,2.7422600443439067,2.432692203500465,1.1346518396998437,1.045663276909453,2.7422600443439067,2.432692203500465,43.12185929648241,47.589186176142704,0.1,2.5,1.52587890625e-08
393,11.965063069533663,10.744933841752102,0.012519391092390138,0.012216414881448616,3.1011216812197686,3.089081463872257,2.7465241778036655,2.4279121903405674,1.1342863250484285,1.0466908912860695,2.7465241778036655,2.4279121903405674,43.30681183696259,47.13628762541806,0.1,2.5,1.52587890625e-08
394,11.960357486036887,10.792100025525725,0.012506750164244643,0.012187010891021229,3.1010134691369395,3.0889735232494613,2.7446287592851135,2.4441831106592047,1.134621026661062,1.0461554373121316,2.7446287592851135,2.4441831106592047,42.95784477945282,47.575250836120404,0.1,2.5,1.52587890625e-08
395,11.964561387322457,10.740500999799407,0.01250797240422349,0.012193925355829988,3.1009046375119174,3.0888736877951732,2.745568578167377,2.4270752146092547,1.1350857361543785,1.0460647045569276,2.745568578167377,2.4270752146092547,42.9787828029034,47.87486064659978,0.1,2.5,1.52587890625e-08
396,11.979236657096314,10.77280017338203,0.012510462816948167,0.012184206827220776,3.1008200746618257,3.0887919349415247,2.7505612463873903,2.437576708852115,1.1349868182028424,1.0463355705889572,2.7505612463873903,2.437576708852115,43.203866554997205,47.88879598662207,0.1,2.5,1.52587890625e-08
397,11.974872011901413,10.76656265854171,0.012512445925110416,0.0122132539975487,3.1007211830015624,3.088688696241432,2.7491612953556643,2.4356780892098895,1.1349345253939604,1.0461487543489887,2.7491612953556643,2.4356780892098895,43.13058347292016,47.81215161649944,0.1,2.5,1.52587890625e-08
398,11.962068752094995,10.77547253839414,0.012525979796604428,0.012187086902309621,3.1006063998311277,3.088557918467782,2.745079840048274,2.437886882652274,1.1347475290830944,1.0469230036007255,2.745079840048274,2.437886882652274,43.29808766052485,47.233835005574136,0.1,2.5,1.52587890625e-08
399,11.957133771852698,10.806336477315812,0.01249744495484065,0.012198254144195064,3.100461760424556,3.0883994384221274,2.743474396163029,2.449247549874594,1.1347223258031807,1.0458518759728541,2.743474396163029,2.449247549874594,43.10964544946957,47.26170568561873,0.1,2.5,1.52587890625e-08
400,11.949944076026904,10.756008486816848,0.012506548520687204,0.01216055701591631,3.1003244407745396,3.0882696084752927,2.740897716189948,2.432954642552064,1.1349039775975118,1.0453856734926485,2.740897716189948,2.432954642552064,43.01193467336684,47.47073578595318,0.1,2.5,1.52587890625e-08
401,11.959718249484455,10.756342127171648,0.0125029898653694,0.012205303071425977,3.100186168248929,3.0881472314347658,2.7446255836987348,2.432258159420562,1.1344399619941137,1.0461825635388011,2.7446255836987348,2.432258159420562,43.17420435510888,47.254738015607586,0.1,2.5,1.52587890625e-08
402,11.96227142892025,10.784478079116464,0.012493368603771688,0.012184635303092241,3.1000520904792346,3.088016826838022,2.7453332374643042,2.441096729791018,1.134591044493057,1.046733858327536,2.7453332374643042,2.441096729791018,43.18292853154662,47.63099219620959,0.1,2.5,1.52587890625e-08
403,11.961805488995372,10.737514828094007,0.012513531271070825,0.012210733360022206,3.0999355774096173,3.087888019406543,2.7445238295511984,2.4258510869748084,1.1352423180554048,1.0463206614538978,2.7445238295511984,2.4258510869748084,42.85315466219989,47.28260869565217,0.1,2.5,1.52587890625e-08
404,11.962873014240275,10.761072454378091,0.012516311514916731,0.012171382564166717,3.0998038923454176,3.087785565069022,2.7454089396895807,2.434405759558364,1.134716500588997,1.045635078995257,2.7454089396895807,2.434405759558364,43.299832495812396,47.86789297658863,0.1,2.5,1.52587890625e-08
405,11.951507940563923,10.770319494249563,0.012527576988819821,0.012173852093160617,3.0997046505785866,3.0876738668949972,2.7415981240807668,2.4366372518050365,1.1347385024571806,1.0464888603126459,2.7415981240807668,2.4366372518050365,42.93865159128978,47.038740245261984,0.1,2.5,1.52587890625e-08
406,11.964026748767983,10.744587632458877,0.012510546018218176,0.012187813704577976,3.099592677712241,3.087565256733294,2.7456806233180826,2.429231915053981,1.1348383611703572,1.0453158562531573,2.7456806233180826,2.429231915053981,43.30681183696259,47.87486064659978,0.1,2.5,1.52587890625e-08
407,11.963360807737248,10.756163269646857,0.012506553564701149,0.012181996327379475,3.0994739810692273,3.0874342458569752,2.745215168616946,2.4327065088810067,1.1350871240007752,1.045706097696936,2.745215168616946,2.4327065088810067,43.07998324958124,47.73550724637681,0.1,2.5,1.52587890625e-08
408,11.967952912510073,10.793000204773119,0.012507716483956006,0.012183264354731858,3.0993470839453034,3.087325363254866,2.746990295710476,2.4453338242427693,1.1348465233791614,1.045360966005187,2.746990295710476,2.4453338242427693,43.013679508654384,47.310479375696765,0.1,2.5,1.52587890625e-08
409,11.96106787968587,10.766065970711086,0.012513939358838972,0.012198357000830714,3.099240752054552,3.0872274072406816,2.7448024712482155,2.435046655012745,1.1347408182191023,1.046668307571241,2.7448024712482155,2.435046655012745,43.149776661083195,47.29654403567447,0.1,2.5,1.52587890625e-08
410,11.947918205005639,10.7601168046694,0.01251908164889469,0.012153904546579655,3.0991169234882316,3.0870908175822485,2.740606144245346,2.4342984183044605,1.13455633002909,1.0454528280590956,2.740606144245346,2.4342984183044605,42.95435510887772,47.61705685618729,0.1,2.5,1.52587890625e-08
411,11.9581989808032,10.765124283772515,0.012512413051139537,0.012207730983694395,3.0990035380816607,3.0869798617751036,2.7442744051125514,2.4359173471712348,1.1343209938521095,1.045488839098974,2.7442744051125514,2.4359173471712348,43.42371580122836,47.78428093645485,0.1,2.5,1.52587890625e-08
412,11.965912101656148,10.780588656099079,0.012512787845815646,0.01216988831368112,3.0988541587912657,3.0868038461359846,2.7457103118225556,2.4403179897246683,1.13546098010757,1.0462614618150419,2.7457103118225556,2.4403179897246683,43.05904522613066,47.3731884057971,0.1,2.5,1.52587890625e-08
413,11.961115165638033,10.786440996023325,0.012516767118336235,0.012181798891146713,3.0987055747619494,3.0866894049522204,2.745003561544924,2.442130258117897,1.1345723995211936,1.046399824994065,2.745003561544924,2.442130258117897,43.14105248464545,47.47073578595318,0.1,2.5,1.52587890625e-08
414,11.961643881933574,10.773512527163877,0.012512103375723447,0.012180078035446846,3.0985685638180662,3.0865478866475082,2.7452518021441383,2.437629311512678,1.1345064919597938,1.0465965772020644,2.7452518021441383,2.437629311512678,42.96831379117811,47.254738015607586,0.1,2.5,1.52587890625e-08
415,11.966433504318672,10.76934106001753,0.012508849864529206,0.012172491824381062,3.098416820176815,3.0864202548296022,2.746424918065585,2.4370727111131716,1.1349360623351692,1.0457694757742229,2.746424918065585,2.4370727111131716,42.81825795644891,47.484671125975474,0.1,2.5,1.52587890625e-08
416,11.962998276779201,10.741194065863738,0.012493655199963975,0.012177007740058228,3.0983312589239635,3.0863283897854945,2.745424678643811,2.4278652905886258,1.1347991564898168,1.0455961210804772,2.745424678643811,2.4278652905886258,43.10092127303183,47.51254180602007,0.1,2.5,1.52587890625e-08
417,11.973367659623632,10.773268601833246,0.012496165181902752,0.012154874454149634,3.098216823064569,3.086203028392898,2.7488338561247074,2.4381417156993477,1.134849418946846,1.046022761359794,2.7488338561247074,2.4381417156993477,42.94737576772752,47.756410256410255,0.1,2.5,1.52587890625e-08
418,11.951847948620667,10.769569064196668,0.01250398055702814,0.01215160572164201,3.0980841538414885,3.086045637311478,2.74171379649526,2.4366915536963423,1.1347980449347441,1.0462460905280266,2.74171379649526,2.4366915536963423,43.06253489670575,48.17447045707915,0.1,2.5,1.52587890625e-08
419,11.958548350416702,10.739122305692504,0.012495385246306641,0.0122056109633467,3.097962367740974,3.0859554162126455,2.743934747029256,2.4266263949565396,1.1348174920899452,1.0461473226414344,2.743934747029256,2.4266263949565396,43.25621161362368,47.91666666666667,0.1,2.5,1.52587890625e-08
420,11.961101322717203,10.744030222047531,0.01250588388968985,0.012177485255202654,3.0978351921292404,3.0858208218811614,2.744969665238739,2.4278762129238216,1.1346343123400298,1.0465473408417292,2.744969665238739,2.4278762129238216,42.95435510887772,47.81215161649944,0.1,2.5,1.52587890625e-08
421,11.96724999543344,10.747236628197507,0.012524132661538075,0.012152090750701118,3.0977070319592652,3.0856975382121243,2.746375718108773,2.429855637725779,1.1352760050298114,1.045649286097906,2.746375718108773,2.429855637725779,43.04683137911781,47.69370122630992,0.1,2.5,1.52587890625e-08
422,11.958983964456785,10.798247757298226,0.01250687950836221,0.01216492770445287,3.0975759725607954,3.0855301808619844,2.7441573157648613,2.44561732652594,1.1347491872303983,1.046892626761327,2.7441573157648613,2.44561732652594,43.322515354550525,47.582218506131554,0.1,2.5,1.52587890625e-08
423,11.963239255529219,10.787454257442002,0.012504903667740054,0.01215922579671793,3.097436968272522,3.0854234195738997,2.7453588406378033,2.4426141028420183,1.134971386823223,1.046303466344491,2.7453588406378033,2.4426141028420183,43.092197096594084,47.91666666666667,0.1,2.5,1.52587890625e-08
424,11.964592408628054,10.743183382644569,0.012515233628376945,0.012152657035318771,3.0973094874157843,3.0853129618675545,2.745822556920054,2.427896445677299,1.1349595236685075,1.0462700202978044,2.745822556920054,2.427896445677299,42.89852037967616,47.89576365663322,0.1,2.5,1.52587890625e-08
425,11.960878980286223,10.746013742359718,0.012509989813760563,0.012216103625553374,3.0971695257258243,3.085135184004155,2.7447550571011403,2.429004245644296,1.1347956248730138,1.0460904509061688,2.7447550571011403,2.429004245644296,43.067769402568395,47.89576365663322,0.1,2.5,1.52587890625e-08
426,11.980423143494402,10.782841525083136,0.012499174337141478,0.012174226551284492,3.0970401936972496,3.0850275873207593,2.751381277305863,2.441541943794642,1.1346920497054032,1.0458462284161494,2.751381277305863,2.441541943794642,43.09568676716918,47.72853957636566,0.1,2.5,1.52587890625e-08
427,11.959011231235523,10.775006934286095,0.01251696653992753,0.012172555913286929,3.0969326627913434,3.0849312561145728,2.7440724459392007,2.438782699929432,1.1348612185365856,1.0459977092684445,2.7440724459392007,2.438782699929432,42.959589614740366,47.81911928651059,0.1,2.5,1.52587890625e-08
428,11.963179950405273,10.75008759982344,0.012505659790910336,0.012174656367554446,3.096838915700822,3.0848522712554423,2.7453610773262267,2.4304583133795323,1.134969051492607,1.0460175850585418,2.7453610773262267,2.4304583133795323,42.93690675600224,47.62402452619844,0.1,2.5,1.52587890625e-08
429,11.965183465724415,10.764390107647099,0.012511251143287475,0.0122057767439563,3.096744708280068,3.084734765183567,2.746180094533097,2.434227295809632,1.1348191566270267,1.0470096845026133,2.746180094533097,2.434227295809632,43.19688721384701,47.317447045707915,0.1,2.5,1.52587890625e-08
430,11.956060912208407,10.7606703695512,0.012503154490544502,0.01216267493897125,3.096629670051008,3.0846267028264243,2.7434139125244634,2.433969261388449,1.1345510154646379,1.04604574310341,2.7434139125244634,2.433969261388449,43.09743160245672,47.568283166109254,0.1,2.5,1.52587890625e-08
431,11.962048229726582,10.759529515652353,0.012514080454989028,0.012176149309827732,3.0965216497946293,3.0845295399460637,2.7451186407750576,2.433843708224387,1.1348420324304263,1.0457897745114373,2.7451186407750576,2.433843708224387,42.86536850921273,47.62402452619844,0.1,2.5,1.52587890625e-08
432,11.967604248967003,10.757153702420135,0.012532176606415337,0.012208192525151183,3.096421094529127,3.084408890310604,2.747065813164682,2.4322439786981183,1.1347441692581262,1.0465909004743017,2.747065813164682,2.4322439786981183,43.05032104969291,47.55434782608695,0.1,2.5,1.52587890625e-08
433,11.957626978556315,10.772057767695806,0.012511351218084128,0.012156860630880364,3.096310265432983,3.0843074151637695,2.743397872718202,2.438125204614705,1.1350969874878825,1.0456981733358293,2.743397872718202,2.438125204614705,43.09045226130653,48.13963210702341,0.1,2.5,1.52587890625e-08
434,11.96969450924531,10.759533229878913,0.012505641631420135,0.012209076960773571,3.0962159813348973,3.084212638595564,2.748298720898141,2.4338976527536196,1.1342237007012252,1.0457366622544186,2.748298720898141,2.4338976527536196,43.26493579006142,47.498606465997774,0.1,2.5,1.52587890625e-08
435,11.96658000168622,10.73067917499521,0.01250692269188159,0.01217364939189243,3.096093947497378,3.084096060947431,2.7466428651282535,2.4235643491298458,1.1348450344278451,1.046467606239893,2.7466428651282535,2.4235643491298458,43.074748743718594,47.27564102564102,0.1,2.5,1.52587890625e-08
436,11.95264903557893,10.761001213737156,0.01252100173288271,0.012179044416899001,3.0959632891905766,3.08396929216757,2.742248131801535,2.43393928364102,1.1345957644753852,1.0462024492962305,2.742248131801535,2.43393928364102,43.14803182579565,47.87486064659978,0.1,2.5,1.52587890625e-08
437,11.97008350932485,10.770413263718552,0.012510116742991456,0.01217879436353643,3.095841586955894,3.083840502810186,2.747901969219572,2.4371103009784236,1.134761109091196,1.0461731965725238,2.747901969219572,2.4371103009784236,43.14454215522055,47.71460423634337,0.1,2.5,1.52587890625e-08
438,11.96938673601944,10.787918456554944,0.012509374486699509,0.012176186365460605,3.095726404291235,3.0837400087146056,2.747940619387219,2.443248505177705,1.1344942959375983,1.0458742641950796,2.747940619387219,2.443248505177705,42.99972082635399,47.95150501672241,0.1,2.5,1.52587890625e-08
439,11.952831111228512,10.759934965982087,0.012523105404938253,0.012174689867134011,3.095617007570251,3.0836183139711717,2.7421099733600798,2.433387286288284,1.1348054520182607,1.046412199702417,2.7421099733600798,2.433387286288284,43.045086543830266,47.44983277591973,0.1,2.5,1.52587890625e-08
440,11.95882045963102,10.73977294069203,0.012530389772795686,0.012174733358963808,3.095477624022049,3.0834895567750453,2.743712192803771,2.4275850877581098,1.1352019196179644,1.0454980147589277,2.743712192803771,2.4275850877581098,42.90026521496371,47.27564102564102,0.1,2.5,1.52587890625e-08
441,11.970774974854947,10.785265387765806,0.012511843469644944,0.012197451784359572,3.095381100440012,3.083396383219605,2.7481544972264786,2.44220613875118,1.1347538457111164,1.046036606249602,2.7481544972264786,2.44220613875118,43.20037688442211,47.61705685618729,0.1,2.5,1.52587890625e-08
442,11.96753875268098,10.760844903646106,0.012504780607319856,0.012154141460714599,3.09527311532741,3.0832782014955247,2.747036953866981,2.433829850310599,1.1347986045727712,1.046291157021836,2.747036953866981,2.433829850310599,43.18467336683417,47.81215161649944,0.1,2.5,1.52587890625e-08
443,11.958509165105175,10.776511549550953,0.012514738998329554,0.012188812856922714,3.095122900307345,3.083143045538112,2.7437188441629585,2.4393381171401924,1.1351085177085574,1.0459980249670702,2.7437188441629585,2.4393381171401924,43.19514237855947,47.491638795986624,0.1,2.5,1.52587890625e-08
444,11.962780146809147,10.779487123989075,0.012505416357957372,0.012193347625392868,3.095024893231927,3.083047804093547,2.7458440742300985,2.440511135751986,1.1344133366558686,1.0458185165090572,2.7458440742300985,2.440511135751986,43.20561139028476,48.188405797101446,0.1,2.5,1.52587890625e-08
445,11.96571380023115,10.747481225990796,0.012521399548542459,0.012158587864634385,3.0948971181791767,3.0829224368534494,2.746501538155799,2.430041427064766,1.1347326776423579,1.045635350438929,2.746501538155799,2.430041427064766,43.228294249022895,47.96544035674471,0.1,2.5,1.52587890625e-08
446,11.972726285690571,10.754506558744671,0.012518443074649369,0.012201851631495002,3.0948105124639174,3.0828433488656577,2.7488730170752067,2.4325573853691553,1.134702580391795,1.0454494096629463,2.7488730170752067,2.4325573853691553,43.210845896147404,47.72157190635451,0.1,2.5,1.52587890625e-08
447,11.959677388986218,10.77177881848985,0.012521795145356077,0.012187694903326074,3.094697168457781,3.0826973465905674,2.744342624508822,2.4371723373863876,1.1348860148009743,1.0466014723581083,2.744342624508822,2.4371723373863876,43.18292853154662,47.34531772575251,0.1,2.5,1.52587890625e-08
448,11.956337577334201,10.774532491413911,0.012532210639469422,0.012170142710100914,3.09457770584017,3.0826064772164674,2.7435206686698277,2.4392479739194464,1.1345951879310714,1.0454525804041221,2.7435206686698277,2.4392479739194464,43.1358179787828,47.72157190635451,0.1,2.5,1.52587890625e-08
449,11.96168800867316,10.769322313459687,0.012517397452638777,0.012164611651779152,3.0944604596766863,3.082464234884766,2.744888494295624,2.4377689890505345,1.1350196944076478,1.0452014457023264,2.744888494295624,2.4377689890505345,43.08347292015633,47.979375696767,0.1,2.5,1.52587890625e-08
450,11.974091812593853,10.793188755328838,0.012511078903731323,0.012181363586614629,3.0943145751953125,3.082318865203007,2.74939999042577,2.444474852071824,1.1346497698778018,1.0464503105933318,2.74939999042577,2.444474852071824,42.996231155778894,47.498606465997774,0.1,2.5,1.52587890625e-08
451,11.963014963151089,10.743481456369594,0.01251722942561427,0.01215286690787461,3.0941896377363265,3.082192362484459,2.745837292013589,2.4287832772054,1.134522309854402,1.045586545265372,2.745837292013589,2.4287832772054,43.303322166387495,47.53344481605351,0.1,2.5,1.52587890625e-08
452,11.955702060164851,10.781910977634698,0.012512497995974365,0.012150638831266459,3.0940447238355557,3.0820552449561283,2.7429319141564723,2.4411478701775424,1.134996443404491,1.0460370744484058,2.7429319141564723,2.4411478701775424,43.07300390843105,48.02118171683389,0.1,2.5,1.52587890625e-08
453,11.973623974905008,10.762735540119966,0.012500027506620041,0.012180681995540824,3.093904625830339,3.0818900607501383,2.7492243448893228,2.43508640659294,1.134686829856093,1.0457022083775787,2.7492243448893228,2.43508640659294,43.041596873255166,47.74944258639911,0.1,2.5,1.52587890625e-08
454,11.95808448131227,10.748293768203379,0.01249689455411908,0.012185495647881076,3.093733091583337,3.081757442874122,2.743703052493063,2.4293891368236564,1.1350350385268662,1.0465883676423675,2.743703052493063,2.4293891368236564,42.94737576772752,47.65886287625418,0.1,2.5,1.52587890625e-08
455,11.967180269114602,10.766418427262153,0.012517501317725908,0.012168883949252408,3.0936066401464055,3.0816338564639905,2.7466119243604785,2.436101506253416,1.1351554495605392,1.0459272016250967,2.7466119243604785,2.436101506253416,42.870603015075375,47.59615384615385,0.1,2.5,1.52587890625e-08
456,11.963027361982165,10.759464834844787,0.012528491670828435,0.01219018936726195,3.093495538819109,3.081526434674045,2.7456156274315235,2.433377727351194,1.1347674791004856,1.0463296356408491,2.7456156274315235,2.433377727351194,43.160245672808486,47.61008918617614,0.1,2.5,1.52587890625e-08
457,11.956242660381886,10.791934884112814,0.012506967820726347,0.01218976093707409,3.0933835884501053,3.08141312604498,2.743141750461359,2.4453994624457898,1.1349906964650838,1.0451351554364532,2.743141750461359,2.4453994624457898,42.99797599106645,47.61008918617614,0.1,2.5,1.52587890625e-08
458,11.970836261874933,10.784842482644446,0.012530003174606945,0.012178974112946387,3.0932579594308076,3.081283764961438,2.7479301147258592,2.442067438942134,1.1350633727312753,1.046110962412695,2.7479301147258592,2.442067438942134,42.96133445002791,47.96544035674471,0.1,2.5,1.52587890625e-08
459,11.959818766011932,10.748122043035501,0.01252396698960008,0.012200796097276137,3.0931373766052994,3.081165815011049,2.7450559050061063,2.4302383080506935,1.1342711097897265,1.0456965627478916,2.7450559050061063,2.4302383080506935,43.247487437185924,47.13628762541806,0.1,2.5,1.52587890625e-08
460,11.971952424509974,10.759795583344356,0.012514745399027248,0.012179098759623143,3.093019385100875,3.081029288080358,2.748623694340521,2.43283010167023,1.1347548875776767,1.0470077326996803,2.748623694340521,2.43283010167023,42.956099944165274,47.505574136008924,0.1,2.5,1.52587890625e-08
461,11.976228908877477,10.751972123000401,0.012517593271660113,0.012196303293349817,3.0928997976163592,3.080951536512428,2.7500822558741143,2.430323377633706,1.1347248550901727,1.04690350185137,2.7500822558741143,2.430323377633706,43.071259073143494,47.16415830546266,0.1,2.5,1.52587890625e-08
462,11.957282005109846,10.764898708432813,0.01251165121107345,0.012208167032661579,3.092778903954792,3.0808021349784656,2.7437190881725932,2.435240641751284,1.1347783842544725,1.0462961345744903,2.7437190881725932,2.435240641751284,43.21259073143495,47.66583054626533,0.1,2.5,1.52587890625e-08
463,11.964344886745707,10.772021931549379,0.0125161685472815,0.012204557024939203,3.0926649482605644,3.080702401323861,2.7465409564279697,2.437750424031031,1.1343131135256845,1.046165273407497,2.7465409564279697,2.437750424031031,43.27017029592407,47.51254180602007,0.1,2.5,1.52587890625e-08
464,11.956284967632284,10.775178185274768,0.012524163041062058,0.012131469420789676,3.092548668817193,3.0805926636575722,2.743207433115897,2.4386482677332135,1.1349612128328572,1.0463475508567615,2.743207433115897,2.4386482677332135,43.01193467336684,47.86789297658863,0.1,2.5,1.52587890625e-08
465,11.957097443836751,10.740262991076994,0.012529494704201293,0.012198145659131682,3.09243786528016,3.0804628084601635,2.743949106323992,2.4273368993331754,1.134492279164023,1.046002633196853,2.743949106323992,2.4273368993331754,43.14105248464545,47.672798216276476,0.1,2.5,1.52587890625e-08
466,11.96419882015567,10.742613890232183,0.012514639373854143,0.012139296939922549,3.09232273306812,3.0803571935481453,2.745718636105408,2.427822905905138,1.1350986485638344,1.0463233916390036,2.745718636105408,2.427822905905138,43.14454215522055,47.81911928651059,0.1,2.5,1.52587890625e-08
467,11.97328056855151,10.777991358120174,0.012526796934663385,0.012197233039840076,3.09221120362572,3.080232151907556,2.748382871075092,2.439639512910492,1.1354613443248969,1.0462841243382415,2.748382871075092,2.439639512910492,42.75544388609715,47.73550724637681,0.1,2.5,1.52587890625e-08
468,11.96257192791673,10.728784725418857,0.0125337808410102,0.012161142030811829,3.0921050318787713,3.0801562747296147,2.745409294189121,2.4236071994870803,1.1348665782288425,1.0459287807162656,2.745409294189121,2.4236071994870803,42.931672250139584,47.74944258639911,0.1,2.5,1.52587890625e-08
469,11.964920739366114,10.771538044962464,0.012509654101872497,0.012180916916209386,3.0919847400543876,3.079989110612816,2.7465107729819684,2.4375559316165205,1.134560079763616,1.0462301611368738,2.7465107729819684,2.4375559316165205,43.25795644891122,47.55434782608695,0.1,2.5,1.52587890625e-08
470,11.956411429319482,10.772197181165817,0.01250431684923781,0.012185393101686285,3.091846838269002,3.0798851377855043,2.743333425420679,2.437145618557797,1.1349073866770163,1.0468621481886942,2.743333425420679,2.437145618557797,43.09743160245672,47.64492753623188,0.1,2.5,1.52587890625e-08
471,11.966477746606738,10.744593339088636,0.01249402060237412,0.012193612136578016,3.09174510022903,3.07979718658039,2.746792735499686,2.4286268172056777,1.1348103399319331,1.046179850098813,2.746792735499686,2.4286268172056777,43.15675600223339,47.66583054626533,0.1,2.5,1.52587890625e-08
472,11.974324889318828,10.761624504757034,0.012522865138794043,0.012183707703731398,3.091656275397236,3.079712053339351,2.7495923046290973,2.4339060213254844,1.1346198245841388,1.046583836958427,2.7495923046290973,2.4339060213254844,43.0607900614182,47.64492753623188,0.1,2.5,1.52587890625e-08
473,11.960388710217925,10.77733322343433,0.012512021524897173,0.012192046815901164,3.091550763261711,3.0795726029237644,2.7447507979149663,2.4390817422133226,1.1348230700996054,1.0466462252132072,2.7447507979149663,2.4390817422133226,43.024148520379676,47.60312151616499,0.1,2.5,1.52587890625e-08
474,11.95132030847018,10.764784684282215,0.012511362311794796,0.012159451357438879,3.0914076365018808,3.0794512101240383,2.7417805401191306,2.4344577515537256,1.134775520236315,1.0471022851358156,2.7417805401191306,2.4344577515537256,43.05206588498046,47.21293199554069,0.1,2.5,1.52587890625e-08
475,11.95200269199629,10.745131662723876,0.012515754096775765,0.012181447480401333,3.091284199442563,3.0793214014408448,2.741892913145303,2.4293346329277576,1.1348932583461189,1.045671380549636,2.741892913145303,2.4293346329277576,43.07998324958124,47.930602006688964,0.1,2.5,1.52587890625e-08
476,11.959597828799556,10.7634674915369,0.01251798572142503,0.012202155445115754,3.091151750933052,3.07915419320199,2.744200649107055,2.434427620973874,1.1351208968378192,1.0466890149026145,2.744200649107055,2.434427620973874,42.877582356225574,47.310479375696765,0.1,2.5,1.52587890625e-08
477,11.959565244128356,10.7861720715611,0.012513993648549054,0.012180644697992498,3.0909854805316423,3.0790229074931066,2.7445295316290417,2.4432229795051925,1.1347880194401487,1.045473364616849,2.7445295316290417,2.4432229795051925,43.106155778894475,47.86789297658863,0.1,2.5,1.52587890625e-08
478,11.973752002087735,10.783527604446496,0.012530915876450084,0.012174602932272812,3.0908804175442386,3.07894793960163,2.7495203867496425,2.440746218597344,1.1345239632759327,1.0470731566050646,2.7495203867496425,2.440746218597344,43.207356225572305,47.679765886287626,0.1,2.5,1.52587890625e-08
479,11.956595406460403,10.742649008199123,0.012510392799794608,0.012227299535977202,3.0907964738369786,3.0788491840745293,2.743775768828485,2.428355331139155,1.1345593453385456,1.0458236090847215,2.743775768828485,2.428355331139155,43.357412060301506,47.61008918617614,0.1,2.5,1.52587890625e-08
480,11.963201076607675,10.749833550873143,0.012511822431426784,0.012174596395364307,3.090712050230792,3.078761865728542,2.7460406858251454,2.4302465030580858,1.1344986654805578,1.046347757047634,2.7460406858251454,2.4302465030580858,43.308556672250134,48.118729096989966,0.1,2.5,1.52587890625e-08
481,11.959419776579976,10.776382267142884,0.012517895730496251,0.012185084340738811,3.090570243492531,3.0785764544836787,2.7445044120818394,2.4396954093091066,1.1347772133277156,1.0457511003333722,2.7445044120818394,2.4396954093091066,42.9142238972641,47.5613154960981,0.1,2.5,1.52587890625e-08
482,11.96001547638229,10.763505601298185,0.012507931237789687,0.012184528043180072,3.090415981879519,3.0784584333000904,2.744238689184056,2.4341355352231626,1.1352499679504726,1.047022882246785,2.744238689184056,2.4341355352231626,43.09394193188163,47.12931995540691,0.1,2.5,1.52587890625e-08
483,11.962049259013266,10.780983956761185,0.012500257435655674,0.012164679526194615,3.090317497833823,3.078373067487974,2.7458479467016037,2.4409214355209334,1.1343244613048953,1.0460725647284168,2.7458479467016037,2.4409214355209334,43.289363484087104,47.3731884057971,0.1,2.5,1.52587890625e-08
484,11.948343990502712,10.784770843310234,0.012521246432559174,0.012163164403493056,3.0902154259279677,3.078261492111478,2.7407497540989914,2.442397359488667,1.1348506391281392,1.0458631645742733,2.7407497540989914,2.442397359488667,43.09394193188163,47.70763656633222,0.1,2.5,1.52587890625e-08
485,11.967642778793838,10.735665952880247,0.01250529104541095,0.012204820666059336,3.0900971751050665,3.0781381983422116,2.7471360587860736,2.426045322365054,1.134906525321675,1.0458370969447006,2.7471360587860736,2.426045322365054,43.125348967057505,47.331382385730215,0.1,2.5,1.52587890625e-08
486,11.962222845843224,10.791478478124443,0.012495860018539136,0.012180925367676228,3.0899822489633566,3.078007904582199,2.7454345748119686,2.4443834965577227,1.1348083432595335,1.0461154143547136,2.7454345748119686,2.4443834965577227,42.96831379117811,47.27564102564102,0.1,2.5,1.52587890625e-08
487,11.958534950520459,10.769329293249974,0.01251789435509245,0.012167333395800728,3.0898544503483008,3.0778853228791236,2.744512166343276,2.4371647328437374,1.134498372216387,1.0459597569910046,2.744512166343276,2.4371647328437374,42.96133445002791,47.63795986622073,0.1,2.5,1.52587890625e-08
488,11.96570627626795,10.728768276929058,0.012509053016090812,0.01218385229130154,3.0897231541286962,3.0777527273299303,2.74679186515872,2.4235486931093826,1.1346164461223192,1.0460543732180643,2.74679186515872,2.4235486931093826,43.1358179787828,47.20596432552954,0.1,2.5,1.52587890625e-08
489,11.975787243185463,10.784104957495511,0.012517401162849034,0.012179321606322674,3.0895933995760734,3.0776529407820177,2.749741942439247,2.4422812243900704,1.1350282144440011,1.0457722168569448,2.749741942439247,2.4422812243900704,42.74148520379676,47.46376811594203,0.1,2.5,1.52587890625e-08
490,11.959427499691246,10.75467410826497,0.012512513532577315,0.01217488533066567,3.0894585997615027,3.0775056858126537,2.7442248342823943,2.431911243908647,1.1350981980845092,1.0463382954581526,2.7442248342823943,2.431911243908647,43.03810720268007,47.71460423634337,0.1,2.5,1.52587890625e-08
491,11.964957174410838,10.748681391627759,0.012526829841914356,0.012192810260573424,3.0893395251897644,3.077390894576193,2.746248367177515,2.430313240458468,1.1349170974085012,1.0459365832101275,2.746248367177515,2.430313240458468,42.99448632049134,47.77034559643255,0.1,2.5,1.52587890625e-08
492,11.966244623555877,10.74823344272116,0.012515349695297807,0.012182011668764495,3.0892345157167487,3.0772949769478313,2.7469938492255794,2.429703755389355,1.1346080689906808,1.0464035656008301,2.7469938492255794,2.429703755389355,43.03636236739251,47.88879598662207,0.1,2.5,1.52587890625e-08
493,11.94927260091623,10.774188027865645,0.012533344172923042,0.012193409612852927,3.0891401131415352,3.0771745962974353,2.741233906887018,2.4379850486449173,1.1347078343864794,1.0467740000955503,2.741233906887018,2.4379850486449173,43.024148520379676,47.28260869565217,0.1,2.5,1.52587890625e-08
494,11.960509148474713,10.771215246938409,0.012524113067363908,0.012174322486854051,3.089029915435297,3.0770873226050948,2.744772073079061,2.4380206458411755,1.1349219438551792,1.0457567484881167,2.744772073079061,2.4380206458411755,42.97180346175321,47.74944258639911,0.1,2.5,1.52587890625e-08
495,11.96267993379611,10.751560532262626,0.012512884062721635,0.012201639536016495,3.0889109128816776,3.07696322586757,2.7458840823586197,2.4313091793187884,1.134541234578719,1.0459116674718782,2.7458840823586197,2.4313091793187884,43.21608040201005,47.73550724637681,0.1,2.5,1.52587890625e-08
496,11.960889825868847,10.76383937295597,0.012512570848175761,0.012190836476558694,3.0887877541770488,3.0768520840035634,2.7451930647785607,2.436098914747121,1.134639771340081,1.0452222077875764,2.7451930647785607,2.436098914747121,43.053810720268004,47.74247491638796,0.1,2.5,1.52587890625e-08
497,11.972711216997395,10.792113207388615,0.01251137911928126,0.012174632694102915,3.0887004293455615,3.076740084151626,2.7491080701051644,2.444539246617618,1.1346685165536263,1.0462156172048553,2.7491080701051644,2.444539246617618,43.16896984924623,47.86789297658863,0.1,2.5,1.52587890625e-08
498,11.973975620876804,10.7607749063966,0.012513874619700003,0.012168000046259318,3.0885708256183158,3.0766417025988186,2.7491799789324345,2.4339996455372246,1.135021581987906,1.0463145888901608,2.7491799789324345,2.4339996455372246,43.0573003908431,47.254738015607586,0.1,2.5,1.52587890625e-08
499,11.962959648443293,10.7483632545939,0.012518135552559232,0.012188461453445182,3.0884877397387074,3.0765518219840433,2.7461214120131108,2.4311531382128013,1.134409510443691,1.045020080861971,2.7461214120131108,2.4311531382128013,43.11662479061977,48.4113712374582,0.1,2.5,1.52587890625e-08
500,11.966535663019007,10.779065475548922,0.012520201587430729,0.012194649997471501,3.0883863524709048,3.0764555133704756,2.747153337144239,2.44073924518615,1.134572274521168,1.0456691634163278,2.747153337144239,2.44073924518615,43.010189838079285,47.74944258639911,0.1,2.5,1.52587890625e-08
