epoch,train_loss,val_loss,train_recon_loss,val_recon_loss,train_kl_loss,val_kl_loss,train_age_loss,val_age_loss,train_site_loss,val_site_loss,train_age_mae,val_age_mae,train_site_acc,val_site_acc,current_beta,current_grl_alpha,current_lr
1,17.49695573633174,14.818661302760027,0.0972876081784999,0.05856712972755682,1.718263760724925,7.363650076896982,3.017758175622545,2.5204226548057735,1.1554386069294063,1.0789904387765372,3.017758175622545,2.5204226548057735,40.956518704634284,41.80602006688963,0.0,0.0,0.001
2,16.763360140111978,14.833101974283174,0.045297645614807466,0.03130058507739235,24.736489546225766,47.30015133588742,2.8917443170552812,2.559828301071456,1.1296704632153662,1.0013299376403741,2.8917443170552812,2.559828301071456,43.687185929648244,49.64464882943144,0.0,0.0125,0.001
3,16.593833574031997,14.426856334392841,0.0238959467676034,0.025546096639090955,46.09289840451171,67.79272631471903,2.8725334571633905,2.471308295144684,1.1036351289514854,1.0223843883909909,2.8725334571633905,2.471308295144684,48.30227526521496,51.43534002229655,0.0,0.025,0.001
4,16.504737091490437,14.57662478630891,0.01753383025782841,0.015719819650959345,60.76414130214604,70.97425713002217,2.8516058616968323,2.503699667743483,1.1145869698489863,1.0212033398308218,2.8516058616968323,2.503699667743483,47.42636795086544,50.132385730211816,0.0,0.0375,0.001
5,16.331559056080234,14.705662745430052,0.013633495003259562,0.013848324478661004,74.63235926881042,75.50149497007712,2.8143675472402228,2.5268084052680195,1.1230439063492332,1.0288861716870081,2.8143675472402228,2.5268084052680195,45.761795086543835,50.08361204013379,0.0,0.05,0.001
6,16.25686112813348,14.14264189785008,0.015338028546075359,0.014981991626995064,74.49385471652833,75.64941515119844,2.7992596837943124,2.4164251486460366,1.1226123219958102,1.0227670904784696,2.7992596837943124,2.4164251486460366,45.20170295924065,50.08361204013379,0.0,0.0625,0.001
7,16.212814797508457,14.12178293651296,0.013607595509541128,0.01209046003494906,80.80539903582174,87.14963545953417,2.7918161327515416,2.413284411797157,1.120063271554471,1.0216352317644202,2.7918161327515416,2.413284411797157,44.92601898380793,50.42502787068004,0.0,0.075,0.001
8,16.190518150776875,15.323635935916284,0.013374243532726047,0.015217411958943708,82.58637454801269,89.22018606979047,2.786752013105843,2.6434740614864474,1.1216919474066602,1.0455240785344655,2.786752013105843,2.6434740614864474,45.17378559463987,47.979375696767,0.0,0.08750000000000001,0.001
9,16.193155599132986,14.21289665005279,0.013461764478075278,0.014370450749993324,88.84794348754542,95.58025077726265,2.7866913713202806,2.4296687781611412,1.1231184870354094,1.0250912006350532,2.7866913713202806,2.4296687781611412,45.04117811278615,50.89186176142698,0.0,0.1,0.001
10,16.163019703194657,14.157440712885181,0.012554684707958362,0.014464121176928713,93.39153008644705,89.05257349428923,2.7818109431391917,2.4135873966259567,1.1207051287144671,1.0375198169031006,2.7818109431391917,2.4135873966259567,45.261027359017305,47.21293199554069,0.0,0.11249999999999999,0.001
11,16.167365693966147,14.119656564399948,0.01327950676714888,0.012316828028796243,95.46129949368424,94.12140372285874,2.782123724885788,2.4073653175945133,1.1217337938609035,1.035256592126993,2.782123724885788,2.4073653175945133,45.21217197096594,49.66555183946488,0.0,0.125,0.001
12,16.141396616771193,14.253983573105556,0.012355069827968551,0.011667632591290817,95.6780509331052,99.97311276336976,2.77793507440206,2.429900712259903,1.1196830870385013,1.0464061824905966,2.77793507440206,2.429900712259903,45.31860692350642,48.989687848383504,0.0,0.1375,0.001
13,16.14311707825184,14.181393010959178,0.011908428095559845,0.012263477256639945,99.08319043234565,103.35168838075704,2.7778588259839134,2.4149539010846364,1.1209572633506864,1.0471799684607463,2.7778588259839134,2.4149539010846364,45.48087660524847,49.49136008918617,0.0,0.15,0.001
14,16.119871254542364,14.057952763909347,0.012087248576184114,0.011487086228777135,99.51606744524489,97.01436785949912,2.7729951181204076,2.402138958274986,1.1214041960831795,1.0178854374449655,2.7729951181204076,2.402138958274986,45.268006700167504,50.822185061315494,0.0,0.1625,0.001
15,16.087892659079223,14.115225683486582,0.012478455946906062,0.011363113827488428,93.95407679572178,96.86506486125083,2.7671810847164733,2.406880394936671,1.1197543877719303,1.0347302714850724,2.7671810847164733,2.406880394936671,45.59254606365159,48.104793756967666,0.0,0.17500000000000002,0.001
16,16.09523165738496,14.102322668800651,0.012011252134094054,0.011231064380103994,98.32467809833673,98.94332778573435,2.7683624337333197,2.404122664644035,1.120704111075814,1.0352391473691467,2.7683624337333197,2.404122664644035,45.57335287548855,50.57134894091416,0.0,0.1875,0.001
17,16.090948967478383,14.42281775968928,0.012203790296320472,0.011664061578677982,106.03865221663602,110.90838891819303,2.76716099285933,2.476430197889058,1.1214701036445793,1.0145013451974927,2.76716099285933,2.476430197889058,45.5105388051368,51.51895206243032,0.0,0.2,0.001
18,16.080601567066562,14.1412077439137,0.012774914720978137,0.011314254017378574,108.06674909991035,102.96999009556595,2.7651607290051756,2.4119838716725974,1.1210115049086358,1.0349870615180918,2.7651607290051756,2.4119838716725974,45.353503629257396,50.32748049052397,0.0,0.21250000000000002,0.001
19,16.055485510812797,14.127349196469106,0.012355481375826264,0.013041734313353514,108.47853939497291,110.5071262627541,2.760420630192504,2.4111971964139736,1.1205134441704805,1.0291607216449088,2.760420630192504,2.4111971964139736,45.62220826353992,50.10451505016722,0.0,0.22499999999999998,0.001
20,16.07890788407914,14.15414942227877,0.011980320536544508,0.011643207444079477,110.11627464784317,129.08338057263904,2.7655521701129038,2.4133325641104744,1.119583369898836,1.0379217019182119,2.7655521701129038,2.4133325641104744,45.7356225572306,50.27173913043478,0.0,0.2375,0.001
21,16.075773159263523,14.840221406092478,0.011919818785809094,0.012000493136304144,108.5077681123445,109.8252059613316,2.7651318593240863,2.5529236348310573,1.1190970251508294,1.031801382169011,2.7651318593240863,2.5529236348310573,45.862995533221664,49.97212931995541,0.0,0.25,0.001
22,16.05815305022938,14.15311092517049,0.012439353225647671,0.01310916566430127,105.7510912930879,112.40530830136643,2.7603547079213033,2.414270803946981,1.1219700907010197,1.0343238906052332,2.7603547079213033,2.414270803946981,45.6501256281407,49.67251950947603,0.0,0.2625,0.001
23,16.060479781802044,14.468004924132009,0.012248952842891084,0.011099128298660783,109.23338423515418,111.83400366537548,2.762114632402566,2.480137391566167,1.1188288409240015,1.0281094253528344,2.762114632402566,2.480137391566167,45.50879396984925,49.860646599777034,0.0,0.275,0.001
24,16.02973141715488,14.106084282448725,0.01198840207232569,0.01093835236843148,114.5304447729983,108.76700210146016,2.7552800480711066,2.407801358330343,1.1206713899562373,1.0280695592147717,2.7552800480711066,2.407801358330343,45.63791178112786,50.35535117056856,0.0,0.28750000000000003,0.001
25,16.03918460279387,14.289446560701267,0.012113799944744636,0.011970415426918629,113.01980661533852,120.6740201101654,2.7575644561526897,2.444764890266767,1.1196242609481981,1.026825900726361,2.7575644561526897,2.444764890266767,45.78098827470687,50.52257525083612,0.0,0.3,0.001
26,15.997443175196048,14.01057135540506,0.011874397510963235,0.01108855420127594,109.65475023398514,107.50306545159755,2.7498109347323743,2.389988668520448,1.118257034297498,1.0247697531180238,2.7498109347323743,2.389988668520448,46.05143774427694,50.411092530657754,0.0,0.3125,0.0005
27,15.980251151446454,14.060376014199145,0.0119894219813052,0.01206588792981146,109.28812122611211,117.328327633997,2.7455574651459353,2.3961644030467855,1.1202372211374296,1.0337440746949536,2.7455574651459353,2.3961644030467855,45.8001814628699,50.52257525083612,0.0,0.325,0.0005
28,15.966389456386343,14.177173636828776,0.01208887981965364,0.012293411474861828,111.51463493376987,108.09287256859616,2.7422671298086145,2.4174788476631393,1.1214824664000358,1.0387430109307918,2.7422671298086145,2.4174788476631393,45.76528475711893,50.09057971014492,0.0,0.3375,0.0005
29,15.993550224453294,14.033685186634893,0.012964743508794566,0.012184398332891058,114.31958432945707,112.83540152865508,2.7459528918774816,2.390582185923854,1.125410504077547,1.0342949426825363,2.7459528918774816,2.390582185923854,45.13888888888889,49.338071348940915,0.0,0.35000000000000003,0.0005
30,15.980698708513474,14.065824113163263,0.012428865083173491,0.011840161631753878,120.24818075788147,114.39419326867281,2.7438924425743867,2.3995735152243505,1.1244038161054661,1.0280581851600936,2.7438924425743867,2.3995735152243505,45.166806253489675,50.418060200668904,0.0,0.3625,0.0005
31,15.959971169663966,14.015842986346088,0.012317675163232036,0.011159977108373026,119.40212153057224,117.10851606796417,2.74048550071695,2.3895219416921356,1.1226129841365207,1.0285366430729128,2.74048550071695,2.3895219416921356,45.33780011166946,50.299609810479375,0.0,0.375,0.0005
32,15.964171909607035,14.086826220271048,0.012603309491180228,0.011969408805304546,121.81878848690883,119.06894980678324,2.740882278353991,2.4007001460063684,1.123578601080502,1.0356780634808833,2.740882278353991,2.4007001460063684,45.38142099385818,49.89548494983278,0.0,0.3875,0.0005
33,15.961692896320592,14.062845792525854,0.012216929285482845,0.011976980814998896,121.72671517308765,121.51600496426076,2.7411249787497294,2.3987286409805453,1.1219255337829632,1.0286128181411802,2.7411249787497294,2.3987286409805453,45.83333333333333,50.306577480490525,0.0,0.4,0.0005
34,15.95358191170152,14.19723160104741,0.012186990768478644,0.011539979698707493,120.16884971290644,118.98350030735318,2.739384171152035,2.4243788044056633,1.122237036509064,1.03189878825227,2.739384171152035,2.4243788044056633,45.68327749860413,49.48439241917503,0.0,0.41250000000000003,0.0005
35,15.954348140825179,14.278308413366277,0.012070454230156609,0.011264697359947524,117.72863448338425,110.24113932155579,2.7393538215718145,2.4415615513306133,1.1227542962660542,1.0296179941266674,2.7393538215718145,2.4415615513306133,45.615228922389726,49.66555183946488,0.0,0.42500000000000004,0.0005
36,15.959757211153764,13.972048346414216,0.012661977899887421,0.011887572400496158,116.77818652333526,121.57335813388377,2.739296968258805,2.3831004558864115,1.1253052120565503,1.0223292295084883,2.739296968258805,2.3831004558864115,45.28022054718034,50.53651059085842,0.0,0.4375,0.0005
37,15.932972099180663,14.355009620139166,0.01208563477720281,0.011691763745818116,116.9089606161027,120.20474016918918,2.735458760604986,2.453830604170477,1.1217963199652752,1.0370823806743559,2.735458760604986,2.453830604170477,45.36222780569514,50.74554069119287,0.0,0.44999999999999996,0.0005
38,15.930422856912873,14.105069621882445,0.012123118389225218,0.011580361183130555,119.79868607598267,124.72449601427502,2.734785812251199,2.4076036827487157,1.122185346802009,1.0277354346469891,2.734785812251199,2.4076036827487157,45.458193746510325,49.99303232998885,0.0,0.4625,0.0005
39,15.9131660109988,13.997520539805775,0.012131633130403986,0.011419813503763547,125.32496838593603,123.16212837618994,2.7315141655492226,2.3873262471844385,1.1217317750905227,1.0247347246577243,2.7315141655492226,2.3873262471844385,45.343034617532105,50.919732441471574,0.0,0.475,0.0005
40,15.92264782390669,14.009867273711308,0.012246103737854811,0.011489806292887981,125.60118929012603,126.30730049533057,2.7331677533474,2.3881961016883553,1.1222814454638312,1.0286984957978877,2.7331677533474,2.3881961016883553,45.496580122836406,50.34838350055742,0.0,0.48750000000000004,0.0005
41,15.915095672202735,14.082740598166135,0.012609655389043288,0.012099706569900415,128.9991424066404,129.71726173222265,2.7307830224284775,2.403626964376656,1.1242854410147014,1.026253001147688,2.7307830224284775,2.403626964376656,44.99755723059743,50.16025641025641,0.0,0.5,0.0005
42,15.908975965413616,14.026064841909418,0.012344111130993537,0.012425170632010719,126.78547631822306,118.55555584757623,2.72968864081493,2.3913213782751708,1.1240943192370707,1.0285163772278938,2.72968864081493,2.3913213782751708,45.38840033500838,49.74916387959866,0.0,0.5125,0.0005
43,15.899555969877259,14.141684702274658,0.012574355375897378,0.012358533189431614,126.75275591110665,130.6448363747485,2.7274806862899807,2.407940685682605,1.1247891030585813,1.0448113666596088,2.7274806862899807,2.407940685682605,45.36920714684533,48.3835005574136,0.0,0.525,0.0005
44,15.898188679395343,14.11831171137832,0.012516359672249861,0.013115486296240568,128.44477130287123,123.81243631964676,2.7277547446527275,2.4065178747692766,1.1234492943447971,1.0363034051796265,2.7277547446527275,2.4065178747692766,45.39886934673367,48.66220735785953,0.0,0.5375,0.0005
45,15.893106827451023,14.00340553164615,0.012861592341516018,0.01259098359494737,129.83310389771665,135.1559528193479,2.7262064810241156,2.3840549356296843,1.124606412725699,1.0352699305434423,2.7262064810241156,2.3840549356296843,44.92427414852038,49.97909698996656,0.0,0.55,0.0005
46,15.901788075764975,14.408611611246132,0.013256289972806696,0.013439276060473626,134.06826372428822,145.44834617521187,2.727841163999471,2.4631364014635118,1.124662982359204,1.039745167213406,2.727841163999471,2.4631364014635118,45.13365438302625,49.60284280936455,0.0,0.5625,0.0005
47,15.885164209746037,14.053289692537442,0.01329138135461585,0.012042899305621782,139.0475488744722,146.27632785826887,2.7249814060931095,2.3962770285149215,1.123482890930474,1.0299308092697808,2.7249814060931095,2.3962770285149215,45.196468453378,50.14632107023411,0.0,0.5750000000000001,0.0005
48,15.834612214319005,13.95668459576508,0.012787296413326982,0.012629909047373097,139.41675674549234,133.3960258968698,2.713979194711401,2.3748141103232054,1.1259644743053026,1.0349920909008719,2.713979194711401,2.3748141103232054,45.128419877163594,49.06633221850613,0.0,0.5874999999999999,0.00025
49,15.830961218897288,14.03294464630161,0.013351765704626714,0.01270445630394562,138.86109457436652,135.5005977634868,2.713378914237222,2.3912423787972865,1.1253574380390077,1.0320140944675458,2.713378914237222,2.3912423787972865,44.97312953657175,49.71432552954292,0.0,0.6,0.00025
50,15.829626690402902,13.996446677540723,0.013330640598386942,0.014752852641162332,141.49964264103448,143.28338714905806,2.712877863815282,2.382031205572279,1.1259533763930227,1.0357689242166288,2.712877863815282,2.382031205572279,45.06211613623674,48.794593088071345,0.0,0.6125,0.00025
51,16.3787713820278,14.54877081948645,0.013068767417885783,0.011799475992121292,60.9740227018236,41.54284656486384,2.72757603162364,2.4309567865586468,1.1295832271751647,1.0314412469847944,2.72757603162364,2.4309567865586468,44.146077610273586,50.51560758082497,0.0076861580733605704,0.625,0.00025
52,16.225858989739006,14.327283056550467,0.012298019420374279,0.012124292093558588,34.35690671515025,30.541830239354436,2.7365236251730947,2.4006898427089323,1.1255735465097134,1.0314915283202062,2.7365236251730947,2.4006898427089323,44.823073701842546,49.52619843924192,0.008143799688664223,0.6375,0.00025
53,16.16645414372651,14.255661060711745,0.012368882582473529,0.011553971963823507,26.39283715806681,25.786749387930335,2.735394517514108,2.3954682937566787,1.1246379442151069,1.022080420251674,2.735394517514108,2.3954682937566787,44.945212171970965,50.73160535117057,0.008632524167987623,0.65,0.00025
54,16.145350420561535,14.244155262890734,0.012031170351317413,0.011720721363821955,22.826138567218962,20.860449362492215,2.7356918923086724,2.3971328121363915,1.1229499753529235,1.0279026449457591,2.7356918923086724,2.3971328121363915,45.203447794528195,50.43199554069119,0.009154408582006737,0.6625000000000001,0.00025
55,16.121170768652597,14.256135793832632,0.012183244850243156,0.011623599647503832,18.928200933135866,18.248568297761473,2.7353872601910054,2.4015230978345925,1.1241134342569536,1.0298363377019315,2.7353872601910054,2.4015230978345925,45.09701284198771,50.278706800445924,0.009711663986888792,0.675,0.00025
56,16.101402206569993,14.224991982331376,0.01194405939330158,0.01145301265756256,15.958725429260152,14.497466649764624,2.7355510268645338,2.4008772665574534,1.123611056491824,1.0298661344426132,2.7355510268645338,2.4008772665574534,45.28719988833054,50.36928651059086,0.010306643385721619,0.6875,0.00025
57,16.08587434450253,14.298727553292128,0.011898538535580431,0.011617820210538912,13.539860503358058,12.818792906626145,2.7358543912769364,2.4164196820296304,1.1232763555447927,1.0323749869031917,2.7358543912769364,2.4164196820296304,45.24881351200447,49.79096989966555,0.010941850065037412,0.7000000000000001,0.00025
58,16.082229833640177,14.335962295532227,0.012004287214559727,0.011740119519374575,12.221769913823028,11.718011469080828,2.736125481321717,2.42495025931925,1.1237909295317983,1.0316541143085645,2.736125481321717,2.42495025931925,44.98534338358459,50.285674470457074,0.011619946309257844,0.7124999999999999,0.00025
59,16.09960679512727,14.206107221452422,0.012062268775728148,0.011609636507762248,11.310900643975424,11.404192829876308,2.7402140339415277,2.399724214106233,1.123427653299371,1.0275528965852199,2.7402140339415277,2.399724214106233,45.220896147403685,50.675863991081386,0.012343762493168844,0.725,0.00025
60,16.055070553858943,14.213074933990853,0.012127370312019542,0.011663869048241389,10.340791847105468,10.067313085830332,2.7316480841069564,2.401587361343197,1.1245348723090474,1.030714085535328,2.7316480841069564,2.401587361343197,45.189489112227804,50.18115942028986,0.013116306549289962,0.7374999999999999,0.000125
61,16.054293436021663,14.213080457221704,0.012105139752403776,0.011723264243034283,9.639786443917995,9.798263400959197,2.7317989416990383,2.400575246566381,1.1244037627241985,1.0309427708819292,2.7317989416990383,2.400575246566381,45.285455053042995,50.647993311036785,0.013940773803165163,0.75,0.000125
62,16.060355357388953,14.24394210232806,0.012131767688055966,0.01184220323100304,9.459381558787284,9.168111437539194,2.731859842536837,2.406001326099553,1.1243655199714375,1.0331083885004688,2.731859842536837,2.406001326099553,45.34477945281966,50.16722408026756,0.014820557165095827,0.7625,0.000125
63,16.058778253765094,14.342025426186314,0.012173656087695288,0.011664961328690533,9.111865685812791,9.70577761162085,2.7310337747427953,2.4231708735526607,1.1239197359345998,1.0307751571720127,2.7310337747427953,2.4231708735526607,45.30988274706868,50.2159977703456,0.015759257661579783,0.775,0.000125
64,16.06899542731323,14.189728398785544,0.012085431172719952,0.01188825922961053,8.815727674248896,8.065887393760043,2.7319361368815103,2.395619353721772,1.1247357810961343,1.0322767637645123,2.7319361368815103,2.395619353721772,45.203447794528195,50.09754738015607,0.01676069528362651,0.7875,0.000125
65,16.065206174674746,14.228456781061995,0.01225190634549596,0.011865349605870552,8.135846923410659,8.38443203461476,2.7318930546043307,2.400626529153507,1.1242177941025735,1.0319867725489265,2.7318930546043307,2.400626529153507,45.238344500279176,50.33444816053512,0.01782892012209292,0.8,0.000125
66,16.078543393056798,14.313572436006305,0.012274872677505749,0.011947379411180549,8.291546979208753,8.309869827899911,2.731965300359252,2.4173538892165474,1.1245830515654376,1.028616073205984,2.731965300359252,2.4173538892165474,45.264517029592405,50.675863991081386,0.01896822375212947,0.8125,0.000125
67,16.084273491140053,14.242892856449055,0.012297412904217582,0.012026790317683715,7.948918451749034,7.78503521203729,2.732745062233282,2.4016453494196353,1.1239082739381134,1.03275643848921,2.732745062233282,2.4016453494196353,44.964405360134,49.811872909699,0.02018315081963641,0.8250000000000001,0.000125
68,16.094832866568595,14.226809079564667,0.012250963497609483,0.011739906161367362,7.420044134875904,7.2310398339959425,2.734917319865948,2.4008579682081175,1.124311898022241,1.0277337016602157,2.734917319865948,2.4008579682081175,45.22613065326633,50.68283166109253,0.02147851077219972,0.8375,0.000125
69,16.090106669116594,14.32708017376886,0.01209240785260679,0.011741516347496938,6.987108716213923,7.199127527915248,2.734048235023707,2.4179730488438005,1.1240260346118196,1.0304528703391884,2.734048235023707,2.4179730488438005,45.26626186487995,50.04180602006689,0.02285938966519435,0.8500000000000001,0.000125
70,16.085409191052783,14.292186940128323,0.012190047746689575,0.011841179916184549,6.623410388386363,6.542528357659959,2.73260878957496,2.412487687607407,1.1245099659541145,1.0293599745900337,2.73260878957496,2.412487687607407,45.23136515912898,50.52954292084727,0.024331161960500128,0.8624999999999999,0.000125
71,16.099423775920517,14.249255697065372,0.012188699927923567,0.011899497482506195,6.440941911246909,6.415402857887838,2.734075896637457,2.401225797042932,1.1250192141279969,1.03253571577827,2.734075896637457,2.401225797042932,45.15459240647683,50.480769230769226,0.025899502220466917,0.875,6.25e-05
72,16.097360305317547,14.256671016697368,0.012247945763907041,0.011864155794648555,6.175468605101142,6.116690075384201,2.7332541493980798,2.4038578336985745,1.124290738739427,1.0284390239545467,2.7332541493980798,2.4038578336985745,45.51751814628699,50.7803790412486,0.027570396583288997,0.8875,6.25e-05
73,16.09207967377987,14.235726150249025,0.012294304119823433,0.011924590857298743,5.893189157073821,5.879823691071476,2.731180155630021,2.3983219148323287,1.1254593055385373,1.0298091059544414,2.731180155630021,2.3983219148323287,45.18250977107761,50.397157190635454,0.02935015388771569,0.8999999999999999,6.25e-05
74,16.093631466429436,14.270835216228779,0.012268981696140293,0.011923488442357235,5.7007410138895365,5.688138804441046,2.7309455000974823,2.4034748873450154,1.1242564761525489,1.0319045209964381,2.7309455000974823,2.4034748873450154,45.1929787828029,50.15328874024526,0.031245416294963513,0.9125,6.25e-05
75,16.10891923579605,14.259068842051153,0.012185332287853819,0.011871661153002129,5.559115040841414,5.345586236636907,2.7323187487808305,2.4014167507888216,1.1251131692856533,1.031151135031595,2.7323187487808305,2.4014167507888216,45.08654383026242,50.37625418060201,0.03326316923375208,0.925,6.25e-05
76,16.113645443897685,14.283086891557062,0.012230335399383676,0.01184560983870573,5.221988216849561,5.195161289461746,2.733261810209018,2.4051535703665436,1.1250957557437542,1.0307544828657322,2.733261810209018,2.4051535703665436,44.99930206588498,50.25780379041248,0.03541075047054494,0.9375,6.25e-05
77,16.129627513193274,14.254614520631108,0.012246704740956267,0.011909190412722901,5.024086513977221,5.071364775947902,2.735376161014082,2.3975297192666045,1.1255563674593425,1.0319436114767324,2.735376161014082,2.3975297192666045,45.1214405360134,50.42502787068004,0.03769585808135771,0.95,6.25e-05
78,16.13320169922761,14.258316456806433,0.012171181145533378,0.01189303617413626,4.874104150242808,4.785358970114752,2.73510643438811,2.39795085884124,1.124958686160349,1.0323245454924295,2.73510643438811,2.39795085884124,45.37967615857063,49.937290969899664,0.04012655707396759,0.9625,6.25e-05
79,16.137872888681144,14.279382418629318,0.012135684221363114,0.011818916368668893,4.592733942550497,4.638609989298095,2.735743674667503,2.4009835732023053,1.1254286324758227,1.0322623131931692,2.735743674667503,2.4009835732023053,45.302903405918485,50.16722408026756,0.042711284380164326,0.9750000000000001,6.25e-05
80,16.14232869683398,14.31203446553038,0.01210791956464849,0.011853929815674772,4.414736037411416,4.417169424203726,2.7357104417001117,2.4069428788113885,1.1254898333669308,1.0323333133556107,2.7357104417001117,2.4069428788113885,44.94346733668342,50.32748049052397,0.04545885190702477,0.9875,6.25e-05
81,16.14912519023646,14.295114098318178,0.012188847496531516,0.011758409668935448,4.2565006040981,4.273889680637033,2.7358649876582297,2.402883399689078,1.125844277994783,1.0310872763295635,2.7358649876582297,2.402883399689078,44.86843941931882,50.132385730211816,0.04837844730438921,1.0,6.25e-05
82,16.17235792342143,14.27132676995319,0.012137640795932011,0.011849054437516923,4.187802582862722,4.06160410697112,2.738655886125591,2.397069091913825,1.1256771769222769,1.032521198093559,2.738655886125591,2.397069091913825,45.009771077610274,50.055741360089186,0.05147963207317804,1.0125000000000002,3.125e-05
83,16.161698271614554,14.324808771394965,0.0122013991445902,0.0119444257647231,3.9735311857486555,3.896625606511349,2.736040364824015,2.4066240020686034,1.1258277557603078,1.0331585362071842,2.736040364824015,2.4066240020686034,45.189489112227804,49.83277591973244,0.054772336606460324,1.025,3.125e-05
84,16.18172512554976,14.278616902022856,0.012198680331634118,0.011853564926189523,3.8879330923675757,3.7740721981660976,2.7382471866277527,2.396894210158383,1.1258764113213748,1.031194485017953,2.7382471866277527,2.396894210158383,45.21391680625349,50.236900780379045,0.05826685172296986,1.0374999999999999,3.125e-05
85,16.18260296385492,14.34060964084655,0.012175214158122531,0.011881614653154826,3.6954897452439095,3.6370557603761635,2.737839503104563,2.4076984924084632,1.1261033116606345,1.0324167142079161,2.737839503104563,2.4076984924084632,45.10748185371301,50.111482720178365,0.061973816221918936,1.05,3.125e-05
86,16.208500653921327,14.35005643987071,0.01227895529459203,0.011930579435881829,3.59498428992224,3.5072195253510405,2.741188334726475,2.4075927818100586,1.1266777493446516,1.0345107291055762,2.741188334726475,2.4075927818100586,44.964405360134,49.29626532887402,0.0659041999595354,1.0625,3.125e-05
87,16.203654065070907,14.346050228429347,0.012305061381761585,0.011980599406047608,3.4559555800516204,3.3972930334084808,2.739689430133515,2.4052600445954697,1.12537274388612,1.034861697135296,2.739689430133515,2.4052600445954697,45.09526800670017,50.0,0.07006928192300346,1.075,3.125e-05
88,16.221274194871828,14.387506626388566,0.012327035096547312,0.012000034245534684,3.342194248084447,3.32527144590482,2.741611723923803,2.412351529600894,1.1259799188638386,1.0330403259100855,2.741611723923803,2.412351529600894,44.969639865996655,50.18115942028986,0.07448062275788417,1.0875,3.125e-05
89,16.230538916148532,14.328273552051488,0.012346728469829097,0.012032669109220687,3.254195823807879,3.1214849058468075,2.741478597565379,2.400538145366188,1.1266147529925798,1.033242262393203,2.741478597565379,2.400538145366188,44.81958403126745,50.188127090301,0.07915003119233222,1.1,3.125e-05
90,16.249039880527857,14.372178038360017,0.012314416580463774,0.011969140447352243,3.17827861273109,3.0872936966427194,2.7432816320128577,2.406433934352071,1.1265286718381309,1.034215084685131,2.7432816320128577,2.406433934352071,44.89810161920715,49.48439241917503,0.08408952379742846,1.1125,3.125e-05
91,16.25354072276871,14.369481888370238,0.012285346283859744,0.011976793611893553,3.048052016348229,2.93032429290057,2.743414227087893,2.4053596348533928,1.12597941660069,1.03449797278131,2.743414227087893,2.4053596348533928,45.009771077610274,49.616778149386846,0.08931127752985135,1.125,3.125e-05
92,16.255047214557045,14.431664743285248,0.012345925764930042,0.0120660914398871,2.8957161831496347,2.7881274736312984,2.7427895685469617,2.417044391334389,1.1270798582527506,1.034992712729485,2.7427895685469617,2.417044391334389,44.840522054718036,49.55406911928651,0.09482757452325188,1.1375,3.125e-05
93,16.266756920359242,14.384373587243665,0.01236365883419262,0.011990510007219105,2.7671877331470127,2.7493701036957194,2.7444990049987315,2.405438757128806,1.126689375611672,1.034231600686991,2.7444990049987315,2.405438757128806,44.91031546621999,49.951226309921964,0.10065073863056549,1.1500000000000001,1.5625e-05
94,16.2903309305043,14.403923885213624,0.01233902324972823,0.012020823547830484,2.7282286341266215,2.6391832825863775,2.746455677789659,2.407528745157929,1.127178837173415,1.0362064554008221,2.746455677789659,2.407528745157929,44.9678950307091,49.254459308807135,0.10679306327368195,1.1625,1.5625e-05
95,16.29636655207921,14.438333483709805,0.01233554058170049,0.011986609011547954,2.6187174143170857,2.618230714181328,2.7466753125523535,2.4115632244841576,1.1270204447022634,1.0359862066697383,2.7466753125523535,2.4115632244841576,44.99406756002233,50.27173913043478,0.11326673023201543,1.1749999999999998,1.5625e-05
96,16.319869039845425,14.415558119681368,0.012340165730326586,0.012043397958777687,2.580245936669031,2.522154361242169,2.7485833008285345,2.4058591640380977,1.1273834204154598,1.0356745967763987,2.7485833008285345,2.4058591640380977,44.85971524288107,49.63071348940914,0.12008371910009542,1.1875,1.5625e-05
97,16.330510752351508,14.416387653669785,0.012398867027044696,0.012044973589413475,2.487770174549386,2.4503433178101095,2.749486436795949,2.404474269852059,1.1270483668991336,1.0350755868415238,2.749486436795949,2.404474269852059,45.00104690117253,49.66555183946488,0.12725570726865484,1.2,1.5625e-05
98,16.34511536662636,14.5013876833113,0.01242957947570841,0.012070252203954634,2.4018984092539877,2.347619585103149,2.750532076919232,2.4198663241355582,1.12813197208609,1.0367704449821609,2.750532076919232,2.4198663241355582,44.7463009491904,49.67948717948718,0.1347939604357496,1.2125,1.5625e-05
99,16.359460193840636,14.513177399651262,0.012401596886911318,0.012084533693009328,2.296476477288055,2.215290768622289,2.7528100777843822,2.4217146599173147,1.127639934578666,1.0381886283290824,2.7528100777843822,2.4217146599173147,44.79166666666667,48.968784838350054,0.14270921383558732,1.225,1.5625e-05
100,16.34831146099659,14.491353403897323,0.012420382455723503,0.012108249382148087,2.1989631101713707,2.150198128709825,2.7494856556456293,2.416236696434659,1.1281969989896952,1.036678500598091,2.7494856556456293,2.416236696434659,44.379885538805134,49.03846153846153,0.15101154458355748,1.2375,1.5625e-05
101,16.409889404365032,14.485105273184038,0.01238828089237962,0.012026807905871467,2.1283364245373733,2.0946690487356623,2.7602170288462933,2.41309512286149,1.1282494551372688,1.0365313641735276,2.7602170288462933,2.41309512286149,44.486320491345616,49.51226309921962,0.15971023577603422,1.25,1.5625e-05
102,16.41237773394731,14.515032642794027,0.012369945559012097,0.01207447400131785,2.0555157129622117,2.0178712411070348,2.759148605704507,2.4176888354247232,1.1286328485197092,1.036934914065311,2.759148605704507,2.4176888354247232,44.36243718592965,49.51226309921962,0.1688136332512095,1.2625,1.5625e-05
103,16.44010664483544,14.572883052039174,0.012348095307647683,0.01198883506042702,1.9966515212801832,1.9760858883692933,2.7627843210379015,2.426859009890519,1.128888064959008,1.0371028400849605,2.7627843210379015,2.426859009890519,44.61020379676159,49.352006688963215,0.17832899620936177,1.275,1.5625e-05
104,16.416735047404824,14.593453896351349,0.012339749038614654,0.01199663308352531,1.9392790496182934,1.8871559127916062,2.756137818347669,2.4296905476114024,1.129306515191002,1.038862002467365,2.756137818347669,2.4296905476114024,44.346733668341706,49.30323299888517,0.1882623432027455,1.2875,7.8125e-06
105,16.46665054802652,14.599056864794813,0.012318031617457443,0.011947163574837787,1.8814391118730664,1.8605755404086417,2.764677830077895,2.4284208907996,1.128627591396696,1.0377304764628543,2.764677830077895,2.4284208907996,44.60322445561139,49.37290969899665,0.1986182953299768,1.3,7.8125e-06
106,16.465965112849098,14.579038632753303,0.012337311858437136,0.012021089154383876,1.8141011103513454,1.7805081519527712,2.7633525615694268,2.423701269305005,1.1284961713085888,1.0378364676084273,2.7633525615694268,2.423701269305005,44.5857761027359,49.28232998885173,0.20939991879871886,1.3125,7.8125e-06
107,16.482772941099473,14.598503763460394,0.012347524577989917,0.01200351014176805,1.751205403201744,1.709648855819617,2.7649753805913453,2.426889564414221,1.1296088159716642,1.0374446232847812,2.7649753805913453,2.426889564414221,44.16178112786153,49.10117056856188,0.22060856934294185,1.3250000000000002,7.8125e-06
108,16.497932914380318,14.609836713393264,0.012355900688345441,0.012042312036655685,1.6897984920833977,1.6541398092522934,2.766685595531027,2.427280708698923,1.1298519383589694,1.0386135730323451,2.766685595531027,2.427280708698923,44.39907872696817,48.822463768115945,0.2322437412844814,1.3375000000000001,7.8125e-06
109,16.509773021700127,14.657126074783513,0.012371224772428448,0.012068866370007014,1.6164118878206415,1.5823653811462215,2.7685188935629688,2.435960967936776,1.1299565957286117,1.0393379323325693,2.7685188935629688,2.435960967936776,44.29787828029034,48.54375696767001,0.2443029242988262,1.35,7.8125e-06
110,16.520417695335674,14.648382841809804,0.012392766382659633,0.01207347814857528,1.5557181166910312,1.5259202652285861,2.769644887536548,2.432817187729222,1.1301604531318499,1.0401976785665106,2.769644887536548,2.432817187729222,44.41303740926856,48.39046822742475,0.2567814711665667,1.3625,7.8125e-06
111,16.554574706579707,14.656534826476438,0.012408760386674614,0.012082461010220324,1.5066144904366157,1.463018450051247,2.7748427032958456,2.433635281081184,1.130829980225619,1.0408700567689892,2.7748427032958456,2.433635281081184,44.282174762702404,48.52982162764771,0.26967247994862514,1.375,7.8125e-06
112,16.543671648972264,14.659714106599091,0.012414423086368991,0.012085051902901036,1.440531789091697,1.3959199071860766,2.7722429716673593,2.433919415824788,1.1312099211978752,1.0415165689477952,2.7722429716673593,2.433919415824788,43.98380792853155,48.801560758082495,0.2829666940992178,1.3875000000000002,7.8125e-06
113,16.580719812032164,14.711162724489618,0.01239144271484039,0.012069908993416274,1.3756022204373017,1.342975677588047,2.779830241456237,2.443601784764591,1.13055072304658,1.0413434479547583,2.779830241456237,2.443601784764591,44.02568397543271,48.13963210702341,0.2966524240104547,1.4000000000000001,7.8125e-06
114,16.600046802139495,14.67667212959383,0.0123803604587638,0.012065855232809765,1.3216143279419073,1.279527390149392,2.7828514215202054,2.4368640751875894,1.1313816699683499,1.0413584436062586,2.7828514215202054,2.4368640751875894,43.948911222780566,48.57859531772576,0.31071549335351517,1.4124999999999999,7.8125e-06
115,16.567583685810508,14.705225406548916,0.012364795150693936,0.012031347121225219,1.2742763726422401,1.248013278180806,2.775719643304762,2.4409473003485265,1.1311517201742602,1.04133975970971,2.775719643304762,2.4409473003485265,43.859924623115575,48.24414715719064,0.32513921333353524,1.4249999999999998,3.90625e-06
116,16.612506379767012,14.714015714035119,0.01233491278708497,0.012040075776452736,1.2445215935949372,1.2160616880542325,2.783014573976356,2.441287924214749,1.1310401056679449,1.0410956744366267,2.783014573976356,2.441287924214749,44.03615298715801,48.968784838350054,0.33990438760294867,1.4375,3.90625e-06
117,16.63164967335116,14.759039823559748,0.012361961825621288,0.012057075105657346,1.2074766887891633,1.182707473452939,2.785475212392163,2.4488858327419063,1.1316351228955737,1.0413525422148349,2.785475212392163,2.4488858327419063,43.86341429369068,48.627369007803786,0.35498935008043037,1.45,3.90625e-06
118,16.64959682718061,14.733800642998057,0.012357874606002283,0.012047700505026739,1.1774312235801863,1.154958396718122,2.7876886228553945,2.4416754931510494,1.1313552985572068,1.0428066864991798,2.7876886228553945,2.4416754931510494,43.84945561139028,48.02814938684504,0.37037003730516643,1.4625,3.90625e-06
119,16.64842007454383,14.757054881773133,0.0123932841189709,0.012107885463439435,1.1392128860930502,1.1097800287780422,2.786760236749697,2.4462606496236794,1.1312332816925348,1.0426231641966097,2.786760236749697,2.4462606496236794,44.091987716359576,48.634336677814936,0.386020096230718,1.4749999999999999,3.90625e-06
120,16.690236567119722,14.811765367769476,0.012381054046041203,0.012058759110262296,1.1009343829919078,1.0753787369898198,2.7943266689411295,2.456457104837084,1.13187225902633,1.0426072867020317,2.7943266689411295,2.456457104837084,43.680206588498045,48.06995540691193,0.40191102754766045,1.4874999999999998,3.90625e-06
121,16.686086234002723,14.776051898730904,0.012363424773225567,0.012059797463292794,1.063595127952891,1.0360580170433658,2.793126717550937,2.4489075063728833,1.131746671307626,1.0431847485943118,2.793126717550937,2.4489075063728833,43.9715940815187,48.05602006688963,0.4180123637441476,1.5,3.90625e-06
122,16.68010471893515,14.851311017039627,0.012351354896618726,0.01204842526814511,1.0228682295161875,0.9969125436567011,2.791782254150365,2.4639172216455805,1.1323093632490924,1.043362719757501,2.791782254150365,2.4639172216455805,43.5999441652708,48.09782608695652,0.4342918801987562,1.5125,3.90625e-06
123,16.694170728733525,14.769690685846335,0.012372370003834409,0.012081730231401846,0.9815110802850132,0.9567515947746992,2.7946976168338047,2.4480254150420393,1.132963838489411,1.0431293704305074,2.7946976168338047,2.4480254150420393,43.76395868230039,47.73550724637681,0.4507158366848345,1.525,3.90625e-06
124,16.72343803769979,14.810066634595993,0.012389830356783071,0.012074502853628917,0.9445273927108726,0.9214445858894782,2.800428821812922,2.4559613483539526,1.1337871861018527,1.04382055612445,2.800428821812922,2.4559613483539526,43.496998883305416,47.52647714604236,0.46724924578711996,1.5375,3.90625e-06
125,16.71059904465923,14.755027836913381,0.012388015540846063,0.012109849809636771,0.9085857603285048,0.8801266513806388,2.7985097776239374,2.445542415381807,1.1330186368232995,1.044675562227583,2.7985097776239374,2.445542415381807,43.615647682858736,47.97240802675585,0.4838561639271581,1.55,3.90625e-06
126,16.737562232813577,14.853079533231432,0.012395315896667694,0.012067412564047138,0.8783871437303851,0.8629478211519843,2.8036522183719126,2.463977873258899,1.1336365249954343,1.0446087115318614,2.8036522183719126,2.463977873258899,43.43418481295366,48.17447045707915,0.5005,1.5625,1.953125e-06
127,16.748034464986812,14.857828190228346,0.012400517023326065,0.012104126981925738,0.858874989913736,0.8414768987276083,2.8048328645132163,2.463987249594468,1.1336538436890713,1.0453115953516667,2.8048328645132163,2.463987249594468,43.55283361250698,47.61008918617614,0.5171438360728421,1.575,1.953125e-06
128,16.733140650439836,14.813664365107133,0.012403671868407547,0.012072892238696417,0.837492292550341,0.820975874977367,2.8013631106088575,2.455383390487237,1.1334546721893473,1.0432390221783947,2.8013631106088575,2.455383390487237,43.360901730876606,47.85395763656633,0.53375075421288,1.5875,1.953125e-06
129,16.76351626154965,14.866464874284588,0.012407311882110264,0.012083296278863315,0.8166413363433297,0.8006994695700663,2.806653862622515,2.4647978045868633,1.1342274271396868,1.0448901424041162,2.806653862622515,2.4647978045868633,43.353922389726414,47.54738015607581,0.5502841633151655,1.6,1.953125e-06
130,16.75960837150672,14.787287865195387,0.01241647073554966,0.01210798578982635,0.7958231418576073,0.7783712655006843,2.8057450321651185,2.448309229634943,1.1337336664556592,1.0462621895631685,2.8057450321651185,2.448309229634943,43.207356225572305,46.62068004459309,0.5667081198012437,1.6125,1.953125e-06
131,16.763551887755018,14.92138863035136,0.012417006241870053,0.012117599809922303,0.7736031242351437,0.7566713755213165,2.806374921804031,2.47502264410357,1.1341296240046728,1.0465138540618795,2.806374921804031,2.47502264410357,43.31553601340033,47.51950947603121,0.5829876362558524,1.625,1.953125e-06
132,16.791436846598376,14.899489716409706,0.012411308648519213,0.012094611503441332,0.7534495933571054,0.7358977223186854,2.8118607437457537,2.470872100380352,1.1341692608604879,1.0460830786688007,2.8118607437457537,2.470872100380352,43.214335566722504,47.421962095875145,0.5990889724523396,1.6375000000000002,1.953125e-06
133,16.807122765673665,14.836677397108131,0.01244387900719907,0.012119165798202738,0.7303109331745997,0.7146067603376,2.8152844502498557,2.4585304451626677,1.1345650197273522,1.046218554577567,2.8152844502498557,2.4585304451626677,43.04683137911781,47.324414715719065,0.6149799037692819,1.6500000000000001,1.953125e-06
134,16.804466461616144,14.857928682197562,0.012409725599822919,0.01210531257944329,0.7106201047340895,0.696214338475911,2.815275316328925,2.462784323272365,1.133770912203424,1.0464241098002047,2.815275316328925,2.462784323272365,43.40975711892797,47.01086956521739,0.6306299626948335,1.6625,1.953125e-06
135,16.8201007571452,14.883241745939223,0.012424181928907041,0.01209583329690938,0.692245124772166,0.6772266486815386,2.818038274029125,2.468091701982811,1.135143730042701,1.0465958308482515,2.818038274029125,2.468091701982811,43.081728084868786,47.10841694537346,0.6460106499195698,1.675,1.953125e-06
136,16.8190908053945,14.878691807239749,0.01241525526286952,0.012135740278191125,0.6728270162356625,0.6566359962242238,2.8185533538735292,2.4677114933230806,1.1345528965885583,1.0469497171134057,2.8185533538735292,2.4677114933230806,43.17943886097152,47.240802675585286,0.6610956123970513,1.6875,1.953125e-06
137,16.820486202910917,14.926836687851377,0.012429609712752,0.012156045285480277,0.656862108152316,0.6466976017457585,2.8189882786163465,2.4760635531732738,1.1345839322711555,1.048642684451181,2.8189882786163465,2.4760635531732738,42.992741485203794,46.82971014492754,0.6758607866664649,1.7000000000000002,9.765625e-07
138,16.826926717539862,14.888290296828867,0.012435411092149752,0.012141878250467206,0.6459254521620733,0.6350343038671658,2.819641166795638,2.4683527975709674,1.1352065781652427,1.04801508820841,2.819641166795638,2.4683527975709674,43.153266331658294,47.150222965440356,0.6902845066464848,1.7125000000000001,9.765625e-07
139,16.812389152267006,14.919031347319434,0.012426943984662668,0.012139561792696466,0.6347675093188091,0.6241191529908706,2.8164689286603135,2.474660406941953,1.1352603259797471,1.0469964718738927,2.8164689286603135,2.474660406941953,43.247487437185924,46.948160535117054,0.7043475759895453,1.7249999999999999,9.765625e-07
140,16.832535836897637,14.884079832164208,0.012427535584058128,0.012126327281529157,0.6244009714230421,0.6133629370028093,2.820201567868691,2.467120493136122,1.1353799072741664,1.0479680269856915,2.820201567868691,2.467120493136122,43.17594919039643,46.355908584169455,0.7180333059007823,1.7374999999999998,9.765625e-07
141,16.82334159433609,14.913429711043104,0.012430587779815839,0.012143082971764581,0.6124920086245641,0.6014147381585843,2.818640487677288,2.4735038814736052,1.1348881454590245,1.0469680790651337,2.818640487677288,2.4735038814736052,42.809533780011165,46.64855072463768,0.7313275200513749,1.75,9.765625e-07
142,16.882275492435458,14.915382724408987,0.012440598896891295,0.012127907299867508,0.6016964224182249,0.5922014795683964,2.8304893274269975,2.47352840137588,1.1347972984622805,1.0474427429462887,2.8304893274269975,2.47352840137588,42.952610273590174,47.29654403567447,0.7442185288334333,1.7625,9.765625e-07
143,16.851630825892563,14.959684163564557,0.012421956319114405,0.012118365846100859,0.592080799711942,0.581864221970506,2.824082661047786,2.482159096527525,1.13538487153237,1.0482376987320126,2.824082661047786,2.482159096527525,42.72054718034617,47.038740245261984,0.7566970757011737,1.775,9.765625e-07
144,16.85024693956061,14.960534767695227,0.012455031015748488,0.012117283727138935,0.5813430916790454,0.5707806433190736,2.8237695976184907,2.48243106036149,1.136016409467679,1.0487355217088425,2.8237695976184907,2.48243106036149,42.856644332774984,47.10144927536232,0.7687562587155186,1.7874999999999999,9.765625e-07
145,16.878994865566575,14.856413036418733,0.012433701027382326,0.012108955735812086,0.5703487995614691,0.560667305154811,2.830069101169614,2.46184590721343,1.1355601547151755,1.048767265534587,2.830069101169614,2.46184590721343,42.9822724734785,46.83667781493868,0.7803914306570582,1.7999999999999998,9.765625e-07
146,16.861669175122984,14.926116746670692,0.01243883040892236,0.01214858138915089,0.5598642591289273,0.5500689206713418,2.826866583076021,2.475904129154839,1.1358544271395634,1.049506417484985,2.826866583076021,2.475904129154839,42.57572585147962,46.704292084726866,0.7916000812012811,1.8125,9.765625e-07
147,16.869748583590766,14.917041393692545,0.012448669634322625,0.012144365574263344,0.549768610815307,0.5399154464536686,2.828810135124117,2.4748557740895114,1.136062479764639,1.0486999745485908,2.828810135124117,2.4748557740895114,42.6106225572306,46.704292084726866,0.8023817046700232,1.825,9.765625e-07
148,16.86922213406885,14.916646678843758,0.012442584588420683,0.01210884616680136,0.541877217295448,0.5345499543109732,2.8290939211246355,2.4749996340527316,1.1354529289877129,1.047545382742632,2.8290939211246355,2.4749996340527316,42.92992741485204,47.26867335562987,0.8127376567972545,1.8375,4.8828125e-07
149,16.85581768723855,14.938810304920278,0.012446021326801452,0.012123642871395135,0.5366327014467291,0.5294545309134284,2.8260286095287466,2.478519697253122,1.1358782456348488,1.0492606163024902,2.8260286095287466,2.478519697253122,42.78510608598548,46.857580824972125,0.8226710037906383,1.85,4.8828125e-07
150,16.860912662721226,14.97570252604575,0.012448439039685153,0.012149149564446814,0.5313863838803895,0.5240223431334714,2.826997770403165,2.486065962641534,1.1356314424028082,1.0485697033811971,2.826997770403165,2.486065962641534,42.65075376884422,46.857580824972125,0.8321863667487907,1.8625,4.8828125e-07
151,16.861178346481623,14.977754307962714,0.012447563646385152,0.012158911493518613,0.5261126301729233,0.5185509267592244,2.8269494624859393,2.4861682527174254,1.1356851398978134,1.0492513123297504,2.8269494624859393,2.4861682527174254,42.79731993299832,46.328037904124855,0.8412897642239657,1.875,4.8828125e-07
152,16.870065071408405,14.9371347140309,0.012454638063662182,0.01212215098918913,0.520313586654908,0.5130250510098278,2.82883584093342,2.478594835519525,1.135585313799127,1.0479865174495522,2.82883584093342,2.478594835519525,42.98750697934115,47.240802675585286,0.8499884554164426,1.8875,4.8828125e-07
153,16.875461243970776,14.902622775755066,0.01244971028719948,0.012120887020409706,0.5152265310686837,0.507838482707905,2.829883713884636,2.4713179104304235,1.1356894022788768,1.0490196596419932,2.829883713884636,2.4713179104304235,42.622836404243444,47.19202898550724,0.8582907861644128,1.9,4.8828125e-07
154,16.871255284644317,14.91298367639582,0.012429988601919429,0.012104941032610941,0.5097940730888839,0.5026575641222755,2.829021435353691,2.4735382738187828,1.136065679645485,1.048891154951608,2.829021435353691,2.4735382738187828,42.58096035734227,46.941192865105904,0.8662060395642505,1.9125,4.8828125e-07
155,16.882952615577107,14.953932348568172,0.01244591147857778,0.012158979780124781,0.504377642684912,0.4972394569927501,2.83150142374683,2.4820787300632947,1.136151225057013,1.0484597561351432,2.83150142374683,2.4820787300632947,42.72403685092127,47.394091415830545,0.8737442927313451,1.925,4.8828125e-07
156,16.856730632047157,14.939810322279914,0.012461943435937681,0.012142432302261476,0.4990003579558772,0.49158666424926706,2.8265124337757053,2.4792857376096507,1.1360644715781454,1.0490962962641763,2.8265124337757053,2.4792857376096507,42.69960915689559,46.885451505016725,0.8809162808999045,1.9375,4.8828125e-07
157,16.90815170113432,14.968889865853981,0.012452385927036213,0.012137975399418752,0.4936602055061336,0.4866543336789079,2.8369984461700763,2.485129724909762,1.1362342343924101,1.0495419896964644,2.8369984461700763,2.485129724909762,42.678671133445,46.48829431438127,0.8877332697679846,1.9500000000000002,4.8828125e-07
158,16.844961704188123,14.976730585895654,0.012443329791560778,0.012155388284644887,0.48834939791063303,0.481083429909603,2.824762222688335,2.4873253834021662,1.1360109038089388,1.048880047423385,2.824762222688335,2.4873253834021662,42.530360134003345,46.66248606465998,0.8942069367263181,1.9625000000000001,4.8828125e-07
159,16.878526500188592,14.93222653825945,0.012463740054424384,0.012146307906154605,0.4841785383151271,0.4783483203770458,2.8314789266708775,2.478066943295159,1.1363691681260706,1.0495324811276252,2.8314789266708775,2.478066943295159,42.73101619207147,45.70094760312152,0.9003492613694345,1.975,2.44140625e-07
160,16.87135350298176,14.954982504531026,0.012466313867579619,0.012133158817098226,0.4814324403927354,0.4757776964069609,2.8301393843309497,2.4827019788216855,1.1359647270156843,1.0491014065816915,2.8301393843309497,2.4827019788216855,42.63853992183138,46.13991081382386,0.9061724254767481,1.9875,2.44140625e-07
161,16.864362124022925,14.917471224381906,0.012455484570362326,0.012151174444534972,0.4788406354165623,0.4731392728179328,2.828603683138346,2.474955214305865,1.1361672989420888,1.0495941269490765,2.828603683138346,2.474955214305865,42.7606783919598,45.92391304347826,0.9116887224701488,2.0,2.44140625e-07
162,16.873420932584473,14.94239344113115,0.012456245931507088,0.012142541011589826,0.4763127831624647,0.47058075945512906,2.8303211651189177,2.480399096822792,1.136311347427347,1.0483874603524521,2.8303211651189177,2.480399096822792,42.61934673366834,47.34531772575251,0.9169104762025716,2.0125,2.44140625e-07
163,16.875513313204,14.943366364358925,0.012474080971491563,0.012149288346046123,0.47364375341344583,0.4679280125443619,2.830694831861989,2.480033526319591,1.136468298271473,1.0498450186473205,2.830694831861989,2.480033526319591,42.62109156895589,45.92391304347826,0.9218499688076679,2.0250000000000004,2.44140625e-07
164,16.886821515729213,15.01017221984523,0.01245836537416623,0.012145604776299519,0.4709643799455921,0.4653068427058765,2.8332155622762385,2.493666522744773,1.1359638428302001,1.0492890875209269,2.8332155622762385,2.493666522744773,42.6751814628699,46.47435897435898,0.9265193772421157,2.0374999999999996,2.44140625e-07
165,16.873505614177933,14.947068817240737,0.012452451758698203,0.012143388201577076,0.46823106427421657,0.46257732341786556,2.8304874915640026,2.48068973478532,1.136362512373911,1.0504246863101505,2.8304874915640026,2.48068973478532,42.59142936906756,46.787904124860646,0.9309307180769967,2.05,2.44140625e-07
166,16.866707333767632,14.960096448560224,0.012457941042593176,0.012157268358089253,0.4656233948612266,0.4599831199632706,2.8290808260740348,2.4838552772666564,1.1367213620213008,1.0492672415880056,2.8290808260740348,2.4838552772666564,42.24420714684533,46.05629877369008,0.9350958000404647,2.0625,2.44140625e-07
167,16.882411101621866,14.983183930948826,0.012461348785173786,0.01219057063120464,0.4630215406617527,0.45731942925431923,2.8324921417342823,2.488674757206852,1.136349837983673,1.0490923501310274,2.8324921417342823,2.488674757206852,42.58445002791736,46.67642140468227,0.939026183778081,2.0749999999999997,2.44140625e-07
168,16.87940138961136,14.933427863828049,0.012469785268736211,0.012157540620951483,0.46031093871972867,0.45460265256888094,2.832158019993972,2.4788640431868725,1.1360955708257183,1.0491905040299747,2.832158019993972,2.4788640431868725,42.84443048576214,46.47435897435898,0.9427331482770301,2.0875,2.44140625e-07
169,16.87519263049732,15.004558252783257,0.012465358006657169,0.012140245643032168,0.45756192123470596,0.4519727670295847,2.831522280247367,2.4927797972690833,1.1360790599730346,1.050424914562051,2.831522280247367,2.4927797972690833,42.68041596873255,46.04933110367893,0.9462276633935397,2.1,2.44140625e-07
170,16.90284087576725,14.922162599255277,0.01244303232525844,0.012151814713750196,0.4556686531425787,0.4507705224397589,2.8369827257195777,2.476533862127774,1.1364087894733628,1.0496628689792509,2.8369827257195777,2.476533862127774,42.63156058068118,46.341973244147155,0.9495203679268219,2.1125,1.220703125e-07
171,16.888209572456056,14.933170417479449,0.012461760130230938,0.01213925099882859,0.4544405447644671,0.4495155690372854,2.833894405599282,2.4783900581474687,1.1366829601897002,1.0504313100673417,2.833894405599282,2.4783900581474687,42.74497487437186,46.12597547380156,0.9526215526956109,2.125,1.220703125e-07
172,16.877964873875673,14.980997804282367,0.012466702345573556,0.012145572956630685,0.4531377261740612,0.4481526796634381,2.832048842788475,2.488298758748117,1.1361311154283005,1.049565007920515,2.832048842788475,2.488298758748117,42.65773310999442,46.335005574136005,0.9555411480929753,2.1375,1.220703125e-07
173,16.892318396512387,14.939992406030695,0.012456595860234457,0.012169932337101952,0.451753311454085,0.4467696223902197,2.834805926019955,2.479913163477495,1.1364610174526255,1.0500611966536064,2.834805926019955,2.479913163477495,42.64726409826912,46.495261984392414,0.9582887156198356,2.15,1.220703125e-07
174,16.901822133279925,14.994686898579166,0.012468104995891145,0.012160854697551416,0.45048309891733757,0.445590700891903,2.836814551563785,2.490915363581816,1.1362120365710449,1.0498965074253188,2.836814551563785,2.490915363581816,42.65773310999442,46.53706800445931,0.9608734429260324,2.1625,1.220703125e-07
175,16.896057087372697,14.958332231876708,0.012475687643853164,0.012137593023495596,0.44925552330357876,0.4443942300452038,2.835641984231375,2.4834668766561827,1.1363009051994397,1.0503867232015434,2.835641984231375,2.4834668766561827,42.748464544946955,46.10507246376812,0.9633041419186423,2.175,1.220703125e-07
176,16.890052878477267,14.95682644498521,0.012451942559250535,0.012193297506325619,0.44807368217401167,0.4430693473039795,2.8342931909577134,2.483501405088665,1.1367399378371332,1.0496515652939362,2.8342931909577134,2.483501405088665,42.58793969849246,46.64158305462654,0.9655892495294551,2.1875,1.220703125e-07
177,16.876888963112545,14.91988028969653,0.012459427658582885,0.012179688372988764,0.4466479120309096,0.4415859507278455,2.8320775935930755,2.4758627374834044,1.1359019752057287,1.0505239687104155,2.8320775935930755,2.4758627374834044,42.551298157453935,46.502229654403564,0.9677368307662478,2.2,1.220703125e-07
178,16.88875960558237,14.964257746370075,0.012480586482235868,0.012148313671807316,0.4451837520703199,0.44029122647500224,2.834253423510817,2.484707611991942,1.1366464625784034,1.0507984811911482,2.834253423510817,2.484707611991942,42.530360134003345,46.11204013377927,0.9697545837050365,2.2125,1.220703125e-07
179,16.901281566609224,14.975407216594105,0.012470373726802987,0.012160480398281893,0.4439473565499387,0.4391104479298544,2.836921657016995,2.4875328127489973,1.1364207554635624,1.049460546162349,2.836921657016995,2.4875328127489973,42.58096035734227,46.272296544035676,0.9716498461122843,2.225,1.220703125e-07
180,16.893541638509046,14.960739524866826,0.012476703877982515,0.012157492649013647,0.4426809116690469,0.4377896425583158,2.835158138951398,2.484454045061815,1.1371777792472137,1.0500771422582857,2.835158138951398,2.484454045061815,42.40647682858738,45.993589743589745,0.9734296034167109,2.2375,1.220703125e-07
181,16.88678998537133,14.938126537446328,0.012471140281202105,0.012187161875334272,0.44173282804201597,0.43718009582464246,2.8339944849594687,2.4801162458715362,1.136806262930567,1.0495318111900236,2.8339944849594687,2.4801162458715362,42.12904801786711,46.502229654403564,0.9751004977795331,2.25,6.103515625e-08
182,16.881064320728807,14.98183481563028,0.012477431882075063,0.012165850878733656,0.4411249908570269,0.4365666302018607,2.832893594691768,2.4888132665734095,1.136642942077151,1.0496107982419671,2.832893594691768,2.4888132665734095,42.554787828029035,46.48132664437013,0.9766688380394999,2.2625,6.103515625e-08
183,16.893523288132556,14.936525454356387,0.012458748556985528,0.012171055925355907,0.44047380613588477,0.4359141573260062,2.835401762403768,2.4799943988272712,1.1366052152989365,1.0489985028503996,2.835401762403768,2.4799943988272712,42.75020938023451,46.08416945373467,0.9781406103348056,2.275,6.103515625e-08
184,16.897742583989963,14.968915568280513,0.012473751333220288,0.012168062005686256,0.43984058915337393,0.4353247716142448,2.836135593357864,2.486316045789814,1.1368787567552943,1.0493786158237437,2.836135593357864,2.486316045789814,42.540829145728644,46.27926421404682,0.9795214892278004,2.2875,6.103515625e-08
185,16.918481185674533,14.993720744631627,0.012459014961001994,0.012153509955483602,0.43925203676665714,0.43467512470955566,2.8402866889883325,2.490934921879168,1.1368814471179316,1.050278015426436,2.8402866889883325,2.490934921879168,42.357621440536015,46.181716833890746,0.9808168491803635,2.3000000000000003,6.103515625e-08
186,16.90485327873464,14.963606932224371,0.012451897157405023,0.012154638666530848,0.4386162823768117,0.4340558810244702,2.837761380830868,2.485077986616222,1.1364297102044776,1.0499028313651664,2.837761380830868,2.485077986616222,42.78336125069793,45.819397993311036,0.9820317762478705,2.3125,6.103515625e-08
187,16.901899802092398,14.960719128782003,0.012486492653883316,0.012159754342525168,0.4379548912671343,0.4334198136127646,2.8369914188789696,2.4846854026500997,1.1369358193335222,1.0495032890717455,2.8369914188789696,2.4846854026500997,42.568746510329426,46.509197324414714,0.9831710798779071,2.325,6.103515625e-08
188,16.889718706417458,14.978208269695507,0.01247064066434093,0.012141302352565587,0.4373036355096358,0.432726230376806,2.8347302995401678,2.4879353183301927,1.1365925957542902,1.0502421154890837,2.8347302995401678,2.4879353183301927,42.57223618090452,46.10507246376812,0.9842393047163736,2.3375000000000004,6.103515625e-08
189,16.899295810079654,14.96933564108484,0.012475759791972615,0.012171259922377243,0.436679588457115,0.4321696307082373,2.8366893582474515,2.4865749379331317,1.1365693680471978,1.0492492465669894,2.8366893582474515,2.4865749379331317,42.605388051367946,46.13991081382386,0.9852407423384202,2.3499999999999996,6.103515625e-08
190,16.894918098854394,14.965039732729977,0.012478751266642465,0.012171679924978328,0.43609522085892694,0.43154182917165385,2.8358636083448485,2.4846848157735972,1.1365265960070356,1.0519331599291883,2.8358636083448485,2.4846848157735972,42.47103573422669,45.86817168338907,0.9861794428349041,2.3625,6.103515625e-08
191,16.885785232237236,14.937544300670474,0.01246204128772819,0.012146374791104725,0.43545553638973694,0.4309138959333915,2.8340914864436266,2.480407867941968,1.1365226680243368,1.04901052604418,2.8340914864436266,2.480407867941968,42.476270240089335,46.509197324414714,0.9870592261968348,2.375,6.103515625e-08
192,16.899336361738637,14.960583831421374,0.012463543856322,0.012164208697468674,0.4349855007005763,0.4306339924550774,2.8368353585435453,2.4840317054204184,1.1364904931641904,1.0514223671278426,2.8368353585435453,2.4840317054204184,42.697864321608044,45.380434782608695,0.98788369345071,2.3874999999999997,3.0517578125e-08
193,16.905263556241323,15.006760162387538,0.012481375913578228,0.012170801495711673,0.43469828327297166,0.4303084196587204,2.8377574845308167,2.4936592119061696,1.1371137900834374,1.0504330421902797,2.8377574845308167,2.4936592119061696,42.568746510329426,46.14687848383501,0.9886562375068311,2.4,3.0517578125e-08
194,16.89393957149776,14.945965395856197,0.01246442783692574,0.012145447027698208,0.4343722995634787,0.4299898405736904,2.8354616002754285,2.481499392319151,1.1372039176311526,1.0504497982054914,2.8354616002754285,2.481499392319151,42.81127861529871,45.90301003344482,0.9893800536907422,2.4125,3.0517578125e-08
195,16.891565546518194,14.951107120832871,0.012458763583467067,0.012146732536297179,0.43405465344887484,0.42968973504128133,2.835403161232595,2.4833307280854107,1.1361758144523497,1.0484444806009632,2.835403161232595,2.4833307280854107,42.3820491345617,46.606744704570794,0.9900581499349627,2.425,3.0517578125e-08
196,16.896394728549296,14.980774957067858,0.012448735763425436,0.012124216216206218,0.4337496463311311,0.4293618544421201,2.836208512968088,2.488470185161833,1.1365952759997795,1.0504668918474596,2.836208512968088,2.488470185161833,42.4535873813512,46.57190635451505,0.9906933566142784,2.4375,3.0517578125e-08
197,16.876742725595957,14.90501603686823,0.012480387585846024,0.012152347415727184,0.43342509529631873,0.4290517821426243,2.831893588363758,2.4736847324647764,1.1375725388460356,1.0495629951175107,2.831893588363758,2.4736847324647764,42.08717197096594,46.439520624303235,0.9912883360131113,2.45,3.0517578125e-08
198,16.900868185268042,14.980569409951983,0.012476334479361324,0.012163275092790358,0.43310216639975074,0.4287367960149495,2.8373076574952827,2.4887119260520043,1.1361415245757962,1.0498028400882564,2.8373076574952827,2.4887119260520043,42.79383026242323,46.606744704570794,0.9918455914179933,2.4625,3.0517578125e-08
199,16.9007178625536,14.93675779684996,0.012456661864536924,0.012154420063215222,0.4328232111210666,0.42846261302098515,2.837161488668803,2.4797688660148527,1.1364670471396945,1.050283305288823,2.837161488668803,2.4797688660148527,42.69437465103294,46.04236343366778,0.9923674758320122,2.475,3.0517578125e-08
200,16.89396979674356,14.929965259505222,0.012458984405197524,0.012156652977094137,0.4325330009479086,0.4281619524743113,2.8360840474208064,2.4785666170726253,1.1358237594682234,1.0499361093626374,2.8360840474208064,2.4785666170726253,42.888051367950865,46.63461538461539,0.9928562003113358,2.4875,3.0517578125e-08
201,16.888073719393134,14.939809469607894,0.012482465795511178,0.012179425303951953,0.432227330458091,0.4278598152674161,2.834107445978306,2.4801584253608846,1.13641333906162,1.0494890185104166,2.834107445978306,2.4801584253608846,42.35587660524847,46.57190635451505,1.0,2.5,3.0517578125e-08
202,16.93336312322228,14.964826418005902,0.012480676625005065,0.012161541252564162,0.4319416905234873,0.42759305464649944,2.8433752906582064,2.484993462445611,1.1360321414330896,1.0500522093097768,2.8433752906582064,2.484993462445611,42.77463707426019,46.251393534002226,1.0,2.5,3.0517578125e-08
203,16.913276471085286,14.97566995121032,0.012479212778838303,0.012155419056705608,0.4317427536317718,0.42746698510819586,2.839141473764817,2.486872320324016,1.1366735473150384,1.0508430048640622,2.839141473764817,2.486872320324016,42.33842825237298,45.638238573021184,1.0,2.5,1.52587890625e-08
204,16.89863567895426,14.907567473956972,0.012476975406613149,0.012153890790623366,0.4316119905592409,0.42732641237103686,2.836288491685187,2.473678956993979,1.136552137745485,1.0498461990452133,2.836288491685187,2.473678956993979,42.43613902847571,46.808807134894096,1.0,2.5,1.52587890625e-08
205,16.884153676525564,14.97427010403296,0.012468813022568465,0.01217818844320051,0.43147538275375236,0.42720002015697517,2.833342166668473,2.486797813056172,1.1367492898757867,1.0504513915831695,2.833342166668473,2.486797813056172,42.476270240089335,46.258361204013376,1.0,2.5,1.52587890625e-08
206,16.90316578318193,14.957747470043442,0.012463389348814868,0.012170340210706029,0.4313430306899488,0.427072825240451,2.8375755899249344,2.4838303024553534,1.1357406785806285,1.049676356174741,2.8375755899249344,2.4838303024553534,43.04334170854271,46.272296544035676,1.0,2.5,1.52587890625e-08
207,16.912712052439524,14.967855155800232,0.012466965109059959,0.01218187675573588,0.43121596678284413,0.4269443419133806,2.838946968267112,2.485797464249525,1.1371471489826972,1.0498707982210012,2.838946968267112,2.485797464249525,42.554787828029035,46.44648829431438,1.0,2.5,1.52587890625e-08
208,16.894901046667734,14.974162340961572,0.012472986605066218,0.012167627855703451,0.43108825135137835,0.42680941211472917,2.8352957472063722,2.486863555185239,1.137430530031056,1.05043379758114,2.8352957472063722,2.486863555185239,42.174413735343386,45.826365663322186,1.0,2.5,1.52587890625e-08
209,16.91119065702727,14.932823182215525,0.012476357301184413,0.012157376059263513,0.4309643539285473,0.4266966311894399,2.8387467733379985,2.4791285433498116,1.1370080923115589,1.049163205966503,2.8387467733379985,2.4791285433498116,42.554787828029035,46.39771460423635,1.0,2.5,1.52587890625e-08
210,16.892091157914273,14.93716617890425,0.012478863104911638,0.012158655235491934,0.4308396780344443,0.42656625931876957,2.834994121745337,2.479560784272924,1.136901003564955,1.0503186691830655,2.834994121745337,2.479560784272924,42.52338079285315,45.76365663322185,1.0,2.5,1.52587890625e-08
211,16.895595931793842,14.950627346102609,0.012475652096034894,0.012179462363737882,0.4307083017595782,0.4264252086148214,2.8356478396638822,2.4823522313914306,1.1370864036294883,1.050130776404803,2.8356478396638822,2.4823522313914306,42.49720826353992,46.20958751393534,1.0,2.5,1.52587890625e-08
212,16.8965246071701,14.94369874484297,0.012477576409194604,0.012148450243981387,0.43056358427791075,0.42627898602847136,2.835927141637925,2.480611362186164,1.1369238661228778,1.0511072558437038,2.835927141637925,2.480611362186164,42.43090452261307,45.91694537346711,1.0,2.5,1.52587890625e-08
213,16.905851335381744,14.975797176892675,0.012481727626950531,0.012176446238721626,0.43042433904177113,0.4261583273891887,2.8378975089204705,2.4875244389941193,1.1367288751351907,1.0499201093363257,2.8378975089204705,2.4875244389941193,42.765912897822446,46.14687848383501,1.0,2.5,1.52587890625e-08
214,16.905794074454167,15.009469948750542,0.012459175473485726,0.012147434633079846,0.4302980191943234,0.4260260936209191,2.838113849220297,2.4942920059131803,1.1362338098715565,1.0499182191979526,2.838113849220297,2.4942920059131803,42.605388051367946,46.174749163879596,1.0,2.5,1.52587890625e-08
215,16.90626939563762,14.943279165355126,0.012469078466142276,0.012148270690803278,0.4301656311713804,0.42589555699025244,2.8381226242487156,2.480969643380198,1.136510772920733,1.0501934854083237,2.8381226242487156,2.480969643380198,42.3820491345617,46.432552954292085,1.0,2.5,1.52587890625e-08
216,16.905359923140686,14.97878710109919,0.012465788439407087,0.012160516520515665,0.43003547293124156,0.42576098491914294,2.8382104344370642,2.4878198066549824,1.1359032317954425,1.0508832807923638,2.8382104344370642,2.4878198066549824,42.62458123953099,46.12597547380156,1.0,2.5,1.52587890625e-08
217,16.89991202639309,14.976352012277049,0.012467438466368542,0.012134120582603956,0.42989644368289903,0.4256204134777371,2.8368999449518526,2.4879579399208827,1.1365241762781064,1.0494038523107334,2.8368999449518526,2.4879579399208827,42.5390843104411,46.348940914158305,1.0,2.5,1.52587890625e-08
218,16.905032756939605,14.964201431742215,0.012477305308525154,0.01211173940292137,0.429759117643105,0.42548276854465106,2.8378522933893935,2.4853939721682665,1.136767402366178,1.049818483151188,2.8378522933893935,2.4853939721682665,42.39600781686209,46.3907469342252,1.0,2.5,1.52587890625e-08
219,16.88534900957083,14.932565903849692,0.012467621735675184,0.01216384130784434,0.4296219801183921,0.42535070219433296,2.8339779991999743,2.4793710097288475,1.1366846991410673,1.0490982182315627,2.8339779991999743,2.4793710097288475,42.76940256839754,46.85061315496098,1.0,2.5,1.52587890625e-08
220,16.908738888687825,14.896097525572165,0.0124648744178003,0.012140372547932559,0.42949918396708553,0.42523332486716137,2.8388875948524155,2.47174717630431,1.1361684206808698,1.0499939756382801,2.8388875948524155,2.47174717630431,42.34540759352317,46.14687848383501,1.0,2.5,1.52587890625e-08
221,16.901225318461407,15.039882261218834,0.012473383468083334,0.012166218077317461,0.4293688954353865,0.42509336153267485,2.837235948082324,2.500537979164251,1.136601639419611,1.04996641184574,2.837235948082324,2.500537979164251,42.59142936906756,45.95178372352285,1.0,2.5,1.52587890625e-08
222,16.898977977213814,15.005921658332,0.01248569308511293,0.012155473753477685,0.4292394514525822,0.4249608940636965,2.836988636263917,2.49391610327373,1.1361548489262312,1.0496123708211458,2.836988636263917,2.49391610327373,42.68390563930765,46.244425863991076,1.0,2.5,1.52587890625e-08
223,16.90009617765545,14.95757099564126,0.012479644137710782,0.012165120437350893,0.4291040667071148,0.4248327411204543,2.8372110202284513,2.4838779650404303,1.1362286659674163,1.0505916530073287,2.8372110202284513,2.4838779650404303,42.357621440536015,45.645206243032334,1.0,2.5,1.52587890625e-08
224,16.871764678784682,14.99355093531784,0.012476807289108393,0.012143339355421173,0.42896424336249706,0.42469002736717826,2.831479125818948,2.4913638224171155,1.136463992160369,1.0499493107614974,2.831479125818948,2.4913638224171155,42.39251814628699,46.23049052396879,1.0,2.5,1.52587890625e-08
225,16.89077813208669,14.956790780542686,0.012477230864599356,0.012148306148548256,0.4288273298294434,0.4245408758803488,2.8351387341284737,2.4843688024459207,1.1368899478518317,1.0491288522945732,2.8351387341284737,2.4843688024459207,42.4535873813512,46.328037904124855,1.0,2.5,1.52587890625e-08
226,16.904032288151438,14.960202743377176,0.012485433282514712,0.012155759597867893,0.42868442258510026,0.4243993505985043,2.8376947154817738,2.4844164623730425,1.1371944290775617,1.0507826646301925,2.8376947154817738,2.4844164623730425,42.408221663874926,46.30713489409142,1.0,2.5,1.52587890625e-08
227,16.876128105661977,14.965540487232017,0.01246756653752259,0.012187977156362008,0.42854135694415924,0.4242770846605035,2.832293709585082,2.486076699451459,1.1368253032033633,1.0493459557344018,2.832293709585082,2.486076699451459,42.47278056951424,46.46042363433668,1.0,2.5,1.52587890625e-08
228,16.904232904805877,14.963987099552899,0.012462588058319722,0.012204412077091543,0.4284145820746536,0.4241455596692054,2.8380238219122194,2.484827290942172,1.1366183307835138,1.051750365706989,2.8380238219122194,2.484827290942172,42.354131769960915,45.23411371237458,1.0,2.5,1.52587890625e-08
229,16.897603683003094,14.926255251651623,0.012477615693223204,0.012182856540308814,0.4282790103283493,0.4240138145327701,2.8368380668774322,2.4775333674323465,1.1363283497604293,1.0511958516693967,2.8368380668774322,2.4775333674323465,42.59142936906756,46.181716833890746,1.0,2.5,1.52587890625e-08
230,16.896724506039515,14.972638677726755,0.01247253413621538,0.012140457493480432,0.4281552710691555,0.423897813528012,2.8364602091058146,2.4871822562371873,1.1368978205238356,1.050344554144669,2.8364602091058146,2.4871822562371873,42.46580122836404,46.28623188405797,1.0,2.5,1.52587890625e-08
231,16.880617811585324,14.997017198050168,0.012466620044946038,0.012132355143859103,0.42802810138127845,0.42376202192061985,2.8330885255090488,2.4920976429081283,1.137340198077016,1.0503172706999508,2.8330885255090488,2.4920976429081283,42.27386934673367,45.89604236343367,1.0,2.5,1.52587890625e-08
232,16.88914451087939,14.95590629917855,0.012475678274467264,0.01216628131692359,0.427900318058425,0.42362873330961504,2.8350416937731686,2.484268786250681,1.1367800140567228,1.0493836116498396,2.8350416937731686,2.484268786250681,42.42392518146287,46.7530657748049,1.0,2.5,1.52587890625e-08
233,16.902283046047227,15.00738879855527,0.01247604408663854,0.012147307503914488,0.4277638936096034,0.42350520171980927,2.8373451003943124,2.4942053107247837,1.1376587980489767,1.0503549303365258,2.8373451003943124,2.4942053107247837,42.57223618090452,45.958751393534,1.0,2.5,1.52587890625e-08
234,16.889494094550443,14.951387267181838,0.012465202205906462,0.012161889142557197,0.4276357797322361,0.4233676787868657,2.8350052250489917,2.483571807410539,1.137183501625913,1.0489993417010526,2.8350052250489917,2.483571807410539,42.47452540480179,46.787904124860646,1.0,2.5,1.52587890625e-08
235,16.91763341979299,14.952406478167378,0.012463860905878475,0.012164796179278839,0.4275023275783513,0.42324505748025815,2.8405969293339832,2.4834333664863273,1.1373412938573253,1.0499149307093625,2.8405969293339832,2.4834333664863273,42.55304299274149,46.070234113712374,1.0,2.5,1.52587890625e-08
236,16.89981821274238,14.962224946505781,0.012494335435164467,0.01217025246807564,0.4273788452581079,0.42310591651710244,2.8374400668674045,2.4854125026343525,1.1363723380548338,1.0499431418468854,2.8374400668674045,2.4854125026343525,42.50593243997767,46.697324414715716,1.0,2.5,1.52587890625e-08
237,16.878481931489382,14.979945663358588,0.012482225906888012,0.012156178230999105,0.4272347959242075,0.42296975698226535,2.8329544164560683,2.4887715055791033,1.136996436558377,1.0504811342344635,2.8329544164560683,2.4887715055791033,42.432649357900615,45.67307692307692,1.0,2.5,1.52587890625e-08
238,16.90306210051962,14.972134660318943,0.012479929739140319,0.01216297747448934,0.4271064635297561,0.42284516456932525,2.8379805797574775,2.487405989082362,1.1367863993082947,1.050048309425048,2.8379805797574775,2.487405989082362,42.45184254606365,46.48132664437013,1.0,2.5,1.52587890625e-08
239,16.879145860272637,14.967769042305324,0.01247585422371367,0.012186126691084709,0.42697897824676656,0.42271416183299443,2.833298603294283,2.4864818126195782,1.1365990149515557,1.0502298250379105,2.833298603294283,2.4864818126195782,42.58968453378001,46.48829431438127,1.0,2.5,1.52587890625e-08
240,16.884852764527935,14.900751078806593,0.01245609325544502,0.012157412740083176,0.42683749417563777,0.42257196408849096,2.834088357183136,2.473390221197071,1.137558697655772,1.0495353172322446,2.834088357183136,2.473390221197071,42.42741485203797,46.28623188405797,1.0,2.5,1.52587890625e-08
241,16.906649451625874,14.933903140234975,0.012464225822607276,0.012096380517966505,0.42669829308554025,0.42243420326855935,2.8385968117791136,2.4803847466557056,1.1372514463948644,1.0487243801587933,2.8385968117791136,2.4803847466557056,42.3820491345617,46.62068004459309,1.0,2.5,1.52587890625e-08
242,16.897966376367993,14.946196604997684,0.012469853205884023,0.01214345837782325,0.4265710470864122,0.4223071393892252,2.836970125610505,2.482700336736979,1.1370374306429039,1.0491221692649815,2.836970125610505,2.482700336736979,42.3070212171971,46.425585284280935,1.0,2.5,1.52587890625e-08
243,16.8928872539237,14.973718625114381,0.012469499823307105,0.012167815153290795,0.4264368944365109,0.42217446669288305,2.835995804857502,2.4880039891271686,1.1370009093361817,1.0496781378685431,2.835995804857502,2.4880039891271686,42.40473199329983,46.32107023411371,1.0,2.5,1.52587890625e-08
244,16.9027383784087,14.933337877160863,0.012467621790795337,0.012136750022902536,0.42630881468787796,0.4220532343007516,2.8381069457311328,2.479909015738446,1.1367135995729618,1.0498014368872712,2.8381069457311328,2.479909015738446,42.55653266331658,46.10507246376812,1.0,2.5,1.52587890625e-08
245,16.9092092402217,14.977506280344066,0.012465369160168003,0.012163637408419796,0.42618224404165694,0.42192372041801146,2.839295288359633,2.4883315600413276,1.1370426146162749,1.050880546288081,2.839295288359633,2.4883315600413276,42.58619486320491,46.341973244147155,1.0,2.5,1.52587890625e-08
246,16.899693065751936,14.962268089370983,0.01247317874039737,0.012165229897343926,0.42604229035555885,0.4217742482156658,2.837096970018763,2.4857664573418523,1.137846359455805,1.0497482190429832,2.837096970018763,2.4857664573418523,42.333193746510325,46.167781493868446,1.0,2.5,1.52587890625e-08
247,16.894221783483047,15.00155807418568,0.012476898406360284,0.012174426609133199,0.4258941265872442,0.42162454208004035,2.836702345736795,2.4935590216148658,1.1361695139318921,1.0499820257376136,2.836702345736795,2.4935590216148658,42.34889726409827,46.00752508361204,1.0,2.5,1.52587890625e-08
248,16.88973489545165,14.939007721882867,0.012470565595893405,0.01215662966288186,0.4257479777288197,0.4214757034013104,2.835547603887263,2.480921520437285,1.1368891586477299,1.050383904705877,2.835547603887263,2.480921520437285,42.42392518146287,46.348940914158305,1.0,2.5,1.52587890625e-08
249,16.88245862133339,14.953222230126627,0.012486956492565584,0.012137730085730153,0.42560644400379366,0.42135448705658335,2.8339736733204957,2.484158292396146,1.1372484041950943,1.0494693124972059,2.8339736733204957,2.484158292396146,42.51291178112786,46.48829431438127,1.0,2.5,1.52587890625e-08
250,16.900798325296357,14.996124016667157,0.012477959202532826,0.012185380430715605,0.4254844538297552,0.42122665210445326,2.8381136013501718,2.4923523546195483,1.1361339516908613,1.050475122471451,2.8381136013501718,2.4923523546195483,42.53384980457845,45.958751393534,1.0,2.5,1.52587890625e-08
251,16.916401091532492,14.997674732569735,0.012478362722088344,0.012187676020423439,0.42536322958039413,0.4211104433804983,2.841194507464692,2.492942335746493,1.1362934742873771,1.0498324622677322,2.841194507464692,2.492942335746493,42.66994695700726,46.725195094760316,1.0,2.5,1.52587890625e-08
252,16.886793001346387,14.917389400826648,0.012462551677459148,0.012192374978883144,0.42524666106614367,0.4209911311616334,2.8352411968757294,2.4767281081498402,1.1364389004353237,1.0502826566813117,2.8352411968757294,2.4767281081498402,42.28608319374651,45.87513935340022,1.0,2.5,1.52587890625e-08
253,16.902416499748636,14.962363194196652,0.012458789351098301,0.012163570916971634,0.425118668211831,0.4208614777030222,2.8385685235677918,2.485648044508569,1.135998200531581,1.0505489390031948,2.8385685235677918,2.485648044508569,42.89852037967616,46.160813823857296,1.0,2.5,1.52587890625e-08
254,16.905463462032998,15.013123061478868,0.012470236946144861,0.012142399752693232,0.42498593356008973,0.4207300209547232,2.838836918723843,2.4960962896761685,1.1369113446213825,1.0498846031750324,2.838836918723843,2.4960962896761685,42.71007816862088,47.05964325529543,1.0,2.5,1.52587890625e-08
255,16.895644969077566,14.95118996291655,0.01246273973545903,0.01217680770089827,0.42485265689213003,0.42060294830413697,2.8370026554361125,2.483370350356086,1.1366581527432005,1.0507792627133654,2.8370026554361125,2.483370350356086,42.59142936906756,46.00752508361204,1.0,2.5,1.52587890625e-08
256,16.894721096684187,14.95062231193551,0.012474576723182055,0.012133674308815462,0.42472864678290756,0.4204745680392785,2.836811581382134,2.4833910842670113,1.1367299726460647,1.0505293003691478,2.836811581382134,2.4833910842670113,42.65773310999442,46.59280936454849,1.0,2.5,1.52587890625e-08
257,16.896560647646055,14.956618709840637,0.01247977190414399,0.012154169490720781,0.424599522472027,0.42034520379941465,2.8374799243036692,2.4850433197042747,1.1360408612165551,1.0494513559500909,2.8374799243036692,2.4850433197042747,42.605388051367946,46.32107023411371,1.0,2.5,1.52587890625e-08
258,16.87349491662516,14.958278513539462,0.012474593934709635,0.01216196537603403,0.42447153973486224,0.4202115433072565,2.8326314963953645,2.485217048040069,1.1366956640660997,1.0499098768733948,2.8326314963953645,2.485217048040069,42.5321049692909,45.540691192865104,1.0,2.5,1.52587890625e-08
259,16.89622828336084,14.959528943235128,0.012463479755224794,0.012183116630566957,0.4243350198387367,0.42007907670211364,2.8371107457138054,2.485162606473219,1.1369380163853557,1.0507268702306078,2.8371107457138054,2.485162606473219,42.51291178112786,45.86817168338907,1.0,2.5,1.52587890625e-08
260,16.90006869735164,14.961500605877692,0.012472489466531891,0.012173747813065381,0.42420740185138034,0.41995923275931624,2.8379155974491956,2.486057978941578,1.136905431547756,1.0495388439400672,2.8379155974491956,2.486057978941578,42.55827749860413,46.5649386845039,1.0,2.5,1.52587890625e-08
261,16.90045093278656,14.964945785709581,0.012471193384268909,0.01216518301869781,0.4240840861811976,0.4198367870106479,2.837984000152213,2.486196177460278,1.136987825201451,1.0509814891129432,2.837984000152213,2.486196177460278,42.40996649916248,46.28623188405797,1.0,2.5,1.52587890625e-08
262,16.89511943116393,14.939884043324618,0.012453451702222519,0.012190441038239427,0.4239532821242334,0.41970557419618504,2.8371533134807625,2.4818428939534405,1.1364730636478468,1.049386826180827,2.8371533134807625,2.4818428939534405,42.7641680625349,45.819397993311036,1.0,2.5,1.52587890625e-08
263,16.887623115467132,14.989551050872972,0.012487851204958992,0.012190854976342008,0.42382593650114997,0.41956443448396297,2.8353936517791065,2.4913903401713973,1.1371705462185782,1.0504219866915292,2.8353936517791065,2.4913903401713973,42.50069793411502,46.55797101449276,1.0,2.5,1.52587890625e-08
264,16.885321596359688,15.003850720000507,0.01247736280820411,0.012171517698345508,0.42369054618126717,0.4194402225240816,2.8354088957918084,2.4942916728713973,1.1360546227342785,1.0503903057264246,2.8354088957918084,2.4942916728713973,42.450097710776106,46.20958751393534,1.0,2.5,1.52587890625e-08
265,16.888857346816412,14.94122610868286,0.012453242656444617,0.012159175292454834,0.4235612211248716,0.4193057355739866,2.836219108151298,2.481863665208636,1.1358736844651198,1.0502214216468326,2.836219108151298,2.481863665208636,42.51465661641541,47.28260869565217,1.0,2.5,1.52587890625e-08
266,16.90059726827974,14.951935714968338,0.01247142402882652,0.012161673269875207,0.42343061570013657,0.4191762721259458,2.8383905480255436,2.484128133110378,1.1363712501951864,1.049978517834824,2.8383905480255436,2.484128133110378,42.84094081518705,45.48494983277592,1.0,2.5,1.52587890625e-08
267,16.922948904372937,14.963913146734503,0.01247756008686948,0.012182687363538522,0.4232929457438718,0.419040087672779,2.8427045269427786,2.4860345476048447,1.1368278706293409,1.0512588424826146,2.8427045269427786,2.4860345476048447,42.7571887213847,46.341973244147155,1.0,2.5,1.52587890625e-08
268,16.906122960570404,14.956858714687385,0.012489036582035935,0.01216518744377787,0.4231731211054199,0.4189310127343887,2.8395336632752537,2.4853711328910477,1.136396235224257,1.0494534265636202,2.8395336632752537,2.4853711328910477,42.450097710776106,46.66945373467112,1.0,2.5,1.52587890625e-08
269,16.89374248519548,14.978149862725333,0.012474088578072591,0.012161325155617202,0.42303653278542525,0.41877972850432765,2.837015583820013,2.4894282537426307,1.1365769907191503,1.0500337477511785,2.837015583820013,2.4894282537426307,42.80429927414852,46.502229654403564,1.0,2.5,1.52587890625e-08
270,16.88959367391053,14.955984430302479,0.012466428159215575,0.012156208374910264,0.4228857188235442,0.4186386807241302,2.8361561466102025,2.485173219954024,1.1367304012270896,1.0496617176859673,2.8361561466102025,2.485173219954024,42.42392518146287,46.30713489409142,1.0,2.5,1.52587890625e-08
271,16.898599370107647,14.949676949576524,0.012485944429367764,0.012146604874502523,0.422769740365325,0.4185189959596232,2.8380564573022786,2.483927201533663,1.1365306921207592,1.049687684711937,2.8380564573022786,2.483927201533663,42.78510608598548,46.11204013377927,1.0,2.5,1.52587890625e-08
272,16.900807646384525,14.978981843095692,0.012474287311701984,0.012165158333977395,0.4226330606581977,0.41838619740910354,2.838415782988105,2.489634726225599,1.1368107322472423,1.0501284174031371,2.838415782988105,2.489634726225599,42.27037967615857,46.05629877369008,1.0,2.5,1.52587890625e-08
273,16.878413408578673,14.959976591792792,0.012471860422352916,0.012158556926451465,0.4225079492774508,0.4182558825183473,2.8337126568933226,2.4858790552337036,1.1374351411874837,1.0500834418778435,2.8337126568933226,2.4858790552337036,42.57223618090452,46.11204013377927,1.0,2.5,1.52587890625e-08
274,16.888233261491784,14.945005169148695,0.012457801220446643,0.012157252993862432,0.42237302779086405,0.41812939764132334,2.8361633773092314,2.482544654587838,1.1362927686828665,1.050997650410685,2.8361633773092314,2.482544654587838,42.66994695700726,45.993589743589745,1.0,2.5,1.52587890625e-08
275,16.91714431000182,14.937891386025726,0.012473386246451015,0.01217440814465085,0.4222467183600851,0.4179956140193918,2.8417235577592366,2.481796133345452,1.1369031802160923,1.0493703513772725,2.8417235577592366,2.481796133345452,42.252931323283086,46.09113712374582,1.0,2.5,1.52587890625e-08
276,16.889714267119423,14.986642016747856,0.012481810697180176,0.012152422869467949,0.42211406770729604,0.4178721169830033,2.8363952953545226,2.4914547373751468,1.1365709332764848,1.0496719439691524,2.8363952953545226,2.4914547373751468,42.540829145728644,46.46739130434783,1.0,2.5,1.52587890625e-08
277,16.88450952910099,14.967914758850235,0.01248391926036924,0.012165261056677023,0.42198756461966175,0.41774930390493,2.83531231376993,2.4875702706467746,1.136738216657335,1.050074448354268,2.83531231376993,2.4875702706467746,42.530360134003345,46.13294314381271,1.0,2.5,1.52587890625e-08
278,16.89781977250415,14.928860696263138,0.01246815471114858,0.012180092207746894,0.4218661558488306,0.4176277014922139,2.8382324022264336,2.4801142561262934,1.1361617474233818,1.0492408484918219,2.8382324022264336,2.4801142561262934,42.81825795644891,46.258361204013376,1.0,2.5,1.52587890625e-08
279,16.89696815997645,14.969633202356107,0.01247727151415173,0.01215137290345752,0.42174588745363195,0.4175014247663045,2.8377571183166843,2.4880881326785986,1.1369796872871138,1.0497698325377245,2.8377571183166843,2.4880881326785986,42.39949748743719,45.96571906354515,1.0,2.5,1.52587890625e-08
280,16.890280732623964,14.951394844480449,0.01245928979684177,0.01217407911575691,0.4216207830949844,0.4173779333780708,2.8365066486786756,2.4848176816368315,1.1368337179415058,1.0488772542447418,2.8365066486786756,2.4848176816368315,42.22675879396985,46.167781493868446,1.0,2.5,1.52587890625e-08
281,16.90344849995965,14.929166625840475,0.012479166083749216,0.012149058929213646,0.4215000805609856,0.41726231266024916,2.839155699406703,2.4799068138883795,1.136845391133456,1.050110631031602,2.839155699406703,2.4799068138883795,42.357621440536015,46.160813823857296,1.0,2.5,1.52587890625e-08
282,16.875716525173132,14.986545822160565,0.012485897158637085,0.012148703094426472,0.4213716684607139,0.4171111772424534,2.833459823907653,2.491391452259842,1.1372799177798127,1.0501643805998224,2.833459823907653,2.491391452259842,42.29131769960915,45.87513935340022,1.0,2.5,1.52587890625e-08
283,16.898014596825135,14.919792955668608,0.012469458040151597,0.012165850120801125,0.4212339099794044,0.4170024376383327,2.8382855923331562,2.4785126918135676,1.1364416224140486,1.0490306327441332,2.8382855923331562,2.4785126918135676,42.61934673366834,46.03539576365663,1.0,2.5,1.52587890625e-08
284,16.910438988076983,14.987374264260996,0.012466984589873813,0.01214388056389298,0.4211131805218111,0.41687781359572607,2.840554182520131,2.4913097190750615,1.1370439781016441,1.0509020187783003,2.840554182520131,2.4913097190750615,42.31225572305974,45.87513935340022,1.0,2.5,1.52587890625e-08
285,16.869183129801023,14.943051943146399,0.012470813329778258,0.012142314350309314,0.4209916901149143,0.41674296971547564,2.8324056435802807,2.482555047325466,1.1368461989744092,1.050695720856538,2.8324056435802807,2.482555047325466,42.32272473478504,46.46042363433668,1.0,2.5,1.52587890625e-08
286,16.898064114407145,14.94430769300514,0.012459290116642653,0.012176497248619163,0.42084434307333746,0.41660587145732,2.838345552409314,2.4837181294376367,1.13651634247725,1.048467359880407,2.838345552409314,2.4837181294376367,42.63156058068118,46.9829988851728,1.0,2.5,1.52587890625e-08
287,16.88660859875277,14.939421643115738,0.012462925033811282,0.012164474907253298,0.4207050543733977,0.4164574574201535,2.83583285807232,2.4820005085688903,1.137138145053806,1.0503986606762694,2.83583285807232,2.4820005085688903,42.401242322724734,45.94481605351171,1.0,2.5,1.52587890625e-08
288,16.916045899766573,14.952999136253876,0.01246143852910188,0.012183953498136106,0.42057473585633576,0.41634159891501715,2.841856006135626,2.4840819734660546,1.1368648644468093,1.0520318157165212,2.841856006135626,2.4840819734660546,42.29480737018426,45.296822742474916,1.0,2.5,1.52587890625e-08
289,16.907332204694125,14.960930421333781,0.012486576001273727,0.01214693978827534,0.4204533830459793,0.4162110394591605,2.840093105748537,2.4865702314919056,1.1369633687268017,1.0498606200468048,2.840093105748537,2.4865702314919056,42.333193746510325,46.47435897435898,1.0,2.5,1.52587890625e-08
290,16.892480100485812,14.935593585904227,0.012465364067793925,0.01217977105096863,0.42031756843820356,0.41606306212402905,2.837055386011325,2.4812220256597035,1.1372101321558523,1.0506202800483875,2.837055386011325,2.4812220256597035,42.58968453378001,46.06326644370123,1.0,2.5,1.52587890625e-08
291,16.89518439496848,14.955407875171606,0.01247255126766274,0.01213621112456755,0.4201721197429947,0.415937660097943,2.8379023883144394,2.486167530683902,1.136513895724886,1.0482481508084895,2.8379023883144394,2.486167530683902,42.52687046342825,46.82971014492754,1.0,2.5,1.52587890625e-08
292,16.90257160095181,14.97223719785046,0.012466959008923095,0.012162019749906085,0.4200512166465214,0.41580628219123933,2.839319199972616,2.4889468349341963,1.1367286996825456,1.0497673451568237,2.839319199972616,2.4889468349341963,42.46754606365159,45.909977703455965,1.0,2.5,1.52587890625e-08
293,16.864260788006465,14.968727845412035,0.012475887461685556,0.012183519064707302,0.4199154942412406,0.41567686190174574,2.8317241069659516,2.487853820507343,1.1366244535882801,1.05079918847302,2.8317241069659516,2.487853820507343,42.762423227247346,45.88210702341137,1.0,2.5,1.52587890625e-08
294,16.883558301004467,14.998876819376695,0.012490613469755198,0.012164678717387162,0.4197863150847684,0.4155451183268591,2.83551544826301,2.493610594716492,1.1368520595320506,1.051557061597788,2.83551544826301,2.493610594716492,42.29131769960915,45.65217391304348,1.0,2.5,1.52587890625e-08
295,16.88983785180923,14.914818188551411,0.012475132608358783,0.012171304969526122,0.4196445776855792,0.41540933253374385,2.8367107645351086,2.4773129042707294,1.1370821529630175,1.0503364838618232,2.8367107645351086,2.4773129042707294,42.66122278056951,46.13991081382386,1.0,2.5,1.52587890625e-08
296,16.902985841718085,14.995496889154781,0.012470634716044485,0.012153244096632121,0.41951380875575217,0.4152720760608065,2.8396905564117008,2.4930799081838515,1.1362743182664208,1.0513360415945616,2.8396905564117008,2.4930799081838515,42.66820212171971,46.12597547380156,1.0,2.5,1.52587890625e-08
297,16.872500324302514,14.942042586795463,0.012473488149052721,0.012153141274259175,0.41938231884601196,0.4151462544100473,2.833355380728683,2.4829490833324996,1.1369338154060624,1.0499988963771425,2.833355380728683,2.4829490833324996,42.462311557788944,46.53010033444816,1.0,2.5,1.52587890625e-08
298,16.911981999042112,14.945941123409547,0.012477558132704078,0.01215555889941046,0.4192617043711366,0.41503463501116905,2.8409814989014355,2.483362813458395,1.1376676335806024,1.0509684276554232,2.8409814989014355,2.483362813458395,42.102875488553885,45.958751393534,1.0,2.5,1.52587890625e-08
299,16.887716877467135,14.963591112075177,0.012461517714400787,0.012163838114145075,0.4191415476639267,0.4149113375207652,2.836422077442001,2.4869594031751756,1.1370017346159031,1.0508594738201154,2.836422077442001,2.4869594031751756,42.380304299274144,46.11204013377927,1.0,2.5,1.52587890625e-08
300,16.892332170743106,14.969468557980813,0.012473469484641125,0.012153999911104158,0.4190122001601091,0.41478732623649944,2.8378090979599007,2.488094165173661,1.1359004957059586,1.051028141077014,2.8378090979599007,2.488094165173661,42.58619486320491,46.418617614269785,1.0,2.5,1.52587890625e-08
301,16.895594778438976,14.963348498179629,0.012481101525459691,0.01215735291844128,0.4188978038041835,0.4146697777702391,2.837869695416381,2.486967059547952,1.1374337115412914,1.0508430372246664,2.837869695416381,2.486967059547952,42.23373813512005,46.02842809364549,1.0,2.5,1.52587890625e-08
302,16.868898978518214,14.962870928488979,0.012479843715302509,0.012194530634518917,0.4187710953783816,0.4145372182363385,2.8329717402082792,2.4870185410830223,1.1363947048725063,1.0505232375069473,2.8329717402082792,2.4870185410830223,42.41694584031268,46.341973244147155,1.0,2.5,1.52587890625e-08
303,16.894212058241443,14.977128798613448,0.012474012300101723,0.01216117637034676,0.4186458773349398,0.4144216678878801,2.8377037157498544,2.4899506554289936,1.1372867828637512,1.0503963775592238,2.8377037157498544,2.4899506554289936,42.52687046342825,46.077201783723524,1.0,2.5,1.52587890625e-08
304,16.895332153252156,14.965618720421425,0.012469640999017382,0.012165777439224547,0.4185285084511167,0.414296440190429,2.8380262735900366,2.487593910234296,1.1371013016623535,1.0505934618122734,2.8380262735900366,2.487593910234296,42.57921552205472,46.21655518394649,1.0,2.5,1.52587890625e-08
305,16.86649840294749,14.940671143590274,0.012465874036843719,0.012155509965002137,0.41839131062287716,0.41416218185770337,2.832347073813246,2.4827643739207,1.136952914384941,1.0502657940156483,2.832347073813246,2.4827643739207,42.45882188721385,46.15384615384615,1.0,2.5,1.52587890625e-08
306,16.864869439888107,14.925750533606829,0.012474099166341863,0.012162204736318344,0.4182683813844827,0.41403939107322907,2.832409453751454,2.479863816679122,1.1360398596189063,1.050114897049656,2.832409453751454,2.479863816679122,42.34540759352317,46.02842809364549,1.0,2.5,1.52587890625e-08
307,16.882559765124043,14.961143438366877,0.012473335907711856,0.012143478107949099,0.4181507642977335,0.41393142613014383,2.83579882265535,2.486233054727748,1.1364707682533413,1.0519515714517804,2.83579882265535,2.486233054727748,42.49197375767728,44.82998885172798,1.0,2.5,1.52587890625e-08
308,16.899997354419053,14.929795911612452,0.012485583586330224,0.012141981148633404,0.41803185388004893,0.4138023329684833,2.8389461993638663,2.4806652390704373,1.1373744669205512,1.050262737034954,2.8389461993638663,2.4806652390704373,42.490228922389726,46.13294314381271,1.0,2.5,1.52587890625e-08
309,16.887618988735724,14.958338817226448,0.012468061917412055,0.012210903992438264,0.4179040836196316,0.4136756093074114,2.836988389059394,2.4859140113311735,1.1361524684678104,1.051441141461316,2.836988389059394,2.4859140113311735,42.76940256839754,46.09113712374582,1.0,2.5,1.52587890625e-08
310,16.89729402585778,14.955917532760298,0.012482668107270462,0.012155645197815985,0.41778274450403297,0.41355959813597476,2.8386616573727776,2.4859990988553835,1.1368601915890915,1.0501034175406065,2.8386616573727776,2.4859990988553835,42.55304299274149,45.7566889632107,1.0,2.5,1.52587890625e-08
311,16.89052550477199,14.974622362832163,0.012487002718613376,0.012137516087114213,0.417661685257368,0.41343550844203136,2.8371904829505565,2.488998366040131,1.1372122111631997,1.0520287768099221,2.8371904829505565,2.488998366040131,42.235482970407595,46.06326644370123,1.0,2.5,1.52587890625e-08
312,16.890152614386903,14.932158576472016,0.012466742536484663,0.01216737613385105,0.417534648706499,0.4133118891397049,2.837236101170747,2.481173055493579,1.1369853423734673,1.0504070430030525,2.837236101170747,2.481173055493579,42.40298715801229,46.28623188405797,1.0,2.5,1.52587890625e-08
313,16.87927068457931,14.977589836886096,0.012470938470724207,0.012181173657028704,0.4174114896690692,0.4131908927739929,2.8352682812795633,2.4904389130231928,1.136523420487217,1.0500116228658618,2.8352682812795633,2.4904389130231928,42.31574539363484,46.46739130434783,1.0,2.5,1.52587890625e-08
314,16.890911032007367,14.993907794505857,0.012464454088678313,0.01217276956200799,0.41727698701244037,0.41304522706247626,2.837471231676759,2.4932426173019833,1.1369067248121312,1.051238372506638,2.837471231676759,2.4932426173019833,42.41694584031268,45.958751393534,1.0,2.5,1.52587890625e-08
315,16.880768790316942,14.947237499581531,0.012472941448661384,0.012135766118499081,0.41714240268646574,0.4129135060469841,2.835812226545205,2.4839606322306587,1.136046172785799,1.0511924973299671,2.835812226545205,2.4839606322306587,42.9142238972641,46.19565217391305,1.0,2.5,1.52587890625e-08
316,16.88904192086906,14.94745845964787,0.012473820071170311,0.012167871517514438,0.41701715126309163,0.4128013199388383,2.8374577752043586,2.484139419585433,1.1361310393500101,1.0508961124696594,2.8374577752043586,2.484139419585433,42.762423227247346,46.167781493868446,1.0,2.5,1.52587890625e-08
317,16.881067599749713,14.962263779230872,0.012476702310698183,0.012168764945539078,0.41689575552141644,0.4126753073804488,2.8356357786923,2.4872787442627295,1.13675811375938,1.0505130195298722,2.8356357786923,2.4872787442627295,42.59491903964266,45.90301003344482,1.0,2.5,1.52587890625e-08
318,16.8719614019346,14.92288792332678,0.012465437952198176,0.01218506083652427,0.4167667353273037,0.41254689399082395,2.833948020493099,2.4796106071110686,1.1364945362294472,1.0500514609624976,2.833948020493099,2.4796106071110686,42.38728364042434,46.38377926421405,1.0,2.5,1.52587890625e-08
319,16.875824190796852,14.93338538970437,0.01247183562348436,0.012143109557545903,0.41662547058862126,0.41240344630967546,2.834467040434155,2.481495506122891,1.1371958568600686,1.0506806245349853,2.834467040434155,2.481495506122891,42.43090452261307,45.61733556298774,1.0,2.5,1.52587890625e-08
320,16.891423262144052,14.96561958691481,0.01248597248760533,0.012158814677501403,0.41649744947951045,0.4122744587352842,2.8378772621112187,2.488486313633828,1.1365267660017455,1.0493773440586418,2.8378772621112187,2.488486313633828,42.516401451702954,46.7670011148272,1.0,2.5,1.52587890625e-08
321,16.884152849581838,15.002894170839784,0.012483651647869434,0.01214208979878072,0.41636020863675194,0.41213484731406275,2.836343798805122,2.4951163648628736,1.1367950134607483,1.0515176645223645,2.836343798805122,2.4951163648628736,42.565256839754326,46.20958751393534,1.0,2.5,1.52587890625e-08
322,16.892567612750778,14.939432887329305,0.012455881483819584,0.012145239277353455,0.41623522974405125,0.41202257365951833,2.838322284965792,2.483075366769746,1.136132538351914,1.0499441160539056,2.838322284965792,2.483075366769746,42.751954215522055,46.66945373467112,1.0,2.5,1.52587890625e-08
323,16.903287581928875,14.952163723931797,0.01248787181937598,0.012162180078592787,0.41611450196710265,0.4118998486594346,2.840509017707914,2.4856775209656528,1.1360700483897224,1.0498570538018992,2.840509017707914,2.4856775209656528,42.65773310999442,46.21655518394649,1.0,2.5,1.52587890625e-08
324,16.868986730399843,14.99881749700676,0.01247533125618794,0.012140498045985581,0.41598825791506444,0.41176762887865404,2.833693170467613,2.494528251348132,1.136028645758786,1.0511340023814768,2.833693170467613,2.494528251348132,42.57223618090452,46.19565217391305,1.0,2.5,1.52587890625e-08
325,16.896603021456635,14.930846126050321,0.012478066807990297,0.012192947309310554,0.4158545176720633,0.41163927529302063,2.8388325189625596,2.4817560380916532,1.1370539419615089,1.0491168650496365,2.8388325189625596,2.4817560380916532,42.4570770519263,46.57190635451505,1.0,2.5,1.52587890625e-08
326,16.904521476749867,14.96585980758752,0.012474525267999808,0.012173600219721711,0.4157327151977437,0.411519741234572,2.8404833169571853,2.488214565360028,1.1369488172728146,1.050546836161959,2.8404833169571853,2.488214565360028,42.36285594639866,46.08416945373467,1.0,2.5,1.52587890625e-08
327,16.883636137016122,14.924764290834085,0.012469835905956198,0.012160838317902658,0.4156089333067521,0.41139293932994475,2.8364198543318553,2.480578524877661,1.136729034813072,1.0491589653319207,2.8364198543318553,2.480578524877661,42.598408710217754,46.251393534002226,1.0,2.5,1.52587890625e-08
328,16.912795836269222,14.925284838596713,0.012489516560002821,0.01215312440143514,0.415480636105998,0.4112700497692112,2.841916179869975,2.480032772523504,1.1376224207119328,1.0508488764199393,2.841916179869975,2.480032772523504,42.36285594639866,46.06326644370123,1.0,2.5,1.52587890625e-08
329,16.883848385195837,14.947058866919749,0.012477934726585163,0.012178213051089409,0.41536012672965317,0.4111390697251727,2.836821649941168,2.4844298811926357,1.135951058881899,1.0507960896959805,2.836821649941168,2.4844298811926357,42.50942211055276,46.05629877369008,1.0,2.5,1.52587890625e-08
330,16.902278492265676,14.91005513925882,0.012477967188194902,0.012185433814084051,0.41523894819049845,0.4110274964750411,2.840059687344473,2.477021606470829,1.1371315691738673,1.0508670675315985,2.840059687344473,2.477021606470829,42.535594639866,46.432552954292085,1.0,2.5,1.52587890625e-08
331,16.88822354689981,14.949548720250295,0.012481266508915782,0.012163111584940085,0.41511965014294233,0.4109012389196334,2.8372422678386746,2.485188021309001,1.1372056625729363,1.050272094233246,2.8372422678386746,2.485188021309001,42.34191792294808,45.70791527313266,1.0,2.5,1.52587890625e-08
332,16.903810020800346,14.95234537284111,0.01247083824304713,0.01216852088918787,0.41499474879285597,0.4107742729194986,2.8402152032175922,2.4856492207866316,1.1376341721786594,1.0505781871419289,2.8402152032175922,2.4856492207866316,42.2250139586823,46.02146042363434,1.0,2.5,1.52587890625e-08
333,16.886065278087894,14.945166831298284,0.012469711295411714,0.012199818412072483,0.414856674699794,0.4106378092481407,2.8369592283771796,2.483930767047631,1.1369713689946783,1.0513376730474475,2.8369592283771796,2.483930767047631,42.52338079285315,45.74972129319955,1.0,2.5,1.52587890625e-08
334,16.880784262098594,14.9619319399065,0.012461083526200485,0.012183786955440921,0.41472951551178594,0.4105174211886947,2.835894891897571,2.4877749589773326,1.1370596033045195,1.050177997636423,2.835894891897571,2.4877749589773326,42.13253768844221,46.523132664437014,1.0,2.5,1.52587890625e-08
335,16.893468618792305,14.933774709967334,0.01247188102792988,0.0121765353819698,0.41460710966939834,0.41039088703982674,2.8383517941571292,2.4818442574844446,1.1373153468339154,1.050992985566457,2.8383517941571292,2.4818442574844446,42.33493858179788,46.02842809364549,1.0,2.5,1.52587890625e-08
336,16.882845340262307,14.974395858271333,0.01246763267286542,0.012140537790721542,0.41448186586716534,0.4102652082209337,2.8367938357714766,2.4901180113172585,1.1359633724493796,1.0507000362461094,2.8367938357714766,2.4901180113172585,42.74323003908431,46.00055741360089,1.0,2.5,1.52587890625e-08
337,16.878454791973716,14.921522032058359,0.012482281856962684,0.01217570694302569,0.414352571278694,0.4101499550318638,2.8356172278365364,2.479606788958461,1.1367668979731038,1.0505812209319643,2.8356172278365364,2.479606788958461,42.221524288107204,46.82274247491639,1.0,2.5,1.52587890625e-08
338,16.896079066077935,14.923667913030753,0.012485523003042743,0.012175911818418149,0.41423853285015794,0.4100210483257587,2.839217620079641,2.4806050783814397,1.1366334569181296,1.0492227520033668,2.839217620079641,2.4806050783814397,42.42741485203797,46.64855072463768,1.0,2.5,1.52587890625e-08
339,16.909059685345536,14.95868665318824,0.01247146355621579,0.012186173614376166,0.4141132838229505,0.40990411627252765,2.84185556963394,2.4868984379231462,1.1365985250020414,1.0510520440678932,2.84185556963394,2.4868984379231462,42.615857063093245,46.181716833890746,1.0,2.5,1.52587890625e-08
340,16.900175789492813,14.945234243420588,0.012467800617729698,0.012150249438756951,0.4139849573523555,0.4097676766224397,2.839977299548074,2.4846725745610434,1.1369182852511297,1.0499767393305681,2.839977299548074,2.4846725745610434,42.66820212171971,46.19565217391305,1.0,2.5,1.52587890625e-08
341,16.870509972457842,14.962863791347747,0.012486493727166283,0.012168339262597071,0.4138525158150245,0.4096459186861215,2.834247016826866,2.488286173596164,1.1364679413092063,1.0498093068931946,2.834247016826866,2.488286173596164,42.57049134561697,46.04236343366778,1.0,2.5,1.52587890625e-08
342,16.89824664586087,14.92826195039611,0.012472092653434913,0.012168027981783501,0.4137407018111978,0.4095358072116622,2.839492499262577,2.4812972577519243,1.1372856721074005,1.0500359233539374,2.839492499262577,2.4812972577519243,42.52163595756561,46.03539576365663,1.0,2.5,1.52587890625e-08
343,16.861110968406077,14.950806616673635,0.012480280738030647,0.012171017478449621,0.41361103335417293,0.4093916645749091,2.8323348512335373,2.4861002013569027,1.1366727019341414,1.049371461339353,2.8323348512335373,2.4861002013569027,42.50593243997767,46.892419175027875,1.0,2.5,1.52587890625e-08
344,16.862949462924703,14.936570944727597,0.012453876336436409,0.012185823663429605,0.4134802005931294,0.40927679788574595,2.832786778642238,2.4831575736021385,1.1365407341888403,1.0496602576711904,2.832786778642238,2.4831575736021385,42.7641680625349,46.46042363433668,1.0,2.5,1.52587890625e-08
345,16.88749633056368,15.005401501820371,0.01247988732262306,0.012184867332196288,0.4133606735785403,0.40914958260264017,2.8377080442917406,2.495975431524126,1.136557789437269,1.0520949736486709,2.8377080442917406,2.495975431524126,42.676926298157454,45.93088071348941,1.0,2.5,1.52587890625e-08
346,16.90107249095412,14.949360389241672,0.012478150121580616,0.012156174999922349,0.4132348012152096,0.409040092358754,2.8403086750151925,2.4857835038715645,1.1369080789125146,1.049623313091006,2.8403086750151925,2.4857835038715645,42.39251814628699,46.160813823857296,1.0,2.5,1.52587890625e-08
347,16.86731965231669,14.983534929877274,0.01250254862022959,0.012133313303474865,0.41312029721482646,0.408915117366391,2.8336854705192867,2.4918577951465295,1.1366347326106163,1.0515987383349152,2.8336854705192867,2.4918577951465295,42.71705750977108,45.81243032329989,1.0,2.5,1.52587890625e-08
348,16.89198502903208,14.96378823347315,0.012472243594772186,0.012189689917757759,0.4130036030848688,0.40878978660672805,2.8384775773298134,2.4880062655328774,1.1370606692658662,1.051388656215923,2.8384775773298134,2.4880062655328774,42.36460078168621,45.9866220735786,1.0,2.5,1.52587890625e-08
349,16.906917746675408,14.913907789997964,0.012471864496044179,0.012170425439699904,0.412875473083297,0.408662930313693,2.8414233083634453,2.478474026273857,1.13722696995216,1.0503521962973852,2.8414233083634453,2.478474026273857,42.429159687325516,45.958751393534,1.0,2.5,1.52587890625e-08
350,16.8789231285977,14.961080040820068,0.012483537029672575,0.012191929433955796,0.4127450062202249,0.4085386697132319,2.8360099378476122,2.4878370163831423,1.1368224399173679,1.050582204840521,2.8360099378476122,2.4878370163831423,42.63505025125628,46.070234113712374,1.0,2.5,1.52587890625e-08
351,16.87687851050125,14.912853492940947,0.012473369797765543,0.012167563776141957,0.41261621981875846,0.4083978036042706,2.835967646039178,2.478815788409383,1.1359753497548106,1.049104614401342,2.835967646039178,2.478815788409383,42.626326074818536,46.36984392419175,1.0,2.5,1.52587890625e-08
352,16.886139119423547,14.961983659461456,0.012469963748309613,0.012184825288744408,0.41249223824721487,0.4082831911817442,2.8376346859167834,2.488275633474922,1.1365017649316709,1.0500687516918417,2.8376346859167834,2.488275633474922,42.4570770519263,46.04933110367893,1.0,2.5,1.52587890625e-08
353,16.883424970306276,14.933710709596292,0.012475933250932138,0.012145457940888378,0.4123724021604113,0.408168789069921,2.8367429056492415,2.4823844563070616,1.137431000611557,1.0507370886063763,2.8367429056492415,2.4823844563070616,42.3070212171971,46.328037904124855,1.0,2.5,1.52587890625e-08
354,16.871625859799963,14.951141812463801,0.012488052669635936,0.012173257106780142,0.41225049764932964,0.4080465808095475,2.834948445085305,2.485809295871186,1.1360725390718078,1.050937730598875,2.834948445085305,2.485809295871186,42.93690675600224,46.31410256410257,1.0,2.5,1.52587890625e-08
355,16.871046850096906,14.942824043690694,0.012475203158513817,0.01218601749896372,0.4121356849760932,0.40793267872554134,2.8346502075376354,2.4841333310075164,1.1365924594390333,1.0510193763369302,2.8346502075376354,2.4841333310075164,42.51989112227806,45.88210702341137,1.0,2.5,1.52587890625e-08
356,16.896387331316685,14.917065483271877,0.012488717843514791,0.012172910480354076,0.41201900665417923,0.4078143125393718,2.839564590730992,2.4793271723399593,1.137028314693223,1.050221210007152,2.839564590730992,2.4793271723399593,42.31225572305974,46.174749163879596,1.0,2.5,1.52587890625e-08
357,16.909618644991244,14.956621965304134,0.012481083264049207,0.012173284623884038,0.4118895201394173,0.4076888590486286,2.8419698422877633,2.4872087172441257,1.13769942545345,1.0503581409470293,2.8419698422877633,2.4872087172441257,42.25467615857063,46.53706800445931,1.0,2.5,1.52587890625e-08
358,16.890441670889032,14.939108060753863,0.012477139111385706,0.012152440492956667,0.4117699057645867,0.4075666487947887,2.8384683351820237,2.4840672486601862,1.1369264732852853,1.0495263913536284,2.8384683351820237,2.4840672486601862,42.5321049692909,46.44648829431438,1.0,2.5,1.52587890625e-08
359,16.88845395269772,14.92754232604368,0.012484369729294549,0.012147398514999129,0.4116483287795305,0.4074429155326341,2.8381155483686746,2.481655176135077,1.1368717574194647,1.0498380663004208,2.8381155483686746,2.481655176135077,42.357621440536015,46.1886845039019,1.0,2.5,1.52587890625e-08
360,16.888612505445796,14.963680004728014,0.012468975527177704,0.012161587458415375,0.4115191185061723,0.4073153049783696,2.8380557648101243,2.4883142248576835,1.1371727817089181,1.0513159976223507,2.8380557648101243,2.4883142248576835,42.28608319374651,45.582497212932,1.0,2.5,1.52587890625e-08
361,16.87872165038824,14.947449482138474,0.012483823579064732,0.012180429472148818,0.41139922093439873,0.40719063053428795,2.836087233923055,2.485321853073146,1.137201243842001,1.050734591656837,2.836087233923055,2.485321853073146,42.51814628699051,45.93088071348941,1.0,2.5,1.52587890625e-08
362,16.88377954865354,14.90432455919791,0.012469608450567403,0.01217627041187208,0.4112690049699403,0.4070624542342646,2.8374273497455285,2.4773195693591235,1.1364520934625153,1.0492439659409964,2.8374273497455285,2.4773195693591235,42.63330541596873,46.69035674470457,1.0,2.5,1.52587890625e-08
363,16.888945242468036,14.939153197085446,0.012482445848776036,0.012198773931209392,0.41114845655604754,0.40694653130693975,2.838104252839208,2.483488065343238,1.137396524566169,1.0512837398809733,2.838104252839208,2.483488065343238,42.45882188721385,46.181716833890746,1.0,2.5,1.52587890625e-08
364,16.892382505151694,14.906596861023834,0.012483357128935243,0.012168925134060175,0.41102651495430337,0.40682128247874505,2.8387557172961637,2.477796660219148,1.1375470367108957,1.0493116579459796,2.8387557172961637,2.477796660219148,42.429159687325516,46.3768115942029,1.0,2.5,1.52587890625e-08
365,16.86256793143029,14.944806267983937,0.012482073948427926,0.012157233018706342,0.4108984723296131,0.4066986939978839,2.8331305619926175,2.4853223393460446,1.1367672842884118,1.0496693032906872,2.8331305619926175,2.4853223393460446,42.26340033500838,45.9726867335563,1.0,2.5,1.52587890625e-08
366,16.889687979574113,14.949740794722983,0.012477058284962263,0.012194992684724936,0.4107865062856861,0.4065819699296452,2.8387214144403745,2.4859844062107728,1.1364086759216887,1.0505209061480154,2.8387214144403745,2.4859844062107728,42.56002233389168,46.06326644370123,1.0,2.5,1.52587890625e-08
367,16.881620882077964,14.918114387869435,0.012486456721783981,0.012154317042533901,0.410656765777262,0.40645437940971774,2.837222065624746,2.4796563491906345,1.1361836456573589,1.0506119791879303,2.837222065624746,2.4796563491906345,42.6751814628699,45.77759197324415,1.0,2.5,1.52587890625e-08
368,16.86523645434015,14.930238056076544,0.012487835701116133,0.012180837362365114,0.41053821080760006,0.40635147066153543,2.833867794438356,2.4826826004678986,1.1364357110044265,1.0491463226352382,2.833867794438356,2.4826826004678986,42.26863484087102,46.22352285395764,1.0,2.5,1.52587890625e-08
369,16.887616054762812,14.951185199860879,0.012488644587792277,0.012164930473502264,0.4104265400912095,0.4062276930447539,2.8382162226437857,2.4866135099128206,1.1368099027076692,1.049862500815886,2.8382162226437857,2.4866135099128206,42.415201005025125,46.28623188405797,1.0,2.5,1.52587890625e-08
370,16.87769228649299,14.970284573609215,0.012487888479702038,0.012187565107899432,0.41030046170746926,0.4061025855533255,2.836228765767756,2.490337442394882,1.13688003577579,1.050153574085023,2.836228765767756,2.490337442394882,42.30876605248465,45.735785953177256,1.0,2.5,1.52587890625e-08
371,16.903326327410706,14.96426544487144,0.012496490697082628,0.012165632580667569,0.4101841595670752,0.4059955770754097,2.8413657082451715,2.4888778259124247,1.1369085535531867,1.0508575229474666,2.8413657082451715,2.4888778259124247,42.450097710776106,46.160813823857296,1.0,2.5,1.52587890625e-08
372,16.87751868741596,14.921770291450697,0.012470709294650656,0.012152373456420043,0.4100716846206213,0.4058820836187871,2.8362480951114315,2.4811012949566114,1.136867891271177,1.0491146609403086,2.8362480951114315,2.4811012949566114,42.469290898939136,46.73913043478261,1.0,2.5,1.52587890625e-08
373,16.9122838745032,14.96012957625033,0.012476794259432373,0.01217060619726395,0.4099481451418199,0.4057557009401396,2.842979557882934,2.488340357075567,1.137480566649381,1.0502507384937079,2.842979557882934,2.488340357075567,42.56351200446678,46.11900780379041,1.0,2.5,1.52587890625e-08
374,16.88316095268041,14.953204823709784,0.012472262122423406,0.012181746825334952,0.4098315074049781,0.4056385535260905,2.837704743172855,2.487516343925842,1.1361667377066174,1.0489014015017013,2.837704743172855,2.487516343925842,42.659477945281964,46.167781493868446,1.0,2.5,1.52587890625e-08
375,16.895168782611723,14.984220628089862,0.012475105987925193,0.012179929693515019,0.40970282967965205,0.4055091434697244,2.8397481110028084,2.493595208079786,1.137125161358393,1.0492777604456065,2.8397481110028084,2.493595208079786,42.47452540480179,46.47435897435898,1.0,2.5,1.52587890625e-08
376,16.867456134772713,14.931847128979737,0.012488582340500196,0.012153274401474158,0.40958032582739357,0.40538413708026594,2.8340698869983156,2.4827479651673316,1.137518887477238,1.05028492836915,2.8340698869983156,2.4827479651673316,42.60015354550531,46.38377926421405,1.0,2.5,1.52587890625e-08
377,16.870880847400556,14.994761454221795,0.012471326873317935,0.012150077446215395,0.40944797842280284,0.4052499575891357,2.8350777946857684,2.4950207709734524,1.136786294941926,1.0511287510594396,2.8350777946857684,2.4950207709734524,42.50593243997767,46.04236343366778,1.0,2.5,1.52587890625e-08
378,16.881527814966283,14.958887508481642,0.012491055999818559,0.012178880206144174,0.40932682119954705,0.4051333551555706,2.8373536608326972,2.4877460356407206,1.1364708138470674,1.05142250308225,2.8373536608326972,2.4877460356407206,42.289572864321606,46.21655518394649,1.0,2.5,1.52587890625e-08
379,16.901494033106342,14.912421896306169,0.012481180817878893,0.012154166088330507,0.40921212753591957,0.4050269389032919,2.8412277271200463,2.4794204593900853,1.136831040491544,1.0490692529657082,2.8412277271200463,2.4794204593900853,42.6106225572306,46.3768115942029,1.0,2.5,1.52587890625e-08
380,16.88235826135547,14.981037668294066,0.012473136835041525,0.012159822050818432,0.40910389383767054,0.40492323562585925,2.8373847242043313,2.4929459994719045,1.1369288028917255,1.0496122880258423,2.8373847242043313,2.4929459994719045,42.612367392518145,46.69035674470457,1.0,2.5,1.52587890625e-08
381,16.886840439055767,14.967538401966245,0.012477679311759075,0.012176366582089244,0.4089880692000365,0.40480207180897126,2.8379830568612854,2.4901400021751856,1.1377296990885009,1.0499300189906007,2.8379830568612854,2.4901400021751856,42.36111111111111,46.21655518394649,1.0,2.5,1.52587890625e-08
382,16.914080514913163,14.943807984674256,0.012471138871998211,0.01220113132979592,0.4088677056237747,0.40467627248503557,2.843313855741491,2.484772519523085,1.1380862034878074,1.0515339751307382,2.843313855741491,2.484772519523085,42.006909547738694,45.69397993311037,1.0,2.5,1.52587890625e-08
383,16.902578721294052,14.978939564597514,0.01248178424834706,0.01219661335316523,0.4087541757982447,0.40456474325728653,2.841441943750642,2.492011923853769,1.1370665139156237,1.051059323343279,2.841441943750642,2.492011923853769,42.30178671133445,46.45345596432553,1.0,2.5,1.52587890625e-08
384,16.88198568406949,14.973146437535451,0.01248341840486464,0.012183192259774293,0.4086242435964907,0.40443142261792187,2.837309164018487,2.491543900076229,1.1371661165052123,1.0494061226695943,2.837309164018487,2.491543900076229,42.58968453378001,46.47435897435898,1.0,2.5,1.52587890625e-08
385,16.88578372850956,14.927274176641186,0.012483754815634638,0.01218732226943159,0.4085014112697241,0.4043094931105972,2.838056466088223,2.4820469967364733,1.13725813682488,1.0502711670720324,2.838056466088223,2.4820469967364733,42.35238693467337,46.21655518394649,1.0,2.5,1.52587890625e-08
386,16.87958381882864,14.908407523879239,0.012487035123022957,0.012197013167766158,0.4083831243046431,0.4041966817184967,2.8372137075293202,2.478059365996549,1.1363225558960923,1.0508584334300115,2.8372137075293202,2.478059365996549,42.55827749860413,45.770624303233,1.0,2.5,1.52587890625e-08
387,16.892951592595,14.946147287171023,0.012484950358219681,0.012153934965630704,0.40826395015886946,0.40408010390424143,2.8396572563516433,2.485856794194633,1.1369582270857077,1.0503146584616059,2.8396572563516433,2.485856794194633,42.676926298157454,46.167781493868446,1.0,2.5,1.52587890625e-08
388,16.90241033787304,14.900008970279757,0.012477152110901644,0.012197038610419103,0.4081568734097388,0.40397531059939196,2.841764216580117,2.477514140980698,1.1364775826849796,1.0481329901162597,2.841764216580117,2.477514140980698,42.389028475711896,46.941192865105904,1.0,2.5,1.52587890625e-08
389,16.894350558802245,14.932717521055087,0.01248629054128458,0.012157411547118139,0.4080317107942902,0.4038516724920326,2.840089871722317,2.482532431316482,1.1366915996350235,1.0520231535735072,2.840089871722317,2.482532431316482,42.58096035734227,46.244425863991076,1.0,2.5,1.52587890625e-08
390,16.8950413358338,14.93809709793482,0.012484884151116654,0.012106775885516384,0.40790334162533715,0.40371312943589327,2.8403544744122033,2.483861396411058,1.1364403764739641,1.051485150155415,2.8403544744122033,2.483861396411058,42.8391959798995,45.86817168338907,1.0,2.5,1.52587890625e-08
391,16.88739761701847,14.962878263382077,0.012485994084825034,0.01215353468588762,0.4077737047843997,0.40357685607412586,2.838900931117123,2.489202073452332,1.1363166347021234,1.0505687274794648,2.838900931117123,2.489202073452332,42.441373534338354,45.70791527313266,1.0,2.5,1.52587890625e-08
392,16.907271838334605,14.940333384468138,0.012477710964766579,0.01212416434558804,0.4076319981027355,0.4034468274119174,2.84262067415673,2.4847869736162185,1.1370293902392363,1.0504137688257225,2.84262067415673,2.4847869736162185,42.15522054718034,46.272296544035676,1.0,2.5,1.52587890625e-08
393,16.88626601721307,14.96817031273475,0.012470078013425496,0.01214407458112325,0.4075166787733784,0.40331854672070466,2.83858899335366,2.4904489264706173,1.136667150615115,1.050231629590127,2.83858899335366,2.4904489264706173,42.30178671133445,46.523132664437014,1.0,2.5,1.52587890625e-08
394,16.89160616313992,14.910118815359331,0.01247767005313348,0.012177288195859629,0.4073869424083258,0.40320303281945663,2.8394176561961553,2.478977667448114,1.1373266238596504,1.0499250757255683,2.8394176561961553,2.478977667448114,42.31574539363484,46.439520624303235,1.0,2.5,1.52587890625e-08
395,16.919188371122647,14.932204332638744,0.012488531658560087,0.012179914162127735,0.4072783502002857,0.40310111891067146,2.84516668998616,2.482850113042621,1.1367940155239094,1.051336348721282,2.84516668998616,2.482850113042621,42.44311836962591,45.76365663322185,1.0,2.5,1.52587890625e-08
396,16.88302257246042,14.939639155282624,0.012475679646751057,0.012157717554590176,0.4071634417469444,0.4029797843866125,2.8378084953239946,2.4848799175243315,1.1371704970306022,1.0500510453247571,2.8378084953239946,2.4848799175243315,42.37681462869905,45.91694537346711,1.0,2.5,1.52587890625e-08
397,16.895599475990522,14.927182689824098,0.012475765022667076,0.012169635130991638,0.40704731905280644,0.40286248164830796,2.8406519083122115,2.4824062693477873,1.1364084129424017,1.0500595900526015,2.8406519083122115,2.4824062693477873,42.300041876046905,46.355908584169455,1.0,2.5,1.52587890625e-08
398,16.88390549063882,14.963682339475838,0.012471617416321133,0.012180091112378649,0.40692654030739694,0.40274468220463033,2.8377226294917413,2.4895468619356187,1.1379471125381742,1.050511675202594,2.8377226294917413,2.4895468619356187,42.17266890005584,46.516164994425864,1.0,2.5,1.52587890625e-08
399,16.881456851160507,14.93864487272707,0.012483171025620765,0.012164651324874914,0.4068091612565058,0.40263466173191137,2.8379230963857665,2.484317880011721,1.136274528130681,1.0511280544758375,2.8379230963857665,2.484317880011721,42.51465661641541,46.432552954292085,1.0,2.5,1.52587890625e-08
400,16.86052181599594,15.000037174161063,0.012468153237464507,0.012167909190914237,0.4066910278624093,0.4025023825790571,2.8338504215647293,2.496628111421464,1.1360552784852114,1.051113120621795,2.8338504215647293,2.496628111421464,42.469290898939136,46.03539576365663,1.0,2.5,1.52587890625e-08
401,16.89316734024295,14.95058061818747,0.01248062586142473,0.012167070401518905,0.40656688418353754,0.4023923537005549,2.840161114282145,2.486923161956379,1.1366571534085979,1.05070269440063,2.840161114282145,2.486923161956379,42.50942211055276,46.167781493868446,1.0,2.5,1.52587890625e-08
402,16.881655343746353,14.931941401333846,0.012486115177559792,0.01218673931652786,0.4064605165499672,0.4022803626530944,2.8375953879854254,2.483255178234649,1.1373658972968608,1.0505992191425269,2.8375953879854254,2.483255178234649,42.408221663874926,45.71488294314381,1.0,2.5,1.52587890625e-08
403,16.889767258078077,14.963230972970475,0.012494781543357722,0.012192802017797594,0.4063379820134638,0.4021453880014494,2.8397630537641176,2.4898503299806696,1.1360595816676673,1.0498205893813168,2.8397630537641176,2.4898503299806696,42.3820491345617,46.38377926421405,1.0,2.5,1.52587890625e-08
404,16.89084552720164,14.907159662831454,0.012461610887218361,0.0121800915432581,0.40620036117861485,0.40202031539568267,2.8400898988788716,2.478917956219336,1.135867039828511,1.0491846991887726,2.8400898988788716,2.478917956219336,42.66645728643216,46.65551839464883,1.0,2.5,1.52587890625e-08
405,16.89425679200991,14.956891121540048,0.012475552602599846,0.012162507107790764,0.4060891810274204,0.4019201589933074,2.8404556134105197,2.487892652700843,1.1367069800961025,1.0516726532774492,2.8404556134105197,2.487892652700843,42.310510887772196,45.79152731326644,1.0,2.5,1.52587890625e-08
406,16.872214420623184,14.930571452962647,0.012474120364720464,0.012163317174657996,0.40598457692256523,0.4018107584886328,2.836286426988279,2.4829229076570494,1.1361618018030522,1.0509914371082216,2.836286426988279,2.4829229076570494,42.8322166387493,45.93784838350056,1.0,2.5,1.52587890625e-08
407,16.894834355493288,14.895903807419996,0.012470550970852975,0.012130174736015773,0.40586002514656533,0.4016735862064255,2.8403316012712114,2.4767325716539634,1.1374228644277848,1.0492185949614747,2.8403316012712114,2.4767325716539634,42.24420714684533,45.41527313266444,1.0,2.5,1.52587890625e-08
408,16.901858646599425,14.938054214486044,0.012471528861116325,0.012200491958678832,0.4057417307433837,0.40157195061877154,2.8419324795271947,2.4844118827162776,1.1369914930003904,1.0511112094855761,2.8419324795271947,2.4844118827162776,42.204075935231714,45.387402452619845,1.0,2.5,1.52587890625e-08
409,16.87557954963927,14.953369137435454,0.012478672350704304,0.012178391290863887,0.40562991530851306,0.40145284469045256,2.8368763831791965,2.4880325810167703,1.1365445494185873,1.0497874675387124,2.8368763831791965,2.4880325810167703,42.479759910664434,46.1886845039019,1.0,2.5,1.52587890625e-08
410,16.895030981731576,14.955334914302082,0.012497068809200804,0.01213562062348643,0.4055125615005717,0.4013357469801653,2.840406281132062,2.488303934185534,1.137494975864255,1.0501719598918986,2.840406281132062,2.488303934185534,42.44311836962591,45.92391304347826,1.0,2.5,1.52587890625e-08
411,16.88220188805406,14.929564990593306,0.012469007443825937,0.012190483816782035,0.40539402907817207,0.40120447751803273,2.8381556656558975,2.483233269241741,1.1367803003986343,1.0500018762771368,2.8381556656558975,2.483233269241741,42.62109156895589,46.077201783723524,1.0,2.5,1.52587890625e-08
412,16.878296356371568,14.920542630862233,0.01248427257586597,0.012160019336502953,0.4052635355743864,0.4010773822083787,2.837333414023446,2.4808544070691436,1.136940735934634,1.0515166125701556,2.837333414023446,2.4808544070691436,42.40996649916248,45.61036789297659,1.0,2.5,1.52587890625e-08
413,16.90501002104571,14.941735604667876,0.012488427821553034,0.012169180348631795,0.4051405680971662,0.400970136242168,2.842865875884183,2.485227106274038,1.1365258257060262,1.0512304179112915,2.842865875884183,2.485227106274038,42.58793969849246,45.86120401337793,1.0,2.5,1.52587890625e-08
414,16.873406543870136,14.950784556708873,0.012491478172865644,0.012162660859076673,0.40503526361277487,0.4008583383283753,2.8366570024101647,2.487357402459169,1.1362973862290715,1.0504882671894171,2.8366570024101647,2.487357402459169,42.6141122278057,45.85423634336678,1.0,2.5,1.52587890625e-08
415,16.862654144440462,14.911969295446424,0.012474819323612716,0.012171447528328917,0.4049126938492942,0.40073291454028126,2.8342643550891973,2.4795050743298654,1.1369724122590024,1.0507698097622382,2.8342643550891973,2.4795050743298654,42.228503629257396,45.9866220735786,1.0,2.5,1.52587890625e-08
416,16.89627560818415,14.983859133428023,0.01247087419542652,0.012186844365976527,0.40479675078445276,0.40062178227813744,2.8410115657339943,2.493459319324132,1.136975097296825,1.0518769437785664,2.8410115657339943,2.493459319324132,42.33493858179788,45.40133779264214,1.0,2.5,1.52587890625e-08
417,16.869645739054295,14.935249838940674,0.012476321089324307,0.012169616607328257,0.4046758983735596,0.40049249830851985,2.835945178915308,2.484142995199631,1.1363838209512178,1.0509363787628736,2.835945178915308,2.484142995199631,42.55304299274149,46.21655518394649,1.0,2.5,1.52587890625e-08
418,16.88581742074222,14.945818559780568,0.012475578777392205,0.012174169737492649,0.4045429621443011,0.40037127854167553,2.8387380817760506,2.486320114454697,1.1375542224818005,1.0508362987767095,2.8387380817760506,2.486320114454697,42.58968453378001,45.72881828316611,1.0,2.5,1.52587890625e-08
419,16.89997741405289,14.921339728228888,0.012469572868429037,0.012137100677791912,0.40443496177277705,0.4002709125595348,2.841922726197192,2.481371241136804,1.1367295883275623,1.0510377275239398,2.841922726197192,2.481371241136804,42.41345616973758,46.67642140468227,1.0,2.5,1.52587890625e-08
420,16.88579077856425,14.938498906334374,0.012474514856011025,0.012162561147341893,0.40432935563763184,0.40015349908417286,2.839345855728865,2.485440103239572,1.1361288137105774,1.0494911482634486,2.839345855728865,2.485440103239572,42.530360134003345,46.68338907469342,1.0,2.5,1.52587890625e-08
421,16.884443577010828,14.96564809720519,0.012492948187809461,0.012177571504809784,0.40420857028612406,0.40003784537448267,2.838690788901631,2.4902602616228253,1.1371440415539467,1.051065711074051,2.838690788901631,2.4902602616228253,42.43439419318816,46.160813823857296,1.0,2.5,1.52587890625e-08
422,16.864485998915136,14.970183148166141,0.012489445145085395,0.012193809861448099,0.40410170072220614,0.3999319373896821,2.83498654093974,2.491073317352346,1.1364810508033671,1.0513454171991934,2.83498654093974,2.491073317352346,42.565256839754326,45.958751393534,1.0,2.5,1.52587890625e-08
423,16.874772464277225,14.932376804160434,0.01248217564354906,0.012190491772997074,0.40397221598792915,0.39979251172630287,2.8369110871266545,2.4835629718359495,1.1368813180577348,1.0512894754159943,2.8369110871266545,2.4835629718359495,42.371580122836406,45.93088071348941,1.0,2.5,1.52587890625e-08
424,16.887680545723818,14.93198652809679,0.012482168511729345,0.01214376556060984,0.40384449180379917,0.3996727333685493,2.8395381623443314,2.483827514127478,1.1368315466817434,1.0505161515313512,2.8395381623443314,2.483827514127478,42.72927135678392,45.26198439241917,1.0,2.5,1.52587890625e-08
425,16.881354528455876,14.964790032725935,0.012473172008978762,0.012149039335100347,0.4037284719285054,0.3995502052897195,2.8382703364727417,2.4902828289912295,1.1369006327581699,1.050838304934826,2.8382703364727417,2.4902828289912295,42.507677275265216,45.72881828316611,1.0,2.5,1.52587890625e-08
426,16.894743906060523,14.960507817092946,0.012488717340153398,0.012180128324789347,0.403615440439073,0.39944817130780935,2.8407950294809856,2.489369788031647,1.1373322969172535,1.0510152719225505,2.8407950294809856,2.489369788031647,42.535594639866,46.67642140468227,1.0,2.5,1.52587890625e-08
427,16.873784789953866,14.928333563150769,0.012474261111429555,0.012179933509134263,0.4035073180128116,0.3993338334520525,2.837063564793615,2.4837441872327757,1.1362427035102227,1.0490494511996624,2.837063564793615,2.4837441872327757,42.77638190954774,46.794871794871796,1.0,2.5,1.52587890625e-08
428,16.8864971237566,14.967124457343367,0.012476198366905044,0.012160610189555481,0.4033894505765703,0.3992240225258745,2.839667444053407,2.4909515667918534,1.1361471527718352,1.0504909573058487,2.839667444053407,2.4909515667918534,42.605388051367946,45.93088071348941,1.0,2.5,1.52587890625e-08
429,16.902061274968865,14.932175105763651,0.012481243363131797,0.012182993948285196,0.4032764624677378,0.39911148055075535,2.8427519156638636,2.4838575705503807,1.1362719733511384,1.050796379014401,2.8427519156638636,2.4838575705503807,42.66645728643216,45.48494983277592,1.0,2.5,1.52587890625e-08
430,16.87203398767894,14.92541542925032,0.012474998615428364,0.012136747237240923,0.40315713757978744,0.39898379583954147,2.8368096930697138,2.482677862264108,1.1361766962416673,1.050452750529201,2.8368096930697138,2.482677862264108,42.50244276940257,45.93088071348941,1.0,2.5,1.52587890625e-08
431,16.860822096142538,14.937105451007618,0.012482628942842194,0.012178628881946787,0.40303481556995163,0.3988638126531174,2.8341282709293165,2.4848528211332086,1.1373316451599318,1.0508994029517158,2.8341282709293165,2.4848528211332086,42.06274427694026,45.69397993311037,1.0,2.5,1.52587890625e-08
432,16.895881047400596,14.922856290470664,0.012487560919356506,0.012175211669418259,0.4029131655517335,0.3987455934850933,2.8414749331077607,2.482218326666416,1.1365528407541485,1.0504218642926935,2.8414749331077607,2.482218326666416,42.58445002791736,45.72881828316611,1.0,2.5,1.52587890625e-08
433,16.872713247668738,14.935881524314583,0.012481933115398598,0.012157463260958493,0.40280354069571866,0.3986387670771068,2.836547230422863,2.484502752223275,1.1373458006473842,1.051285756803808,2.836547230422863,2.484502752223275,42.41694584031268,45.86817168338907,1.0,2.5,1.52587890625e-08
434,16.887563662845817,14.965692422328852,0.012484428416136787,0.012161437622422026,0.4026849978732903,0.39852032939194304,2.8398727543989017,2.4904594272541227,1.1365152277938484,1.0513567722494919,2.8398727543989017,2.4904594272541227,42.340173087660524,45.826365663322186,1.0,2.5,1.52587890625e-08
435,16.874287138299394,14.96198671292036,0.012475252885731288,0.012177443973836358,0.40257355665641414,0.39841424578275436,2.837176317212836,2.49043671157182,1.136678374525823,1.0496057603537305,2.837176317212836,2.49043671157182,42.28608319374651,45.81243032329989,1.0,2.5,1.52587890625e-08
436,16.895707267279867,14.899403876152592,0.01247899908424755,0.01216368048598236,0.4024622600248977,0.3982983485379214,2.8416293467442326,2.4778665906210806,1.1363096627890896,1.0498044409082088,2.8416293467442326,2.4778665906210806,42.68390563930765,46.73913043478261,1.0,2.5,1.52587890625e-08
437,16.88606515987701,14.964577589811157,0.0124842467583146,0.012175317014772091,0.40233989370261936,0.398165483206278,2.8394608171474727,2.490431991575022,1.136968458384392,1.0510384016478207,2.8394608171474727,2.490431991575022,42.493718592964825,46.251393534002226,1.0,2.5,1.52587890625e-08
438,16.869906768926622,14.952572282474309,0.012493617131698737,0.012190697836163252,0.4022020055287913,0.3980330699263608,2.836354645053346,2.487827571339432,1.1367189596645797,1.05160530614215,2.836354645053346,2.487827571339432,42.54955332216639,46.265328874024526,1.0,2.5,1.52587890625e-08
439,16.88128875847438,14.953922862857747,0.012470662230360549,0.012151063242335383,0.40208405427663835,0.3979223151270761,2.838646950500761,2.4880783249569047,1.1367496210127022,1.0517289599978936,2.838646950500761,2.4880783249569047,42.415201005025125,45.90301003344482,1.0,2.5,1.52587890625e-08
440,16.89176582877427,14.946779084179047,0.012486482058334025,0.012168737062966345,0.4019729856803123,0.39780697037145046,2.840428428633928,2.4872346517101445,1.1375820792500098,1.0503150531015002,2.840428428633928,2.4872346517101445,42.39775265214964,46.32107023411371,1.0,2.5,1.52587890625e-08
441,16.87059059867241,15.020258585611979,0.012482644366604833,0.012203344215567295,0.401858776791145,0.3977026714130389,2.83650325357681,2.5016394213024724,1.1368664546361653,1.0510776956610324,2.83650325357681,2.5016394213024724,42.4570770519263,46.697324414715716,1.0,2.5,1.52587890625e-08
442,16.874769635735646,14.916454437451485,0.012479451340417799,0.012155659236180012,0.40174689657657525,0.39758532847316236,2.8374677694822275,2.4805900601373203,1.136602239925591,1.0518816021108042,2.8374677694822275,2.4805900601373203,42.71007816862088,45.770624303233,1.0,2.5,1.52587890625e-08
443,16.889256413990662,14.934192403370188,0.012482511120916478,0.012185063492402917,0.4016333856042173,0.3974681111881167,2.8405347171274395,2.485367243372344,1.1362334825285716,1.0488515055697898,2.8405347171274395,2.485367243372344,42.48150474595198,46.66248606465998,1.0,2.5,1.52587890625e-08
444,16.859232427020903,14.94988822618057,0.01246313469319088,0.012222209217498201,0.40150138441242367,0.39733283210093095,2.834610117939449,2.487423674717396,1.136108665011037,1.0516073601434595,2.834610117939449,2.487423674717396,42.598408710217754,46.30713489409142,1.0,2.5,1.52587890625e-08
445,16.89130802250388,14.955754452325827,0.012481159915901109,0.01217645508472869,0.40138049935376025,0.3972156731247769,2.840736289719241,2.4888618476148965,1.1368824447885297,1.0510265746111322,2.840736289719241,2.4888618476148965,42.38379396984925,45.72185061315496,1.0,2.5,1.52587890625e-08
446,16.90288748067561,14.93284500190114,0.012481617297725529,0.012205302257427204,0.40126293456667567,0.39710503358107346,2.843151167076703,2.484637203556771,1.136693548783452,1.0501743056702375,2.843151167076703,2.484637203556771,42.66296761585706,45.819397993311036,1.0,2.5,1.52587890625e-08
447,16.869554301335917,14.958521059391357,0.012485019067049626,0.012190206955449704,0.40114362814917637,0.39698323610767206,2.8362606652684215,2.4895160471981055,1.1373111761727857,1.0508837020782589,2.8362606652684215,2.4895160471981055,42.45184254606365,45.51978818283166,1.0,2.5,1.52587890625e-08
448,16.89094307141754,14.961778819361658,0.012485074787283662,0.012173023444487233,0.4010291458474132,0.39687379739489176,2.8407521106756177,2.489993621141483,1.1368341743446875,1.0513819460087397,2.8407521106756177,2.489993621141483,42.33842825237298,45.68701226309922,1.0,2.5,1.52587890625e-08
449,16.870562521989356,14.92135792990592,0.01249121359301422,0.012158034049564248,0.400916561542577,0.3967476993832434,2.8367673199247343,2.482332554017687,1.1366590638189993,1.050394727434203,2.8367673199247343,2.482332554017687,42.43788386376326,46.11204013377927,1.0,2.5,1.52587890625e-08
450,16.90547608397381,14.953852596091586,0.012479193358344616,0.012170721958479621,0.40079966272341344,0.3966538313041164,2.843321363330886,2.488727016193811,1.1377952083537592,1.0506964519271085,2.843321363330886,2.488727016193811,41.956309324399776,45.993589743589745,1.0,2.5,1.52587890625e-08
451,16.895289842274387,14.903423384812099,0.012474085834025005,0.012170565849296757,0.400703484355771,0.3965571838677129,2.841579895855527,2.4786453082277093,1.1371064013705314,1.0507344664671483,2.841579895855527,2.4786453082277093,42.41345616973758,46.11900780379041,1.0,2.5,1.52587890625e-08
452,16.878637728113357,14.917430970182387,0.012474528120207693,0.01212795216739676,0.40060058627163214,0.39643616467681086,2.8382513334070882,2.481817400442185,1.137153002152158,1.0498898974894946,2.8382513334070882,2.481817400442185,42.36460078168621,46.09810479375697,1.0,2.5,1.52587890625e-08
453,16.891280447418367,15.016401132479427,0.012485676642147473,0.012158807118941376,0.40047830486350855,0.39632346046675276,2.841033129503047,2.501118445476162,1.1365754097816598,1.0511633216205116,2.841033129503047,2.501118445476162,42.52163595756561,45.57552954292085,1.0,2.5,1.52587890625e-08
454,16.865662585950176,14.97135687565458,0.012507933041674675,0.012168368558246755,0.40036598035971055,0.3962097158665907,2.8357991413455115,2.4921372350110125,1.1368964641604058,1.0511463150265756,2.8357991413455115,2.4921372350110125,42.51465661641541,45.58946488294314,1.0,2.5,1.52587890625e-08
455,16.893563346713698,14.988122666825685,0.012473525508556002,0.012200729519652084,0.40025733165871424,0.3960973358606149,2.8413980261431533,2.495689872781037,1.1369212147645082,1.050687646188066,2.8413980261431533,2.495689872781037,42.42741485203797,45.57552954292085,1.0,2.5,1.52587890625e-08
456,16.8936210581206,14.894133309456816,0.012466890675014188,0.012208775808222784,0.4001459291465851,0.3959885718365311,2.841264658437502,2.4770085357104654,1.1373424764321145,1.0504465855350729,2.841264658437502,2.4770085357104654,42.300041876046905,45.72185061315496,1.0,2.5,1.52587890625e-08
457,16.90080270282654,14.968768709878061,0.012507210717037828,0.012184761378419904,0.4000306467747702,0.3958669666329621,2.842720549310272,2.491406280460166,1.1373310588312708,1.0518428051352102,2.842720549310272,2.491406280460166,42.54606365159129,45.53372352285396,1.0,2.5,1.52587890625e-08
458,16.871158954486177,14.94732415848884,0.012469815167258865,0.012168824319689303,0.39990800286324446,0.3957419879194619,2.837044235316819,2.4878945969950528,1.1367799785135846,1.0499701456747192,2.837044235316819,2.4878945969950528,42.37681462869905,46.787904124860646,1.0,2.5,1.52587890625e-08
459,16.89115099158785,14.922039584837098,0.01249965436086849,0.012202211295398847,0.39979084469232395,0.39563884347710454,2.841115928108901,2.482578230010493,1.136640431626691,1.0506537229719768,2.841115928108901,2.482578230010493,42.50069793411502,46.30713489409142,1.0,2.5,1.52587890625e-08
460,16.86110123144988,15.02730051570114,0.012484331601749147,0.012193780602137647,0.39968286170964795,0.3955158418835605,2.835269780747389,2.5037871761332653,1.1362925568218007,1.050327564628095,2.835269780747389,2.5037871761332653,42.48324958123953,46.30713489409142,1.0,2.5,1.52587890625e-08
461,16.86451976782513,14.98213690924671,0.012480069001245306,0.012145974636991554,0.3995625708670273,0.39541358008166755,2.835658689106995,2.494643634777005,1.1370918471875768,1.050679570522861,2.835658689106995,2.494643634777005,42.39775265214964,46.3768115942029,1.0,2.5,1.52587890625e-08
462,16.892198742600808,14.917642272302803,0.012480172707732,0.012152882612651938,0.3994578178670405,0.3953000693151119,2.8413688379050233,2.481874545149447,1.136708282945144,1.0504082652637392,2.8413688379050233,2.481874545149447,42.18837241764378,46.258361204013376,1.0,2.5,1.52587890625e-08
463,16.88453490823291,14.922599783975013,0.012482114650500446,0.012198692093184893,0.3993412410826872,0.3951860686874177,2.8397037568936327,2.4832128120239494,1.1370963854606029,1.0495754605285832,2.8397037568936327,2.4832128120239494,41.96154383026242,45.88210702341137,1.0,2.5,1.52587890625e-08
464,16.886432489025598,14.920099549734738,0.012481981198891523,0.01215140534400807,0.39922994420157004,0.3950743192148581,2.8400036690955317,2.4820430196381467,1.1373511341149283,1.051329441825416,2.8400036690955317,2.4820430196381467,42.03308207705192,46.12597547380156,1.0,2.5,1.52587890625e-08
465,16.885570892470298,14.910122336618345,0.012476373529909277,0.012194154328285585,0.3991199897228839,0.39496294424818246,2.84020413346027,2.4805895957925514,1.1364769442396947,1.0500086225660616,2.84020413346027,2.4805895957925514,42.85489949748744,46.89938684503902,1.0,2.5,1.52587890625e-08
466,16.87933499662654,14.981975847794992,0.01249295709335408,0.01218595854531031,0.39900558691062055,0.39485460908516595,2.8385510033299175,2.4949666366662204,1.1375407048405914,1.0500510346264877,2.8385510033299175,2.4949666366662204,42.211055276381906,46.04236343366778,1.0,2.5,1.52587890625e-08
467,16.871544775651326,14.985526885476,0.012482593931665406,0.012197650835092451,0.398893224950079,0.39474344439596903,2.8374069108435855,2.4953649378939216,1.136567203177213,1.050880584230391,2.8374069108435855,2.4953649378939216,42.39251814628699,45.88210702341137,1.0,2.5,1.52587890625e-08
468,16.876139079040154,14.946577108291745,0.012490237995437208,0.012193637792075026,0.39876720380809705,0.3945968586997178,2.8382683573722307,2.4880507474758953,1.13676990982143,1.0497664330795058,2.8382683573722307,2.4880507474758953,42.455332216638745,46.55797101449276,1.0,2.5,1.52587890625e-08
469,16.874064372545643,14.923496232516523,0.012467661914626258,0.012200496101351153,0.3986300287600804,0.3944793965505517,2.8381265831153395,2.483100871976004,1.136166877216763,1.0506560317382898,2.8381265831153395,2.483100871976004,42.8357063093244,46.03539576365663,1.0,2.5,1.52587890625e-08
470,16.893557083666625,14.955588872350312,0.012487854956769365,0.012178662543495497,0.3985171022526982,0.3943679862330723,2.8417600653545607,2.489596867641079,1.1368759027877244,1.0505289207467001,2.8417600653545607,2.489596867641079,42.70309882747069,46.46739130434783,1.0,2.5,1.52587890625e-08
471,16.900465568039817,14.912672312894925,0.012477419214840045,0.012198236853989006,0.39840823190628916,0.3942626529314048,2.8429877849879177,2.4808315180881633,1.1373205051150554,1.0510269000777432,2.8429877849879177,2.4808315180881633,42.5251256281407,45.7566889632107,1.0,2.5,1.52587890625e-08
472,16.905062131812493,14.983651351503438,0.012491391803746879,0.01216648052858735,0.39829776077081475,0.39414595122321394,2.844021660598678,2.4948199972792744,1.1370823599651896,1.0516194748373469,2.844021660598678,2.4948199972792744,42.343662758235624,46.3628762541806,1.0,2.5,1.52587890625e-08
473,16.888644709925224,14.948848005654156,0.012479801839586744,0.012180084334592955,0.3981865316313249,0.3940330572351564,2.8407623497618437,2.4883554920039184,1.137083302790196,1.0504287140425232,2.8407623497618437,2.4883554920039184,42.4605667225014,45.85423634336678,1.0,2.5,1.52587890625e-08
474,16.880673192853305,14.934633228425332,0.01248867043810374,0.012167555265494082,0.3980695307088391,0.39391134604562483,2.8392297685113053,2.485440732643357,1.1369830689438225,1.0506753203196404,2.8392297685113053,2.485440732643357,42.02610273590173,46.167781493868446,1.0,2.5,1.52587890625e-08
475,16.881509470979573,14.935645236352348,0.012483059079711294,0.01215512208005158,0.3979473707896914,0.39380452671444405,2.839681336361892,2.485281858555848,1.1363361705154895,1.0516381481685235,2.839681336361892,2.485281858555848,42.43962869905081,45.84030100334448,1.0,2.5,1.52587890625e-08
476,16.873737428921817,14.91191721759911,0.012480107634232105,0.012185435821047861,0.3978337078937134,0.3936882643662435,2.8381078359070337,2.48072831261251,1.1364422176617741,1.0512009208550555,2.8381078359070337,2.48072831261251,42.39775265214964,46.12597547380156,1.0,2.5,1.52587890625e-08
477,16.902149186594936,14.91255364582823,0.01249434154986137,0.012185725245371445,0.39772621494375215,0.3935879079195169,2.843507750882309,2.481128151998871,1.137194957698543,1.0505695852680483,2.843507750882309,2.481128151998871,42.228503629257396,46.55797101449276,1.0,2.5,1.52587890625e-08
478,16.883113713054136,14.92153644774404,0.012477792367871617,0.012159649449854325,0.39762186038966685,0.393468464364442,2.839648387473366,2.4828781371929973,1.137386048791929,1.0507587920064512,2.839648387473366,2.4828781371929973,42.48848408710218,46.167781493868446,1.0,2.5,1.52587890625e-08
479,16.90265573302439,14.972309571843482,0.012502775456816674,0.012174541344544295,0.3975017224690689,0.39336199787681053,2.8438150661741135,2.4928647622615596,1.1367879398437535,1.051224642506943,2.8438150661741135,2.4928647622615596,42.41694584031268,45.87513935340022,1.0,2.5,1.52587890625e-08
480,16.905982913683406,14.925825295506778,0.012478347942607486,0.012148305237990957,0.39739918855233675,0.3932564217709379,2.844775629336444,2.48426065224336,1.13611362547531,1.0495586905591066,2.844775629336444,2.48426065224336,42.830471803461755,46.46739130434783,1.0,2.5,1.52587890625e-08
481,16.875843859597467,14.921423455943232,0.012480267527394126,0.012183902923271076,0.39729155101701574,0.39314338907084473,2.8382857818965603,2.4833891164498985,1.137321569944879,1.049575352084012,2.8382857818965603,2.4833891164498985,42.52163595756561,46.160813823857296,1.0,2.5,1.52587890625e-08
482,16.85642429226141,14.948425855392065,0.012487083066635495,0.01212807413846786,0.3971813460057971,0.39304193442348917,2.8345295670710082,2.488087027633735,1.1370540355451275,1.0514103831389012,2.8345295670710082,2.488087027633735,42.64202959240648,46.21655518394649,1.0,2.5,1.52587890625e-08
483,16.858782479112072,14.910166048285953,0.01247957617768291,0.012185772685718244,0.39706935847957064,0.39292618682153246,2.835189591566988,2.480735479522841,1.136642794779464,1.050688345163828,2.835189591566988,2.480735479522841,42.66471245114461,46.12597547380156,1.0,2.5,1.52587890625e-08
484,16.87574800654272,14.941217638311311,0.012495541179137714,0.012190574100043795,0.3969562791333659,0.39281396034569244,2.838479303102264,2.4868608205480585,1.1369498267911253,1.0509545571827967,2.838479303102264,2.4868608205480585,42.279103852596315,45.79849498327759,1.0,2.5,1.52587890625e-08
485,16.864743027721683,14.938618460094915,0.012482659375926325,0.01215965708316934,0.39684320081884406,0.3927012116481096,2.83595009544986,2.4858276719100765,1.1378333377545269,1.0523095748894988,2.83595009544986,2.4858276719100765,42.23024846454494,45.22017837235229,1.0,2.5,1.52587890625e-08
486,16.860543104605192,14.914049159191391,0.01248460865747506,0.012201148419617077,0.39672760072199076,0.39258436205793784,2.835328778097045,2.4816471403391995,1.1373434948694898,1.0505139429034995,2.835328778097045,2.4816471403391995,42.296552205471805,45.9726867335563,1.0,2.5,1.52587890625e-08
487,16.89308185566743,14.96084571336557,0.012477090378410985,0.01219939084779658,0.39661429185963154,0.3924761013176662,2.8419279623537474,2.4908603057680585,1.1371753378862246,1.050934323166791,2.8419279623537474,2.4908603057680585,42.347152428810716,46.23049052396879,1.0,2.5,1.52587890625e-08
488,16.873409482102897,14.939681171174831,0.01248294000614212,0.012179446649616179,0.3964973119036037,0.39235161665158397,2.8380479011237454,2.486242574194203,1.1370948539773291,1.0519686231645056,2.8380479011237454,2.486242574194203,42.319235064209934,45.032051282051285,1.0,2.5,1.52587890625e-08
489,16.865167239203526,14.947395454415243,0.012465279622680478,0.012180925111225085,0.3963792876016488,0.39224173359514747,2.83637043605764,2.488297417278141,1.1372352484416057,1.0507428149050029,2.83637043605764,2.488297417278141,42.40647682858738,46.174749163879596,1.0,2.5,1.52587890625e-08
490,16.871751443425214,14.911227750406084,0.01248035870028617,0.012146243463200803,0.3962597091693175,0.39211824157564934,2.8378730395331453,2.481505858725396,1.1368230774308103,1.049717014250548,2.8378730395331453,2.481505858725396,42.32621440536013,46.76003344481605,1.0,2.5,1.52587890625e-08
491,16.882117630848334,14.958631884427108,0.012488663830965474,0.012158254968208014,0.3961375571375516,0.39200227279859773,2.84001384388462,2.490627954370335,1.136711095379159,1.0506657769980372,2.84001384388462,2.490627954370335,42.69262981574539,46.04236343366778,1.0,2.5,1.52587890625e-08
492,16.87273664170973,14.899772714212986,0.012487827471573383,0.012180425493522166,0.3960275294759432,0.39189162823800394,2.8381711253235955,2.4787951780933732,1.1366828334591097,1.0508623699945219,2.8381711253235955,2.4787951780933732,42.26340033500838,46.28623188405797,1.0,2.5,1.52587890625e-08
493,16.88106077014235,14.93705090019881,0.012472268565761217,0.012155174768821584,0.39591125793659376,0.3917770426276004,2.8398266875630713,2.48628449466582,1.136771921802672,1.0508481200987945,2.8398266875630713,2.48628449466582,42.310510887772196,46.20261984392419,1.0,2.5,1.52587890625e-08
494,16.860054889382894,14.949803906273814,0.012488513838630824,0.012170010560930374,0.3957988539100159,0.3916539706979175,2.8353796063821983,2.4886837765790415,1.1374347667864486,1.051280538506864,2.8353796063821983,2.4886837765790415,42.3785594639866,45.631270903010034,1.0,2.5,1.52587890625e-08
495,16.886157468735075,14.958122537287581,0.012485773426895032,0.012180054060898829,0.39566361401614897,0.3915342434061278,2.840772437623331,2.490286473180671,1.1370729777082127,1.0514879293797939,2.840772437623331,2.490286473180671,42.690884980457845,45.93784838350056,1.0,2.5,1.52587890625e-08
496,16.89137506618106,14.91214162131217,0.012481526632354887,0.01217520361872122,0.3955554746669607,0.3914168358447161,2.8420673713279396,2.48141907688766,1.1365006155704134,1.050727153169936,2.8420673713279396,2.48141907688766,42.676926298157454,45.95178372352285,1.0,2.5,1.52587890625e-08
497,16.85933453673294,14.961133055330786,0.012488665249009394,0.01219615498152764,0.39543794968286616,0.3913002756726383,2.835479571391989,2.4914400625388358,1.1370049911394657,1.0502181966833712,2.835479571391989,2.4914400625388358,42.5390843104411,46.181716833890746,1.0,2.5,1.52587890625e-08
498,16.884799138318886,14.89866320823746,0.012472838158695841,0.0121640364277107,0.3953208521482733,0.3911769270165974,2.8409095047440096,2.4791162957581654,1.1362289350702401,1.0498703692270361,2.8409095047440096,2.4791162957581654,42.8252372975991,46.67642140468227,1.0,2.5,1.52587890625e-08
499,16.89067661236412,14.923993442369545,0.0124950867660015,0.012177643192767963,0.395199350376225,0.39106444258620776,2.8417162467886254,2.483466170171697,1.137200486054306,1.051710254173215,2.8417162467886254,2.483466170171697,42.371580122836406,45.44314381270903,1.0,2.5,1.52587890625e-08
500,16.88925132985757,14.96934786874182,0.012477916001853398,0.012225967558846293,0.39508528301064894,0.3909421671460172,2.8414869188663348,2.493099226467851,1.1371267741782116,1.0503417884094128,2.8414869188663348,2.493099226467851,42.319235064209934,46.27926421404682,1.0,2.5,1.52587890625e-08
